representation,split,loss,subset,allele,metric,value,n,n_total,constant_prediction
baseline_plus_conditional_all,leave_one_allele_out,ranking,all,HLA-A*01:01,spearman,0.5502846416293905,14,14,False
baseline_plus_conditional_all,leave_one_allele_out,ranking,all,HLA-A*01:01,pearson_log,0.4904676253127631,14,14,False
baseline_plus_conditional_all,leave_one_allele_out,ranking,all,HLA-A*01:01,auc_gt_2h,0.8250000000000001,14,14,False
baseline_plus_conditional_all,leave_one_allele_out,ranking,all,HLA-A*02:01,spearman,0.09680973954972272,14,14,False
baseline_plus_conditional_all,leave_one_allele_out,ranking,all,HLA-A*02:01,pearson_log,0.1514022459350998,14,14,False
baseline_plus_conditional_all,leave_one_allele_out,ranking,all,HLA-A*02:01,auc_gt_2h,0.7575757575757577,14,14,False
baseline_plus_conditional_all,leave_one_allele_out,ranking,all,HLA-A*02:03,spearman,0.4260527175201257,14,14,False
baseline_plus_conditional_all,leave_one_allele_out,ranking,all,HLA-A*02:03,pearson_log,0.4100236831360621,14,14,False
baseline_plus_conditional_all,leave_one_allele_out,ranking,all,HLA-A*02:03,auc_gt_2h,0.6875,14,14,False
baseline_plus_conditional_all,leave_one_allele_out,ranking,all,HLA-A*02:05,spearman,0.11208791208791209,14,14,False
baseline_plus_conditional_all,leave_one_allele_out,ranking,all,HLA-A*02:05,pearson_log,0.06168973958641066,14,14,False
baseline_plus_conditional_all,leave_one_allele_out,ranking,all,HLA-A*02:05,auc_gt_2h,0.525,14,14,False
baseline_plus_conditional_all,leave_one_allele_out,ranking,all,HLA-A*02:10,spearman,0.0945054945054945,14,14,False
baseline_plus_conditional_all,leave_one_allele_out,ranking,all,HLA-A*02:10,pearson_log,0.16623956968613657,14,14,False
baseline_plus_conditional_all,leave_one_allele_out,ranking,all,HLA-A*02:10,auc_gt_2h,0.42222222222222217,14,14,False
baseline_plus_conditional_all,leave_one_allele_out,ranking,all,HLA-A*02:11,spearman,0.0795592252958155,14,14,False
baseline_plus_conditional_all,leave_one_allele_out,ranking,all,HLA-A*02:11,pearson_log,0.23976062811191176,14,14,False
baseline_plus_conditional_all,leave_one_allele_out,ranking,all,HLA-A*02:11,auc_gt_2h,0.8333333333333334,14,14,False
baseline_plus_conditional_all,leave_one_allele_out,ranking,all,HLA-A*02:12,spearman,0.3406593406593406,14,14,False
baseline_plus_conditional_all,leave_one_allele_out,ranking,all,HLA-A*02:12,pearson_log,0.44679641961744243,14,14,False
baseline_plus_conditional_all,leave_one_allele_out,ranking,all,HLA-A*02:12,auc_gt_2h,0.875,14,14,False
baseline_plus_conditional_all,leave_one_allele_out,ranking,all,HLA-A*02:16,spearman,0.3256327603036127,14,14,False
baseline_plus_conditional_all,leave_one_allele_out,ranking,all,HLA-A*02:16,pearson_log,0.2894439201131372,14,14,False
baseline_plus_conditional_all,leave_one_allele_out,ranking,all,HLA-A*02:16,auc_gt_2h,0.6666666666666667,14,14,False
baseline_plus_conditional_all,leave_one_allele_out,ranking,all,HLA-A*02:19,spearman,0.3740376300784741,14,14,False
baseline_plus_conditional_all,leave_one_allele_out,ranking,all,HLA-A*02:19,pearson_log,0.5045423059453162,14,14,False
baseline_plus_conditional_all,leave_one_allele_out,ranking,all,HLA-A*02:19,auc_gt_2h,0.575,14,14,False
baseline_plus_conditional_all,leave_one_allele_out,ranking,all,HLA-A*02:50,spearman,0.4197802197802198,14,14,False
baseline_plus_conditional_all,leave_one_allele_out,ranking,all,HLA-A*02:50,pearson_log,0.5838866163573537,14,14,False
baseline_plus_conditional_all,leave_one_allele_out,ranking,all,HLA-A*02:50,auc_gt_2h,1.0,14,14,False
baseline_plus_conditional_all,leave_one_allele_out,ranking,all,HLA-A*03:01,spearman,-0.2951549010151056,14,14,False
baseline_plus_conditional_all,leave_one_allele_out,ranking,all,HLA-A*03:01,pearson_log,-0.2802983101104602,14,14,False
baseline_plus_conditional_all,leave_one_allele_out,ranking,all,HLA-A*03:01,auc_gt_2h,0.4666666666666667,14,14,False
baseline_plus_conditional_all,leave_one_allele_out,ranking,all,HLA-A*11:01,spearman,-0.3098901098901099,14,14,False
baseline_plus_conditional_all,leave_one_allele_out,ranking,all,HLA-A*11:01,pearson_log,-0.27847296244184994,14,14,False
baseline_plus_conditional_all,leave_one_allele_out,ranking,all,HLA-A*11:01,auc_gt_2h,0.33333333333333326,14,14,False
baseline_plus_conditional_all,leave_one_allele_out,ranking,all,HLA-A*23:01,spearman,0.26593406593406593,14,14,False
baseline_plus_conditional_all,leave_one_allele_out,ranking,all,HLA-A*23:01,pearson_log,0.25772115778499394,14,14,False
baseline_plus_conditional_all,leave_one_allele_out,ranking,all,HLA-A*23:01,auc_gt_2h,0.6458333333333334,14,14,False
baseline_plus_conditional_all,leave_one_allele_out,ranking,all,HLA-A*24:02,spearman,0.19005814931778148,14,14,False
baseline_plus_conditional_all,leave_one_allele_out,ranking,all,HLA-A*24:02,pearson_log,0.22544831276689503,14,14,False
baseline_plus_conditional_all,leave_one_allele_out,ranking,all,HLA-A*24:02,auc_gt_2h,0.7250000000000001,14,14,False
baseline_plus_conditional_all,leave_one_allele_out,ranking,all,HLA-A*24:03,spearman,0.28162833323555697,14,14,False
baseline_plus_conditional_all,leave_one_allele_out,ranking,all,HLA-A*24:03,pearson_log,0.302670076557507,14,14,False
baseline_plus_conditional_all,leave_one_allele_out,ranking,all,HLA-A*24:03,auc_gt_2h,0.5777777777777777,14,14,False
baseline_plus_conditional_all,leave_one_allele_out,ranking,all,HLA-A*24:07,spearman,-0.1252747252747253,14,14,False
baseline_plus_conditional_all,leave_one_allele_out,ranking,all,HLA-A*24:07,pearson_log,-0.11916909732763334,14,14,False
baseline_plus_conditional_all,leave_one_allele_out,ranking,all,HLA-A*24:07,auc_gt_2h,0.3125,14,14,False
baseline_plus_conditional_all,leave_one_allele_out,ranking,all,HLA-A*24:19,spearman,0.5284229075567874,14,14,False
baseline_plus_conditional_all,leave_one_allele_out,ranking,all,HLA-A*24:19,pearson_log,0.5508501087893544,14,14,False
baseline_plus_conditional_all,leave_one_allele_out,ranking,all,HLA-A*24:19,auc_gt_2h,0.6923076923076923,14,14,False
baseline_plus_conditional_all,leave_one_allele_out,ranking,all,HLA-A*25:01,spearman,0.14160879350477495,14,14,False
baseline_plus_conditional_all,leave_one_allele_out,ranking,all,HLA-A*25:01,pearson_log,0.2283381946771901,14,14,False
baseline_plus_conditional_all,leave_one_allele_out,ranking,all,HLA-A*25:01,auc_gt_2h,0.39393939393939387,14,14,False
baseline_plus_conditional_all,leave_one_allele_out,ranking,all,HLA-A*26:01,spearman,0.24115575423313115,14,14,False
baseline_plus_conditional_all,leave_one_allele_out,ranking,all,HLA-A*26:01,pearson_log,0.17569458724476303,14,14,False
baseline_plus_conditional_all,leave_one_allele_out,ranking,all,HLA-A*26:01,auc_gt_2h,0.5757575757575757,14,14,False
baseline_plus_conditional_all,leave_one_allele_out,ranking,all,HLA-A*26:02,spearman,0.3568290594361724,14,14,False
baseline_plus_conditional_all,leave_one_allele_out,ranking,all,HLA-A*26:02,pearson_log,0.3762089717922452,14,14,False
baseline_plus_conditional_all,leave_one_allele_out,ranking,all,HLA-A*26:02,auc_gt_2h,0.6875,14,14,False
baseline_plus_conditional_all,leave_one_allele_out,ranking,all,HLA-A*26:03,spearman,-0.22471508972363904,14,14,False
baseline_plus_conditional_all,leave_one_allele_out,ranking,all,HLA-A*26:03,pearson_log,-0.07102015709104631,14,14,False
baseline_plus_conditional_all,leave_one_allele_out,ranking,all,HLA-A*26:03,auc_gt_2h,0.48484848484848486,14,14,False
baseline_plus_conditional_all,leave_one_allele_out,ranking,all,HLA-A*29:02,spearman,0.1956043956043956,14,14,False
baseline_plus_conditional_all,leave_one_allele_out,ranking,all,HLA-A*29:02,pearson_log,0.2566581915943897,14,14,False
baseline_plus_conditional_all,leave_one_allele_out,ranking,all,HLA-A*29:02,auc_gt_2h,0.5208333333333333,14,14,False
baseline_plus_conditional_all,leave_one_allele_out,ranking,all,HLA-A*30:01,spearman,0.181419925202906,14,14,False
baseline_plus_conditional_all,leave_one_allele_out,ranking,all,HLA-A*30:01,pearson_log,0.07675780956757192,14,14,False
baseline_plus_conditional_all,leave_one_allele_out,ranking,all,HLA-A*30:01,auc_gt_2h,0.45833333333333337,14,14,False
baseline_plus_conditional_all,leave_one_allele_out,ranking,all,HLA-A*30:02,spearman,-0.44942185302897986,14,14,False
baseline_plus_conditional_all,leave_one_allele_out,ranking,all,HLA-A*30:02,pearson_log,-0.3829315613088531,14,14,False
baseline_plus_conditional_all,leave_one_allele_out,ranking,all,HLA-A*30:02,auc_gt_2h,0.24999999999999997,14,14,False
baseline_plus_conditional_all,leave_one_allele_out,ranking,all,HLA-A*31:01,spearman,-0.2831920783655118,14,14,False
baseline_plus_conditional_all,leave_one_allele_out,ranking,all,HLA-A*31:01,pearson_log,-0.17959970350488869,14,14,False
baseline_plus_conditional_all,leave_one_allele_out,ranking,all,HLA-A*31:01,auc_gt_2h,0.3939393939393939,14,14,False
baseline_plus_conditional_all,leave_one_allele_out,ranking,all,HLA-A*32:01,spearman,0.26519741765271837,14,14,False
baseline_plus_conditional_all,leave_one_allele_out,ranking,all,HLA-A*32:01,pearson_log,0.35551420649631,14,14,False
baseline_plus_conditional_all,leave_one_allele_out,ranking,all,HLA-A*32:01,auc_gt_2h,0.6888888888888889,14,14,False
baseline_plus_conditional_all,leave_one_allele_out,ranking,all,HLA-A*32:07,spearman,0.2276277834852499,14,14,False
baseline_plus_conditional_all,leave_one_allele_out,ranking,all,HLA-A*32:07,pearson_log,0.1661143696927154,14,14,False
baseline_plus_conditional_all,leave_one_allele_out,ranking,all,HLA-A*32:07,auc_gt_2h,0.6326530612244897,14,14,False
baseline_plus_conditional_all,leave_one_allele_out,ranking,all,HLA-A*33:03,spearman,0.037598692998151585,14,14,False
baseline_plus_conditional_all,leave_one_allele_out,ranking,all,HLA-A*33:03,pearson_log,-0.046721159121581146,14,14,False
baseline_plus_conditional_all,leave_one_allele_out,ranking,all,HLA-A*33:03,auc_gt_2h,0.48484848484848486,14,14,False
baseline_plus_conditional_all,leave_one_allele_out,ranking,all,HLA-A*43:01,spearman,0.6548405789321426,14,14,False
baseline_plus_conditional_all,leave_one_allele_out,ranking,all,HLA-A*43:01,pearson_log,0.46054373295131995,14,14,False
baseline_plus_conditional_all,leave_one_allele_out,ranking,all,HLA-A*43:01,auc_gt_2h,0.6153846153846154,14,14,False
baseline_plus_conditional_all,leave_one_allele_out,ranking,all,HLA-A*66:01,spearman,0.5448502022650396,14,14,False
baseline_plus_conditional_all,leave_one_allele_out,ranking,all,HLA-A*66:01,pearson_log,0.5278200621008595,14,14,False
baseline_plus_conditional_all,leave_one_allele_out,ranking,all,HLA-A*66:01,auc_gt_2h,0.8461538461538461,14,14,False
baseline_plus_conditional_all,leave_one_allele_out,ranking,all,HLA-A*68:01,spearman,0.17353913136762586,14,14,False
baseline_plus_conditional_all,leave_one_allele_out,ranking,all,HLA-A*68:01,pearson_log,0.15066088793593518,14,14,False
baseline_plus_conditional_all,leave_one_allele_out,ranking,all,HLA-A*68:01,auc_gt_2h,0.4897959183673469,14,14,False
baseline_plus_conditional_all,leave_one_allele_out,ranking,all,HLA-A*68:02,spearman,-0.2617089820423566,13,13,False
baseline_plus_conditional_all,leave_one_allele_out,ranking,all,HLA-A*68:02,pearson_log,-0.30398987450857146,13,13,False
baseline_plus_conditional_all,leave_one_allele_out,ranking,all,HLA-A*68:02,auc_gt_2h,0.16666666666666663,13,13,False
baseline_plus_conditional_all,leave_one_allele_out,ranking,all,HLA-A*68:23,spearman,-0.00561134008097259,13,13,False
baseline_plus_conditional_all,leave_one_allele_out,ranking,all,HLA-A*68:23,pearson_log,-0.09283939243167172,13,13,False
baseline_plus_conditional_all,leave_one_allele_out,ranking,all,HLA-A*68:23,auc_gt_2h,0.6666666666666667,13,13,False
baseline_plus_conditional_all,leave_one_allele_out,ranking,all,HLA-A*69:01,spearman,0.09219171973020782,13,13,False
baseline_plus_conditional_all,leave_one_allele_out,ranking,all,HLA-A*69:01,pearson_log,0.10908724254207297,13,13,False
baseline_plus_conditional_all,leave_one_allele_out,ranking,all,HLA-A*69:01,auc_gt_2h,0.6666666666666667,13,13,False
baseline_plus_conditional_all,leave_one_allele_out,ranking,all,HLA-A*74:01,spearman,-0.002754831389919543,13,13,False
baseline_plus_conditional_all,leave_one_allele_out,ranking,all,HLA-A*74:01,pearson_log,0.03505886633520303,13,13,False
baseline_plus_conditional_all,leave_one_allele_out,ranking,all,HLA-A*74:01,auc_gt_2h,0.375,13,13,False
baseline_plus_conditional_all,leave_one_allele_out,ranking,all,HLA-A*80:01,spearman,0.5353927786230683,13,13,False
baseline_plus_conditional_all,leave_one_allele_out,ranking,all,HLA-A*80:01,pearson_log,0.5765925749662907,13,13,False
baseline_plus_conditional_all,leave_one_allele_out,ranking,all,HLA-A*80:01,auc_gt_2h,0.7727272727272727,13,13,False
baseline_plus_conditional_all,leave_one_allele_out,ranking,all,HLA-B*07:02,spearman,0.080223218536224,13,13,False
baseline_plus_conditional_all,leave_one_allele_out,ranking,all,HLA-B*07:02,pearson_log,0.05813593788484403,13,13,False
baseline_plus_conditional_all,leave_one_allele_out,ranking,all,HLA-B*07:02,auc_gt_2h,0.6428571428571428,13,13,False
baseline_plus_conditional_all,leave_one_allele_out,ranking,all,HLA-B*08:01,spearman,0.29446262171053234,13,13,False
baseline_plus_conditional_all,leave_one_allele_out,ranking,all,HLA-B*08:01,pearson_log,0.18406554376477535,13,13,False
baseline_plus_conditional_all,leave_one_allele_out,ranking,all,HLA-B*08:01,auc_gt_2h,,13,13,False
baseline_plus_conditional_all,leave_one_allele_out,ranking,all,HLA-B*08:03,spearman,0.15128958996374198,13,13,False
baseline_plus_conditional_all,leave_one_allele_out,ranking,all,HLA-B*08:03,pearson_log,0.06537208532902108,13,13,False
baseline_plus_conditional_all,leave_one_allele_out,ranking,all,HLA-B*08:03,auc_gt_2h,0.7333333333333334,13,13,False
baseline_plus_conditional_all,leave_one_allele_out,ranking,all,HLA-B*13:02,spearman,-0.5929994533288809,7,7,False
baseline_plus_conditional_all,leave_one_allele_out,ranking,all,HLA-B*13:02,pearson_log,-0.6725192497134483,7,7,False
baseline_plus_conditional_all,leave_one_allele_out,ranking,all,HLA-B*13:02,auc_gt_2h,0.25,7,7,False
baseline_plus_conditional_all,leave_one_allele_out,ranking,all,HLA-B*14:01(C67S),spearman,-0.3857583749052298,13,13,False
baseline_plus_conditional_all,leave_one_allele_out,ranking,all,HLA-B*14:01(C67S),pearson_log,-0.32875250295794634,13,13,False
baseline_plus_conditional_all,leave_one_allele_out,ranking,all,HLA-B*14:01(C67S),auc_gt_2h,,13,13,False
baseline_plus_conditional_all,leave_one_allele_out,ranking,all,HLA-B*14:02(C67S),spearman,0.5293671616531712,13,13,False
baseline_plus_conditional_all,leave_one_allele_out,ranking,all,HLA-B*14:02(C67S),pearson_log,0.4649888718446854,13,13,False
baseline_plus_conditional_all,leave_one_allele_out,ranking,all,HLA-B*14:02(C67S),auc_gt_2h,0.7777777777777778,13,13,False
baseline_plus_conditional_all,leave_one_allele_out,ranking,all,HLA-B*15:01,spearman,0.13480067773077872,13,13,False
baseline_plus_conditional_all,leave_one_allele_out,ranking,all,HLA-B*15:01,pearson_log,0.011395164103425559,13,13,False
baseline_plus_conditional_all,leave_one_allele_out,ranking,all,HLA-B*15:01,auc_gt_2h,0.49999999999999994,13,13,False
baseline_plus_conditional_all,leave_one_allele_out,ranking,all,HLA-B*15:02,spearman,-0.11303946105083808,13,13,False
baseline_plus_conditional_all,leave_one_allele_out,ranking,all,HLA-B*15:02,pearson_log,-0.3352527206097532,13,13,False
baseline_plus_conditional_all,leave_one_allele_out,ranking,all,HLA-B*15:02,auc_gt_2h,0.42500000000000004,13,13,False
baseline_plus_conditional_all,leave_one_allele_out,ranking,all,HLA-B*15:10,spearman,0.3933978962347216,13,13,False
baseline_plus_conditional_all,leave_one_allele_out,ranking,all,HLA-B*15:10,pearson_log,0.521020586379029,13,13,False
baseline_plus_conditional_all,leave_one_allele_out,ranking,all,HLA-B*15:10,auc_gt_2h,0.6363636363636364,13,13,False
baseline_plus_conditional_all,leave_one_allele_out,ranking,all,HLA-B*15:17,spearman,-0.4570794951944919,13,13,False
baseline_plus_conditional_all,leave_one_allele_out,ranking,all,HLA-B*15:17,pearson_log,-0.558331634270075,13,13,False
baseline_plus_conditional_all,leave_one_allele_out,ranking,all,HLA-B*15:17,auc_gt_2h,0.3333333333333333,13,13,False
baseline_plus_conditional_all,leave_one_allele_out,ranking,all,HLA-B*18:01,spearman,0.4731778891774273,13,13,False
baseline_plus_conditional_all,leave_one_allele_out,ranking,all,HLA-B*18:01,pearson_log,0.4586375151110007,13,13,False
baseline_plus_conditional_all,leave_one_allele_out,ranking,all,HLA-B*18:01,auc_gt_2h,0.6190476190476191,13,13,False
baseline_plus_conditional_all,leave_one_allele_out,ranking,all,HLA-B*27:02,spearman,0.40388241056167945,13,13,False
baseline_plus_conditional_all,leave_one_allele_out,ranking,all,HLA-B*27:02,pearson_log,0.4244705475164643,13,13,False
baseline_plus_conditional_all,leave_one_allele_out,ranking,all,HLA-B*27:02,auc_gt_2h,0.8888888888888888,13,13,False
baseline_plus_conditional_all,leave_one_allele_out,ranking,all,HLA-B*27:03,spearman,0.3263982467160757,13,13,False
baseline_plus_conditional_all,leave_one_allele_out,ranking,all,HLA-B*27:03,pearson_log,0.4899969625792492,13,13,False
baseline_plus_conditional_all,leave_one_allele_out,ranking,all,HLA-B*27:03,auc_gt_2h,0.7,13,13,False
baseline_plus_conditional_all,leave_one_allele_out,ranking,all,HLA-B*27:05,spearman,0.4800041094463521,13,13,False
baseline_plus_conditional_all,leave_one_allele_out,ranking,all,HLA-B*27:05,pearson_log,0.5086274253648153,13,13,False
baseline_plus_conditional_all,leave_one_allele_out,ranking,all,HLA-B*27:05,auc_gt_2h,0.675,13,13,False
baseline_plus_conditional_all,leave_one_allele_out,ranking,all,HLA-B*27:20,spearman,0.44628268516696606,13,13,False
baseline_plus_conditional_all,leave_one_allele_out,ranking,all,HLA-B*27:20,pearson_log,0.5880254005383473,13,13,False
baseline_plus_conditional_all,leave_one_allele_out,ranking,all,HLA-B*27:20,auc_gt_2h,0.6944444444444444,13,13,False
baseline_plus_conditional_all,leave_one_allele_out,ranking,all,HLA-B*35:01,spearman,0.4937819629807299,13,13,False
baseline_plus_conditional_all,leave_one_allele_out,ranking,all,HLA-B*35:01,pearson_log,0.4102281702338686,13,13,False
baseline_plus_conditional_all,leave_one_allele_out,ranking,all,HLA-B*35:01,auc_gt_2h,0.7,13,13,False
baseline_plus_conditional_all,leave_one_allele_out,ranking,all,HLA-B*35:03,spearman,-0.06060629057822995,13,13,False
baseline_plus_conditional_all,leave_one_allele_out,ranking,all,HLA-B*35:03,pearson_log,0.01003174244757736,13,13,False
baseline_plus_conditional_all,leave_one_allele_out,ranking,all,HLA-B*35:03,auc_gt_2h,0.375,13,13,False
baseline_plus_conditional_all,leave_one_allele_out,ranking,all,HLA-B*35:08,spearman,0.05263339641633543,13,13,False
baseline_plus_conditional_all,leave_one_allele_out,ranking,all,HLA-B*35:08,pearson_log,0.14966993024953779,13,13,False
baseline_plus_conditional_all,leave_one_allele_out,ranking,all,HLA-B*35:08,auc_gt_2h,0.5454545454545454,13,13,False
baseline_plus_conditional_all,leave_one_allele_out,ranking,all,HLA-B*39:01,spearman,0.2289826215352402,13,13,False
baseline_plus_conditional_all,leave_one_allele_out,ranking,all,HLA-B*39:01,pearson_log,0.5081005267992992,13,13,False
baseline_plus_conditional_all,leave_one_allele_out,ranking,all,HLA-B*39:01,auc_gt_2h,0.9090909090909091,13,13,False
baseline_plus_conditional_all,leave_one_allele_out,ranking,all,HLA-B*39:02,spearman,0.0196116135138184,13,13,False
baseline_plus_conditional_all,leave_one_allele_out,ranking,all,HLA-B*39:02,pearson_log,0.07334625521601171,13,13,False
baseline_plus_conditional_all,leave_one_allele_out,ranking,all,HLA-B*39:02,auc_gt_2h,0.8636363636363635,13,13,False
baseline_plus_conditional_all,leave_one_allele_out,ranking,all,HLA-B*39:06(C67S),spearman,0.23145502494313785,13,13,False
baseline_plus_conditional_all,leave_one_allele_out,ranking,all,HLA-B*39:06(C67S),pearson_log,0.29328558036907826,13,13,False
baseline_plus_conditional_all,leave_one_allele_out,ranking,all,HLA-B*39:06(C67S),auc_gt_2h,0.75,13,13,False
baseline_plus_conditional_all,leave_one_allele_out,ranking,all,HLA-B*39:10,spearman,0.21733170491288814,13,13,False
baseline_plus_conditional_all,leave_one_allele_out,ranking,all,HLA-B*39:10,pearson_log,0.17666270162230235,13,13,False
baseline_plus_conditional_all,leave_one_allele_out,ranking,all,HLA-B*39:10,auc_gt_2h,0.5238095238095238,13,13,False
baseline_plus_conditional_all,leave_one_allele_out,ranking,all,HLA-B*40:01,spearman,0.30303145289114974,13,13,False
baseline_plus_conditional_all,leave_one_allele_out,ranking,all,HLA-B*40:01,pearson_log,0.24941011842421515,13,13,False
baseline_plus_conditional_all,leave_one_allele_out,ranking,all,HLA-B*40:01,auc_gt_2h,0.9166666666666666,13,13,False
baseline_plus_conditional_all,leave_one_allele_out,ranking,all,HLA-B*40:02,spearman,0.049450549450549455,13,13,False
baseline_plus_conditional_all,leave_one_allele_out,ranking,all,HLA-B*40:02,pearson_log,-0.11228860166680842,13,13,False
baseline_plus_conditional_all,leave_one_allele_out,ranking,all,HLA-B*40:02,auc_gt_2h,0.4666666666666667,13,13,False
baseline_plus_conditional_all,leave_one_allele_out,ranking,all,HLA-B*41:01,spearman,-0.17435745046340714,13,13,False
baseline_plus_conditional_all,leave_one_allele_out,ranking,all,HLA-B*41:01,pearson_log,-0.31462697788965494,13,13,False
baseline_plus_conditional_all,leave_one_allele_out,ranking,all,HLA-B*41:01,auc_gt_2h,,13,13,False
baseline_plus_conditional_all,leave_one_allele_out,ranking,all,HLA-B*42:01,spearman,-0.005494505494505494,13,13,False
baseline_plus_conditional_all,leave_one_allele_out,ranking,all,HLA-B*42:01,pearson_log,-0.044066632810666785,13,13,False
baseline_plus_conditional_all,leave_one_allele_out,ranking,all,HLA-B*42:01,auc_gt_2h,0.4545454545454546,13,13,False
baseline_plus_conditional_all,leave_one_allele_out,ranking,all,HLA-B*42:02,spearman,0.07989011030766675,13,13,False
baseline_plus_conditional_all,leave_one_allele_out,ranking,all,HLA-B*42:02,pearson_log,0.06067692526966545,13,13,False
baseline_plus_conditional_all,leave_one_allele_out,ranking,all,HLA-B*42:02,auc_gt_2h,0.47619047619047616,13,13,False
baseline_plus_conditional_all,leave_one_allele_out,ranking,all,HLA-B*44:05,spearman,-0.11570291837662082,13,13,False
baseline_plus_conditional_all,leave_one_allele_out,ranking,all,HLA-B*44:05,pearson_log,-0.22944377253235154,13,13,False
baseline_plus_conditional_all,leave_one_allele_out,ranking,all,HLA-B*44:05,auc_gt_2h,0.33333333333333337,13,13,False
baseline_plus_conditional_all,leave_one_allele_out,ranking,all,HLA-B*45:01,spearman,0.2570193398539127,13,13,False
baseline_plus_conditional_all,leave_one_allele_out,ranking,all,HLA-B*45:01,pearson_log,0.306593815892767,13,13,False
baseline_plus_conditional_all,leave_one_allele_out,ranking,all,HLA-B*45:01,auc_gt_2h,0.75,13,13,False
baseline_plus_conditional_all,leave_one_allele_out,ranking,all,HLA-B*46:01,spearman,-0.017338144158487175,13,13,False
baseline_plus_conditional_all,leave_one_allele_out,ranking,all,HLA-B*46:01,pearson_log,0.1203405461527774,13,13,False
baseline_plus_conditional_all,leave_one_allele_out,ranking,all,HLA-B*46:01,auc_gt_2h,0.6818181818181819,13,13,False
baseline_plus_conditional_all,leave_one_allele_out,ranking,all,HLA-B*51:01,spearman,-0.08053147186490382,13,13,False
baseline_plus_conditional_all,leave_one_allele_out,ranking,all,HLA-B*51:01,pearson_log,-0.0746231303564662,13,13,False
baseline_plus_conditional_all,leave_one_allele_out,ranking,all,HLA-B*51:01,auc_gt_2h,0.41666666666666663,13,13,False
baseline_plus_conditional_all,leave_one_allele_out,ranking,all,HLA-B*54:01,spearman,0.3730302214677657,13,13,False
baseline_plus_conditional_all,leave_one_allele_out,ranking,all,HLA-B*54:01,pearson_log,0.39993917655389777,13,13,False
baseline_plus_conditional_all,leave_one_allele_out,ranking,all,HLA-B*54:01,auc_gt_2h,0.8636363636363636,13,13,False
baseline_plus_conditional_all,leave_one_allele_out,ranking,all,HLA-B*55:01,spearman,0.48673666895204704,13,13,False
baseline_plus_conditional_all,leave_one_allele_out,ranking,all,HLA-B*55:01,pearson_log,0.3766689007115037,13,13,False
baseline_plus_conditional_all,leave_one_allele_out,ranking,all,HLA-B*55:01,auc_gt_2h,0.5,13,13,False
baseline_plus_conditional_all,leave_one_allele_out,ranking,all,HLA-B*56:01,spearman,-0.05101627678885769,13,13,False
baseline_plus_conditional_all,leave_one_allele_out,ranking,all,HLA-B*56:01,pearson_log,-0.06593519097577002,13,13,False
baseline_plus_conditional_all,leave_one_allele_out,ranking,all,HLA-B*56:01,auc_gt_2h,,13,13,False
baseline_plus_conditional_all,leave_one_allele_out,ranking,all,HLA-B*57:01,spearman,0.2558461842645392,13,13,False
baseline_plus_conditional_all,leave_one_allele_out,ranking,all,HLA-B*57:01,pearson_log,0.44460367242577536,13,13,False
baseline_plus_conditional_all,leave_one_allele_out,ranking,all,HLA-B*57:01,auc_gt_2h,1.0,13,13,False
baseline_plus_conditional_all,leave_one_allele_out,ranking,all,HLA-B*57:02,spearman,-0.25379527625899073,13,13,False
baseline_plus_conditional_all,leave_one_allele_out,ranking,all,HLA-B*57:02,pearson_log,-0.37548748749085886,13,13,False
baseline_plus_conditional_all,leave_one_allele_out,ranking,all,HLA-B*57:02,auc_gt_2h,0.09090909090909088,13,13,False
baseline_plus_conditional_all,leave_one_allele_out,ranking,all,HLA-B*57:03,spearman,0.4945054945054945,13,13,False
baseline_plus_conditional_all,leave_one_allele_out,ranking,all,HLA-B*57:03,pearson_log,0.42049884554163575,13,13,False
baseline_plus_conditional_all,leave_one_allele_out,ranking,all,HLA-B*57:03,auc_gt_2h,0.6333333333333333,13,13,False
baseline_plus_conditional_all,leave_one_allele_out,ranking,all,HLA-B*58:01,spearman,-0.07427792446389848,13,13,False
baseline_plus_conditional_all,leave_one_allele_out,ranking,all,HLA-B*58:01,pearson_log,-0.16829198599028172,13,13,False
baseline_plus_conditional_all,leave_one_allele_out,ranking,all,HLA-B*58:01,auc_gt_2h,0.5476190476190477,13,13,False
baseline_plus_conditional_all,leave_one_allele_out,ranking,all,HLA-B*81:01,spearman,0.3634013160602174,13,13,False
baseline_plus_conditional_all,leave_one_allele_out,ranking,all,HLA-B*81:01,pearson_log,0.4090813502646031,13,13,False
baseline_plus_conditional_all,leave_one_allele_out,ranking,all,HLA-B*81:01,auc_gt_2h,0.5,13,13,False
baseline_plus_conditional_all,leave_one_allele_out,ranking,nonzero,HLA-A*01:01,spearman,0.5090024900229384,13,13,False
baseline_plus_conditional_all,leave_one_allele_out,ranking,nonzero,HLA-A*01:01,pearson_log,0.4261379476158097,13,13,False
baseline_plus_conditional_all,leave_one_allele_out,ranking,nonzero,HLA-A*01:01,auc_gt_2h,0.8055555555555556,13,13,False
baseline_plus_conditional_all,leave_one_allele_out,ranking,nonzero,HLA-A*02:01,spearman,0.09680973954972272,14,14,False
baseline_plus_conditional_all,leave_one_allele_out,ranking,nonzero,HLA-A*02:01,pearson_log,0.1514022459350998,14,14,False
baseline_plus_conditional_all,leave_one_allele_out,ranking,nonzero,HLA-A*02:01,auc_gt_2h,0.7575757575757577,14,14,False
baseline_plus_conditional_all,leave_one_allele_out,ranking,nonzero,HLA-A*02:03,spearman,0.3181818181818182,11,11,False
baseline_plus_conditional_all,leave_one_allele_out,ranking,nonzero,HLA-A*02:03,pearson_log,0.2971329692641391,11,11,False
baseline_plus_conditional_all,leave_one_allele_out,ranking,nonzero,HLA-A*02:03,auc_gt_2h,0.625,11,11,False
baseline_plus_conditional_all,leave_one_allele_out,ranking,nonzero,HLA-A*02:05,spearman,0.11208791208791209,14,14,False
baseline_plus_conditional_all,leave_one_allele_out,ranking,nonzero,HLA-A*02:05,pearson_log,0.06168973958641066,14,14,False
baseline_plus_conditional_all,leave_one_allele_out,ranking,nonzero,HLA-A*02:05,auc_gt_2h,0.525,14,14,False
baseline_plus_conditional_all,leave_one_allele_out,ranking,nonzero,HLA-A*02:10,spearman,0.0945054945054945,14,14,False
baseline_plus_conditional_all,leave_one_allele_out,ranking,nonzero,HLA-A*02:10,pearson_log,0.16623956968613657,14,14,False
baseline_plus_conditional_all,leave_one_allele_out,ranking,nonzero,HLA-A*02:10,auc_gt_2h,0.42222222222222217,14,14,False
baseline_plus_conditional_all,leave_one_allele_out,ranking,nonzero,HLA-A*02:11,spearman,0.0795592252958155,14,14,False
baseline_plus_conditional_all,leave_one_allele_out,ranking,nonzero,HLA-A*02:11,pearson_log,0.23976062811191176,14,14,False
baseline_plus_conditional_all,leave_one_allele_out,ranking,nonzero,HLA-A*02:11,auc_gt_2h,0.8333333333333334,14,14,False
baseline_plus_conditional_all,leave_one_allele_out,ranking,nonzero,HLA-A*02:12,spearman,0.3406593406593406,14,14,False
baseline_plus_conditional_all,leave_one_allele_out,ranking,nonzero,HLA-A*02:12,pearson_log,0.44679641961744243,14,14,False
baseline_plus_conditional_all,leave_one_allele_out,ranking,nonzero,HLA-A*02:12,auc_gt_2h,0.875,14,14,False
baseline_plus_conditional_all,leave_one_allele_out,ranking,nonzero,HLA-A*02:16,spearman,0.3256327603036127,14,14,False
baseline_plus_conditional_all,leave_one_allele_out,ranking,nonzero,HLA-A*02:16,pearson_log,0.2894439201131372,14,14,False
baseline_plus_conditional_all,leave_one_allele_out,ranking,nonzero,HLA-A*02:16,auc_gt_2h,0.6666666666666667,14,14,False
baseline_plus_conditional_all,leave_one_allele_out,ranking,nonzero,HLA-A*02:19,spearman,0.43356643356643365,12,12,False
baseline_plus_conditional_all,leave_one_allele_out,ranking,nonzero,HLA-A*02:19,pearson_log,0.48674346702249494,12,12,False
baseline_plus_conditional_all,leave_one_allele_out,ranking,nonzero,HLA-A*02:19,auc_gt_2h,0.55,12,12,False
baseline_plus_conditional_all,leave_one_allele_out,ranking,nonzero,HLA-A*02:50,spearman,0.4197802197802198,14,14,False
baseline_plus_conditional_all,leave_one_allele_out,ranking,nonzero,HLA-A*02:50,pearson_log,0.5838866163573537,14,14,False
baseline_plus_conditional_all,leave_one_allele_out,ranking,nonzero,HLA-A*02:50,auc_gt_2h,1.0,14,14,False
baseline_plus_conditional_all,leave_one_allele_out,ranking,nonzero,HLA-A*03:01,spearman,-0.09106844088398502,12,12,False
baseline_plus_conditional_all,leave_one_allele_out,ranking,nonzero,HLA-A*03:01,pearson_log,-0.08568591709049295,12,12,False
baseline_plus_conditional_all,leave_one_allele_out,ranking,nonzero,HLA-A*03:01,auc_gt_2h,0.5428571428571429,12,12,False
baseline_plus_conditional_all,leave_one_allele_out,ranking,nonzero,HLA-A*11:01,spearman,-0.3098901098901099,14,14,False
baseline_plus_conditional_all,leave_one_allele_out,ranking,nonzero,HLA-A*11:01,pearson_log,-0.27847296244184994,14,14,False
baseline_plus_conditional_all,leave_one_allele_out,ranking,nonzero,HLA-A*11:01,auc_gt_2h,0.33333333333333326,14,14,False
baseline_plus_conditional_all,leave_one_allele_out,ranking,nonzero,HLA-A*23:01,spearman,0.26593406593406593,14,14,False
baseline_plus_conditional_all,leave_one_allele_out,ranking,nonzero,HLA-A*23:01,pearson_log,0.25772115778499394,14,14,False
baseline_plus_conditional_all,leave_one_allele_out,ranking,nonzero,HLA-A*23:01,auc_gt_2h,0.6458333333333334,14,14,False
baseline_plus_conditional_all,leave_one_allele_out,ranking,nonzero,HLA-A*24:02,spearman,0.22683806620587474,13,13,False
baseline_plus_conditional_all,leave_one_allele_out,ranking,nonzero,HLA-A*24:02,pearson_log,0.26345927615689757,13,13,False
baseline_plus_conditional_all,leave_one_allele_out,ranking,nonzero,HLA-A*24:02,auc_gt_2h,0.7222222222222223,13,13,False
baseline_plus_conditional_all,leave_one_allele_out,ranking,nonzero,HLA-A*24:03,spearman,0.28162833323555697,14,14,False
baseline_plus_conditional_all,leave_one_allele_out,ranking,nonzero,HLA-A*24:03,pearson_log,0.302670076557507,14,14,False
baseline_plus_conditional_all,leave_one_allele_out,ranking,nonzero,HLA-A*24:03,auc_gt_2h,0.5777777777777777,14,14,False
baseline_plus_conditional_all,leave_one_allele_out,ranking,nonzero,HLA-A*24:07,spearman,-0.1252747252747253,14,14,False
baseline_plus_conditional_all,leave_one_allele_out,ranking,nonzero,HLA-A*24:07,pearson_log,-0.11916909732763334,14,14,False
baseline_plus_conditional_all,leave_one_allele_out,ranking,nonzero,HLA-A*24:07,auc_gt_2h,0.3125,14,14,False
baseline_plus_conditional_all,leave_one_allele_out,ranking,nonzero,HLA-A*24:19,spearman,-0.3571428571428572,8,8,False
baseline_plus_conditional_all,leave_one_allele_out,ranking,nonzero,HLA-A*24:19,pearson_log,-0.16911037453299238,8,8,False
baseline_plus_conditional_all,leave_one_allele_out,ranking,nonzero,HLA-A*24:19,auc_gt_2h,0.5714285714285714,8,8,False
baseline_plus_conditional_all,leave_one_allele_out,ranking,nonzero,HLA-A*25:01,spearman,0.11666666666666665,9,9,False
baseline_plus_conditional_all,leave_one_allele_out,ranking,nonzero,HLA-A*25:01,pearson_log,0.05104984877507686,9,9,False
baseline_plus_conditional_all,leave_one_allele_out,ranking,nonzero,HLA-A*25:01,auc_gt_2h,0.33333333333333337,9,9,False
baseline_plus_conditional_all,leave_one_allele_out,ranking,nonzero,HLA-A*26:01,spearman,0.31580037849801257,13,13,False
baseline_plus_conditional_all,leave_one_allele_out,ranking,nonzero,HLA-A*26:01,pearson_log,0.2471189862819727,13,13,False
baseline_plus_conditional_all,leave_one_allele_out,ranking,nonzero,HLA-A*26:01,auc_gt_2h,0.6,13,13,False
baseline_plus_conditional_all,leave_one_allele_out,ranking,nonzero,HLA-A*26:02,spearman,0.5096438071351155,13,13,False
baseline_plus_conditional_all,leave_one_allele_out,ranking,nonzero,HLA-A*26:02,pearson_log,0.5144016348476725,13,13,False
baseline_plus_conditional_all,leave_one_allele_out,ranking,nonzero,HLA-A*26:02,auc_gt_2h,0.7142857142857143,13,13,False
baseline_plus_conditional_all,leave_one_allele_out,ranking,nonzero,HLA-A*26:03,spearman,0.13253974049576697,8,8,False
baseline_plus_conditional_all,leave_one_allele_out,ranking,nonzero,HLA-A*26:03,pearson_log,0.31565754240161226,8,8,False
baseline_plus_conditional_all,leave_one_allele_out,ranking,nonzero,HLA-A*26:03,auc_gt_2h,0.6,8,8,False
baseline_plus_conditional_all,leave_one_allele_out,ranking,nonzero,HLA-A*29:02,spearman,0.1956043956043956,14,14,False
baseline_plus_conditional_all,leave_one_allele_out,ranking,nonzero,HLA-A*29:02,pearson_log,0.2566581915943897,14,14,False
baseline_plus_conditional_all,leave_one_allele_out,ranking,nonzero,HLA-A*29:02,auc_gt_2h,0.5208333333333333,14,14,False
baseline_plus_conditional_all,leave_one_allele_out,ranking,nonzero,HLA-A*30:01,spearman,0.2602766860370172,11,11,False
baseline_plus_conditional_all,leave_one_allele_out,ranking,nonzero,HLA-A*30:01,pearson_log,0.20281247807497535,11,11,False
baseline_plus_conditional_all,leave_one_allele_out,ranking,nonzero,HLA-A*30:01,auc_gt_2h,0.4444444444444445,11,11,False
baseline_plus_conditional_all,leave_one_allele_out,ranking,nonzero,HLA-A*30:02,spearman,-0.6974321511027258,13,13,False
baseline_plus_conditional_all,leave_one_allele_out,ranking,nonzero,HLA-A*30:02,pearson_log,-0.6568823917304077,13,13,False
baseline_plus_conditional_all,leave_one_allele_out,ranking,nonzero,HLA-A*30:02,auc_gt_2h,0.19444444444444448,13,13,False
baseline_plus_conditional_all,leave_one_allele_out,ranking,nonzero,HLA-A*31:01,spearman,-0.2831920783655118,14,14,False
baseline_plus_conditional_all,leave_one_allele_out,ranking,nonzero,HLA-A*31:01,pearson_log,-0.17959970350488869,14,14,False
baseline_plus_conditional_all,leave_one_allele_out,ranking,nonzero,HLA-A*31:01,auc_gt_2h,0.3939393939393939,14,14,False
baseline_plus_conditional_all,leave_one_allele_out,ranking,nonzero,HLA-A*32:01,spearman,0.3264255099060148,13,13,False
baseline_plus_conditional_all,leave_one_allele_out,ranking,nonzero,HLA-A*32:01,pearson_log,0.45583238057520714,13,13,False
baseline_plus_conditional_all,leave_one_allele_out,ranking,nonzero,HLA-A*32:01,auc_gt_2h,0.7000000000000001,13,13,False
baseline_plus_conditional_all,leave_one_allele_out,ranking,nonzero,HLA-A*32:07,spearman,0.24601430569223082,11,11,False
baseline_plus_conditional_all,leave_one_allele_out,ranking,nonzero,HLA-A*32:07,pearson_log,0.27695048242482156,11,11,False
baseline_plus_conditional_all,leave_one_allele_out,ranking,nonzero,HLA-A*32:07,auc_gt_2h,0.6428571428571428,11,11,False
baseline_plus_conditional_all,leave_one_allele_out,ranking,nonzero,HLA-A*33:03,spearman,0.12613124477737825,7,7,False
baseline_plus_conditional_all,leave_one_allele_out,ranking,nonzero,HLA-A*33:03,pearson_log,-0.031138939784669126,7,7,False
baseline_plus_conditional_all,leave_one_allele_out,ranking,nonzero,HLA-A*33:03,auc_gt_2h,0.5,7,7,False
baseline_plus_conditional_all,leave_one_allele_out,ranking,nonzero,HLA-A*43:01,spearman,0.54855977994001,12,12,False
baseline_plus_conditional_all,leave_one_allele_out,ranking,nonzero,HLA-A*43:01,pearson_log,0.37829534300367423,12,12,False
baseline_plus_conditional_all,leave_one_allele_out,ranking,nonzero,HLA-A*43:01,auc_gt_2h,0.5454545454545454,12,12,False
baseline_plus_conditional_all,leave_one_allele_out,ranking,nonzero,HLA-A*66:01,spearman,0.7831560082980488,9,9,False
baseline_plus_conditional_all,leave_one_allele_out,ranking,nonzero,HLA-A*66:01,pearson_log,0.7936639887032977,9,9,False
baseline_plus_conditional_all,leave_one_allele_out,ranking,nonzero,HLA-A*66:01,auc_gt_2h,0.75,9,9,False
baseline_plus_conditional_all,leave_one_allele_out,ranking,nonzero,HLA-A*68:01,spearman,-0.24316221747202585,10,10,False
baseline_plus_conditional_all,leave_one_allele_out,ranking,nonzero,HLA-A*68:01,pearson_log,-0.04613264214957241,10,10,False
baseline_plus_conditional_all,leave_one_allele_out,ranking,nonzero,HLA-A*68:01,auc_gt_2h,0.2857142857142857,10,10,False
baseline_plus_conditional_all,leave_one_allele_out,ranking,nonzero,HLA-A*68:02,spearman,-0.2617089820423566,13,13,False
baseline_plus_conditional_all,leave_one_allele_out,ranking,nonzero,HLA-A*68:02,pearson_log,-0.30398987450857146,13,13,False
baseline_plus_conditional_all,leave_one_allele_out,ranking,nonzero,HLA-A*68:02,auc_gt_2h,0.16666666666666663,13,13,False
baseline_plus_conditional_all,leave_one_allele_out,ranking,nonzero,HLA-A*68:23,spearman,0.06273323266748675,10,10,False
baseline_plus_conditional_all,leave_one_allele_out,ranking,nonzero,HLA-A*68:23,pearson_log,0.10598735368983957,10,10,False
baseline_plus_conditional_all,leave_one_allele_out,ranking,nonzero,HLA-A*68:23,auc_gt_2h,0.6666666666666667,10,10,False
baseline_plus_conditional_all,leave_one_allele_out,ranking,nonzero,HLA-A*69:01,spearman,-0.17647681943136376,9,9,False
baseline_plus_conditional_all,leave_one_allele_out,ranking,nonzero,HLA-A*69:01,pearson_log,0.18898560156800587,9,9,False
baseline_plus_conditional_all,leave_one_allele_out,ranking,nonzero,HLA-A*69:01,auc_gt_2h,0.625,9,9,False
baseline_plus_conditional_all,leave_one_allele_out,ranking,nonzero,HLA-A*74:01,spearman,-0.175439676455626,12,12,False
baseline_plus_conditional_all,leave_one_allele_out,ranking,nonzero,HLA-A*74:01,pearson_log,-0.05901411411645428,12,12,False
baseline_plus_conditional_all,leave_one_allele_out,ranking,nonzero,HLA-A*74:01,auc_gt_2h,0.3142857142857143,12,12,False
baseline_plus_conditional_all,leave_one_allele_out,ranking,nonzero,HLA-A*80:01,spearman,0.6728111897994425,10,10,False
baseline_plus_conditional_all,leave_one_allele_out,ranking,nonzero,HLA-A*80:01,pearson_log,0.5990805976643748,10,10,False
baseline_plus_conditional_all,leave_one_allele_out,ranking,nonzero,HLA-A*80:01,auc_gt_2h,0.8125,10,10,False
baseline_plus_conditional_all,leave_one_allele_out,ranking,nonzero,HLA-B*07:02,spearman,0.080223218536224,13,13,False
baseline_plus_conditional_all,leave_one_allele_out,ranking,nonzero,HLA-B*07:02,pearson_log,0.05813593788484403,13,13,False
baseline_plus_conditional_all,leave_one_allele_out,ranking,nonzero,HLA-B*07:02,auc_gt_2h,0.6428571428571428,13,13,False
baseline_plus_conditional_all,leave_one_allele_out,ranking,nonzero,HLA-B*08:01,spearman,0.4172093210150972,10,10,False
baseline_plus_conditional_all,leave_one_allele_out,ranking,nonzero,HLA-B*08:01,pearson_log,0.401434904450935,10,10,False
baseline_plus_conditional_all,leave_one_allele_out,ranking,nonzero,HLA-B*08:01,auc_gt_2h,,10,10,False
baseline_plus_conditional_all,leave_one_allele_out,ranking,nonzero,HLA-B*08:03,spearman,0.45769286494404704,9,9,False
baseline_plus_conditional_all,leave_one_allele_out,ranking,nonzero,HLA-B*08:03,pearson_log,0.4548193355785957,9,9,False
baseline_plus_conditional_all,leave_one_allele_out,ranking,nonzero,HLA-B*08:03,auc_gt_2h,0.7777777777777778,9,9,False
baseline_plus_conditional_all,leave_one_allele_out,ranking,nonzero,HLA-B*13:02,spearman,1.0,4,4,False
baseline_plus_conditional_all,leave_one_allele_out,ranking,nonzero,HLA-B*13:02,pearson_log,0.9871135047395635,4,4,False
baseline_plus_conditional_all,leave_one_allele_out,ranking,nonzero,HLA-B*13:02,auc_gt_2h,1.0,4,4,False
baseline_plus_conditional_all,leave_one_allele_out,ranking,nonzero,HLA-B*14:01(C67S),spearman,,1,1,True
baseline_plus_conditional_all,leave_one_allele_out,ranking,nonzero,HLA-B*14:01(C67S),pearson_log,,1,1,True
baseline_plus_conditional_all,leave_one_allele_out,ranking,nonzero,HLA-B*14:01(C67S),auc_gt_2h,,1,1,True
baseline_plus_conditional_all,leave_one_allele_out,ranking,nonzero,HLA-B*14:02(C67S),spearman,0.7999999999999999,5,5,False
baseline_plus_conditional_all,leave_one_allele_out,ranking,nonzero,HLA-B*14:02(C67S),pearson_log,0.23684511252109633,5,5,False
baseline_plus_conditional_all,leave_one_allele_out,ranking,nonzero,HLA-B*14:02(C67S),auc_gt_2h,0.75,5,5,False
baseline_plus_conditional_all,leave_one_allele_out,ranking,nonzero,HLA-B*15:01,spearman,0.24545454545454545,11,11,False
baseline_plus_conditional_all,leave_one_allele_out,ranking,nonzero,HLA-B*15:01,pearson_log,0.031723571543048695,11,11,False
baseline_plus_conditional_all,leave_one_allele_out,ranking,nonzero,HLA-B*15:01,auc_gt_2h,0.5555555555555556,11,11,False
baseline_plus_conditional_all,leave_one_allele_out,ranking,nonzero,HLA-B*15:02,spearman,0.09523809523809526,8,8,False
baseline_plus_conditional_all,leave_one_allele_out,ranking,nonzero,HLA-B*15:02,pearson_log,0.21123701969980513,8,8,False
baseline_plus_conditional_all,leave_one_allele_out,ranking,nonzero,HLA-B*15:02,auc_gt_2h,0.4666666666666667,8,8,False
baseline_plus_conditional_all,leave_one_allele_out,ranking,nonzero,HLA-B*15:10,spearman,0.22767110220996253,12,12,False
baseline_plus_conditional_all,leave_one_allele_out,ranking,nonzero,HLA-B*15:10,pearson_log,0.30190203768639917,12,12,False
baseline_plus_conditional_all,leave_one_allele_out,ranking,nonzero,HLA-B*15:10,auc_gt_2h,0.6,12,12,False
baseline_plus_conditional_all,leave_one_allele_out,ranking,nonzero,HLA-B*15:17,spearman,-0.14024650966339397,10,10,False
baseline_plus_conditional_all,leave_one_allele_out,ranking,nonzero,HLA-B*15:17,pearson_log,-0.16175043922632895,10,10,False
baseline_plus_conditional_all,leave_one_allele_out,ranking,nonzero,HLA-B*15:17,auc_gt_2h,0.42857142857142855,10,10,False
baseline_plus_conditional_all,leave_one_allele_out,ranking,nonzero,HLA-B*18:01,spearman,0.4731778891774273,13,13,False
baseline_plus_conditional_all,leave_one_allele_out,ranking,nonzero,HLA-B*18:01,pearson_log,0.4586375151110007,13,13,False
baseline_plus_conditional_all,leave_one_allele_out,ranking,nonzero,HLA-B*18:01,auc_gt_2h,0.6190476190476191,13,13,False
baseline_plus_conditional_all,leave_one_allele_out,ranking,nonzero,HLA-B*27:02,spearman,0.5688312786486196,11,11,False
baseline_plus_conditional_all,leave_one_allele_out,ranking,nonzero,HLA-B*27:02,pearson_log,0.6832460829921185,11,11,False
baseline_plus_conditional_all,leave_one_allele_out,ranking,nonzero,HLA-B*27:02,auc_gt_2h,0.9285714285714286,11,11,False
baseline_plus_conditional_all,leave_one_allele_out,ranking,nonzero,HLA-B*27:03,spearman,-0.17573375583870185,9,9,False
baseline_plus_conditional_all,leave_one_allele_out,ranking,nonzero,HLA-B*27:03,pearson_log,-0.07530980607851248,9,9,False
baseline_plus_conditional_all,leave_one_allele_out,ranking,nonzero,HLA-B*27:03,auc_gt_2h,0.6,9,9,False
baseline_plus_conditional_all,leave_one_allele_out,ranking,nonzero,HLA-B*27:05,spearman,0.31963803548405617,11,11,False
baseline_plus_conditional_all,leave_one_allele_out,ranking,nonzero,HLA-B*27:05,pearson_log,0.41460009405699016,11,11,False
baseline_plus_conditional_all,leave_one_allele_out,ranking,nonzero,HLA-B*27:05,auc_gt_2h,0.6,11,11,False
baseline_plus_conditional_all,leave_one_allele_out,ranking,nonzero,HLA-B*27:20,spearman,0.13667461427346156,11,11,False
baseline_plus_conditional_all,leave_one_allele_out,ranking,nonzero,HLA-B*27:20,pearson_log,0.24191149263088518,11,11,False
baseline_plus_conditional_all,leave_one_allele_out,ranking,nonzero,HLA-B*27:20,auc_gt_2h,0.6071428571428572,11,11,False
baseline_plus_conditional_all,leave_one_allele_out,ranking,nonzero,HLA-B*35:01,spearman,0.217575126276488,9,9,False
baseline_plus_conditional_all,leave_one_allele_out,ranking,nonzero,HLA-B*35:01,pearson_log,0.07459700943559149,9,9,False
baseline_plus_conditional_all,leave_one_allele_out,ranking,nonzero,HLA-B*35:01,auc_gt_2h,0.6111111111111112,9,9,False
baseline_plus_conditional_all,leave_one_allele_out,ranking,nonzero,HLA-B*35:03,spearman,-0.13684294763538826,12,12,False
baseline_plus_conditional_all,leave_one_allele_out,ranking,nonzero,HLA-B*35:03,pearson_log,-0.21435374984488914,12,12,False
baseline_plus_conditional_all,leave_one_allele_out,ranking,nonzero,HLA-B*35:03,auc_gt_2h,0.37142857142857144,12,12,False
baseline_plus_conditional_all,leave_one_allele_out,ranking,nonzero,HLA-B*35:08,spearman,0.21610623023970038,11,11,False
baseline_plus_conditional_all,leave_one_allele_out,ranking,nonzero,HLA-B*35:08,pearson_log,0.29237698703337567,11,11,False
baseline_plus_conditional_all,leave_one_allele_out,ranking,nonzero,HLA-B*35:08,auc_gt_2h,0.5555555555555556,11,11,False
baseline_plus_conditional_all,leave_one_allele_out,ranking,nonzero,HLA-B*39:01,spearman,0.2385728317462633,11,11,False
baseline_plus_conditional_all,leave_one_allele_out,ranking,nonzero,HLA-B*39:01,pearson_log,0.557776994674317,11,11,False
baseline_plus_conditional_all,leave_one_allele_out,ranking,nonzero,HLA-B*39:01,auc_gt_2h,0.9444444444444444,11,11,False
baseline_plus_conditional_all,leave_one_allele_out,ranking,nonzero,HLA-B*39:02,spearman,0.5594023904871686,9,9,False
baseline_plus_conditional_all,leave_one_allele_out,ranking,nonzero,HLA-B*39:02,pearson_log,0.5748719835897862,9,9,False
baseline_plus_conditional_all,leave_one_allele_out,ranking,nonzero,HLA-B*39:02,auc_gt_2h,0.8571428571428572,9,9,False
baseline_plus_conditional_all,leave_one_allele_out,ranking,nonzero,HLA-B*39:06(C67S),spearman,,1,1,True
baseline_plus_conditional_all,leave_one_allele_out,ranking,nonzero,HLA-B*39:06(C67S),pearson_log,,1,1,True
baseline_plus_conditional_all,leave_one_allele_out,ranking,nonzero,HLA-B*39:06(C67S),auc_gt_2h,,1,1,True
baseline_plus_conditional_all,leave_one_allele_out,ranking,nonzero,HLA-B*39:10,spearman,0.3090909090909091,11,11,False
baseline_plus_conditional_all,leave_one_allele_out,ranking,nonzero,HLA-B*39:10,pearson_log,0.24256095571306374,11,11,False
baseline_plus_conditional_all,leave_one_allele_out,ranking,nonzero,HLA-B*39:10,auc_gt_2h,0.5333333333333333,11,11,False
baseline_plus_conditional_all,leave_one_allele_out,ranking,nonzero,HLA-B*40:01,spearman,0.14386053469361332,12,12,False
baseline_plus_conditional_all,leave_one_allele_out,ranking,nonzero,HLA-B*40:01,pearson_log,0.084965934451049,12,12,False
baseline_plus_conditional_all,leave_one_allele_out,ranking,nonzero,HLA-B*40:01,auc_gt_2h,0.9090909090909091,12,12,False
baseline_plus_conditional_all,leave_one_allele_out,ranking,nonzero,HLA-B*40:02,spearman,0.049450549450549455,13,13,False
baseline_plus_conditional_all,leave_one_allele_out,ranking,nonzero,HLA-B*40:02,pearson_log,-0.11228860166680842,13,13,False
baseline_plus_conditional_all,leave_one_allele_out,ranking,nonzero,HLA-B*40:02,auc_gt_2h,0.4666666666666667,13,13,False
baseline_plus_conditional_all,leave_one_allele_out,ranking,nonzero,HLA-B*41:01,spearman,0.5161002296110789,6,6,False
baseline_plus_conditional_all,leave_one_allele_out,ranking,nonzero,HLA-B*41:01,pearson_log,0.35169349218972246,6,6,False
baseline_plus_conditional_all,leave_one_allele_out,ranking,nonzero,HLA-B*41:01,auc_gt_2h,,6,6,False
baseline_plus_conditional_all,leave_one_allele_out,ranking,nonzero,HLA-B*42:01,spearman,0.20979020979020982,12,12,False
baseline_plus_conditional_all,leave_one_allele_out,ranking,nonzero,HLA-B*42:01,pearson_log,0.3474542610049354,12,12,False
baseline_plus_conditional_all,leave_one_allele_out,ranking,nonzero,HLA-B*42:01,auc_gt_2h,0.8181818181818182,12,12,False
baseline_plus_conditional_all,leave_one_allele_out,ranking,nonzero,HLA-B*42:02,spearman,0.21867938283753854,11,11,False
baseline_plus_conditional_all,leave_one_allele_out,ranking,nonzero,HLA-B*42:02,pearson_log,0.04503684980247932,11,11,False
baseline_plus_conditional_all,leave_one_allele_out,ranking,nonzero,HLA-B*42:02,auc_gt_2h,0.5,11,11,False
baseline_plus_conditional_all,leave_one_allele_out,ranking,nonzero,HLA-B*44:05,spearman,0.06315828352402536,12,12,False
baseline_plus_conditional_all,leave_one_allele_out,ranking,nonzero,HLA-B*44:05,pearson_log,0.09287968339574382,12,12,False
baseline_plus_conditional_all,leave_one_allele_out,ranking,nonzero,HLA-B*44:05,auc_gt_2h,0.45,12,12,False
baseline_plus_conditional_all,leave_one_allele_out,ranking,nonzero,HLA-B*45:01,spearman,0.0,3,3,False
baseline_plus_conditional_all,leave_one_allele_out,ranking,nonzero,HLA-B*45:01,pearson_log,-0.0026490499009209738,3,3,False
baseline_plus_conditional_all,leave_one_allele_out,ranking,nonzero,HLA-B*45:01,auc_gt_2h,0.5,3,3,False
baseline_plus_conditional_all,leave_one_allele_out,ranking,nonzero,HLA-B*46:01,spearman,0.0,7,7,False
baseline_plus_conditional_all,leave_one_allele_out,ranking,nonzero,HLA-B*46:01,pearson_log,-0.07709361633286171,7,7,False
baseline_plus_conditional_all,leave_one_allele_out,ranking,nonzero,HLA-B*46:01,auc_gt_2h,0.8,7,7,False
baseline_plus_conditional_all,leave_one_allele_out,ranking,nonzero,HLA-B*51:01,spearman,0.7999999999999999,4,4,False
baseline_plus_conditional_all,leave_one_allele_out,ranking,nonzero,HLA-B*51:01,pearson_log,0.4359505019396537,4,4,False
baseline_plus_conditional_all,leave_one_allele_out,ranking,nonzero,HLA-B*51:01,auc_gt_2h,,4,4,False
baseline_plus_conditional_all,leave_one_allele_out,ranking,nonzero,HLA-B*54:01,spearman,0.4285714285714286,8,8,False
baseline_plus_conditional_all,leave_one_allele_out,ranking,nonzero,HLA-B*54:01,pearson_log,0.5338238992908471,8,8,False
baseline_plus_conditional_all,leave_one_allele_out,ranking,nonzero,HLA-B*54:01,auc_gt_2h,0.9166666666666667,8,8,False
baseline_plus_conditional_all,leave_one_allele_out,ranking,nonzero,HLA-B*55:01,spearman,-1.0,3,3,False
baseline_plus_conditional_all,leave_one_allele_out,ranking,nonzero,HLA-B*55:01,pearson_log,-0.9883431184405825,3,3,False
baseline_plus_conditional_all,leave_one_allele_out,ranking,nonzero,HLA-B*55:01,auc_gt_2h,0.0,3,3,False
baseline_plus_conditional_all,leave_one_allele_out,ranking,nonzero,HLA-B*56:01,spearman,-0.5181098946652709,8,8,False
baseline_plus_conditional_all,leave_one_allele_out,ranking,nonzero,HLA-B*56:01,pearson_log,-0.6714781166132828,8,8,False
baseline_plus_conditional_all,leave_one_allele_out,ranking,nonzero,HLA-B*56:01,auc_gt_2h,,8,8,False
baseline_plus_conditional_all,leave_one_allele_out,ranking,nonzero,HLA-B*57:01,spearman,0.05253948512537597,12,12,False
baseline_plus_conditional_all,leave_one_allele_out,ranking,nonzero,HLA-B*57:01,pearson_log,0.21339343895839463,12,12,False
baseline_plus_conditional_all,leave_one_allele_out,ranking,nonzero,HLA-B*57:01,auc_gt_2h,,12,12,False
baseline_plus_conditional_all,leave_one_allele_out,ranking,nonzero,HLA-B*57:02,spearman,-0.25379527625899073,13,13,False
baseline_plus_conditional_all,leave_one_allele_out,ranking,nonzero,HLA-B*57:02,pearson_log,-0.37548748749085886,13,13,False
baseline_plus_conditional_all,leave_one_allele_out,ranking,nonzero,HLA-B*57:02,auc_gt_2h,0.09090909090909088,13,13,False
baseline_plus_conditional_all,leave_one_allele_out,ranking,nonzero,HLA-B*57:03,spearman,0.4945054945054945,13,13,False
baseline_plus_conditional_all,leave_one_allele_out,ranking,nonzero,HLA-B*57:03,pearson_log,0.42049884554163575,13,13,False
baseline_plus_conditional_all,leave_one_allele_out,ranking,nonzero,HLA-B*57:03,auc_gt_2h,0.6333333333333333,13,13,False
baseline_plus_conditional_all,leave_one_allele_out,ranking,nonzero,HLA-B*58:01,spearman,0.1786342494262783,12,12,False
baseline_plus_conditional_all,leave_one_allele_out,ranking,nonzero,HLA-B*58:01,pearson_log,0.2836533885224424,12,12,False
baseline_plus_conditional_all,leave_one_allele_out,ranking,nonzero,HLA-B*58:01,auc_gt_2h,0.6571428571428571,12,12,False
baseline_plus_conditional_all,leave_one_allele_out,ranking,nonzero,HLA-B*81:01,spearman,0.07373976607709373,11,11,False
baseline_plus_conditional_all,leave_one_allele_out,ranking,nonzero,HLA-B*81:01,pearson_log,0.08468376958612178,11,11,False
baseline_plus_conditional_all,leave_one_allele_out,ranking,nonzero,HLA-B*81:01,auc_gt_2h,0.4,11,11,False
baseline_plus_conditional_all,peptide_disjoint,ranking,all,HLA-A*01:01,spearman,,2,2,False
baseline_plus_conditional_all,peptide_disjoint,ranking,all,HLA-A*01:01,pearson_log,,2,2,False
baseline_plus_conditional_all,peptide_disjoint,ranking,all,HLA-A*01:01,auc_gt_2h,1.0,2,2,False
baseline_plus_conditional_all,peptide_disjoint,ranking,all,HLA-A*02:01,spearman,0.5,3,3,False
baseline_plus_conditional_all,peptide_disjoint,ranking,all,HLA-A*02:01,pearson_log,-0.24154570383153043,3,3,False
baseline_plus_conditional_all,peptide_disjoint,ranking,all,HLA-A*02:01,auc_gt_2h,,3,3,False
baseline_plus_conditional_all,peptide_disjoint,ranking,all,HLA-A*02:03,spearman,,2,2,False
baseline_plus_conditional_all,peptide_disjoint,ranking,all,HLA-A*02:03,pearson_log,,2,2,False
baseline_plus_conditional_all,peptide_disjoint,ranking,all,HLA-A*02:03,auc_gt_2h,0.0,2,2,False
baseline_plus_conditional_all,peptide_disjoint,ranking,all,HLA-A*02:05,spearman,0.3,5,5,False
baseline_plus_conditional_all,peptide_disjoint,ranking,all,HLA-A*02:05,pearson_log,0.14811931644099263,5,5,False
baseline_plus_conditional_all,peptide_disjoint,ranking,all,HLA-A*02:05,auc_gt_2h,0.5,5,5,False
baseline_plus_conditional_all,peptide_disjoint,ranking,all,HLA-A*02:10,spearman,,2,2,False
baseline_plus_conditional_all,peptide_disjoint,ranking,all,HLA-A*02:10,pearson_log,,2,2,False
baseline_plus_conditional_all,peptide_disjoint,ranking,all,HLA-A*02:10,auc_gt_2h,1.0,2,2,False
baseline_plus_conditional_all,peptide_disjoint,ranking,all,HLA-A*02:11,spearman,,2,2,False
baseline_plus_conditional_all,peptide_disjoint,ranking,all,HLA-A*02:11,pearson_log,,2,2,False
baseline_plus_conditional_all,peptide_disjoint,ranking,all,HLA-A*02:11,auc_gt_2h,,2,2,False
baseline_plus_conditional_all,peptide_disjoint,ranking,all,HLA-A*02:12,spearman,0.39999999999999997,4,4,False
baseline_plus_conditional_all,peptide_disjoint,ranking,all,HLA-A*02:12,pearson_log,0.6293148682385341,4,4,False
baseline_plus_conditional_all,peptide_disjoint,ranking,all,HLA-A*02:12,auc_gt_2h,0.75,4,4,False
baseline_plus_conditional_all,peptide_disjoint,ranking,all,HLA-A*02:19,spearman,-0.3,5,5,False
baseline_plus_conditional_all,peptide_disjoint,ranking,all,HLA-A*02:19,pearson_log,-0.6931273712730767,5,5,False
baseline_plus_conditional_all,peptide_disjoint,ranking,all,HLA-A*02:19,auc_gt_2h,0.0,5,5,False
baseline_plus_conditional_all,peptide_disjoint,ranking,all,HLA-A*02:50,spearman,0.7999999999999999,4,4,False
baseline_plus_conditional_all,peptide_disjoint,ranking,all,HLA-A*02:50,pearson_log,0.7742311824354146,4,4,False
baseline_plus_conditional_all,peptide_disjoint,ranking,all,HLA-A*02:50,auc_gt_2h,,4,4,False
baseline_plus_conditional_all,peptide_disjoint,ranking,all,HLA-A*03:01,spearman,-0.3,5,5,False
baseline_plus_conditional_all,peptide_disjoint,ranking,all,HLA-A*03:01,pearson_log,-0.5329085321592563,5,5,False
baseline_plus_conditional_all,peptide_disjoint,ranking,all,HLA-A*03:01,auc_gt_2h,0.25,5,5,False
baseline_plus_conditional_all,peptide_disjoint,ranking,all,HLA-A*11:01,spearman,,1,1,True
baseline_plus_conditional_all,peptide_disjoint,ranking,all,HLA-A*11:01,pearson_log,,1,1,True
baseline_plus_conditional_all,peptide_disjoint,ranking,all,HLA-A*11:01,auc_gt_2h,,1,1,True
baseline_plus_conditional_all,peptide_disjoint,ranking,all,HLA-A*23:01,spearman,,2,2,False
baseline_plus_conditional_all,peptide_disjoint,ranking,all,HLA-A*23:01,pearson_log,,2,2,False
baseline_plus_conditional_all,peptide_disjoint,ranking,all,HLA-A*23:01,auc_gt_2h,0.0,2,2,False
baseline_plus_conditional_all,peptide_disjoint,ranking,all,HLA-A*24:02,spearman,0.7999999999999999,4,4,False
baseline_plus_conditional_all,peptide_disjoint,ranking,all,HLA-A*24:02,pearson_log,0.8182473400349721,4,4,False
baseline_plus_conditional_all,peptide_disjoint,ranking,all,HLA-A*24:02,auc_gt_2h,1.0,4,4,False
baseline_plus_conditional_all,peptide_disjoint,ranking,all,HLA-A*24:03,spearman,,2,2,False
baseline_plus_conditional_all,peptide_disjoint,ranking,all,HLA-A*24:03,pearson_log,,2,2,False
baseline_plus_conditional_all,peptide_disjoint,ranking,all,HLA-A*24:03,auc_gt_2h,,2,2,False
baseline_plus_conditional_all,peptide_disjoint,ranking,all,HLA-A*24:07,spearman,,2,2,False
baseline_plus_conditional_all,peptide_disjoint,ranking,all,HLA-A*24:07,pearson_log,,2,2,False
baseline_plus_conditional_all,peptide_disjoint,ranking,all,HLA-A*24:07,auc_gt_2h,0.0,2,2,False
baseline_plus_conditional_all,peptide_disjoint,ranking,all,HLA-A*24:19,spearman,1.0,3,3,False
baseline_plus_conditional_all,peptide_disjoint,ranking,all,HLA-A*24:19,pearson_log,0.9971317481394933,3,3,False
baseline_plus_conditional_all,peptide_disjoint,ranking,all,HLA-A*24:19,auc_gt_2h,,3,3,False
baseline_plus_conditional_all,peptide_disjoint,ranking,all,HLA-A*25:01,spearman,,1,1,True
baseline_plus_conditional_all,peptide_disjoint,ranking,all,HLA-A*25:01,pearson_log,,1,1,True
baseline_plus_conditional_all,peptide_disjoint,ranking,all,HLA-A*25:01,auc_gt_2h,,1,1,True
baseline_plus_conditional_all,peptide_disjoint,ranking,all,HLA-A*26:01,spearman,-0.5,3,3,False
baseline_plus_conditional_all,peptide_disjoint,ranking,all,HLA-A*26:01,pearson_log,-0.5859144931690026,3,3,False
baseline_plus_conditional_all,peptide_disjoint,ranking,all,HLA-A*26:01,auc_gt_2h,,3,3,False
baseline_plus_conditional_all,peptide_disjoint,ranking,all,HLA-A*26:02,spearman,,2,2,False
baseline_plus_conditional_all,peptide_disjoint,ranking,all,HLA-A*26:02,pearson_log,,2,2,False
baseline_plus_conditional_all,peptide_disjoint,ranking,all,HLA-A*26:02,auc_gt_2h,,2,2,False
baseline_plus_conditional_all,peptide_disjoint,ranking,all,HLA-A*26:03,spearman,,1,1,True
baseline_plus_conditional_all,peptide_disjoint,ranking,all,HLA-A*26:03,pearson_log,,1,1,True
baseline_plus_conditional_all,peptide_disjoint,ranking,all,HLA-A*26:03,auc_gt_2h,,1,1,True
baseline_plus_conditional_all,peptide_disjoint,ranking,all,HLA-A*29:02,spearman,0.6,5,5,False
baseline_plus_conditional_all,peptide_disjoint,ranking,all,HLA-A*29:02,pearson_log,0.5774867706787054,5,5,False
baseline_plus_conditional_all,peptide_disjoint,ranking,all,HLA-A*29:02,auc_gt_2h,0.75,5,5,False
baseline_plus_conditional_all,peptide_disjoint,ranking,all,HLA-A*30:01,spearman,,2,2,False
baseline_plus_conditional_all,peptide_disjoint,ranking,all,HLA-A*30:01,pearson_log,,2,2,False
baseline_plus_conditional_all,peptide_disjoint,ranking,all,HLA-A*30:01,auc_gt_2h,,2,2,False
baseline_plus_conditional_all,peptide_disjoint,ranking,all,HLA-A*30:02,spearman,,2,2,False
baseline_plus_conditional_all,peptide_disjoint,ranking,all,HLA-A*30:02,pearson_log,,2,2,False
baseline_plus_conditional_all,peptide_disjoint,ranking,all,HLA-A*30:02,auc_gt_2h,1.0,2,2,False
baseline_plus_conditional_all,peptide_disjoint,ranking,all,HLA-A*31:01,spearman,0.0,3,3,False
baseline_plus_conditional_all,peptide_disjoint,ranking,all,HLA-A*31:01,pearson_log,-0.4281450047600279,3,3,False
baseline_plus_conditional_all,peptide_disjoint,ranking,all,HLA-A*31:01,auc_gt_2h,,3,3,False
baseline_plus_conditional_all,peptide_disjoint,ranking,all,HLA-A*32:01,spearman,-1.0,3,3,False
baseline_plus_conditional_all,peptide_disjoint,ranking,all,HLA-A*32:01,pearson_log,-0.9780912462160207,3,3,False
baseline_plus_conditional_all,peptide_disjoint,ranking,all,HLA-A*32:01,auc_gt_2h,0.0,3,3,False
baseline_plus_conditional_all,peptide_disjoint,ranking,all,HLA-A*32:07,spearman,0.5,3,3,False
baseline_plus_conditional_all,peptide_disjoint,ranking,all,HLA-A*32:07,pearson_log,0.6546081324790887,3,3,False
baseline_plus_conditional_all,peptide_disjoint,ranking,all,HLA-A*32:07,auc_gt_2h,1.0,3,3,False
baseline_plus_conditional_all,peptide_disjoint,ranking,all,HLA-A*33:03,spearman,,2,2,False
baseline_plus_conditional_all,peptide_disjoint,ranking,all,HLA-A*33:03,pearson_log,,2,2,False
baseline_plus_conditional_all,peptide_disjoint,ranking,all,HLA-A*33:03,auc_gt_2h,1.0,2,2,False
baseline_plus_conditional_all,peptide_disjoint,ranking,all,HLA-A*43:01,spearman,0.4058397249567139,6,6,False
baseline_plus_conditional_all,peptide_disjoint,ranking,all,HLA-A*43:01,pearson_log,0.5305261063253343,6,6,False
baseline_plus_conditional_all,peptide_disjoint,ranking,all,HLA-A*43:01,auc_gt_2h,0.8,6,6,False
baseline_plus_conditional_all,peptide_disjoint,ranking,all,HLA-A*66:01,spearman,,1,1,True
baseline_plus_conditional_all,peptide_disjoint,ranking,all,HLA-A*66:01,pearson_log,,1,1,True
baseline_plus_conditional_all,peptide_disjoint,ranking,all,HLA-A*66:01,auc_gt_2h,,1,1,True
baseline_plus_conditional_all,peptide_disjoint,ranking,all,HLA-A*68:01,spearman,-0.20519567041703085,5,5,False
baseline_plus_conditional_all,peptide_disjoint,ranking,all,HLA-A*68:01,pearson_log,-0.17052011462413078,5,5,False
baseline_plus_conditional_all,peptide_disjoint,ranking,all,HLA-A*68:01,auc_gt_2h,0.16666666666666669,5,5,False
baseline_plus_conditional_all,peptide_disjoint,ranking,all,HLA-A*68:02,spearman,0.6,5,5,False
baseline_plus_conditional_all,peptide_disjoint,ranking,all,HLA-A*68:02,pearson_log,0.4772022673039632,5,5,False
baseline_plus_conditional_all,peptide_disjoint,ranking,all,HLA-A*68:02,auc_gt_2h,,5,5,False
baseline_plus_conditional_all,peptide_disjoint,ranking,all,HLA-A*68:23,spearman,-0.632455532033676,4,4,False
baseline_plus_conditional_all,peptide_disjoint,ranking,all,HLA-A*68:23,pearson_log,-0.7124683129176599,4,4,False
baseline_plus_conditional_all,peptide_disjoint,ranking,all,HLA-A*68:23,auc_gt_2h,,4,4,False
baseline_plus_conditional_all,peptide_disjoint,ranking,all,HLA-A*69:01,spearman,0.4103913408340617,5,5,False
baseline_plus_conditional_all,peptide_disjoint,ranking,all,HLA-A*69:01,pearson_log,0.3744371068923694,5,5,False
baseline_plus_conditional_all,peptide_disjoint,ranking,all,HLA-A*69:01,auc_gt_2h,,5,5,False
baseline_plus_conditional_all,peptide_disjoint,ranking,all,HLA-A*74:01,spearman,,1,1,True
baseline_plus_conditional_all,peptide_disjoint,ranking,all,HLA-A*74:01,pearson_log,,1,1,True
baseline_plus_conditional_all,peptide_disjoint,ranking,all,HLA-A*74:01,auc_gt_2h,,1,1,True
baseline_plus_conditional_all,peptide_disjoint,ranking,all,HLA-A*80:01,spearman,,2,2,False
baseline_plus_conditional_all,peptide_disjoint,ranking,all,HLA-A*80:01,pearson_log,,2,2,False
baseline_plus_conditional_all,peptide_disjoint,ranking,all,HLA-A*80:01,auc_gt_2h,,2,2,False
baseline_plus_conditional_all,peptide_disjoint,ranking,all,HLA-B*07:02,spearman,0.47434164902525683,5,5,False
baseline_plus_conditional_all,peptide_disjoint,ranking,all,HLA-B*07:02,pearson_log,0.6094069835169684,5,5,False
baseline_plus_conditional_all,peptide_disjoint,ranking,all,HLA-B*07:02,auc_gt_2h,0.8333333333333333,5,5,False
baseline_plus_conditional_all,peptide_disjoint,ranking,all,HLA-B*08:01,spearman,,2,2,False
baseline_plus_conditional_all,peptide_disjoint,ranking,all,HLA-B*08:01,pearson_log,,2,2,False
baseline_plus_conditional_all,peptide_disjoint,ranking,all,HLA-B*08:01,auc_gt_2h,,2,2,False
baseline_plus_conditional_all,peptide_disjoint,ranking,all,HLA-B*08:03,spearman,,2,2,False
baseline_plus_conditional_all,peptide_disjoint,ranking,all,HLA-B*08:03,pearson_log,,2,2,False
baseline_plus_conditional_all,peptide_disjoint,ranking,all,HLA-B*08:03,auc_gt_2h,0.0,2,2,False
baseline_plus_conditional_all,peptide_disjoint,ranking,all,HLA-B*13:02,spearman,,2,2,False
baseline_plus_conditional_all,peptide_disjoint,ranking,all,HLA-B*13:02,pearson_log,,2,2,False
baseline_plus_conditional_all,peptide_disjoint,ranking,all,HLA-B*13:02,auc_gt_2h,0.0,2,2,False
baseline_plus_conditional_all,peptide_disjoint,ranking,all,HLA-B*14:01(C67S),spearman,,1,1,True
baseline_plus_conditional_all,peptide_disjoint,ranking,all,HLA-B*14:01(C67S),pearson_log,,1,1,True
baseline_plus_conditional_all,peptide_disjoint,ranking,all,HLA-B*14:01(C67S),auc_gt_2h,,1,1,True
baseline_plus_conditional_all,peptide_disjoint,ranking,all,HLA-B*14:02(C67S),spearman,,1,1,True
baseline_plus_conditional_all,peptide_disjoint,ranking,all,HLA-B*14:02(C67S),pearson_log,,1,1,True
baseline_plus_conditional_all,peptide_disjoint,ranking,all,HLA-B*14:02(C67S),auc_gt_2h,,1,1,True
baseline_plus_conditional_all,peptide_disjoint,ranking,all,HLA-B*15:01,spearman,-0.19999999999999998,4,4,False
baseline_plus_conditional_all,peptide_disjoint,ranking,all,HLA-B*15:01,pearson_log,-0.38871749962667074,4,4,False
baseline_plus_conditional_all,peptide_disjoint,ranking,all,HLA-B*15:01,auc_gt_2h,0.0,4,4,False
baseline_plus_conditional_all,peptide_disjoint,ranking,all,HLA-B*15:10,spearman,,2,2,False
baseline_plus_conditional_all,peptide_disjoint,ranking,all,HLA-B*15:10,pearson_log,,2,2,False
baseline_plus_conditional_all,peptide_disjoint,ranking,all,HLA-B*15:10,auc_gt_2h,0.0,2,2,False
baseline_plus_conditional_all,peptide_disjoint,ranking,all,HLA-B*18:01,spearman,,2,2,False
baseline_plus_conditional_all,peptide_disjoint,ranking,all,HLA-B*18:01,pearson_log,,2,2,False
baseline_plus_conditional_all,peptide_disjoint,ranking,all,HLA-B*18:01,auc_gt_2h,,2,2,False
baseline_plus_conditional_all,peptide_disjoint,ranking,all,HLA-B*27:02,spearman,1.0,3,3,False
baseline_plus_conditional_all,peptide_disjoint,ranking,all,HLA-B*27:02,pearson_log,0.9999390663721934,3,3,False
baseline_plus_conditional_all,peptide_disjoint,ranking,all,HLA-B*27:02,auc_gt_2h,1.0,3,3,False
baseline_plus_conditional_all,peptide_disjoint,ranking,all,HLA-B*27:03,spearman,1.0,3,3,False
baseline_plus_conditional_all,peptide_disjoint,ranking,all,HLA-B*27:03,pearson_log,0.98790636741014,3,3,False
baseline_plus_conditional_all,peptide_disjoint,ranking,all,HLA-B*27:03,auc_gt_2h,1.0,3,3,False
baseline_plus_conditional_all,peptide_disjoint,ranking,all,HLA-B*27:05,spearman,,2,2,False
baseline_plus_conditional_all,peptide_disjoint,ranking,all,HLA-B*27:05,pearson_log,,2,2,False
baseline_plus_conditional_all,peptide_disjoint,ranking,all,HLA-B*27:05,auc_gt_2h,,2,2,False
baseline_plus_conditional_all,peptide_disjoint,ranking,all,HLA-B*27:20,spearman,-0.5,3,3,False
baseline_plus_conditional_all,peptide_disjoint,ranking,all,HLA-B*27:20,pearson_log,0.14828588778533774,3,3,False
baseline_plus_conditional_all,peptide_disjoint,ranking,all,HLA-B*27:20,auc_gt_2h,0.0,3,3,False
baseline_plus_conditional_all,peptide_disjoint,ranking,all,HLA-B*35:01,spearman,,2,2,False
baseline_plus_conditional_all,peptide_disjoint,ranking,all,HLA-B*35:01,pearson_log,,2,2,False
baseline_plus_conditional_all,peptide_disjoint,ranking,all,HLA-B*35:01,auc_gt_2h,0.0,2,2,False
baseline_plus_conditional_all,peptide_disjoint,ranking,all,HLA-B*35:03,spearman,,2,2,False
baseline_plus_conditional_all,peptide_disjoint,ranking,all,HLA-B*35:03,pearson_log,,2,2,False
baseline_plus_conditional_all,peptide_disjoint,ranking,all,HLA-B*35:03,auc_gt_2h,1.0,2,2,False
baseline_plus_conditional_all,peptide_disjoint,ranking,all,HLA-B*35:08,spearman,0.8660254037844387,3,3,False
baseline_plus_conditional_all,peptide_disjoint,ranking,all,HLA-B*35:08,pearson_log,0.9797302603333515,3,3,False
baseline_plus_conditional_all,peptide_disjoint,ranking,all,HLA-B*35:08,auc_gt_2h,1.0,3,3,False
baseline_plus_conditional_all,peptide_disjoint,ranking,all,HLA-B*39:01,spearman,0.8207826816681234,5,5,False
baseline_plus_conditional_all,peptide_disjoint,ranking,all,HLA-B*39:01,pearson_log,0.3130620097300584,5,5,False
baseline_plus_conditional_all,peptide_disjoint,ranking,all,HLA-B*39:01,auc_gt_2h,1.0,5,5,False
baseline_plus_conditional_all,peptide_disjoint,ranking,all,HLA-B*39:02,spearman,,1,1,True
baseline_plus_conditional_all,peptide_disjoint,ranking,all,HLA-B*39:02,pearson_log,,1,1,True
baseline_plus_conditional_all,peptide_disjoint,ranking,all,HLA-B*39:02,auc_gt_2h,,1,1,True
baseline_plus_conditional_all,peptide_disjoint,ranking,all,HLA-B*39:06(C67S),spearman,0.8660254037844387,3,3,False
baseline_plus_conditional_all,peptide_disjoint,ranking,all,HLA-B*39:06(C67S),pearson_log,0.9723673542943386,3,3,False
baseline_plus_conditional_all,peptide_disjoint,ranking,all,HLA-B*39:06(C67S),auc_gt_2h,1.0,3,3,False
baseline_plus_conditional_all,peptide_disjoint,ranking,all,HLA-B*39:10,spearman,,1,1,True
baseline_plus_conditional_all,peptide_disjoint,ranking,all,HLA-B*39:10,pearson_log,,1,1,True
baseline_plus_conditional_all,peptide_disjoint,ranking,all,HLA-B*39:10,auc_gt_2h,,1,1,True
baseline_plus_conditional_all,peptide_disjoint,ranking,all,HLA-B*40:01,spearman,,2,2,False
baseline_plus_conditional_all,peptide_disjoint,ranking,all,HLA-B*40:01,pearson_log,,2,2,False
baseline_plus_conditional_all,peptide_disjoint,ranking,all,HLA-B*40:01,auc_gt_2h,,2,2,False
baseline_plus_conditional_all,peptide_disjoint,ranking,all,HLA-B*40:02,spearman,,2,2,False
baseline_plus_conditional_all,peptide_disjoint,ranking,all,HLA-B*40:02,pearson_log,,2,2,False
baseline_plus_conditional_all,peptide_disjoint,ranking,all,HLA-B*40:02,auc_gt_2h,0.0,2,2,False
baseline_plus_conditional_all,peptide_disjoint,ranking,all,HLA-B*41:01,spearman,-0.8660254037844387,3,3,False
baseline_plus_conditional_all,peptide_disjoint,ranking,all,HLA-B*41:01,pearson_log,-0.8282622951502259,3,3,False
baseline_plus_conditional_all,peptide_disjoint,ranking,all,HLA-B*41:01,auc_gt_2h,,3,3,False
baseline_plus_conditional_all,peptide_disjoint,ranking,all,HLA-B*42:01,spearman,,1,1,True
baseline_plus_conditional_all,peptide_disjoint,ranking,all,HLA-B*42:01,pearson_log,,1,1,True
baseline_plus_conditional_all,peptide_disjoint,ranking,all,HLA-B*42:01,auc_gt_2h,,1,1,True
baseline_plus_conditional_all,peptide_disjoint,ranking,all,HLA-B*42:02,spearman,1.0,3,3,False
baseline_plus_conditional_all,peptide_disjoint,ranking,all,HLA-B*42:02,pearson_log,0.7876004045492377,3,3,False
baseline_plus_conditional_all,peptide_disjoint,ranking,all,HLA-B*42:02,auc_gt_2h,1.0,3,3,False
baseline_plus_conditional_all,peptide_disjoint,ranking,all,HLA-B*44:05,spearman,,1,1,True
baseline_plus_conditional_all,peptide_disjoint,ranking,all,HLA-B*44:05,pearson_log,,1,1,True
baseline_plus_conditional_all,peptide_disjoint,ranking,all,HLA-B*44:05,auc_gt_2h,,1,1,True
baseline_plus_conditional_all,peptide_disjoint,ranking,all,HLA-B*45:01,spearman,,2,2,False
baseline_plus_conditional_all,peptide_disjoint,ranking,all,HLA-B*45:01,pearson_log,,2,2,False
baseline_plus_conditional_all,peptide_disjoint,ranking,all,HLA-B*45:01,auc_gt_2h,,2,2,False
baseline_plus_conditional_all,peptide_disjoint,ranking,all,HLA-B*51:01,spearman,,1,1,True
baseline_plus_conditional_all,peptide_disjoint,ranking,all,HLA-B*51:01,pearson_log,,1,1,True
baseline_plus_conditional_all,peptide_disjoint,ranking,all,HLA-B*51:01,auc_gt_2h,,1,1,True
baseline_plus_conditional_all,peptide_disjoint,ranking,all,HLA-B*54:01,spearman,0.5217939320872036,6,6,False
baseline_plus_conditional_all,peptide_disjoint,ranking,all,HLA-B*54:01,pearson_log,0.5204374529490292,6,6,False
baseline_plus_conditional_all,peptide_disjoint,ranking,all,HLA-B*54:01,auc_gt_2h,1.0,6,6,False
baseline_plus_conditional_all,peptide_disjoint,ranking,all,HLA-B*55:01,spearman,,1,1,True
baseline_plus_conditional_all,peptide_disjoint,ranking,all,HLA-B*55:01,pearson_log,,1,1,True
baseline_plus_conditional_all,peptide_disjoint,ranking,all,HLA-B*55:01,auc_gt_2h,,1,1,True
baseline_plus_conditional_all,peptide_disjoint,ranking,all,HLA-B*56:01,spearman,0.8660254037844387,3,3,False
baseline_plus_conditional_all,peptide_disjoint,ranking,all,HLA-B*56:01,pearson_log,0.9353102304117199,3,3,False
baseline_plus_conditional_all,peptide_disjoint,ranking,all,HLA-B*56:01,auc_gt_2h,,3,3,False
baseline_plus_conditional_all,peptide_disjoint,ranking,all,HLA-B*57:01,spearman,,1,1,True
baseline_plus_conditional_all,peptide_disjoint,ranking,all,HLA-B*57:01,pearson_log,,1,1,True
baseline_plus_conditional_all,peptide_disjoint,ranking,all,HLA-B*57:01,auc_gt_2h,,1,1,True
baseline_plus_conditional_all,peptide_disjoint,ranking,all,HLA-B*57:02,spearman,-0.5,3,3,False
baseline_plus_conditional_all,peptide_disjoint,ranking,all,HLA-B*57:02,pearson_log,-0.29139250894235147,3,3,False
baseline_plus_conditional_all,peptide_disjoint,ranking,all,HLA-B*57:02,auc_gt_2h,,3,3,False
baseline_plus_conditional_all,peptide_disjoint,ranking,all,HLA-B*57:03,spearman,,2,2,False
baseline_plus_conditional_all,peptide_disjoint,ranking,all,HLA-B*57:03,pearson_log,,2,2,False
baseline_plus_conditional_all,peptide_disjoint,ranking,all,HLA-B*57:03,auc_gt_2h,1.0,2,2,False
baseline_plus_conditional_all,peptide_disjoint,ranking,all,HLA-B*58:01,spearman,0.49999999999999994,5,5,False
baseline_plus_conditional_all,peptide_disjoint,ranking,all,HLA-B*58:01,pearson_log,0.5283041243312155,5,5,False
baseline_plus_conditional_all,peptide_disjoint,ranking,all,HLA-B*58:01,auc_gt_2h,0.8333333333333334,5,5,False
baseline_plus_conditional_all,peptide_disjoint,ranking,all,HLA-B*81:01,spearman,0.48571428571428577,6,6,False
baseline_plus_conditional_all,peptide_disjoint,ranking,all,HLA-B*81:01,pearson_log,0.7209692556612735,6,6,False
baseline_plus_conditional_all,peptide_disjoint,ranking,all,HLA-B*81:01,auc_gt_2h,,6,6,False
baseline_plus_conditional_all,peptide_disjoint,ranking,nonzero,HLA-A*01:01,spearman,,2,2,False
baseline_plus_conditional_all,peptide_disjoint,ranking,nonzero,HLA-A*01:01,pearson_log,,2,2,False
baseline_plus_conditional_all,peptide_disjoint,ranking,nonzero,HLA-A*01:01,auc_gt_2h,1.0,2,2,False
baseline_plus_conditional_all,peptide_disjoint,ranking,nonzero,HLA-A*02:01,spearman,0.5,3,3,False
baseline_plus_conditional_all,peptide_disjoint,ranking,nonzero,HLA-A*02:01,pearson_log,-0.24154570383153043,3,3,False
baseline_plus_conditional_all,peptide_disjoint,ranking,nonzero,HLA-A*02:01,auc_gt_2h,,3,3,False
baseline_plus_conditional_all,peptide_disjoint,ranking,nonzero,HLA-A*02:03,spearman,,1,1,True
baseline_plus_conditional_all,peptide_disjoint,ranking,nonzero,HLA-A*02:03,pearson_log,,1,1,True
baseline_plus_conditional_all,peptide_disjoint,ranking,nonzero,HLA-A*02:03,auc_gt_2h,,1,1,True
baseline_plus_conditional_all,peptide_disjoint,ranking,nonzero,HLA-A*02:05,spearman,0.3,5,5,False
baseline_plus_conditional_all,peptide_disjoint,ranking,nonzero,HLA-A*02:05,pearson_log,0.14811931644099263,5,5,False
baseline_plus_conditional_all,peptide_disjoint,ranking,nonzero,HLA-A*02:05,auc_gt_2h,0.5,5,5,False
baseline_plus_conditional_all,peptide_disjoint,ranking,nonzero,HLA-A*02:10,spearman,,2,2,False
baseline_plus_conditional_all,peptide_disjoint,ranking,nonzero,HLA-A*02:10,pearson_log,,2,2,False
baseline_plus_conditional_all,peptide_disjoint,ranking,nonzero,HLA-A*02:10,auc_gt_2h,1.0,2,2,False
baseline_plus_conditional_all,peptide_disjoint,ranking,nonzero,HLA-A*02:11,spearman,,2,2,False
baseline_plus_conditional_all,peptide_disjoint,ranking,nonzero,HLA-A*02:11,pearson_log,,2,2,False
baseline_plus_conditional_all,peptide_disjoint,ranking,nonzero,HLA-A*02:11,auc_gt_2h,,2,2,False
baseline_plus_conditional_all,peptide_disjoint,ranking,nonzero,HLA-A*02:12,spearman,0.39999999999999997,4,4,False
baseline_plus_conditional_all,peptide_disjoint,ranking,nonzero,HLA-A*02:12,pearson_log,0.6293148682385341,4,4,False
baseline_plus_conditional_all,peptide_disjoint,ranking,nonzero,HLA-A*02:12,auc_gt_2h,0.75,4,4,False
baseline_plus_conditional_all,peptide_disjoint,ranking,nonzero,HLA-A*02:19,spearman,-0.3,5,5,False
baseline_plus_conditional_all,peptide_disjoint,ranking,nonzero,HLA-A*02:19,pearson_log,-0.6931273712730767,5,5,False
baseline_plus_conditional_all,peptide_disjoint,ranking,nonzero,HLA-A*02:19,auc_gt_2h,0.0,5,5,False
baseline_plus_conditional_all,peptide_disjoint,ranking,nonzero,HLA-A*02:50,spearman,0.7999999999999999,4,4,False
baseline_plus_conditional_all,peptide_disjoint,ranking,nonzero,HLA-A*02:50,pearson_log,0.7742311824354146,4,4,False
baseline_plus_conditional_all,peptide_disjoint,ranking,nonzero,HLA-A*02:50,auc_gt_2h,,4,4,False
baseline_plus_conditional_all,peptide_disjoint,ranking,nonzero,HLA-A*03:01,spearman,-0.3,5,5,False
baseline_plus_conditional_all,peptide_disjoint,ranking,nonzero,HLA-A*03:01,pearson_log,-0.5329085321592563,5,5,False
baseline_plus_conditional_all,peptide_disjoint,ranking,nonzero,HLA-A*03:01,auc_gt_2h,0.25,5,5,False
baseline_plus_conditional_all,peptide_disjoint,ranking,nonzero,HLA-A*11:01,spearman,,1,1,True
baseline_plus_conditional_all,peptide_disjoint,ranking,nonzero,HLA-A*11:01,pearson_log,,1,1,True
baseline_plus_conditional_all,peptide_disjoint,ranking,nonzero,HLA-A*11:01,auc_gt_2h,,1,1,True
baseline_plus_conditional_all,peptide_disjoint,ranking,nonzero,HLA-A*23:01,spearman,,2,2,False
baseline_plus_conditional_all,peptide_disjoint,ranking,nonzero,HLA-A*23:01,pearson_log,,2,2,False
baseline_plus_conditional_all,peptide_disjoint,ranking,nonzero,HLA-A*23:01,auc_gt_2h,0.0,2,2,False
baseline_plus_conditional_all,peptide_disjoint,ranking,nonzero,HLA-A*24:02,spearman,0.7999999999999999,4,4,False
baseline_plus_conditional_all,peptide_disjoint,ranking,nonzero,HLA-A*24:02,pearson_log,0.8182473400349721,4,4,False
baseline_plus_conditional_all,peptide_disjoint,ranking,nonzero,HLA-A*24:02,auc_gt_2h,1.0,4,4,False
baseline_plus_conditional_all,peptide_disjoint,ranking,nonzero,HLA-A*24:03,spearman,,2,2,False
baseline_plus_conditional_all,peptide_disjoint,ranking,nonzero,HLA-A*24:03,pearson_log,,2,2,False
baseline_plus_conditional_all,peptide_disjoint,ranking,nonzero,HLA-A*24:03,auc_gt_2h,,2,2,False
baseline_plus_conditional_all,peptide_disjoint,ranking,nonzero,HLA-A*24:07,spearman,,2,2,False
baseline_plus_conditional_all,peptide_disjoint,ranking,nonzero,HLA-A*24:07,pearson_log,,2,2,False
baseline_plus_conditional_all,peptide_disjoint,ranking,nonzero,HLA-A*24:07,auc_gt_2h,0.0,2,2,False
baseline_plus_conditional_all,peptide_disjoint,ranking,nonzero,HLA-A*24:19,spearman,,2,2,False
baseline_plus_conditional_all,peptide_disjoint,ranking,nonzero,HLA-A*24:19,pearson_log,,2,2,False
baseline_plus_conditional_all,peptide_disjoint,ranking,nonzero,HLA-A*24:19,auc_gt_2h,,2,2,False
baseline_plus_conditional_all,peptide_disjoint,ranking,nonzero,HLA-A*26:01,spearman,-0.5,3,3,False
baseline_plus_conditional_all,peptide_disjoint,ranking,nonzero,HLA-A*26:01,pearson_log,-0.5859144931690026,3,3,False
baseline_plus_conditional_all,peptide_disjoint,ranking,nonzero,HLA-A*26:01,auc_gt_2h,,3,3,False
baseline_plus_conditional_all,peptide_disjoint,ranking,nonzero,HLA-A*26:02,spearman,,2,2,False
baseline_plus_conditional_all,peptide_disjoint,ranking,nonzero,HLA-A*26:02,pearson_log,,2,2,False
baseline_plus_conditional_all,peptide_disjoint,ranking,nonzero,HLA-A*26:02,auc_gt_2h,,2,2,False
baseline_plus_conditional_all,peptide_disjoint,ranking,nonzero,HLA-A*29:02,spearman,0.6,5,5,False
baseline_plus_conditional_all,peptide_disjoint,ranking,nonzero,HLA-A*29:02,pearson_log,0.5774867706787054,5,5,False
baseline_plus_conditional_all,peptide_disjoint,ranking,nonzero,HLA-A*29:02,auc_gt_2h,0.75,5,5,False
baseline_plus_conditional_all,peptide_disjoint,ranking,nonzero,HLA-A*30:01,spearman,,2,2,False
baseline_plus_conditional_all,peptide_disjoint,ranking,nonzero,HLA-A*30:01,pearson_log,,2,2,False
baseline_plus_conditional_all,peptide_disjoint,ranking,nonzero,HLA-A*30:01,auc_gt_2h,,2,2,False
baseline_plus_conditional_all,peptide_disjoint,ranking,nonzero,HLA-A*30:02,spearman,,1,1,True
baseline_plus_conditional_all,peptide_disjoint,ranking,nonzero,HLA-A*30:02,pearson_log,,1,1,True
baseline_plus_conditional_all,peptide_disjoint,ranking,nonzero,HLA-A*30:02,auc_gt_2h,,1,1,True
baseline_plus_conditional_all,peptide_disjoint,ranking,nonzero,HLA-A*31:01,spearman,0.0,3,3,False
baseline_plus_conditional_all,peptide_disjoint,ranking,nonzero,HLA-A*31:01,pearson_log,-0.4281450047600279,3,3,False
baseline_plus_conditional_all,peptide_disjoint,ranking,nonzero,HLA-A*31:01,auc_gt_2h,,3,3,False
baseline_plus_conditional_all,peptide_disjoint,ranking,nonzero,HLA-A*32:01,spearman,-1.0,3,3,False
baseline_plus_conditional_all,peptide_disjoint,ranking,nonzero,HLA-A*32:01,pearson_log,-0.9780912462160207,3,3,False
baseline_plus_conditional_all,peptide_disjoint,ranking,nonzero,HLA-A*32:01,auc_gt_2h,0.0,3,3,False
baseline_plus_conditional_all,peptide_disjoint,ranking,nonzero,HLA-A*32:07,spearman,,2,2,False
baseline_plus_conditional_all,peptide_disjoint,ranking,nonzero,HLA-A*32:07,pearson_log,,2,2,False
baseline_plus_conditional_all,peptide_disjoint,ranking,nonzero,HLA-A*32:07,auc_gt_2h,1.0,2,2,False
baseline_plus_conditional_all,peptide_disjoint,ranking,nonzero,HLA-A*33:03,spearman,,1,1,True
baseline_plus_conditional_all,peptide_disjoint,ranking,nonzero,HLA-A*33:03,pearson_log,,1,1,True
baseline_plus_conditional_all,peptide_disjoint,ranking,nonzero,HLA-A*33:03,auc_gt_2h,,1,1,True
baseline_plus_conditional_all,peptide_disjoint,ranking,nonzero,HLA-A*43:01,spearman,0.6000000000000001,4,4,False
baseline_plus_conditional_all,peptide_disjoint,ranking,nonzero,HLA-A*43:01,pearson_log,0.755908029708368,4,4,False
baseline_plus_conditional_all,peptide_disjoint,ranking,nonzero,HLA-A*43:01,auc_gt_2h,0.6666666666666667,4,4,False
baseline_plus_conditional_all,peptide_disjoint,ranking,nonzero,HLA-A*66:01,spearman,,1,1,True
baseline_plus_conditional_all,peptide_disjoint,ranking,nonzero,HLA-A*66:01,pearson_log,,1,1,True
baseline_plus_conditional_all,peptide_disjoint,ranking,nonzero,HLA-A*66:01,auc_gt_2h,,1,1,True
baseline_plus_conditional_all,peptide_disjoint,ranking,nonzero,HLA-A*68:01,spearman,-0.5,3,3,False
baseline_plus_conditional_all,peptide_disjoint,ranking,nonzero,HLA-A*68:01,pearson_log,-0.5521996866289285,3,3,False
baseline_plus_conditional_all,peptide_disjoint,ranking,nonzero,HLA-A*68:01,auc_gt_2h,0.0,3,3,False
baseline_plus_conditional_all,peptide_disjoint,ranking,nonzero,HLA-A*68:02,spearman,0.6,5,5,False
baseline_plus_conditional_all,peptide_disjoint,ranking,nonzero,HLA-A*68:02,pearson_log,0.4772022673039632,5,5,False
baseline_plus_conditional_all,peptide_disjoint,ranking,nonzero,HLA-A*68:02,auc_gt_2h,,5,5,False
baseline_plus_conditional_all,peptide_disjoint,ranking,nonzero,HLA-A*68:23,spearman,-0.632455532033676,4,4,False
baseline_plus_conditional_all,peptide_disjoint,ranking,nonzero,HLA-A*68:23,pearson_log,-0.7124683129176599,4,4,False
baseline_plus_conditional_all,peptide_disjoint,ranking,nonzero,HLA-A*68:23,auc_gt_2h,,4,4,False
baseline_plus_conditional_all,peptide_disjoint,ranking,nonzero,HLA-A*69:01,spearman,0.10540925533894598,4,4,False
baseline_plus_conditional_all,peptide_disjoint,ranking,nonzero,HLA-A*69:01,pearson_log,0.430933629319274,4,4,False
baseline_plus_conditional_all,peptide_disjoint,ranking,nonzero,HLA-A*69:01,auc_gt_2h,,4,4,False
baseline_plus_conditional_all,peptide_disjoint,ranking,nonzero,HLA-A*80:01,spearman,,2,2,False
baseline_plus_conditional_all,peptide_disjoint,ranking,nonzero,HLA-A*80:01,pearson_log,,2,2,False
baseline_plus_conditional_all,peptide_disjoint,ranking,nonzero,HLA-A*80:01,auc_gt_2h,,2,2,False
baseline_plus_conditional_all,peptide_disjoint,ranking,nonzero,HLA-B*07:02,spearman,0.47434164902525683,5,5,False
baseline_plus_conditional_all,peptide_disjoint,ranking,nonzero,HLA-B*07:02,pearson_log,0.6094069835169684,5,5,False
baseline_plus_conditional_all,peptide_disjoint,ranking,nonzero,HLA-B*07:02,auc_gt_2h,0.8333333333333333,5,5,False
baseline_plus_conditional_all,peptide_disjoint,ranking,nonzero,HLA-B*08:01,spearman,,2,2,False
baseline_plus_conditional_all,peptide_disjoint,ranking,nonzero,HLA-B*08:01,pearson_log,,2,2,False
baseline_plus_conditional_all,peptide_disjoint,ranking,nonzero,HLA-B*08:01,auc_gt_2h,,2,2,False
baseline_plus_conditional_all,peptide_disjoint,ranking,nonzero,HLA-B*08:03,spearman,,2,2,False
baseline_plus_conditional_all,peptide_disjoint,ranking,nonzero,HLA-B*08:03,pearson_log,,2,2,False
baseline_plus_conditional_all,peptide_disjoint,ranking,nonzero,HLA-B*08:03,auc_gt_2h,0.0,2,2,False
baseline_plus_conditional_all,peptide_disjoint,ranking,nonzero,HLA-B*13:02,spearman,,1,1,True
baseline_plus_conditional_all,peptide_disjoint,ranking,nonzero,HLA-B*13:02,pearson_log,,1,1,True
baseline_plus_conditional_all,peptide_disjoint,ranking,nonzero,HLA-B*13:02,auc_gt_2h,,1,1,True
baseline_plus_conditional_all,peptide_disjoint,ranking,nonzero,HLA-B*15:01,spearman,-0.19999999999999998,4,4,False
baseline_plus_conditional_all,peptide_disjoint,ranking,nonzero,HLA-B*15:01,pearson_log,-0.38871749962667074,4,4,False
baseline_plus_conditional_all,peptide_disjoint,ranking,nonzero,HLA-B*15:01,auc_gt_2h,0.0,4,4,False
baseline_plus_conditional_all,peptide_disjoint,ranking,nonzero,HLA-B*15:10,spearman,,2,2,False
baseline_plus_conditional_all,peptide_disjoint,ranking,nonzero,HLA-B*15:10,pearson_log,,2,2,False
baseline_plus_conditional_all,peptide_disjoint,ranking,nonzero,HLA-B*15:10,auc_gt_2h,0.0,2,2,False
baseline_plus_conditional_all,peptide_disjoint,ranking,nonzero,HLA-B*18:01,spearman,,2,2,False
baseline_plus_conditional_all,peptide_disjoint,ranking,nonzero,HLA-B*18:01,pearson_log,,2,2,False
baseline_plus_conditional_all,peptide_disjoint,ranking,nonzero,HLA-B*18:01,auc_gt_2h,,2,2,False
baseline_plus_conditional_all,peptide_disjoint,ranking,nonzero,HLA-B*27:02,spearman,1.0,3,3,False
baseline_plus_conditional_all,peptide_disjoint,ranking,nonzero,HLA-B*27:02,pearson_log,0.9999390663721934,3,3,False
baseline_plus_conditional_all,peptide_disjoint,ranking,nonzero,HLA-B*27:02,auc_gt_2h,1.0,3,3,False
baseline_plus_conditional_all,peptide_disjoint,ranking,nonzero,HLA-B*27:03,spearman,,2,2,False
baseline_plus_conditional_all,peptide_disjoint,ranking,nonzero,HLA-B*27:03,pearson_log,,2,2,False
baseline_plus_conditional_all,peptide_disjoint,ranking,nonzero,HLA-B*27:03,auc_gt_2h,,2,2,False
baseline_plus_conditional_all,peptide_disjoint,ranking,nonzero,HLA-B*27:05,spearman,,1,1,True
baseline_plus_conditional_all,peptide_disjoint,ranking,nonzero,HLA-B*27:05,pearson_log,,1,1,True
baseline_plus_conditional_all,peptide_disjoint,ranking,nonzero,HLA-B*27:05,auc_gt_2h,,1,1,True
baseline_plus_conditional_all,peptide_disjoint,ranking,nonzero,HLA-B*27:20,spearman,-0.5,3,3,False
baseline_plus_conditional_all,peptide_disjoint,ranking,nonzero,HLA-B*27:20,pearson_log,0.14828588778533774,3,3,False
baseline_plus_conditional_all,peptide_disjoint,ranking,nonzero,HLA-B*27:20,auc_gt_2h,0.0,3,3,False
baseline_plus_conditional_all,peptide_disjoint,ranking,nonzero,HLA-B*35:01,spearman,,1,1,True
baseline_plus_conditional_all,peptide_disjoint,ranking,nonzero,HLA-B*35:01,pearson_log,,1,1,True
baseline_plus_conditional_all,peptide_disjoint,ranking,nonzero,HLA-B*35:01,auc_gt_2h,,1,1,True
baseline_plus_conditional_all,peptide_disjoint,ranking,nonzero,HLA-B*35:03,spearman,,2,2,False
baseline_plus_conditional_all,peptide_disjoint,ranking,nonzero,HLA-B*35:03,pearson_log,,2,2,False
baseline_plus_conditional_all,peptide_disjoint,ranking,nonzero,HLA-B*35:03,auc_gt_2h,1.0,2,2,False
baseline_plus_conditional_all,peptide_disjoint,ranking,nonzero,HLA-B*35:08,spearman,0.8660254037844387,3,3,False
baseline_plus_conditional_all,peptide_disjoint,ranking,nonzero,HLA-B*35:08,pearson_log,0.9797302603333515,3,3,False
baseline_plus_conditional_all,peptide_disjoint,ranking,nonzero,HLA-B*35:08,auc_gt_2h,1.0,3,3,False
baseline_plus_conditional_all,peptide_disjoint,ranking,nonzero,HLA-B*39:01,spearman,0.9486832980505139,4,4,False
baseline_plus_conditional_all,peptide_disjoint,ranking,nonzero,HLA-B*39:01,pearson_log,0.5495607278836436,4,4,False
baseline_plus_conditional_all,peptide_disjoint,ranking,nonzero,HLA-B*39:01,auc_gt_2h,1.0,4,4,False
baseline_plus_conditional_all,peptide_disjoint,ranking,nonzero,HLA-B*39:02,spearman,,1,1,True
baseline_plus_conditional_all,peptide_disjoint,ranking,nonzero,HLA-B*39:02,pearson_log,,1,1,True
baseline_plus_conditional_all,peptide_disjoint,ranking,nonzero,HLA-B*39:02,auc_gt_2h,,1,1,True
baseline_plus_conditional_all,peptide_disjoint,ranking,nonzero,HLA-B*39:06(C67S),spearman,,1,1,True
baseline_plus_conditional_all,peptide_disjoint,ranking,nonzero,HLA-B*39:06(C67S),pearson_log,,1,1,True
baseline_plus_conditional_all,peptide_disjoint,ranking,nonzero,HLA-B*39:06(C67S),auc_gt_2h,,1,1,True
baseline_plus_conditional_all,peptide_disjoint,ranking,nonzero,HLA-B*39:10,spearman,,1,1,True
baseline_plus_conditional_all,peptide_disjoint,ranking,nonzero,HLA-B*39:10,pearson_log,,1,1,True
baseline_plus_conditional_all,peptide_disjoint,ranking,nonzero,HLA-B*39:10,auc_gt_2h,,1,1,True
baseline_plus_conditional_all,peptide_disjoint,ranking,nonzero,HLA-B*40:01,spearman,,2,2,False
baseline_plus_conditional_all,peptide_disjoint,ranking,nonzero,HLA-B*40:01,pearson_log,,2,2,False
baseline_plus_conditional_all,peptide_disjoint,ranking,nonzero,HLA-B*40:01,auc_gt_2h,,2,2,False
baseline_plus_conditional_all,peptide_disjoint,ranking,nonzero,HLA-B*40:02,spearman,,2,2,False
baseline_plus_conditional_all,peptide_disjoint,ranking,nonzero,HLA-B*40:02,pearson_log,,2,2,False
baseline_plus_conditional_all,peptide_disjoint,ranking,nonzero,HLA-B*40:02,auc_gt_2h,0.0,2,2,False
baseline_plus_conditional_all,peptide_disjoint,ranking,nonzero,HLA-B*41:01,spearman,,2,2,False
baseline_plus_conditional_all,peptide_disjoint,ranking,nonzero,HLA-B*41:01,pearson_log,,2,2,False
baseline_plus_conditional_all,peptide_disjoint,ranking,nonzero,HLA-B*41:01,auc_gt_2h,,2,2,False
baseline_plus_conditional_all,peptide_disjoint,ranking,nonzero,HLA-B*42:01,spearman,,1,1,True
baseline_plus_conditional_all,peptide_disjoint,ranking,nonzero,HLA-B*42:01,pearson_log,,1,1,True
baseline_plus_conditional_all,peptide_disjoint,ranking,nonzero,HLA-B*42:01,auc_gt_2h,,1,1,True
baseline_plus_conditional_all,peptide_disjoint,ranking,nonzero,HLA-B*42:02,spearman,1.0,3,3,False
baseline_plus_conditional_all,peptide_disjoint,ranking,nonzero,HLA-B*42:02,pearson_log,0.7876004045492377,3,3,False
baseline_plus_conditional_all,peptide_disjoint,ranking,nonzero,HLA-B*42:02,auc_gt_2h,1.0,3,3,False
baseline_plus_conditional_all,peptide_disjoint,ranking,nonzero,HLA-B*44:05,spearman,,1,1,True
baseline_plus_conditional_all,peptide_disjoint,ranking,nonzero,HLA-B*44:05,pearson_log,,1,1,True
baseline_plus_conditional_all,peptide_disjoint,ranking,nonzero,HLA-B*44:05,auc_gt_2h,,1,1,True
baseline_plus_conditional_all,peptide_disjoint,ranking,nonzero,HLA-B*51:01,spearman,,1,1,True
baseline_plus_conditional_all,peptide_disjoint,ranking,nonzero,HLA-B*51:01,pearson_log,,1,1,True
baseline_plus_conditional_all,peptide_disjoint,ranking,nonzero,HLA-B*51:01,auc_gt_2h,,1,1,True
baseline_plus_conditional_all,peptide_disjoint,ranking,nonzero,HLA-B*54:01,spearman,0.39999999999999997,4,4,False
baseline_plus_conditional_all,peptide_disjoint,ranking,nonzero,HLA-B*54:01,pearson_log,0.6270265831635163,4,4,False
baseline_plus_conditional_all,peptide_disjoint,ranking,nonzero,HLA-B*54:01,auc_gt_2h,1.0,4,4,False
baseline_plus_conditional_all,peptide_disjoint,ranking,nonzero,HLA-B*56:01,spearman,,2,2,False
baseline_plus_conditional_all,peptide_disjoint,ranking,nonzero,HLA-B*56:01,pearson_log,,2,2,False
baseline_plus_conditional_all,peptide_disjoint,ranking,nonzero,HLA-B*56:01,auc_gt_2h,,2,2,False
baseline_plus_conditional_all,peptide_disjoint,ranking,nonzero,HLA-B*57:01,spearman,,1,1,True
baseline_plus_conditional_all,peptide_disjoint,ranking,nonzero,HLA-B*57:01,pearson_log,,1,1,True
baseline_plus_conditional_all,peptide_disjoint,ranking,nonzero,HLA-B*57:01,auc_gt_2h,,1,1,True
baseline_plus_conditional_all,peptide_disjoint,ranking,nonzero,HLA-B*57:02,spearman,-0.5,3,3,False
baseline_plus_conditional_all,peptide_disjoint,ranking,nonzero,HLA-B*57:02,pearson_log,-0.29139250894235147,3,3,False
baseline_plus_conditional_all,peptide_disjoint,ranking,nonzero,HLA-B*57:02,auc_gt_2h,,3,3,False
baseline_plus_conditional_all,peptide_disjoint,ranking,nonzero,HLA-B*57:03,spearman,,2,2,False
baseline_plus_conditional_all,peptide_disjoint,ranking,nonzero,HLA-B*57:03,pearson_log,,2,2,False
baseline_plus_conditional_all,peptide_disjoint,ranking,nonzero,HLA-B*57:03,auc_gt_2h,1.0,2,2,False
baseline_plus_conditional_all,peptide_disjoint,ranking,nonzero,HLA-B*58:01,spearman,0.49999999999999994,5,5,False
baseline_plus_conditional_all,peptide_disjoint,ranking,nonzero,HLA-B*58:01,pearson_log,0.5283041243312155,5,5,False
baseline_plus_conditional_all,peptide_disjoint,ranking,nonzero,HLA-B*58:01,auc_gt_2h,0.8333333333333334,5,5,False
baseline_plus_conditional_all,peptide_disjoint,ranking,nonzero,HLA-B*81:01,spearman,0.09999999999999999,5,5,False
baseline_plus_conditional_all,peptide_disjoint,ranking,nonzero,HLA-B*81:01,pearson_log,0.23081439258619302,5,5,False
baseline_plus_conditional_all,peptide_disjoint,ranking,nonzero,HLA-B*81:01,auc_gt_2h,,5,5,False
baseline_plus_conditional_all,random,ranking,all,HLA-A*01:01,spearman,1.0,3,3,False
baseline_plus_conditional_all,random,ranking,all,HLA-A*01:01,pearson_log,0.7706062532595361,3,3,False
baseline_plus_conditional_all,random,ranking,all,HLA-A*01:01,auc_gt_2h,,3,3,False
baseline_plus_conditional_all,random,ranking,all,HLA-A*02:01,spearman,0.5,3,3,False
baseline_plus_conditional_all,random,ranking,all,HLA-A*02:01,pearson_log,-0.07569380798992478,3,3,False
baseline_plus_conditional_all,random,ranking,all,HLA-A*02:01,auc_gt_2h,,3,3,False
baseline_plus_conditional_all,random,ranking,all,HLA-A*02:03,spearman,0.5,3,3,False
baseline_plus_conditional_all,random,ranking,all,HLA-A*02:03,pearson_log,0.2889420859141729,3,3,False
baseline_plus_conditional_all,random,ranking,all,HLA-A*02:03,auc_gt_2h,1.0,3,3,False
baseline_plus_conditional_all,random,ranking,all,HLA-A*02:05,spearman,-0.5,3,3,False
baseline_plus_conditional_all,random,ranking,all,HLA-A*02:05,pearson_log,-0.7780336111987981,3,3,False
baseline_plus_conditional_all,random,ranking,all,HLA-A*02:05,auc_gt_2h,,3,3,False
baseline_plus_conditional_all,random,ranking,all,HLA-A*02:10,spearman,0.5,3,3,False
baseline_plus_conditional_all,random,ranking,all,HLA-A*02:10,pearson_log,0.8395267188555047,3,3,False
baseline_plus_conditional_all,random,ranking,all,HLA-A*02:10,auc_gt_2h,1.0,3,3,False
baseline_plus_conditional_all,random,ranking,all,HLA-A*02:11,spearman,-1.0,3,3,False
baseline_plus_conditional_all,random,ranking,all,HLA-A*02:11,pearson_log,-0.9871577966760725,3,3,False
baseline_plus_conditional_all,random,ranking,all,HLA-A*02:11,auc_gt_2h,,3,3,False
baseline_plus_conditional_all,random,ranking,all,HLA-A*02:12,spearman,-0.5,3,3,False
baseline_plus_conditional_all,random,ranking,all,HLA-A*02:12,pearson_log,-0.7525651974718874,3,3,False
baseline_plus_conditional_all,random,ranking,all,HLA-A*02:12,auc_gt_2h,,3,3,False
baseline_plus_conditional_all,random,ranking,all,HLA-A*02:16,spearman,-0.5,3,3,False
baseline_plus_conditional_all,random,ranking,all,HLA-A*02:16,pearson_log,-0.1567035427976631,3,3,False
baseline_plus_conditional_all,random,ranking,all,HLA-A*02:16,auc_gt_2h,0.0,3,3,False
baseline_plus_conditional_all,random,ranking,all,HLA-A*02:19,spearman,0.5,3,3,False
baseline_plus_conditional_all,random,ranking,all,HLA-A*02:19,pearson_log,0.7822190384056406,3,3,False
baseline_plus_conditional_all,random,ranking,all,HLA-A*02:19,auc_gt_2h,,3,3,False
baseline_plus_conditional_all,random,ranking,all,HLA-A*02:50,spearman,0.5,3,3,False
baseline_plus_conditional_all,random,ranking,all,HLA-A*02:50,pearson_log,0.42314822572363886,3,3,False
baseline_plus_conditional_all,random,ranking,all,HLA-A*02:50,auc_gt_2h,,3,3,False
baseline_plus_conditional_all,random,ranking,all,HLA-A*03:01,spearman,0.5,3,3,False
baseline_plus_conditional_all,random,ranking,all,HLA-A*03:01,pearson_log,0.5355712810590091,3,3,False
baseline_plus_conditional_all,random,ranking,all,HLA-A*03:01,auc_gt_2h,1.0,3,3,False
baseline_plus_conditional_all,random,ranking,all,HLA-A*11:01,spearman,1.0,3,3,False
baseline_plus_conditional_all,random,ranking,all,HLA-A*11:01,pearson_log,0.8279234140846864,3,3,False
baseline_plus_conditional_all,random,ranking,all,HLA-A*11:01,auc_gt_2h,1.0,3,3,False
baseline_plus_conditional_all,random,ranking,all,HLA-A*23:01,spearman,-0.5,3,3,False
baseline_plus_conditional_all,random,ranking,all,HLA-A*23:01,pearson_log,-0.37249160068613707,3,3,False
baseline_plus_conditional_all,random,ranking,all,HLA-A*23:01,auc_gt_2h,0.5,3,3,False
baseline_plus_conditional_all,random,ranking,all,HLA-A*24:02,spearman,-0.5,3,3,False
baseline_plus_conditional_all,random,ranking,all,HLA-A*24:02,pearson_log,-0.7397740032117572,3,3,False
baseline_plus_conditional_all,random,ranking,all,HLA-A*24:02,auc_gt_2h,0.0,3,3,False
baseline_plus_conditional_all,random,ranking,all,HLA-A*24:03,spearman,1.0,3,3,False
baseline_plus_conditional_all,random,ranking,all,HLA-A*24:03,pearson_log,0.9999342574111603,3,3,False
baseline_plus_conditional_all,random,ranking,all,HLA-A*24:03,auc_gt_2h,1.0,3,3,False
baseline_plus_conditional_all,random,ranking,all,HLA-A*24:07,spearman,-0.5,3,3,False
baseline_plus_conditional_all,random,ranking,all,HLA-A*24:07,pearson_log,-0.6669506001063801,3,3,False
baseline_plus_conditional_all,random,ranking,all,HLA-A*24:07,auc_gt_2h,,3,3,False
baseline_plus_conditional_all,random,ranking,all,HLA-A*24:19,spearman,0.5,3,3,False
baseline_plus_conditional_all,random,ranking,all,HLA-A*24:19,pearson_log,0.5471277398613412,3,3,False
baseline_plus_conditional_all,random,ranking,all,HLA-A*24:19,auc_gt_2h,,3,3,False
baseline_plus_conditional_all,random,ranking,all,HLA-A*25:01,spearman,0.0,3,3,False
baseline_plus_conditional_all,random,ranking,all,HLA-A*25:01,pearson_log,-0.28329049947364426,3,3,False
baseline_plus_conditional_all,random,ranking,all,HLA-A*25:01,auc_gt_2h,,3,3,False
baseline_plus_conditional_all,random,ranking,all,HLA-A*26:01,spearman,-0.5,3,3,False
baseline_plus_conditional_all,random,ranking,all,HLA-A*26:01,pearson_log,-0.6912863174699655,3,3,False
baseline_plus_conditional_all,random,ranking,all,HLA-A*26:01,auc_gt_2h,,3,3,False
baseline_plus_conditional_all,random,ranking,all,HLA-A*26:02,spearman,0.5,3,3,False
baseline_plus_conditional_all,random,ranking,all,HLA-A*26:02,pearson_log,-0.39396944100981246,3,3,False
baseline_plus_conditional_all,random,ranking,all,HLA-A*26:02,auc_gt_2h,0.5,3,3,False
baseline_plus_conditional_all,random,ranking,all,HLA-A*26:03,spearman,-0.8660254037844387,3,3,False
baseline_plus_conditional_all,random,ranking,all,HLA-A*26:03,pearson_log,-0.8489526285661531,3,3,False
baseline_plus_conditional_all,random,ranking,all,HLA-A*26:03,auc_gt_2h,,3,3,False
baseline_plus_conditional_all,random,ranking,all,HLA-A*29:02,spearman,0.5,3,3,False
baseline_plus_conditional_all,random,ranking,all,HLA-A*29:02,pearson_log,0.565251325630044,3,3,False
baseline_plus_conditional_all,random,ranking,all,HLA-A*29:02,auc_gt_2h,1.0,3,3,False
baseline_plus_conditional_all,random,ranking,all,HLA-A*30:01,spearman,-0.5,3,3,False
baseline_plus_conditional_all,random,ranking,all,HLA-A*30:01,pearson_log,0.17456688033746215,3,3,False
baseline_plus_conditional_all,random,ranking,all,HLA-A*30:01,auc_gt_2h,0.5,3,3,False
baseline_plus_conditional_all,random,ranking,all,HLA-A*30:02,spearman,-0.5,3,3,False
baseline_plus_conditional_all,random,ranking,all,HLA-A*30:02,pearson_log,-0.19291696306281114,3,3,False
baseline_plus_conditional_all,random,ranking,all,HLA-A*30:02,auc_gt_2h,0.0,3,3,False
baseline_plus_conditional_all,random,ranking,all,HLA-A*31:01,spearman,0.5,3,3,False
baseline_plus_conditional_all,random,ranking,all,HLA-A*31:01,pearson_log,0.4702833846668962,3,3,False
baseline_plus_conditional_all,random,ranking,all,HLA-A*31:01,auc_gt_2h,0.5,3,3,False
baseline_plus_conditional_all,random,ranking,all,HLA-A*32:01,spearman,1.0,3,3,False
baseline_plus_conditional_all,random,ranking,all,HLA-A*32:01,pearson_log,0.9664603561118319,3,3,False
baseline_plus_conditional_all,random,ranking,all,HLA-A*32:01,auc_gt_2h,1.0,3,3,False
baseline_plus_conditional_all,random,ranking,all,HLA-A*32:07,spearman,-0.5,3,3,False
baseline_plus_conditional_all,random,ranking,all,HLA-A*32:07,pearson_log,-0.4923843979383943,3,3,False
baseline_plus_conditional_all,random,ranking,all,HLA-A*32:07,auc_gt_2h,0.0,3,3,False
baseline_plus_conditional_all,random,ranking,all,HLA-A*33:03,spearman,0.5,3,3,False
baseline_plus_conditional_all,random,ranking,all,HLA-A*33:03,pearson_log,0.864438337465562,3,3,False
baseline_plus_conditional_all,random,ranking,all,HLA-A*33:03,auc_gt_2h,1.0,3,3,False
baseline_plus_conditional_all,random,ranking,all,HLA-A*43:01,spearman,0.5,3,3,False
baseline_plus_conditional_all,random,ranking,all,HLA-A*43:01,pearson_log,0.7394020793426279,3,3,False
baseline_plus_conditional_all,random,ranking,all,HLA-A*43:01,auc_gt_2h,0.5,3,3,False
baseline_plus_conditional_all,random,ranking,all,HLA-A*66:01,spearman,-0.5,3,3,False
baseline_plus_conditional_all,random,ranking,all,HLA-A*66:01,pearson_log,-0.6540770283860768,3,3,False
baseline_plus_conditional_all,random,ranking,all,HLA-A*66:01,auc_gt_2h,,3,3,False
baseline_plus_conditional_all,random,ranking,all,HLA-A*68:01,spearman,0.5,3,3,False
baseline_plus_conditional_all,random,ranking,all,HLA-A*68:01,pearson_log,0.8394601343583866,3,3,False
baseline_plus_conditional_all,random,ranking,all,HLA-A*68:01,auc_gt_2h,1.0,3,3,False
baseline_plus_conditional_all,random,ranking,all,HLA-A*68:02,spearman,-0.5,3,3,False
baseline_plus_conditional_all,random,ranking,all,HLA-A*68:02,pearson_log,-0.3630476022402384,3,3,False
baseline_plus_conditional_all,random,ranking,all,HLA-A*68:02,auc_gt_2h,0.5,3,3,False
baseline_plus_conditional_all,random,ranking,all,HLA-A*68:23,spearman,,2,2,False
baseline_plus_conditional_all,random,ranking,all,HLA-A*68:23,pearson_log,,2,2,False
baseline_plus_conditional_all,random,ranking,all,HLA-A*68:23,auc_gt_2h,,2,2,False
baseline_plus_conditional_all,random,ranking,all,HLA-A*69:01,spearman,-1.0,3,3,False
baseline_plus_conditional_all,random,ranking,all,HLA-A*69:01,pearson_log,-0.9054952461404377,3,3,False
baseline_plus_conditional_all,random,ranking,all,HLA-A*69:01,auc_gt_2h,,3,3,False
baseline_plus_conditional_all,random,ranking,all,HLA-A*74:01,spearman,,2,2,False
baseline_plus_conditional_all,random,ranking,all,HLA-A*74:01,pearson_log,,2,2,False
baseline_plus_conditional_all,random,ranking,all,HLA-A*74:01,auc_gt_2h,,2,2,False
baseline_plus_conditional_all,random,ranking,all,HLA-A*80:01,spearman,0.5,3,3,False
baseline_plus_conditional_all,random,ranking,all,HLA-A*80:01,pearson_log,0.8299893586697618,3,3,False
baseline_plus_conditional_all,random,ranking,all,HLA-A*80:01,auc_gt_2h,0.5,3,3,False
baseline_plus_conditional_all,random,ranking,all,HLA-B*07:02,spearman,,2,2,False
baseline_plus_conditional_all,random,ranking,all,HLA-B*07:02,pearson_log,,2,2,False
baseline_plus_conditional_all,random,ranking,all,HLA-B*07:02,auc_gt_2h,,2,2,False
baseline_plus_conditional_all,random,ranking,all,HLA-B*08:01,spearman,0.8660254037844387,3,3,False
baseline_plus_conditional_all,random,ranking,all,HLA-B*08:01,pearson_log,0.8782280021670736,3,3,False
baseline_plus_conditional_all,random,ranking,all,HLA-B*08:01,auc_gt_2h,,3,3,False
baseline_plus_conditional_all,random,ranking,all,HLA-B*08:03,spearman,,2,2,False
baseline_plus_conditional_all,random,ranking,all,HLA-B*08:03,pearson_log,,2,2,False
baseline_plus_conditional_all,random,ranking,all,HLA-B*08:03,auc_gt_2h,,2,2,False
baseline_plus_conditional_all,random,ranking,all,HLA-B*13:02,spearman,,1,1,True
baseline_plus_conditional_all,random,ranking,all,HLA-B*13:02,pearson_log,,1,1,True
baseline_plus_conditional_all,random,ranking,all,HLA-B*13:02,auc_gt_2h,,1,1,True
baseline_plus_conditional_all,random,ranking,all,HLA-B*14:01(C67S),spearman,,2,2,False
baseline_plus_conditional_all,random,ranking,all,HLA-B*14:01(C67S),pearson_log,,2,2,False
baseline_plus_conditional_all,random,ranking,all,HLA-B*14:01(C67S),auc_gt_2h,,2,2,False
baseline_plus_conditional_all,random,ranking,all,HLA-B*14:02(C67S),spearman,,2,2,False
baseline_plus_conditional_all,random,ranking,all,HLA-B*14:02(C67S),pearson_log,,2,2,False
baseline_plus_conditional_all,random,ranking,all,HLA-B*14:02(C67S),auc_gt_2h,1.0,2,2,False
baseline_plus_conditional_all,random,ranking,all,HLA-B*15:01,spearman,0.5,3,3,False
baseline_plus_conditional_all,random,ranking,all,HLA-B*15:01,pearson_log,0.20331681690086864,3,3,False
baseline_plus_conditional_all,random,ranking,all,HLA-B*15:01,auc_gt_2h,1.0,3,3,False
baseline_plus_conditional_all,random,ranking,all,HLA-B*15:02,spearman,-0.5,3,3,False
baseline_plus_conditional_all,random,ranking,all,HLA-B*15:02,pearson_log,-0.9314521959351941,3,3,False
baseline_plus_conditional_all,random,ranking,all,HLA-B*15:02,auc_gt_2h,0.5,3,3,False
baseline_plus_conditional_all,random,ranking,all,HLA-B*15:10,spearman,,2,2,False
baseline_plus_conditional_all,random,ranking,all,HLA-B*15:10,pearson_log,,2,2,False
baseline_plus_conditional_all,random,ranking,all,HLA-B*15:10,auc_gt_2h,1.0,2,2,False
baseline_plus_conditional_all,random,ranking,all,HLA-B*15:17,spearman,,2,2,False
baseline_plus_conditional_all,random,ranking,all,HLA-B*15:17,pearson_log,,2,2,False
baseline_plus_conditional_all,random,ranking,all,HLA-B*15:17,auc_gt_2h,0.0,2,2,False
baseline_plus_conditional_all,random,ranking,all,HLA-B*18:01,spearman,,2,2,False
baseline_plus_conditional_all,random,ranking,all,HLA-B*18:01,pearson_log,,2,2,False
baseline_plus_conditional_all,random,ranking,all,HLA-B*18:01,auc_gt_2h,0.0,2,2,False
baseline_plus_conditional_all,random,ranking,all,HLA-B*27:02,spearman,,2,2,False
baseline_plus_conditional_all,random,ranking,all,HLA-B*27:02,pearson_log,,2,2,False
baseline_plus_conditional_all,random,ranking,all,HLA-B*27:02,auc_gt_2h,,2,2,False
baseline_plus_conditional_all,random,ranking,all,HLA-B*27:03,spearman,,2,2,False
baseline_plus_conditional_all,random,ranking,all,HLA-B*27:03,pearson_log,,2,2,False
baseline_plus_conditional_all,random,ranking,all,HLA-B*27:03,auc_gt_2h,,2,2,False
baseline_plus_conditional_all,random,ranking,all,HLA-B*27:05,spearman,0.5,3,3,False
baseline_plus_conditional_all,random,ranking,all,HLA-B*27:05,pearson_log,0.3801337217286622,3,3,False
baseline_plus_conditional_all,random,ranking,all,HLA-B*27:05,auc_gt_2h,0.5,3,3,False
baseline_plus_conditional_all,random,ranking,all,HLA-B*27:20,spearman,,2,2,False
baseline_plus_conditional_all,random,ranking,all,HLA-B*27:20,pearson_log,,2,2,False
baseline_plus_conditional_all,random,ranking,all,HLA-B*27:20,auc_gt_2h,,2,2,False
baseline_plus_conditional_all,random,ranking,all,HLA-B*35:01,spearman,,2,2,False
baseline_plus_conditional_all,random,ranking,all,HLA-B*35:01,pearson_log,,2,2,False
baseline_plus_conditional_all,random,ranking,all,HLA-B*35:01,auc_gt_2h,1.0,2,2,False
baseline_plus_conditional_all,random,ranking,all,HLA-B*35:03,spearman,,2,2,False
baseline_plus_conditional_all,random,ranking,all,HLA-B*35:03,pearson_log,,2,2,False
baseline_plus_conditional_all,random,ranking,all,HLA-B*35:03,auc_gt_2h,0.0,2,2,False
baseline_plus_conditional_all,random,ranking,all,HLA-B*35:08,spearman,0.5,3,3,False
baseline_plus_conditional_all,random,ranking,all,HLA-B*35:08,pearson_log,0.38049987542672625,3,3,False
baseline_plus_conditional_all,random,ranking,all,HLA-B*35:08,auc_gt_2h,1.0,3,3,False
baseline_plus_conditional_all,random,ranking,all,HLA-B*39:01,spearman,,2,2,False
baseline_plus_conditional_all,random,ranking,all,HLA-B*39:01,pearson_log,,2,2,False
baseline_plus_conditional_all,random,ranking,all,HLA-B*39:01,auc_gt_2h,,2,2,False
baseline_plus_conditional_all,random,ranking,all,HLA-B*39:02,spearman,0.0,3,3,False
baseline_plus_conditional_all,random,ranking,all,HLA-B*39:02,pearson_log,0.13362111241009436,3,3,False
baseline_plus_conditional_all,random,ranking,all,HLA-B*39:02,auc_gt_2h,,3,3,False
baseline_plus_conditional_all,random,ranking,all,HLA-B*39:06(C67S),spearman,,3,3,False
baseline_plus_conditional_all,random,ranking,all,HLA-B*39:06(C67S),pearson_log,,3,3,False
baseline_plus_conditional_all,random,ranking,all,HLA-B*39:06(C67S),auc_gt_2h,,3,3,False
baseline_plus_conditional_all,random,ranking,all,HLA-B*39:10,spearman,,2,2,False
baseline_plus_conditional_all,random,ranking,all,HLA-B*39:10,pearson_log,,2,2,False
baseline_plus_conditional_all,random,ranking,all,HLA-B*39:10,auc_gt_2h,0.0,2,2,False
baseline_plus_conditional_all,random,ranking,all,HLA-B*40:01,spearman,-0.5,3,3,False
baseline_plus_conditional_all,random,ranking,all,HLA-B*40:01,pearson_log,-0.2920950869806408,3,3,False
baseline_plus_conditional_all,random,ranking,all,HLA-B*40:01,auc_gt_2h,,3,3,False
baseline_plus_conditional_all,random,ranking,all,HLA-B*40:02,spearman,1.0,3,3,False
baseline_plus_conditional_all,random,ranking,all,HLA-B*40:02,pearson_log,0.8313495055792528,3,3,False
baseline_plus_conditional_all,random,ranking,all,HLA-B*40:02,auc_gt_2h,1.0,3,3,False
baseline_plus_conditional_all,random,ranking,all,HLA-B*41:01,spearman,-0.5,3,3,False
baseline_plus_conditional_all,random,ranking,all,HLA-B*41:01,pearson_log,-0.9406151563274763,3,3,False
baseline_plus_conditional_all,random,ranking,all,HLA-B*41:01,auc_gt_2h,,3,3,False
baseline_plus_conditional_all,random,ranking,all,HLA-B*42:01,spearman,,2,2,False
baseline_plus_conditional_all,random,ranking,all,HLA-B*42:01,pearson_log,,2,2,False
baseline_plus_conditional_all,random,ranking,all,HLA-B*42:01,auc_gt_2h,,2,2,False
baseline_plus_conditional_all,random,ranking,all,HLA-B*42:02,spearman,-0.5,3,3,False
baseline_plus_conditional_all,random,ranking,all,HLA-B*42:02,pearson_log,-0.5111210028836306,3,3,False
baseline_plus_conditional_all,random,ranking,all,HLA-B*42:02,auc_gt_2h,0.0,3,3,False
baseline_plus_conditional_all,random,ranking,all,HLA-B*44:05,spearman,,2,2,False
baseline_plus_conditional_all,random,ranking,all,HLA-B*44:05,pearson_log,,2,2,False
baseline_plus_conditional_all,random,ranking,all,HLA-B*44:05,auc_gt_2h,,2,2,False
baseline_plus_conditional_all,random,ranking,all,HLA-B*45:01,spearman,0.8660254037844387,3,3,False
baseline_plus_conditional_all,random,ranking,all,HLA-B*45:01,pearson_log,0.9833906965622023,3,3,False
baseline_plus_conditional_all,random,ranking,all,HLA-B*45:01,auc_gt_2h,,3,3,False
baseline_plus_conditional_all,random,ranking,all,HLA-B*46:01,spearman,0.0,3,3,False
baseline_plus_conditional_all,random,ranking,all,HLA-B*46:01,pearson_log,0.2537292265554977,3,3,False
baseline_plus_conditional_all,random,ranking,all,HLA-B*46:01,auc_gt_2h,,3,3,False
baseline_plus_conditional_all,random,ranking,all,HLA-B*51:01,spearman,-0.8660254037844387,3,3,False
baseline_plus_conditional_all,random,ranking,all,HLA-B*51:01,pearson_log,-0.5248966799070942,3,3,False
baseline_plus_conditional_all,random,ranking,all,HLA-B*51:01,auc_gt_2h,0.0,3,3,False
baseline_plus_conditional_all,random,ranking,all,HLA-B*54:01,spearman,0.5,3,3,False
baseline_plus_conditional_all,random,ranking,all,HLA-B*54:01,pearson_log,0.8861363995534772,3,3,False
baseline_plus_conditional_all,random,ranking,all,HLA-B*54:01,auc_gt_2h,0.5,3,3,False
baseline_plus_conditional_all,random,ranking,all,HLA-B*55:01,spearman,,2,2,False
baseline_plus_conditional_all,random,ranking,all,HLA-B*55:01,pearson_log,,2,2,False
baseline_plus_conditional_all,random,ranking,all,HLA-B*55:01,auc_gt_2h,,2,2,False
baseline_plus_conditional_all,random,ranking,all,HLA-B*56:01,spearman,-0.5,3,3,False
baseline_plus_conditional_all,random,ranking,all,HLA-B*56:01,pearson_log,-0.25596419947925797,3,3,False
baseline_plus_conditional_all,random,ranking,all,HLA-B*56:01,auc_gt_2h,,3,3,False
baseline_plus_conditional_all,random,ranking,all,HLA-B*57:01,spearman,,2,2,False
baseline_plus_conditional_all,random,ranking,all,HLA-B*57:01,pearson_log,,2,2,False
baseline_plus_conditional_all,random,ranking,all,HLA-B*57:01,auc_gt_2h,,2,2,False
baseline_plus_conditional_all,random,ranking,all,HLA-B*57:02,spearman,,2,2,False
baseline_plus_conditional_all,random,ranking,all,HLA-B*57:02,pearson_log,,2,2,False
baseline_plus_conditional_all,random,ranking,all,HLA-B*57:02,auc_gt_2h,,2,2,False
baseline_plus_conditional_all,random,ranking,all,HLA-B*57:03,spearman,,2,2,False
baseline_plus_conditional_all,random,ranking,all,HLA-B*57:03,pearson_log,,2,2,False
baseline_plus_conditional_all,random,ranking,all,HLA-B*57:03,auc_gt_2h,,2,2,False
baseline_plus_conditional_all,random,ranking,all,HLA-B*58:01,spearman,0.5,3,3,False
baseline_plus_conditional_all,random,ranking,all,HLA-B*58:01,pearson_log,0.4607074058222773,3,3,False
baseline_plus_conditional_all,random,ranking,all,HLA-B*58:01,auc_gt_2h,1.0,3,3,False
baseline_plus_conditional_all,random,ranking,all,HLA-B*81:01,spearman,,2,2,False
baseline_plus_conditional_all,random,ranking,all,HLA-B*81:01,pearson_log,,2,2,False
baseline_plus_conditional_all,random,ranking,all,HLA-B*81:01,auc_gt_2h,,2,2,False
baseline_plus_conditional_all,random,ranking,nonzero,HLA-A*01:01,spearman,,2,2,False
baseline_plus_conditional_all,random,ranking,nonzero,HLA-A*01:01,pearson_log,,2,2,False
baseline_plus_conditional_all,random,ranking,nonzero,HLA-A*01:01,auc_gt_2h,,2,2,False
baseline_plus_conditional_all,random,ranking,nonzero,HLA-A*02:01,spearman,0.5,3,3,False
baseline_plus_conditional_all,random,ranking,nonzero,HLA-A*02:01,pearson_log,-0.07569380798992478,3,3,False
baseline_plus_conditional_all,random,ranking,nonzero,HLA-A*02:01,auc_gt_2h,,3,3,False
baseline_plus_conditional_all,random,ranking,nonzero,HLA-A*02:03,spearman,,2,2,False
baseline_plus_conditional_all,random,ranking,nonzero,HLA-A*02:03,pearson_log,,2,2,False
baseline_plus_conditional_all,random,ranking,nonzero,HLA-A*02:03,auc_gt_2h,1.0,2,2,False
baseline_plus_conditional_all,random,ranking,nonzero,HLA-A*02:05,spearman,-0.5,3,3,False
baseline_plus_conditional_all,random,ranking,nonzero,HLA-A*02:05,pearson_log,-0.7780336111987981,3,3,False
baseline_plus_conditional_all,random,ranking,nonzero,HLA-A*02:05,auc_gt_2h,,3,3,False
baseline_plus_conditional_all,random,ranking,nonzero,HLA-A*02:10,spearman,0.5,3,3,False
baseline_plus_conditional_all,random,ranking,nonzero,HLA-A*02:10,pearson_log,0.8395267188555047,3,3,False
baseline_plus_conditional_all,random,ranking,nonzero,HLA-A*02:10,auc_gt_2h,1.0,3,3,False
baseline_plus_conditional_all,random,ranking,nonzero,HLA-A*02:11,spearman,-1.0,3,3,False
baseline_plus_conditional_all,random,ranking,nonzero,HLA-A*02:11,pearson_log,-0.9871577966760725,3,3,False
baseline_plus_conditional_all,random,ranking,nonzero,HLA-A*02:11,auc_gt_2h,,3,3,False
baseline_plus_conditional_all,random,ranking,nonzero,HLA-A*02:12,spearman,-0.5,3,3,False
baseline_plus_conditional_all,random,ranking,nonzero,HLA-A*02:12,pearson_log,-0.7525651974718874,3,3,False
baseline_plus_conditional_all,random,ranking,nonzero,HLA-A*02:12,auc_gt_2h,,3,3,False
baseline_plus_conditional_all,random,ranking,nonzero,HLA-A*02:16,spearman,-0.5,3,3,False
baseline_plus_conditional_all,random,ranking,nonzero,HLA-A*02:16,pearson_log,-0.1567035427976631,3,3,False
baseline_plus_conditional_all,random,ranking,nonzero,HLA-A*02:16,auc_gt_2h,0.0,3,3,False
baseline_plus_conditional_all,random,ranking,nonzero,HLA-A*02:19,spearman,0.5,3,3,False
baseline_plus_conditional_all,random,ranking,nonzero,HLA-A*02:19,pearson_log,0.7822190384056406,3,3,False
baseline_plus_conditional_all,random,ranking,nonzero,HLA-A*02:19,auc_gt_2h,,3,3,False
baseline_plus_conditional_all,random,ranking,nonzero,HLA-A*02:50,spearman,0.5,3,3,False
baseline_plus_conditional_all,random,ranking,nonzero,HLA-A*02:50,pearson_log,0.42314822572363886,3,3,False
baseline_plus_conditional_all,random,ranking,nonzero,HLA-A*02:50,auc_gt_2h,,3,3,False
baseline_plus_conditional_all,random,ranking,nonzero,HLA-A*03:01,spearman,,2,2,False
baseline_plus_conditional_all,random,ranking,nonzero,HLA-A*03:01,pearson_log,,2,2,False
baseline_plus_conditional_all,random,ranking,nonzero,HLA-A*03:01,auc_gt_2h,1.0,2,2,False
baseline_plus_conditional_all,random,ranking,nonzero,HLA-A*11:01,spearman,1.0,3,3,False
baseline_plus_conditional_all,random,ranking,nonzero,HLA-A*11:01,pearson_log,0.8279234140846864,3,3,False
baseline_plus_conditional_all,random,ranking,nonzero,HLA-A*11:01,auc_gt_2h,1.0,3,3,False
baseline_plus_conditional_all,random,ranking,nonzero,HLA-A*23:01,spearman,-0.5,3,3,False
baseline_plus_conditional_all,random,ranking,nonzero,HLA-A*23:01,pearson_log,-0.37249160068613707,3,3,False
baseline_plus_conditional_all,random,ranking,nonzero,HLA-A*23:01,auc_gt_2h,0.5,3,3,False
baseline_plus_conditional_all,random,ranking,nonzero,HLA-A*24:02,spearman,-0.5,3,3,False
baseline_plus_conditional_all,random,ranking,nonzero,HLA-A*24:02,pearson_log,-0.7397740032117572,3,3,False
baseline_plus_conditional_all,random,ranking,nonzero,HLA-A*24:02,auc_gt_2h,0.0,3,3,False
baseline_plus_conditional_all,random,ranking,nonzero,HLA-A*24:03,spearman,1.0,3,3,False
baseline_plus_conditional_all,random,ranking,nonzero,HLA-A*24:03,pearson_log,0.9999342574111603,3,3,False
baseline_plus_conditional_all,random,ranking,nonzero,HLA-A*24:03,auc_gt_2h,1.0,3,3,False
baseline_plus_conditional_all,random,ranking,nonzero,HLA-A*24:07,spearman,-0.5,3,3,False
baseline_plus_conditional_all,random,ranking,nonzero,HLA-A*24:07,pearson_log,-0.6669506001063801,3,3,False
baseline_plus_conditional_all,random,ranking,nonzero,HLA-A*24:07,auc_gt_2h,,3,3,False
baseline_plus_conditional_all,random,ranking,nonzero,HLA-A*24:19,spearman,,2,2,False
baseline_plus_conditional_all,random,ranking,nonzero,HLA-A*24:19,pearson_log,,2,2,False
baseline_plus_conditional_all,random,ranking,nonzero,HLA-A*24:19,auc_gt_2h,,2,2,False
baseline_plus_conditional_all,random,ranking,nonzero,HLA-A*25:01,spearman,,1,1,True
baseline_plus_conditional_all,random,ranking,nonzero,HLA-A*25:01,pearson_log,,1,1,True
baseline_plus_conditional_all,random,ranking,nonzero,HLA-A*25:01,auc_gt_2h,,1,1,True
baseline_plus_conditional_all,random,ranking,nonzero,HLA-A*26:01,spearman,-0.5,3,3,False
baseline_plus_conditional_all,random,ranking,nonzero,HLA-A*26:01,pearson_log,-0.6912863174699655,3,3,False
baseline_plus_conditional_all,random,ranking,nonzero,HLA-A*26:01,auc_gt_2h,,3,3,False
baseline_plus_conditional_all,random,ranking,nonzero,HLA-A*26:02,spearman,0.5,3,3,False
baseline_plus_conditional_all,random,ranking,nonzero,HLA-A*26:02,pearson_log,-0.39396944100981246,3,3,False
baseline_plus_conditional_all,random,ranking,nonzero,HLA-A*26:02,auc_gt_2h,0.5,3,3,False
baseline_plus_conditional_all,random,ranking,nonzero,HLA-A*26:03,spearman,,1,1,True
baseline_plus_conditional_all,random,ranking,nonzero,HLA-A*26:03,pearson_log,,1,1,True
baseline_plus_conditional_all,random,ranking,nonzero,HLA-A*26:03,auc_gt_2h,,1,1,True
baseline_plus_conditional_all,random,ranking,nonzero,HLA-A*29:02,spearman,0.5,3,3,False
baseline_plus_conditional_all,random,ranking,nonzero,HLA-A*29:02,pearson_log,0.565251325630044,3,3,False
baseline_plus_conditional_all,random,ranking,nonzero,HLA-A*29:02,auc_gt_2h,1.0,3,3,False
baseline_plus_conditional_all,random,ranking,nonzero,HLA-A*30:01,spearman,,2,2,False
baseline_plus_conditional_all,random,ranking,nonzero,HLA-A*30:01,pearson_log,,2,2,False
baseline_plus_conditional_all,random,ranking,nonzero,HLA-A*30:01,auc_gt_2h,1.0,2,2,False
baseline_plus_conditional_all,random,ranking,nonzero,HLA-A*30:02,spearman,,2,2,False
baseline_plus_conditional_all,random,ranking,nonzero,HLA-A*30:02,pearson_log,,2,2,False
baseline_plus_conditional_all,random,ranking,nonzero,HLA-A*30:02,auc_gt_2h,0.0,2,2,False
baseline_plus_conditional_all,random,ranking,nonzero,HLA-A*31:01,spearman,0.5,3,3,False
baseline_plus_conditional_all,random,ranking,nonzero,HLA-A*31:01,pearson_log,0.4702833846668962,3,3,False
baseline_plus_conditional_all,random,ranking,nonzero,HLA-A*31:01,auc_gt_2h,0.5,3,3,False
baseline_plus_conditional_all,random,ranking,nonzero,HLA-A*32:01,spearman,,2,2,False
baseline_plus_conditional_all,random,ranking,nonzero,HLA-A*32:01,pearson_log,,2,2,False
baseline_plus_conditional_all,random,ranking,nonzero,HLA-A*32:01,auc_gt_2h,,2,2,False
baseline_plus_conditional_all,random,ranking,nonzero,HLA-A*32:07,spearman,-0.5,3,3,False
baseline_plus_conditional_all,random,ranking,nonzero,HLA-A*32:07,pearson_log,-0.4923843979383943,3,3,False
baseline_plus_conditional_all,random,ranking,nonzero,HLA-A*32:07,auc_gt_2h,0.0,3,3,False
baseline_plus_conditional_all,random,ranking,nonzero,HLA-A*33:03,spearman,,2,2,False
baseline_plus_conditional_all,random,ranking,nonzero,HLA-A*33:03,pearson_log,,2,2,False
baseline_plus_conditional_all,random,ranking,nonzero,HLA-A*33:03,auc_gt_2h,1.0,2,2,False
baseline_plus_conditional_all,random,ranking,nonzero,HLA-A*43:01,spearman,,2,2,False
baseline_plus_conditional_all,random,ranking,nonzero,HLA-A*43:01,pearson_log,,2,2,False
baseline_plus_conditional_all,random,ranking,nonzero,HLA-A*43:01,auc_gt_2h,0.0,2,2,False
baseline_plus_conditional_all,random,ranking,nonzero,HLA-A*66:01,spearman,,2,2,False
baseline_plus_conditional_all,random,ranking,nonzero,HLA-A*66:01,pearson_log,,2,2,False
baseline_plus_conditional_all,random,ranking,nonzero,HLA-A*66:01,auc_gt_2h,,2,2,False
baseline_plus_conditional_all,random,ranking,nonzero,HLA-A*68:01,spearman,,2,2,False
baseline_plus_conditional_all,random,ranking,nonzero,HLA-A*68:01,pearson_log,,2,2,False
baseline_plus_conditional_all,random,ranking,nonzero,HLA-A*68:01,auc_gt_2h,,2,2,False
baseline_plus_conditional_all,random,ranking,nonzero,HLA-A*68:02,spearman,-0.5,3,3,False
baseline_plus_conditional_all,random,ranking,nonzero,HLA-A*68:02,pearson_log,-0.3630476022402384,3,3,False
baseline_plus_conditional_all,random,ranking,nonzero,HLA-A*68:02,auc_gt_2h,0.5,3,3,False
baseline_plus_conditional_all,random,ranking,nonzero,HLA-A*68:23,spearman,,2,2,False
baseline_plus_conditional_all,random,ranking,nonzero,HLA-A*68:23,pearson_log,,2,2,False
baseline_plus_conditional_all,random,ranking,nonzero,HLA-A*68:23,auc_gt_2h,,2,2,False
baseline_plus_conditional_all,random,ranking,nonzero,HLA-A*69:01,spearman,-1.0,3,3,False
baseline_plus_conditional_all,random,ranking,nonzero,HLA-A*69:01,pearson_log,-0.9054952461404377,3,3,False
baseline_plus_conditional_all,random,ranking,nonzero,HLA-A*69:01,auc_gt_2h,,3,3,False
baseline_plus_conditional_all,random,ranking,nonzero,HLA-A*74:01,spearman,,2,2,False
baseline_plus_conditional_all,random,ranking,nonzero,HLA-A*74:01,pearson_log,,2,2,False
baseline_plus_conditional_all,random,ranking,nonzero,HLA-A*74:01,auc_gt_2h,,2,2,False
baseline_plus_conditional_all,random,ranking,nonzero,HLA-A*80:01,spearman,,2,2,False
baseline_plus_conditional_all,random,ranking,nonzero,HLA-A*80:01,pearson_log,,2,2,False
baseline_plus_conditional_all,random,ranking,nonzero,HLA-A*80:01,auc_gt_2h,0.0,2,2,False
baseline_plus_conditional_all,random,ranking,nonzero,HLA-B*07:02,spearman,,2,2,False
baseline_plus_conditional_all,random,ranking,nonzero,HLA-B*07:02,pearson_log,,2,2,False
baseline_plus_conditional_all,random,ranking,nonzero,HLA-B*07:02,auc_gt_2h,,2,2,False
baseline_plus_conditional_all,random,ranking,nonzero,HLA-B*08:01,spearman,0.8660254037844387,3,3,False
baseline_plus_conditional_all,random,ranking,nonzero,HLA-B*08:01,pearson_log,0.8782280021670736,3,3,False
baseline_plus_conditional_all,random,ranking,nonzero,HLA-B*08:01,auc_gt_2h,,3,3,False
baseline_plus_conditional_all,random,ranking,nonzero,HLA-B*08:03,spearman,,1,1,True
baseline_plus_conditional_all,random,ranking,nonzero,HLA-B*08:03,pearson_log,,1,1,True
baseline_plus_conditional_all,random,ranking,nonzero,HLA-B*08:03,auc_gt_2h,,1,1,True
baseline_plus_conditional_all,random,ranking,nonzero,HLA-B*13:02,spearman,,1,1,True
baseline_plus_conditional_all,random,ranking,nonzero,HLA-B*13:02,pearson_log,,1,1,True
baseline_plus_conditional_all,random,ranking,nonzero,HLA-B*13:02,auc_gt_2h,,1,1,True
baseline_plus_conditional_all,random,ranking,nonzero,HLA-B*14:02(C67S),spearman,,1,1,True
baseline_plus_conditional_all,random,ranking,nonzero,HLA-B*14:02(C67S),pearson_log,,1,1,True
baseline_plus_conditional_all,random,ranking,nonzero,HLA-B*14:02(C67S),auc_gt_2h,,1,1,True
baseline_plus_conditional_all,random,ranking,nonzero,HLA-B*15:01,spearman,,2,2,False
baseline_plus_conditional_all,random,ranking,nonzero,HLA-B*15:01,pearson_log,,2,2,False
baseline_plus_conditional_all,random,ranking,nonzero,HLA-B*15:01,auc_gt_2h,1.0,2,2,False
baseline_plus_conditional_all,random,ranking,nonzero,HLA-B*15:02,spearman,,2,2,False
baseline_plus_conditional_all,random,ranking,nonzero,HLA-B*15:02,pearson_log,,2,2,False
baseline_plus_conditional_all,random,ranking,nonzero,HLA-B*15:02,auc_gt_2h,1.0,2,2,False
baseline_plus_conditional_all,random,ranking,nonzero,HLA-B*15:10,spearman,,2,2,False
baseline_plus_conditional_all,random,ranking,nonzero,HLA-B*15:10,pearson_log,,2,2,False
baseline_plus_conditional_all,random,ranking,nonzero,HLA-B*15:10,auc_gt_2h,1.0,2,2,False
baseline_plus_conditional_all,random,ranking,nonzero,HLA-B*15:17,spearman,,1,1,True
baseline_plus_conditional_all,random,ranking,nonzero,HLA-B*15:17,pearson_log,,1,1,True
baseline_plus_conditional_all,random,ranking,nonzero,HLA-B*15:17,auc_gt_2h,,1,1,True
baseline_plus_conditional_all,random,ranking,nonzero,HLA-B*18:01,spearman,,2,2,False
baseline_plus_conditional_all,random,ranking,nonzero,HLA-B*18:01,pearson_log,,2,2,False
baseline_plus_conditional_all,random,ranking,nonzero,HLA-B*18:01,auc_gt_2h,0.0,2,2,False
baseline_plus_conditional_all,random,ranking,nonzero,HLA-B*27:02,spearman,,2,2,False
baseline_plus_conditional_all,random,ranking,nonzero,HLA-B*27:02,pearson_log,,2,2,False
baseline_plus_conditional_all,random,ranking,nonzero,HLA-B*27:02,auc_gt_2h,,2,2,False
baseline_plus_conditional_all,random,ranking,nonzero,HLA-B*27:03,spearman,,2,2,False
baseline_plus_conditional_all,random,ranking,nonzero,HLA-B*27:03,pearson_log,,2,2,False
baseline_plus_conditional_all,random,ranking,nonzero,HLA-B*27:03,auc_gt_2h,,2,2,False
baseline_plus_conditional_all,random,ranking,nonzero,HLA-B*27:05,spearman,0.5,3,3,False
baseline_plus_conditional_all,random,ranking,nonzero,HLA-B*27:05,pearson_log,0.3801337217286622,3,3,False
baseline_plus_conditional_all,random,ranking,nonzero,HLA-B*27:05,auc_gt_2h,0.5,3,3,False
baseline_plus_conditional_all,random,ranking,nonzero,HLA-B*27:20,spearman,,1,1,True
baseline_plus_conditional_all,random,ranking,nonzero,HLA-B*27:20,pearson_log,,1,1,True
baseline_plus_conditional_all,random,ranking,nonzero,HLA-B*27:20,auc_gt_2h,,1,1,True
baseline_plus_conditional_all,random,ranking,nonzero,HLA-B*35:01,spearman,,1,1,True
baseline_plus_conditional_all,random,ranking,nonzero,HLA-B*35:01,pearson_log,,1,1,True
baseline_plus_conditional_all,random,ranking,nonzero,HLA-B*35:01,auc_gt_2h,,1,1,True
baseline_plus_conditional_all,random,ranking,nonzero,HLA-B*35:03,spearman,,2,2,False
baseline_plus_conditional_all,random,ranking,nonzero,HLA-B*35:03,pearson_log,,2,2,False
baseline_plus_conditional_all,random,ranking,nonzero,HLA-B*35:03,auc_gt_2h,0.0,2,2,False
baseline_plus_conditional_all,random,ranking,nonzero,HLA-B*35:08,spearman,0.5,3,3,False
baseline_plus_conditional_all,random,ranking,nonzero,HLA-B*35:08,pearson_log,0.38049987542672625,3,3,False
baseline_plus_conditional_all,random,ranking,nonzero,HLA-B*35:08,auc_gt_2h,1.0,3,3,False
baseline_plus_conditional_all,random,ranking,nonzero,HLA-B*39:01,spearman,,2,2,False
baseline_plus_conditional_all,random,ranking,nonzero,HLA-B*39:01,pearson_log,,2,2,False
baseline_plus_conditional_all,random,ranking,nonzero,HLA-B*39:01,auc_gt_2h,,2,2,False
baseline_plus_conditional_all,random,ranking,nonzero,HLA-B*39:02,spearman,,2,2,False
baseline_plus_conditional_all,random,ranking,nonzero,HLA-B*39:02,pearson_log,,2,2,False
baseline_plus_conditional_all,random,ranking,nonzero,HLA-B*39:02,auc_gt_2h,,2,2,False
baseline_plus_conditional_all,random,ranking,nonzero,HLA-B*39:10,spearman,,2,2,False
baseline_plus_conditional_all,random,ranking,nonzero,HLA-B*39:10,pearson_log,,2,2,False
baseline_plus_conditional_all,random,ranking,nonzero,HLA-B*39:10,auc_gt_2h,0.0,2,2,False
baseline_plus_conditional_all,random,ranking,nonzero,HLA-B*40:01,spearman,-0.5,3,3,False
baseline_plus_conditional_all,random,ranking,nonzero,HLA-B*40:01,pearson_log,-0.2920950869806408,3,3,False
baseline_plus_conditional_all,random,ranking,nonzero,HLA-B*40:01,auc_gt_2h,,3,3,False
baseline_plus_conditional_all,random,ranking,nonzero,HLA-B*40:02,spearman,1.0,3,3,False
baseline_plus_conditional_all,random,ranking,nonzero,HLA-B*40:02,pearson_log,0.8313495055792528,3,3,False
baseline_plus_conditional_all,random,ranking,nonzero,HLA-B*40:02,auc_gt_2h,1.0,3,3,False
baseline_plus_conditional_all,random,ranking,nonzero,HLA-B*41:01,spearman,,2,2,False
baseline_plus_conditional_all,random,ranking,nonzero,HLA-B*41:01,pearson_log,,2,2,False
baseline_plus_conditional_all,random,ranking,nonzero,HLA-B*41:01,auc_gt_2h,,2,2,False
baseline_plus_conditional_all,random,ranking,nonzero,HLA-B*42:01,spearman,,2,2,False
baseline_plus_conditional_all,random,ranking,nonzero,HLA-B*42:01,pearson_log,,2,2,False
baseline_plus_conditional_all,random,ranking,nonzero,HLA-B*42:01,auc_gt_2h,,2,2,False
baseline_plus_conditional_all,random,ranking,nonzero,HLA-B*42:02,spearman,-0.5,3,3,False
baseline_plus_conditional_all,random,ranking,nonzero,HLA-B*42:02,pearson_log,-0.5111210028836306,3,3,False
baseline_plus_conditional_all,random,ranking,nonzero,HLA-B*42:02,auc_gt_2h,0.0,3,3,False
baseline_plus_conditional_all,random,ranking,nonzero,HLA-B*44:05,spearman,,2,2,False
baseline_plus_conditional_all,random,ranking,nonzero,HLA-B*44:05,pearson_log,,2,2,False
baseline_plus_conditional_all,random,ranking,nonzero,HLA-B*44:05,auc_gt_2h,,2,2,False
baseline_plus_conditional_all,random,ranking,nonzero,HLA-B*45:01,spearman,,1,1,True
baseline_plus_conditional_all,random,ranking,nonzero,HLA-B*45:01,pearson_log,,1,1,True
baseline_plus_conditional_all,random,ranking,nonzero,HLA-B*45:01,auc_gt_2h,,1,1,True
baseline_plus_conditional_all,random,ranking,nonzero,HLA-B*46:01,spearman,,1,1,True
baseline_plus_conditional_all,random,ranking,nonzero,HLA-B*46:01,pearson_log,,1,1,True
baseline_plus_conditional_all,random,ranking,nonzero,HLA-B*46:01,auc_gt_2h,,1,1,True
baseline_plus_conditional_all,random,ranking,nonzero,HLA-B*51:01,spearman,,1,1,True
baseline_plus_conditional_all,random,ranking,nonzero,HLA-B*51:01,pearson_log,,1,1,True
baseline_plus_conditional_all,random,ranking,nonzero,HLA-B*51:01,auc_gt_2h,,1,1,True
baseline_plus_conditional_all,random,ranking,nonzero,HLA-B*54:01,spearman,,2,2,False
baseline_plus_conditional_all,random,ranking,nonzero,HLA-B*54:01,pearson_log,,2,2,False
baseline_plus_conditional_all,random,ranking,nonzero,HLA-B*54:01,auc_gt_2h,0.0,2,2,False
baseline_plus_conditional_all,random,ranking,nonzero,HLA-B*56:01,spearman,,2,2,False
baseline_plus_conditional_all,random,ranking,nonzero,HLA-B*56:01,pearson_log,,2,2,False
baseline_plus_conditional_all,random,ranking,nonzero,HLA-B*56:01,auc_gt_2h,,2,2,False
baseline_plus_conditional_all,random,ranking,nonzero,HLA-B*57:01,spearman,,2,2,False
baseline_plus_conditional_all,random,ranking,nonzero,HLA-B*57:01,pearson_log,,2,2,False
baseline_plus_conditional_all,random,ranking,nonzero,HLA-B*57:01,auc_gt_2h,,2,2,False
baseline_plus_conditional_all,random,ranking,nonzero,HLA-B*57:02,spearman,,2,2,False
baseline_plus_conditional_all,random,ranking,nonzero,HLA-B*57:02,pearson_log,,2,2,False
baseline_plus_conditional_all,random,ranking,nonzero,HLA-B*57:02,auc_gt_2h,,2,2,False
baseline_plus_conditional_all,random,ranking,nonzero,HLA-B*57:03,spearman,,2,2,False
baseline_plus_conditional_all,random,ranking,nonzero,HLA-B*57:03,pearson_log,,2,2,False
baseline_plus_conditional_all,random,ranking,nonzero,HLA-B*57:03,auc_gt_2h,,2,2,False
baseline_plus_conditional_all,random,ranking,nonzero,HLA-B*58:01,spearman,0.5,3,3,False
baseline_plus_conditional_all,random,ranking,nonzero,HLA-B*58:01,pearson_log,0.4607074058222773,3,3,False
baseline_plus_conditional_all,random,ranking,nonzero,HLA-B*58:01,auc_gt_2h,1.0,3,3,False
baseline_plus_conditional_all,random,ranking,nonzero,HLA-B*81:01,spearman,,2,2,False
baseline_plus_conditional_all,random,ranking,nonzero,HLA-B*81:01,pearson_log,,2,2,False
baseline_plus_conditional_all,random,ranking,nonzero,HLA-B*81:01,auc_gt_2h,,2,2,False
