representation,split,loss,subset,allele,metric,value,n,n_total,constant_prediction
baseline_plus_unconditional_all,leave_one_allele_out,mse,all,HLA-A*01:01,spearman,0.45083561000962113,14,14,False
baseline_plus_unconditional_all,leave_one_allele_out,mse,all,HLA-A*01:01,pearson_log,0.45273522148152967,14,14,False
baseline_plus_unconditional_all,leave_one_allele_out,mse,all,HLA-A*01:01,auc_gt_2h,0.75,14,14,False
baseline_plus_unconditional_all,leave_one_allele_out,mse,all,HLA-A*02:01,spearman,0.4070409503795159,14,14,False
baseline_plus_unconditional_all,leave_one_allele_out,mse,all,HLA-A*02:01,pearson_log,0.6372442878431172,14,14,False
baseline_plus_unconditional_all,leave_one_allele_out,mse,all,HLA-A*02:01,auc_gt_2h,1.0,14,14,False
baseline_plus_unconditional_all,leave_one_allele_out,mse,all,HLA-A*02:03,spearman,0.32009141989854006,14,14,False
baseline_plus_unconditional_all,leave_one_allele_out,mse,all,HLA-A*02:03,pearson_log,0.362743423005966,14,14,False
baseline_plus_unconditional_all,leave_one_allele_out,mse,all,HLA-A*02:03,auc_gt_2h,0.5833333333333334,14,14,False
baseline_plus_unconditional_all,leave_one_allele_out,mse,all,HLA-A*02:05,spearman,-0.015384615384615385,14,14,False
baseline_plus_unconditional_all,leave_one_allele_out,mse,all,HLA-A*02:05,pearson_log,-0.00675916651486741,14,14,False
baseline_plus_unconditional_all,leave_one_allele_out,mse,all,HLA-A*02:05,auc_gt_2h,0.49999999999999994,14,14,False
baseline_plus_unconditional_all,leave_one_allele_out,mse,all,HLA-A*02:10,spearman,0.3274725274725274,14,14,False
baseline_plus_unconditional_all,leave_one_allele_out,mse,all,HLA-A*02:10,pearson_log,0.2950236386013272,14,14,False
baseline_plus_unconditional_all,leave_one_allele_out,mse,all,HLA-A*02:10,auc_gt_2h,0.6222222222222222,14,14,False
baseline_plus_unconditional_all,leave_one_allele_out,mse,all,HLA-A*02:11,spearman,0.36906640623336634,14,14,False
baseline_plus_unconditional_all,leave_one_allele_out,mse,all,HLA-A*02:11,pearson_log,0.6366407085474379,14,14,False
baseline_plus_unconditional_all,leave_one_allele_out,mse,all,HLA-A*02:11,auc_gt_2h,1.0,14,14,False
baseline_plus_unconditional_all,leave_one_allele_out,mse,all,HLA-A*02:12,spearman,0.4593406593406593,14,14,False
baseline_plus_unconditional_all,leave_one_allele_out,mse,all,HLA-A*02:12,pearson_log,0.6875311413464182,14,14,False
baseline_plus_unconditional_all,leave_one_allele_out,mse,all,HLA-A*02:12,auc_gt_2h,1.0,14,14,False
baseline_plus_unconditional_all,leave_one_allele_out,mse,all,HLA-A*02:16,spearman,0.38723895819889087,14,14,False
baseline_plus_unconditional_all,leave_one_allele_out,mse,all,HLA-A*02:16,pearson_log,0.4027638998471204,14,14,False
baseline_plus_unconditional_all,leave_one_allele_out,mse,all,HLA-A*02:16,auc_gt_2h,0.6666666666666666,14,14,False
baseline_plus_unconditional_all,leave_one_allele_out,mse,all,HLA-A*02:19,spearman,0.45104537744757167,14,14,False
baseline_plus_unconditional_all,leave_one_allele_out,mse,all,HLA-A*02:19,pearson_log,0.4412614197182102,14,14,False
baseline_plus_unconditional_all,leave_one_allele_out,mse,all,HLA-A*02:19,auc_gt_2h,0.775,14,14,False
baseline_plus_unconditional_all,leave_one_allele_out,mse,all,HLA-A*02:50,spearman,0.389010989010989,14,14,False
baseline_plus_unconditional_all,leave_one_allele_out,mse,all,HLA-A*02:50,pearson_log,0.38950714977103007,14,14,False
baseline_plus_unconditional_all,leave_one_allele_out,mse,all,HLA-A*02:50,auc_gt_2h,0.9230769230769231,14,14,False
baseline_plus_unconditional_all,leave_one_allele_out,mse,all,HLA-A*03:01,spearman,0.10572712872182886,14,14,False
baseline_plus_unconditional_all,leave_one_allele_out,mse,all,HLA-A*03:01,pearson_log,-0.0017896335579596287,14,14,False
baseline_plus_unconditional_all,leave_one_allele_out,mse,all,HLA-A*03:01,auc_gt_2h,0.7333333333333334,14,14,False
baseline_plus_unconditional_all,leave_one_allele_out,mse,all,HLA-A*11:01,spearman,-0.178021978021978,14,14,False
baseline_plus_unconditional_all,leave_one_allele_out,mse,all,HLA-A*11:01,pearson_log,-0.18436708500006221,14,14,False
baseline_plus_unconditional_all,leave_one_allele_out,mse,all,HLA-A*11:01,auc_gt_2h,0.33333333333333326,14,14,False
baseline_plus_unconditional_all,leave_one_allele_out,mse,all,HLA-A*23:01,spearman,-0.1252747252747253,14,14,False
baseline_plus_unconditional_all,leave_one_allele_out,mse,all,HLA-A*23:01,pearson_log,-0.1387244545087813,14,14,False
baseline_plus_unconditional_all,leave_one_allele_out,mse,all,HLA-A*23:01,auc_gt_2h,0.3125,14,14,False
baseline_plus_unconditional_all,leave_one_allele_out,mse,all,HLA-A*24:02,spearman,0.3558065353507304,14,14,False
baseline_plus_unconditional_all,leave_one_allele_out,mse,all,HLA-A*24:02,pearson_log,0.3723429549013163,14,14,False
baseline_plus_unconditional_all,leave_one_allele_out,mse,all,HLA-A*24:02,auc_gt_2h,0.85,14,14,False
baseline_plus_unconditional_all,leave_one_allele_out,mse,all,HLA-A*24:03,spearman,0.2750276691753486,14,14,False
baseline_plus_unconditional_all,leave_one_allele_out,mse,all,HLA-A*24:03,pearson_log,0.2907980149656031,14,14,False
baseline_plus_unconditional_all,leave_one_allele_out,mse,all,HLA-A*24:03,auc_gt_2h,0.5777777777777777,14,14,False
baseline_plus_unconditional_all,leave_one_allele_out,mse,all,HLA-A*24:07,spearman,-0.178021978021978,14,14,False
baseline_plus_unconditional_all,leave_one_allele_out,mse,all,HLA-A*24:07,pearson_log,-0.2738936532009202,14,14,False
baseline_plus_unconditional_all,leave_one_allele_out,mse,all,HLA-A*24:07,auc_gt_2h,0.29166666666666663,14,14,False
baseline_plus_unconditional_all,leave_one_allele_out,mse,all,HLA-A*24:19,spearman,0.601624349296256,14,14,False
baseline_plus_unconditional_all,leave_one_allele_out,mse,all,HLA-A*24:19,pearson_log,0.6402064815653596,14,14,False
baseline_plus_unconditional_all,leave_one_allele_out,mse,all,HLA-A*24:19,auc_gt_2h,0.8461538461538461,14,14,False
baseline_plus_unconditional_all,leave_one_allele_out,mse,all,HLA-A*25:01,spearman,-0.0022477586270599195,14,14,False
baseline_plus_unconditional_all,leave_one_allele_out,mse,all,HLA-A*25:01,pearson_log,-0.02090112904294593,14,14,False
baseline_plus_unconditional_all,leave_one_allele_out,mse,all,HLA-A*25:01,auc_gt_2h,0.4545454545454546,14,14,False
baseline_plus_unconditional_all,leave_one_allele_out,mse,all,HLA-A*26:01,spearman,-0.08849752448922243,14,14,False
baseline_plus_unconditional_all,leave_one_allele_out,mse,all,HLA-A*26:01,pearson_log,-0.21243901813167695,14,14,False
baseline_plus_unconditional_all,leave_one_allele_out,mse,all,HLA-A*26:01,auc_gt_2h,0.4242424242424242,14,14,False
baseline_plus_unconditional_all,leave_one_allele_out,mse,all,HLA-A*26:02,spearman,0.24449398516922924,14,14,False
baseline_plus_unconditional_all,leave_one_allele_out,mse,all,HLA-A*26:02,pearson_log,0.25841487959807463,14,14,False
baseline_plus_unconditional_all,leave_one_allele_out,mse,all,HLA-A*26:02,auc_gt_2h,0.47916666666666663,14,14,False
baseline_plus_unconditional_all,leave_one_allele_out,mse,all,HLA-A*26:03,spearman,0.10318550038330362,14,14,False
baseline_plus_unconditional_all,leave_one_allele_out,mse,all,HLA-A*26:03,pearson_log,0.1707548996199394,14,14,False
baseline_plus_unconditional_all,leave_one_allele_out,mse,all,HLA-A*26:03,auc_gt_2h,0.7272727272727273,14,14,False
baseline_plus_unconditional_all,leave_one_allele_out,mse,all,HLA-A*29:02,spearman,0.3450549450549451,14,14,False
baseline_plus_unconditional_all,leave_one_allele_out,mse,all,HLA-A*29:02,pearson_log,0.33760626799964205,14,14,False
baseline_plus_unconditional_all,leave_one_allele_out,mse,all,HLA-A*29:02,auc_gt_2h,0.625,14,14,False
baseline_plus_unconditional_all,leave_one_allele_out,mse,all,HLA-A*30:01,spearman,0.13717116295829476,14,14,False
baseline_plus_unconditional_all,leave_one_allele_out,mse,all,HLA-A*30:01,pearson_log,0.019013624914182806,14,14,False
baseline_plus_unconditional_all,leave_one_allele_out,mse,all,HLA-A*30:01,auc_gt_2h,0.5,14,14,False
baseline_plus_unconditional_all,leave_one_allele_out,mse,all,HLA-A*30:02,spearman,-0.19356287729465962,14,14,False
baseline_plus_unconditional_all,leave_one_allele_out,mse,all,HLA-A*30:02,pearson_log,-0.14358738506318325,14,14,False
baseline_plus_unconditional_all,leave_one_allele_out,mse,all,HLA-A*30:02,auc_gt_2h,0.325,14,14,False
baseline_plus_unconditional_all,leave_one_allele_out,mse,all,HLA-A*31:01,spearman,-0.24558063045759224,14,14,False
baseline_plus_unconditional_all,leave_one_allele_out,mse,all,HLA-A*31:01,pearson_log,-0.40083772202147494,14,14,False
baseline_plus_unconditional_all,leave_one_allele_out,mse,all,HLA-A*31:01,auc_gt_2h,0.4545454545454545,14,14,False
baseline_plus_unconditional_all,leave_one_allele_out,mse,all,HLA-A*32:01,spearman,-0.1480685581894344,14,14,False
baseline_plus_unconditional_all,leave_one_allele_out,mse,all,HLA-A*32:01,pearson_log,-0.1329548033027625,14,14,False
baseline_plus_unconditional_all,leave_one_allele_out,mse,all,HLA-A*32:01,auc_gt_2h,0.4444444444444445,14,14,False
baseline_plus_unconditional_all,leave_one_allele_out,mse,all,HLA-A*32:07,spearman,0.39116619103775957,14,14,False
baseline_plus_unconditional_all,leave_one_allele_out,mse,all,HLA-A*32:07,pearson_log,0.3454965561633354,14,14,False
baseline_plus_unconditional_all,leave_one_allele_out,mse,all,HLA-A*32:07,auc_gt_2h,0.6938775510204082,14,14,False
baseline_plus_unconditional_all,leave_one_allele_out,mse,all,HLA-A*33:03,spearman,-0.30783929892236606,14,14,False
baseline_plus_unconditional_all,leave_one_allele_out,mse,all,HLA-A*33:03,pearson_log,-0.24532153835389586,14,14,False
baseline_plus_unconditional_all,leave_one_allele_out,mse,all,HLA-A*33:03,auc_gt_2h,0.303030303030303,14,14,False
baseline_plus_unconditional_all,leave_one_allele_out,mse,all,HLA-A*43:01,spearman,0.3084232078246953,14,14,False
baseline_plus_unconditional_all,leave_one_allele_out,mse,all,HLA-A*43:01,pearson_log,0.2168676050652756,14,14,False
baseline_plus_unconditional_all,leave_one_allele_out,mse,all,HLA-A*43:01,auc_gt_2h,0.3846153846153846,14,14,False
baseline_plus_unconditional_all,leave_one_allele_out,mse,all,HLA-A*66:01,spearman,0.36398706458369856,14,14,False
baseline_plus_unconditional_all,leave_one_allele_out,mse,all,HLA-A*66:01,pearson_log,0.45248705206107825,14,14,False
baseline_plus_unconditional_all,leave_one_allele_out,mse,all,HLA-A*66:01,auc_gt_2h,0.9230769230769231,14,14,False
baseline_plus_unconditional_all,leave_one_allele_out,mse,all,HLA-A*68:01,spearman,0.2158114838802527,14,14,False
baseline_plus_unconditional_all,leave_one_allele_out,mse,all,HLA-A*68:01,pearson_log,0.15887231793998674,14,14,False
baseline_plus_unconditional_all,leave_one_allele_out,mse,all,HLA-A*68:01,auc_gt_2h,0.4693877551020408,14,14,False
baseline_plus_unconditional_all,leave_one_allele_out,mse,all,HLA-A*68:02,spearman,-0.1790640403447703,13,13,False
baseline_plus_unconditional_all,leave_one_allele_out,mse,all,HLA-A*68:02,pearson_log,-0.20510317874356077,13,13,False
baseline_plus_unconditional_all,leave_one_allele_out,mse,all,HLA-A*68:02,auc_gt_2h,0.16666666666666663,13,13,False
baseline_plus_unconditional_all,leave_one_allele_out,mse,all,HLA-A*68:23,spearman,0.0,13,13,False
baseline_plus_unconditional_all,leave_one_allele_out,mse,all,HLA-A*68:23,pearson_log,-0.12068908137604004,13,13,False
baseline_plus_unconditional_all,leave_one_allele_out,mse,all,HLA-A*68:23,auc_gt_2h,0.9166666666666666,13,13,False
baseline_plus_unconditional_all,leave_one_allele_out,mse,all,HLA-A*69:01,spearman,-0.2961309785273341,13,13,False
baseline_plus_unconditional_all,leave_one_allele_out,mse,all,HLA-A*69:01,pearson_log,-0.31363757609317466,13,13,False
baseline_plus_unconditional_all,leave_one_allele_out,mse,all,HLA-A*69:01,auc_gt_2h,0.16666666666666663,13,13,False
baseline_plus_unconditional_all,leave_one_allele_out,mse,all,HLA-A*74:01,spearman,-0.08539977308750583,13,13,False
baseline_plus_unconditional_all,leave_one_allele_out,mse,all,HLA-A*74:01,pearson_log,-0.07416600264140485,13,13,False
baseline_plus_unconditional_all,leave_one_allele_out,mse,all,HLA-A*74:01,auc_gt_2h,0.425,13,13,False
baseline_plus_unconditional_all,leave_one_allele_out,mse,all,HLA-A*80:01,spearman,0.6685474593168885,13,13,False
baseline_plus_unconditional_all,leave_one_allele_out,mse,all,HLA-A*80:01,pearson_log,0.6014583079500182,13,13,False
baseline_plus_unconditional_all,leave_one_allele_out,mse,all,HLA-A*80:01,auc_gt_2h,0.6363636363636364,13,13,False
baseline_plus_unconditional_all,leave_one_allele_out,mse,all,HLA-B*07:02,spearman,-0.002766317880559448,13,13,False
baseline_plus_unconditional_all,leave_one_allele_out,mse,all,HLA-B*07:02,pearson_log,0.04422252855636457,13,13,False
baseline_plus_unconditional_all,leave_one_allele_out,mse,all,HLA-B*07:02,auc_gt_2h,0.5952380952380953,13,13,False
baseline_plus_unconditional_all,leave_one_allele_out,mse,all,HLA-B*08:01,spearman,0.14723131085526617,13,13,False
baseline_plus_unconditional_all,leave_one_allele_out,mse,all,HLA-B*08:01,pearson_log,0.12065835833836858,13,13,False
baseline_plus_unconditional_all,leave_one_allele_out,mse,all,HLA-B*08:01,auc_gt_2h,,13,13,False
baseline_plus_unconditional_all,leave_one_allele_out,mse,all,HLA-B*08:03,spearman,0.0196116135138184,13,13,False
baseline_plus_unconditional_all,leave_one_allele_out,mse,all,HLA-B*08:03,pearson_log,-0.1522487887063307,13,13,False
baseline_plus_unconditional_all,leave_one_allele_out,mse,all,HLA-B*08:03,auc_gt_2h,0.6,13,13,False
baseline_plus_unconditional_all,leave_one_allele_out,mse,all,HLA-B*13:02,spearman,-0.11118739749916519,7,7,False
baseline_plus_unconditional_all,leave_one_allele_out,mse,all,HLA-B*13:02,pearson_log,-0.162545163368883,7,7,False
baseline_plus_unconditional_all,leave_one_allele_out,mse,all,HLA-B*13:02,auc_gt_2h,0.3333333333333333,7,7,False
baseline_plus_unconditional_all,leave_one_allele_out,mse,all,HLA-B*14:01(C67S),spearman,-0.23145502494313785,13,13,False
baseline_plus_unconditional_all,leave_one_allele_out,mse,all,HLA-B*14:01(C67S),pearson_log,-0.2494150780036223,13,13,False
baseline_plus_unconditional_all,leave_one_allele_out,mse,all,HLA-B*14:01(C67S),auc_gt_2h,,13,13,False
baseline_plus_unconditional_all,leave_one_allele_out,mse,all,HLA-B*14:02(C67S),spearman,0.35082320772281167,13,13,False
baseline_plus_unconditional_all,leave_one_allele_out,mse,all,HLA-B*14:02(C67S),pearson_log,0.3059254971990374,13,13,False
baseline_plus_unconditional_all,leave_one_allele_out,mse,all,HLA-B*14:02(C67S),auc_gt_2h,0.6666666666666667,13,13,False
baseline_plus_unconditional_all,leave_one_allele_out,mse,all,HLA-B*15:01,spearman,0.19532343099765895,13,13,False
baseline_plus_unconditional_all,leave_one_allele_out,mse,all,HLA-B*15:01,pearson_log,-0.029504664867494423,13,13,False
baseline_plus_unconditional_all,leave_one_allele_out,mse,all,HLA-B*15:01,auc_gt_2h,0.5,13,13,False
baseline_plus_unconditional_all,leave_one_allele_out,mse,all,HLA-B*15:02,spearman,-0.08477959578812856,13,13,False
baseline_plus_unconditional_all,leave_one_allele_out,mse,all,HLA-B*15:02,pearson_log,-0.2882493974114827,13,13,False
baseline_plus_unconditional_all,leave_one_allele_out,mse,all,HLA-B*15:02,auc_gt_2h,0.525,13,13,False
baseline_plus_unconditional_all,leave_one_allele_out,mse,all,HLA-B*15:10,spearman,0.41540617014995074,13,13,False
baseline_plus_unconditional_all,leave_one_allele_out,mse,all,HLA-B*15:10,pearson_log,0.5850448518437168,13,13,False
baseline_plus_unconditional_all,leave_one_allele_out,mse,all,HLA-B*15:10,auc_gt_2h,0.6363636363636364,13,13,False
baseline_plus_unconditional_all,leave_one_allele_out,mse,all,HLA-B*15:17,spearman,-0.21053358566534172,13,13,False
baseline_plus_unconditional_all,leave_one_allele_out,mse,all,HLA-B*15:17,pearson_log,-0.45247795367823673,13,13,False
baseline_plus_unconditional_all,leave_one_allele_out,mse,all,HLA-B*15:17,auc_gt_2h,0.4666666666666666,13,13,False
baseline_plus_unconditional_all,leave_one_allele_out,mse,all,HLA-B*18:01,spearman,0.2558461842645392,13,13,False
baseline_plus_unconditional_all,leave_one_allele_out,mse,all,HLA-B*18:01,pearson_log,0.2056017909063838,13,13,False
baseline_plus_unconditional_all,leave_one_allele_out,mse,all,HLA-B*18:01,auc_gt_2h,0.6428571428571428,13,13,False
baseline_plus_unconditional_all,leave_one_allele_out,mse,all,HLA-B*27:02,spearman,0.2517349271309098,13,13,False
baseline_plus_unconditional_all,leave_one_allele_out,mse,all,HLA-B*27:02,pearson_log,0.3162075181423795,13,13,False
baseline_plus_unconditional_all,leave_one_allele_out,mse,all,HLA-B*27:02,auc_gt_2h,0.8611111111111112,13,13,False
baseline_plus_unconditional_all,leave_one_allele_out,mse,all,HLA-B*27:03,spearman,0.4854127771674972,13,13,False
baseline_plus_unconditional_all,leave_one_allele_out,mse,all,HLA-B*27:03,pearson_log,0.601727950476731,13,13,False
baseline_plus_unconditional_all,leave_one_allele_out,mse,all,HLA-B*27:03,auc_gt_2h,0.75,13,13,False
baseline_plus_unconditional_all,leave_one_allele_out,mse,all,HLA-B*27:05,spearman,0.242760699030339,13,13,False
baseline_plus_unconditional_all,leave_one_allele_out,mse,all,HLA-B*27:05,pearson_log,0.3046008875756587,13,13,False
baseline_plus_unconditional_all,leave_one_allele_out,mse,all,HLA-B*27:05,auc_gt_2h,0.575,13,13,False
baseline_plus_unconditional_all,leave_one_allele_out,mse,all,HLA-B*27:20,spearman,0.09090943586734493,13,13,False
baseline_plus_unconditional_all,leave_one_allele_out,mse,all,HLA-B*27:20,pearson_log,0.15379866159848082,13,13,False
baseline_plus_unconditional_all,leave_one_allele_out,mse,all,HLA-B*27:20,auc_gt_2h,0.5833333333333334,13,13,False
baseline_plus_unconditional_all,leave_one_allele_out,mse,all,HLA-B*35:01,spearman,0.4240387478704573,13,13,False
baseline_plus_unconditional_all,leave_one_allele_out,mse,all,HLA-B*35:01,pearson_log,0.33115124919116223,13,13,False
baseline_plus_unconditional_all,leave_one_allele_out,mse,all,HLA-B*35:01,auc_gt_2h,0.7666666666666666,13,13,False
baseline_plus_unconditional_all,leave_one_allele_out,mse,all,HLA-B*35:03,spearman,0.26446381343227615,13,13,False
baseline_plus_unconditional_all,leave_one_allele_out,mse,all,HLA-B*35:03,pearson_log,0.25519849376228587,13,13,False
baseline_plus_unconditional_all,leave_one_allele_out,mse,all,HLA-B*35:03,auc_gt_2h,0.475,13,13,False
baseline_plus_unconditional_all,leave_one_allele_out,mse,all,HLA-B*35:08,spearman,0.2077634069065872,13,13,False
baseline_plus_unconditional_all,leave_one_allele_out,mse,all,HLA-B*35:08,pearson_log,0.21210142804102936,13,13,False
baseline_plus_unconditional_all,leave_one_allele_out,mse,all,HLA-B*35:08,auc_gt_2h,0.7272727272727273,13,13,False
baseline_plus_unconditional_all,leave_one_allele_out,mse,all,HLA-B*39:01,spearman,0.4608637572671291,13,13,False
baseline_plus_unconditional_all,leave_one_allele_out,mse,all,HLA-B*39:01,pearson_log,0.5786370393333522,13,13,False
baseline_plus_unconditional_all,leave_one_allele_out,mse,all,HLA-B*39:01,auc_gt_2h,1.0,13,13,False
baseline_plus_unconditional_all,leave_one_allele_out,mse,all,HLA-B*39:02,spearman,-0.15128958996374198,13,13,False
baseline_plus_unconditional_all,leave_one_allele_out,mse,all,HLA-B*39:02,pearson_log,-0.07822650494153569,13,13,False
baseline_plus_unconditional_all,leave_one_allele_out,mse,all,HLA-B*39:02,auc_gt_2h,0.5454545454545454,13,13,False
baseline_plus_unconditional_all,leave_one_allele_out,mse,all,HLA-B*39:06(C67S),spearman,0.4629100498862757,13,13,False
baseline_plus_unconditional_all,leave_one_allele_out,mse,all,HLA-B*39:06(C67S),pearson_log,0.44967375318760994,13,13,False
baseline_plus_unconditional_all,leave_one_allele_out,mse,all,HLA-B*39:06(C67S),auc_gt_2h,1.0,13,13,False
baseline_plus_unconditional_all,leave_one_allele_out,mse,all,HLA-B*39:10,spearman,0.3053648005738049,13,13,False
baseline_plus_unconditional_all,leave_one_allele_out,mse,all,HLA-B*39:10,pearson_log,0.22518295158107016,13,13,False
baseline_plus_unconditional_all,leave_one_allele_out,mse,all,HLA-B*39:10,auc_gt_2h,0.5,13,13,False
baseline_plus_unconditional_all,leave_one_allele_out,mse,all,HLA-B*40:01,spearman,0.2754831389919543,13,13,False
baseline_plus_unconditional_all,leave_one_allele_out,mse,all,HLA-B*40:01,pearson_log,0.27808008490689,13,13,False
baseline_plus_unconditional_all,leave_one_allele_out,mse,all,HLA-B*40:01,auc_gt_2h,0.9166666666666666,13,13,False
baseline_plus_unconditional_all,leave_one_allele_out,mse,all,HLA-B*40:02,spearman,0.34615384615384615,13,13,False
baseline_plus_unconditional_all,leave_one_allele_out,mse,all,HLA-B*40:02,pearson_log,0.3838728284206272,13,13,False
baseline_plus_unconditional_all,leave_one_allele_out,mse,all,HLA-B*40:02,auc_gt_2h,0.7666666666666666,13,13,False
baseline_plus_unconditional_all,leave_one_allele_out,mse,all,HLA-B*41:01,spearman,-0.2104314057316983,13,13,False
baseline_plus_unconditional_all,leave_one_allele_out,mse,all,HLA-B*41:01,pearson_log,-0.14636136221985097,13,13,False
baseline_plus_unconditional_all,leave_one_allele_out,mse,all,HLA-B*41:01,auc_gt_2h,,13,13,False
baseline_plus_unconditional_all,leave_one_allele_out,mse,all,HLA-B*42:01,spearman,-0.41208791208791207,13,13,False
baseline_plus_unconditional_all,leave_one_allele_out,mse,all,HLA-B*42:01,pearson_log,-0.1202549197910881,13,13,False
baseline_plus_unconditional_all,leave_one_allele_out,mse,all,HLA-B*42:01,auc_gt_2h,0.2727272727272727,13,13,False
baseline_plus_unconditional_all,leave_one_allele_out,mse,all,HLA-B*42:02,spearman,-0.3002766215012302,13,13,False
baseline_plus_unconditional_all,leave_one_allele_out,mse,all,HLA-B*42:02,pearson_log,-0.3202154819973739,13,13,False
baseline_plus_unconditional_all,leave_one_allele_out,mse,all,HLA-B*42:02,auc_gt_2h,0.35714285714285715,13,13,False
baseline_plus_unconditional_all,leave_one_allele_out,mse,all,HLA-B*44:05,spearman,-0.2920121273314715,13,13,False
baseline_plus_unconditional_all,leave_one_allele_out,mse,all,HLA-B*44:05,pearson_log,-0.5921636120876811,13,13,False
baseline_plus_unconditional_all,leave_one_allele_out,mse,all,HLA-B*44:05,auc_gt_2h,0.30000000000000004,13,13,False
baseline_plus_unconditional_all,leave_one_allele_out,mse,all,HLA-B*45:01,spearman,0.2570193398539127,13,13,False
baseline_plus_unconditional_all,leave_one_allele_out,mse,all,HLA-B*45:01,pearson_log,0.28126605637918817,13,13,False
baseline_plus_unconditional_all,leave_one_allele_out,mse,all,HLA-B*45:01,auc_gt_2h,0.75,13,13,False
baseline_plus_unconditional_all,leave_one_allele_out,mse,all,HLA-B*46:01,spearman,0.04334536039621794,13,13,False
baseline_plus_unconditional_all,leave_one_allele_out,mse,all,HLA-B*46:01,pearson_log,0.03187456042322656,13,13,False
baseline_plus_unconditional_all,leave_one_allele_out,mse,all,HLA-B*46:01,auc_gt_2h,0.6818181818181819,13,13,False
baseline_plus_unconditional_all,leave_one_allele_out,mse,all,HLA-B*51:01,spearman,-0.006710955988741985,13,13,False
baseline_plus_unconditional_all,leave_one_allele_out,mse,all,HLA-B*51:01,pearson_log,-0.08653564661870486,13,13,False
baseline_plus_unconditional_all,leave_one_allele_out,mse,all,HLA-B*51:01,auc_gt_2h,0.4722222222222222,13,13,False
baseline_plus_unconditional_all,leave_one_allele_out,mse,all,HLA-B*54:01,spearman,0.35042232925759803,13,13,False
baseline_plus_unconditional_all,leave_one_allele_out,mse,all,HLA-B*54:01,pearson_log,0.3946286753219421,13,13,False
baseline_plus_unconditional_all,leave_one_allele_out,mse,all,HLA-B*54:01,auc_gt_2h,0.9090909090909091,13,13,False
baseline_plus_unconditional_all,leave_one_allele_out,mse,all,HLA-B*55:01,spearman,0.360408067849989,13,13,False
baseline_plus_unconditional_all,leave_one_allele_out,mse,all,HLA-B*55:01,pearson_log,0.20500069977379232,13,13,False
baseline_plus_unconditional_all,leave_one_allele_out,mse,all,HLA-B*55:01,auc_gt_2h,0.75,13,13,False
baseline_plus_unconditional_all,leave_one_allele_out,mse,all,HLA-B*56:01,spearman,-0.019839663195666876,13,13,False
baseline_plus_unconditional_all,leave_one_allele_out,mse,all,HLA-B*56:01,pearson_log,-0.05294121553284853,13,13,False
baseline_plus_unconditional_all,leave_one_allele_out,mse,all,HLA-B*56:01,auc_gt_2h,,13,13,False
baseline_plus_unconditional_all,leave_one_allele_out,mse,all,HLA-B*57:01,spearman,0.01925723967582553,13,13,False
baseline_plus_unconditional_all,leave_one_allele_out,mse,all,HLA-B*57:01,pearson_log,0.3066375605248915,13,13,False
baseline_plus_unconditional_all,leave_one_allele_out,mse,all,HLA-B*57:01,auc_gt_2h,0.9166666666666666,13,13,False
baseline_plus_unconditional_all,leave_one_allele_out,mse,all,HLA-B*57:02,spearman,-0.4165552903816044,13,13,False
baseline_plus_unconditional_all,leave_one_allele_out,mse,all,HLA-B*57:02,pearson_log,-0.5217647230291971,13,13,False
baseline_plus_unconditional_all,leave_one_allele_out,mse,all,HLA-B*57:02,auc_gt_2h,0.09090909090909094,13,13,False
baseline_plus_unconditional_all,leave_one_allele_out,mse,all,HLA-B*57:03,spearman,0.34065934065934067,13,13,False
baseline_plus_unconditional_all,leave_one_allele_out,mse,all,HLA-B*57:03,pearson_log,0.24939898868149857,13,13,False
baseline_plus_unconditional_all,leave_one_allele_out,mse,all,HLA-B*57:03,auc_gt_2h,0.6,13,13,False
baseline_plus_unconditional_all,leave_one_allele_out,mse,all,HLA-B*58:01,spearman,0.21182963643408084,13,13,False
baseline_plus_unconditional_all,leave_one_allele_out,mse,all,HLA-B*58:01,pearson_log,-0.00818030878342027,13,13,False
baseline_plus_unconditional_all,leave_one_allele_out,mse,all,HLA-B*58:01,auc_gt_2h,0.6666666666666666,13,13,False
baseline_plus_unconditional_all,leave_one_allele_out,mse,all,HLA-B*81:01,spearman,0.4216564888637637,13,13,False
baseline_plus_unconditional_all,leave_one_allele_out,mse,all,HLA-B*81:01,pearson_log,0.463396333469504,13,13,False
baseline_plus_unconditional_all,leave_one_allele_out,mse,all,HLA-B*81:01,auc_gt_2h,0.5833333333333333,13,13,False
baseline_plus_unconditional_all,leave_one_allele_out,mse,nonzero,HLA-A*01:01,spearman,0.3955834569200011,13,13,False
baseline_plus_unconditional_all,leave_one_allele_out,mse,nonzero,HLA-A*01:01,pearson_log,0.4285797848411885,13,13,False
baseline_plus_unconditional_all,leave_one_allele_out,mse,nonzero,HLA-A*01:01,auc_gt_2h,0.7222222222222223,13,13,False
baseline_plus_unconditional_all,leave_one_allele_out,mse,nonzero,HLA-A*02:01,spearman,0.4070409503795159,14,14,False
baseline_plus_unconditional_all,leave_one_allele_out,mse,nonzero,HLA-A*02:01,pearson_log,0.6372442878431172,14,14,False
baseline_plus_unconditional_all,leave_one_allele_out,mse,nonzero,HLA-A*02:01,auc_gt_2h,1.0,14,14,False
baseline_plus_unconditional_all,leave_one_allele_out,mse,nonzero,HLA-A*02:03,spearman,0.10000000000000002,11,11,False
baseline_plus_unconditional_all,leave_one_allele_out,mse,nonzero,HLA-A*02:03,pearson_log,0.08972778077496685,11,11,False
baseline_plus_unconditional_all,leave_one_allele_out,mse,nonzero,HLA-A*02:03,auc_gt_2h,0.41666666666666674,11,11,False
baseline_plus_unconditional_all,leave_one_allele_out,mse,nonzero,HLA-A*02:05,spearman,-0.015384615384615385,14,14,False
baseline_plus_unconditional_all,leave_one_allele_out,mse,nonzero,HLA-A*02:05,pearson_log,-0.00675916651486741,14,14,False
baseline_plus_unconditional_all,leave_one_allele_out,mse,nonzero,HLA-A*02:05,auc_gt_2h,0.49999999999999994,14,14,False
baseline_plus_unconditional_all,leave_one_allele_out,mse,nonzero,HLA-A*02:10,spearman,0.3274725274725274,14,14,False
baseline_plus_unconditional_all,leave_one_allele_out,mse,nonzero,HLA-A*02:10,pearson_log,0.2950236386013272,14,14,False
baseline_plus_unconditional_all,leave_one_allele_out,mse,nonzero,HLA-A*02:10,auc_gt_2h,0.6222222222222222,14,14,False
baseline_plus_unconditional_all,leave_one_allele_out,mse,nonzero,HLA-A*02:11,spearman,0.36906640623336634,14,14,False
baseline_plus_unconditional_all,leave_one_allele_out,mse,nonzero,HLA-A*02:11,pearson_log,0.6366407085474379,14,14,False
baseline_plus_unconditional_all,leave_one_allele_out,mse,nonzero,HLA-A*02:11,auc_gt_2h,1.0,14,14,False
baseline_plus_unconditional_all,leave_one_allele_out,mse,nonzero,HLA-A*02:12,spearman,0.4593406593406593,14,14,False
baseline_plus_unconditional_all,leave_one_allele_out,mse,nonzero,HLA-A*02:12,pearson_log,0.6875311413464182,14,14,False
baseline_plus_unconditional_all,leave_one_allele_out,mse,nonzero,HLA-A*02:12,auc_gt_2h,1.0,14,14,False
baseline_plus_unconditional_all,leave_one_allele_out,mse,nonzero,HLA-A*02:16,spearman,0.38723895819889087,14,14,False
baseline_plus_unconditional_all,leave_one_allele_out,mse,nonzero,HLA-A*02:16,pearson_log,0.4027638998471204,14,14,False
baseline_plus_unconditional_all,leave_one_allele_out,mse,nonzero,HLA-A*02:16,auc_gt_2h,0.6666666666666666,14,14,False
baseline_plus_unconditional_all,leave_one_allele_out,mse,nonzero,HLA-A*02:19,spearman,0.44055944055944063,12,12,False
baseline_plus_unconditional_all,leave_one_allele_out,mse,nonzero,HLA-A*02:19,pearson_log,0.4079370464153509,12,12,False
baseline_plus_unconditional_all,leave_one_allele_out,mse,nonzero,HLA-A*02:19,auc_gt_2h,0.8,12,12,False
baseline_plus_unconditional_all,leave_one_allele_out,mse,nonzero,HLA-A*02:50,spearman,0.389010989010989,14,14,False
baseline_plus_unconditional_all,leave_one_allele_out,mse,nonzero,HLA-A*02:50,pearson_log,0.38950714977103007,14,14,False
baseline_plus_unconditional_all,leave_one_allele_out,mse,nonzero,HLA-A*02:50,auc_gt_2h,0.9230769230769231,14,14,False
baseline_plus_unconditional_all,leave_one_allele_out,mse,nonzero,HLA-A*03:01,spearman,0.23817899923503774,12,12,False
baseline_plus_unconditional_all,leave_one_allele_out,mse,nonzero,HLA-A*03:01,pearson_log,0.3055339374745952,12,12,False
baseline_plus_unconditional_all,leave_one_allele_out,mse,nonzero,HLA-A*03:01,auc_gt_2h,0.7999999999999999,12,12,False
baseline_plus_unconditional_all,leave_one_allele_out,mse,nonzero,HLA-A*11:01,spearman,-0.178021978021978,14,14,False
baseline_plus_unconditional_all,leave_one_allele_out,mse,nonzero,HLA-A*11:01,pearson_log,-0.18436708500006221,14,14,False
baseline_plus_unconditional_all,leave_one_allele_out,mse,nonzero,HLA-A*11:01,auc_gt_2h,0.33333333333333326,14,14,False
baseline_plus_unconditional_all,leave_one_allele_out,mse,nonzero,HLA-A*23:01,spearman,-0.1252747252747253,14,14,False
baseline_plus_unconditional_all,leave_one_allele_out,mse,nonzero,HLA-A*23:01,pearson_log,-0.1387244545087813,14,14,False
baseline_plus_unconditional_all,leave_one_allele_out,mse,nonzero,HLA-A*23:01,auc_gt_2h,0.3125,14,14,False
baseline_plus_unconditional_all,leave_one_allele_out,mse,nonzero,HLA-A*24:02,spearman,0.3347244635476932,13,13,False
baseline_plus_unconditional_all,leave_one_allele_out,mse,nonzero,HLA-A*24:02,pearson_log,0.3722176937575814,13,13,False
baseline_plus_unconditional_all,leave_one_allele_out,mse,nonzero,HLA-A*24:02,auc_gt_2h,0.8333333333333334,13,13,False
baseline_plus_unconditional_all,leave_one_allele_out,mse,nonzero,HLA-A*24:03,spearman,0.2750276691753486,14,14,False
baseline_plus_unconditional_all,leave_one_allele_out,mse,nonzero,HLA-A*24:03,pearson_log,0.2907980149656031,14,14,False
baseline_plus_unconditional_all,leave_one_allele_out,mse,nonzero,HLA-A*24:03,auc_gt_2h,0.5777777777777777,14,14,False
baseline_plus_unconditional_all,leave_one_allele_out,mse,nonzero,HLA-A*24:07,spearman,-0.178021978021978,14,14,False
baseline_plus_unconditional_all,leave_one_allele_out,mse,nonzero,HLA-A*24:07,pearson_log,-0.2738936532009202,14,14,False
baseline_plus_unconditional_all,leave_one_allele_out,mse,nonzero,HLA-A*24:07,auc_gt_2h,0.29166666666666663,14,14,False
baseline_plus_unconditional_all,leave_one_allele_out,mse,nonzero,HLA-A*24:19,spearman,0.19047619047619052,8,8,False
baseline_plus_unconditional_all,leave_one_allele_out,mse,nonzero,HLA-A*24:19,pearson_log,0.39032803842681846,8,8,False
baseline_plus_unconditional_all,leave_one_allele_out,mse,nonzero,HLA-A*24:19,auc_gt_2h,0.7142857142857143,8,8,False
baseline_plus_unconditional_all,leave_one_allele_out,mse,nonzero,HLA-A*25:01,spearman,0.21666666666666667,9,9,False
baseline_plus_unconditional_all,leave_one_allele_out,mse,nonzero,HLA-A*25:01,pearson_log,-0.01397648787716578,9,9,False
baseline_plus_unconditional_all,leave_one_allele_out,mse,nonzero,HLA-A*25:01,auc_gt_2h,0.5,9,9,False
baseline_plus_unconditional_all,leave_one_allele_out,mse,nonzero,HLA-A*26:01,spearman,0.14127911669647933,13,13,False
baseline_plus_unconditional_all,leave_one_allele_out,mse,nonzero,HLA-A*26:01,pearson_log,0.04707378291156526,13,13,False
baseline_plus_unconditional_all,leave_one_allele_out,mse,nonzero,HLA-A*26:01,auc_gt_2h,0.4666666666666667,13,13,False
baseline_plus_unconditional_all,leave_one_allele_out,mse,nonzero,HLA-A*26:02,spearman,0.253444487872598,13,13,False
baseline_plus_unconditional_all,leave_one_allele_out,mse,nonzero,HLA-A*26:02,pearson_log,0.2966800173669834,13,13,False
baseline_plus_unconditional_all,leave_one_allele_out,mse,nonzero,HLA-A*26:02,auc_gt_2h,0.47619047619047616,13,13,False
baseline_plus_unconditional_all,leave_one_allele_out,mse,nonzero,HLA-A*26:03,spearman,0.37352108685170693,8,8,False
baseline_plus_unconditional_all,leave_one_allele_out,mse,nonzero,HLA-A*26:03,pearson_log,0.4725614448109303,8,8,False
baseline_plus_unconditional_all,leave_one_allele_out,mse,nonzero,HLA-A*26:03,auc_gt_2h,0.8,8,8,False
baseline_plus_unconditional_all,leave_one_allele_out,mse,nonzero,HLA-A*29:02,spearman,0.3450549450549451,14,14,False
baseline_plus_unconditional_all,leave_one_allele_out,mse,nonzero,HLA-A*29:02,pearson_log,0.33760626799964205,14,14,False
baseline_plus_unconditional_all,leave_one_allele_out,mse,nonzero,HLA-A*29:02,auc_gt_2h,0.625,14,14,False
baseline_plus_unconditional_all,leave_one_allele_out,mse,nonzero,HLA-A*30:01,spearman,0.13242147184339473,11,11,False
baseline_plus_unconditional_all,leave_one_allele_out,mse,nonzero,HLA-A*30:01,pearson_log,0.16072938956214028,11,11,False
baseline_plus_unconditional_all,leave_one_allele_out,mse,nonzero,HLA-A*30:01,auc_gt_2h,0.5,11,11,False
baseline_plus_unconditional_all,leave_one_allele_out,mse,nonzero,HLA-A*30:02,spearman,-0.376613361595472,13,13,False
baseline_plus_unconditional_all,leave_one_allele_out,mse,nonzero,HLA-A*30:02,pearson_log,-0.38454873825496094,13,13,False
baseline_plus_unconditional_all,leave_one_allele_out,mse,nonzero,HLA-A*30:02,auc_gt_2h,0.2777777777777778,13,13,False
baseline_plus_unconditional_all,leave_one_allele_out,mse,nonzero,HLA-A*31:01,spearman,-0.24558063045759224,14,14,False
baseline_plus_unconditional_all,leave_one_allele_out,mse,nonzero,HLA-A*31:01,pearson_log,-0.40083772202147494,14,14,False
baseline_plus_unconditional_all,leave_one_allele_out,mse,nonzero,HLA-A*31:01,auc_gt_2h,0.4545454545454545,14,14,False
baseline_plus_unconditional_all,leave_one_allele_out,mse,nonzero,HLA-A*32:01,spearman,0.04979372185007007,13,13,False
baseline_plus_unconditional_all,leave_one_allele_out,mse,nonzero,HLA-A*32:01,pearson_log,-0.004738143724746471,13,13,False
baseline_plus_unconditional_all,leave_one_allele_out,mse,nonzero,HLA-A*32:01,auc_gt_2h,0.5000000000000001,13,13,False
baseline_plus_unconditional_all,leave_one_allele_out,mse,nonzero,HLA-A*32:07,spearman,0.5649217389969745,11,11,False
baseline_plus_unconditional_all,leave_one_allele_out,mse,nonzero,HLA-A*32:07,pearson_log,0.6385958706369486,11,11,False
baseline_plus_unconditional_all,leave_one_allele_out,mse,nonzero,HLA-A*32:07,auc_gt_2h,0.75,11,11,False
baseline_plus_unconditional_all,leave_one_allele_out,mse,nonzero,HLA-A*33:03,spearman,-0.01801874925391118,7,7,False
baseline_plus_unconditional_all,leave_one_allele_out,mse,nonzero,HLA-A*33:03,pearson_log,0.0695124992420321,7,7,False
baseline_plus_unconditional_all,leave_one_allele_out,mse,nonzero,HLA-A*33:03,auc_gt_2h,0.41666666666666663,7,7,False
baseline_plus_unconditional_all,leave_one_allele_out,mse,nonzero,HLA-A*43:01,spearman,0.25097506271765163,12,12,False
baseline_plus_unconditional_all,leave_one_allele_out,mse,nonzero,HLA-A*43:01,pearson_log,0.15612073244502098,12,12,False
baseline_plus_unconditional_all,leave_one_allele_out,mse,nonzero,HLA-A*43:01,auc_gt_2h,0.36363636363636365,12,12,False
baseline_plus_unconditional_all,leave_one_allele_out,mse,nonzero,HLA-A*66:01,spearman,0.7661308776828737,9,9,False
baseline_plus_unconditional_all,leave_one_allele_out,mse,nonzero,HLA-A*66:01,pearson_log,0.7342972282762,9,9,False
baseline_plus_unconditional_all,leave_one_allele_out,mse,nonzero,HLA-A*66:01,auc_gt_2h,0.875,9,9,False
baseline_plus_unconditional_all,leave_one_allele_out,mse,nonzero,HLA-A*68:01,spearman,-0.13373921960961418,10,10,False
baseline_plus_unconditional_all,leave_one_allele_out,mse,nonzero,HLA-A*68:01,pearson_log,-0.12366367796567171,10,10,False
baseline_plus_unconditional_all,leave_one_allele_out,mse,nonzero,HLA-A*68:01,auc_gt_2h,0.2380952380952381,10,10,False
baseline_plus_unconditional_all,leave_one_allele_out,mse,nonzero,HLA-A*68:02,spearman,-0.1790640403447703,13,13,False
baseline_plus_unconditional_all,leave_one_allele_out,mse,nonzero,HLA-A*68:02,pearson_log,-0.20510317874356077,13,13,False
baseline_plus_unconditional_all,leave_one_allele_out,mse,nonzero,HLA-A*68:02,auc_gt_2h,0.16666666666666663,13,13,False
baseline_plus_unconditional_all,leave_one_allele_out,mse,nonzero,HLA-A*68:23,spearman,-0.1505597584019682,10,10,False
baseline_plus_unconditional_all,leave_one_allele_out,mse,nonzero,HLA-A*68:23,pearson_log,0.1629010761110474,10,10,False
baseline_plus_unconditional_all,leave_one_allele_out,mse,nonzero,HLA-A*68:23,auc_gt_2h,1.0,10,10,False
baseline_plus_unconditional_all,leave_one_allele_out,mse,nonzero,HLA-A*69:01,spearman,-0.21849510977216466,9,9,False
baseline_plus_unconditional_all,leave_one_allele_out,mse,nonzero,HLA-A*69:01,pearson_log,-0.15870298163035962,9,9,False
baseline_plus_unconditional_all,leave_one_allele_out,mse,nonzero,HLA-A*69:01,auc_gt_2h,0.25,9,9,False
baseline_plus_unconditional_all,leave_one_allele_out,mse,nonzero,HLA-A*74:01,spearman,-0.15087812175183832,12,12,False
baseline_plus_unconditional_all,leave_one_allele_out,mse,nonzero,HLA-A*74:01,pearson_log,-0.17852530707388445,12,12,False
baseline_plus_unconditional_all,leave_one_allele_out,mse,nonzero,HLA-A*74:01,auc_gt_2h,0.4,12,12,False
baseline_plus_unconditional_all,leave_one_allele_out,mse,nonzero,HLA-A*80:01,spearman,0.4709678328596098,10,10,False
baseline_plus_unconditional_all,leave_one_allele_out,mse,nonzero,HLA-A*80:01,pearson_log,0.3661057932229183,10,10,False
baseline_plus_unconditional_all,leave_one_allele_out,mse,nonzero,HLA-A*80:01,auc_gt_2h,0.5,10,10,False
baseline_plus_unconditional_all,leave_one_allele_out,mse,nonzero,HLA-B*07:02,spearman,-0.002766317880559448,13,13,False
baseline_plus_unconditional_all,leave_one_allele_out,mse,nonzero,HLA-B*07:02,pearson_log,0.04422252855636457,13,13,False
baseline_plus_unconditional_all,leave_one_allele_out,mse,nonzero,HLA-B*07:02,auc_gt_2h,0.5952380952380953,13,13,False
baseline_plus_unconditional_all,leave_one_allele_out,mse,nonzero,HLA-B*08:01,spearman,0.3067715595699244,10,10,False
baseline_plus_unconditional_all,leave_one_allele_out,mse,nonzero,HLA-B*08:01,pearson_log,0.26392327635823415,10,10,False
baseline_plus_unconditional_all,leave_one_allele_out,mse,nonzero,HLA-B*08:01,auc_gt_2h,,10,10,False
baseline_plus_unconditional_all,leave_one_allele_out,mse,nonzero,HLA-B*08:03,spearman,-0.01695158759052026,9,9,False
baseline_plus_unconditional_all,leave_one_allele_out,mse,nonzero,HLA-B*08:03,pearson_log,0.006438823399269308,9,9,False
baseline_plus_unconditional_all,leave_one_allele_out,mse,nonzero,HLA-B*08:03,auc_gt_2h,0.5555555555555556,9,9,False
baseline_plus_unconditional_all,leave_one_allele_out,mse,nonzero,HLA-B*13:02,spearman,-0.39999999999999997,4,4,False
baseline_plus_unconditional_all,leave_one_allele_out,mse,nonzero,HLA-B*13:02,pearson_log,-0.3980264142062655,4,4,False
baseline_plus_unconditional_all,leave_one_allele_out,mse,nonzero,HLA-B*13:02,auc_gt_2h,0.0,4,4,False
baseline_plus_unconditional_all,leave_one_allele_out,mse,nonzero,HLA-B*14:01(C67S),spearman,,1,1,True
baseline_plus_unconditional_all,leave_one_allele_out,mse,nonzero,HLA-B*14:01(C67S),pearson_log,,1,1,True
baseline_plus_unconditional_all,leave_one_allele_out,mse,nonzero,HLA-B*14:01(C67S),auc_gt_2h,,1,1,True
baseline_plus_unconditional_all,leave_one_allele_out,mse,nonzero,HLA-B*14:02(C67S),spearman,0.7999999999999999,5,5,False
baseline_plus_unconditional_all,leave_one_allele_out,mse,nonzero,HLA-B*14:02(C67S),pearson_log,0.4888198862848573,5,5,False
baseline_plus_unconditional_all,leave_one_allele_out,mse,nonzero,HLA-B*14:02(C67S),auc_gt_2h,0.75,5,5,False
baseline_plus_unconditional_all,leave_one_allele_out,mse,nonzero,HLA-B*15:01,spearman,0.13636363636363638,11,11,False
baseline_plus_unconditional_all,leave_one_allele_out,mse,nonzero,HLA-B*15:01,pearson_log,-0.05456958385269703,11,11,False
baseline_plus_unconditional_all,leave_one_allele_out,mse,nonzero,HLA-B*15:01,auc_gt_2h,0.4444444444444444,11,11,False
baseline_plus_unconditional_all,leave_one_allele_out,mse,nonzero,HLA-B*15:02,spearman,0.523809523809524,8,8,False
baseline_plus_unconditional_all,leave_one_allele_out,mse,nonzero,HLA-B*15:02,pearson_log,0.5976078050974207,8,8,False
baseline_plus_unconditional_all,leave_one_allele_out,mse,nonzero,HLA-B*15:02,auc_gt_2h,0.7333333333333334,8,8,False
baseline_plus_unconditional_all,leave_one_allele_out,mse,nonzero,HLA-B*15:10,spearman,0.2556921609434964,12,12,False
baseline_plus_unconditional_all,leave_one_allele_out,mse,nonzero,HLA-B*15:10,pearson_log,0.38157117269318536,12,12,False
baseline_plus_unconditional_all,leave_one_allele_out,mse,nonzero,HLA-B*15:10,auc_gt_2h,0.6,12,12,False
baseline_plus_unconditional_all,leave_one_allele_out,mse,nonzero,HLA-B*15:17,spearman,0.3048837166595521,10,10,False
baseline_plus_unconditional_all,leave_one_allele_out,mse,nonzero,HLA-B*15:17,pearson_log,0.1310415890224285,10,10,False
baseline_plus_unconditional_all,leave_one_allele_out,mse,nonzero,HLA-B*15:17,auc_gt_2h,0.5714285714285714,10,10,False
baseline_plus_unconditional_all,leave_one_allele_out,mse,nonzero,HLA-B*18:01,spearman,0.2558461842645392,13,13,False
baseline_plus_unconditional_all,leave_one_allele_out,mse,nonzero,HLA-B*18:01,pearson_log,0.2056017909063838,13,13,False
baseline_plus_unconditional_all,leave_one_allele_out,mse,nonzero,HLA-B*18:01,auc_gt_2h,0.6428571428571428,13,13,False
baseline_plus_unconditional_all,leave_one_allele_out,mse,nonzero,HLA-B*27:02,spearman,0.3394638275806278,11,11,False
baseline_plus_unconditional_all,leave_one_allele_out,mse,nonzero,HLA-B*27:02,pearson_log,0.4667576380337807,11,11,False
baseline_plus_unconditional_all,leave_one_allele_out,mse,nonzero,HLA-B*27:02,auc_gt_2h,0.8571428571428572,11,11,False
baseline_plus_unconditional_all,leave_one_allele_out,mse,nonzero,HLA-B*27:03,spearman,0.2845213189769458,9,9,False
baseline_plus_unconditional_all,leave_one_allele_out,mse,nonzero,HLA-B*27:03,pearson_log,0.3344578259879031,9,9,False
baseline_plus_unconditional_all,leave_one_allele_out,mse,nonzero,HLA-B*27:03,auc_gt_2h,0.7,9,9,False
baseline_plus_unconditional_all,leave_one_allele_out,mse,nonzero,HLA-B*27:05,spearman,0.10502392594476133,11,11,False
baseline_plus_unconditional_all,leave_one_allele_out,mse,nonzero,HLA-B*27:05,pearson_log,0.24414639449188463,11,11,False
baseline_plus_unconditional_all,leave_one_allele_out,mse,nonzero,HLA-B*27:05,auc_gt_2h,0.5,11,11,False
baseline_plus_unconditional_all,leave_one_allele_out,mse,nonzero,HLA-B*27:20,spearman,-0.3052399718773975,11,11,False
baseline_plus_unconditional_all,leave_one_allele_out,mse,nonzero,HLA-B*27:20,pearson_log,-0.22250208763727142,11,11,False
baseline_plus_unconditional_all,leave_one_allele_out,mse,nonzero,HLA-B*27:20,auc_gt_2h,0.4642857142857143,11,11,False
baseline_plus_unconditional_all,leave_one_allele_out,mse,nonzero,HLA-B*35:01,spearman,0.5941474602165634,9,9,False
baseline_plus_unconditional_all,leave_one_allele_out,mse,nonzero,HLA-B*35:01,pearson_log,0.39094331021158335,9,9,False
baseline_plus_unconditional_all,leave_one_allele_out,mse,nonzero,HLA-B*35:01,auc_gt_2h,0.7777777777777778,9,9,False
baseline_plus_unconditional_all,leave_one_allele_out,mse,nonzero,HLA-B*35:03,spearman,0.15789570881006337,12,12,False
baseline_plus_unconditional_all,leave_one_allele_out,mse,nonzero,HLA-B*35:03,pearson_log,0.0653049782938413,12,12,False
baseline_plus_unconditional_all,leave_one_allele_out,mse,nonzero,HLA-B*35:03,auc_gt_2h,0.4285714285714286,12,12,False
baseline_plus_unconditional_all,leave_one_allele_out,mse,nonzero,HLA-B*35:08,spearman,0.35404637720121124,11,11,False
baseline_plus_unconditional_all,leave_one_allele_out,mse,nonzero,HLA-B*35:08,pearson_log,0.30941481416549,11,11,False
baseline_plus_unconditional_all,leave_one_allele_out,mse,nonzero,HLA-B*35:08,auc_gt_2h,0.7222222222222222,11,11,False
baseline_plus_unconditional_all,leave_one_allele_out,mse,nonzero,HLA-B*39:01,spearman,0.5566699407412808,11,11,False
baseline_plus_unconditional_all,leave_one_allele_out,mse,nonzero,HLA-B*39:01,pearson_log,0.5950379003171483,11,11,False
baseline_plus_unconditional_all,leave_one_allele_out,mse,nonzero,HLA-B*39:01,auc_gt_2h,1.0,11,11,False
baseline_plus_unconditional_all,leave_one_allele_out,mse,nonzero,HLA-B*39:02,spearman,0.35598333940092547,9,9,False
baseline_plus_unconditional_all,leave_one_allele_out,mse,nonzero,HLA-B*39:02,pearson_log,0.36290934037505407,9,9,False
baseline_plus_unconditional_all,leave_one_allele_out,mse,nonzero,HLA-B*39:02,auc_gt_2h,0.7142857142857142,9,9,False
baseline_plus_unconditional_all,leave_one_allele_out,mse,nonzero,HLA-B*39:06(C67S),spearman,,1,1,True
baseline_plus_unconditional_all,leave_one_allele_out,mse,nonzero,HLA-B*39:06(C67S),pearson_log,,1,1,True
baseline_plus_unconditional_all,leave_one_allele_out,mse,nonzero,HLA-B*39:06(C67S),auc_gt_2h,,1,1,True
baseline_plus_unconditional_all,leave_one_allele_out,mse,nonzero,HLA-B*39:10,spearman,0.20000000000000004,11,11,False
baseline_plus_unconditional_all,leave_one_allele_out,mse,nonzero,HLA-B*39:10,pearson_log,0.12636429177558584,11,11,False
baseline_plus_unconditional_all,leave_one_allele_out,mse,nonzero,HLA-B*39:10,auc_gt_2h,0.43333333333333335,11,11,False
baseline_plus_unconditional_all,leave_one_allele_out,mse,nonzero,HLA-B*40:01,spearman,0.1614045023391759,12,12,False
baseline_plus_unconditional_all,leave_one_allele_out,mse,nonzero,HLA-B*40:01,pearson_log,0.022901927014794488,12,12,False
baseline_plus_unconditional_all,leave_one_allele_out,mse,nonzero,HLA-B*40:01,auc_gt_2h,0.9090909090909091,12,12,False
baseline_plus_unconditional_all,leave_one_allele_out,mse,nonzero,HLA-B*40:02,spearman,0.34615384615384615,13,13,False
baseline_plus_unconditional_all,leave_one_allele_out,mse,nonzero,HLA-B*40:02,pearson_log,0.3838728284206272,13,13,False
baseline_plus_unconditional_all,leave_one_allele_out,mse,nonzero,HLA-B*40:02,auc_gt_2h,0.7666666666666666,13,13,False
baseline_plus_unconditional_all,leave_one_allele_out,mse,nonzero,HLA-B*41:01,spearman,-0.5161002296110789,6,6,False
baseline_plus_unconditional_all,leave_one_allele_out,mse,nonzero,HLA-B*41:01,pearson_log,-0.2592250235737117,6,6,False
baseline_plus_unconditional_all,leave_one_allele_out,mse,nonzero,HLA-B*41:01,auc_gt_2h,,6,6,False
baseline_plus_unconditional_all,leave_one_allele_out,mse,nonzero,HLA-B*42:01,spearman,-0.3706293706293707,12,12,False
baseline_plus_unconditional_all,leave_one_allele_out,mse,nonzero,HLA-B*42:01,pearson_log,-0.01778219898272068,12,12,False
baseline_plus_unconditional_all,leave_one_allele_out,mse,nonzero,HLA-B*42:01,auc_gt_2h,0.2727272727272727,12,12,False
baseline_plus_unconditional_all,leave_one_allele_out,mse,nonzero,HLA-B*42:02,spearman,-0.3781330994899103,11,11,False
baseline_plus_unconditional_all,leave_one_allele_out,mse,nonzero,HLA-B*42:02,pearson_log,-0.4624022508834197,11,11,False
baseline_plus_unconditional_all,leave_one_allele_out,mse,nonzero,HLA-B*42:02,auc_gt_2h,0.3333333333333333,11,11,False
baseline_plus_unconditional_all,leave_one_allele_out,mse,nonzero,HLA-B*44:05,spearman,-0.09824621881515054,12,12,False
baseline_plus_unconditional_all,leave_one_allele_out,mse,nonzero,HLA-B*44:05,pearson_log,-0.14212702410731726,12,12,False
baseline_plus_unconditional_all,leave_one_allele_out,mse,nonzero,HLA-B*44:05,auc_gt_2h,0.45,12,12,False
baseline_plus_unconditional_all,leave_one_allele_out,mse,nonzero,HLA-B*45:01,spearman,0.0,3,3,False
baseline_plus_unconditional_all,leave_one_allele_out,mse,nonzero,HLA-B*45:01,pearson_log,0.3680320333025942,3,3,False
baseline_plus_unconditional_all,leave_one_allele_out,mse,nonzero,HLA-B*45:01,auc_gt_2h,0.5,3,3,False
baseline_plus_unconditional_all,leave_one_allele_out,mse,nonzero,HLA-B*46:01,spearman,-0.39285714285714296,7,7,False
baseline_plus_unconditional_all,leave_one_allele_out,mse,nonzero,HLA-B*46:01,pearson_log,-0.2832560735623536,7,7,False
baseline_plus_unconditional_all,leave_one_allele_out,mse,nonzero,HLA-B*46:01,auc_gt_2h,0.6,7,7,False
baseline_plus_unconditional_all,leave_one_allele_out,mse,nonzero,HLA-B*51:01,spearman,0.19999999999999998,4,4,False
baseline_plus_unconditional_all,leave_one_allele_out,mse,nonzero,HLA-B*51:01,pearson_log,0.7428715677164585,4,4,False
baseline_plus_unconditional_all,leave_one_allele_out,mse,nonzero,HLA-B*51:01,auc_gt_2h,,4,4,False
baseline_plus_unconditional_all,leave_one_allele_out,mse,nonzero,HLA-B*54:01,spearman,0.3571428571428572,8,8,False
baseline_plus_unconditional_all,leave_one_allele_out,mse,nonzero,HLA-B*54:01,pearson_log,0.5943503629031505,8,8,False
baseline_plus_unconditional_all,leave_one_allele_out,mse,nonzero,HLA-B*54:01,auc_gt_2h,0.9166666666666667,8,8,False
baseline_plus_unconditional_all,leave_one_allele_out,mse,nonzero,HLA-B*55:01,spearman,0.5,3,3,False
baseline_plus_unconditional_all,leave_one_allele_out,mse,nonzero,HLA-B*55:01,pearson_log,0.08446827587803288,3,3,False
baseline_plus_unconditional_all,leave_one_allele_out,mse,nonzero,HLA-B*55:01,auc_gt_2h,0.5,3,3,False
baseline_plus_unconditional_all,leave_one_allele_out,mse,nonzero,HLA-B*56:01,spearman,0.10844160586017297,8,8,False
baseline_plus_unconditional_all,leave_one_allele_out,mse,nonzero,HLA-B*56:01,pearson_log,-0.2545261510129446,8,8,False
baseline_plus_unconditional_all,leave_one_allele_out,mse,nonzero,HLA-B*56:01,auc_gt_2h,,8,8,False
baseline_plus_unconditional_all,leave_one_allele_out,mse,nonzero,HLA-B*57:01,spearman,-0.19264477879304523,12,12,False
baseline_plus_unconditional_all,leave_one_allele_out,mse,nonzero,HLA-B*57:01,pearson_log,-0.23912258179206733,12,12,False
baseline_plus_unconditional_all,leave_one_allele_out,mse,nonzero,HLA-B*57:01,auc_gt_2h,,12,12,False
baseline_plus_unconditional_all,leave_one_allele_out,mse,nonzero,HLA-B*57:02,spearman,-0.4165552903816044,13,13,False
baseline_plus_unconditional_all,leave_one_allele_out,mse,nonzero,HLA-B*57:02,pearson_log,-0.5217647230291971,13,13,False
baseline_plus_unconditional_all,leave_one_allele_out,mse,nonzero,HLA-B*57:02,auc_gt_2h,0.09090909090909094,13,13,False
baseline_plus_unconditional_all,leave_one_allele_out,mse,nonzero,HLA-B*57:03,spearman,0.34065934065934067,13,13,False
baseline_plus_unconditional_all,leave_one_allele_out,mse,nonzero,HLA-B*57:03,pearson_log,0.24939898868149857,13,13,False
baseline_plus_unconditional_all,leave_one_allele_out,mse,nonzero,HLA-B*57:03,auc_gt_2h,0.6,13,13,False
baseline_plus_unconditional_all,leave_one_allele_out,mse,nonzero,HLA-B*58:01,spearman,0.33975533714409795,12,12,False
baseline_plus_unconditional_all,leave_one_allele_out,mse,nonzero,HLA-B*58:01,pearson_log,0.21899000195176496,12,12,False
baseline_plus_unconditional_all,leave_one_allele_out,mse,nonzero,HLA-B*58:01,auc_gt_2h,0.7142857142857143,12,12,False
baseline_plus_unconditional_all,leave_one_allele_out,mse,nonzero,HLA-B*81:01,spearman,0.17052320905327925,11,11,False
baseline_plus_unconditional_all,leave_one_allele_out,mse,nonzero,HLA-B*81:01,pearson_log,0.17370857367627723,11,11,False
baseline_plus_unconditional_all,leave_one_allele_out,mse,nonzero,HLA-B*81:01,auc_gt_2h,0.5,11,11,False
baseline_plus_unconditional_all,peptide_disjoint,mse,all,HLA-A*01:01,spearman,,2,2,False
baseline_plus_unconditional_all,peptide_disjoint,mse,all,HLA-A*01:01,pearson_log,,2,2,False
baseline_plus_unconditional_all,peptide_disjoint,mse,all,HLA-A*01:01,auc_gt_2h,1.0,2,2,False
baseline_plus_unconditional_all,peptide_disjoint,mse,all,HLA-A*02:01,spearman,0.5,3,3,False
baseline_plus_unconditional_all,peptide_disjoint,mse,all,HLA-A*02:01,pearson_log,-0.1090474986166842,3,3,False
baseline_plus_unconditional_all,peptide_disjoint,mse,all,HLA-A*02:01,auc_gt_2h,,3,3,False
baseline_plus_unconditional_all,peptide_disjoint,mse,all,HLA-A*02:03,spearman,,2,2,False
baseline_plus_unconditional_all,peptide_disjoint,mse,all,HLA-A*02:03,pearson_log,,2,2,False
baseline_plus_unconditional_all,peptide_disjoint,mse,all,HLA-A*02:03,auc_gt_2h,0.0,2,2,False
baseline_plus_unconditional_all,peptide_disjoint,mse,all,HLA-A*02:05,spearman,0.19999999999999998,5,5,False
baseline_plus_unconditional_all,peptide_disjoint,mse,all,HLA-A*02:05,pearson_log,-0.044751766714219265,5,5,False
baseline_plus_unconditional_all,peptide_disjoint,mse,all,HLA-A*02:05,auc_gt_2h,0.3333333333333333,5,5,False
baseline_plus_unconditional_all,peptide_disjoint,mse,all,HLA-A*02:10,spearman,,2,2,False
baseline_plus_unconditional_all,peptide_disjoint,mse,all,HLA-A*02:10,pearson_log,,2,2,False
baseline_plus_unconditional_all,peptide_disjoint,mse,all,HLA-A*02:10,auc_gt_2h,1.0,2,2,False
baseline_plus_unconditional_all,peptide_disjoint,mse,all,HLA-A*02:11,spearman,,2,2,False
baseline_plus_unconditional_all,peptide_disjoint,mse,all,HLA-A*02:11,pearson_log,,2,2,False
baseline_plus_unconditional_all,peptide_disjoint,mse,all,HLA-A*02:11,auc_gt_2h,,2,2,False
baseline_plus_unconditional_all,peptide_disjoint,mse,all,HLA-A*02:12,spearman,1.0,4,4,False
baseline_plus_unconditional_all,peptide_disjoint,mse,all,HLA-A*02:12,pearson_log,0.8539545752476423,4,4,False
baseline_plus_unconditional_all,peptide_disjoint,mse,all,HLA-A*02:12,auc_gt_2h,1.0,4,4,False
baseline_plus_unconditional_all,peptide_disjoint,mse,all,HLA-A*02:19,spearman,-0.19999999999999998,5,5,False
baseline_plus_unconditional_all,peptide_disjoint,mse,all,HLA-A*02:19,pearson_log,-0.3798289635434529,5,5,False
baseline_plus_unconditional_all,peptide_disjoint,mse,all,HLA-A*02:19,auc_gt_2h,0.5,5,5,False
baseline_plus_unconditional_all,peptide_disjoint,mse,all,HLA-A*02:50,spearman,0.7999999999999999,4,4,False
baseline_plus_unconditional_all,peptide_disjoint,mse,all,HLA-A*02:50,pearson_log,0.5428348703438384,4,4,False
baseline_plus_unconditional_all,peptide_disjoint,mse,all,HLA-A*02:50,auc_gt_2h,,4,4,False
baseline_plus_unconditional_all,peptide_disjoint,mse,all,HLA-A*03:01,spearman,0.6,5,5,False
baseline_plus_unconditional_all,peptide_disjoint,mse,all,HLA-A*03:01,pearson_log,0.47241069435706434,5,5,False
baseline_plus_unconditional_all,peptide_disjoint,mse,all,HLA-A*03:01,auc_gt_2h,0.75,5,5,False
baseline_plus_unconditional_all,peptide_disjoint,mse,all,HLA-A*11:01,spearman,,1,1,True
baseline_plus_unconditional_all,peptide_disjoint,mse,all,HLA-A*11:01,pearson_log,,1,1,True
baseline_plus_unconditional_all,peptide_disjoint,mse,all,HLA-A*11:01,auc_gt_2h,,1,1,True
baseline_plus_unconditional_all,peptide_disjoint,mse,all,HLA-A*23:01,spearman,,2,2,False
baseline_plus_unconditional_all,peptide_disjoint,mse,all,HLA-A*23:01,pearson_log,,2,2,False
baseline_plus_unconditional_all,peptide_disjoint,mse,all,HLA-A*23:01,auc_gt_2h,0.0,2,2,False
baseline_plus_unconditional_all,peptide_disjoint,mse,all,HLA-A*24:02,spearman,-0.39999999999999997,4,4,False
baseline_plus_unconditional_all,peptide_disjoint,mse,all,HLA-A*24:02,pearson_log,-0.06357541267929362,4,4,False
baseline_plus_unconditional_all,peptide_disjoint,mse,all,HLA-A*24:02,auc_gt_2h,0.5,4,4,False
baseline_plus_unconditional_all,peptide_disjoint,mse,all,HLA-A*24:03,spearman,,2,2,False
baseline_plus_unconditional_all,peptide_disjoint,mse,all,HLA-A*24:03,pearson_log,,2,2,False
baseline_plus_unconditional_all,peptide_disjoint,mse,all,HLA-A*24:03,auc_gt_2h,,2,2,False
baseline_plus_unconditional_all,peptide_disjoint,mse,all,HLA-A*24:07,spearman,,2,2,False
baseline_plus_unconditional_all,peptide_disjoint,mse,all,HLA-A*24:07,pearson_log,,2,2,False
baseline_plus_unconditional_all,peptide_disjoint,mse,all,HLA-A*24:07,auc_gt_2h,0.0,2,2,False
baseline_plus_unconditional_all,peptide_disjoint,mse,all,HLA-A*24:19,spearman,0.5,3,3,False
baseline_plus_unconditional_all,peptide_disjoint,mse,all,HLA-A*24:19,pearson_log,0.6170149791155783,3,3,False
baseline_plus_unconditional_all,peptide_disjoint,mse,all,HLA-A*24:19,auc_gt_2h,,3,3,False
baseline_plus_unconditional_all,peptide_disjoint,mse,all,HLA-A*25:01,spearman,,1,1,True
baseline_plus_unconditional_all,peptide_disjoint,mse,all,HLA-A*25:01,pearson_log,,1,1,True
baseline_plus_unconditional_all,peptide_disjoint,mse,all,HLA-A*25:01,auc_gt_2h,,1,1,True
baseline_plus_unconditional_all,peptide_disjoint,mse,all,HLA-A*26:01,spearman,-1.0,3,3,False
baseline_plus_unconditional_all,peptide_disjoint,mse,all,HLA-A*26:01,pearson_log,-0.9289789423775995,3,3,False
baseline_plus_unconditional_all,peptide_disjoint,mse,all,HLA-A*26:01,auc_gt_2h,,3,3,False
baseline_plus_unconditional_all,peptide_disjoint,mse,all,HLA-A*26:02,spearman,,2,2,False
baseline_plus_unconditional_all,peptide_disjoint,mse,all,HLA-A*26:02,pearson_log,,2,2,False
baseline_plus_unconditional_all,peptide_disjoint,mse,all,HLA-A*26:02,auc_gt_2h,,2,2,False
baseline_plus_unconditional_all,peptide_disjoint,mse,all,HLA-A*26:03,spearman,,1,1,True
baseline_plus_unconditional_all,peptide_disjoint,mse,all,HLA-A*26:03,pearson_log,,1,1,True
baseline_plus_unconditional_all,peptide_disjoint,mse,all,HLA-A*26:03,auc_gt_2h,,1,1,True
baseline_plus_unconditional_all,peptide_disjoint,mse,all,HLA-A*29:02,spearman,0.6,5,5,False
baseline_plus_unconditional_all,peptide_disjoint,mse,all,HLA-A*29:02,pearson_log,0.5471361634350641,5,5,False
baseline_plus_unconditional_all,peptide_disjoint,mse,all,HLA-A*29:02,auc_gt_2h,0.75,5,5,False
baseline_plus_unconditional_all,peptide_disjoint,mse,all,HLA-A*30:01,spearman,,2,2,False
baseline_plus_unconditional_all,peptide_disjoint,mse,all,HLA-A*30:01,pearson_log,,2,2,False
baseline_plus_unconditional_all,peptide_disjoint,mse,all,HLA-A*30:01,auc_gt_2h,,2,2,False
baseline_plus_unconditional_all,peptide_disjoint,mse,all,HLA-A*30:02,spearman,,2,2,False
baseline_plus_unconditional_all,peptide_disjoint,mse,all,HLA-A*30:02,pearson_log,,2,2,False
baseline_plus_unconditional_all,peptide_disjoint,mse,all,HLA-A*30:02,auc_gt_2h,1.0,2,2,False
baseline_plus_unconditional_all,peptide_disjoint,mse,all,HLA-A*31:01,spearman,0.0,3,3,False
baseline_plus_unconditional_all,peptide_disjoint,mse,all,HLA-A*31:01,pearson_log,0.11459104278200535,3,3,False
baseline_plus_unconditional_all,peptide_disjoint,mse,all,HLA-A*31:01,auc_gt_2h,,3,3,False
baseline_plus_unconditional_all,peptide_disjoint,mse,all,HLA-A*32:01,spearman,-1.0,3,3,False
baseline_plus_unconditional_all,peptide_disjoint,mse,all,HLA-A*32:01,pearson_log,-0.9573807509212433,3,3,False
baseline_plus_unconditional_all,peptide_disjoint,mse,all,HLA-A*32:01,auc_gt_2h,0.0,3,3,False
baseline_plus_unconditional_all,peptide_disjoint,mse,all,HLA-A*32:07,spearman,0.5,3,3,False
baseline_plus_unconditional_all,peptide_disjoint,mse,all,HLA-A*32:07,pearson_log,0.44610411573125486,3,3,False
baseline_plus_unconditional_all,peptide_disjoint,mse,all,HLA-A*32:07,auc_gt_2h,1.0,3,3,False
baseline_plus_unconditional_all,peptide_disjoint,mse,all,HLA-A*33:03,spearman,,2,2,False
baseline_plus_unconditional_all,peptide_disjoint,mse,all,HLA-A*33:03,pearson_log,,2,2,False
baseline_plus_unconditional_all,peptide_disjoint,mse,all,HLA-A*33:03,auc_gt_2h,1.0,2,2,False
baseline_plus_unconditional_all,peptide_disjoint,mse,all,HLA-A*43:01,spearman,0.4928053803045812,6,6,False
baseline_plus_unconditional_all,peptide_disjoint,mse,all,HLA-A*43:01,pearson_log,0.6506609142289228,6,6,False
baseline_plus_unconditional_all,peptide_disjoint,mse,all,HLA-A*43:01,auc_gt_2h,0.8,6,6,False
baseline_plus_unconditional_all,peptide_disjoint,mse,all,HLA-A*66:01,spearman,,1,1,True
baseline_plus_unconditional_all,peptide_disjoint,mse,all,HLA-A*66:01,pearson_log,,1,1,True
baseline_plus_unconditional_all,peptide_disjoint,mse,all,HLA-A*66:01,auc_gt_2h,,1,1,True
baseline_plus_unconditional_all,peptide_disjoint,mse,all,HLA-A*68:01,spearman,-0.20519567041703085,5,5,False
baseline_plus_unconditional_all,peptide_disjoint,mse,all,HLA-A*68:01,pearson_log,-0.20299873341974564,5,5,False
baseline_plus_unconditional_all,peptide_disjoint,mse,all,HLA-A*68:01,auc_gt_2h,0.16666666666666669,5,5,False
baseline_plus_unconditional_all,peptide_disjoint,mse,all,HLA-A*68:02,spearman,0.7,5,5,False
baseline_plus_unconditional_all,peptide_disjoint,mse,all,HLA-A*68:02,pearson_log,0.6833171295313709,5,5,False
baseline_plus_unconditional_all,peptide_disjoint,mse,all,HLA-A*68:02,auc_gt_2h,,5,5,False
baseline_plus_unconditional_all,peptide_disjoint,mse,all,HLA-A*68:23,spearman,-0.9486832980505139,4,4,False
baseline_plus_unconditional_all,peptide_disjoint,mse,all,HLA-A*68:23,pearson_log,-0.7956716317812097,4,4,False
baseline_plus_unconditional_all,peptide_disjoint,mse,all,HLA-A*68:23,auc_gt_2h,,4,4,False
baseline_plus_unconditional_all,peptide_disjoint,mse,all,HLA-A*69:01,spearman,0.8207826816681234,5,5,False
baseline_plus_unconditional_all,peptide_disjoint,mse,all,HLA-A*69:01,pearson_log,0.6099932881006793,5,5,False
baseline_plus_unconditional_all,peptide_disjoint,mse,all,HLA-A*69:01,auc_gt_2h,,5,5,False
baseline_plus_unconditional_all,peptide_disjoint,mse,all,HLA-A*74:01,spearman,,1,1,True
baseline_plus_unconditional_all,peptide_disjoint,mse,all,HLA-A*74:01,pearson_log,,1,1,True
baseline_plus_unconditional_all,peptide_disjoint,mse,all,HLA-A*74:01,auc_gt_2h,,1,1,True
baseline_plus_unconditional_all,peptide_disjoint,mse,all,HLA-A*80:01,spearman,,2,2,False
baseline_plus_unconditional_all,peptide_disjoint,mse,all,HLA-A*80:01,pearson_log,,2,2,False
baseline_plus_unconditional_all,peptide_disjoint,mse,all,HLA-A*80:01,auc_gt_2h,,2,2,False
baseline_plus_unconditional_all,peptide_disjoint,mse,all,HLA-B*07:02,spearman,0.47434164902525683,5,5,False
baseline_plus_unconditional_all,peptide_disjoint,mse,all,HLA-B*07:02,pearson_log,0.33113050579120656,5,5,False
baseline_plus_unconditional_all,peptide_disjoint,mse,all,HLA-B*07:02,auc_gt_2h,0.8333333333333333,5,5,False
baseline_plus_unconditional_all,peptide_disjoint,mse,all,HLA-B*08:01,spearman,,2,2,False
baseline_plus_unconditional_all,peptide_disjoint,mse,all,HLA-B*08:01,pearson_log,,2,2,False
baseline_plus_unconditional_all,peptide_disjoint,mse,all,HLA-B*08:01,auc_gt_2h,,2,2,False
baseline_plus_unconditional_all,peptide_disjoint,mse,all,HLA-B*08:03,spearman,,2,2,False
baseline_plus_unconditional_all,peptide_disjoint,mse,all,HLA-B*08:03,pearson_log,,2,2,False
baseline_plus_unconditional_all,peptide_disjoint,mse,all,HLA-B*08:03,auc_gt_2h,1.0,2,2,False
baseline_plus_unconditional_all,peptide_disjoint,mse,all,HLA-B*13:02,spearman,,2,2,False
baseline_plus_unconditional_all,peptide_disjoint,mse,all,HLA-B*13:02,pearson_log,,2,2,False
baseline_plus_unconditional_all,peptide_disjoint,mse,all,HLA-B*13:02,auc_gt_2h,0.0,2,2,False
baseline_plus_unconditional_all,peptide_disjoint,mse,all,HLA-B*14:01(C67S),spearman,,1,1,True
baseline_plus_unconditional_all,peptide_disjoint,mse,all,HLA-B*14:01(C67S),pearson_log,,1,1,True
baseline_plus_unconditional_all,peptide_disjoint,mse,all,HLA-B*14:01(C67S),auc_gt_2h,,1,1,True
baseline_plus_unconditional_all,peptide_disjoint,mse,all,HLA-B*14:02(C67S),spearman,,1,1,True
baseline_plus_unconditional_all,peptide_disjoint,mse,all,HLA-B*14:02(C67S),pearson_log,,1,1,True
baseline_plus_unconditional_all,peptide_disjoint,mse,all,HLA-B*14:02(C67S),auc_gt_2h,,1,1,True
baseline_plus_unconditional_all,peptide_disjoint,mse,all,HLA-B*15:01,spearman,-0.39999999999999997,4,4,False
baseline_plus_unconditional_all,peptide_disjoint,mse,all,HLA-B*15:01,pearson_log,-0.5201834347456333,4,4,False
baseline_plus_unconditional_all,peptide_disjoint,mse,all,HLA-B*15:01,auc_gt_2h,0.0,4,4,False
baseline_plus_unconditional_all,peptide_disjoint,mse,all,HLA-B*15:10,spearman,,2,2,False
baseline_plus_unconditional_all,peptide_disjoint,mse,all,HLA-B*15:10,pearson_log,,2,2,False
baseline_plus_unconditional_all,peptide_disjoint,mse,all,HLA-B*15:10,auc_gt_2h,0.0,2,2,False
baseline_plus_unconditional_all,peptide_disjoint,mse,all,HLA-B*18:01,spearman,,2,2,False
baseline_plus_unconditional_all,peptide_disjoint,mse,all,HLA-B*18:01,pearson_log,,2,2,False
baseline_plus_unconditional_all,peptide_disjoint,mse,all,HLA-B*18:01,auc_gt_2h,,2,2,False
baseline_plus_unconditional_all,peptide_disjoint,mse,all,HLA-B*27:02,spearman,0.5,3,3,False
baseline_plus_unconditional_all,peptide_disjoint,mse,all,HLA-B*27:02,pearson_log,0.7363840345092134,3,3,False
baseline_plus_unconditional_all,peptide_disjoint,mse,all,HLA-B*27:02,auc_gt_2h,1.0,3,3,False
baseline_plus_unconditional_all,peptide_disjoint,mse,all,HLA-B*27:03,spearman,0.5,3,3,False
baseline_plus_unconditional_all,peptide_disjoint,mse,all,HLA-B*27:03,pearson_log,0.9966318841001688,3,3,False
baseline_plus_unconditional_all,peptide_disjoint,mse,all,HLA-B*27:03,auc_gt_2h,1.0,3,3,False
baseline_plus_unconditional_all,peptide_disjoint,mse,all,HLA-B*27:05,spearman,,2,2,False
baseline_plus_unconditional_all,peptide_disjoint,mse,all,HLA-B*27:05,pearson_log,,2,2,False
baseline_plus_unconditional_all,peptide_disjoint,mse,all,HLA-B*27:05,auc_gt_2h,,2,2,False
baseline_plus_unconditional_all,peptide_disjoint,mse,all,HLA-B*27:20,spearman,-1.0,3,3,False
baseline_plus_unconditional_all,peptide_disjoint,mse,all,HLA-B*27:20,pearson_log,-0.8811047905509916,3,3,False
baseline_plus_unconditional_all,peptide_disjoint,mse,all,HLA-B*27:20,auc_gt_2h,0.0,3,3,False
baseline_plus_unconditional_all,peptide_disjoint,mse,all,HLA-B*35:01,spearman,,2,2,False
baseline_plus_unconditional_all,peptide_disjoint,mse,all,HLA-B*35:01,pearson_log,,2,2,False
baseline_plus_unconditional_all,peptide_disjoint,mse,all,HLA-B*35:01,auc_gt_2h,0.0,2,2,False
baseline_plus_unconditional_all,peptide_disjoint,mse,all,HLA-B*35:03,spearman,,2,2,False
baseline_plus_unconditional_all,peptide_disjoint,mse,all,HLA-B*35:03,pearson_log,,2,2,False
baseline_plus_unconditional_all,peptide_disjoint,mse,all,HLA-B*35:03,auc_gt_2h,1.0,2,2,False
baseline_plus_unconditional_all,peptide_disjoint,mse,all,HLA-B*35:08,spearman,0.8660254037844387,3,3,False
baseline_plus_unconditional_all,peptide_disjoint,mse,all,HLA-B*35:08,pearson_log,0.9735609763503792,3,3,False
baseline_plus_unconditional_all,peptide_disjoint,mse,all,HLA-B*35:08,auc_gt_2h,1.0,3,3,False
baseline_plus_unconditional_all,peptide_disjoint,mse,all,HLA-B*39:01,spearman,0.35909242322980395,5,5,False
baseline_plus_unconditional_all,peptide_disjoint,mse,all,HLA-B*39:01,pearson_log,0.40266706526435236,5,5,False
baseline_plus_unconditional_all,peptide_disjoint,mse,all,HLA-B*39:01,auc_gt_2h,1.0,5,5,False
baseline_plus_unconditional_all,peptide_disjoint,mse,all,HLA-B*39:02,spearman,,1,1,True
baseline_plus_unconditional_all,peptide_disjoint,mse,all,HLA-B*39:02,pearson_log,,1,1,True
baseline_plus_unconditional_all,peptide_disjoint,mse,all,HLA-B*39:02,auc_gt_2h,,1,1,True
baseline_plus_unconditional_all,peptide_disjoint,mse,all,HLA-B*39:06(C67S),spearman,0.8660254037844387,3,3,False
baseline_plus_unconditional_all,peptide_disjoint,mse,all,HLA-B*39:06(C67S),pearson_log,0.9171926090735887,3,3,False
baseline_plus_unconditional_all,peptide_disjoint,mse,all,HLA-B*39:06(C67S),auc_gt_2h,1.0,3,3,False
baseline_plus_unconditional_all,peptide_disjoint,mse,all,HLA-B*39:10,spearman,,1,1,True
baseline_plus_unconditional_all,peptide_disjoint,mse,all,HLA-B*39:10,pearson_log,,1,1,True
baseline_plus_unconditional_all,peptide_disjoint,mse,all,HLA-B*39:10,auc_gt_2h,,1,1,True
baseline_plus_unconditional_all,peptide_disjoint,mse,all,HLA-B*40:01,spearman,,2,2,False
baseline_plus_unconditional_all,peptide_disjoint,mse,all,HLA-B*40:01,pearson_log,,2,2,False
baseline_plus_unconditional_all,peptide_disjoint,mse,all,HLA-B*40:01,auc_gt_2h,,2,2,False
baseline_plus_unconditional_all,peptide_disjoint,mse,all,HLA-B*40:02,spearman,,2,2,False
baseline_plus_unconditional_all,peptide_disjoint,mse,all,HLA-B*40:02,pearson_log,,2,2,False
baseline_plus_unconditional_all,peptide_disjoint,mse,all,HLA-B*40:02,auc_gt_2h,0.0,2,2,False
baseline_plus_unconditional_all,peptide_disjoint,mse,all,HLA-B*41:01,spearman,0.8660254037844387,3,3,False
baseline_plus_unconditional_all,peptide_disjoint,mse,all,HLA-B*41:01,pearson_log,0.7046209026511814,3,3,False
baseline_plus_unconditional_all,peptide_disjoint,mse,all,HLA-B*41:01,auc_gt_2h,,3,3,False
baseline_plus_unconditional_all,peptide_disjoint,mse,all,HLA-B*42:01,spearman,,1,1,True
baseline_plus_unconditional_all,peptide_disjoint,mse,all,HLA-B*42:01,pearson_log,,1,1,True
baseline_plus_unconditional_all,peptide_disjoint,mse,all,HLA-B*42:01,auc_gt_2h,,1,1,True
baseline_plus_unconditional_all,peptide_disjoint,mse,all,HLA-B*42:02,spearman,0.5,3,3,False
baseline_plus_unconditional_all,peptide_disjoint,mse,all,HLA-B*42:02,pearson_log,0.12191255992711686,3,3,False
baseline_plus_unconditional_all,peptide_disjoint,mse,all,HLA-B*42:02,auc_gt_2h,1.0,3,3,False
baseline_plus_unconditional_all,peptide_disjoint,mse,all,HLA-B*44:05,spearman,,1,1,True
baseline_plus_unconditional_all,peptide_disjoint,mse,all,HLA-B*44:05,pearson_log,,1,1,True
baseline_plus_unconditional_all,peptide_disjoint,mse,all,HLA-B*44:05,auc_gt_2h,,1,1,True
baseline_plus_unconditional_all,peptide_disjoint,mse,all,HLA-B*45:01,spearman,,2,2,False
baseline_plus_unconditional_all,peptide_disjoint,mse,all,HLA-B*45:01,pearson_log,,2,2,False
baseline_plus_unconditional_all,peptide_disjoint,mse,all,HLA-B*45:01,auc_gt_2h,,2,2,False
baseline_plus_unconditional_all,peptide_disjoint,mse,all,HLA-B*51:01,spearman,,1,1,True
baseline_plus_unconditional_all,peptide_disjoint,mse,all,HLA-B*51:01,pearson_log,,1,1,True
baseline_plus_unconditional_all,peptide_disjoint,mse,all,HLA-B*51:01,auc_gt_2h,,1,1,True
baseline_plus_unconditional_all,peptide_disjoint,mse,all,HLA-B*54:01,spearman,0.550782483869826,6,6,False
baseline_plus_unconditional_all,peptide_disjoint,mse,all,HLA-B*54:01,pearson_log,0.5785093502681457,6,6,False
baseline_plus_unconditional_all,peptide_disjoint,mse,all,HLA-B*54:01,auc_gt_2h,1.0,6,6,False
baseline_plus_unconditional_all,peptide_disjoint,mse,all,HLA-B*55:01,spearman,,1,1,True
baseline_plus_unconditional_all,peptide_disjoint,mse,all,HLA-B*55:01,pearson_log,,1,1,True
baseline_plus_unconditional_all,peptide_disjoint,mse,all,HLA-B*55:01,auc_gt_2h,,1,1,True
baseline_plus_unconditional_all,peptide_disjoint,mse,all,HLA-B*56:01,spearman,0.8660254037844387,3,3,False
baseline_plus_unconditional_all,peptide_disjoint,mse,all,HLA-B*56:01,pearson_log,0.9890804452066697,3,3,False
baseline_plus_unconditional_all,peptide_disjoint,mse,all,HLA-B*56:01,auc_gt_2h,,3,3,False
baseline_plus_unconditional_all,peptide_disjoint,mse,all,HLA-B*57:01,spearman,,1,1,True
baseline_plus_unconditional_all,peptide_disjoint,mse,all,HLA-B*57:01,pearson_log,,1,1,True
baseline_plus_unconditional_all,peptide_disjoint,mse,all,HLA-B*57:01,auc_gt_2h,,1,1,True
baseline_plus_unconditional_all,peptide_disjoint,mse,all,HLA-B*57:02,spearman,-0.5,3,3,False
baseline_plus_unconditional_all,peptide_disjoint,mse,all,HLA-B*57:02,pearson_log,-0.5186609925689409,3,3,False
baseline_plus_unconditional_all,peptide_disjoint,mse,all,HLA-B*57:02,auc_gt_2h,,3,3,False
baseline_plus_unconditional_all,peptide_disjoint,mse,all,HLA-B*57:03,spearman,,2,2,False
baseline_plus_unconditional_all,peptide_disjoint,mse,all,HLA-B*57:03,pearson_log,,2,2,False
baseline_plus_unconditional_all,peptide_disjoint,mse,all,HLA-B*57:03,auc_gt_2h,1.0,2,2,False
baseline_plus_unconditional_all,peptide_disjoint,mse,all,HLA-B*58:01,spearman,0.8999999999999998,5,5,False
baseline_plus_unconditional_all,peptide_disjoint,mse,all,HLA-B*58:01,pearson_log,0.6155719033028128,5,5,False
baseline_plus_unconditional_all,peptide_disjoint,mse,all,HLA-B*58:01,auc_gt_2h,1.0,5,5,False
baseline_plus_unconditional_all,peptide_disjoint,mse,all,HLA-B*81:01,spearman,0.3714285714285715,6,6,False
baseline_plus_unconditional_all,peptide_disjoint,mse,all,HLA-B*81:01,pearson_log,0.8586657886038742,6,6,False
baseline_plus_unconditional_all,peptide_disjoint,mse,all,HLA-B*81:01,auc_gt_2h,,6,6,False
baseline_plus_unconditional_all,peptide_disjoint,mse,nonzero,HLA-A*01:01,spearman,,2,2,False
baseline_plus_unconditional_all,peptide_disjoint,mse,nonzero,HLA-A*01:01,pearson_log,,2,2,False
baseline_plus_unconditional_all,peptide_disjoint,mse,nonzero,HLA-A*01:01,auc_gt_2h,1.0,2,2,False
baseline_plus_unconditional_all,peptide_disjoint,mse,nonzero,HLA-A*02:01,spearman,0.5,3,3,False
baseline_plus_unconditional_all,peptide_disjoint,mse,nonzero,HLA-A*02:01,pearson_log,-0.1090474986166842,3,3,False
baseline_plus_unconditional_all,peptide_disjoint,mse,nonzero,HLA-A*02:01,auc_gt_2h,,3,3,False
baseline_plus_unconditional_all,peptide_disjoint,mse,nonzero,HLA-A*02:03,spearman,,1,1,True
baseline_plus_unconditional_all,peptide_disjoint,mse,nonzero,HLA-A*02:03,pearson_log,,1,1,True
baseline_plus_unconditional_all,peptide_disjoint,mse,nonzero,HLA-A*02:03,auc_gt_2h,,1,1,True
baseline_plus_unconditional_all,peptide_disjoint,mse,nonzero,HLA-A*02:05,spearman,0.19999999999999998,5,5,False
baseline_plus_unconditional_all,peptide_disjoint,mse,nonzero,HLA-A*02:05,pearson_log,-0.044751766714219265,5,5,False
baseline_plus_unconditional_all,peptide_disjoint,mse,nonzero,HLA-A*02:05,auc_gt_2h,0.3333333333333333,5,5,False
baseline_plus_unconditional_all,peptide_disjoint,mse,nonzero,HLA-A*02:10,spearman,,2,2,False
baseline_plus_unconditional_all,peptide_disjoint,mse,nonzero,HLA-A*02:10,pearson_log,,2,2,False
baseline_plus_unconditional_all,peptide_disjoint,mse,nonzero,HLA-A*02:10,auc_gt_2h,1.0,2,2,False
baseline_plus_unconditional_all,peptide_disjoint,mse,nonzero,HLA-A*02:11,spearman,,2,2,False
baseline_plus_unconditional_all,peptide_disjoint,mse,nonzero,HLA-A*02:11,pearson_log,,2,2,False
baseline_plus_unconditional_all,peptide_disjoint,mse,nonzero,HLA-A*02:11,auc_gt_2h,,2,2,False
baseline_plus_unconditional_all,peptide_disjoint,mse,nonzero,HLA-A*02:12,spearman,1.0,4,4,False
baseline_plus_unconditional_all,peptide_disjoint,mse,nonzero,HLA-A*02:12,pearson_log,0.8539545752476423,4,4,False
baseline_plus_unconditional_all,peptide_disjoint,mse,nonzero,HLA-A*02:12,auc_gt_2h,1.0,4,4,False
baseline_plus_unconditional_all,peptide_disjoint,mse,nonzero,HLA-A*02:19,spearman,-0.19999999999999998,5,5,False
baseline_plus_unconditional_all,peptide_disjoint,mse,nonzero,HLA-A*02:19,pearson_log,-0.3798289635434529,5,5,False
baseline_plus_unconditional_all,peptide_disjoint,mse,nonzero,HLA-A*02:19,auc_gt_2h,0.5,5,5,False
baseline_plus_unconditional_all,peptide_disjoint,mse,nonzero,HLA-A*02:50,spearman,0.7999999999999999,4,4,False
baseline_plus_unconditional_all,peptide_disjoint,mse,nonzero,HLA-A*02:50,pearson_log,0.5428348703438384,4,4,False
baseline_plus_unconditional_all,peptide_disjoint,mse,nonzero,HLA-A*02:50,auc_gt_2h,,4,4,False
baseline_plus_unconditional_all,peptide_disjoint,mse,nonzero,HLA-A*03:01,spearman,0.6,5,5,False
baseline_plus_unconditional_all,peptide_disjoint,mse,nonzero,HLA-A*03:01,pearson_log,0.47241069435706434,5,5,False
baseline_plus_unconditional_all,peptide_disjoint,mse,nonzero,HLA-A*03:01,auc_gt_2h,0.75,5,5,False
baseline_plus_unconditional_all,peptide_disjoint,mse,nonzero,HLA-A*11:01,spearman,,1,1,True
baseline_plus_unconditional_all,peptide_disjoint,mse,nonzero,HLA-A*11:01,pearson_log,,1,1,True
baseline_plus_unconditional_all,peptide_disjoint,mse,nonzero,HLA-A*11:01,auc_gt_2h,,1,1,True
baseline_plus_unconditional_all,peptide_disjoint,mse,nonzero,HLA-A*23:01,spearman,,2,2,False
baseline_plus_unconditional_all,peptide_disjoint,mse,nonzero,HLA-A*23:01,pearson_log,,2,2,False
baseline_plus_unconditional_all,peptide_disjoint,mse,nonzero,HLA-A*23:01,auc_gt_2h,0.0,2,2,False
baseline_plus_unconditional_all,peptide_disjoint,mse,nonzero,HLA-A*24:02,spearman,-0.39999999999999997,4,4,False
baseline_plus_unconditional_all,peptide_disjoint,mse,nonzero,HLA-A*24:02,pearson_log,-0.06357541267929362,4,4,False
baseline_plus_unconditional_all,peptide_disjoint,mse,nonzero,HLA-A*24:02,auc_gt_2h,0.5,4,4,False
baseline_plus_unconditional_all,peptide_disjoint,mse,nonzero,HLA-A*24:03,spearman,,2,2,False
baseline_plus_unconditional_all,peptide_disjoint,mse,nonzero,HLA-A*24:03,pearson_log,,2,2,False
baseline_plus_unconditional_all,peptide_disjoint,mse,nonzero,HLA-A*24:03,auc_gt_2h,,2,2,False
baseline_plus_unconditional_all,peptide_disjoint,mse,nonzero,HLA-A*24:07,spearman,,2,2,False
baseline_plus_unconditional_all,peptide_disjoint,mse,nonzero,HLA-A*24:07,pearson_log,,2,2,False
baseline_plus_unconditional_all,peptide_disjoint,mse,nonzero,HLA-A*24:07,auc_gt_2h,0.0,2,2,False
baseline_plus_unconditional_all,peptide_disjoint,mse,nonzero,HLA-A*24:19,spearman,,2,2,False
baseline_plus_unconditional_all,peptide_disjoint,mse,nonzero,HLA-A*24:19,pearson_log,,2,2,False
baseline_plus_unconditional_all,peptide_disjoint,mse,nonzero,HLA-A*24:19,auc_gt_2h,,2,2,False
baseline_plus_unconditional_all,peptide_disjoint,mse,nonzero,HLA-A*26:01,spearman,-1.0,3,3,False
baseline_plus_unconditional_all,peptide_disjoint,mse,nonzero,HLA-A*26:01,pearson_log,-0.9289789423775995,3,3,False
baseline_plus_unconditional_all,peptide_disjoint,mse,nonzero,HLA-A*26:01,auc_gt_2h,,3,3,False
baseline_plus_unconditional_all,peptide_disjoint,mse,nonzero,HLA-A*26:02,spearman,,2,2,False
baseline_plus_unconditional_all,peptide_disjoint,mse,nonzero,HLA-A*26:02,pearson_log,,2,2,False
baseline_plus_unconditional_all,peptide_disjoint,mse,nonzero,HLA-A*26:02,auc_gt_2h,,2,2,False
baseline_plus_unconditional_all,peptide_disjoint,mse,nonzero,HLA-A*29:02,spearman,0.6,5,5,False
baseline_plus_unconditional_all,peptide_disjoint,mse,nonzero,HLA-A*29:02,pearson_log,0.5471361634350641,5,5,False
baseline_plus_unconditional_all,peptide_disjoint,mse,nonzero,HLA-A*29:02,auc_gt_2h,0.75,5,5,False
baseline_plus_unconditional_all,peptide_disjoint,mse,nonzero,HLA-A*30:01,spearman,,2,2,False
baseline_plus_unconditional_all,peptide_disjoint,mse,nonzero,HLA-A*30:01,pearson_log,,2,2,False
baseline_plus_unconditional_all,peptide_disjoint,mse,nonzero,HLA-A*30:01,auc_gt_2h,,2,2,False
baseline_plus_unconditional_all,peptide_disjoint,mse,nonzero,HLA-A*30:02,spearman,,1,1,True
baseline_plus_unconditional_all,peptide_disjoint,mse,nonzero,HLA-A*30:02,pearson_log,,1,1,True
baseline_plus_unconditional_all,peptide_disjoint,mse,nonzero,HLA-A*30:02,auc_gt_2h,,1,1,True
baseline_plus_unconditional_all,peptide_disjoint,mse,nonzero,HLA-A*31:01,spearman,0.0,3,3,False
baseline_plus_unconditional_all,peptide_disjoint,mse,nonzero,HLA-A*31:01,pearson_log,0.11459104278200535,3,3,False
baseline_plus_unconditional_all,peptide_disjoint,mse,nonzero,HLA-A*31:01,auc_gt_2h,,3,3,False
baseline_plus_unconditional_all,peptide_disjoint,mse,nonzero,HLA-A*32:01,spearman,-1.0,3,3,False
baseline_plus_unconditional_all,peptide_disjoint,mse,nonzero,HLA-A*32:01,pearson_log,-0.9573807509212433,3,3,False
baseline_plus_unconditional_all,peptide_disjoint,mse,nonzero,HLA-A*32:01,auc_gt_2h,0.0,3,3,False
baseline_plus_unconditional_all,peptide_disjoint,mse,nonzero,HLA-A*32:07,spearman,,2,2,False
baseline_plus_unconditional_all,peptide_disjoint,mse,nonzero,HLA-A*32:07,pearson_log,,2,2,False
baseline_plus_unconditional_all,peptide_disjoint,mse,nonzero,HLA-A*32:07,auc_gt_2h,1.0,2,2,False
baseline_plus_unconditional_all,peptide_disjoint,mse,nonzero,HLA-A*33:03,spearman,,1,1,True
baseline_plus_unconditional_all,peptide_disjoint,mse,nonzero,HLA-A*33:03,pearson_log,,1,1,True
baseline_plus_unconditional_all,peptide_disjoint,mse,nonzero,HLA-A*33:03,auc_gt_2h,,1,1,True
baseline_plus_unconditional_all,peptide_disjoint,mse,nonzero,HLA-A*43:01,spearman,0.6000000000000001,4,4,False
baseline_plus_unconditional_all,peptide_disjoint,mse,nonzero,HLA-A*43:01,pearson_log,0.6761573742659213,4,4,False
baseline_plus_unconditional_all,peptide_disjoint,mse,nonzero,HLA-A*43:01,auc_gt_2h,0.6666666666666667,4,4,False
baseline_plus_unconditional_all,peptide_disjoint,mse,nonzero,HLA-A*66:01,spearman,,1,1,True
baseline_plus_unconditional_all,peptide_disjoint,mse,nonzero,HLA-A*66:01,pearson_log,,1,1,True
baseline_plus_unconditional_all,peptide_disjoint,mse,nonzero,HLA-A*66:01,auc_gt_2h,,1,1,True
baseline_plus_unconditional_all,peptide_disjoint,mse,nonzero,HLA-A*68:01,spearman,-0.5,3,3,False
baseline_plus_unconditional_all,peptide_disjoint,mse,nonzero,HLA-A*68:01,pearson_log,-0.6026605662877522,3,3,False
baseline_plus_unconditional_all,peptide_disjoint,mse,nonzero,HLA-A*68:01,auc_gt_2h,0.0,3,3,False
baseline_plus_unconditional_all,peptide_disjoint,mse,nonzero,HLA-A*68:02,spearman,0.7,5,5,False
baseline_plus_unconditional_all,peptide_disjoint,mse,nonzero,HLA-A*68:02,pearson_log,0.6833171295313709,5,5,False
baseline_plus_unconditional_all,peptide_disjoint,mse,nonzero,HLA-A*68:02,auc_gt_2h,,5,5,False
baseline_plus_unconditional_all,peptide_disjoint,mse,nonzero,HLA-A*68:23,spearman,-0.9486832980505139,4,4,False
baseline_plus_unconditional_all,peptide_disjoint,mse,nonzero,HLA-A*68:23,pearson_log,-0.7956716317812097,4,4,False
baseline_plus_unconditional_all,peptide_disjoint,mse,nonzero,HLA-A*68:23,auc_gt_2h,,4,4,False
baseline_plus_unconditional_all,peptide_disjoint,mse,nonzero,HLA-A*69:01,spearman,0.9486832980505139,4,4,False
baseline_plus_unconditional_all,peptide_disjoint,mse,nonzero,HLA-A*69:01,pearson_log,0.882528369097254,4,4,False
baseline_plus_unconditional_all,peptide_disjoint,mse,nonzero,HLA-A*69:01,auc_gt_2h,,4,4,False
baseline_plus_unconditional_all,peptide_disjoint,mse,nonzero,HLA-A*80:01,spearman,,2,2,False
baseline_plus_unconditional_all,peptide_disjoint,mse,nonzero,HLA-A*80:01,pearson_log,,2,2,False
baseline_plus_unconditional_all,peptide_disjoint,mse,nonzero,HLA-A*80:01,auc_gt_2h,,2,2,False
baseline_plus_unconditional_all,peptide_disjoint,mse,nonzero,HLA-B*07:02,spearman,0.47434164902525683,5,5,False
baseline_plus_unconditional_all,peptide_disjoint,mse,nonzero,HLA-B*07:02,pearson_log,0.33113050579120656,5,5,False
baseline_plus_unconditional_all,peptide_disjoint,mse,nonzero,HLA-B*07:02,auc_gt_2h,0.8333333333333333,5,5,False
baseline_plus_unconditional_all,peptide_disjoint,mse,nonzero,HLA-B*08:01,spearman,,2,2,False
baseline_plus_unconditional_all,peptide_disjoint,mse,nonzero,HLA-B*08:01,pearson_log,,2,2,False
baseline_plus_unconditional_all,peptide_disjoint,mse,nonzero,HLA-B*08:01,auc_gt_2h,,2,2,False
baseline_plus_unconditional_all,peptide_disjoint,mse,nonzero,HLA-B*08:03,spearman,,2,2,False
baseline_plus_unconditional_all,peptide_disjoint,mse,nonzero,HLA-B*08:03,pearson_log,,2,2,False
baseline_plus_unconditional_all,peptide_disjoint,mse,nonzero,HLA-B*08:03,auc_gt_2h,1.0,2,2,False
baseline_plus_unconditional_all,peptide_disjoint,mse,nonzero,HLA-B*13:02,spearman,,1,1,True
baseline_plus_unconditional_all,peptide_disjoint,mse,nonzero,HLA-B*13:02,pearson_log,,1,1,True
baseline_plus_unconditional_all,peptide_disjoint,mse,nonzero,HLA-B*13:02,auc_gt_2h,,1,1,True
baseline_plus_unconditional_all,peptide_disjoint,mse,nonzero,HLA-B*15:01,spearman,-0.39999999999999997,4,4,False
baseline_plus_unconditional_all,peptide_disjoint,mse,nonzero,HLA-B*15:01,pearson_log,-0.5201834347456333,4,4,False
baseline_plus_unconditional_all,peptide_disjoint,mse,nonzero,HLA-B*15:01,auc_gt_2h,0.0,4,4,False
baseline_plus_unconditional_all,peptide_disjoint,mse,nonzero,HLA-B*15:10,spearman,,2,2,False
baseline_plus_unconditional_all,peptide_disjoint,mse,nonzero,HLA-B*15:10,pearson_log,,2,2,False
baseline_plus_unconditional_all,peptide_disjoint,mse,nonzero,HLA-B*15:10,auc_gt_2h,0.0,2,2,False
baseline_plus_unconditional_all,peptide_disjoint,mse,nonzero,HLA-B*18:01,spearman,,2,2,False
baseline_plus_unconditional_all,peptide_disjoint,mse,nonzero,HLA-B*18:01,pearson_log,,2,2,False
baseline_plus_unconditional_all,peptide_disjoint,mse,nonzero,HLA-B*18:01,auc_gt_2h,,2,2,False
baseline_plus_unconditional_all,peptide_disjoint,mse,nonzero,HLA-B*27:02,spearman,0.5,3,3,False
baseline_plus_unconditional_all,peptide_disjoint,mse,nonzero,HLA-B*27:02,pearson_log,0.7363840345092134,3,3,False
baseline_plus_unconditional_all,peptide_disjoint,mse,nonzero,HLA-B*27:02,auc_gt_2h,1.0,3,3,False
baseline_plus_unconditional_all,peptide_disjoint,mse,nonzero,HLA-B*27:03,spearman,,2,2,False
baseline_plus_unconditional_all,peptide_disjoint,mse,nonzero,HLA-B*27:03,pearson_log,,2,2,False
baseline_plus_unconditional_all,peptide_disjoint,mse,nonzero,HLA-B*27:03,auc_gt_2h,,2,2,False
baseline_plus_unconditional_all,peptide_disjoint,mse,nonzero,HLA-B*27:05,spearman,,1,1,True
baseline_plus_unconditional_all,peptide_disjoint,mse,nonzero,HLA-B*27:05,pearson_log,,1,1,True
baseline_plus_unconditional_all,peptide_disjoint,mse,nonzero,HLA-B*27:05,auc_gt_2h,,1,1,True
baseline_plus_unconditional_all,peptide_disjoint,mse,nonzero,HLA-B*27:20,spearman,-1.0,3,3,False
baseline_plus_unconditional_all,peptide_disjoint,mse,nonzero,HLA-B*27:20,pearson_log,-0.8811047905509916,3,3,False
baseline_plus_unconditional_all,peptide_disjoint,mse,nonzero,HLA-B*27:20,auc_gt_2h,0.0,3,3,False
baseline_plus_unconditional_all,peptide_disjoint,mse,nonzero,HLA-B*35:01,spearman,,1,1,True
baseline_plus_unconditional_all,peptide_disjoint,mse,nonzero,HLA-B*35:01,pearson_log,,1,1,True
baseline_plus_unconditional_all,peptide_disjoint,mse,nonzero,HLA-B*35:01,auc_gt_2h,,1,1,True
baseline_plus_unconditional_all,peptide_disjoint,mse,nonzero,HLA-B*35:03,spearman,,2,2,False
baseline_plus_unconditional_all,peptide_disjoint,mse,nonzero,HLA-B*35:03,pearson_log,,2,2,False
baseline_plus_unconditional_all,peptide_disjoint,mse,nonzero,HLA-B*35:03,auc_gt_2h,1.0,2,2,False
baseline_plus_unconditional_all,peptide_disjoint,mse,nonzero,HLA-B*35:08,spearman,0.8660254037844387,3,3,False
baseline_plus_unconditional_all,peptide_disjoint,mse,nonzero,HLA-B*35:08,pearson_log,0.9735609763503792,3,3,False
baseline_plus_unconditional_all,peptide_disjoint,mse,nonzero,HLA-B*35:08,auc_gt_2h,1.0,3,3,False
baseline_plus_unconditional_all,peptide_disjoint,mse,nonzero,HLA-B*39:01,spearman,0.9486832980505139,4,4,False
baseline_plus_unconditional_all,peptide_disjoint,mse,nonzero,HLA-B*39:01,pearson_log,0.7014841398163648,4,4,False
baseline_plus_unconditional_all,peptide_disjoint,mse,nonzero,HLA-B*39:01,auc_gt_2h,1.0,4,4,False
baseline_plus_unconditional_all,peptide_disjoint,mse,nonzero,HLA-B*39:02,spearman,,1,1,True
baseline_plus_unconditional_all,peptide_disjoint,mse,nonzero,HLA-B*39:02,pearson_log,,1,1,True
baseline_plus_unconditional_all,peptide_disjoint,mse,nonzero,HLA-B*39:02,auc_gt_2h,,1,1,True
baseline_plus_unconditional_all,peptide_disjoint,mse,nonzero,HLA-B*39:06(C67S),spearman,,1,1,True
baseline_plus_unconditional_all,peptide_disjoint,mse,nonzero,HLA-B*39:06(C67S),pearson_log,,1,1,True
baseline_plus_unconditional_all,peptide_disjoint,mse,nonzero,HLA-B*39:06(C67S),auc_gt_2h,,1,1,True
baseline_plus_unconditional_all,peptide_disjoint,mse,nonzero,HLA-B*39:10,spearman,,1,1,True
baseline_plus_unconditional_all,peptide_disjoint,mse,nonzero,HLA-B*39:10,pearson_log,,1,1,True
baseline_plus_unconditional_all,peptide_disjoint,mse,nonzero,HLA-B*39:10,auc_gt_2h,,1,1,True
baseline_plus_unconditional_all,peptide_disjoint,mse,nonzero,HLA-B*40:01,spearman,,2,2,False
baseline_plus_unconditional_all,peptide_disjoint,mse,nonzero,HLA-B*40:01,pearson_log,,2,2,False
baseline_plus_unconditional_all,peptide_disjoint,mse,nonzero,HLA-B*40:01,auc_gt_2h,,2,2,False
baseline_plus_unconditional_all,peptide_disjoint,mse,nonzero,HLA-B*40:02,spearman,,2,2,False
baseline_plus_unconditional_all,peptide_disjoint,mse,nonzero,HLA-B*40:02,pearson_log,,2,2,False
baseline_plus_unconditional_all,peptide_disjoint,mse,nonzero,HLA-B*40:02,auc_gt_2h,0.0,2,2,False
baseline_plus_unconditional_all,peptide_disjoint,mse,nonzero,HLA-B*41:01,spearman,,2,2,False
baseline_plus_unconditional_all,peptide_disjoint,mse,nonzero,HLA-B*41:01,pearson_log,,2,2,False
baseline_plus_unconditional_all,peptide_disjoint,mse,nonzero,HLA-B*41:01,auc_gt_2h,,2,2,False
baseline_plus_unconditional_all,peptide_disjoint,mse,nonzero,HLA-B*42:01,spearman,,1,1,True
baseline_plus_unconditional_all,peptide_disjoint,mse,nonzero,HLA-B*42:01,pearson_log,,1,1,True
baseline_plus_unconditional_all,peptide_disjoint,mse,nonzero,HLA-B*42:01,auc_gt_2h,,1,1,True
baseline_plus_unconditional_all,peptide_disjoint,mse,nonzero,HLA-B*42:02,spearman,0.5,3,3,False
baseline_plus_unconditional_all,peptide_disjoint,mse,nonzero,HLA-B*42:02,pearson_log,0.12191255992711686,3,3,False
baseline_plus_unconditional_all,peptide_disjoint,mse,nonzero,HLA-B*42:02,auc_gt_2h,1.0,3,3,False
baseline_plus_unconditional_all,peptide_disjoint,mse,nonzero,HLA-B*44:05,spearman,,1,1,True
baseline_plus_unconditional_all,peptide_disjoint,mse,nonzero,HLA-B*44:05,pearson_log,,1,1,True
baseline_plus_unconditional_all,peptide_disjoint,mse,nonzero,HLA-B*44:05,auc_gt_2h,,1,1,True
baseline_plus_unconditional_all,peptide_disjoint,mse,nonzero,HLA-B*51:01,spearman,,1,1,True
baseline_plus_unconditional_all,peptide_disjoint,mse,nonzero,HLA-B*51:01,pearson_log,,1,1,True
baseline_plus_unconditional_all,peptide_disjoint,mse,nonzero,HLA-B*51:01,auc_gt_2h,,1,1,True
baseline_plus_unconditional_all,peptide_disjoint,mse,nonzero,HLA-B*54:01,spearman,0.7999999999999999,4,4,False
baseline_plus_unconditional_all,peptide_disjoint,mse,nonzero,HLA-B*54:01,pearson_log,0.8972409009204784,4,4,False
baseline_plus_unconditional_all,peptide_disjoint,mse,nonzero,HLA-B*54:01,auc_gt_2h,1.0,4,4,False
baseline_plus_unconditional_all,peptide_disjoint,mse,nonzero,HLA-B*56:01,spearman,,2,2,False
baseline_plus_unconditional_all,peptide_disjoint,mse,nonzero,HLA-B*56:01,pearson_log,,2,2,False
baseline_plus_unconditional_all,peptide_disjoint,mse,nonzero,HLA-B*56:01,auc_gt_2h,,2,2,False
baseline_plus_unconditional_all,peptide_disjoint,mse,nonzero,HLA-B*57:01,spearman,,1,1,True
baseline_plus_unconditional_all,peptide_disjoint,mse,nonzero,HLA-B*57:01,pearson_log,,1,1,True
baseline_plus_unconditional_all,peptide_disjoint,mse,nonzero,HLA-B*57:01,auc_gt_2h,,1,1,True
baseline_plus_unconditional_all,peptide_disjoint,mse,nonzero,HLA-B*57:02,spearman,-0.5,3,3,False
baseline_plus_unconditional_all,peptide_disjoint,mse,nonzero,HLA-B*57:02,pearson_log,-0.5186609925689409,3,3,False
baseline_plus_unconditional_all,peptide_disjoint,mse,nonzero,HLA-B*57:02,auc_gt_2h,,3,3,False
baseline_plus_unconditional_all,peptide_disjoint,mse,nonzero,HLA-B*57:03,spearman,,2,2,False
baseline_plus_unconditional_all,peptide_disjoint,mse,nonzero,HLA-B*57:03,pearson_log,,2,2,False
baseline_plus_unconditional_all,peptide_disjoint,mse,nonzero,HLA-B*57:03,auc_gt_2h,1.0,2,2,False
baseline_plus_unconditional_all,peptide_disjoint,mse,nonzero,HLA-B*58:01,spearman,0.8999999999999998,5,5,False
baseline_plus_unconditional_all,peptide_disjoint,mse,nonzero,HLA-B*58:01,pearson_log,0.6155719033028128,5,5,False
baseline_plus_unconditional_all,peptide_disjoint,mse,nonzero,HLA-B*58:01,auc_gt_2h,1.0,5,5,False
baseline_plus_unconditional_all,peptide_disjoint,mse,nonzero,HLA-B*81:01,spearman,-0.09999999999999999,5,5,False
baseline_plus_unconditional_all,peptide_disjoint,mse,nonzero,HLA-B*81:01,pearson_log,-0.142633827332883,5,5,False
baseline_plus_unconditional_all,peptide_disjoint,mse,nonzero,HLA-B*81:01,auc_gt_2h,,5,5,False
baseline_plus_unconditional_all,random,mse,all,HLA-A*01:01,spearman,1.0,3,3,False
baseline_plus_unconditional_all,random,mse,all,HLA-A*01:01,pearson_log,0.8908184401362078,3,3,False
baseline_plus_unconditional_all,random,mse,all,HLA-A*01:01,auc_gt_2h,,3,3,False
baseline_plus_unconditional_all,random,mse,all,HLA-A*02:01,spearman,0.5,3,3,False
baseline_plus_unconditional_all,random,mse,all,HLA-A*02:01,pearson_log,-0.10973428150428635,3,3,False
baseline_plus_unconditional_all,random,mse,all,HLA-A*02:01,auc_gt_2h,,3,3,False
baseline_plus_unconditional_all,random,mse,all,HLA-A*02:03,spearman,-0.5,3,3,False
baseline_plus_unconditional_all,random,mse,all,HLA-A*02:03,pearson_log,-0.6755124421253735,3,3,False
baseline_plus_unconditional_all,random,mse,all,HLA-A*02:03,auc_gt_2h,0.5,3,3,False
baseline_plus_unconditional_all,random,mse,all,HLA-A*02:05,spearman,1.0,3,3,False
baseline_plus_unconditional_all,random,mse,all,HLA-A*02:05,pearson_log,0.9447155185130782,3,3,False
baseline_plus_unconditional_all,random,mse,all,HLA-A*02:05,auc_gt_2h,,3,3,False
baseline_plus_unconditional_all,random,mse,all,HLA-A*02:10,spearman,0.5,3,3,False
baseline_plus_unconditional_all,random,mse,all,HLA-A*02:10,pearson_log,0.29556046714858203,3,3,False
baseline_plus_unconditional_all,random,mse,all,HLA-A*02:10,auc_gt_2h,1.0,3,3,False
baseline_plus_unconditional_all,random,mse,all,HLA-A*02:11,spearman,-1.0,3,3,False
baseline_plus_unconditional_all,random,mse,all,HLA-A*02:11,pearson_log,-0.977647142394839,3,3,False
baseline_plus_unconditional_all,random,mse,all,HLA-A*02:11,auc_gt_2h,,3,3,False
baseline_plus_unconditional_all,random,mse,all,HLA-A*02:12,spearman,-0.5,3,3,False
baseline_plus_unconditional_all,random,mse,all,HLA-A*02:12,pearson_log,-0.8982501455529912,3,3,False
baseline_plus_unconditional_all,random,mse,all,HLA-A*02:12,auc_gt_2h,,3,3,False
baseline_plus_unconditional_all,random,mse,all,HLA-A*02:16,spearman,-0.5,3,3,False
baseline_plus_unconditional_all,random,mse,all,HLA-A*02:16,pearson_log,-0.03766405837476888,3,3,False
baseline_plus_unconditional_all,random,mse,all,HLA-A*02:16,auc_gt_2h,0.0,3,3,False
baseline_plus_unconditional_all,random,mse,all,HLA-A*02:19,spearman,0.5,3,3,False
baseline_plus_unconditional_all,random,mse,all,HLA-A*02:19,pearson_log,0.3847700023442474,3,3,False
baseline_plus_unconditional_all,random,mse,all,HLA-A*02:19,auc_gt_2h,,3,3,False
baseline_plus_unconditional_all,random,mse,all,HLA-A*02:50,spearman,-0.5,3,3,False
baseline_plus_unconditional_all,random,mse,all,HLA-A*02:50,pearson_log,-0.8187098480889028,3,3,False
baseline_plus_unconditional_all,random,mse,all,HLA-A*02:50,auc_gt_2h,,3,3,False
baseline_plus_unconditional_all,random,mse,all,HLA-A*03:01,spearman,-0.5,3,3,False
baseline_plus_unconditional_all,random,mse,all,HLA-A*03:01,pearson_log,-0.753166927730078,3,3,False
baseline_plus_unconditional_all,random,mse,all,HLA-A*03:01,auc_gt_2h,0.5,3,3,False
baseline_plus_unconditional_all,random,mse,all,HLA-A*11:01,spearman,0.5,3,3,False
baseline_plus_unconditional_all,random,mse,all,HLA-A*11:01,pearson_log,0.7979256302696809,3,3,False
baseline_plus_unconditional_all,random,mse,all,HLA-A*11:01,auc_gt_2h,1.0,3,3,False
baseline_plus_unconditional_all,random,mse,all,HLA-A*23:01,spearman,-0.5,3,3,False
baseline_plus_unconditional_all,random,mse,all,HLA-A*23:01,pearson_log,-0.6242979466190953,3,3,False
baseline_plus_unconditional_all,random,mse,all,HLA-A*23:01,auc_gt_2h,0.0,3,3,False
baseline_plus_unconditional_all,random,mse,all,HLA-A*24:02,spearman,0.5,3,3,False
baseline_plus_unconditional_all,random,mse,all,HLA-A*24:02,pearson_log,0.8303381100096582,3,3,False
baseline_plus_unconditional_all,random,mse,all,HLA-A*24:02,auc_gt_2h,1.0,3,3,False
baseline_plus_unconditional_all,random,mse,all,HLA-A*24:03,spearman,1.0,3,3,False
baseline_plus_unconditional_all,random,mse,all,HLA-A*24:03,pearson_log,0.8079485365035692,3,3,False
baseline_plus_unconditional_all,random,mse,all,HLA-A*24:03,auc_gt_2h,1.0,3,3,False
baseline_plus_unconditional_all,random,mse,all,HLA-A*24:07,spearman,-0.5,3,3,False
baseline_plus_unconditional_all,random,mse,all,HLA-A*24:07,pearson_log,-0.8600748676870971,3,3,False
baseline_plus_unconditional_all,random,mse,all,HLA-A*24:07,auc_gt_2h,,3,3,False
baseline_plus_unconditional_all,random,mse,all,HLA-A*24:19,spearman,0.5,3,3,False
baseline_plus_unconditional_all,random,mse,all,HLA-A*24:19,pearson_log,0.6805334949687445,3,3,False
baseline_plus_unconditional_all,random,mse,all,HLA-A*24:19,auc_gt_2h,,3,3,False
baseline_plus_unconditional_all,random,mse,all,HLA-A*25:01,spearman,0.0,3,3,False
baseline_plus_unconditional_all,random,mse,all,HLA-A*25:01,pearson_log,-0.3996904621653492,3,3,False
baseline_plus_unconditional_all,random,mse,all,HLA-A*25:01,auc_gt_2h,,3,3,False
baseline_plus_unconditional_all,random,mse,all,HLA-A*26:01,spearman,-0.5,3,3,False
baseline_plus_unconditional_all,random,mse,all,HLA-A*26:01,pearson_log,0.034869363902393875,3,3,False
baseline_plus_unconditional_all,random,mse,all,HLA-A*26:01,auc_gt_2h,,3,3,False
baseline_plus_unconditional_all,random,mse,all,HLA-A*26:02,spearman,-1.0,3,3,False
baseline_plus_unconditional_all,random,mse,all,HLA-A*26:02,pearson_log,-0.9941324149566348,3,3,False
baseline_plus_unconditional_all,random,mse,all,HLA-A*26:02,auc_gt_2h,0.0,3,3,False
baseline_plus_unconditional_all,random,mse,all,HLA-A*26:03,spearman,-0.8660254037844387,3,3,False
baseline_plus_unconditional_all,random,mse,all,HLA-A*26:03,pearson_log,-0.6059779902151474,3,3,False
baseline_plus_unconditional_all,random,mse,all,HLA-A*26:03,auc_gt_2h,,3,3,False
baseline_plus_unconditional_all,random,mse,all,HLA-A*29:02,spearman,-0.5,3,3,False
baseline_plus_unconditional_all,random,mse,all,HLA-A*29:02,pearson_log,0.22643784104484516,3,3,False
baseline_plus_unconditional_all,random,mse,all,HLA-A*29:02,auc_gt_2h,0.5,3,3,False
baseline_plus_unconditional_all,random,mse,all,HLA-A*30:01,spearman,-0.5,3,3,False
baseline_plus_unconditional_all,random,mse,all,HLA-A*30:01,pearson_log,0.06889278609608296,3,3,False
baseline_plus_unconditional_all,random,mse,all,HLA-A*30:01,auc_gt_2h,0.5,3,3,False
baseline_plus_unconditional_all,random,mse,all,HLA-A*30:02,spearman,-0.5,3,3,False
baseline_plus_unconditional_all,random,mse,all,HLA-A*30:02,pearson_log,-0.06016158495152607,3,3,False
baseline_plus_unconditional_all,random,mse,all,HLA-A*30:02,auc_gt_2h,0.0,3,3,False
baseline_plus_unconditional_all,random,mse,all,HLA-A*31:01,spearman,0.5,3,3,False
baseline_plus_unconditional_all,random,mse,all,HLA-A*31:01,pearson_log,0.6691301831759421,3,3,False
baseline_plus_unconditional_all,random,mse,all,HLA-A*31:01,auc_gt_2h,1.0,3,3,False
baseline_plus_unconditional_all,random,mse,all,HLA-A*32:01,spearman,-0.5,3,3,False
baseline_plus_unconditional_all,random,mse,all,HLA-A*32:01,pearson_log,-0.21611877740234414,3,3,False
baseline_plus_unconditional_all,random,mse,all,HLA-A*32:01,auc_gt_2h,0.5,3,3,False
baseline_plus_unconditional_all,random,mse,all,HLA-A*32:07,spearman,-0.5,3,3,False
baseline_plus_unconditional_all,random,mse,all,HLA-A*32:07,pearson_log,-0.6981293540772184,3,3,False
baseline_plus_unconditional_all,random,mse,all,HLA-A*32:07,auc_gt_2h,0.0,3,3,False
baseline_plus_unconditional_all,random,mse,all,HLA-A*33:03,spearman,0.5,3,3,False
baseline_plus_unconditional_all,random,mse,all,HLA-A*33:03,pearson_log,0.20429970317616505,3,3,False
baseline_plus_unconditional_all,random,mse,all,HLA-A*33:03,auc_gt_2h,0.5,3,3,False
baseline_plus_unconditional_all,random,mse,all,HLA-A*43:01,spearman,-0.5,3,3,False
baseline_plus_unconditional_all,random,mse,all,HLA-A*43:01,pearson_log,-0.13646632165315442,3,3,False
baseline_plus_unconditional_all,random,mse,all,HLA-A*43:01,auc_gt_2h,0.0,3,3,False
baseline_plus_unconditional_all,random,mse,all,HLA-A*66:01,spearman,-0.5,3,3,False
baseline_plus_unconditional_all,random,mse,all,HLA-A*66:01,pearson_log,-0.6099268467924882,3,3,False
baseline_plus_unconditional_all,random,mse,all,HLA-A*66:01,auc_gt_2h,,3,3,False
baseline_plus_unconditional_all,random,mse,all,HLA-A*68:01,spearman,-1.0,3,3,False
baseline_plus_unconditional_all,random,mse,all,HLA-A*68:01,pearson_log,-0.8781545943479481,3,3,False
baseline_plus_unconditional_all,random,mse,all,HLA-A*68:01,auc_gt_2h,0.0,3,3,False
baseline_plus_unconditional_all,random,mse,all,HLA-A*68:02,spearman,-0.5,3,3,False
baseline_plus_unconditional_all,random,mse,all,HLA-A*68:02,pearson_log,-0.3010208835255852,3,3,False
baseline_plus_unconditional_all,random,mse,all,HLA-A*68:02,auc_gt_2h,0.0,3,3,False
baseline_plus_unconditional_all,random,mse,all,HLA-A*68:23,spearman,,2,2,False
baseline_plus_unconditional_all,random,mse,all,HLA-A*68:23,pearson_log,,2,2,False
baseline_plus_unconditional_all,random,mse,all,HLA-A*68:23,auc_gt_2h,,2,2,False
baseline_plus_unconditional_all,random,mse,all,HLA-A*69:01,spearman,0.5,3,3,False
baseline_plus_unconditional_all,random,mse,all,HLA-A*69:01,pearson_log,0.7879784368831952,3,3,False
baseline_plus_unconditional_all,random,mse,all,HLA-A*69:01,auc_gt_2h,,3,3,False
baseline_plus_unconditional_all,random,mse,all,HLA-A*74:01,spearman,,2,2,False
baseline_plus_unconditional_all,random,mse,all,HLA-A*74:01,pearson_log,,2,2,False
baseline_plus_unconditional_all,random,mse,all,HLA-A*74:01,auc_gt_2h,,2,2,False
baseline_plus_unconditional_all,random,mse,all,HLA-A*80:01,spearman,1.0,3,3,False
baseline_plus_unconditional_all,random,mse,all,HLA-A*80:01,pearson_log,0.9805587861973712,3,3,False
baseline_plus_unconditional_all,random,mse,all,HLA-A*80:01,auc_gt_2h,1.0,3,3,False
baseline_plus_unconditional_all,random,mse,all,HLA-B*07:02,spearman,,2,2,False
baseline_plus_unconditional_all,random,mse,all,HLA-B*07:02,pearson_log,,2,2,False
baseline_plus_unconditional_all,random,mse,all,HLA-B*07:02,auc_gt_2h,,2,2,False
baseline_plus_unconditional_all,random,mse,all,HLA-B*08:01,spearman,0.0,3,3,False
baseline_plus_unconditional_all,random,mse,all,HLA-B*08:01,pearson_log,0.4560346259693112,3,3,False
baseline_plus_unconditional_all,random,mse,all,HLA-B*08:01,auc_gt_2h,,3,3,False
baseline_plus_unconditional_all,random,mse,all,HLA-B*08:03,spearman,,2,2,False
baseline_plus_unconditional_all,random,mse,all,HLA-B*08:03,pearson_log,,2,2,False
baseline_plus_unconditional_all,random,mse,all,HLA-B*08:03,auc_gt_2h,,2,2,False
baseline_plus_unconditional_all,random,mse,all,HLA-B*13:02,spearman,,1,1,True
baseline_plus_unconditional_all,random,mse,all,HLA-B*13:02,pearson_log,,1,1,True
baseline_plus_unconditional_all,random,mse,all,HLA-B*13:02,auc_gt_2h,,1,1,True
baseline_plus_unconditional_all,random,mse,all,HLA-B*14:01(C67S),spearman,,2,2,False
baseline_plus_unconditional_all,random,mse,all,HLA-B*14:01(C67S),pearson_log,,2,2,False
baseline_plus_unconditional_all,random,mse,all,HLA-B*14:01(C67S),auc_gt_2h,,2,2,False
baseline_plus_unconditional_all,random,mse,all,HLA-B*14:02(C67S),spearman,,2,2,False
baseline_plus_unconditional_all,random,mse,all,HLA-B*14:02(C67S),pearson_log,,2,2,False
baseline_plus_unconditional_all,random,mse,all,HLA-B*14:02(C67S),auc_gt_2h,1.0,2,2,False
baseline_plus_unconditional_all,random,mse,all,HLA-B*15:01,spearman,0.5,3,3,False
baseline_plus_unconditional_all,random,mse,all,HLA-B*15:01,pearson_log,0.11065380165037073,3,3,False
baseline_plus_unconditional_all,random,mse,all,HLA-B*15:01,auc_gt_2h,1.0,3,3,False
baseline_plus_unconditional_all,random,mse,all,HLA-B*15:02,spearman,-0.5,3,3,False
baseline_plus_unconditional_all,random,mse,all,HLA-B*15:02,pearson_log,-0.8922745948403099,3,3,False
baseline_plus_unconditional_all,random,mse,all,HLA-B*15:02,auc_gt_2h,0.5,3,3,False
baseline_plus_unconditional_all,random,mse,all,HLA-B*15:10,spearman,,2,2,False
baseline_plus_unconditional_all,random,mse,all,HLA-B*15:10,pearson_log,,2,2,False
baseline_plus_unconditional_all,random,mse,all,HLA-B*15:10,auc_gt_2h,1.0,2,2,False
baseline_plus_unconditional_all,random,mse,all,HLA-B*15:17,spearman,,2,2,False
baseline_plus_unconditional_all,random,mse,all,HLA-B*15:17,pearson_log,,2,2,False
baseline_plus_unconditional_all,random,mse,all,HLA-B*15:17,auc_gt_2h,0.0,2,2,False
baseline_plus_unconditional_all,random,mse,all,HLA-B*18:01,spearman,,2,2,False
baseline_plus_unconditional_all,random,mse,all,HLA-B*18:01,pearson_log,,2,2,False
baseline_plus_unconditional_all,random,mse,all,HLA-B*18:01,auc_gt_2h,0.0,2,2,False
baseline_plus_unconditional_all,random,mse,all,HLA-B*27:02,spearman,,2,2,False
baseline_plus_unconditional_all,random,mse,all,HLA-B*27:02,pearson_log,,2,2,False
baseline_plus_unconditional_all,random,mse,all,HLA-B*27:02,auc_gt_2h,,2,2,False
baseline_plus_unconditional_all,random,mse,all,HLA-B*27:03,spearman,,2,2,False
baseline_plus_unconditional_all,random,mse,all,HLA-B*27:03,pearson_log,,2,2,False
baseline_plus_unconditional_all,random,mse,all,HLA-B*27:03,auc_gt_2h,,2,2,False
baseline_plus_unconditional_all,random,mse,all,HLA-B*27:05,spearman,0.5,3,3,False
baseline_plus_unconditional_all,random,mse,all,HLA-B*27:05,pearson_log,0.5177364957242467,3,3,False
baseline_plus_unconditional_all,random,mse,all,HLA-B*27:05,auc_gt_2h,0.5,3,3,False
baseline_plus_unconditional_all,random,mse,all,HLA-B*27:20,spearman,,2,2,False
baseline_plus_unconditional_all,random,mse,all,HLA-B*27:20,pearson_log,,2,2,False
baseline_plus_unconditional_all,random,mse,all,HLA-B*27:20,auc_gt_2h,,2,2,False
baseline_plus_unconditional_all,random,mse,all,HLA-B*35:01,spearman,,2,2,False
baseline_plus_unconditional_all,random,mse,all,HLA-B*35:01,pearson_log,,2,2,False
baseline_plus_unconditional_all,random,mse,all,HLA-B*35:01,auc_gt_2h,0.0,2,2,False
baseline_plus_unconditional_all,random,mse,all,HLA-B*35:03,spearman,,2,2,False
baseline_plus_unconditional_all,random,mse,all,HLA-B*35:03,pearson_log,,2,2,False
baseline_plus_unconditional_all,random,mse,all,HLA-B*35:03,auc_gt_2h,0.0,2,2,False
baseline_plus_unconditional_all,random,mse,all,HLA-B*35:08,spearman,0.5,3,3,False
baseline_plus_unconditional_all,random,mse,all,HLA-B*35:08,pearson_log,0.8673769128135049,3,3,False
baseline_plus_unconditional_all,random,mse,all,HLA-B*35:08,auc_gt_2h,1.0,3,3,False
baseline_plus_unconditional_all,random,mse,all,HLA-B*39:01,spearman,,2,2,False
baseline_plus_unconditional_all,random,mse,all,HLA-B*39:01,pearson_log,,2,2,False
baseline_plus_unconditional_all,random,mse,all,HLA-B*39:01,auc_gt_2h,,2,2,False
baseline_plus_unconditional_all,random,mse,all,HLA-B*39:02,spearman,-0.8660254037844387,3,3,False
baseline_plus_unconditional_all,random,mse,all,HLA-B*39:02,pearson_log,-0.6628508578540615,3,3,False
baseline_plus_unconditional_all,random,mse,all,HLA-B*39:02,auc_gt_2h,,3,3,False
baseline_plus_unconditional_all,random,mse,all,HLA-B*39:06(C67S),spearman,,3,3,False
baseline_plus_unconditional_all,random,mse,all,HLA-B*39:06(C67S),pearson_log,,3,3,False
baseline_plus_unconditional_all,random,mse,all,HLA-B*39:06(C67S),auc_gt_2h,,3,3,False
baseline_plus_unconditional_all,random,mse,all,HLA-B*39:10,spearman,,2,2,False
baseline_plus_unconditional_all,random,mse,all,HLA-B*39:10,pearson_log,,2,2,False
baseline_plus_unconditional_all,random,mse,all,HLA-B*39:10,auc_gt_2h,1.0,2,2,False
baseline_plus_unconditional_all,random,mse,all,HLA-B*40:01,spearman,0.5,3,3,False
baseline_plus_unconditional_all,random,mse,all,HLA-B*40:01,pearson_log,0.25525847826774895,3,3,False
baseline_plus_unconditional_all,random,mse,all,HLA-B*40:01,auc_gt_2h,,3,3,False
baseline_plus_unconditional_all,random,mse,all,HLA-B*40:02,spearman,1.0,3,3,False
baseline_plus_unconditional_all,random,mse,all,HLA-B*40:02,pearson_log,0.7830108322610569,3,3,False
baseline_plus_unconditional_all,random,mse,all,HLA-B*40:02,auc_gt_2h,1.0,3,3,False
baseline_plus_unconditional_all,random,mse,all,HLA-B*41:01,spearman,-0.5,3,3,False
baseline_plus_unconditional_all,random,mse,all,HLA-B*41:01,pearson_log,-0.9702287698836745,3,3,False
baseline_plus_unconditional_all,random,mse,all,HLA-B*41:01,auc_gt_2h,,3,3,False
baseline_plus_unconditional_all,random,mse,all,HLA-B*42:01,spearman,,2,2,False
baseline_plus_unconditional_all,random,mse,all,HLA-B*42:01,pearson_log,,2,2,False
baseline_plus_unconditional_all,random,mse,all,HLA-B*42:01,auc_gt_2h,,2,2,False
baseline_plus_unconditional_all,random,mse,all,HLA-B*42:02,spearman,-0.5,3,3,False
baseline_plus_unconditional_all,random,mse,all,HLA-B*42:02,pearson_log,-0.7246713119218331,3,3,False
baseline_plus_unconditional_all,random,mse,all,HLA-B*42:02,auc_gt_2h,0.0,3,3,False
baseline_plus_unconditional_all,random,mse,all,HLA-B*44:05,spearman,,2,2,False
baseline_plus_unconditional_all,random,mse,all,HLA-B*44:05,pearson_log,,2,2,False
baseline_plus_unconditional_all,random,mse,all,HLA-B*44:05,auc_gt_2h,,2,2,False
baseline_plus_unconditional_all,random,mse,all,HLA-B*45:01,spearman,0.8660254037844387,3,3,False
baseline_plus_unconditional_all,random,mse,all,HLA-B*45:01,pearson_log,0.9995716082960546,3,3,False
baseline_plus_unconditional_all,random,mse,all,HLA-B*45:01,auc_gt_2h,,3,3,False
baseline_plus_unconditional_all,random,mse,all,HLA-B*46:01,spearman,0.0,3,3,False
baseline_plus_unconditional_all,random,mse,all,HLA-B*46:01,pearson_log,-0.2313563537277537,3,3,False
baseline_plus_unconditional_all,random,mse,all,HLA-B*46:01,auc_gt_2h,,3,3,False
baseline_plus_unconditional_all,random,mse,all,HLA-B*51:01,spearman,-0.8660254037844387,3,3,False
baseline_plus_unconditional_all,random,mse,all,HLA-B*51:01,pearson_log,-0.5664034810604535,3,3,False
baseline_plus_unconditional_all,random,mse,all,HLA-B*51:01,auc_gt_2h,0.0,3,3,False
baseline_plus_unconditional_all,random,mse,all,HLA-B*54:01,spearman,0.5,3,3,False
baseline_plus_unconditional_all,random,mse,all,HLA-B*54:01,pearson_log,0.5308011099961176,3,3,False
baseline_plus_unconditional_all,random,mse,all,HLA-B*54:01,auc_gt_2h,0.5,3,3,False
baseline_plus_unconditional_all,random,mse,all,HLA-B*55:01,spearman,,2,2,False
baseline_plus_unconditional_all,random,mse,all,HLA-B*55:01,pearson_log,,2,2,False
baseline_plus_unconditional_all,random,mse,all,HLA-B*55:01,auc_gt_2h,,2,2,False
baseline_plus_unconditional_all,random,mse,all,HLA-B*56:01,spearman,-1.0,3,3,False
baseline_plus_unconditional_all,random,mse,all,HLA-B*56:01,pearson_log,-0.7596560309292246,3,3,False
baseline_plus_unconditional_all,random,mse,all,HLA-B*56:01,auc_gt_2h,,3,3,False
baseline_plus_unconditional_all,random,mse,all,HLA-B*57:01,spearman,,2,2,False
baseline_plus_unconditional_all,random,mse,all,HLA-B*57:01,pearson_log,,2,2,False
baseline_plus_unconditional_all,random,mse,all,HLA-B*57:01,auc_gt_2h,,2,2,False
baseline_plus_unconditional_all,random,mse,all,HLA-B*57:02,spearman,,2,2,False
baseline_plus_unconditional_all,random,mse,all,HLA-B*57:02,pearson_log,,2,2,False
baseline_plus_unconditional_all,random,mse,all,HLA-B*57:02,auc_gt_2h,,2,2,False
baseline_plus_unconditional_all,random,mse,all,HLA-B*57:03,spearman,,2,2,False
baseline_plus_unconditional_all,random,mse,all,HLA-B*57:03,pearson_log,,2,2,False
baseline_plus_unconditional_all,random,mse,all,HLA-B*57:03,auc_gt_2h,,2,2,False
baseline_plus_unconditional_all,random,mse,all,HLA-B*58:01,spearman,-1.0,3,3,False
baseline_plus_unconditional_all,random,mse,all,HLA-B*58:01,pearson_log,-0.9537134433336109,3,3,False
baseline_plus_unconditional_all,random,mse,all,HLA-B*58:01,auc_gt_2h,0.0,3,3,False
baseline_plus_unconditional_all,random,mse,all,HLA-B*81:01,spearman,,2,2,False
baseline_plus_unconditional_all,random,mse,all,HLA-B*81:01,pearson_log,,2,2,False
baseline_plus_unconditional_all,random,mse,all,HLA-B*81:01,auc_gt_2h,,2,2,False
baseline_plus_unconditional_all,random,mse,nonzero,HLA-A*01:01,spearman,,2,2,False
baseline_plus_unconditional_all,random,mse,nonzero,HLA-A*01:01,pearson_log,,2,2,False
baseline_plus_unconditional_all,random,mse,nonzero,HLA-A*01:01,auc_gt_2h,,2,2,False
baseline_plus_unconditional_all,random,mse,nonzero,HLA-A*02:01,spearman,0.5,3,3,False
baseline_plus_unconditional_all,random,mse,nonzero,HLA-A*02:01,pearson_log,-0.10973428150428635,3,3,False
baseline_plus_unconditional_all,random,mse,nonzero,HLA-A*02:01,auc_gt_2h,,3,3,False
baseline_plus_unconditional_all,random,mse,nonzero,HLA-A*02:03,spearman,,2,2,False
baseline_plus_unconditional_all,random,mse,nonzero,HLA-A*02:03,pearson_log,,2,2,False
baseline_plus_unconditional_all,random,mse,nonzero,HLA-A*02:03,auc_gt_2h,1.0,2,2,False
baseline_plus_unconditional_all,random,mse,nonzero,HLA-A*02:05,spearman,1.0,3,3,False
baseline_plus_unconditional_all,random,mse,nonzero,HLA-A*02:05,pearson_log,0.9447155185130782,3,3,False
baseline_plus_unconditional_all,random,mse,nonzero,HLA-A*02:05,auc_gt_2h,,3,3,False
baseline_plus_unconditional_all,random,mse,nonzero,HLA-A*02:10,spearman,0.5,3,3,False
baseline_plus_unconditional_all,random,mse,nonzero,HLA-A*02:10,pearson_log,0.29556046714858203,3,3,False
baseline_plus_unconditional_all,random,mse,nonzero,HLA-A*02:10,auc_gt_2h,1.0,3,3,False
baseline_plus_unconditional_all,random,mse,nonzero,HLA-A*02:11,spearman,-1.0,3,3,False
baseline_plus_unconditional_all,random,mse,nonzero,HLA-A*02:11,pearson_log,-0.977647142394839,3,3,False
baseline_plus_unconditional_all,random,mse,nonzero,HLA-A*02:11,auc_gt_2h,,3,3,False
baseline_plus_unconditional_all,random,mse,nonzero,HLA-A*02:12,spearman,-0.5,3,3,False
baseline_plus_unconditional_all,random,mse,nonzero,HLA-A*02:12,pearson_log,-0.8982501455529912,3,3,False
baseline_plus_unconditional_all,random,mse,nonzero,HLA-A*02:12,auc_gt_2h,,3,3,False
baseline_plus_unconditional_all,random,mse,nonzero,HLA-A*02:16,spearman,-0.5,3,3,False
baseline_plus_unconditional_all,random,mse,nonzero,HLA-A*02:16,pearson_log,-0.03766405837476888,3,3,False
baseline_plus_unconditional_all,random,mse,nonzero,HLA-A*02:16,auc_gt_2h,0.0,3,3,False
baseline_plus_unconditional_all,random,mse,nonzero,HLA-A*02:19,spearman,0.5,3,3,False
baseline_plus_unconditional_all,random,mse,nonzero,HLA-A*02:19,pearson_log,0.3847700023442474,3,3,False
baseline_plus_unconditional_all,random,mse,nonzero,HLA-A*02:19,auc_gt_2h,,3,3,False
baseline_plus_unconditional_all,random,mse,nonzero,HLA-A*02:50,spearman,-0.5,3,3,False
baseline_plus_unconditional_all,random,mse,nonzero,HLA-A*02:50,pearson_log,-0.8187098480889028,3,3,False
baseline_plus_unconditional_all,random,mse,nonzero,HLA-A*02:50,auc_gt_2h,,3,3,False
baseline_plus_unconditional_all,random,mse,nonzero,HLA-A*03:01,spearman,,2,2,False
baseline_plus_unconditional_all,random,mse,nonzero,HLA-A*03:01,pearson_log,,2,2,False
baseline_plus_unconditional_all,random,mse,nonzero,HLA-A*03:01,auc_gt_2h,1.0,2,2,False
baseline_plus_unconditional_all,random,mse,nonzero,HLA-A*11:01,spearman,0.5,3,3,False
baseline_plus_unconditional_all,random,mse,nonzero,HLA-A*11:01,pearson_log,0.7979256302696809,3,3,False
baseline_plus_unconditional_all,random,mse,nonzero,HLA-A*11:01,auc_gt_2h,1.0,3,3,False
baseline_plus_unconditional_all,random,mse,nonzero,HLA-A*23:01,spearman,-0.5,3,3,False
baseline_plus_unconditional_all,random,mse,nonzero,HLA-A*23:01,pearson_log,-0.6242979466190953,3,3,False
baseline_plus_unconditional_all,random,mse,nonzero,HLA-A*23:01,auc_gt_2h,0.0,3,3,False
baseline_plus_unconditional_all,random,mse,nonzero,HLA-A*24:02,spearman,0.5,3,3,False
baseline_plus_unconditional_all,random,mse,nonzero,HLA-A*24:02,pearson_log,0.8303381100096582,3,3,False
baseline_plus_unconditional_all,random,mse,nonzero,HLA-A*24:02,auc_gt_2h,1.0,3,3,False
baseline_plus_unconditional_all,random,mse,nonzero,HLA-A*24:03,spearman,1.0,3,3,False
baseline_plus_unconditional_all,random,mse,nonzero,HLA-A*24:03,pearson_log,0.8079485365035692,3,3,False
baseline_plus_unconditional_all,random,mse,nonzero,HLA-A*24:03,auc_gt_2h,1.0,3,3,False
baseline_plus_unconditional_all,random,mse,nonzero,HLA-A*24:07,spearman,-0.5,3,3,False
baseline_plus_unconditional_all,random,mse,nonzero,HLA-A*24:07,pearson_log,-0.8600748676870971,3,3,False
baseline_plus_unconditional_all,random,mse,nonzero,HLA-A*24:07,auc_gt_2h,,3,3,False
baseline_plus_unconditional_all,random,mse,nonzero,HLA-A*24:19,spearman,,2,2,False
baseline_plus_unconditional_all,random,mse,nonzero,HLA-A*24:19,pearson_log,,2,2,False
baseline_plus_unconditional_all,random,mse,nonzero,HLA-A*24:19,auc_gt_2h,,2,2,False
baseline_plus_unconditional_all,random,mse,nonzero,HLA-A*25:01,spearman,,1,1,True
baseline_plus_unconditional_all,random,mse,nonzero,HLA-A*25:01,pearson_log,,1,1,True
baseline_plus_unconditional_all,random,mse,nonzero,HLA-A*25:01,auc_gt_2h,,1,1,True
baseline_plus_unconditional_all,random,mse,nonzero,HLA-A*26:01,spearman,-0.5,3,3,False
baseline_plus_unconditional_all,random,mse,nonzero,HLA-A*26:01,pearson_log,0.034869363902393875,3,3,False
baseline_plus_unconditional_all,random,mse,nonzero,HLA-A*26:01,auc_gt_2h,,3,3,False
baseline_plus_unconditional_all,random,mse,nonzero,HLA-A*26:02,spearman,-1.0,3,3,False
baseline_plus_unconditional_all,random,mse,nonzero,HLA-A*26:02,pearson_log,-0.9941324149566348,3,3,False
baseline_plus_unconditional_all,random,mse,nonzero,HLA-A*26:02,auc_gt_2h,0.0,3,3,False
baseline_plus_unconditional_all,random,mse,nonzero,HLA-A*26:03,spearman,,1,1,True
baseline_plus_unconditional_all,random,mse,nonzero,HLA-A*26:03,pearson_log,,1,1,True
baseline_plus_unconditional_all,random,mse,nonzero,HLA-A*26:03,auc_gt_2h,,1,1,True
baseline_plus_unconditional_all,random,mse,nonzero,HLA-A*29:02,spearman,-0.5,3,3,False
baseline_plus_unconditional_all,random,mse,nonzero,HLA-A*29:02,pearson_log,0.22643784104484516,3,3,False
baseline_plus_unconditional_all,random,mse,nonzero,HLA-A*29:02,auc_gt_2h,0.5,3,3,False
baseline_plus_unconditional_all,random,mse,nonzero,HLA-A*30:01,spearman,,2,2,False
baseline_plus_unconditional_all,random,mse,nonzero,HLA-A*30:01,pearson_log,,2,2,False
baseline_plus_unconditional_all,random,mse,nonzero,HLA-A*30:01,auc_gt_2h,1.0,2,2,False
baseline_plus_unconditional_all,random,mse,nonzero,HLA-A*30:02,spearman,,2,2,False
baseline_plus_unconditional_all,random,mse,nonzero,HLA-A*30:02,pearson_log,,2,2,False
baseline_plus_unconditional_all,random,mse,nonzero,HLA-A*30:02,auc_gt_2h,0.0,2,2,False
baseline_plus_unconditional_all,random,mse,nonzero,HLA-A*31:01,spearman,0.5,3,3,False
baseline_plus_unconditional_all,random,mse,nonzero,HLA-A*31:01,pearson_log,0.6691301831759421,3,3,False
baseline_plus_unconditional_all,random,mse,nonzero,HLA-A*31:01,auc_gt_2h,1.0,3,3,False
baseline_plus_unconditional_all,random,mse,nonzero,HLA-A*32:01,spearman,,2,2,False
baseline_plus_unconditional_all,random,mse,nonzero,HLA-A*32:01,pearson_log,,2,2,False
baseline_plus_unconditional_all,random,mse,nonzero,HLA-A*32:01,auc_gt_2h,,2,2,False
baseline_plus_unconditional_all,random,mse,nonzero,HLA-A*32:07,spearman,-0.5,3,3,False
baseline_plus_unconditional_all,random,mse,nonzero,HLA-A*32:07,pearson_log,-0.6981293540772184,3,3,False
baseline_plus_unconditional_all,random,mse,nonzero,HLA-A*32:07,auc_gt_2h,0.0,3,3,False
baseline_plus_unconditional_all,random,mse,nonzero,HLA-A*33:03,spearman,,2,2,False
baseline_plus_unconditional_all,random,mse,nonzero,HLA-A*33:03,pearson_log,,2,2,False
baseline_plus_unconditional_all,random,mse,nonzero,HLA-A*33:03,auc_gt_2h,0.0,2,2,False
baseline_plus_unconditional_all,random,mse,nonzero,HLA-A*43:01,spearman,,2,2,False
baseline_plus_unconditional_all,random,mse,nonzero,HLA-A*43:01,pearson_log,,2,2,False
baseline_plus_unconditional_all,random,mse,nonzero,HLA-A*43:01,auc_gt_2h,0.0,2,2,False
baseline_plus_unconditional_all,random,mse,nonzero,HLA-A*66:01,spearman,,2,2,False
baseline_plus_unconditional_all,random,mse,nonzero,HLA-A*66:01,pearson_log,,2,2,False
baseline_plus_unconditional_all,random,mse,nonzero,HLA-A*66:01,auc_gt_2h,,2,2,False
baseline_plus_unconditional_all,random,mse,nonzero,HLA-A*68:01,spearman,,2,2,False
baseline_plus_unconditional_all,random,mse,nonzero,HLA-A*68:01,pearson_log,,2,2,False
baseline_plus_unconditional_all,random,mse,nonzero,HLA-A*68:01,auc_gt_2h,,2,2,False
baseline_plus_unconditional_all,random,mse,nonzero,HLA-A*68:02,spearman,-0.5,3,3,False
baseline_plus_unconditional_all,random,mse,nonzero,HLA-A*68:02,pearson_log,-0.3010208835255852,3,3,False
baseline_plus_unconditional_all,random,mse,nonzero,HLA-A*68:02,auc_gt_2h,0.0,3,3,False
baseline_plus_unconditional_all,random,mse,nonzero,HLA-A*68:23,spearman,,2,2,False
baseline_plus_unconditional_all,random,mse,nonzero,HLA-A*68:23,pearson_log,,2,2,False
baseline_plus_unconditional_all,random,mse,nonzero,HLA-A*68:23,auc_gt_2h,,2,2,False
baseline_plus_unconditional_all,random,mse,nonzero,HLA-A*69:01,spearman,0.5,3,3,False
baseline_plus_unconditional_all,random,mse,nonzero,HLA-A*69:01,pearson_log,0.7879784368831952,3,3,False
baseline_plus_unconditional_all,random,mse,nonzero,HLA-A*69:01,auc_gt_2h,,3,3,False
baseline_plus_unconditional_all,random,mse,nonzero,HLA-A*74:01,spearman,,2,2,False
baseline_plus_unconditional_all,random,mse,nonzero,HLA-A*74:01,pearson_log,,2,2,False
baseline_plus_unconditional_all,random,mse,nonzero,HLA-A*74:01,auc_gt_2h,,2,2,False
baseline_plus_unconditional_all,random,mse,nonzero,HLA-A*80:01,spearman,,2,2,False
baseline_plus_unconditional_all,random,mse,nonzero,HLA-A*80:01,pearson_log,,2,2,False
baseline_plus_unconditional_all,random,mse,nonzero,HLA-A*80:01,auc_gt_2h,1.0,2,2,False
baseline_plus_unconditional_all,random,mse,nonzero,HLA-B*07:02,spearman,,2,2,False
baseline_plus_unconditional_all,random,mse,nonzero,HLA-B*07:02,pearson_log,,2,2,False
baseline_plus_unconditional_all,random,mse,nonzero,HLA-B*07:02,auc_gt_2h,,2,2,False
baseline_plus_unconditional_all,random,mse,nonzero,HLA-B*08:01,spearman,0.0,3,3,False
baseline_plus_unconditional_all,random,mse,nonzero,HLA-B*08:01,pearson_log,0.4560346259693112,3,3,False
baseline_plus_unconditional_all,random,mse,nonzero,HLA-B*08:01,auc_gt_2h,,3,3,False
baseline_plus_unconditional_all,random,mse,nonzero,HLA-B*08:03,spearman,,1,1,True
baseline_plus_unconditional_all,random,mse,nonzero,HLA-B*08:03,pearson_log,,1,1,True
baseline_plus_unconditional_all,random,mse,nonzero,HLA-B*08:03,auc_gt_2h,,1,1,True
baseline_plus_unconditional_all,random,mse,nonzero,HLA-B*13:02,spearman,,1,1,True
baseline_plus_unconditional_all,random,mse,nonzero,HLA-B*13:02,pearson_log,,1,1,True
baseline_plus_unconditional_all,random,mse,nonzero,HLA-B*13:02,auc_gt_2h,,1,1,True
baseline_plus_unconditional_all,random,mse,nonzero,HLA-B*14:02(C67S),spearman,,1,1,True
baseline_plus_unconditional_all,random,mse,nonzero,HLA-B*14:02(C67S),pearson_log,,1,1,True
baseline_plus_unconditional_all,random,mse,nonzero,HLA-B*14:02(C67S),auc_gt_2h,,1,1,True
baseline_plus_unconditional_all,random,mse,nonzero,HLA-B*15:01,spearman,,2,2,False
baseline_plus_unconditional_all,random,mse,nonzero,HLA-B*15:01,pearson_log,,2,2,False
baseline_plus_unconditional_all,random,mse,nonzero,HLA-B*15:01,auc_gt_2h,1.0,2,2,False
baseline_plus_unconditional_all,random,mse,nonzero,HLA-B*15:02,spearman,,2,2,False
baseline_plus_unconditional_all,random,mse,nonzero,HLA-B*15:02,pearson_log,,2,2,False
baseline_plus_unconditional_all,random,mse,nonzero,HLA-B*15:02,auc_gt_2h,1.0,2,2,False
baseline_plus_unconditional_all,random,mse,nonzero,HLA-B*15:10,spearman,,2,2,False
baseline_plus_unconditional_all,random,mse,nonzero,HLA-B*15:10,pearson_log,,2,2,False
baseline_plus_unconditional_all,random,mse,nonzero,HLA-B*15:10,auc_gt_2h,1.0,2,2,False
baseline_plus_unconditional_all,random,mse,nonzero,HLA-B*15:17,spearman,,1,1,True
baseline_plus_unconditional_all,random,mse,nonzero,HLA-B*15:17,pearson_log,,1,1,True
baseline_plus_unconditional_all,random,mse,nonzero,HLA-B*15:17,auc_gt_2h,,1,1,True
baseline_plus_unconditional_all,random,mse,nonzero,HLA-B*18:01,spearman,,2,2,False
baseline_plus_unconditional_all,random,mse,nonzero,HLA-B*18:01,pearson_log,,2,2,False
baseline_plus_unconditional_all,random,mse,nonzero,HLA-B*18:01,auc_gt_2h,0.0,2,2,False
baseline_plus_unconditional_all,random,mse,nonzero,HLA-B*27:02,spearman,,2,2,False
baseline_plus_unconditional_all,random,mse,nonzero,HLA-B*27:02,pearson_log,,2,2,False
baseline_plus_unconditional_all,random,mse,nonzero,HLA-B*27:02,auc_gt_2h,,2,2,False
baseline_plus_unconditional_all,random,mse,nonzero,HLA-B*27:03,spearman,,2,2,False
baseline_plus_unconditional_all,random,mse,nonzero,HLA-B*27:03,pearson_log,,2,2,False
baseline_plus_unconditional_all,random,mse,nonzero,HLA-B*27:03,auc_gt_2h,,2,2,False
baseline_plus_unconditional_all,random,mse,nonzero,HLA-B*27:05,spearman,0.5,3,3,False
baseline_plus_unconditional_all,random,mse,nonzero,HLA-B*27:05,pearson_log,0.5177364957242467,3,3,False
baseline_plus_unconditional_all,random,mse,nonzero,HLA-B*27:05,auc_gt_2h,0.5,3,3,False
baseline_plus_unconditional_all,random,mse,nonzero,HLA-B*27:20,spearman,,1,1,True
baseline_plus_unconditional_all,random,mse,nonzero,HLA-B*27:20,pearson_log,,1,1,True
baseline_plus_unconditional_all,random,mse,nonzero,HLA-B*27:20,auc_gt_2h,,1,1,True
baseline_plus_unconditional_all,random,mse,nonzero,HLA-B*35:01,spearman,,1,1,True
baseline_plus_unconditional_all,random,mse,nonzero,HLA-B*35:01,pearson_log,,1,1,True
baseline_plus_unconditional_all,random,mse,nonzero,HLA-B*35:01,auc_gt_2h,,1,1,True
baseline_plus_unconditional_all,random,mse,nonzero,HLA-B*35:03,spearman,,2,2,False
baseline_plus_unconditional_all,random,mse,nonzero,HLA-B*35:03,pearson_log,,2,2,False
baseline_plus_unconditional_all,random,mse,nonzero,HLA-B*35:03,auc_gt_2h,0.0,2,2,False
baseline_plus_unconditional_all,random,mse,nonzero,HLA-B*35:08,spearman,0.5,3,3,False
baseline_plus_unconditional_all,random,mse,nonzero,HLA-B*35:08,pearson_log,0.8673769128135049,3,3,False
baseline_plus_unconditional_all,random,mse,nonzero,HLA-B*35:08,auc_gt_2h,1.0,3,3,False
baseline_plus_unconditional_all,random,mse,nonzero,HLA-B*39:01,spearman,,2,2,False
baseline_plus_unconditional_all,random,mse,nonzero,HLA-B*39:01,pearson_log,,2,2,False
baseline_plus_unconditional_all,random,mse,nonzero,HLA-B*39:01,auc_gt_2h,,2,2,False
baseline_plus_unconditional_all,random,mse,nonzero,HLA-B*39:02,spearman,,2,2,False
baseline_plus_unconditional_all,random,mse,nonzero,HLA-B*39:02,pearson_log,,2,2,False
baseline_plus_unconditional_all,random,mse,nonzero,HLA-B*39:02,auc_gt_2h,,2,2,False
baseline_plus_unconditional_all,random,mse,nonzero,HLA-B*39:10,spearman,,2,2,False
baseline_plus_unconditional_all,random,mse,nonzero,HLA-B*39:10,pearson_log,,2,2,False
baseline_plus_unconditional_all,random,mse,nonzero,HLA-B*39:10,auc_gt_2h,1.0,2,2,False
baseline_plus_unconditional_all,random,mse,nonzero,HLA-B*40:01,spearman,0.5,3,3,False
baseline_plus_unconditional_all,random,mse,nonzero,HLA-B*40:01,pearson_log,0.25525847826774895,3,3,False
baseline_plus_unconditional_all,random,mse,nonzero,HLA-B*40:01,auc_gt_2h,,3,3,False
baseline_plus_unconditional_all,random,mse,nonzero,HLA-B*40:02,spearman,1.0,3,3,False
baseline_plus_unconditional_all,random,mse,nonzero,HLA-B*40:02,pearson_log,0.7830108322610569,3,3,False
baseline_plus_unconditional_all,random,mse,nonzero,HLA-B*40:02,auc_gt_2h,1.0,3,3,False
baseline_plus_unconditional_all,random,mse,nonzero,HLA-B*41:01,spearman,,2,2,False
baseline_plus_unconditional_all,random,mse,nonzero,HLA-B*41:01,pearson_log,,2,2,False
baseline_plus_unconditional_all,random,mse,nonzero,HLA-B*41:01,auc_gt_2h,,2,2,False
baseline_plus_unconditional_all,random,mse,nonzero,HLA-B*42:01,spearman,,2,2,False
baseline_plus_unconditional_all,random,mse,nonzero,HLA-B*42:01,pearson_log,,2,2,False
baseline_plus_unconditional_all,random,mse,nonzero,HLA-B*42:01,auc_gt_2h,,2,2,False
baseline_plus_unconditional_all,random,mse,nonzero,HLA-B*42:02,spearman,-0.5,3,3,False
baseline_plus_unconditional_all,random,mse,nonzero,HLA-B*42:02,pearson_log,-0.7246713119218331,3,3,False
baseline_plus_unconditional_all,random,mse,nonzero,HLA-B*42:02,auc_gt_2h,0.0,3,3,False
baseline_plus_unconditional_all,random,mse,nonzero,HLA-B*44:05,spearman,,2,2,False
baseline_plus_unconditional_all,random,mse,nonzero,HLA-B*44:05,pearson_log,,2,2,False
baseline_plus_unconditional_all,random,mse,nonzero,HLA-B*44:05,auc_gt_2h,,2,2,False
baseline_plus_unconditional_all,random,mse,nonzero,HLA-B*45:01,spearman,,1,1,True
baseline_plus_unconditional_all,random,mse,nonzero,HLA-B*45:01,pearson_log,,1,1,True
baseline_plus_unconditional_all,random,mse,nonzero,HLA-B*45:01,auc_gt_2h,,1,1,True
baseline_plus_unconditional_all,random,mse,nonzero,HLA-B*46:01,spearman,,1,1,True
baseline_plus_unconditional_all,random,mse,nonzero,HLA-B*46:01,pearson_log,,1,1,True
baseline_plus_unconditional_all,random,mse,nonzero,HLA-B*46:01,auc_gt_2h,,1,1,True
baseline_plus_unconditional_all,random,mse,nonzero,HLA-B*51:01,spearman,,1,1,True
baseline_plus_unconditional_all,random,mse,nonzero,HLA-B*51:01,pearson_log,,1,1,True
baseline_plus_unconditional_all,random,mse,nonzero,HLA-B*51:01,auc_gt_2h,,1,1,True
baseline_plus_unconditional_all,random,mse,nonzero,HLA-B*54:01,spearman,,2,2,False
baseline_plus_unconditional_all,random,mse,nonzero,HLA-B*54:01,pearson_log,,2,2,False
baseline_plus_unconditional_all,random,mse,nonzero,HLA-B*54:01,auc_gt_2h,0.0,2,2,False
baseline_plus_unconditional_all,random,mse,nonzero,HLA-B*56:01,spearman,,2,2,False
baseline_plus_unconditional_all,random,mse,nonzero,HLA-B*56:01,pearson_log,,2,2,False
baseline_plus_unconditional_all,random,mse,nonzero,HLA-B*56:01,auc_gt_2h,,2,2,False
baseline_plus_unconditional_all,random,mse,nonzero,HLA-B*57:01,spearman,,2,2,False
baseline_plus_unconditional_all,random,mse,nonzero,HLA-B*57:01,pearson_log,,2,2,False
baseline_plus_unconditional_all,random,mse,nonzero,HLA-B*57:01,auc_gt_2h,,2,2,False
baseline_plus_unconditional_all,random,mse,nonzero,HLA-B*57:02,spearman,,2,2,False
baseline_plus_unconditional_all,random,mse,nonzero,HLA-B*57:02,pearson_log,,2,2,False
baseline_plus_unconditional_all,random,mse,nonzero,HLA-B*57:02,auc_gt_2h,,2,2,False
baseline_plus_unconditional_all,random,mse,nonzero,HLA-B*57:03,spearman,,2,2,False
baseline_plus_unconditional_all,random,mse,nonzero,HLA-B*57:03,pearson_log,,2,2,False
baseline_plus_unconditional_all,random,mse,nonzero,HLA-B*57:03,auc_gt_2h,,2,2,False
baseline_plus_unconditional_all,random,mse,nonzero,HLA-B*58:01,spearman,-1.0,3,3,False
baseline_plus_unconditional_all,random,mse,nonzero,HLA-B*58:01,pearson_log,-0.9537134433336109,3,3,False
baseline_plus_unconditional_all,random,mse,nonzero,HLA-B*58:01,auc_gt_2h,0.0,3,3,False
baseline_plus_unconditional_all,random,mse,nonzero,HLA-B*81:01,spearman,,2,2,False
baseline_plus_unconditional_all,random,mse,nonzero,HLA-B*81:01,pearson_log,,2,2,False
baseline_plus_unconditional_all,random,mse,nonzero,HLA-B*81:01,auc_gt_2h,,2,2,False
baseline_plus_unconditional_anchor_softmax,leave_one_allele_out,mse,all,HLA-A*01:01,spearman,0.159118450591631,14,14,False
baseline_plus_unconditional_anchor_softmax,leave_one_allele_out,mse,all,HLA-A*01:01,pearson_log,0.17688645391174052,14,14,False
baseline_plus_unconditional_anchor_softmax,leave_one_allele_out,mse,all,HLA-A*01:01,auc_gt_2h,0.65,14,14,False
baseline_plus_unconditional_anchor_softmax,leave_one_allele_out,mse,all,HLA-A*02:01,spearman,0.34323453113083496,14,14,False
baseline_plus_unconditional_anchor_softmax,leave_one_allele_out,mse,all,HLA-A*02:01,pearson_log,0.5207490932261063,14,14,False
baseline_plus_unconditional_anchor_softmax,leave_one_allele_out,mse,all,HLA-A*02:01,auc_gt_2h,0.9696969696969697,14,14,False
baseline_plus_unconditional_anchor_softmax,leave_one_allele_out,mse,all,HLA-A*02:03,spearman,0.4702032581957864,14,14,False
baseline_plus_unconditional_anchor_softmax,leave_one_allele_out,mse,all,HLA-A*02:03,pearson_log,0.4443903276997878,14,14,False
baseline_plus_unconditional_anchor_softmax,leave_one_allele_out,mse,all,HLA-A*02:03,auc_gt_2h,0.7083333333333334,14,14,False
baseline_plus_unconditional_anchor_softmax,leave_one_allele_out,mse,all,HLA-A*02:05,spearman,-0.032967032967032975,14,14,False
baseline_plus_unconditional_anchor_softmax,leave_one_allele_out,mse,all,HLA-A*02:05,pearson_log,-0.15381535400985294,14,14,False
baseline_plus_unconditional_anchor_softmax,leave_one_allele_out,mse,all,HLA-A*02:05,auc_gt_2h,0.475,14,14,False
baseline_plus_unconditional_anchor_softmax,leave_one_allele_out,mse,all,HLA-A*02:10,spearman,0.4153846153846154,14,14,False
baseline_plus_unconditional_anchor_softmax,leave_one_allele_out,mse,all,HLA-A*02:10,pearson_log,0.39181436814798654,14,14,False
baseline_plus_unconditional_anchor_softmax,leave_one_allele_out,mse,all,HLA-A*02:10,auc_gt_2h,0.6444444444444444,14,14,False
baseline_plus_unconditional_anchor_softmax,leave_one_allele_out,mse,all,HLA-A*02:11,spearman,0.23425771892656788,14,14,False
baseline_plus_unconditional_anchor_softmax,leave_one_allele_out,mse,all,HLA-A*02:11,pearson_log,0.4345463420080803,14,14,False
baseline_plus_unconditional_anchor_softmax,leave_one_allele_out,mse,all,HLA-A*02:11,auc_gt_2h,0.875,14,14,False
baseline_plus_unconditional_anchor_softmax,leave_one_allele_out,mse,all,HLA-A*02:12,spearman,0.6043956043956044,14,14,False
baseline_plus_unconditional_anchor_softmax,leave_one_allele_out,mse,all,HLA-A*02:12,pearson_log,0.8101703221949147,14,14,False
baseline_plus_unconditional_anchor_softmax,leave_one_allele_out,mse,all,HLA-A*02:12,auc_gt_2h,1.0,14,14,False
baseline_plus_unconditional_anchor_softmax,leave_one_allele_out,mse,all,HLA-A*02:16,spearman,0.2772278905287514,14,14,False
baseline_plus_unconditional_anchor_softmax,leave_one_allele_out,mse,all,HLA-A*02:16,pearson_log,0.33475508434742085,14,14,False
baseline_plus_unconditional_anchor_softmax,leave_one_allele_out,mse,all,HLA-A*02:16,auc_gt_2h,0.5757575757575757,14,14,False
baseline_plus_unconditional_anchor_softmax,leave_one_allele_out,mse,all,HLA-A*02:19,spearman,0.36523674466486294,14,14,False
baseline_plus_unconditional_anchor_softmax,leave_one_allele_out,mse,all,HLA-A*02:19,pearson_log,0.35293628848125935,14,14,False
baseline_plus_unconditional_anchor_softmax,leave_one_allele_out,mse,all,HLA-A*02:19,auc_gt_2h,0.725,14,14,False
baseline_plus_unconditional_anchor_softmax,leave_one_allele_out,mse,all,HLA-A*02:50,spearman,0.15164835164835166,14,14,False
baseline_plus_unconditional_anchor_softmax,leave_one_allele_out,mse,all,HLA-A*02:50,pearson_log,0.22637476880765658,14,14,False
baseline_plus_unconditional_anchor_softmax,leave_one_allele_out,mse,all,HLA-A*02:50,auc_gt_2h,0.9230769230769231,14,14,False
baseline_plus_unconditional_anchor_softmax,leave_one_allele_out,mse,all,HLA-A*03:01,spearman,0.3149787376504485,14,14,False
baseline_plus_unconditional_anchor_softmax,leave_one_allele_out,mse,all,HLA-A*03:01,pearson_log,0.17495586422296264,14,14,False
baseline_plus_unconditional_anchor_softmax,leave_one_allele_out,mse,all,HLA-A*03:01,auc_gt_2h,0.8444444444444444,14,14,False
baseline_plus_unconditional_anchor_softmax,leave_one_allele_out,mse,all,HLA-A*11:01,spearman,-0.07252747252747253,14,14,False
baseline_plus_unconditional_anchor_softmax,leave_one_allele_out,mse,all,HLA-A*11:01,pearson_log,-0.059080107177432645,14,14,False
baseline_plus_unconditional_anchor_softmax,leave_one_allele_out,mse,all,HLA-A*11:01,auc_gt_2h,0.37777777777777777,14,14,False
baseline_plus_unconditional_anchor_softmax,leave_one_allele_out,mse,all,HLA-A*23:01,spearman,0.2923076923076923,14,14,False
baseline_plus_unconditional_anchor_softmax,leave_one_allele_out,mse,all,HLA-A*23:01,pearson_log,0.30825268127915134,14,14,False
baseline_plus_unconditional_anchor_softmax,leave_one_allele_out,mse,all,HLA-A*23:01,auc_gt_2h,0.5416666666666667,14,14,False
baseline_plus_unconditional_anchor_softmax,leave_one_allele_out,mse,all,HLA-A*24:02,spearman,0.318236901183262,14,14,False
baseline_plus_unconditional_anchor_softmax,leave_one_allele_out,mse,all,HLA-A*24:02,pearson_log,0.44574175697178936,14,14,False
baseline_plus_unconditional_anchor_softmax,leave_one_allele_out,mse,all,HLA-A*24:02,auc_gt_2h,0.9,14,14,False
baseline_plus_unconditional_anchor_softmax,leave_one_allele_out,mse,all,HLA-A*24:03,spearman,0.541254452937086,14,14,False
baseline_plus_unconditional_anchor_softmax,leave_one_allele_out,mse,all,HLA-A*24:03,pearson_log,0.5177462199710732,14,14,False
baseline_plus_unconditional_anchor_softmax,leave_one_allele_out,mse,all,HLA-A*24:03,auc_gt_2h,0.7777777777777778,14,14,False
baseline_plus_unconditional_anchor_softmax,leave_one_allele_out,mse,all,HLA-A*24:07,spearman,-0.15604395604395604,14,14,False
baseline_plus_unconditional_anchor_softmax,leave_one_allele_out,mse,all,HLA-A*24:07,pearson_log,-0.16281352497325474,14,14,False
baseline_plus_unconditional_anchor_softmax,leave_one_allele_out,mse,all,HLA-A*24:07,auc_gt_2h,0.3125,14,14,False
baseline_plus_unconditional_anchor_softmax,leave_one_allele_out,mse,all,HLA-A*24:19,spearman,0.6862635163075163,14,14,False
baseline_plus_unconditional_anchor_softmax,leave_one_allele_out,mse,all,HLA-A*24:19,pearson_log,0.7247279824627697,14,14,False
baseline_plus_unconditional_anchor_softmax,leave_one_allele_out,mse,all,HLA-A*24:19,auc_gt_2h,1.0,14,14,False
baseline_plus_unconditional_anchor_softmax,leave_one_allele_out,mse,all,HLA-A*25:01,spearman,-0.020229827643539276,14,14,False
baseline_plus_unconditional_anchor_softmax,leave_one_allele_out,mse,all,HLA-A*25:01,pearson_log,0.03440878002351274,14,14,False
baseline_plus_unconditional_anchor_softmax,leave_one_allele_out,mse,all,HLA-A*25:01,auc_gt_2h,0.45454545454545453,14,14,False
baseline_plus_unconditional_anchor_softmax,leave_one_allele_out,mse,all,HLA-A*26:01,spearman,-0.2942542689266646,14,14,False
baseline_plus_unconditional_anchor_softmax,leave_one_allele_out,mse,all,HLA-A*26:01,pearson_log,-0.3072253824970889,14,14,False
baseline_plus_unconditional_anchor_softmax,leave_one_allele_out,mse,all,HLA-A*26:01,auc_gt_2h,0.3939393939393939,14,14,False
baseline_plus_unconditional_anchor_softmax,leave_one_allele_out,mse,all,HLA-A*26:02,spearman,0.23788603962411495,14,14,False
baseline_plus_unconditional_anchor_softmax,leave_one_allele_out,mse,all,HLA-A*26:02,pearson_log,0.305772705704759,14,14,False
baseline_plus_unconditional_anchor_softmax,leave_one_allele_out,mse,all,HLA-A*26:02,auc_gt_2h,0.625,14,14,False
baseline_plus_unconditional_anchor_softmax,leave_one_allele_out,mse,all,HLA-A*26:03,spearman,0.0985994781440457,14,14,False
baseline_plus_unconditional_anchor_softmax,leave_one_allele_out,mse,all,HLA-A*26:03,pearson_log,0.1851496817276218,14,14,False
baseline_plus_unconditional_anchor_softmax,leave_one_allele_out,mse,all,HLA-A*26:03,auc_gt_2h,0.7272727272727273,14,14,False
baseline_plus_unconditional_anchor_softmax,leave_one_allele_out,mse,all,HLA-A*29:02,spearman,0.39780219780219783,14,14,False
baseline_plus_unconditional_anchor_softmax,leave_one_allele_out,mse,all,HLA-A*29:02,pearson_log,0.33737846488920015,14,14,False
baseline_plus_unconditional_anchor_softmax,leave_one_allele_out,mse,all,HLA-A*29:02,auc_gt_2h,0.625,14,14,False
baseline_plus_unconditional_anchor_softmax,leave_one_allele_out,mse,all,HLA-A*30:01,spearman,0.06194826714245571,14,14,False
baseline_plus_unconditional_anchor_softmax,leave_one_allele_out,mse,all,HLA-A*30:01,pearson_log,0.0006012131616879857,14,14,False
baseline_plus_unconditional_anchor_softmax,leave_one_allele_out,mse,all,HLA-A*30:01,auc_gt_2h,0.45833333333333337,14,14,False
baseline_plus_unconditional_anchor_softmax,leave_one_allele_out,mse,all,HLA-A*30:02,spearman,-0.04227235251262682,14,14,False
baseline_plus_unconditional_anchor_softmax,leave_one_allele_out,mse,all,HLA-A*30:02,pearson_log,-0.013740694908180487,14,14,False
baseline_plus_unconditional_anchor_softmax,leave_one_allele_out,mse,all,HLA-A*30:02,auc_gt_2h,0.4,14,14,False
baseline_plus_unconditional_anchor_softmax,leave_one_allele_out,mse,all,HLA-A*31:01,spearman,-0.23230600178420888,14,14,False
baseline_plus_unconditional_anchor_softmax,leave_one_allele_out,mse,all,HLA-A*31:01,pearson_log,-0.22795476304428183,14,14,False
baseline_plus_unconditional_anchor_softmax,leave_one_allele_out,mse,all,HLA-A*31:01,auc_gt_2h,0.4545454545454545,14,14,False
baseline_plus_unconditional_anchor_softmax,leave_one_allele_out,mse,all,HLA-A*32:01,spearman,-0.13922864426767714,14,14,False
baseline_plus_unconditional_anchor_softmax,leave_one_allele_out,mse,all,HLA-A*32:01,pearson_log,-0.07213252346476295,14,14,False
baseline_plus_unconditional_anchor_softmax,leave_one_allele_out,mse,all,HLA-A*32:01,auc_gt_2h,0.39999999999999997,14,14,False
baseline_plus_unconditional_anchor_softmax,leave_one_allele_out,mse,all,HLA-A*32:07,spearman,0.18121823539602422,14,14,False
baseline_plus_unconditional_anchor_softmax,leave_one_allele_out,mse,all,HLA-A*32:07,pearson_log,0.19770165097835887,14,14,False
baseline_plus_unconditional_anchor_softmax,leave_one_allele_out,mse,all,HLA-A*32:07,auc_gt_2h,0.5510204081632653,14,14,False
baseline_plus_unconditional_anchor_softmax,leave_one_allele_out,mse,all,HLA-A*33:03,spearman,-0.18799346499075792,14,14,False
baseline_plus_unconditional_anchor_softmax,leave_one_allele_out,mse,all,HLA-A*33:03,pearson_log,-0.33716984501212904,14,14,False
baseline_plus_unconditional_anchor_softmax,leave_one_allele_out,mse,all,HLA-A*33:03,auc_gt_2h,0.36363636363636365,14,14,False
baseline_plus_unconditional_anchor_softmax,leave_one_allele_out,mse,all,HLA-A*43:01,spearman,0.08045822812818136,14,14,False
baseline_plus_unconditional_anchor_softmax,leave_one_allele_out,mse,all,HLA-A*43:01,pearson_log,-0.028266414902682016,14,14,False
baseline_plus_unconditional_anchor_softmax,leave_one_allele_out,mse,all,HLA-A*43:01,auc_gt_2h,0.3846153846153846,14,14,False
baseline_plus_unconditional_anchor_softmax,leave_one_allele_out,mse,all,HLA-A*66:01,spearman,0.25546918197489404,14,14,False
baseline_plus_unconditional_anchor_softmax,leave_one_allele_out,mse,all,HLA-A*66:01,pearson_log,0.35926365614204775,14,14,False
baseline_plus_unconditional_anchor_softmax,leave_one_allele_out,mse,all,HLA-A*66:01,auc_gt_2h,0.9230769230769231,14,14,False
baseline_plus_unconditional_anchor_softmax,leave_one_allele_out,mse,all,HLA-A*68:01,spearman,0.04894693448830474,14,14,False
baseline_plus_unconditional_anchor_softmax,leave_one_allele_out,mse,all,HLA-A*68:01,pearson_log,-0.04999660485926735,14,14,False
baseline_plus_unconditional_anchor_softmax,leave_one_allele_out,mse,all,HLA-A*68:01,auc_gt_2h,0.3469387755102041,14,14,False
baseline_plus_unconditional_anchor_softmax,leave_one_allele_out,mse,all,HLA-A*68:02,spearman,-0.18181887173468986,13,13,False
baseline_plus_unconditional_anchor_softmax,leave_one_allele_out,mse,all,HLA-A*68:02,pearson_log,-0.327100038135134,13,13,False
baseline_plus_unconditional_anchor_softmax,leave_one_allele_out,mse,all,HLA-A*68:02,auc_gt_2h,0.08333333333333337,13,13,False
baseline_plus_unconditional_anchor_softmax,leave_one_allele_out,mse,all,HLA-A*68:23,spearman,-0.08978144129556144,13,13,False
baseline_plus_unconditional_anchor_softmax,leave_one_allele_out,mse,all,HLA-A*68:23,pearson_log,-0.10965052821263555,13,13,False
baseline_plus_unconditional_anchor_softmax,leave_one_allele_out,mse,all,HLA-A*68:23,auc_gt_2h,0.75,13,13,False
baseline_plus_unconditional_anchor_softmax,leave_one_allele_out,mse,all,HLA-A*69:01,spearman,-0.18717712793708854,13,13,False
baseline_plus_unconditional_anchor_softmax,leave_one_allele_out,mse,all,HLA-A*69:01,pearson_log,-0.12340872516763557,13,13,False
baseline_plus_unconditional_anchor_softmax,leave_one_allele_out,mse,all,HLA-A*69:01,auc_gt_2h,0.33333333333333337,13,13,False
baseline_plus_unconditional_anchor_softmax,leave_one_allele_out,mse,all,HLA-A*74:01,spearman,0.013774156949597716,13,13,False
baseline_plus_unconditional_anchor_softmax,leave_one_allele_out,mse,all,HLA-A*74:01,pearson_log,-0.06285692110336275,13,13,False
baseline_plus_unconditional_anchor_softmax,leave_one_allele_out,mse,all,HLA-A*74:01,auc_gt_2h,0.45,13,13,False
baseline_plus_unconditional_anchor_softmax,leave_one_allele_out,mse,all,HLA-A*80:01,spearman,0.7462210230549502,13,13,False
baseline_plus_unconditional_anchor_softmax,leave_one_allele_out,mse,all,HLA-A*80:01,pearson_log,0.6578335794845025,13,13,False
baseline_plus_unconditional_anchor_softmax,leave_one_allele_out,mse,all,HLA-A*80:01,auc_gt_2h,0.7727272727272727,13,13,False
baseline_plus_unconditional_anchor_softmax,leave_one_allele_out,mse,all,HLA-B*07:02,spearman,-0.11895166886405625,13,13,False
baseline_plus_unconditional_anchor_softmax,leave_one_allele_out,mse,all,HLA-B*07:02,pearson_log,-0.03236638268367628,13,13,False
baseline_plus_unconditional_anchor_softmax,leave_one_allele_out,mse,all,HLA-B*07:02,auc_gt_2h,0.5476190476190477,13,13,False
baseline_plus_unconditional_anchor_softmax,leave_one_allele_out,mse,all,HLA-B*08:01,spearman,-0.07222668079692303,13,13,False
baseline_plus_unconditional_anchor_softmax,leave_one_allele_out,mse,all,HLA-B*08:01,pearson_log,-0.024316061958548407,13,13,False
baseline_plus_unconditional_anchor_softmax,leave_one_allele_out,mse,all,HLA-B*08:01,auc_gt_2h,,13,13,False
baseline_plus_unconditional_anchor_softmax,leave_one_allele_out,mse,all,HLA-B*08:03,spearman,-0.09525640849568938,13,13,False
baseline_plus_unconditional_anchor_softmax,leave_one_allele_out,mse,all,HLA-B*08:03,pearson_log,-0.19525801339658533,13,13,False
baseline_plus_unconditional_anchor_softmax,leave_one_allele_out,mse,all,HLA-B*08:03,auc_gt_2h,0.5333333333333332,13,13,False
baseline_plus_unconditional_anchor_softmax,leave_one_allele_out,mse,all,HLA-B*13:02,spearman,-0.3335621924974956,7,7,False
baseline_plus_unconditional_anchor_softmax,leave_one_allele_out,mse,all,HLA-B*13:02,pearson_log,-0.32493732468355163,7,7,False
baseline_plus_unconditional_anchor_softmax,leave_one_allele_out,mse,all,HLA-B*13:02,auc_gt_2h,0.16666666666666666,7,7,False
baseline_plus_unconditional_anchor_softmax,leave_one_allele_out,mse,all,HLA-B*14:01(C67S),spearman,-0.1543033499620919,13,13,False
baseline_plus_unconditional_anchor_softmax,leave_one_allele_out,mse,all,HLA-B*14:01(C67S),pearson_log,-0.13432685095785757,13,13,False
baseline_plus_unconditional_anchor_softmax,leave_one_allele_out,mse,all,HLA-B*14:01(C67S),auc_gt_2h,,13,13,False
baseline_plus_unconditional_anchor_softmax,leave_one_allele_out,mse,all,HLA-B*14:02(C67S),spearman,0.19733805434408158,13,13,False
baseline_plus_unconditional_anchor_softmax,leave_one_allele_out,mse,all,HLA-B*14:02(C67S),pearson_log,0.07536205437415984,13,13,False
baseline_plus_unconditional_anchor_softmax,leave_one_allele_out,mse,all,HLA-B*14:02(C67S),auc_gt_2h,0.5555555555555556,13,13,False
baseline_plus_unconditional_anchor_softmax,leave_one_allele_out,mse,all,HLA-B*15:01,spearman,0.13204964349137507,13,13,False
baseline_plus_unconditional_anchor_softmax,leave_one_allele_out,mse,all,HLA-B*15:01,pearson_log,-0.18452891949822578,13,13,False
baseline_plus_unconditional_anchor_softmax,leave_one_allele_out,mse,all,HLA-B*15:01,auc_gt_2h,0.47222222222222215,13,13,False
baseline_plus_unconditional_anchor_softmax,leave_one_allele_out,mse,all,HLA-B*15:02,spearman,-0.045215784420335234,13,13,False
baseline_plus_unconditional_anchor_softmax,leave_one_allele_out,mse,all,HLA-B*15:02,pearson_log,-0.31792780260413667,13,13,False
baseline_plus_unconditional_anchor_softmax,leave_one_allele_out,mse,all,HLA-B*15:02,auc_gt_2h,0.6,13,13,False
baseline_plus_unconditional_anchor_softmax,leave_one_allele_out,mse,all,HLA-B*15:10,spearman,0.3328751429678413,13,13,False
baseline_plus_unconditional_anchor_softmax,leave_one_allele_out,mse,all,HLA-B*15:10,pearson_log,0.437003090623728,13,13,False
baseline_plus_unconditional_anchor_softmax,leave_one_allele_out,mse,all,HLA-B*15:10,auc_gt_2h,0.6363636363636364,13,13,False
baseline_plus_unconditional_anchor_softmax,leave_one_allele_out,mse,all,HLA-B*15:17,spearman,0.05817375393384442,13,13,False
baseline_plus_unconditional_anchor_softmax,leave_one_allele_out,mse,all,HLA-B*15:17,pearson_log,-0.0651745783204803,13,13,False
baseline_plus_unconditional_anchor_softmax,leave_one_allele_out,mse,all,HLA-B*15:17,auc_gt_2h,0.5333333333333333,13,13,False
baseline_plus_unconditional_anchor_softmax,leave_one_allele_out,mse,all,HLA-B*18:01,spearman,-0.42090823862875804,13,13,False
baseline_plus_unconditional_anchor_softmax,leave_one_allele_out,mse,all,HLA-B*18:01,pearson_log,-0.43917863936991014,13,13,False
baseline_plus_unconditional_anchor_softmax,leave_one_allele_out,mse,all,HLA-B*18:01,auc_gt_2h,0.2380952380952381,13,13,False
baseline_plus_unconditional_anchor_softmax,leave_one_allele_out,mse,all,HLA-B*27:02,spearman,0.2517349271309098,13,13,False
baseline_plus_unconditional_anchor_softmax,leave_one_allele_out,mse,all,HLA-B*27:02,pearson_log,0.2688579274178244,13,13,False
baseline_plus_unconditional_anchor_softmax,leave_one_allele_out,mse,all,HLA-B*27:02,auc_gt_2h,0.8055555555555556,13,13,False
baseline_plus_unconditional_anchor_softmax,leave_one_allele_out,mse,all,HLA-B*27:03,spearman,0.287342046254323,13,13,False
baseline_plus_unconditional_anchor_softmax,leave_one_allele_out,mse,all,HLA-B*27:03,pearson_log,0.47442119573032016,13,13,False
baseline_plus_unconditional_anchor_softmax,leave_one_allele_out,mse,all,HLA-B*27:03,auc_gt_2h,0.6,13,13,False
baseline_plus_unconditional_anchor_softmax,leave_one_allele_out,mse,all,HLA-B*27:05,spearman,0.1600013698154507,13,13,False
baseline_plus_unconditional_anchor_softmax,leave_one_allele_out,mse,all,HLA-B*27:05,pearson_log,0.189852578869232,13,13,False
baseline_plus_unconditional_anchor_softmax,leave_one_allele_out,mse,all,HLA-B*27:05,auc_gt_2h,0.5,13,13,False
baseline_plus_unconditional_anchor_softmax,leave_one_allele_out,mse,all,HLA-B*27:20,spearman,0.24517999370283933,13,13,False
baseline_plus_unconditional_anchor_softmax,leave_one_allele_out,mse,all,HLA-B*27:20,pearson_log,0.24770182625332723,13,13,False
baseline_plus_unconditional_anchor_softmax,leave_one_allele_out,mse,all,HLA-B*27:20,auc_gt_2h,0.6666666666666667,13,13,False
baseline_plus_unconditional_anchor_softmax,leave_one_allele_out,mse,all,HLA-B*35:01,spearman,0.3263982467160757,13,13,False
baseline_plus_unconditional_anchor_softmax,leave_one_allele_out,mse,all,HLA-B*35:01,pearson_log,0.29287364776881775,13,13,False
baseline_plus_unconditional_anchor_softmax,leave_one_allele_out,mse,all,HLA-B*35:01,auc_gt_2h,0.7333333333333333,13,13,False
baseline_plus_unconditional_anchor_softmax,leave_one_allele_out,mse,all,HLA-B*35:03,spearman,0.3884312259786556,13,13,False
baseline_plus_unconditional_anchor_softmax,leave_one_allele_out,mse,all,HLA-B*35:03,pearson_log,0.28997423352756385,13,13,False
baseline_plus_unconditional_anchor_softmax,leave_one_allele_out,mse,all,HLA-B*35:03,auc_gt_2h,0.5249999999999999,13,13,False
baseline_plus_unconditional_anchor_softmax,leave_one_allele_out,mse,all,HLA-B*35:08,spearman,0.008310536276263488,13,13,False
baseline_plus_unconditional_anchor_softmax,leave_one_allele_out,mse,all,HLA-B*35:08,pearson_log,-0.00884645981575019,13,13,False
baseline_plus_unconditional_anchor_softmax,leave_one_allele_out,mse,all,HLA-B*35:08,auc_gt_2h,0.5,13,13,False
baseline_plus_unconditional_anchor_softmax,leave_one_allele_out,mse,all,HLA-B*39:01,spearman,0.3681113029743735,13,13,False
baseline_plus_unconditional_anchor_softmax,leave_one_allele_out,mse,all,HLA-B*39:01,pearson_log,0.5726473115857936,13,13,False
baseline_plus_unconditional_anchor_softmax,leave_one_allele_out,mse,all,HLA-B*39:01,auc_gt_2h,1.0,13,13,False
baseline_plus_unconditional_anchor_softmax,leave_one_allele_out,mse,all,HLA-B*39:02,spearman,-0.33900074788171813,13,13,False
baseline_plus_unconditional_anchor_softmax,leave_one_allele_out,mse,all,HLA-B*39:02,pearson_log,-0.29418581805056143,13,13,False
baseline_plus_unconditional_anchor_softmax,leave_one_allele_out,mse,all,HLA-B*39:02,auc_gt_2h,0.5454545454545454,13,13,False
baseline_plus_unconditional_anchor_softmax,leave_one_allele_out,mse,all,HLA-B*39:06(C67S),spearman,0.4629100498862757,13,13,False
baseline_plus_unconditional_anchor_softmax,leave_one_allele_out,mse,all,HLA-B*39:06(C67S),pearson_log,0.5131890594680915,13,13,False
baseline_plus_unconditional_anchor_softmax,leave_one_allele_out,mse,all,HLA-B*39:06(C67S),auc_gt_2h,1.0,13,13,False
baseline_plus_unconditional_anchor_softmax,leave_one_allele_out,mse,all,HLA-B*39:10,spearman,0.030261376633440123,13,13,False
baseline_plus_unconditional_anchor_softmax,leave_one_allele_out,mse,all,HLA-B*39:10,pearson_log,-0.019205744711968037,13,13,False
baseline_plus_unconditional_anchor_softmax,leave_one_allele_out,mse,all,HLA-B*39:10,auc_gt_2h,0.38095238095238093,13,13,False
baseline_plus_unconditional_anchor_softmax,leave_one_allele_out,mse,all,HLA-B*40:01,spearman,0.08539977308750583,13,13,False
baseline_plus_unconditional_anchor_softmax,leave_one_allele_out,mse,all,HLA-B*40:01,pearson_log,0.3358069949162691,13,13,False
baseline_plus_unconditional_anchor_softmax,leave_one_allele_out,mse,all,HLA-B*40:01,auc_gt_2h,0.9166666666666666,13,13,False
baseline_plus_unconditional_anchor_softmax,leave_one_allele_out,mse,all,HLA-B*40:02,spearman,0.48901098901098894,13,13,False
baseline_plus_unconditional_anchor_softmax,leave_one_allele_out,mse,all,HLA-B*40:02,pearson_log,0.4961051821541181,13,13,False
baseline_plus_unconditional_anchor_softmax,leave_one_allele_out,mse,all,HLA-B*40:02,auc_gt_2h,0.7666666666666666,13,13,False
baseline_plus_unconditional_anchor_softmax,leave_one_allele_out,mse,all,HLA-B*41:01,spearman,-0.030061629390242612,13,13,False
baseline_plus_unconditional_anchor_softmax,leave_one_allele_out,mse,all,HLA-B*41:01,pearson_log,-0.0689863971908578,13,13,False
baseline_plus_unconditional_anchor_softmax,leave_one_allele_out,mse,all,HLA-B*41:01,auc_gt_2h,,13,13,False
baseline_plus_unconditional_anchor_softmax,leave_one_allele_out,mse,all,HLA-B*42:01,spearman,-0.5384615384615384,13,13,False
baseline_plus_unconditional_anchor_softmax,leave_one_allele_out,mse,all,HLA-B*42:01,pearson_log,-0.3282705806097302,13,13,False
baseline_plus_unconditional_anchor_softmax,leave_one_allele_out,mse,all,HLA-B*42:01,auc_gt_2h,0.2727272727272727,13,13,False
baseline_plus_unconditional_anchor_softmax,leave_one_allele_out,mse,all,HLA-B*42:02,spearman,-0.48209549323592005,13,13,False
baseline_plus_unconditional_anchor_softmax,leave_one_allele_out,mse,all,HLA-B*42:02,pearson_log,-0.5155328272622323,13,13,False
baseline_plus_unconditional_anchor_softmax,leave_one_allele_out,mse,all,HLA-B*42:02,auc_gt_2h,0.26190476190476186,13,13,False
baseline_plus_unconditional_anchor_softmax,leave_one_allele_out,mse,all,HLA-B*44:05,spearman,-0.34159909235002334,13,13,False
baseline_plus_unconditional_anchor_softmax,leave_one_allele_out,mse,all,HLA-B*44:05,pearson_log,-0.6781345416224709,13,13,False
baseline_plus_unconditional_anchor_softmax,leave_one_allele_out,mse,all,HLA-B*44:05,auc_gt_2h,0.30000000000000004,13,13,False
baseline_plus_unconditional_anchor_softmax,leave_one_allele_out,mse,all,HLA-B*45:01,spearman,0.16762130860037783,13,13,False
baseline_plus_unconditional_anchor_softmax,leave_one_allele_out,mse,all,HLA-B*45:01,pearson_log,0.30582771569237666,13,13,False
baseline_plus_unconditional_anchor_softmax,leave_one_allele_out,mse,all,HLA-B*45:01,auc_gt_2h,0.75,13,13,False
baseline_plus_unconditional_anchor_softmax,leave_one_allele_out,mse,all,HLA-B*46:01,spearman,-0.16760206019870938,13,13,False
baseline_plus_unconditional_anchor_softmax,leave_one_allele_out,mse,all,HLA-B*46:01,pearson_log,-0.20553130528199584,13,13,False
baseline_plus_unconditional_anchor_softmax,leave_one_allele_out,mse,all,HLA-B*46:01,auc_gt_2h,0.6363636363636364,13,13,False
baseline_plus_unconditional_anchor_softmax,leave_one_allele_out,mse,all,HLA-B*51:01,spearman,-0.06710955988741986,13,13,False
baseline_plus_unconditional_anchor_softmax,leave_one_allele_out,mse,all,HLA-B*51:01,pearson_log,-0.11301919771733886,13,13,False
baseline_plus_unconditional_anchor_softmax,leave_one_allele_out,mse,all,HLA-B*51:01,auc_gt_2h,0.4444444444444444,13,13,False
baseline_plus_unconditional_anchor_softmax,leave_one_allele_out,mse,all,HLA-B*54:01,spearman,0.293902598732179,13,13,False
baseline_plus_unconditional_anchor_softmax,leave_one_allele_out,mse,all,HLA-B*54:01,pearson_log,0.3004590037869629,13,13,False
baseline_plus_unconditional_anchor_softmax,leave_one_allele_out,mse,all,HLA-B*54:01,auc_gt_2h,0.8181818181818181,13,13,False
baseline_plus_unconditional_anchor_softmax,leave_one_allele_out,mse,all,HLA-B*55:01,spearman,0.21178618420050904,13,13,False
baseline_plus_unconditional_anchor_softmax,leave_one_allele_out,mse,all,HLA-B*55:01,pearson_log,0.11991205533204943,13,13,False
baseline_plus_unconditional_anchor_softmax,leave_one_allele_out,mse,all,HLA-B*55:01,auc_gt_2h,0.33333333333333337,13,13,False
baseline_plus_unconditional_anchor_softmax,leave_one_allele_out,mse,all,HLA-B*56:01,spearman,-0.3599481751213848,13,13,False
baseline_plus_unconditional_anchor_softmax,leave_one_allele_out,mse,all,HLA-B*56:01,pearson_log,-0.2832660481216468,13,13,False
baseline_plus_unconditional_anchor_softmax,leave_one_allele_out,mse,all,HLA-B*56:01,auc_gt_2h,,13,13,False
baseline_plus_unconditional_anchor_softmax,leave_one_allele_out,mse,all,HLA-B*57:01,spearman,-0.093535164139724,13,13,False
baseline_plus_unconditional_anchor_softmax,leave_one_allele_out,mse,all,HLA-B*57:01,pearson_log,0.16211137627557567,13,13,False
baseline_plus_unconditional_anchor_softmax,leave_one_allele_out,mse,all,HLA-B*57:01,auc_gt_2h,0.8333333333333334,13,13,False
baseline_plus_unconditional_anchor_softmax,leave_one_allele_out,mse,all,HLA-B*57:02,spearman,-0.4000034245386267,13,13,False
baseline_plus_unconditional_anchor_softmax,leave_one_allele_out,mse,all,HLA-B*57:02,pearson_log,-0.41833841256031035,13,13,False
baseline_plus_unconditional_anchor_softmax,leave_one_allele_out,mse,all,HLA-B*57:02,auc_gt_2h,0.18181818181818182,13,13,False
baseline_plus_unconditional_anchor_softmax,leave_one_allele_out,mse,all,HLA-B*57:03,spearman,0.2692307692307692,13,13,False
baseline_plus_unconditional_anchor_softmax,leave_one_allele_out,mse,all,HLA-B*57:03,pearson_log,0.22866502758813462,13,13,False
baseline_plus_unconditional_anchor_softmax,leave_one_allele_out,mse,all,HLA-B*57:03,auc_gt_2h,0.5666666666666667,13,13,False
baseline_plus_unconditional_anchor_softmax,leave_one_allele_out,mse,all,HLA-B*58:01,spearman,0.10729033533674225,13,13,False
baseline_plus_unconditional_anchor_softmax,leave_one_allele_out,mse,all,HLA-B*58:01,pearson_log,-0.1086097174788429,13,13,False
baseline_plus_unconditional_anchor_softmax,leave_one_allele_out,mse,all,HLA-B*58:01,auc_gt_2h,0.6190476190476191,13,13,False
baseline_plus_unconditional_anchor_softmax,leave_one_allele_out,mse,all,HLA-B*81:01,spearman,0.25243908214870064,13,13,False
baseline_plus_unconditional_anchor_softmax,leave_one_allele_out,mse,all,HLA-B*81:01,pearson_log,0.4251670333253878,13,13,False
baseline_plus_unconditional_anchor_softmax,leave_one_allele_out,mse,all,HLA-B*81:01,auc_gt_2h,0.41666666666666663,13,13,False
baseline_plus_unconditional_anchor_softmax,leave_one_allele_out,mse,nonzero,HLA-A*01:01,spearman,0.20747384104195862,13,13,False
baseline_plus_unconditional_anchor_softmax,leave_one_allele_out,mse,nonzero,HLA-A*01:01,pearson_log,0.20655938544426616,13,13,False
baseline_plus_unconditional_anchor_softmax,leave_one_allele_out,mse,nonzero,HLA-A*01:01,auc_gt_2h,0.6666666666666667,13,13,False
baseline_plus_unconditional_anchor_softmax,leave_one_allele_out,mse,nonzero,HLA-A*02:01,spearman,0.34323453113083496,14,14,False
baseline_plus_unconditional_anchor_softmax,leave_one_allele_out,mse,nonzero,HLA-A*02:01,pearson_log,0.5207490932261063,14,14,False
baseline_plus_unconditional_anchor_softmax,leave_one_allele_out,mse,nonzero,HLA-A*02:01,auc_gt_2h,0.9696969696969697,14,14,False
baseline_plus_unconditional_anchor_softmax,leave_one_allele_out,mse,nonzero,HLA-A*02:03,spearman,0.3545454545454546,11,11,False
baseline_plus_unconditional_anchor_softmax,leave_one_allele_out,mse,nonzero,HLA-A*02:03,pearson_log,0.2408216559742404,11,11,False
baseline_plus_unconditional_anchor_softmax,leave_one_allele_out,mse,nonzero,HLA-A*02:03,auc_gt_2h,0.625,11,11,False
baseline_plus_unconditional_anchor_softmax,leave_one_allele_out,mse,nonzero,HLA-A*02:05,spearman,-0.032967032967032975,14,14,False
baseline_plus_unconditional_anchor_softmax,leave_one_allele_out,mse,nonzero,HLA-A*02:05,pearson_log,-0.15381535400985294,14,14,False
baseline_plus_unconditional_anchor_softmax,leave_one_allele_out,mse,nonzero,HLA-A*02:05,auc_gt_2h,0.475,14,14,False
baseline_plus_unconditional_anchor_softmax,leave_one_allele_out,mse,nonzero,HLA-A*02:10,spearman,0.4153846153846154,14,14,False
baseline_plus_unconditional_anchor_softmax,leave_one_allele_out,mse,nonzero,HLA-A*02:10,pearson_log,0.39181436814798654,14,14,False
baseline_plus_unconditional_anchor_softmax,leave_one_allele_out,mse,nonzero,HLA-A*02:10,auc_gt_2h,0.6444444444444444,14,14,False
baseline_plus_unconditional_anchor_softmax,leave_one_allele_out,mse,nonzero,HLA-A*02:11,spearman,0.23425771892656788,14,14,False
baseline_plus_unconditional_anchor_softmax,leave_one_allele_out,mse,nonzero,HLA-A*02:11,pearson_log,0.4345463420080803,14,14,False
baseline_plus_unconditional_anchor_softmax,leave_one_allele_out,mse,nonzero,HLA-A*02:11,auc_gt_2h,0.875,14,14,False
baseline_plus_unconditional_anchor_softmax,leave_one_allele_out,mse,nonzero,HLA-A*02:12,spearman,0.6043956043956044,14,14,False
baseline_plus_unconditional_anchor_softmax,leave_one_allele_out,mse,nonzero,HLA-A*02:12,pearson_log,0.8101703221949147,14,14,False
baseline_plus_unconditional_anchor_softmax,leave_one_allele_out,mse,nonzero,HLA-A*02:12,auc_gt_2h,1.0,14,14,False
baseline_plus_unconditional_anchor_softmax,leave_one_allele_out,mse,nonzero,HLA-A*02:16,spearman,0.2772278905287514,14,14,False
baseline_plus_unconditional_anchor_softmax,leave_one_allele_out,mse,nonzero,HLA-A*02:16,pearson_log,0.33475508434742085,14,14,False
baseline_plus_unconditional_anchor_softmax,leave_one_allele_out,mse,nonzero,HLA-A*02:16,auc_gt_2h,0.5757575757575757,14,14,False
baseline_plus_unconditional_anchor_softmax,leave_one_allele_out,mse,nonzero,HLA-A*02:19,spearman,0.3846153846153847,12,12,False
baseline_plus_unconditional_anchor_softmax,leave_one_allele_out,mse,nonzero,HLA-A*02:19,pearson_log,0.37808254738765773,12,12,False
baseline_plus_unconditional_anchor_softmax,leave_one_allele_out,mse,nonzero,HLA-A*02:19,auc_gt_2h,0.8,12,12,False
baseline_plus_unconditional_anchor_softmax,leave_one_allele_out,mse,nonzero,HLA-A*02:50,spearman,0.15164835164835166,14,14,False
baseline_plus_unconditional_anchor_softmax,leave_one_allele_out,mse,nonzero,HLA-A*02:50,pearson_log,0.22637476880765658,14,14,False
baseline_plus_unconditional_anchor_softmax,leave_one_allele_out,mse,nonzero,HLA-A*02:50,auc_gt_2h,0.9230769230769231,14,14,False
baseline_plus_unconditional_anchor_softmax,leave_one_allele_out,mse,nonzero,HLA-A*03:01,spearman,0.5008764248619176,12,12,False
baseline_plus_unconditional_anchor_softmax,leave_one_allele_out,mse,nonzero,HLA-A*03:01,pearson_log,0.4283268091565852,12,12,False
baseline_plus_unconditional_anchor_softmax,leave_one_allele_out,mse,nonzero,HLA-A*03:01,auc_gt_2h,0.942857142857143,12,12,False
baseline_plus_unconditional_anchor_softmax,leave_one_allele_out,mse,nonzero,HLA-A*11:01,spearman,-0.07252747252747253,14,14,False
baseline_plus_unconditional_anchor_softmax,leave_one_allele_out,mse,nonzero,HLA-A*11:01,pearson_log,-0.059080107177432645,14,14,False
baseline_plus_unconditional_anchor_softmax,leave_one_allele_out,mse,nonzero,HLA-A*11:01,auc_gt_2h,0.37777777777777777,14,14,False
baseline_plus_unconditional_anchor_softmax,leave_one_allele_out,mse,nonzero,HLA-A*23:01,spearman,0.2923076923076923,14,14,False
baseline_plus_unconditional_anchor_softmax,leave_one_allele_out,mse,nonzero,HLA-A*23:01,pearson_log,0.30825268127915134,14,14,False
baseline_plus_unconditional_anchor_softmax,leave_one_allele_out,mse,nonzero,HLA-A*23:01,auc_gt_2h,0.5416666666666667,14,14,False
baseline_plus_unconditional_anchor_softmax,leave_one_allele_out,mse,nonzero,HLA-A*24:02,spearman,0.3319581456671338,13,13,False
baseline_plus_unconditional_anchor_softmax,leave_one_allele_out,mse,nonzero,HLA-A*24:02,pearson_log,0.47111725844088004,13,13,False
baseline_plus_unconditional_anchor_softmax,leave_one_allele_out,mse,nonzero,HLA-A*24:02,auc_gt_2h,0.8888888888888888,13,13,False
baseline_plus_unconditional_anchor_softmax,leave_one_allele_out,mse,nonzero,HLA-A*24:03,spearman,0.541254452937086,14,14,False
baseline_plus_unconditional_anchor_softmax,leave_one_allele_out,mse,nonzero,HLA-A*24:03,pearson_log,0.5177462199710732,14,14,False
baseline_plus_unconditional_anchor_softmax,leave_one_allele_out,mse,nonzero,HLA-A*24:03,auc_gt_2h,0.7777777777777778,14,14,False
baseline_plus_unconditional_anchor_softmax,leave_one_allele_out,mse,nonzero,HLA-A*24:07,spearman,-0.15604395604395604,14,14,False
baseline_plus_unconditional_anchor_softmax,leave_one_allele_out,mse,nonzero,HLA-A*24:07,pearson_log,-0.16281352497325474,14,14,False
baseline_plus_unconditional_anchor_softmax,leave_one_allele_out,mse,nonzero,HLA-A*24:07,auc_gt_2h,0.3125,14,14,False
baseline_plus_unconditional_anchor_softmax,leave_one_allele_out,mse,nonzero,HLA-A*24:19,spearman,0.4761904761904762,8,8,False
baseline_plus_unconditional_anchor_softmax,leave_one_allele_out,mse,nonzero,HLA-A*24:19,pearson_log,0.521131741736175,8,8,False
baseline_plus_unconditional_anchor_softmax,leave_one_allele_out,mse,nonzero,HLA-A*24:19,auc_gt_2h,1.0,8,8,False
baseline_plus_unconditional_anchor_softmax,leave_one_allele_out,mse,nonzero,HLA-A*25:01,spearman,0.13333333333333333,9,9,False
baseline_plus_unconditional_anchor_softmax,leave_one_allele_out,mse,nonzero,HLA-A*25:01,pearson_log,0.050154949952499736,9,9,False
baseline_plus_unconditional_anchor_softmax,leave_one_allele_out,mse,nonzero,HLA-A*25:01,auc_gt_2h,0.5,9,9,False
baseline_plus_unconditional_anchor_softmax,leave_one_allele_out,mse,nonzero,HLA-A*26:01,spearman,-0.11634750786768884,13,13,False
baseline_plus_unconditional_anchor_softmax,leave_one_allele_out,mse,nonzero,HLA-A*26:01,pearson_log,-0.11798869809466393,13,13,False
baseline_plus_unconditional_anchor_softmax,leave_one_allele_out,mse,nonzero,HLA-A*26:01,auc_gt_2h,0.43333333333333335,13,13,False
baseline_plus_unconditional_anchor_softmax,leave_one_allele_out,mse,nonzero,HLA-A*26:02,spearman,0.48209549323592005,13,13,False
baseline_plus_unconditional_anchor_softmax,leave_one_allele_out,mse,nonzero,HLA-A*26:02,pearson_log,0.5566701334486843,13,13,False
baseline_plus_unconditional_anchor_softmax,leave_one_allele_out,mse,nonzero,HLA-A*26:02,auc_gt_2h,0.6904761904761905,13,13,False
baseline_plus_unconditional_anchor_softmax,leave_one_allele_out,mse,nonzero,HLA-A*26:03,spearman,0.30122668294492494,8,8,False
baseline_plus_unconditional_anchor_softmax,leave_one_allele_out,mse,nonzero,HLA-A*26:03,pearson_log,0.4091737267577553,8,8,False
baseline_plus_unconditional_anchor_softmax,leave_one_allele_out,mse,nonzero,HLA-A*26:03,auc_gt_2h,0.8,8,8,False
baseline_plus_unconditional_anchor_softmax,leave_one_allele_out,mse,nonzero,HLA-A*29:02,spearman,0.39780219780219783,14,14,False
baseline_plus_unconditional_anchor_softmax,leave_one_allele_out,mse,nonzero,HLA-A*29:02,pearson_log,0.33737846488920015,14,14,False
baseline_plus_unconditional_anchor_softmax,leave_one_allele_out,mse,nonzero,HLA-A*29:02,auc_gt_2h,0.625,14,14,False
baseline_plus_unconditional_anchor_softmax,leave_one_allele_out,mse,nonzero,HLA-A*30:01,spearman,0.22831288248861153,11,11,False
baseline_plus_unconditional_anchor_softmax,leave_one_allele_out,mse,nonzero,HLA-A*30:01,pearson_log,0.23460313784899273,11,11,False
baseline_plus_unconditional_anchor_softmax,leave_one_allele_out,mse,nonzero,HLA-A*30:01,auc_gt_2h,0.4444444444444445,11,11,False
baseline_plus_unconditional_anchor_softmax,leave_one_allele_out,mse,nonzero,HLA-A*30:02,spearman,-0.23154747416610497,13,13,False
baseline_plus_unconditional_anchor_softmax,leave_one_allele_out,mse,nonzero,HLA-A*30:02,pearson_log,-0.1357998046983965,13,13,False
baseline_plus_unconditional_anchor_softmax,leave_one_allele_out,mse,nonzero,HLA-A*30:02,auc_gt_2h,0.33333333333333337,13,13,False
baseline_plus_unconditional_anchor_softmax,leave_one_allele_out,mse,nonzero,HLA-A*31:01,spearman,-0.23230600178420888,14,14,False
baseline_plus_unconditional_anchor_softmax,leave_one_allele_out,mse,nonzero,HLA-A*31:01,pearson_log,-0.22795476304428183,14,14,False
baseline_plus_unconditional_anchor_softmax,leave_one_allele_out,mse,nonzero,HLA-A*31:01,auc_gt_2h,0.4545454545454545,14,14,False
baseline_plus_unconditional_anchor_softmax,leave_one_allele_out,mse,nonzero,HLA-A*32:01,spearman,0.06085899337230786,13,13,False
baseline_plus_unconditional_anchor_softmax,leave_one_allele_out,mse,nonzero,HLA-A*32:01,pearson_log,0.14103826597037009,13,13,False
baseline_plus_unconditional_anchor_softmax,leave_one_allele_out,mse,nonzero,HLA-A*32:01,auc_gt_2h,0.45,13,13,False
baseline_plus_unconditional_anchor_softmax,leave_one_allele_out,mse,nonzero,HLA-A*32:07,spearman,0.18223281903128208,11,11,False
baseline_plus_unconditional_anchor_softmax,leave_one_allele_out,mse,nonzero,HLA-A*32:07,pearson_log,0.23576009541977805,11,11,False
baseline_plus_unconditional_anchor_softmax,leave_one_allele_out,mse,nonzero,HLA-A*32:07,auc_gt_2h,0.5357142857142857,11,11,False
baseline_plus_unconditional_anchor_softmax,leave_one_allele_out,mse,nonzero,HLA-A*33:03,spearman,0.2522624895547565,7,7,False
baseline_plus_unconditional_anchor_softmax,leave_one_allele_out,mse,nonzero,HLA-A*33:03,pearson_log,-0.03187284574589774,7,7,False
baseline_plus_unconditional_anchor_softmax,leave_one_allele_out,mse,nonzero,HLA-A*33:03,auc_gt_2h,0.5,7,7,False
baseline_plus_unconditional_anchor_softmax,leave_one_allele_out,mse,nonzero,HLA-A*43:01,spearman,0.12190217332000222,12,12,False
baseline_plus_unconditional_anchor_softmax,leave_one_allele_out,mse,nonzero,HLA-A*43:01,pearson_log,0.0942967791074599,12,12,False
baseline_plus_unconditional_anchor_softmax,leave_one_allele_out,mse,nonzero,HLA-A*43:01,auc_gt_2h,0.36363636363636365,12,12,False
baseline_plus_unconditional_anchor_softmax,leave_one_allele_out,mse,nonzero,HLA-A*66:01,spearman,0.7661308776828737,9,9,False
baseline_plus_unconditional_anchor_softmax,leave_one_allele_out,mse,nonzero,HLA-A*66:01,pearson_log,0.7585237495472328,9,9,False
baseline_plus_unconditional_anchor_softmax,leave_one_allele_out,mse,nonzero,HLA-A*66:01,auc_gt_2h,0.875,9,9,False
baseline_plus_unconditional_anchor_softmax,leave_one_allele_out,mse,nonzero,HLA-A*68:01,spearman,-0.3586642707712381,10,10,False
baseline_plus_unconditional_anchor_softmax,leave_one_allele_out,mse,nonzero,HLA-A*68:01,pearson_log,-0.31957329661702266,10,10,False
baseline_plus_unconditional_anchor_softmax,leave_one_allele_out,mse,nonzero,HLA-A*68:01,auc_gt_2h,0.04761904761904762,10,10,False
baseline_plus_unconditional_anchor_softmax,leave_one_allele_out,mse,nonzero,HLA-A*68:02,spearman,-0.18181887173468986,13,13,False
baseline_plus_unconditional_anchor_softmax,leave_one_allele_out,mse,nonzero,HLA-A*68:02,pearson_log,-0.327100038135134,13,13,False
baseline_plus_unconditional_anchor_softmax,leave_one_allele_out,mse,nonzero,HLA-A*68:02,auc_gt_2h,0.08333333333333337,13,13,False
baseline_plus_unconditional_anchor_softmax,leave_one_allele_out,mse,nonzero,HLA-A*68:23,spearman,-0.16310640493546552,10,10,False
baseline_plus_unconditional_anchor_softmax,leave_one_allele_out,mse,nonzero,HLA-A*68:23,pearson_log,0.08851382195179354,10,10,False
baseline_plus_unconditional_anchor_softmax,leave_one_allele_out,mse,nonzero,HLA-A*68:23,auc_gt_2h,0.7777777777777778,10,10,False
baseline_plus_unconditional_anchor_softmax,leave_one_allele_out,mse,nonzero,HLA-A*69:01,spearman,-0.1680731613632036,9,9,False
baseline_plus_unconditional_anchor_softmax,leave_one_allele_out,mse,nonzero,HLA-A*69:01,pearson_log,-0.11063124770816686,9,9,False
baseline_plus_unconditional_anchor_softmax,leave_one_allele_out,mse,nonzero,HLA-A*69:01,auc_gt_2h,0.375,9,9,False
baseline_plus_unconditional_anchor_softmax,leave_one_allele_out,mse,nonzero,HLA-A*74:01,spearman,-0.21052761174675116,12,12,False
baseline_plus_unconditional_anchor_softmax,leave_one_allele_out,mse,nonzero,HLA-A*74:01,pearson_log,-0.18328484471621956,12,12,False
baseline_plus_unconditional_anchor_softmax,leave_one_allele_out,mse,nonzero,HLA-A*74:01,auc_gt_2h,0.37142857142857144,12,12,False
baseline_plus_unconditional_anchor_softmax,leave_one_allele_out,mse,nonzero,HLA-A*80:01,spearman,0.8318392892065836,10,10,False
baseline_plus_unconditional_anchor_softmax,leave_one_allele_out,mse,nonzero,HLA-A*80:01,pearson_log,0.5969671197290195,10,10,False
baseline_plus_unconditional_anchor_softmax,leave_one_allele_out,mse,nonzero,HLA-A*80:01,auc_gt_2h,0.75,10,10,False
baseline_plus_unconditional_anchor_softmax,leave_one_allele_out,mse,nonzero,HLA-B*07:02,spearman,-0.11895166886405625,13,13,False
baseline_plus_unconditional_anchor_softmax,leave_one_allele_out,mse,nonzero,HLA-B*07:02,pearson_log,-0.03236638268367628,13,13,False
baseline_plus_unconditional_anchor_softmax,leave_one_allele_out,mse,nonzero,HLA-B*07:02,auc_gt_2h,0.5476190476190477,13,13,False
baseline_plus_unconditional_anchor_softmax,leave_one_allele_out,mse,nonzero,HLA-B*08:01,spearman,-0.19633379812475163,10,10,False
baseline_plus_unconditional_anchor_softmax,leave_one_allele_out,mse,nonzero,HLA-B*08:01,pearson_log,-0.0878654452615529,10,10,False
baseline_plus_unconditional_anchor_softmax,leave_one_allele_out,mse,nonzero,HLA-B*08:01,auc_gt_2h,,10,10,False
baseline_plus_unconditional_anchor_softmax,leave_one_allele_out,mse,nonzero,HLA-B*08:03,spearman,0.01695158759052026,9,9,False
baseline_plus_unconditional_anchor_softmax,leave_one_allele_out,mse,nonzero,HLA-B*08:03,pearson_log,0.15158871998204987,9,9,False
baseline_plus_unconditional_anchor_softmax,leave_one_allele_out,mse,nonzero,HLA-B*08:03,auc_gt_2h,0.5555555555555556,9,9,False
baseline_plus_unconditional_anchor_softmax,leave_one_allele_out,mse,nonzero,HLA-B*13:02,spearman,-0.39999999999999997,4,4,False
baseline_plus_unconditional_anchor_softmax,leave_one_allele_out,mse,nonzero,HLA-B*13:02,pearson_log,-0.40109452570262044,4,4,False
baseline_plus_unconditional_anchor_softmax,leave_one_allele_out,mse,nonzero,HLA-B*13:02,auc_gt_2h,0.0,4,4,False
baseline_plus_unconditional_anchor_softmax,leave_one_allele_out,mse,nonzero,HLA-B*14:01(C67S),spearman,,1,1,True
baseline_plus_unconditional_anchor_softmax,leave_one_allele_out,mse,nonzero,HLA-B*14:01(C67S),pearson_log,,1,1,True
baseline_plus_unconditional_anchor_softmax,leave_one_allele_out,mse,nonzero,HLA-B*14:01(C67S),auc_gt_2h,,1,1,True
baseline_plus_unconditional_anchor_softmax,leave_one_allele_out,mse,nonzero,HLA-B*14:02(C67S),spearman,0.6,5,5,False
baseline_plus_unconditional_anchor_softmax,leave_one_allele_out,mse,nonzero,HLA-B*14:02(C67S),pearson_log,0.277052766982956,5,5,False
baseline_plus_unconditional_anchor_softmax,leave_one_allele_out,mse,nonzero,HLA-B*14:02(C67S),auc_gt_2h,0.5,5,5,False
baseline_plus_unconditional_anchor_softmax,leave_one_allele_out,mse,nonzero,HLA-B*15:01,spearman,0.41818181818181827,11,11,False
baseline_plus_unconditional_anchor_softmax,leave_one_allele_out,mse,nonzero,HLA-B*15:01,pearson_log,0.1300089936570858,11,11,False
baseline_plus_unconditional_anchor_softmax,leave_one_allele_out,mse,nonzero,HLA-B*15:01,auc_gt_2h,0.611111111111111,11,11,False
baseline_plus_unconditional_anchor_softmax,leave_one_allele_out,mse,nonzero,HLA-B*15:02,spearman,0.7857142857142858,8,8,False
baseline_plus_unconditional_anchor_softmax,leave_one_allele_out,mse,nonzero,HLA-B*15:02,pearson_log,0.7467820155837529,8,8,False
baseline_plus_unconditional_anchor_softmax,leave_one_allele_out,mse,nonzero,HLA-B*15:02,auc_gt_2h,0.9333333333333333,8,8,False
baseline_plus_unconditional_anchor_softmax,leave_one_allele_out,mse,nonzero,HLA-B*15:10,spearman,0.15761845537612793,12,12,False
baseline_plus_unconditional_anchor_softmax,leave_one_allele_out,mse,nonzero,HLA-B*15:10,pearson_log,0.22388749146075942,12,12,False
baseline_plus_unconditional_anchor_softmax,leave_one_allele_out,mse,nonzero,HLA-B*15:10,auc_gt_2h,0.6000000000000001,12,12,False
baseline_plus_unconditional_anchor_softmax,leave_one_allele_out,mse,nonzero,HLA-B*15:17,spearman,0.4695209236557102,10,10,False
baseline_plus_unconditional_anchor_softmax,leave_one_allele_out,mse,nonzero,HLA-B*15:17,pearson_log,0.3971214198133073,10,10,False
baseline_plus_unconditional_anchor_softmax,leave_one_allele_out,mse,nonzero,HLA-B*15:17,auc_gt_2h,0.6190476190476191,10,10,False
baseline_plus_unconditional_anchor_softmax,leave_one_allele_out,mse,nonzero,HLA-B*18:01,spearman,-0.42090823862875804,13,13,False
baseline_plus_unconditional_anchor_softmax,leave_one_allele_out,mse,nonzero,HLA-B*18:01,pearson_log,-0.43917863936991014,13,13,False
baseline_plus_unconditional_anchor_softmax,leave_one_allele_out,mse,nonzero,HLA-B*18:01,auc_gt_2h,0.2380952380952381,13,13,False
baseline_plus_unconditional_anchor_softmax,leave_one_allele_out,mse,nonzero,HLA-B*27:02,spearman,0.36698792170878686,11,11,False
baseline_plus_unconditional_anchor_softmax,leave_one_allele_out,mse,nonzero,HLA-B*27:02,pearson_log,0.4851674963189271,11,11,False
baseline_plus_unconditional_anchor_softmax,leave_one_allele_out,mse,nonzero,HLA-B*27:02,auc_gt_2h,0.8214285714285714,11,11,False
baseline_plus_unconditional_anchor_softmax,leave_one_allele_out,mse,nonzero,HLA-B*27:03,spearman,-0.12552411131335847,9,9,False
baseline_plus_unconditional_anchor_softmax,leave_one_allele_out,mse,nonzero,HLA-B*27:03,pearson_log,-0.043590007483821316,9,9,False
baseline_plus_unconditional_anchor_softmax,leave_one_allele_out,mse,nonzero,HLA-B*27:03,auc_gt_2h,0.45000000000000007,9,9,False
baseline_plus_unconditional_anchor_softmax,leave_one_allele_out,mse,nonzero,HLA-B*27:05,spearman,0.17351779069134482,11,11,False
baseline_plus_unconditional_anchor_softmax,leave_one_allele_out,mse,nonzero,HLA-B*27:05,pearson_log,0.2104563970857703,11,11,False
baseline_plus_unconditional_anchor_softmax,leave_one_allele_out,mse,nonzero,HLA-B*27:05,auc_gt_2h,0.5,11,11,False
baseline_plus_unconditional_anchor_softmax,leave_one_allele_out,mse,nonzero,HLA-B*27:20,spearman,-0.1138955118945513,11,11,False
baseline_plus_unconditional_anchor_softmax,leave_one_allele_out,mse,nonzero,HLA-B*27:20,pearson_log,-0.10463217690482632,11,11,False
baseline_plus_unconditional_anchor_softmax,leave_one_allele_out,mse,nonzero,HLA-B*27:20,auc_gt_2h,0.5714285714285714,11,11,False
baseline_plus_unconditional_anchor_softmax,leave_one_allele_out,mse,nonzero,HLA-B*35:01,spearman,0.2845213189769458,9,9,False
baseline_plus_unconditional_anchor_softmax,leave_one_allele_out,mse,nonzero,HLA-B*35:01,pearson_log,0.25827350200658705,9,9,False
baseline_plus_unconditional_anchor_softmax,leave_one_allele_out,mse,nonzero,HLA-B*35:01,auc_gt_2h,0.6666666666666666,9,9,False
baseline_plus_unconditional_anchor_softmax,leave_one_allele_out,mse,nonzero,HLA-B*35:03,spearman,0.31579141762012675,12,12,False
baseline_plus_unconditional_anchor_softmax,leave_one_allele_out,mse,nonzero,HLA-B*35:03,pearson_log,0.12481652096555637,12,12,False
baseline_plus_unconditional_anchor_softmax,leave_one_allele_out,mse,nonzero,HLA-B*35:03,auc_gt_2h,0.48571428571428577,12,12,False
baseline_plus_unconditional_anchor_softmax,leave_one_allele_out,mse,nonzero,HLA-B*35:08,spearman,0.05517605878460436,11,11,False
baseline_plus_unconditional_anchor_softmax,leave_one_allele_out,mse,nonzero,HLA-B*35:08,pearson_log,0.16854840055807296,11,11,False
baseline_plus_unconditional_anchor_softmax,leave_one_allele_out,mse,nonzero,HLA-B*35:08,auc_gt_2h,0.5,11,11,False
baseline_plus_unconditional_anchor_softmax,leave_one_allele_out,mse,nonzero,HLA-B*39:01,spearman,0.397621386243772,11,11,False
baseline_plus_unconditional_anchor_softmax,leave_one_allele_out,mse,nonzero,HLA-B*39:01,pearson_log,0.6401843278499648,11,11,False
baseline_plus_unconditional_anchor_softmax,leave_one_allele_out,mse,nonzero,HLA-B*39:01,auc_gt_2h,1.0,11,11,False
baseline_plus_unconditional_anchor_softmax,leave_one_allele_out,mse,nonzero,HLA-B*39:02,spearman,0.18646746349572288,9,9,False
baseline_plus_unconditional_anchor_softmax,leave_one_allele_out,mse,nonzero,HLA-B*39:02,pearson_log,0.1962762354891411,9,9,False
baseline_plus_unconditional_anchor_softmax,leave_one_allele_out,mse,nonzero,HLA-B*39:02,auc_gt_2h,0.7142857142857143,9,9,False
baseline_plus_unconditional_anchor_softmax,leave_one_allele_out,mse,nonzero,HLA-B*39:06(C67S),spearman,,1,1,True
baseline_plus_unconditional_anchor_softmax,leave_one_allele_out,mse,nonzero,HLA-B*39:06(C67S),pearson_log,,1,1,True
baseline_plus_unconditional_anchor_softmax,leave_one_allele_out,mse,nonzero,HLA-B*39:06(C67S),auc_gt_2h,,1,1,True
baseline_plus_unconditional_anchor_softmax,leave_one_allele_out,mse,nonzero,HLA-B*39:10,spearman,-0.10909090909090911,11,11,False
baseline_plus_unconditional_anchor_softmax,leave_one_allele_out,mse,nonzero,HLA-B*39:10,pearson_log,-0.16827635672327307,11,11,False
baseline_plus_unconditional_anchor_softmax,leave_one_allele_out,mse,nonzero,HLA-B*39:10,auc_gt_2h,0.3333333333333333,11,11,False
baseline_plus_unconditional_anchor_softmax,leave_one_allele_out,mse,nonzero,HLA-B*40:01,spearman,-0.1649132958682884,12,12,False
baseline_plus_unconditional_anchor_softmax,leave_one_allele_out,mse,nonzero,HLA-B*40:01,pearson_log,-0.1693446940756596,12,12,False
baseline_plus_unconditional_anchor_softmax,leave_one_allele_out,mse,nonzero,HLA-B*40:01,auc_gt_2h,0.9090909090909091,12,12,False
baseline_plus_unconditional_anchor_softmax,leave_one_allele_out,mse,nonzero,HLA-B*40:02,spearman,0.48901098901098894,13,13,False
baseline_plus_unconditional_anchor_softmax,leave_one_allele_out,mse,nonzero,HLA-B*40:02,pearson_log,0.4961051821541181,13,13,False
baseline_plus_unconditional_anchor_softmax,leave_one_allele_out,mse,nonzero,HLA-B*40:02,auc_gt_2h,0.7666666666666666,13,13,False
baseline_plus_unconditional_anchor_softmax,leave_one_allele_out,mse,nonzero,HLA-B*41:01,spearman,0.030358837035945815,6,6,False
baseline_plus_unconditional_anchor_softmax,leave_one_allele_out,mse,nonzero,HLA-B*41:01,pearson_log,0.08051679631148978,6,6,False
baseline_plus_unconditional_anchor_softmax,leave_one_allele_out,mse,nonzero,HLA-B*41:01,auc_gt_2h,,6,6,False
baseline_plus_unconditional_anchor_softmax,leave_one_allele_out,mse,nonzero,HLA-B*42:01,spearman,-0.4685314685314686,12,12,False
baseline_plus_unconditional_anchor_softmax,leave_one_allele_out,mse,nonzero,HLA-B*42:01,pearson_log,-0.12515974187615977,12,12,False
baseline_plus_unconditional_anchor_softmax,leave_one_allele_out,mse,nonzero,HLA-B*42:01,auc_gt_2h,0.45454545454545453,12,12,False
baseline_plus_unconditional_anchor_softmax,leave_one_allele_out,mse,nonzero,HLA-B*42:02,spearman,-0.5330309956665001,11,11,False
baseline_plus_unconditional_anchor_softmax,leave_one_allele_out,mse,nonzero,HLA-B*42:02,pearson_log,-0.6241897872171298,11,11,False
baseline_plus_unconditional_anchor_softmax,leave_one_allele_out,mse,nonzero,HLA-B*42:02,auc_gt_2h,0.26666666666666666,11,11,False
baseline_plus_unconditional_anchor_softmax,leave_one_allele_out,mse,nonzero,HLA-B*44:05,spearman,-0.1614045023391759,12,12,False
baseline_plus_unconditional_anchor_softmax,leave_one_allele_out,mse,nonzero,HLA-B*44:05,pearson_log,-0.20333286984892365,12,12,False
baseline_plus_unconditional_anchor_softmax,leave_one_allele_out,mse,nonzero,HLA-B*44:05,auc_gt_2h,0.45,12,12,False
baseline_plus_unconditional_anchor_softmax,leave_one_allele_out,mse,nonzero,HLA-B*45:01,spearman,0.0,3,3,False
baseline_plus_unconditional_anchor_softmax,leave_one_allele_out,mse,nonzero,HLA-B*45:01,pearson_log,0.48456705239099207,3,3,False
baseline_plus_unconditional_anchor_softmax,leave_one_allele_out,mse,nonzero,HLA-B*45:01,auc_gt_2h,0.5,3,3,False
baseline_plus_unconditional_anchor_softmax,leave_one_allele_out,mse,nonzero,HLA-B*46:01,spearman,-0.42857142857142866,7,7,False
baseline_plus_unconditional_anchor_softmax,leave_one_allele_out,mse,nonzero,HLA-B*46:01,pearson_log,-0.23184583880386395,7,7,False
baseline_plus_unconditional_anchor_softmax,leave_one_allele_out,mse,nonzero,HLA-B*46:01,auc_gt_2h,0.6,7,7,False
baseline_plus_unconditional_anchor_softmax,leave_one_allele_out,mse,nonzero,HLA-B*51:01,spearman,0.39999999999999997,4,4,False
baseline_plus_unconditional_anchor_softmax,leave_one_allele_out,mse,nonzero,HLA-B*51:01,pearson_log,0.6618917533846476,4,4,False
baseline_plus_unconditional_anchor_softmax,leave_one_allele_out,mse,nonzero,HLA-B*51:01,auc_gt_2h,,4,4,False
baseline_plus_unconditional_anchor_softmax,leave_one_allele_out,mse,nonzero,HLA-B*54:01,spearman,0.11904761904761905,8,8,False
baseline_plus_unconditional_anchor_softmax,leave_one_allele_out,mse,nonzero,HLA-B*54:01,pearson_log,0.2385830789905974,8,8,False
baseline_plus_unconditional_anchor_softmax,leave_one_allele_out,mse,nonzero,HLA-B*54:01,auc_gt_2h,0.75,8,8,False
baseline_plus_unconditional_anchor_softmax,leave_one_allele_out,mse,nonzero,HLA-B*55:01,spearman,-0.5,3,3,False
baseline_plus_unconditional_anchor_softmax,leave_one_allele_out,mse,nonzero,HLA-B*55:01,pearson_log,-0.8680536012920347,3,3,False
baseline_plus_unconditional_anchor_softmax,leave_one_allele_out,mse,nonzero,HLA-B*55:01,auc_gt_2h,0.0,3,3,False
baseline_plus_unconditional_anchor_softmax,leave_one_allele_out,mse,nonzero,HLA-B*56:01,spearman,-0.7229440390678199,8,8,False
baseline_plus_unconditional_anchor_softmax,leave_one_allele_out,mse,nonzero,HLA-B*56:01,pearson_log,-0.6677442926086905,8,8,False
baseline_plus_unconditional_anchor_softmax,leave_one_allele_out,mse,nonzero,HLA-B*56:01,auc_gt_2h,,8,8,False
baseline_plus_unconditional_anchor_softmax,leave_one_allele_out,mse,nonzero,HLA-B*57:01,spearman,-0.287215852018722,12,12,False
baseline_plus_unconditional_anchor_softmax,leave_one_allele_out,mse,nonzero,HLA-B*57:01,pearson_log,-0.34293491391732006,12,12,False
baseline_plus_unconditional_anchor_softmax,leave_one_allele_out,mse,nonzero,HLA-B*57:01,auc_gt_2h,,12,12,False
baseline_plus_unconditional_anchor_softmax,leave_one_allele_out,mse,nonzero,HLA-B*57:02,spearman,-0.4000034245386267,13,13,False
baseline_plus_unconditional_anchor_softmax,leave_one_allele_out,mse,nonzero,HLA-B*57:02,pearson_log,-0.41833841256031035,13,13,False
baseline_plus_unconditional_anchor_softmax,leave_one_allele_out,mse,nonzero,HLA-B*57:02,auc_gt_2h,0.18181818181818182,13,13,False
baseline_plus_unconditional_anchor_softmax,leave_one_allele_out,mse,nonzero,HLA-B*57:03,spearman,0.2692307692307692,13,13,False
baseline_plus_unconditional_anchor_softmax,leave_one_allele_out,mse,nonzero,HLA-B*57:03,pearson_log,0.22866502758813462,13,13,False
baseline_plus_unconditional_anchor_softmax,leave_one_allele_out,mse,nonzero,HLA-B*57:03,auc_gt_2h,0.5666666666666667,13,13,False
baseline_plus_unconditional_anchor_softmax,leave_one_allele_out,mse,nonzero,HLA-B*58:01,spearman,0.3327500724607145,12,12,False
baseline_plus_unconditional_anchor_softmax,leave_one_allele_out,mse,nonzero,HLA-B*58:01,pearson_log,0.20087383520718433,12,12,False
baseline_plus_unconditional_anchor_softmax,leave_one_allele_out,mse,nonzero,HLA-B*58:01,auc_gt_2h,0.7142857142857143,12,12,False
baseline_plus_unconditional_anchor_softmax,leave_one_allele_out,mse,nonzero,HLA-B*81:01,spearman,-0.11060964911564061,11,11,False
baseline_plus_unconditional_anchor_softmax,leave_one_allele_out,mse,nonzero,HLA-B*81:01,pearson_log,0.0022229440530205646,11,11,False
baseline_plus_unconditional_anchor_softmax,leave_one_allele_out,mse,nonzero,HLA-B*81:01,auc_gt_2h,0.30000000000000004,11,11,False
baseline_plus_unconditional_anchor_softmax,peptide_disjoint,mse,all,HLA-A*01:01,spearman,,2,2,False
baseline_plus_unconditional_anchor_softmax,peptide_disjoint,mse,all,HLA-A*01:01,pearson_log,,2,2,False
baseline_plus_unconditional_anchor_softmax,peptide_disjoint,mse,all,HLA-A*01:01,auc_gt_2h,1.0,2,2,False
baseline_plus_unconditional_anchor_softmax,peptide_disjoint,mse,all,HLA-A*02:01,spearman,0.5,3,3,False
baseline_plus_unconditional_anchor_softmax,peptide_disjoint,mse,all,HLA-A*02:01,pearson_log,0.12869532162217798,3,3,False
baseline_plus_unconditional_anchor_softmax,peptide_disjoint,mse,all,HLA-A*02:01,auc_gt_2h,,3,3,False
baseline_plus_unconditional_anchor_softmax,peptide_disjoint,mse,all,HLA-A*02:03,spearman,,2,2,False
baseline_plus_unconditional_anchor_softmax,peptide_disjoint,mse,all,HLA-A*02:03,pearson_log,,2,2,False
baseline_plus_unconditional_anchor_softmax,peptide_disjoint,mse,all,HLA-A*02:03,auc_gt_2h,0.0,2,2,False
baseline_plus_unconditional_anchor_softmax,peptide_disjoint,mse,all,HLA-A*02:05,spearman,0.0,5,5,False
baseline_plus_unconditional_anchor_softmax,peptide_disjoint,mse,all,HLA-A*02:05,pearson_log,-0.3769017698950603,5,5,False
baseline_plus_unconditional_anchor_softmax,peptide_disjoint,mse,all,HLA-A*02:05,auc_gt_2h,0.3333333333333333,5,5,False
baseline_plus_unconditional_anchor_softmax,peptide_disjoint,mse,all,HLA-A*02:10,spearman,,2,2,False
baseline_plus_unconditional_anchor_softmax,peptide_disjoint,mse,all,HLA-A*02:10,pearson_log,,2,2,False
baseline_plus_unconditional_anchor_softmax,peptide_disjoint,mse,all,HLA-A*02:10,auc_gt_2h,1.0,2,2,False
baseline_plus_unconditional_anchor_softmax,peptide_disjoint,mse,all,HLA-A*02:11,spearman,,2,2,False
baseline_plus_unconditional_anchor_softmax,peptide_disjoint,mse,all,HLA-A*02:11,pearson_log,,2,2,False
baseline_plus_unconditional_anchor_softmax,peptide_disjoint,mse,all,HLA-A*02:11,auc_gt_2h,,2,2,False
baseline_plus_unconditional_anchor_softmax,peptide_disjoint,mse,all,HLA-A*02:12,spearman,0.7999999999999999,4,4,False
baseline_plus_unconditional_anchor_softmax,peptide_disjoint,mse,all,HLA-A*02:12,pearson_log,0.9614535256363578,4,4,False
baseline_plus_unconditional_anchor_softmax,peptide_disjoint,mse,all,HLA-A*02:12,auc_gt_2h,1.0,4,4,False
baseline_plus_unconditional_anchor_softmax,peptide_disjoint,mse,all,HLA-A*02:19,spearman,0.6,5,5,False
baseline_plus_unconditional_anchor_softmax,peptide_disjoint,mse,all,HLA-A*02:19,pearson_log,0.44405690697367706,5,5,False
baseline_plus_unconditional_anchor_softmax,peptide_disjoint,mse,all,HLA-A*02:19,auc_gt_2h,0.75,5,5,False
baseline_plus_unconditional_anchor_softmax,peptide_disjoint,mse,all,HLA-A*02:50,spearman,0.7999999999999999,4,4,False
baseline_plus_unconditional_anchor_softmax,peptide_disjoint,mse,all,HLA-A*02:50,pearson_log,0.6839910391102746,4,4,False
baseline_plus_unconditional_anchor_softmax,peptide_disjoint,mse,all,HLA-A*02:50,auc_gt_2h,,4,4,False
baseline_plus_unconditional_anchor_softmax,peptide_disjoint,mse,all,HLA-A*03:01,spearman,0.6,5,5,False
baseline_plus_unconditional_anchor_softmax,peptide_disjoint,mse,all,HLA-A*03:01,pearson_log,0.44718689443798937,5,5,False
baseline_plus_unconditional_anchor_softmax,peptide_disjoint,mse,all,HLA-A*03:01,auc_gt_2h,1.0,5,5,False
baseline_plus_unconditional_anchor_softmax,peptide_disjoint,mse,all,HLA-A*11:01,spearman,,1,1,True
baseline_plus_unconditional_anchor_softmax,peptide_disjoint,mse,all,HLA-A*11:01,pearson_log,,1,1,True
baseline_plus_unconditional_anchor_softmax,peptide_disjoint,mse,all,HLA-A*11:01,auc_gt_2h,,1,1,True
baseline_plus_unconditional_anchor_softmax,peptide_disjoint,mse,all,HLA-A*23:01,spearman,,2,2,False
baseline_plus_unconditional_anchor_softmax,peptide_disjoint,mse,all,HLA-A*23:01,pearson_log,,2,2,False
baseline_plus_unconditional_anchor_softmax,peptide_disjoint,mse,all,HLA-A*23:01,auc_gt_2h,1.0,2,2,False
baseline_plus_unconditional_anchor_softmax,peptide_disjoint,mse,all,HLA-A*24:02,spearman,0.0,4,4,False
baseline_plus_unconditional_anchor_softmax,peptide_disjoint,mse,all,HLA-A*24:02,pearson_log,0.3467029328091742,4,4,False
baseline_plus_unconditional_anchor_softmax,peptide_disjoint,mse,all,HLA-A*24:02,auc_gt_2h,0.75,4,4,False
baseline_plus_unconditional_anchor_softmax,peptide_disjoint,mse,all,HLA-A*24:03,spearman,,2,2,False
baseline_plus_unconditional_anchor_softmax,peptide_disjoint,mse,all,HLA-A*24:03,pearson_log,,2,2,False
baseline_plus_unconditional_anchor_softmax,peptide_disjoint,mse,all,HLA-A*24:03,auc_gt_2h,,2,2,False
baseline_plus_unconditional_anchor_softmax,peptide_disjoint,mse,all,HLA-A*24:07,spearman,,2,2,False
baseline_plus_unconditional_anchor_softmax,peptide_disjoint,mse,all,HLA-A*24:07,pearson_log,,2,2,False
baseline_plus_unconditional_anchor_softmax,peptide_disjoint,mse,all,HLA-A*24:07,auc_gt_2h,0.0,2,2,False
baseline_plus_unconditional_anchor_softmax,peptide_disjoint,mse,all,HLA-A*24:19,spearman,0.5,3,3,False
baseline_plus_unconditional_anchor_softmax,peptide_disjoint,mse,all,HLA-A*24:19,pearson_log,0.7401907609762245,3,3,False
baseline_plus_unconditional_anchor_softmax,peptide_disjoint,mse,all,HLA-A*24:19,auc_gt_2h,,3,3,False
baseline_plus_unconditional_anchor_softmax,peptide_disjoint,mse,all,HLA-A*25:01,spearman,,1,1,True
baseline_plus_unconditional_anchor_softmax,peptide_disjoint,mse,all,HLA-A*25:01,pearson_log,,1,1,True
baseline_plus_unconditional_anchor_softmax,peptide_disjoint,mse,all,HLA-A*25:01,auc_gt_2h,,1,1,True
baseline_plus_unconditional_anchor_softmax,peptide_disjoint,mse,all,HLA-A*26:01,spearman,-1.0,3,3,False
baseline_plus_unconditional_anchor_softmax,peptide_disjoint,mse,all,HLA-A*26:01,pearson_log,-0.8913909266888433,3,3,False
baseline_plus_unconditional_anchor_softmax,peptide_disjoint,mse,all,HLA-A*26:01,auc_gt_2h,,3,3,False
baseline_plus_unconditional_anchor_softmax,peptide_disjoint,mse,all,HLA-A*26:02,spearman,,2,2,False
baseline_plus_unconditional_anchor_softmax,peptide_disjoint,mse,all,HLA-A*26:02,pearson_log,,2,2,False
baseline_plus_unconditional_anchor_softmax,peptide_disjoint,mse,all,HLA-A*26:02,auc_gt_2h,,2,2,False
baseline_plus_unconditional_anchor_softmax,peptide_disjoint,mse,all,HLA-A*26:03,spearman,,1,1,True
baseline_plus_unconditional_anchor_softmax,peptide_disjoint,mse,all,HLA-A*26:03,pearson_log,,1,1,True
baseline_plus_unconditional_anchor_softmax,peptide_disjoint,mse,all,HLA-A*26:03,auc_gt_2h,,1,1,True
baseline_plus_unconditional_anchor_softmax,peptide_disjoint,mse,all,HLA-A*29:02,spearman,0.7999999999999999,5,5,False
baseline_plus_unconditional_anchor_softmax,peptide_disjoint,mse,all,HLA-A*29:02,pearson_log,0.6494649090379839,5,5,False
baseline_plus_unconditional_anchor_softmax,peptide_disjoint,mse,all,HLA-A*29:02,auc_gt_2h,0.75,5,5,False
baseline_plus_unconditional_anchor_softmax,peptide_disjoint,mse,all,HLA-A*30:01,spearman,,2,2,False
baseline_plus_unconditional_anchor_softmax,peptide_disjoint,mse,all,HLA-A*30:01,pearson_log,,2,2,False
baseline_plus_unconditional_anchor_softmax,peptide_disjoint,mse,all,HLA-A*30:01,auc_gt_2h,,2,2,False
baseline_plus_unconditional_anchor_softmax,peptide_disjoint,mse,all,HLA-A*30:02,spearman,,2,2,False
baseline_plus_unconditional_anchor_softmax,peptide_disjoint,mse,all,HLA-A*30:02,pearson_log,,2,2,False
baseline_plus_unconditional_anchor_softmax,peptide_disjoint,mse,all,HLA-A*30:02,auc_gt_2h,1.0,2,2,False
baseline_plus_unconditional_anchor_softmax,peptide_disjoint,mse,all,HLA-A*31:01,spearman,0.8660254037844387,3,3,False
baseline_plus_unconditional_anchor_softmax,peptide_disjoint,mse,all,HLA-A*31:01,pearson_log,0.8255144024317334,3,3,False
baseline_plus_unconditional_anchor_softmax,peptide_disjoint,mse,all,HLA-A*31:01,auc_gt_2h,,3,3,False
baseline_plus_unconditional_anchor_softmax,peptide_disjoint,mse,all,HLA-A*32:01,spearman,-1.0,3,3,False
baseline_plus_unconditional_anchor_softmax,peptide_disjoint,mse,all,HLA-A*32:01,pearson_log,-0.9254909375600169,3,3,False
baseline_plus_unconditional_anchor_softmax,peptide_disjoint,mse,all,HLA-A*32:01,auc_gt_2h,0.0,3,3,False
baseline_plus_unconditional_anchor_softmax,peptide_disjoint,mse,all,HLA-A*32:07,spearman,0.5,3,3,False
baseline_plus_unconditional_anchor_softmax,peptide_disjoint,mse,all,HLA-A*32:07,pearson_log,0.3508109879673235,3,3,False
baseline_plus_unconditional_anchor_softmax,peptide_disjoint,mse,all,HLA-A*32:07,auc_gt_2h,1.0,3,3,False
baseline_plus_unconditional_anchor_softmax,peptide_disjoint,mse,all,HLA-A*33:03,spearman,,2,2,False
baseline_plus_unconditional_anchor_softmax,peptide_disjoint,mse,all,HLA-A*33:03,pearson_log,,2,2,False
baseline_plus_unconditional_anchor_softmax,peptide_disjoint,mse,all,HLA-A*33:03,auc_gt_2h,0.0,2,2,False
baseline_plus_unconditional_anchor_softmax,peptide_disjoint,mse,all,HLA-A*43:01,spearman,0.23190841426097936,6,6,False
baseline_plus_unconditional_anchor_softmax,peptide_disjoint,mse,all,HLA-A*43:01,pearson_log,0.3473597183070569,6,6,False
baseline_plus_unconditional_anchor_softmax,peptide_disjoint,mse,all,HLA-A*43:01,auc_gt_2h,0.6,6,6,False
baseline_plus_unconditional_anchor_softmax,peptide_disjoint,mse,all,HLA-A*66:01,spearman,,1,1,True
baseline_plus_unconditional_anchor_softmax,peptide_disjoint,mse,all,HLA-A*66:01,pearson_log,,1,1,True
baseline_plus_unconditional_anchor_softmax,peptide_disjoint,mse,all,HLA-A*66:01,auc_gt_2h,,1,1,True
baseline_plus_unconditional_anchor_softmax,peptide_disjoint,mse,all,HLA-A*68:01,spearman,-0.5642880936468347,5,5,False
baseline_plus_unconditional_anchor_softmax,peptide_disjoint,mse,all,HLA-A*68:01,pearson_log,-0.45440284924344004,5,5,False
baseline_plus_unconditional_anchor_softmax,peptide_disjoint,mse,all,HLA-A*68:01,auc_gt_2h,0.0,5,5,False
baseline_plus_unconditional_anchor_softmax,peptide_disjoint,mse,all,HLA-A*68:02,spearman,0.49999999999999994,5,5,False
baseline_plus_unconditional_anchor_softmax,peptide_disjoint,mse,all,HLA-A*68:02,pearson_log,0.4073358733033635,5,5,False
baseline_plus_unconditional_anchor_softmax,peptide_disjoint,mse,all,HLA-A*68:02,auc_gt_2h,,5,5,False
baseline_plus_unconditional_anchor_softmax,peptide_disjoint,mse,all,HLA-A*68:23,spearman,-0.9486832980505139,4,4,False
baseline_plus_unconditional_anchor_softmax,peptide_disjoint,mse,all,HLA-A*68:23,pearson_log,-0.7331112773061262,4,4,False
baseline_plus_unconditional_anchor_softmax,peptide_disjoint,mse,all,HLA-A*68:23,auc_gt_2h,,4,4,False
baseline_plus_unconditional_anchor_softmax,peptide_disjoint,mse,all,HLA-A*69:01,spearman,0.6668859288553503,5,5,False
baseline_plus_unconditional_anchor_softmax,peptide_disjoint,mse,all,HLA-A*69:01,pearson_log,0.4198903049957172,5,5,False
baseline_plus_unconditional_anchor_softmax,peptide_disjoint,mse,all,HLA-A*69:01,auc_gt_2h,,5,5,False
baseline_plus_unconditional_anchor_softmax,peptide_disjoint,mse,all,HLA-A*74:01,spearman,,1,1,True
baseline_plus_unconditional_anchor_softmax,peptide_disjoint,mse,all,HLA-A*74:01,pearson_log,,1,1,True
baseline_plus_unconditional_anchor_softmax,peptide_disjoint,mse,all,HLA-A*74:01,auc_gt_2h,,1,1,True
baseline_plus_unconditional_anchor_softmax,peptide_disjoint,mse,all,HLA-A*80:01,spearman,,2,2,False
baseline_plus_unconditional_anchor_softmax,peptide_disjoint,mse,all,HLA-A*80:01,pearson_log,,2,2,False
baseline_plus_unconditional_anchor_softmax,peptide_disjoint,mse,all,HLA-A*80:01,auc_gt_2h,,2,2,False
baseline_plus_unconditional_anchor_softmax,peptide_disjoint,mse,all,HLA-B*07:02,spearman,0.31622776601683794,5,5,False
baseline_plus_unconditional_anchor_softmax,peptide_disjoint,mse,all,HLA-B*07:02,pearson_log,0.31953941819051135,5,5,False
baseline_plus_unconditional_anchor_softmax,peptide_disjoint,mse,all,HLA-B*07:02,auc_gt_2h,0.8333333333333333,5,5,False
baseline_plus_unconditional_anchor_softmax,peptide_disjoint,mse,all,HLA-B*08:01,spearman,,2,2,False
baseline_plus_unconditional_anchor_softmax,peptide_disjoint,mse,all,HLA-B*08:01,pearson_log,,2,2,False
baseline_plus_unconditional_anchor_softmax,peptide_disjoint,mse,all,HLA-B*08:01,auc_gt_2h,,2,2,False
baseline_plus_unconditional_anchor_softmax,peptide_disjoint,mse,all,HLA-B*08:03,spearman,,2,2,False
baseline_plus_unconditional_anchor_softmax,peptide_disjoint,mse,all,HLA-B*08:03,pearson_log,,2,2,False
baseline_plus_unconditional_anchor_softmax,peptide_disjoint,mse,all,HLA-B*08:03,auc_gt_2h,0.0,2,2,False
baseline_plus_unconditional_anchor_softmax,peptide_disjoint,mse,all,HLA-B*13:02,spearman,,2,2,False
baseline_plus_unconditional_anchor_softmax,peptide_disjoint,mse,all,HLA-B*13:02,pearson_log,,2,2,False
baseline_plus_unconditional_anchor_softmax,peptide_disjoint,mse,all,HLA-B*13:02,auc_gt_2h,0.0,2,2,False
baseline_plus_unconditional_anchor_softmax,peptide_disjoint,mse,all,HLA-B*14:01(C67S),spearman,,1,1,True
baseline_plus_unconditional_anchor_softmax,peptide_disjoint,mse,all,HLA-B*14:01(C67S),pearson_log,,1,1,True
baseline_plus_unconditional_anchor_softmax,peptide_disjoint,mse,all,HLA-B*14:01(C67S),auc_gt_2h,,1,1,True
baseline_plus_unconditional_anchor_softmax,peptide_disjoint,mse,all,HLA-B*14:02(C67S),spearman,,1,1,True
baseline_plus_unconditional_anchor_softmax,peptide_disjoint,mse,all,HLA-B*14:02(C67S),pearson_log,,1,1,True
baseline_plus_unconditional_anchor_softmax,peptide_disjoint,mse,all,HLA-B*14:02(C67S),auc_gt_2h,,1,1,True
baseline_plus_unconditional_anchor_softmax,peptide_disjoint,mse,all,HLA-B*15:01,spearman,-0.39999999999999997,4,4,False
baseline_plus_unconditional_anchor_softmax,peptide_disjoint,mse,all,HLA-B*15:01,pearson_log,-0.9183380203188234,4,4,False
baseline_plus_unconditional_anchor_softmax,peptide_disjoint,mse,all,HLA-B*15:01,auc_gt_2h,0.0,4,4,False
baseline_plus_unconditional_anchor_softmax,peptide_disjoint,mse,all,HLA-B*15:10,spearman,,2,2,False
baseline_plus_unconditional_anchor_softmax,peptide_disjoint,mse,all,HLA-B*15:10,pearson_log,,2,2,False
baseline_plus_unconditional_anchor_softmax,peptide_disjoint,mse,all,HLA-B*15:10,auc_gt_2h,0.0,2,2,False
baseline_plus_unconditional_anchor_softmax,peptide_disjoint,mse,all,HLA-B*18:01,spearman,,2,2,False
baseline_plus_unconditional_anchor_softmax,peptide_disjoint,mse,all,HLA-B*18:01,pearson_log,,2,2,False
baseline_plus_unconditional_anchor_softmax,peptide_disjoint,mse,all,HLA-B*18:01,auc_gt_2h,,2,2,False
baseline_plus_unconditional_anchor_softmax,peptide_disjoint,mse,all,HLA-B*27:02,spearman,1.0,3,3,False
baseline_plus_unconditional_anchor_softmax,peptide_disjoint,mse,all,HLA-B*27:02,pearson_log,0.9320009581571682,3,3,False
baseline_plus_unconditional_anchor_softmax,peptide_disjoint,mse,all,HLA-B*27:02,auc_gt_2h,1.0,3,3,False
baseline_plus_unconditional_anchor_softmax,peptide_disjoint,mse,all,HLA-B*27:03,spearman,0.5,3,3,False
baseline_plus_unconditional_anchor_softmax,peptide_disjoint,mse,all,HLA-B*27:03,pearson_log,0.9924914794547474,3,3,False
baseline_plus_unconditional_anchor_softmax,peptide_disjoint,mse,all,HLA-B*27:03,auc_gt_2h,1.0,3,3,False
baseline_plus_unconditional_anchor_softmax,peptide_disjoint,mse,all,HLA-B*27:05,spearman,,2,2,False
baseline_plus_unconditional_anchor_softmax,peptide_disjoint,mse,all,HLA-B*27:05,pearson_log,,2,2,False
baseline_plus_unconditional_anchor_softmax,peptide_disjoint,mse,all,HLA-B*27:05,auc_gt_2h,,2,2,False
baseline_plus_unconditional_anchor_softmax,peptide_disjoint,mse,all,HLA-B*27:20,spearman,-1.0,3,3,False
baseline_plus_unconditional_anchor_softmax,peptide_disjoint,mse,all,HLA-B*27:20,pearson_log,-0.9144665633263219,3,3,False
baseline_plus_unconditional_anchor_softmax,peptide_disjoint,mse,all,HLA-B*27:20,auc_gt_2h,0.0,3,3,False
baseline_plus_unconditional_anchor_softmax,peptide_disjoint,mse,all,HLA-B*35:01,spearman,,2,2,False
baseline_plus_unconditional_anchor_softmax,peptide_disjoint,mse,all,HLA-B*35:01,pearson_log,,2,2,False
baseline_plus_unconditional_anchor_softmax,peptide_disjoint,mse,all,HLA-B*35:01,auc_gt_2h,0.0,2,2,False
baseline_plus_unconditional_anchor_softmax,peptide_disjoint,mse,all,HLA-B*35:03,spearman,,2,2,False
baseline_plus_unconditional_anchor_softmax,peptide_disjoint,mse,all,HLA-B*35:03,pearson_log,,2,2,False
baseline_plus_unconditional_anchor_softmax,peptide_disjoint,mse,all,HLA-B*35:03,auc_gt_2h,1.0,2,2,False
baseline_plus_unconditional_anchor_softmax,peptide_disjoint,mse,all,HLA-B*35:08,spearman,0.0,3,3,False
baseline_plus_unconditional_anchor_softmax,peptide_disjoint,mse,all,HLA-B*35:08,pearson_log,0.3438632540074338,3,3,False
baseline_plus_unconditional_anchor_softmax,peptide_disjoint,mse,all,HLA-B*35:08,auc_gt_2h,0.5,3,3,False
baseline_plus_unconditional_anchor_softmax,peptide_disjoint,mse,all,HLA-B*39:01,spearman,0.35909242322980395,5,5,False
baseline_plus_unconditional_anchor_softmax,peptide_disjoint,mse,all,HLA-B*39:01,pearson_log,0.3695758092606032,5,5,False
baseline_plus_unconditional_anchor_softmax,peptide_disjoint,mse,all,HLA-B*39:01,auc_gt_2h,1.0,5,5,False
baseline_plus_unconditional_anchor_softmax,peptide_disjoint,mse,all,HLA-B*39:02,spearman,,1,1,True
baseline_plus_unconditional_anchor_softmax,peptide_disjoint,mse,all,HLA-B*39:02,pearson_log,,1,1,True
baseline_plus_unconditional_anchor_softmax,peptide_disjoint,mse,all,HLA-B*39:02,auc_gt_2h,,1,1,True
baseline_plus_unconditional_anchor_softmax,peptide_disjoint,mse,all,HLA-B*39:06(C67S),spearman,0.8660254037844387,3,3,False
baseline_plus_unconditional_anchor_softmax,peptide_disjoint,mse,all,HLA-B*39:06(C67S),pearson_log,0.6555779710003373,3,3,False
baseline_plus_unconditional_anchor_softmax,peptide_disjoint,mse,all,HLA-B*39:06(C67S),auc_gt_2h,1.0,3,3,False
baseline_plus_unconditional_anchor_softmax,peptide_disjoint,mse,all,HLA-B*39:10,spearman,,1,1,True
baseline_plus_unconditional_anchor_softmax,peptide_disjoint,mse,all,HLA-B*39:10,pearson_log,,1,1,True
baseline_plus_unconditional_anchor_softmax,peptide_disjoint,mse,all,HLA-B*39:10,auc_gt_2h,,1,1,True
baseline_plus_unconditional_anchor_softmax,peptide_disjoint,mse,all,HLA-B*40:01,spearman,,2,2,False
baseline_plus_unconditional_anchor_softmax,peptide_disjoint,mse,all,HLA-B*40:01,pearson_log,,2,2,False
baseline_plus_unconditional_anchor_softmax,peptide_disjoint,mse,all,HLA-B*40:01,auc_gt_2h,,2,2,False
baseline_plus_unconditional_anchor_softmax,peptide_disjoint,mse,all,HLA-B*40:02,spearman,,2,2,False
baseline_plus_unconditional_anchor_softmax,peptide_disjoint,mse,all,HLA-B*40:02,pearson_log,,2,2,False
baseline_plus_unconditional_anchor_softmax,peptide_disjoint,mse,all,HLA-B*40:02,auc_gt_2h,0.0,2,2,False
baseline_plus_unconditional_anchor_softmax,peptide_disjoint,mse,all,HLA-B*41:01,spearman,0.8660254037844387,3,3,False
baseline_plus_unconditional_anchor_softmax,peptide_disjoint,mse,all,HLA-B*41:01,pearson_log,0.81001819504261,3,3,False
baseline_plus_unconditional_anchor_softmax,peptide_disjoint,mse,all,HLA-B*41:01,auc_gt_2h,,3,3,False
baseline_plus_unconditional_anchor_softmax,peptide_disjoint,mse,all,HLA-B*42:01,spearman,,1,1,True
baseline_plus_unconditional_anchor_softmax,peptide_disjoint,mse,all,HLA-B*42:01,pearson_log,,1,1,True
baseline_plus_unconditional_anchor_softmax,peptide_disjoint,mse,all,HLA-B*42:01,auc_gt_2h,,1,1,True
baseline_plus_unconditional_anchor_softmax,peptide_disjoint,mse,all,HLA-B*42:02,spearman,-0.5,3,3,False
baseline_plus_unconditional_anchor_softmax,peptide_disjoint,mse,all,HLA-B*42:02,pearson_log,-0.806796183107267,3,3,False
baseline_plus_unconditional_anchor_softmax,peptide_disjoint,mse,all,HLA-B*42:02,auc_gt_2h,0.5,3,3,False
baseline_plus_unconditional_anchor_softmax,peptide_disjoint,mse,all,HLA-B*44:05,spearman,,1,1,True
baseline_plus_unconditional_anchor_softmax,peptide_disjoint,mse,all,HLA-B*44:05,pearson_log,,1,1,True
baseline_plus_unconditional_anchor_softmax,peptide_disjoint,mse,all,HLA-B*44:05,auc_gt_2h,,1,1,True
baseline_plus_unconditional_anchor_softmax,peptide_disjoint,mse,all,HLA-B*45:01,spearman,,2,2,False
baseline_plus_unconditional_anchor_softmax,peptide_disjoint,mse,all,HLA-B*45:01,pearson_log,,2,2,False
baseline_plus_unconditional_anchor_softmax,peptide_disjoint,mse,all,HLA-B*45:01,auc_gt_2h,,2,2,False
baseline_plus_unconditional_anchor_softmax,peptide_disjoint,mse,all,HLA-B*51:01,spearman,,1,1,True
baseline_plus_unconditional_anchor_softmax,peptide_disjoint,mse,all,HLA-B*51:01,pearson_log,,1,1,True
baseline_plus_unconditional_anchor_softmax,peptide_disjoint,mse,all,HLA-B*51:01,auc_gt_2h,,1,1,True
baseline_plus_unconditional_anchor_softmax,peptide_disjoint,mse,all,HLA-B*54:01,spearman,0.8116794499134278,6,6,False
baseline_plus_unconditional_anchor_softmax,peptide_disjoint,mse,all,HLA-B*54:01,pearson_log,0.7546496495100421,6,6,False
baseline_plus_unconditional_anchor_softmax,peptide_disjoint,mse,all,HLA-B*54:01,auc_gt_2h,1.0,6,6,False
baseline_plus_unconditional_anchor_softmax,peptide_disjoint,mse,all,HLA-B*55:01,spearman,,1,1,True
baseline_plus_unconditional_anchor_softmax,peptide_disjoint,mse,all,HLA-B*55:01,pearson_log,,1,1,True
baseline_plus_unconditional_anchor_softmax,peptide_disjoint,mse,all,HLA-B*55:01,auc_gt_2h,,1,1,True
baseline_plus_unconditional_anchor_softmax,peptide_disjoint,mse,all,HLA-B*56:01,spearman,0.8660254037844387,3,3,False
baseline_plus_unconditional_anchor_softmax,peptide_disjoint,mse,all,HLA-B*56:01,pearson_log,0.852790657085032,3,3,False
baseline_plus_unconditional_anchor_softmax,peptide_disjoint,mse,all,HLA-B*56:01,auc_gt_2h,,3,3,False
baseline_plus_unconditional_anchor_softmax,peptide_disjoint,mse,all,HLA-B*57:01,spearman,,1,1,True
baseline_plus_unconditional_anchor_softmax,peptide_disjoint,mse,all,HLA-B*57:01,pearson_log,,1,1,True
baseline_plus_unconditional_anchor_softmax,peptide_disjoint,mse,all,HLA-B*57:01,auc_gt_2h,,1,1,True
baseline_plus_unconditional_anchor_softmax,peptide_disjoint,mse,all,HLA-B*57:02,spearman,-0.5,3,3,False
baseline_plus_unconditional_anchor_softmax,peptide_disjoint,mse,all,HLA-B*57:02,pearson_log,-0.2778773237552023,3,3,False
baseline_plus_unconditional_anchor_softmax,peptide_disjoint,mse,all,HLA-B*57:02,auc_gt_2h,,3,3,False
baseline_plus_unconditional_anchor_softmax,peptide_disjoint,mse,all,HLA-B*57:03,spearman,,2,2,False
baseline_plus_unconditional_anchor_softmax,peptide_disjoint,mse,all,HLA-B*57:03,pearson_log,,2,2,False
baseline_plus_unconditional_anchor_softmax,peptide_disjoint,mse,all,HLA-B*57:03,auc_gt_2h,1.0,2,2,False
baseline_plus_unconditional_anchor_softmax,peptide_disjoint,mse,all,HLA-B*58:01,spearman,0.7,5,5,False
baseline_plus_unconditional_anchor_softmax,peptide_disjoint,mse,all,HLA-B*58:01,pearson_log,0.7759506920047945,5,5,False
baseline_plus_unconditional_anchor_softmax,peptide_disjoint,mse,all,HLA-B*58:01,auc_gt_2h,1.0,5,5,False
baseline_plus_unconditional_anchor_softmax,peptide_disjoint,mse,all,HLA-B*81:01,spearman,0.3714285714285715,6,6,False
baseline_plus_unconditional_anchor_softmax,peptide_disjoint,mse,all,HLA-B*81:01,pearson_log,0.8678927614745721,6,6,False
baseline_plus_unconditional_anchor_softmax,peptide_disjoint,mse,all,HLA-B*81:01,auc_gt_2h,,6,6,False
baseline_plus_unconditional_anchor_softmax,peptide_disjoint,mse,nonzero,HLA-A*01:01,spearman,,2,2,False
baseline_plus_unconditional_anchor_softmax,peptide_disjoint,mse,nonzero,HLA-A*01:01,pearson_log,,2,2,False
baseline_plus_unconditional_anchor_softmax,peptide_disjoint,mse,nonzero,HLA-A*01:01,auc_gt_2h,1.0,2,2,False
baseline_plus_unconditional_anchor_softmax,peptide_disjoint,mse,nonzero,HLA-A*02:01,spearman,0.5,3,3,False
baseline_plus_unconditional_anchor_softmax,peptide_disjoint,mse,nonzero,HLA-A*02:01,pearson_log,0.12869532162217798,3,3,False
baseline_plus_unconditional_anchor_softmax,peptide_disjoint,mse,nonzero,HLA-A*02:01,auc_gt_2h,,3,3,False
baseline_plus_unconditional_anchor_softmax,peptide_disjoint,mse,nonzero,HLA-A*02:03,spearman,,1,1,True
baseline_plus_unconditional_anchor_softmax,peptide_disjoint,mse,nonzero,HLA-A*02:03,pearson_log,,1,1,True
baseline_plus_unconditional_anchor_softmax,peptide_disjoint,mse,nonzero,HLA-A*02:03,auc_gt_2h,,1,1,True
baseline_plus_unconditional_anchor_softmax,peptide_disjoint,mse,nonzero,HLA-A*02:05,spearman,0.0,5,5,False
baseline_plus_unconditional_anchor_softmax,peptide_disjoint,mse,nonzero,HLA-A*02:05,pearson_log,-0.3769017698950603,5,5,False
baseline_plus_unconditional_anchor_softmax,peptide_disjoint,mse,nonzero,HLA-A*02:05,auc_gt_2h,0.3333333333333333,5,5,False
baseline_plus_unconditional_anchor_softmax,peptide_disjoint,mse,nonzero,HLA-A*02:10,spearman,,2,2,False
baseline_plus_unconditional_anchor_softmax,peptide_disjoint,mse,nonzero,HLA-A*02:10,pearson_log,,2,2,False
baseline_plus_unconditional_anchor_softmax,peptide_disjoint,mse,nonzero,HLA-A*02:10,auc_gt_2h,1.0,2,2,False
baseline_plus_unconditional_anchor_softmax,peptide_disjoint,mse,nonzero,HLA-A*02:11,spearman,,2,2,False
baseline_plus_unconditional_anchor_softmax,peptide_disjoint,mse,nonzero,HLA-A*02:11,pearson_log,,2,2,False
baseline_plus_unconditional_anchor_softmax,peptide_disjoint,mse,nonzero,HLA-A*02:11,auc_gt_2h,,2,2,False
baseline_plus_unconditional_anchor_softmax,peptide_disjoint,mse,nonzero,HLA-A*02:12,spearman,0.7999999999999999,4,4,False
baseline_plus_unconditional_anchor_softmax,peptide_disjoint,mse,nonzero,HLA-A*02:12,pearson_log,0.9614535256363578,4,4,False
baseline_plus_unconditional_anchor_softmax,peptide_disjoint,mse,nonzero,HLA-A*02:12,auc_gt_2h,1.0,4,4,False
baseline_plus_unconditional_anchor_softmax,peptide_disjoint,mse,nonzero,HLA-A*02:19,spearman,0.6,5,5,False
baseline_plus_unconditional_anchor_softmax,peptide_disjoint,mse,nonzero,HLA-A*02:19,pearson_log,0.44405690697367706,5,5,False
baseline_plus_unconditional_anchor_softmax,peptide_disjoint,mse,nonzero,HLA-A*02:19,auc_gt_2h,0.75,5,5,False
baseline_plus_unconditional_anchor_softmax,peptide_disjoint,mse,nonzero,HLA-A*02:50,spearman,0.7999999999999999,4,4,False
baseline_plus_unconditional_anchor_softmax,peptide_disjoint,mse,nonzero,HLA-A*02:50,pearson_log,0.6839910391102746,4,4,False
baseline_plus_unconditional_anchor_softmax,peptide_disjoint,mse,nonzero,HLA-A*02:50,auc_gt_2h,,4,4,False
baseline_plus_unconditional_anchor_softmax,peptide_disjoint,mse,nonzero,HLA-A*03:01,spearman,0.6,5,5,False
baseline_plus_unconditional_anchor_softmax,peptide_disjoint,mse,nonzero,HLA-A*03:01,pearson_log,0.44718689443798937,5,5,False
baseline_plus_unconditional_anchor_softmax,peptide_disjoint,mse,nonzero,HLA-A*03:01,auc_gt_2h,1.0,5,5,False
baseline_plus_unconditional_anchor_softmax,peptide_disjoint,mse,nonzero,HLA-A*11:01,spearman,,1,1,True
baseline_plus_unconditional_anchor_softmax,peptide_disjoint,mse,nonzero,HLA-A*11:01,pearson_log,,1,1,True
baseline_plus_unconditional_anchor_softmax,peptide_disjoint,mse,nonzero,HLA-A*11:01,auc_gt_2h,,1,1,True
baseline_plus_unconditional_anchor_softmax,peptide_disjoint,mse,nonzero,HLA-A*23:01,spearman,,2,2,False
baseline_plus_unconditional_anchor_softmax,peptide_disjoint,mse,nonzero,HLA-A*23:01,pearson_log,,2,2,False
baseline_plus_unconditional_anchor_softmax,peptide_disjoint,mse,nonzero,HLA-A*23:01,auc_gt_2h,1.0,2,2,False
baseline_plus_unconditional_anchor_softmax,peptide_disjoint,mse,nonzero,HLA-A*24:02,spearman,0.0,4,4,False
baseline_plus_unconditional_anchor_softmax,peptide_disjoint,mse,nonzero,HLA-A*24:02,pearson_log,0.3467029328091742,4,4,False
baseline_plus_unconditional_anchor_softmax,peptide_disjoint,mse,nonzero,HLA-A*24:02,auc_gt_2h,0.75,4,4,False
baseline_plus_unconditional_anchor_softmax,peptide_disjoint,mse,nonzero,HLA-A*24:03,spearman,,2,2,False
baseline_plus_unconditional_anchor_softmax,peptide_disjoint,mse,nonzero,HLA-A*24:03,pearson_log,,2,2,False
baseline_plus_unconditional_anchor_softmax,peptide_disjoint,mse,nonzero,HLA-A*24:03,auc_gt_2h,,2,2,False
baseline_plus_unconditional_anchor_softmax,peptide_disjoint,mse,nonzero,HLA-A*24:07,spearman,,2,2,False
baseline_plus_unconditional_anchor_softmax,peptide_disjoint,mse,nonzero,HLA-A*24:07,pearson_log,,2,2,False
baseline_plus_unconditional_anchor_softmax,peptide_disjoint,mse,nonzero,HLA-A*24:07,auc_gt_2h,0.0,2,2,False
baseline_plus_unconditional_anchor_softmax,peptide_disjoint,mse,nonzero,HLA-A*24:19,spearman,,2,2,False
baseline_plus_unconditional_anchor_softmax,peptide_disjoint,mse,nonzero,HLA-A*24:19,pearson_log,,2,2,False
baseline_plus_unconditional_anchor_softmax,peptide_disjoint,mse,nonzero,HLA-A*24:19,auc_gt_2h,,2,2,False
baseline_plus_unconditional_anchor_softmax,peptide_disjoint,mse,nonzero,HLA-A*26:01,spearman,-1.0,3,3,False
baseline_plus_unconditional_anchor_softmax,peptide_disjoint,mse,nonzero,HLA-A*26:01,pearson_log,-0.8913909266888433,3,3,False
baseline_plus_unconditional_anchor_softmax,peptide_disjoint,mse,nonzero,HLA-A*26:01,auc_gt_2h,,3,3,False
baseline_plus_unconditional_anchor_softmax,peptide_disjoint,mse,nonzero,HLA-A*26:02,spearman,,2,2,False
baseline_plus_unconditional_anchor_softmax,peptide_disjoint,mse,nonzero,HLA-A*26:02,pearson_log,,2,2,False
baseline_plus_unconditional_anchor_softmax,peptide_disjoint,mse,nonzero,HLA-A*26:02,auc_gt_2h,,2,2,False
baseline_plus_unconditional_anchor_softmax,peptide_disjoint,mse,nonzero,HLA-A*29:02,spearman,0.7999999999999999,5,5,False
baseline_plus_unconditional_anchor_softmax,peptide_disjoint,mse,nonzero,HLA-A*29:02,pearson_log,0.6494649090379839,5,5,False
baseline_plus_unconditional_anchor_softmax,peptide_disjoint,mse,nonzero,HLA-A*29:02,auc_gt_2h,0.75,5,5,False
baseline_plus_unconditional_anchor_softmax,peptide_disjoint,mse,nonzero,HLA-A*30:01,spearman,,2,2,False
baseline_plus_unconditional_anchor_softmax,peptide_disjoint,mse,nonzero,HLA-A*30:01,pearson_log,,2,2,False
baseline_plus_unconditional_anchor_softmax,peptide_disjoint,mse,nonzero,HLA-A*30:01,auc_gt_2h,,2,2,False
baseline_plus_unconditional_anchor_softmax,peptide_disjoint,mse,nonzero,HLA-A*30:02,spearman,,1,1,True
baseline_plus_unconditional_anchor_softmax,peptide_disjoint,mse,nonzero,HLA-A*30:02,pearson_log,,1,1,True
baseline_plus_unconditional_anchor_softmax,peptide_disjoint,mse,nonzero,HLA-A*30:02,auc_gt_2h,,1,1,True
baseline_plus_unconditional_anchor_softmax,peptide_disjoint,mse,nonzero,HLA-A*31:01,spearman,0.8660254037844387,3,3,False
baseline_plus_unconditional_anchor_softmax,peptide_disjoint,mse,nonzero,HLA-A*31:01,pearson_log,0.8255144024317334,3,3,False
baseline_plus_unconditional_anchor_softmax,peptide_disjoint,mse,nonzero,HLA-A*31:01,auc_gt_2h,,3,3,False
baseline_plus_unconditional_anchor_softmax,peptide_disjoint,mse,nonzero,HLA-A*32:01,spearman,-1.0,3,3,False
baseline_plus_unconditional_anchor_softmax,peptide_disjoint,mse,nonzero,HLA-A*32:01,pearson_log,-0.9254909375600169,3,3,False
baseline_plus_unconditional_anchor_softmax,peptide_disjoint,mse,nonzero,HLA-A*32:01,auc_gt_2h,0.0,3,3,False
baseline_plus_unconditional_anchor_softmax,peptide_disjoint,mse,nonzero,HLA-A*32:07,spearman,,2,2,False
baseline_plus_unconditional_anchor_softmax,peptide_disjoint,mse,nonzero,HLA-A*32:07,pearson_log,,2,2,False
baseline_plus_unconditional_anchor_softmax,peptide_disjoint,mse,nonzero,HLA-A*32:07,auc_gt_2h,1.0,2,2,False
baseline_plus_unconditional_anchor_softmax,peptide_disjoint,mse,nonzero,HLA-A*33:03,spearman,,1,1,True
baseline_plus_unconditional_anchor_softmax,peptide_disjoint,mse,nonzero,HLA-A*33:03,pearson_log,,1,1,True
baseline_plus_unconditional_anchor_softmax,peptide_disjoint,mse,nonzero,HLA-A*33:03,auc_gt_2h,,1,1,True
baseline_plus_unconditional_anchor_softmax,peptide_disjoint,mse,nonzero,HLA-A*43:01,spearman,0.6000000000000001,4,4,False
baseline_plus_unconditional_anchor_softmax,peptide_disjoint,mse,nonzero,HLA-A*43:01,pearson_log,0.6904538860831774,4,4,False
baseline_plus_unconditional_anchor_softmax,peptide_disjoint,mse,nonzero,HLA-A*43:01,auc_gt_2h,0.6666666666666667,4,4,False
baseline_plus_unconditional_anchor_softmax,peptide_disjoint,mse,nonzero,HLA-A*66:01,spearman,,1,1,True
baseline_plus_unconditional_anchor_softmax,peptide_disjoint,mse,nonzero,HLA-A*66:01,pearson_log,,1,1,True
baseline_plus_unconditional_anchor_softmax,peptide_disjoint,mse,nonzero,HLA-A*66:01,auc_gt_2h,,1,1,True
baseline_plus_unconditional_anchor_softmax,peptide_disjoint,mse,nonzero,HLA-A*68:01,spearman,-0.5,3,3,False
baseline_plus_unconditional_anchor_softmax,peptide_disjoint,mse,nonzero,HLA-A*68:01,pearson_log,-0.7647209872161888,3,3,False
baseline_plus_unconditional_anchor_softmax,peptide_disjoint,mse,nonzero,HLA-A*68:01,auc_gt_2h,0.0,3,3,False
baseline_plus_unconditional_anchor_softmax,peptide_disjoint,mse,nonzero,HLA-A*68:02,spearman,0.49999999999999994,5,5,False
baseline_plus_unconditional_anchor_softmax,peptide_disjoint,mse,nonzero,HLA-A*68:02,pearson_log,0.4073358733033635,5,5,False
baseline_plus_unconditional_anchor_softmax,peptide_disjoint,mse,nonzero,HLA-A*68:02,auc_gt_2h,,5,5,False
baseline_plus_unconditional_anchor_softmax,peptide_disjoint,mse,nonzero,HLA-A*68:23,spearman,-0.9486832980505139,4,4,False
baseline_plus_unconditional_anchor_softmax,peptide_disjoint,mse,nonzero,HLA-A*68:23,pearson_log,-0.7331112773061262,4,4,False
baseline_plus_unconditional_anchor_softmax,peptide_disjoint,mse,nonzero,HLA-A*68:23,auc_gt_2h,,4,4,False
baseline_plus_unconditional_anchor_softmax,peptide_disjoint,mse,nonzero,HLA-A*69:01,spearman,0.9486832980505139,4,4,False
baseline_plus_unconditional_anchor_softmax,peptide_disjoint,mse,nonzero,HLA-A*69:01,pearson_log,0.9556322895865461,4,4,False
baseline_plus_unconditional_anchor_softmax,peptide_disjoint,mse,nonzero,HLA-A*69:01,auc_gt_2h,,4,4,False
baseline_plus_unconditional_anchor_softmax,peptide_disjoint,mse,nonzero,HLA-A*80:01,spearman,,2,2,False
baseline_plus_unconditional_anchor_softmax,peptide_disjoint,mse,nonzero,HLA-A*80:01,pearson_log,,2,2,False
baseline_plus_unconditional_anchor_softmax,peptide_disjoint,mse,nonzero,HLA-A*80:01,auc_gt_2h,,2,2,False
baseline_plus_unconditional_anchor_softmax,peptide_disjoint,mse,nonzero,HLA-B*07:02,spearman,0.31622776601683794,5,5,False
baseline_plus_unconditional_anchor_softmax,peptide_disjoint,mse,nonzero,HLA-B*07:02,pearson_log,0.31953941819051135,5,5,False
baseline_plus_unconditional_anchor_softmax,peptide_disjoint,mse,nonzero,HLA-B*07:02,auc_gt_2h,0.8333333333333333,5,5,False
baseline_plus_unconditional_anchor_softmax,peptide_disjoint,mse,nonzero,HLA-B*08:01,spearman,,2,2,False
baseline_plus_unconditional_anchor_softmax,peptide_disjoint,mse,nonzero,HLA-B*08:01,pearson_log,,2,2,False
baseline_plus_unconditional_anchor_softmax,peptide_disjoint,mse,nonzero,HLA-B*08:01,auc_gt_2h,,2,2,False
baseline_plus_unconditional_anchor_softmax,peptide_disjoint,mse,nonzero,HLA-B*08:03,spearman,,2,2,False
baseline_plus_unconditional_anchor_softmax,peptide_disjoint,mse,nonzero,HLA-B*08:03,pearson_log,,2,2,False
baseline_plus_unconditional_anchor_softmax,peptide_disjoint,mse,nonzero,HLA-B*08:03,auc_gt_2h,0.0,2,2,False
baseline_plus_unconditional_anchor_softmax,peptide_disjoint,mse,nonzero,HLA-B*13:02,spearman,,1,1,True
baseline_plus_unconditional_anchor_softmax,peptide_disjoint,mse,nonzero,HLA-B*13:02,pearson_log,,1,1,True
baseline_plus_unconditional_anchor_softmax,peptide_disjoint,mse,nonzero,HLA-B*13:02,auc_gt_2h,,1,1,True
baseline_plus_unconditional_anchor_softmax,peptide_disjoint,mse,nonzero,HLA-B*15:01,spearman,-0.39999999999999997,4,4,False
baseline_plus_unconditional_anchor_softmax,peptide_disjoint,mse,nonzero,HLA-B*15:01,pearson_log,-0.9183380203188234,4,4,False
baseline_plus_unconditional_anchor_softmax,peptide_disjoint,mse,nonzero,HLA-B*15:01,auc_gt_2h,0.0,4,4,False
baseline_plus_unconditional_anchor_softmax,peptide_disjoint,mse,nonzero,HLA-B*15:10,spearman,,2,2,False
baseline_plus_unconditional_anchor_softmax,peptide_disjoint,mse,nonzero,HLA-B*15:10,pearson_log,,2,2,False
baseline_plus_unconditional_anchor_softmax,peptide_disjoint,mse,nonzero,HLA-B*15:10,auc_gt_2h,0.0,2,2,False
baseline_plus_unconditional_anchor_softmax,peptide_disjoint,mse,nonzero,HLA-B*18:01,spearman,,2,2,False
baseline_plus_unconditional_anchor_softmax,peptide_disjoint,mse,nonzero,HLA-B*18:01,pearson_log,,2,2,False
baseline_plus_unconditional_anchor_softmax,peptide_disjoint,mse,nonzero,HLA-B*18:01,auc_gt_2h,,2,2,False
baseline_plus_unconditional_anchor_softmax,peptide_disjoint,mse,nonzero,HLA-B*27:02,spearman,1.0,3,3,False
baseline_plus_unconditional_anchor_softmax,peptide_disjoint,mse,nonzero,HLA-B*27:02,pearson_log,0.9320009581571682,3,3,False
baseline_plus_unconditional_anchor_softmax,peptide_disjoint,mse,nonzero,HLA-B*27:02,auc_gt_2h,1.0,3,3,False
baseline_plus_unconditional_anchor_softmax,peptide_disjoint,mse,nonzero,HLA-B*27:03,spearman,,2,2,False
baseline_plus_unconditional_anchor_softmax,peptide_disjoint,mse,nonzero,HLA-B*27:03,pearson_log,,2,2,False
baseline_plus_unconditional_anchor_softmax,peptide_disjoint,mse,nonzero,HLA-B*27:03,auc_gt_2h,,2,2,False
baseline_plus_unconditional_anchor_softmax,peptide_disjoint,mse,nonzero,HLA-B*27:05,spearman,,1,1,True
baseline_plus_unconditional_anchor_softmax,peptide_disjoint,mse,nonzero,HLA-B*27:05,pearson_log,,1,1,True
baseline_plus_unconditional_anchor_softmax,peptide_disjoint,mse,nonzero,HLA-B*27:05,auc_gt_2h,,1,1,True
baseline_plus_unconditional_anchor_softmax,peptide_disjoint,mse,nonzero,HLA-B*27:20,spearman,-1.0,3,3,False
baseline_plus_unconditional_anchor_softmax,peptide_disjoint,mse,nonzero,HLA-B*27:20,pearson_log,-0.9144665633263219,3,3,False
baseline_plus_unconditional_anchor_softmax,peptide_disjoint,mse,nonzero,HLA-B*27:20,auc_gt_2h,0.0,3,3,False
baseline_plus_unconditional_anchor_softmax,peptide_disjoint,mse,nonzero,HLA-B*35:01,spearman,,1,1,True
baseline_plus_unconditional_anchor_softmax,peptide_disjoint,mse,nonzero,HLA-B*35:01,pearson_log,,1,1,True
baseline_plus_unconditional_anchor_softmax,peptide_disjoint,mse,nonzero,HLA-B*35:01,auc_gt_2h,,1,1,True
baseline_plus_unconditional_anchor_softmax,peptide_disjoint,mse,nonzero,HLA-B*35:03,spearman,,2,2,False
baseline_plus_unconditional_anchor_softmax,peptide_disjoint,mse,nonzero,HLA-B*35:03,pearson_log,,2,2,False
baseline_plus_unconditional_anchor_softmax,peptide_disjoint,mse,nonzero,HLA-B*35:03,auc_gt_2h,1.0,2,2,False
baseline_plus_unconditional_anchor_softmax,peptide_disjoint,mse,nonzero,HLA-B*35:08,spearman,0.0,3,3,False
baseline_plus_unconditional_anchor_softmax,peptide_disjoint,mse,nonzero,HLA-B*35:08,pearson_log,0.3438632540074338,3,3,False
baseline_plus_unconditional_anchor_softmax,peptide_disjoint,mse,nonzero,HLA-B*35:08,auc_gt_2h,0.5,3,3,False
baseline_plus_unconditional_anchor_softmax,peptide_disjoint,mse,nonzero,HLA-B*39:01,spearman,0.9486832980505139,4,4,False
baseline_plus_unconditional_anchor_softmax,peptide_disjoint,mse,nonzero,HLA-B*39:01,pearson_log,0.9923681730308408,4,4,False
baseline_plus_unconditional_anchor_softmax,peptide_disjoint,mse,nonzero,HLA-B*39:01,auc_gt_2h,1.0,4,4,False
baseline_plus_unconditional_anchor_softmax,peptide_disjoint,mse,nonzero,HLA-B*39:02,spearman,,1,1,True
baseline_plus_unconditional_anchor_softmax,peptide_disjoint,mse,nonzero,HLA-B*39:02,pearson_log,,1,1,True
baseline_plus_unconditional_anchor_softmax,peptide_disjoint,mse,nonzero,HLA-B*39:02,auc_gt_2h,,1,1,True
baseline_plus_unconditional_anchor_softmax,peptide_disjoint,mse,nonzero,HLA-B*39:06(C67S),spearman,,1,1,True
baseline_plus_unconditional_anchor_softmax,peptide_disjoint,mse,nonzero,HLA-B*39:06(C67S),pearson_log,,1,1,True
baseline_plus_unconditional_anchor_softmax,peptide_disjoint,mse,nonzero,HLA-B*39:06(C67S),auc_gt_2h,,1,1,True
baseline_plus_unconditional_anchor_softmax,peptide_disjoint,mse,nonzero,HLA-B*39:10,spearman,,1,1,True
baseline_plus_unconditional_anchor_softmax,peptide_disjoint,mse,nonzero,HLA-B*39:10,pearson_log,,1,1,True
baseline_plus_unconditional_anchor_softmax,peptide_disjoint,mse,nonzero,HLA-B*39:10,auc_gt_2h,,1,1,True
baseline_plus_unconditional_anchor_softmax,peptide_disjoint,mse,nonzero,HLA-B*40:01,spearman,,2,2,False
baseline_plus_unconditional_anchor_softmax,peptide_disjoint,mse,nonzero,HLA-B*40:01,pearson_log,,2,2,False
baseline_plus_unconditional_anchor_softmax,peptide_disjoint,mse,nonzero,HLA-B*40:01,auc_gt_2h,,2,2,False
baseline_plus_unconditional_anchor_softmax,peptide_disjoint,mse,nonzero,HLA-B*40:02,spearman,,2,2,False
baseline_plus_unconditional_anchor_softmax,peptide_disjoint,mse,nonzero,HLA-B*40:02,pearson_log,,2,2,False
baseline_plus_unconditional_anchor_softmax,peptide_disjoint,mse,nonzero,HLA-B*40:02,auc_gt_2h,0.0,2,2,False
baseline_plus_unconditional_anchor_softmax,peptide_disjoint,mse,nonzero,HLA-B*41:01,spearman,,2,2,False
baseline_plus_unconditional_anchor_softmax,peptide_disjoint,mse,nonzero,HLA-B*41:01,pearson_log,,2,2,False
baseline_plus_unconditional_anchor_softmax,peptide_disjoint,mse,nonzero,HLA-B*41:01,auc_gt_2h,,2,2,False
baseline_plus_unconditional_anchor_softmax,peptide_disjoint,mse,nonzero,HLA-B*42:01,spearman,,1,1,True
baseline_plus_unconditional_anchor_softmax,peptide_disjoint,mse,nonzero,HLA-B*42:01,pearson_log,,1,1,True
baseline_plus_unconditional_anchor_softmax,peptide_disjoint,mse,nonzero,HLA-B*42:01,auc_gt_2h,,1,1,True
baseline_plus_unconditional_anchor_softmax,peptide_disjoint,mse,nonzero,HLA-B*42:02,spearman,-0.5,3,3,False
baseline_plus_unconditional_anchor_softmax,peptide_disjoint,mse,nonzero,HLA-B*42:02,pearson_log,-0.806796183107267,3,3,False
baseline_plus_unconditional_anchor_softmax,peptide_disjoint,mse,nonzero,HLA-B*42:02,auc_gt_2h,0.5,3,3,False
baseline_plus_unconditional_anchor_softmax,peptide_disjoint,mse,nonzero,HLA-B*44:05,spearman,,1,1,True
baseline_plus_unconditional_anchor_softmax,peptide_disjoint,mse,nonzero,HLA-B*44:05,pearson_log,,1,1,True
baseline_plus_unconditional_anchor_softmax,peptide_disjoint,mse,nonzero,HLA-B*44:05,auc_gt_2h,,1,1,True
baseline_plus_unconditional_anchor_softmax,peptide_disjoint,mse,nonzero,HLA-B*51:01,spearman,,1,1,True
baseline_plus_unconditional_anchor_softmax,peptide_disjoint,mse,nonzero,HLA-B*51:01,pearson_log,,1,1,True
baseline_plus_unconditional_anchor_softmax,peptide_disjoint,mse,nonzero,HLA-B*51:01,auc_gt_2h,,1,1,True
baseline_plus_unconditional_anchor_softmax,peptide_disjoint,mse,nonzero,HLA-B*54:01,spearman,1.0,4,4,False
baseline_plus_unconditional_anchor_softmax,peptide_disjoint,mse,nonzero,HLA-B*54:01,pearson_log,0.9847101222760791,4,4,False
baseline_plus_unconditional_anchor_softmax,peptide_disjoint,mse,nonzero,HLA-B*54:01,auc_gt_2h,1.0,4,4,False
baseline_plus_unconditional_anchor_softmax,peptide_disjoint,mse,nonzero,HLA-B*56:01,spearman,,2,2,False
baseline_plus_unconditional_anchor_softmax,peptide_disjoint,mse,nonzero,HLA-B*56:01,pearson_log,,2,2,False
baseline_plus_unconditional_anchor_softmax,peptide_disjoint,mse,nonzero,HLA-B*56:01,auc_gt_2h,,2,2,False
baseline_plus_unconditional_anchor_softmax,peptide_disjoint,mse,nonzero,HLA-B*57:01,spearman,,1,1,True
baseline_plus_unconditional_anchor_softmax,peptide_disjoint,mse,nonzero,HLA-B*57:01,pearson_log,,1,1,True
baseline_plus_unconditional_anchor_softmax,peptide_disjoint,mse,nonzero,HLA-B*57:01,auc_gt_2h,,1,1,True
baseline_plus_unconditional_anchor_softmax,peptide_disjoint,mse,nonzero,HLA-B*57:02,spearman,-0.5,3,3,False
baseline_plus_unconditional_anchor_softmax,peptide_disjoint,mse,nonzero,HLA-B*57:02,pearson_log,-0.2778773237552023,3,3,False
baseline_plus_unconditional_anchor_softmax,peptide_disjoint,mse,nonzero,HLA-B*57:02,auc_gt_2h,,3,3,False
baseline_plus_unconditional_anchor_softmax,peptide_disjoint,mse,nonzero,HLA-B*57:03,spearman,,2,2,False
baseline_plus_unconditional_anchor_softmax,peptide_disjoint,mse,nonzero,HLA-B*57:03,pearson_log,,2,2,False
baseline_plus_unconditional_anchor_softmax,peptide_disjoint,mse,nonzero,HLA-B*57:03,auc_gt_2h,1.0,2,2,False
baseline_plus_unconditional_anchor_softmax,peptide_disjoint,mse,nonzero,HLA-B*58:01,spearman,0.7,5,5,False
baseline_plus_unconditional_anchor_softmax,peptide_disjoint,mse,nonzero,HLA-B*58:01,pearson_log,0.7759506920047945,5,5,False
baseline_plus_unconditional_anchor_softmax,peptide_disjoint,mse,nonzero,HLA-B*58:01,auc_gt_2h,1.0,5,5,False
baseline_plus_unconditional_anchor_softmax,peptide_disjoint,mse,nonzero,HLA-B*81:01,spearman,-0.09999999999999999,5,5,False
baseline_plus_unconditional_anchor_softmax,peptide_disjoint,mse,nonzero,HLA-B*81:01,pearson_log,-0.09348526913470578,5,5,False
baseline_plus_unconditional_anchor_softmax,peptide_disjoint,mse,nonzero,HLA-B*81:01,auc_gt_2h,,5,5,False
baseline_plus_unconditional_anchor_softmax,random,mse,all,HLA-A*01:01,spearman,1.0,3,3,False
baseline_plus_unconditional_anchor_softmax,random,mse,all,HLA-A*01:01,pearson_log,0.912242883510881,3,3,False
baseline_plus_unconditional_anchor_softmax,random,mse,all,HLA-A*01:01,auc_gt_2h,,3,3,False
baseline_plus_unconditional_anchor_softmax,random,mse,all,HLA-A*02:01,spearman,-0.5,3,3,False
baseline_plus_unconditional_anchor_softmax,random,mse,all,HLA-A*02:01,pearson_log,-0.4619132999638922,3,3,False
baseline_plus_unconditional_anchor_softmax,random,mse,all,HLA-A*02:01,auc_gt_2h,,3,3,False
baseline_plus_unconditional_anchor_softmax,random,mse,all,HLA-A*02:03,spearman,0.5,3,3,False
baseline_plus_unconditional_anchor_softmax,random,mse,all,HLA-A*02:03,pearson_log,0.29380939010653995,3,3,False
baseline_plus_unconditional_anchor_softmax,random,mse,all,HLA-A*02:03,auc_gt_2h,1.0,3,3,False
baseline_plus_unconditional_anchor_softmax,random,mse,all,HLA-A*02:05,spearman,-0.5,3,3,False
baseline_plus_unconditional_anchor_softmax,random,mse,all,HLA-A*02:05,pearson_log,-0.2128727622184573,3,3,False
baseline_plus_unconditional_anchor_softmax,random,mse,all,HLA-A*02:05,auc_gt_2h,,3,3,False
baseline_plus_unconditional_anchor_softmax,random,mse,all,HLA-A*02:10,spearman,0.5,3,3,False
baseline_plus_unconditional_anchor_softmax,random,mse,all,HLA-A*02:10,pearson_log,0.8194570728501236,3,3,False
baseline_plus_unconditional_anchor_softmax,random,mse,all,HLA-A*02:10,auc_gt_2h,1.0,3,3,False
baseline_plus_unconditional_anchor_softmax,random,mse,all,HLA-A*02:11,spearman,-1.0,3,3,False
baseline_plus_unconditional_anchor_softmax,random,mse,all,HLA-A*02:11,pearson_log,-0.9744379579413396,3,3,False
baseline_plus_unconditional_anchor_softmax,random,mse,all,HLA-A*02:11,auc_gt_2h,,3,3,False
baseline_plus_unconditional_anchor_softmax,random,mse,all,HLA-A*02:12,spearman,-0.5,3,3,False
baseline_plus_unconditional_anchor_softmax,random,mse,all,HLA-A*02:12,pearson_log,-0.9689911281505748,3,3,False
baseline_plus_unconditional_anchor_softmax,random,mse,all,HLA-A*02:12,auc_gt_2h,,3,3,False
baseline_plus_unconditional_anchor_softmax,random,mse,all,HLA-A*02:16,spearman,0.5,3,3,False
baseline_plus_unconditional_anchor_softmax,random,mse,all,HLA-A*02:16,pearson_log,0.4791477127150354,3,3,False
baseline_plus_unconditional_anchor_softmax,random,mse,all,HLA-A*02:16,auc_gt_2h,0.5,3,3,False
baseline_plus_unconditional_anchor_softmax,random,mse,all,HLA-A*02:19,spearman,-0.5,3,3,False
baseline_plus_unconditional_anchor_softmax,random,mse,all,HLA-A*02:19,pearson_log,-0.37949213409169785,3,3,False
baseline_plus_unconditional_anchor_softmax,random,mse,all,HLA-A*02:19,auc_gt_2h,,3,3,False
baseline_plus_unconditional_anchor_softmax,random,mse,all,HLA-A*02:50,spearman,-1.0,3,3,False
baseline_plus_unconditional_anchor_softmax,random,mse,all,HLA-A*02:50,pearson_log,-0.9418075640472579,3,3,False
baseline_plus_unconditional_anchor_softmax,random,mse,all,HLA-A*02:50,auc_gt_2h,,3,3,False
baseline_plus_unconditional_anchor_softmax,random,mse,all,HLA-A*03:01,spearman,-0.5,3,3,False
baseline_plus_unconditional_anchor_softmax,random,mse,all,HLA-A*03:01,pearson_log,-0.2552589486936548,3,3,False
baseline_plus_unconditional_anchor_softmax,random,mse,all,HLA-A*03:01,auc_gt_2h,0.5,3,3,False
baseline_plus_unconditional_anchor_softmax,random,mse,all,HLA-A*11:01,spearman,1.0,3,3,False
baseline_plus_unconditional_anchor_softmax,random,mse,all,HLA-A*11:01,pearson_log,0.9327387817278006,3,3,False
baseline_plus_unconditional_anchor_softmax,random,mse,all,HLA-A*11:01,auc_gt_2h,1.0,3,3,False
baseline_plus_unconditional_anchor_softmax,random,mse,all,HLA-A*23:01,spearman,0.5,3,3,False
baseline_plus_unconditional_anchor_softmax,random,mse,all,HLA-A*23:01,pearson_log,0.09253467209978819,3,3,False
baseline_plus_unconditional_anchor_softmax,random,mse,all,HLA-A*23:01,auc_gt_2h,0.5,3,3,False
baseline_plus_unconditional_anchor_softmax,random,mse,all,HLA-A*24:02,spearman,0.5,3,3,False
baseline_plus_unconditional_anchor_softmax,random,mse,all,HLA-A*24:02,pearson_log,0.8978613465305105,3,3,False
baseline_plus_unconditional_anchor_softmax,random,mse,all,HLA-A*24:02,auc_gt_2h,1.0,3,3,False
baseline_plus_unconditional_anchor_softmax,random,mse,all,HLA-A*24:03,spearman,1.0,3,3,False
baseline_plus_unconditional_anchor_softmax,random,mse,all,HLA-A*24:03,pearson_log,0.9889673031557817,3,3,False
baseline_plus_unconditional_anchor_softmax,random,mse,all,HLA-A*24:03,auc_gt_2h,1.0,3,3,False
baseline_plus_unconditional_anchor_softmax,random,mse,all,HLA-A*24:07,spearman,-1.0,3,3,False
baseline_plus_unconditional_anchor_softmax,random,mse,all,HLA-A*24:07,pearson_log,-0.8981726876642557,3,3,False
baseline_plus_unconditional_anchor_softmax,random,mse,all,HLA-A*24:07,auc_gt_2h,,3,3,False
baseline_plus_unconditional_anchor_softmax,random,mse,all,HLA-A*24:19,spearman,0.5,3,3,False
baseline_plus_unconditional_anchor_softmax,random,mse,all,HLA-A*24:19,pearson_log,0.5120661394206306,3,3,False
baseline_plus_unconditional_anchor_softmax,random,mse,all,HLA-A*24:19,auc_gt_2h,,3,3,False
baseline_plus_unconditional_anchor_softmax,random,mse,all,HLA-A*25:01,spearman,0.0,3,3,False
baseline_plus_unconditional_anchor_softmax,random,mse,all,HLA-A*25:01,pearson_log,-0.08634277508348348,3,3,False
baseline_plus_unconditional_anchor_softmax,random,mse,all,HLA-A*25:01,auc_gt_2h,,3,3,False
baseline_plus_unconditional_anchor_softmax,random,mse,all,HLA-A*26:01,spearman,-1.0,3,3,False
baseline_plus_unconditional_anchor_softmax,random,mse,all,HLA-A*26:01,pearson_log,-0.9560178720663585,3,3,False
baseline_plus_unconditional_anchor_softmax,random,mse,all,HLA-A*26:01,auc_gt_2h,,3,3,False
baseline_plus_unconditional_anchor_softmax,random,mse,all,HLA-A*26:02,spearman,-0.5,3,3,False
baseline_plus_unconditional_anchor_softmax,random,mse,all,HLA-A*26:02,pearson_log,-0.9734910774642874,3,3,False
baseline_plus_unconditional_anchor_softmax,random,mse,all,HLA-A*26:02,auc_gt_2h,0.0,3,3,False
baseline_plus_unconditional_anchor_softmax,random,mse,all,HLA-A*26:03,spearman,-0.8660254037844387,3,3,False
baseline_plus_unconditional_anchor_softmax,random,mse,all,HLA-A*26:03,pearson_log,-0.8062640156487193,3,3,False
baseline_plus_unconditional_anchor_softmax,random,mse,all,HLA-A*26:03,auc_gt_2h,,3,3,False
baseline_plus_unconditional_anchor_softmax,random,mse,all,HLA-A*29:02,spearman,0.5,3,3,False
baseline_plus_unconditional_anchor_softmax,random,mse,all,HLA-A*29:02,pearson_log,0.6550151567425968,3,3,False
baseline_plus_unconditional_anchor_softmax,random,mse,all,HLA-A*29:02,auc_gt_2h,1.0,3,3,False
baseline_plus_unconditional_anchor_softmax,random,mse,all,HLA-A*30:01,spearman,0.5,3,3,False
baseline_plus_unconditional_anchor_softmax,random,mse,all,HLA-A*30:01,pearson_log,0.29548999495638056,3,3,False
baseline_plus_unconditional_anchor_softmax,random,mse,all,HLA-A*30:01,auc_gt_2h,1.0,3,3,False
baseline_plus_unconditional_anchor_softmax,random,mse,all,HLA-A*30:02,spearman,0.5,3,3,False
baseline_plus_unconditional_anchor_softmax,random,mse,all,HLA-A*30:02,pearson_log,0.3900327883333158,3,3,False
baseline_plus_unconditional_anchor_softmax,random,mse,all,HLA-A*30:02,auc_gt_2h,0.5,3,3,False
baseline_plus_unconditional_anchor_softmax,random,mse,all,HLA-A*31:01,spearman,1.0,3,3,False
baseline_plus_unconditional_anchor_softmax,random,mse,all,HLA-A*31:01,pearson_log,0.9344391429466561,3,3,False
baseline_plus_unconditional_anchor_softmax,random,mse,all,HLA-A*31:01,auc_gt_2h,1.0,3,3,False
baseline_plus_unconditional_anchor_softmax,random,mse,all,HLA-A*32:01,spearman,-1.0,3,3,False
baseline_plus_unconditional_anchor_softmax,random,mse,all,HLA-A*32:01,pearson_log,-0.7210376238202538,3,3,False
baseline_plus_unconditional_anchor_softmax,random,mse,all,HLA-A*32:01,auc_gt_2h,0.0,3,3,False
baseline_plus_unconditional_anchor_softmax,random,mse,all,HLA-A*32:07,spearman,-0.5,3,3,False
baseline_plus_unconditional_anchor_softmax,random,mse,all,HLA-A*32:07,pearson_log,-0.43419538708141014,3,3,False
baseline_plus_unconditional_anchor_softmax,random,mse,all,HLA-A*32:07,auc_gt_2h,0.0,3,3,False
baseline_plus_unconditional_anchor_softmax,random,mse,all,HLA-A*33:03,spearman,0.5,3,3,False
baseline_plus_unconditional_anchor_softmax,random,mse,all,HLA-A*33:03,pearson_log,0.5536349201818442,3,3,False
baseline_plus_unconditional_anchor_softmax,random,mse,all,HLA-A*33:03,auc_gt_2h,0.5,3,3,False
baseline_plus_unconditional_anchor_softmax,random,mse,all,HLA-A*43:01,spearman,0.5,3,3,False
baseline_plus_unconditional_anchor_softmax,random,mse,all,HLA-A*43:01,pearson_log,0.32855514232833516,3,3,False
baseline_plus_unconditional_anchor_softmax,random,mse,all,HLA-A*43:01,auc_gt_2h,0.5,3,3,False
baseline_plus_unconditional_anchor_softmax,random,mse,all,HLA-A*66:01,spearman,-0.5,3,3,False
baseline_plus_unconditional_anchor_softmax,random,mse,all,HLA-A*66:01,pearson_log,-0.6206390601376072,3,3,False
baseline_plus_unconditional_anchor_softmax,random,mse,all,HLA-A*66:01,auc_gt_2h,,3,3,False
baseline_plus_unconditional_anchor_softmax,random,mse,all,HLA-A*68:01,spearman,-0.5,3,3,False
baseline_plus_unconditional_anchor_softmax,random,mse,all,HLA-A*68:01,pearson_log,-0.8544498311444007,3,3,False
baseline_plus_unconditional_anchor_softmax,random,mse,all,HLA-A*68:01,auc_gt_2h,0.0,3,3,False
baseline_plus_unconditional_anchor_softmax,random,mse,all,HLA-A*68:02,spearman,-0.5,3,3,False
baseline_plus_unconditional_anchor_softmax,random,mse,all,HLA-A*68:02,pearson_log,-0.4385988347418946,3,3,False
baseline_plus_unconditional_anchor_softmax,random,mse,all,HLA-A*68:02,auc_gt_2h,0.0,3,3,False
baseline_plus_unconditional_anchor_softmax,random,mse,all,HLA-A*68:23,spearman,,2,2,False
baseline_plus_unconditional_anchor_softmax,random,mse,all,HLA-A*68:23,pearson_log,,2,2,False
baseline_plus_unconditional_anchor_softmax,random,mse,all,HLA-A*68:23,auc_gt_2h,,2,2,False
baseline_plus_unconditional_anchor_softmax,random,mse,all,HLA-A*69:01,spearman,0.5,3,3,False
baseline_plus_unconditional_anchor_softmax,random,mse,all,HLA-A*69:01,pearson_log,0.4051653774476258,3,3,False
baseline_plus_unconditional_anchor_softmax,random,mse,all,HLA-A*69:01,auc_gt_2h,,3,3,False
baseline_plus_unconditional_anchor_softmax,random,mse,all,HLA-A*74:01,spearman,,2,2,False
baseline_plus_unconditional_anchor_softmax,random,mse,all,HLA-A*74:01,pearson_log,,2,2,False
baseline_plus_unconditional_anchor_softmax,random,mse,all,HLA-A*74:01,auc_gt_2h,,2,2,False
baseline_plus_unconditional_anchor_softmax,random,mse,all,HLA-A*80:01,spearman,1.0,3,3,False
baseline_plus_unconditional_anchor_softmax,random,mse,all,HLA-A*80:01,pearson_log,0.9997290765321591,3,3,False
baseline_plus_unconditional_anchor_softmax,random,mse,all,HLA-A*80:01,auc_gt_2h,1.0,3,3,False
baseline_plus_unconditional_anchor_softmax,random,mse,all,HLA-B*07:02,spearman,,2,2,False
baseline_plus_unconditional_anchor_softmax,random,mse,all,HLA-B*07:02,pearson_log,,2,2,False
baseline_plus_unconditional_anchor_softmax,random,mse,all,HLA-B*07:02,auc_gt_2h,,2,2,False
baseline_plus_unconditional_anchor_softmax,random,mse,all,HLA-B*08:01,spearman,0.0,3,3,False
baseline_plus_unconditional_anchor_softmax,random,mse,all,HLA-B*08:01,pearson_log,-0.03819700235693918,3,3,False
baseline_plus_unconditional_anchor_softmax,random,mse,all,HLA-B*08:01,auc_gt_2h,,3,3,False
baseline_plus_unconditional_anchor_softmax,random,mse,all,HLA-B*08:03,spearman,,2,2,False
baseline_plus_unconditional_anchor_softmax,random,mse,all,HLA-B*08:03,pearson_log,,2,2,False
baseline_plus_unconditional_anchor_softmax,random,mse,all,HLA-B*08:03,auc_gt_2h,,2,2,False
baseline_plus_unconditional_anchor_softmax,random,mse,all,HLA-B*13:02,spearman,,1,1,True
baseline_plus_unconditional_anchor_softmax,random,mse,all,HLA-B*13:02,pearson_log,,1,1,True
baseline_plus_unconditional_anchor_softmax,random,mse,all,HLA-B*13:02,auc_gt_2h,,1,1,True
baseline_plus_unconditional_anchor_softmax,random,mse,all,HLA-B*14:01(C67S),spearman,,2,2,False
baseline_plus_unconditional_anchor_softmax,random,mse,all,HLA-B*14:01(C67S),pearson_log,,2,2,False
baseline_plus_unconditional_anchor_softmax,random,mse,all,HLA-B*14:01(C67S),auc_gt_2h,,2,2,False
baseline_plus_unconditional_anchor_softmax,random,mse,all,HLA-B*14:02(C67S),spearman,,2,2,False
baseline_plus_unconditional_anchor_softmax,random,mse,all,HLA-B*14:02(C67S),pearson_log,,2,2,False
baseline_plus_unconditional_anchor_softmax,random,mse,all,HLA-B*14:02(C67S),auc_gt_2h,1.0,2,2,False
baseline_plus_unconditional_anchor_softmax,random,mse,all,HLA-B*15:01,spearman,0.5,3,3,False
baseline_plus_unconditional_anchor_softmax,random,mse,all,HLA-B*15:01,pearson_log,-0.14124567426096835,3,3,False
baseline_plus_unconditional_anchor_softmax,random,mse,all,HLA-B*15:01,auc_gt_2h,1.0,3,3,False
baseline_plus_unconditional_anchor_softmax,random,mse,all,HLA-B*15:02,spearman,-0.5,3,3,False
baseline_plus_unconditional_anchor_softmax,random,mse,all,HLA-B*15:02,pearson_log,-0.7935436547815853,3,3,False
baseline_plus_unconditional_anchor_softmax,random,mse,all,HLA-B*15:02,auc_gt_2h,0.5,3,3,False
baseline_plus_unconditional_anchor_softmax,random,mse,all,HLA-B*15:10,spearman,,2,2,False
baseline_plus_unconditional_anchor_softmax,random,mse,all,HLA-B*15:10,pearson_log,,2,2,False
baseline_plus_unconditional_anchor_softmax,random,mse,all,HLA-B*15:10,auc_gt_2h,1.0,2,2,False
baseline_plus_unconditional_anchor_softmax,random,mse,all,HLA-B*15:17,spearman,,2,2,False
baseline_plus_unconditional_anchor_softmax,random,mse,all,HLA-B*15:17,pearson_log,,2,2,False
baseline_plus_unconditional_anchor_softmax,random,mse,all,HLA-B*15:17,auc_gt_2h,1.0,2,2,False
baseline_plus_unconditional_anchor_softmax,random,mse,all,HLA-B*18:01,spearman,,2,2,False
baseline_plus_unconditional_anchor_softmax,random,mse,all,HLA-B*18:01,pearson_log,,2,2,False
baseline_plus_unconditional_anchor_softmax,random,mse,all,HLA-B*18:01,auc_gt_2h,0.0,2,2,False
baseline_plus_unconditional_anchor_softmax,random,mse,all,HLA-B*27:02,spearman,,2,2,False
baseline_plus_unconditional_anchor_softmax,random,mse,all,HLA-B*27:02,pearson_log,,2,2,False
baseline_plus_unconditional_anchor_softmax,random,mse,all,HLA-B*27:02,auc_gt_2h,,2,2,False
baseline_plus_unconditional_anchor_softmax,random,mse,all,HLA-B*27:03,spearman,,2,2,False
baseline_plus_unconditional_anchor_softmax,random,mse,all,HLA-B*27:03,pearson_log,,2,2,False
baseline_plus_unconditional_anchor_softmax,random,mse,all,HLA-B*27:03,auc_gt_2h,,2,2,False
baseline_plus_unconditional_anchor_softmax,random,mse,all,HLA-B*27:05,spearman,0.5,3,3,False
baseline_plus_unconditional_anchor_softmax,random,mse,all,HLA-B*27:05,pearson_log,0.5806841286994545,3,3,False
baseline_plus_unconditional_anchor_softmax,random,mse,all,HLA-B*27:05,auc_gt_2h,0.5,3,3,False
baseline_plus_unconditional_anchor_softmax,random,mse,all,HLA-B*27:20,spearman,,2,2,False
baseline_plus_unconditional_anchor_softmax,random,mse,all,HLA-B*27:20,pearson_log,,2,2,False
baseline_plus_unconditional_anchor_softmax,random,mse,all,HLA-B*27:20,auc_gt_2h,,2,2,False
baseline_plus_unconditional_anchor_softmax,random,mse,all,HLA-B*35:01,spearman,,2,2,False
baseline_plus_unconditional_anchor_softmax,random,mse,all,HLA-B*35:01,pearson_log,,2,2,False
baseline_plus_unconditional_anchor_softmax,random,mse,all,HLA-B*35:01,auc_gt_2h,0.0,2,2,False
baseline_plus_unconditional_anchor_softmax,random,mse,all,HLA-B*35:03,spearman,,2,2,False
baseline_plus_unconditional_anchor_softmax,random,mse,all,HLA-B*35:03,pearson_log,,2,2,False
baseline_plus_unconditional_anchor_softmax,random,mse,all,HLA-B*35:03,auc_gt_2h,0.0,2,2,False
baseline_plus_unconditional_anchor_softmax,random,mse,all,HLA-B*35:08,spearman,-0.5,3,3,False
baseline_plus_unconditional_anchor_softmax,random,mse,all,HLA-B*35:08,pearson_log,0.19519255298913002,3,3,False
baseline_plus_unconditional_anchor_softmax,random,mse,all,HLA-B*35:08,auc_gt_2h,0.5,3,3,False
baseline_plus_unconditional_anchor_softmax,random,mse,all,HLA-B*39:01,spearman,,2,2,False
baseline_plus_unconditional_anchor_softmax,random,mse,all,HLA-B*39:01,pearson_log,,2,2,False
baseline_plus_unconditional_anchor_softmax,random,mse,all,HLA-B*39:01,auc_gt_2h,,2,2,False
baseline_plus_unconditional_anchor_softmax,random,mse,all,HLA-B*39:02,spearman,0.0,3,3,False
baseline_plus_unconditional_anchor_softmax,random,mse,all,HLA-B*39:02,pearson_log,-0.32345188953862586,3,3,False
baseline_plus_unconditional_anchor_softmax,random,mse,all,HLA-B*39:02,auc_gt_2h,,3,3,False
baseline_plus_unconditional_anchor_softmax,random,mse,all,HLA-B*39:06(C67S),spearman,,3,3,False
baseline_plus_unconditional_anchor_softmax,random,mse,all,HLA-B*39:06(C67S),pearson_log,,3,3,False
baseline_plus_unconditional_anchor_softmax,random,mse,all,HLA-B*39:06(C67S),auc_gt_2h,,3,3,False
baseline_plus_unconditional_anchor_softmax,random,mse,all,HLA-B*39:10,spearman,,2,2,False
baseline_plus_unconditional_anchor_softmax,random,mse,all,HLA-B*39:10,pearson_log,,2,2,False
baseline_plus_unconditional_anchor_softmax,random,mse,all,HLA-B*39:10,auc_gt_2h,1.0,2,2,False
baseline_plus_unconditional_anchor_softmax,random,mse,all,HLA-B*40:01,spearman,-0.5,3,3,False
baseline_plus_unconditional_anchor_softmax,random,mse,all,HLA-B*40:01,pearson_log,-0.4204062282108331,3,3,False
baseline_plus_unconditional_anchor_softmax,random,mse,all,HLA-B*40:01,auc_gt_2h,,3,3,False
baseline_plus_unconditional_anchor_softmax,random,mse,all,HLA-B*40:02,spearman,1.0,3,3,False
baseline_plus_unconditional_anchor_softmax,random,mse,all,HLA-B*40:02,pearson_log,0.6670310999194833,3,3,False
baseline_plus_unconditional_anchor_softmax,random,mse,all,HLA-B*40:02,auc_gt_2h,1.0,3,3,False
baseline_plus_unconditional_anchor_softmax,random,mse,all,HLA-B*41:01,spearman,-0.5,3,3,False
baseline_plus_unconditional_anchor_softmax,random,mse,all,HLA-B*41:01,pearson_log,-0.7965552911790335,3,3,False
baseline_plus_unconditional_anchor_softmax,random,mse,all,HLA-B*41:01,auc_gt_2h,,3,3,False
baseline_plus_unconditional_anchor_softmax,random,mse,all,HLA-B*42:01,spearman,,2,2,False
baseline_plus_unconditional_anchor_softmax,random,mse,all,HLA-B*42:01,pearson_log,,2,2,False
baseline_plus_unconditional_anchor_softmax,random,mse,all,HLA-B*42:01,auc_gt_2h,,2,2,False
baseline_plus_unconditional_anchor_softmax,random,mse,all,HLA-B*42:02,spearman,-0.5,3,3,False
baseline_plus_unconditional_anchor_softmax,random,mse,all,HLA-B*42:02,pearson_log,-0.8703728112723099,3,3,False
baseline_plus_unconditional_anchor_softmax,random,mse,all,HLA-B*42:02,auc_gt_2h,0.0,3,3,False
baseline_plus_unconditional_anchor_softmax,random,mse,all,HLA-B*44:05,spearman,,2,2,False
baseline_plus_unconditional_anchor_softmax,random,mse,all,HLA-B*44:05,pearson_log,,2,2,False
baseline_plus_unconditional_anchor_softmax,random,mse,all,HLA-B*44:05,auc_gt_2h,,2,2,False
baseline_plus_unconditional_anchor_softmax,random,mse,all,HLA-B*45:01,spearman,0.8660254037844387,3,3,False
baseline_plus_unconditional_anchor_softmax,random,mse,all,HLA-B*45:01,pearson_log,0.9248305062575923,3,3,False
baseline_plus_unconditional_anchor_softmax,random,mse,all,HLA-B*45:01,auc_gt_2h,,3,3,False
baseline_plus_unconditional_anchor_softmax,random,mse,all,HLA-B*46:01,spearman,-0.8660254037844387,3,3,False
baseline_plus_unconditional_anchor_softmax,random,mse,all,HLA-B*46:01,pearson_log,-0.6271408344795877,3,3,False
baseline_plus_unconditional_anchor_softmax,random,mse,all,HLA-B*46:01,auc_gt_2h,,3,3,False
baseline_plus_unconditional_anchor_softmax,random,mse,all,HLA-B*51:01,spearman,0.0,3,3,False
baseline_plus_unconditional_anchor_softmax,random,mse,all,HLA-B*51:01,pearson_log,-0.4753536353975789,3,3,False
baseline_plus_unconditional_anchor_softmax,random,mse,all,HLA-B*51:01,auc_gt_2h,0.5,3,3,False
baseline_plus_unconditional_anchor_softmax,random,mse,all,HLA-B*54:01,spearman,1.0,3,3,False
baseline_plus_unconditional_anchor_softmax,random,mse,all,HLA-B*54:01,pearson_log,0.9060018271704119,3,3,False
baseline_plus_unconditional_anchor_softmax,random,mse,all,HLA-B*54:01,auc_gt_2h,1.0,3,3,False
baseline_plus_unconditional_anchor_softmax,random,mse,all,HLA-B*55:01,spearman,,2,2,False
baseline_plus_unconditional_anchor_softmax,random,mse,all,HLA-B*55:01,pearson_log,,2,2,False
baseline_plus_unconditional_anchor_softmax,random,mse,all,HLA-B*55:01,auc_gt_2h,,2,2,False
baseline_plus_unconditional_anchor_softmax,random,mse,all,HLA-B*56:01,spearman,-1.0,3,3,False
baseline_plus_unconditional_anchor_softmax,random,mse,all,HLA-B*56:01,pearson_log,-0.8010837130050977,3,3,False
baseline_plus_unconditional_anchor_softmax,random,mse,all,HLA-B*56:01,auc_gt_2h,,3,3,False
baseline_plus_unconditional_anchor_softmax,random,mse,all,HLA-B*57:01,spearman,,2,2,False
baseline_plus_unconditional_anchor_softmax,random,mse,all,HLA-B*57:01,pearson_log,,2,2,False
baseline_plus_unconditional_anchor_softmax,random,mse,all,HLA-B*57:01,auc_gt_2h,,2,2,False
baseline_plus_unconditional_anchor_softmax,random,mse,all,HLA-B*57:02,spearman,,2,2,False
baseline_plus_unconditional_anchor_softmax,random,mse,all,HLA-B*57:02,pearson_log,,2,2,False
baseline_plus_unconditional_anchor_softmax,random,mse,all,HLA-B*57:02,auc_gt_2h,,2,2,False
baseline_plus_unconditional_anchor_softmax,random,mse,all,HLA-B*57:03,spearman,,2,2,False
baseline_plus_unconditional_anchor_softmax,random,mse,all,HLA-B*57:03,pearson_log,,2,2,False
baseline_plus_unconditional_anchor_softmax,random,mse,all,HLA-B*57:03,auc_gt_2h,,2,2,False
baseline_plus_unconditional_anchor_softmax,random,mse,all,HLA-B*58:01,spearman,-1.0,3,3,False
baseline_plus_unconditional_anchor_softmax,random,mse,all,HLA-B*58:01,pearson_log,-0.9852537814223149,3,3,False
baseline_plus_unconditional_anchor_softmax,random,mse,all,HLA-B*58:01,auc_gt_2h,0.0,3,3,False
baseline_plus_unconditional_anchor_softmax,random,mse,all,HLA-B*81:01,spearman,,2,2,False
baseline_plus_unconditional_anchor_softmax,random,mse,all,HLA-B*81:01,pearson_log,,2,2,False
baseline_plus_unconditional_anchor_softmax,random,mse,all,HLA-B*81:01,auc_gt_2h,,2,2,False
baseline_plus_unconditional_anchor_softmax,random,mse,nonzero,HLA-A*01:01,spearman,,2,2,False
baseline_plus_unconditional_anchor_softmax,random,mse,nonzero,HLA-A*01:01,pearson_log,,2,2,False
baseline_plus_unconditional_anchor_softmax,random,mse,nonzero,HLA-A*01:01,auc_gt_2h,,2,2,False
baseline_plus_unconditional_anchor_softmax,random,mse,nonzero,HLA-A*02:01,spearman,-0.5,3,3,False
baseline_plus_unconditional_anchor_softmax,random,mse,nonzero,HLA-A*02:01,pearson_log,-0.4619132999638922,3,3,False
baseline_plus_unconditional_anchor_softmax,random,mse,nonzero,HLA-A*02:01,auc_gt_2h,,3,3,False
baseline_plus_unconditional_anchor_softmax,random,mse,nonzero,HLA-A*02:03,spearman,,2,2,False
baseline_plus_unconditional_anchor_softmax,random,mse,nonzero,HLA-A*02:03,pearson_log,,2,2,False
baseline_plus_unconditional_anchor_softmax,random,mse,nonzero,HLA-A*02:03,auc_gt_2h,1.0,2,2,False
baseline_plus_unconditional_anchor_softmax,random,mse,nonzero,HLA-A*02:05,spearman,-0.5,3,3,False
baseline_plus_unconditional_anchor_softmax,random,mse,nonzero,HLA-A*02:05,pearson_log,-0.2128727622184573,3,3,False
baseline_plus_unconditional_anchor_softmax,random,mse,nonzero,HLA-A*02:05,auc_gt_2h,,3,3,False
baseline_plus_unconditional_anchor_softmax,random,mse,nonzero,HLA-A*02:10,spearman,0.5,3,3,False
baseline_plus_unconditional_anchor_softmax,random,mse,nonzero,HLA-A*02:10,pearson_log,0.8194570728501236,3,3,False
baseline_plus_unconditional_anchor_softmax,random,mse,nonzero,HLA-A*02:10,auc_gt_2h,1.0,3,3,False
baseline_plus_unconditional_anchor_softmax,random,mse,nonzero,HLA-A*02:11,spearman,-1.0,3,3,False
baseline_plus_unconditional_anchor_softmax,random,mse,nonzero,HLA-A*02:11,pearson_log,-0.9744379579413396,3,3,False
baseline_plus_unconditional_anchor_softmax,random,mse,nonzero,HLA-A*02:11,auc_gt_2h,,3,3,False
baseline_plus_unconditional_anchor_softmax,random,mse,nonzero,HLA-A*02:12,spearman,-0.5,3,3,False
baseline_plus_unconditional_anchor_softmax,random,mse,nonzero,HLA-A*02:12,pearson_log,-0.9689911281505748,3,3,False
baseline_plus_unconditional_anchor_softmax,random,mse,nonzero,HLA-A*02:12,auc_gt_2h,,3,3,False
baseline_plus_unconditional_anchor_softmax,random,mse,nonzero,HLA-A*02:16,spearman,0.5,3,3,False
baseline_plus_unconditional_anchor_softmax,random,mse,nonzero,HLA-A*02:16,pearson_log,0.4791477127150354,3,3,False
baseline_plus_unconditional_anchor_softmax,random,mse,nonzero,HLA-A*02:16,auc_gt_2h,0.5,3,3,False
baseline_plus_unconditional_anchor_softmax,random,mse,nonzero,HLA-A*02:19,spearman,-0.5,3,3,False
baseline_plus_unconditional_anchor_softmax,random,mse,nonzero,HLA-A*02:19,pearson_log,-0.37949213409169785,3,3,False
baseline_plus_unconditional_anchor_softmax,random,mse,nonzero,HLA-A*02:19,auc_gt_2h,,3,3,False
baseline_plus_unconditional_anchor_softmax,random,mse,nonzero,HLA-A*02:50,spearman,-1.0,3,3,False
baseline_plus_unconditional_anchor_softmax,random,mse,nonzero,HLA-A*02:50,pearson_log,-0.9418075640472579,3,3,False
baseline_plus_unconditional_anchor_softmax,random,mse,nonzero,HLA-A*02:50,auc_gt_2h,,3,3,False
baseline_plus_unconditional_anchor_softmax,random,mse,nonzero,HLA-A*03:01,spearman,,2,2,False
baseline_plus_unconditional_anchor_softmax,random,mse,nonzero,HLA-A*03:01,pearson_log,,2,2,False
baseline_plus_unconditional_anchor_softmax,random,mse,nonzero,HLA-A*03:01,auc_gt_2h,1.0,2,2,False
baseline_plus_unconditional_anchor_softmax,random,mse,nonzero,HLA-A*11:01,spearman,1.0,3,3,False
baseline_plus_unconditional_anchor_softmax,random,mse,nonzero,HLA-A*11:01,pearson_log,0.9327387817278006,3,3,False
baseline_plus_unconditional_anchor_softmax,random,mse,nonzero,HLA-A*11:01,auc_gt_2h,1.0,3,3,False
baseline_plus_unconditional_anchor_softmax,random,mse,nonzero,HLA-A*23:01,spearman,0.5,3,3,False
baseline_plus_unconditional_anchor_softmax,random,mse,nonzero,HLA-A*23:01,pearson_log,0.09253467209978819,3,3,False
baseline_plus_unconditional_anchor_softmax,random,mse,nonzero,HLA-A*23:01,auc_gt_2h,0.5,3,3,False
baseline_plus_unconditional_anchor_softmax,random,mse,nonzero,HLA-A*24:02,spearman,0.5,3,3,False
baseline_plus_unconditional_anchor_softmax,random,mse,nonzero,HLA-A*24:02,pearson_log,0.8978613465305105,3,3,False
baseline_plus_unconditional_anchor_softmax,random,mse,nonzero,HLA-A*24:02,auc_gt_2h,1.0,3,3,False
baseline_plus_unconditional_anchor_softmax,random,mse,nonzero,HLA-A*24:03,spearman,1.0,3,3,False
baseline_plus_unconditional_anchor_softmax,random,mse,nonzero,HLA-A*24:03,pearson_log,0.9889673031557817,3,3,False
baseline_plus_unconditional_anchor_softmax,random,mse,nonzero,HLA-A*24:03,auc_gt_2h,1.0,3,3,False
baseline_plus_unconditional_anchor_softmax,random,mse,nonzero,HLA-A*24:07,spearman,-1.0,3,3,False
baseline_plus_unconditional_anchor_softmax,random,mse,nonzero,HLA-A*24:07,pearson_log,-0.8981726876642557,3,3,False
baseline_plus_unconditional_anchor_softmax,random,mse,nonzero,HLA-A*24:07,auc_gt_2h,,3,3,False
baseline_plus_unconditional_anchor_softmax,random,mse,nonzero,HLA-A*24:19,spearman,,2,2,False
baseline_plus_unconditional_anchor_softmax,random,mse,nonzero,HLA-A*24:19,pearson_log,,2,2,False
baseline_plus_unconditional_anchor_softmax,random,mse,nonzero,HLA-A*24:19,auc_gt_2h,,2,2,False
baseline_plus_unconditional_anchor_softmax,random,mse,nonzero,HLA-A*25:01,spearman,,1,1,True
baseline_plus_unconditional_anchor_softmax,random,mse,nonzero,HLA-A*25:01,pearson_log,,1,1,True
baseline_plus_unconditional_anchor_softmax,random,mse,nonzero,HLA-A*25:01,auc_gt_2h,,1,1,True
baseline_plus_unconditional_anchor_softmax,random,mse,nonzero,HLA-A*26:01,spearman,-1.0,3,3,False
baseline_plus_unconditional_anchor_softmax,random,mse,nonzero,HLA-A*26:01,pearson_log,-0.9560178720663585,3,3,False
baseline_plus_unconditional_anchor_softmax,random,mse,nonzero,HLA-A*26:01,auc_gt_2h,,3,3,False
baseline_plus_unconditional_anchor_softmax,random,mse,nonzero,HLA-A*26:02,spearman,-0.5,3,3,False
baseline_plus_unconditional_anchor_softmax,random,mse,nonzero,HLA-A*26:02,pearson_log,-0.9734910774642874,3,3,False
baseline_plus_unconditional_anchor_softmax,random,mse,nonzero,HLA-A*26:02,auc_gt_2h,0.0,3,3,False
baseline_plus_unconditional_anchor_softmax,random,mse,nonzero,HLA-A*26:03,spearman,,1,1,True
baseline_plus_unconditional_anchor_softmax,random,mse,nonzero,HLA-A*26:03,pearson_log,,1,1,True
baseline_plus_unconditional_anchor_softmax,random,mse,nonzero,HLA-A*26:03,auc_gt_2h,,1,1,True
baseline_plus_unconditional_anchor_softmax,random,mse,nonzero,HLA-A*29:02,spearman,0.5,3,3,False
baseline_plus_unconditional_anchor_softmax,random,mse,nonzero,HLA-A*29:02,pearson_log,0.6550151567425968,3,3,False
baseline_plus_unconditional_anchor_softmax,random,mse,nonzero,HLA-A*29:02,auc_gt_2h,1.0,3,3,False
baseline_plus_unconditional_anchor_softmax,random,mse,nonzero,HLA-A*30:01,spearman,,2,2,False
baseline_plus_unconditional_anchor_softmax,random,mse,nonzero,HLA-A*30:01,pearson_log,,2,2,False
baseline_plus_unconditional_anchor_softmax,random,mse,nonzero,HLA-A*30:01,auc_gt_2h,1.0,2,2,False
baseline_plus_unconditional_anchor_softmax,random,mse,nonzero,HLA-A*30:02,spearman,,2,2,False
baseline_plus_unconditional_anchor_softmax,random,mse,nonzero,HLA-A*30:02,pearson_log,,2,2,False
baseline_plus_unconditional_anchor_softmax,random,mse,nonzero,HLA-A*30:02,auc_gt_2h,0.0,2,2,False
baseline_plus_unconditional_anchor_softmax,random,mse,nonzero,HLA-A*31:01,spearman,1.0,3,3,False
baseline_plus_unconditional_anchor_softmax,random,mse,nonzero,HLA-A*31:01,pearson_log,0.9344391429466561,3,3,False
baseline_plus_unconditional_anchor_softmax,random,mse,nonzero,HLA-A*31:01,auc_gt_2h,1.0,3,3,False
baseline_plus_unconditional_anchor_softmax,random,mse,nonzero,HLA-A*32:01,spearman,,2,2,False
baseline_plus_unconditional_anchor_softmax,random,mse,nonzero,HLA-A*32:01,pearson_log,,2,2,False
baseline_plus_unconditional_anchor_softmax,random,mse,nonzero,HLA-A*32:01,auc_gt_2h,,2,2,False
baseline_plus_unconditional_anchor_softmax,random,mse,nonzero,HLA-A*32:07,spearman,-0.5,3,3,False
baseline_plus_unconditional_anchor_softmax,random,mse,nonzero,HLA-A*32:07,pearson_log,-0.43419538708141014,3,3,False
baseline_plus_unconditional_anchor_softmax,random,mse,nonzero,HLA-A*32:07,auc_gt_2h,0.0,3,3,False
baseline_plus_unconditional_anchor_softmax,random,mse,nonzero,HLA-A*33:03,spearman,,2,2,False
baseline_plus_unconditional_anchor_softmax,random,mse,nonzero,HLA-A*33:03,pearson_log,,2,2,False
baseline_plus_unconditional_anchor_softmax,random,mse,nonzero,HLA-A*33:03,auc_gt_2h,0.0,2,2,False
baseline_plus_unconditional_anchor_softmax,random,mse,nonzero,HLA-A*43:01,spearman,,2,2,False
baseline_plus_unconditional_anchor_softmax,random,mse,nonzero,HLA-A*43:01,pearson_log,,2,2,False
baseline_plus_unconditional_anchor_softmax,random,mse,nonzero,HLA-A*43:01,auc_gt_2h,0.0,2,2,False
baseline_plus_unconditional_anchor_softmax,random,mse,nonzero,HLA-A*66:01,spearman,,2,2,False
baseline_plus_unconditional_anchor_softmax,random,mse,nonzero,HLA-A*66:01,pearson_log,,2,2,False
baseline_plus_unconditional_anchor_softmax,random,mse,nonzero,HLA-A*66:01,auc_gt_2h,,2,2,False
baseline_plus_unconditional_anchor_softmax,random,mse,nonzero,HLA-A*68:01,spearman,,2,2,False
baseline_plus_unconditional_anchor_softmax,random,mse,nonzero,HLA-A*68:01,pearson_log,,2,2,False
baseline_plus_unconditional_anchor_softmax,random,mse,nonzero,HLA-A*68:01,auc_gt_2h,,2,2,False
baseline_plus_unconditional_anchor_softmax,random,mse,nonzero,HLA-A*68:02,spearman,-0.5,3,3,False
baseline_plus_unconditional_anchor_softmax,random,mse,nonzero,HLA-A*68:02,pearson_log,-0.4385988347418946,3,3,False
baseline_plus_unconditional_anchor_softmax,random,mse,nonzero,HLA-A*68:02,auc_gt_2h,0.0,3,3,False
baseline_plus_unconditional_anchor_softmax,random,mse,nonzero,HLA-A*68:23,spearman,,2,2,False
baseline_plus_unconditional_anchor_softmax,random,mse,nonzero,HLA-A*68:23,pearson_log,,2,2,False
baseline_plus_unconditional_anchor_softmax,random,mse,nonzero,HLA-A*68:23,auc_gt_2h,,2,2,False
baseline_plus_unconditional_anchor_softmax,random,mse,nonzero,HLA-A*69:01,spearman,0.5,3,3,False
baseline_plus_unconditional_anchor_softmax,random,mse,nonzero,HLA-A*69:01,pearson_log,0.4051653774476258,3,3,False
baseline_plus_unconditional_anchor_softmax,random,mse,nonzero,HLA-A*69:01,auc_gt_2h,,3,3,False
baseline_plus_unconditional_anchor_softmax,random,mse,nonzero,HLA-A*74:01,spearman,,2,2,False
baseline_plus_unconditional_anchor_softmax,random,mse,nonzero,HLA-A*74:01,pearson_log,,2,2,False
baseline_plus_unconditional_anchor_softmax,random,mse,nonzero,HLA-A*74:01,auc_gt_2h,,2,2,False
baseline_plus_unconditional_anchor_softmax,random,mse,nonzero,HLA-A*80:01,spearman,,2,2,False
baseline_plus_unconditional_anchor_softmax,random,mse,nonzero,HLA-A*80:01,pearson_log,,2,2,False
baseline_plus_unconditional_anchor_softmax,random,mse,nonzero,HLA-A*80:01,auc_gt_2h,1.0,2,2,False
baseline_plus_unconditional_anchor_softmax,random,mse,nonzero,HLA-B*07:02,spearman,,2,2,False
baseline_plus_unconditional_anchor_softmax,random,mse,nonzero,HLA-B*07:02,pearson_log,,2,2,False
baseline_plus_unconditional_anchor_softmax,random,mse,nonzero,HLA-B*07:02,auc_gt_2h,,2,2,False
baseline_plus_unconditional_anchor_softmax,random,mse,nonzero,HLA-B*08:01,spearman,0.0,3,3,False
baseline_plus_unconditional_anchor_softmax,random,mse,nonzero,HLA-B*08:01,pearson_log,-0.03819700235693918,3,3,False
baseline_plus_unconditional_anchor_softmax,random,mse,nonzero,HLA-B*08:01,auc_gt_2h,,3,3,False
baseline_plus_unconditional_anchor_softmax,random,mse,nonzero,HLA-B*08:03,spearman,,1,1,True
baseline_plus_unconditional_anchor_softmax,random,mse,nonzero,HLA-B*08:03,pearson_log,,1,1,True
baseline_plus_unconditional_anchor_softmax,random,mse,nonzero,HLA-B*08:03,auc_gt_2h,,1,1,True
baseline_plus_unconditional_anchor_softmax,random,mse,nonzero,HLA-B*13:02,spearman,,1,1,True
baseline_plus_unconditional_anchor_softmax,random,mse,nonzero,HLA-B*13:02,pearson_log,,1,1,True
baseline_plus_unconditional_anchor_softmax,random,mse,nonzero,HLA-B*13:02,auc_gt_2h,,1,1,True
baseline_plus_unconditional_anchor_softmax,random,mse,nonzero,HLA-B*14:02(C67S),spearman,,1,1,True
baseline_plus_unconditional_anchor_softmax,random,mse,nonzero,HLA-B*14:02(C67S),pearson_log,,1,1,True
baseline_plus_unconditional_anchor_softmax,random,mse,nonzero,HLA-B*14:02(C67S),auc_gt_2h,,1,1,True
baseline_plus_unconditional_anchor_softmax,random,mse,nonzero,HLA-B*15:01,spearman,,2,2,False
baseline_plus_unconditional_anchor_softmax,random,mse,nonzero,HLA-B*15:01,pearson_log,,2,2,False
baseline_plus_unconditional_anchor_softmax,random,mse,nonzero,HLA-B*15:01,auc_gt_2h,1.0,2,2,False
baseline_plus_unconditional_anchor_softmax,random,mse,nonzero,HLA-B*15:02,spearman,,2,2,False
baseline_plus_unconditional_anchor_softmax,random,mse,nonzero,HLA-B*15:02,pearson_log,,2,2,False
baseline_plus_unconditional_anchor_softmax,random,mse,nonzero,HLA-B*15:02,auc_gt_2h,1.0,2,2,False
baseline_plus_unconditional_anchor_softmax,random,mse,nonzero,HLA-B*15:10,spearman,,2,2,False
baseline_plus_unconditional_anchor_softmax,random,mse,nonzero,HLA-B*15:10,pearson_log,,2,2,False
baseline_plus_unconditional_anchor_softmax,random,mse,nonzero,HLA-B*15:10,auc_gt_2h,1.0,2,2,False
baseline_plus_unconditional_anchor_softmax,random,mse,nonzero,HLA-B*15:17,spearman,,1,1,True
baseline_plus_unconditional_anchor_softmax,random,mse,nonzero,HLA-B*15:17,pearson_log,,1,1,True
baseline_plus_unconditional_anchor_softmax,random,mse,nonzero,HLA-B*15:17,auc_gt_2h,,1,1,True
baseline_plus_unconditional_anchor_softmax,random,mse,nonzero,HLA-B*18:01,spearman,,2,2,False
baseline_plus_unconditional_anchor_softmax,random,mse,nonzero,HLA-B*18:01,pearson_log,,2,2,False
baseline_plus_unconditional_anchor_softmax,random,mse,nonzero,HLA-B*18:01,auc_gt_2h,0.0,2,2,False
baseline_plus_unconditional_anchor_softmax,random,mse,nonzero,HLA-B*27:02,spearman,,2,2,False
baseline_plus_unconditional_anchor_softmax,random,mse,nonzero,HLA-B*27:02,pearson_log,,2,2,False
baseline_plus_unconditional_anchor_softmax,random,mse,nonzero,HLA-B*27:02,auc_gt_2h,,2,2,False
baseline_plus_unconditional_anchor_softmax,random,mse,nonzero,HLA-B*27:03,spearman,,2,2,False
baseline_plus_unconditional_anchor_softmax,random,mse,nonzero,HLA-B*27:03,pearson_log,,2,2,False
baseline_plus_unconditional_anchor_softmax,random,mse,nonzero,HLA-B*27:03,auc_gt_2h,,2,2,False
baseline_plus_unconditional_anchor_softmax,random,mse,nonzero,HLA-B*27:05,spearman,0.5,3,3,False
baseline_plus_unconditional_anchor_softmax,random,mse,nonzero,HLA-B*27:05,pearson_log,0.5806841286994545,3,3,False
baseline_plus_unconditional_anchor_softmax,random,mse,nonzero,HLA-B*27:05,auc_gt_2h,0.5,3,3,False
baseline_plus_unconditional_anchor_softmax,random,mse,nonzero,HLA-B*27:20,spearman,,1,1,True
baseline_plus_unconditional_anchor_softmax,random,mse,nonzero,HLA-B*27:20,pearson_log,,1,1,True
baseline_plus_unconditional_anchor_softmax,random,mse,nonzero,HLA-B*27:20,auc_gt_2h,,1,1,True
baseline_plus_unconditional_anchor_softmax,random,mse,nonzero,HLA-B*35:01,spearman,,1,1,True
baseline_plus_unconditional_anchor_softmax,random,mse,nonzero,HLA-B*35:01,pearson_log,,1,1,True
baseline_plus_unconditional_anchor_softmax,random,mse,nonzero,HLA-B*35:01,auc_gt_2h,,1,1,True
baseline_plus_unconditional_anchor_softmax,random,mse,nonzero,HLA-B*35:03,spearman,,2,2,False
baseline_plus_unconditional_anchor_softmax,random,mse,nonzero,HLA-B*35:03,pearson_log,,2,2,False
baseline_plus_unconditional_anchor_softmax,random,mse,nonzero,HLA-B*35:03,auc_gt_2h,0.0,2,2,False
baseline_plus_unconditional_anchor_softmax,random,mse,nonzero,HLA-B*35:08,spearman,-0.5,3,3,False
baseline_plus_unconditional_anchor_softmax,random,mse,nonzero,HLA-B*35:08,pearson_log,0.19519255298913002,3,3,False
baseline_plus_unconditional_anchor_softmax,random,mse,nonzero,HLA-B*35:08,auc_gt_2h,0.5,3,3,False
baseline_plus_unconditional_anchor_softmax,random,mse,nonzero,HLA-B*39:01,spearman,,2,2,False
baseline_plus_unconditional_anchor_softmax,random,mse,nonzero,HLA-B*39:01,pearson_log,,2,2,False
baseline_plus_unconditional_anchor_softmax,random,mse,nonzero,HLA-B*39:01,auc_gt_2h,,2,2,False
baseline_plus_unconditional_anchor_softmax,random,mse,nonzero,HLA-B*39:02,spearman,,2,2,False
baseline_plus_unconditional_anchor_softmax,random,mse,nonzero,HLA-B*39:02,pearson_log,,2,2,False
baseline_plus_unconditional_anchor_softmax,random,mse,nonzero,HLA-B*39:02,auc_gt_2h,,2,2,False
baseline_plus_unconditional_anchor_softmax,random,mse,nonzero,HLA-B*39:10,spearman,,2,2,False
baseline_plus_unconditional_anchor_softmax,random,mse,nonzero,HLA-B*39:10,pearson_log,,2,2,False
baseline_plus_unconditional_anchor_softmax,random,mse,nonzero,HLA-B*39:10,auc_gt_2h,1.0,2,2,False
baseline_plus_unconditional_anchor_softmax,random,mse,nonzero,HLA-B*40:01,spearman,-0.5,3,3,False
baseline_plus_unconditional_anchor_softmax,random,mse,nonzero,HLA-B*40:01,pearson_log,-0.4204062282108331,3,3,False
baseline_plus_unconditional_anchor_softmax,random,mse,nonzero,HLA-B*40:01,auc_gt_2h,,3,3,False
baseline_plus_unconditional_anchor_softmax,random,mse,nonzero,HLA-B*40:02,spearman,1.0,3,3,False
baseline_plus_unconditional_anchor_softmax,random,mse,nonzero,HLA-B*40:02,pearson_log,0.6670310999194833,3,3,False
baseline_plus_unconditional_anchor_softmax,random,mse,nonzero,HLA-B*40:02,auc_gt_2h,1.0,3,3,False
baseline_plus_unconditional_anchor_softmax,random,mse,nonzero,HLA-B*41:01,spearman,,2,2,False
baseline_plus_unconditional_anchor_softmax,random,mse,nonzero,HLA-B*41:01,pearson_log,,2,2,False
baseline_plus_unconditional_anchor_softmax,random,mse,nonzero,HLA-B*41:01,auc_gt_2h,,2,2,False
baseline_plus_unconditional_anchor_softmax,random,mse,nonzero,HLA-B*42:01,spearman,,2,2,False
baseline_plus_unconditional_anchor_softmax,random,mse,nonzero,HLA-B*42:01,pearson_log,,2,2,False
baseline_plus_unconditional_anchor_softmax,random,mse,nonzero,HLA-B*42:01,auc_gt_2h,,2,2,False
baseline_plus_unconditional_anchor_softmax,random,mse,nonzero,HLA-B*42:02,spearman,-0.5,3,3,False
baseline_plus_unconditional_anchor_softmax,random,mse,nonzero,HLA-B*42:02,pearson_log,-0.8703728112723099,3,3,False
baseline_plus_unconditional_anchor_softmax,random,mse,nonzero,HLA-B*42:02,auc_gt_2h,0.0,3,3,False
baseline_plus_unconditional_anchor_softmax,random,mse,nonzero,HLA-B*44:05,spearman,,2,2,False
baseline_plus_unconditional_anchor_softmax,random,mse,nonzero,HLA-B*44:05,pearson_log,,2,2,False
baseline_plus_unconditional_anchor_softmax,random,mse,nonzero,HLA-B*44:05,auc_gt_2h,,2,2,False
baseline_plus_unconditional_anchor_softmax,random,mse,nonzero,HLA-B*45:01,spearman,,1,1,True
baseline_plus_unconditional_anchor_softmax,random,mse,nonzero,HLA-B*45:01,pearson_log,,1,1,True
baseline_plus_unconditional_anchor_softmax,random,mse,nonzero,HLA-B*45:01,auc_gt_2h,,1,1,True
baseline_plus_unconditional_anchor_softmax,random,mse,nonzero,HLA-B*46:01,spearman,,1,1,True
baseline_plus_unconditional_anchor_softmax,random,mse,nonzero,HLA-B*46:01,pearson_log,,1,1,True
baseline_plus_unconditional_anchor_softmax,random,mse,nonzero,HLA-B*46:01,auc_gt_2h,,1,1,True
baseline_plus_unconditional_anchor_softmax,random,mse,nonzero,HLA-B*51:01,spearman,,1,1,True
baseline_plus_unconditional_anchor_softmax,random,mse,nonzero,HLA-B*51:01,pearson_log,,1,1,True
baseline_plus_unconditional_anchor_softmax,random,mse,nonzero,HLA-B*51:01,auc_gt_2h,,1,1,True
baseline_plus_unconditional_anchor_softmax,random,mse,nonzero,HLA-B*54:01,spearman,,2,2,False
baseline_plus_unconditional_anchor_softmax,random,mse,nonzero,HLA-B*54:01,pearson_log,,2,2,False
baseline_plus_unconditional_anchor_softmax,random,mse,nonzero,HLA-B*54:01,auc_gt_2h,1.0,2,2,False
baseline_plus_unconditional_anchor_softmax,random,mse,nonzero,HLA-B*56:01,spearman,,2,2,False
baseline_plus_unconditional_anchor_softmax,random,mse,nonzero,HLA-B*56:01,pearson_log,,2,2,False
baseline_plus_unconditional_anchor_softmax,random,mse,nonzero,HLA-B*56:01,auc_gt_2h,,2,2,False
baseline_plus_unconditional_anchor_softmax,random,mse,nonzero,HLA-B*57:01,spearman,,2,2,False
baseline_plus_unconditional_anchor_softmax,random,mse,nonzero,HLA-B*57:01,pearson_log,,2,2,False
baseline_plus_unconditional_anchor_softmax,random,mse,nonzero,HLA-B*57:01,auc_gt_2h,,2,2,False
baseline_plus_unconditional_anchor_softmax,random,mse,nonzero,HLA-B*57:02,spearman,,2,2,False
baseline_plus_unconditional_anchor_softmax,random,mse,nonzero,HLA-B*57:02,pearson_log,,2,2,False
baseline_plus_unconditional_anchor_softmax,random,mse,nonzero,HLA-B*57:02,auc_gt_2h,,2,2,False
baseline_plus_unconditional_anchor_softmax,random,mse,nonzero,HLA-B*57:03,spearman,,2,2,False
baseline_plus_unconditional_anchor_softmax,random,mse,nonzero,HLA-B*57:03,pearson_log,,2,2,False
baseline_plus_unconditional_anchor_softmax,random,mse,nonzero,HLA-B*57:03,auc_gt_2h,,2,2,False
baseline_plus_unconditional_anchor_softmax,random,mse,nonzero,HLA-B*58:01,spearman,-1.0,3,3,False
baseline_plus_unconditional_anchor_softmax,random,mse,nonzero,HLA-B*58:01,pearson_log,-0.9852537814223149,3,3,False
baseline_plus_unconditional_anchor_softmax,random,mse,nonzero,HLA-B*58:01,auc_gt_2h,0.0,3,3,False
baseline_plus_unconditional_anchor_softmax,random,mse,nonzero,HLA-B*81:01,spearman,,2,2,False
baseline_plus_unconditional_anchor_softmax,random,mse,nonzero,HLA-B*81:01,pearson_log,,2,2,False
baseline_plus_unconditional_anchor_softmax,random,mse,nonzero,HLA-B*81:01,auc_gt_2h,,2,2,False
baseline_plus_unconditional_logp_per_position,leave_one_allele_out,mse,all,HLA-A*01:01,spearman,0.4574655454509391,14,14,False
baseline_plus_unconditional_logp_per_position,leave_one_allele_out,mse,all,HLA-A*01:01,pearson_log,0.4375159482274017,14,14,False
baseline_plus_unconditional_logp_per_position,leave_one_allele_out,mse,all,HLA-A*01:01,auc_gt_2h,0.7999999999999999,14,14,False
baseline_plus_unconditional_logp_per_position,leave_one_allele_out,mse,all,HLA-A*02:01,spearman,0.33883408842402946,14,14,False
baseline_plus_unconditional_logp_per_position,leave_one_allele_out,mse,all,HLA-A*02:01,pearson_log,0.7063606287307049,14,14,False
baseline_plus_unconditional_logp_per_position,leave_one_allele_out,mse,all,HLA-A*02:01,auc_gt_2h,1.0,14,14,False
baseline_plus_unconditional_logp_per_position,leave_one_allele_out,mse,all,HLA-A*02:03,spearman,0.3509967983715025,14,14,False
baseline_plus_unconditional_logp_per_position,leave_one_allele_out,mse,all,HLA-A*02:03,pearson_log,0.36880469998539944,14,14,False
baseline_plus_unconditional_logp_per_position,leave_one_allele_out,mse,all,HLA-A*02:03,auc_gt_2h,0.625,14,14,False
baseline_plus_unconditional_logp_per_position,leave_one_allele_out,mse,all,HLA-A*02:05,spearman,-0.03736263736263736,14,14,False
baseline_plus_unconditional_logp_per_position,leave_one_allele_out,mse,all,HLA-A*02:05,pearson_log,-0.07423731515476759,14,14,False
baseline_plus_unconditional_logp_per_position,leave_one_allele_out,mse,all,HLA-A*02:05,auc_gt_2h,0.425,14,14,False
baseline_plus_unconditional_logp_per_position,leave_one_allele_out,mse,all,HLA-A*02:10,spearman,0.367032967032967,14,14,False
baseline_plus_unconditional_logp_per_position,leave_one_allele_out,mse,all,HLA-A*02:10,pearson_log,0.40421009698011867,14,14,False
baseline_plus_unconditional_logp_per_position,leave_one_allele_out,mse,all,HLA-A*02:10,auc_gt_2h,0.7111111111111111,14,14,False
baseline_plus_unconditional_logp_per_position,leave_one_allele_out,mse,all,HLA-A*02:11,spearman,0.3138169442223833,14,14,False
baseline_plus_unconditional_logp_per_position,leave_one_allele_out,mse,all,HLA-A*02:11,pearson_log,0.4984518843934855,14,14,False
baseline_plus_unconditional_logp_per_position,leave_one_allele_out,mse,all,HLA-A*02:11,auc_gt_2h,0.9166666666666667,14,14,False
baseline_plus_unconditional_logp_per_position,leave_one_allele_out,mse,all,HLA-A*02:12,spearman,0.49890109890109896,14,14,False
baseline_plus_unconditional_logp_per_position,leave_one_allele_out,mse,all,HLA-A*02:12,pearson_log,0.7118988727784918,14,14,False
baseline_plus_unconditional_logp_per_position,leave_one_allele_out,mse,all,HLA-A*02:12,auc_gt_2h,0.9583333333333333,14,14,False
baseline_plus_unconditional_logp_per_position,leave_one_allele_out,mse,all,HLA-A*02:16,spearman,0.3036305467695849,14,14,False
baseline_plus_unconditional_logp_per_position,leave_one_allele_out,mse,all,HLA-A*02:16,pearson_log,0.3687306573682861,14,14,False
baseline_plus_unconditional_logp_per_position,leave_one_allele_out,mse,all,HLA-A*02:16,auc_gt_2h,0.6666666666666666,14,14,False
baseline_plus_unconditional_logp_per_position,leave_one_allele_out,mse,all,HLA-A*02:19,spearman,0.5060509112826415,14,14,False
baseline_plus_unconditional_logp_per_position,leave_one_allele_out,mse,all,HLA-A*02:19,pearson_log,0.47487766210118765,14,14,False
baseline_plus_unconditional_logp_per_position,leave_one_allele_out,mse,all,HLA-A*02:19,auc_gt_2h,0.7249999999999999,14,14,False
baseline_plus_unconditional_logp_per_position,leave_one_allele_out,mse,all,HLA-A*02:50,spearman,0.44175824175824174,14,14,False
baseline_plus_unconditional_logp_per_position,leave_one_allele_out,mse,all,HLA-A*02:50,pearson_log,0.41209670096322326,14,14,False
baseline_plus_unconditional_logp_per_position,leave_one_allele_out,mse,all,HLA-A*02:50,auc_gt_2h,0.9230769230769231,14,14,False
baseline_plus_unconditional_logp_per_position,leave_one_allele_out,mse,all,HLA-A*03:01,spearman,0.18722512377823863,14,14,False
baseline_plus_unconditional_logp_per_position,leave_one_allele_out,mse,all,HLA-A*03:01,pearson_log,0.05892088349858808,14,14,False
baseline_plus_unconditional_logp_per_position,leave_one_allele_out,mse,all,HLA-A*03:01,auc_gt_2h,0.8,14,14,False
baseline_plus_unconditional_logp_per_position,leave_one_allele_out,mse,all,HLA-A*11:01,spearman,-0.1032967032967033,14,14,False
baseline_plus_unconditional_logp_per_position,leave_one_allele_out,mse,all,HLA-A*11:01,pearson_log,-0.0961973251107714,14,14,False
baseline_plus_unconditional_logp_per_position,leave_one_allele_out,mse,all,HLA-A*11:01,auc_gt_2h,0.37777777777777777,14,14,False
baseline_plus_unconditional_logp_per_position,leave_one_allele_out,mse,all,HLA-A*23:01,spearman,0.3494505494505495,14,14,False
baseline_plus_unconditional_logp_per_position,leave_one_allele_out,mse,all,HLA-A*23:01,pearson_log,0.28110888460225497,14,14,False
baseline_plus_unconditional_logp_per_position,leave_one_allele_out,mse,all,HLA-A*23:01,auc_gt_2h,0.5833333333333334,14,14,False
baseline_plus_unconditional_logp_per_position,leave_one_allele_out,mse,all,HLA-A*24:02,spearman,0.2872972024571115,14,14,False
baseline_plus_unconditional_logp_per_position,leave_one_allele_out,mse,all,HLA-A*24:02,pearson_log,0.32175415238029315,14,14,False
baseline_plus_unconditional_logp_per_position,leave_one_allele_out,mse,all,HLA-A*24:02,auc_gt_2h,0.825,14,14,False
baseline_plus_unconditional_logp_per_position,leave_one_allele_out,mse,all,HLA-A*24:03,spearman,0.32123231759680715,14,14,False
baseline_plus_unconditional_logp_per_position,leave_one_allele_out,mse,all,HLA-A*24:03,pearson_log,0.30125628779527164,14,14,False
baseline_plus_unconditional_logp_per_position,leave_one_allele_out,mse,all,HLA-A*24:03,auc_gt_2h,0.5777777777777777,14,14,False
baseline_plus_unconditional_logp_per_position,leave_one_allele_out,mse,all,HLA-A*24:07,spearman,-0.2043956043956044,14,14,False
baseline_plus_unconditional_logp_per_position,leave_one_allele_out,mse,all,HLA-A*24:07,pearson_log,-0.17722800515771958,14,14,False
baseline_plus_unconditional_logp_per_position,leave_one_allele_out,mse,all,HLA-A*24:07,auc_gt_2h,0.29166666666666663,14,14,False
baseline_plus_unconditional_logp_per_position,leave_one_allele_out,mse,all,HLA-A*24:19,spearman,0.6931261514705914,14,14,False
baseline_plus_unconditional_logp_per_position,leave_one_allele_out,mse,all,HLA-A*24:19,pearson_log,0.6826076192519861,14,14,False
baseline_plus_unconditional_logp_per_position,leave_one_allele_out,mse,all,HLA-A*24:19,auc_gt_2h,0.8461538461538461,14,14,False
baseline_plus_unconditional_logp_per_position,leave_one_allele_out,mse,all,HLA-A*25:01,spearman,-0.07417603469297736,14,14,False
baseline_plus_unconditional_logp_per_position,leave_one_allele_out,mse,all,HLA-A*25:01,pearson_log,0.014815683539718155,14,14,False
baseline_plus_unconditional_logp_per_position,leave_one_allele_out,mse,all,HLA-A*25:01,auc_gt_2h,0.30303030303030304,14,14,False
baseline_plus_unconditional_logp_per_position,leave_one_allele_out,mse,all,HLA-A*26:01,spearman,-0.26549257346766736,14,14,False
baseline_plus_unconditional_logp_per_position,leave_one_allele_out,mse,all,HLA-A*26:01,pearson_log,-0.26399774071803456,14,14,False
baseline_plus_unconditional_logp_per_position,leave_one_allele_out,mse,all,HLA-A*26:01,auc_gt_2h,0.3333333333333333,14,14,False
baseline_plus_unconditional_logp_per_position,leave_one_allele_out,mse,all,HLA-A*26:02,spearman,0.28414165843991507,14,14,False
baseline_plus_unconditional_logp_per_position,leave_one_allele_out,mse,all,HLA-A*26:02,pearson_log,0.3450997074366664,14,14,False
baseline_plus_unconditional_logp_per_position,leave_one_allele_out,mse,all,HLA-A*26:02,auc_gt_2h,0.5,14,14,False
baseline_plus_unconditional_logp_per_position,leave_one_allele_out,mse,all,HLA-A*26:03,spearman,0.10318550038330362,14,14,False
baseline_plus_unconditional_logp_per_position,leave_one_allele_out,mse,all,HLA-A*26:03,pearson_log,0.1894188196854144,14,14,False
baseline_plus_unconditional_logp_per_position,leave_one_allele_out,mse,all,HLA-A*26:03,auc_gt_2h,0.7272727272727273,14,14,False
baseline_plus_unconditional_logp_per_position,leave_one_allele_out,mse,all,HLA-A*29:02,spearman,0.2879120879120879,14,14,False
baseline_plus_unconditional_logp_per_position,leave_one_allele_out,mse,all,HLA-A*29:02,pearson_log,0.22040448344709096,14,14,False
baseline_plus_unconditional_logp_per_position,leave_one_allele_out,mse,all,HLA-A*29:02,auc_gt_2h,0.5208333333333333,14,14,False
baseline_plus_unconditional_logp_per_position,leave_one_allele_out,mse,all,HLA-A*30:01,spearman,0.04203632413238066,14,14,False
baseline_plus_unconditional_logp_per_position,leave_one_allele_out,mse,all,HLA-A*30:01,pearson_log,0.06539793745231826,14,14,False
baseline_plus_unconditional_logp_per_position,leave_one_allele_out,mse,all,HLA-A*30:01,auc_gt_2h,0.375,14,14,False
baseline_plus_unconditional_logp_per_position,leave_one_allele_out,mse,all,HLA-A*30:02,spearman,0.04449721317118612,14,14,False
baseline_plus_unconditional_logp_per_position,leave_one_allele_out,mse,all,HLA-A*30:02,pearson_log,0.0069193474019378365,14,14,False
baseline_plus_unconditional_logp_per_position,leave_one_allele_out,mse,all,HLA-A*30:02,auc_gt_2h,0.42500000000000004,14,14,False
baseline_plus_unconditional_logp_per_position,leave_one_allele_out,mse,all,HLA-A*31:01,spearman,-0.2787672021410507,14,14,False
baseline_plus_unconditional_logp_per_position,leave_one_allele_out,mse,all,HLA-A*31:01,pearson_log,-0.39477146898624405,14,14,False
baseline_plus_unconditional_logp_per_position,leave_one_allele_out,mse,all,HLA-A*31:01,auc_gt_2h,0.3939393939393939,14,14,False
baseline_plus_unconditional_logp_per_position,leave_one_allele_out,mse,all,HLA-A*32:01,spearman,-0.10607896706108733,14,14,False
baseline_plus_unconditional_logp_per_position,leave_one_allele_out,mse,all,HLA-A*32:01,pearson_log,-0.04940804580716651,14,14,False
baseline_plus_unconditional_logp_per_position,leave_one_allele_out,mse,all,HLA-A*32:01,auc_gt_2h,0.4666666666666666,14,14,False
baseline_plus_unconditional_logp_per_position,leave_one_allele_out,mse,all,HLA-A*32:07,spearman,0.4176859328030314,14,14,False
baseline_plus_unconditional_logp_per_position,leave_one_allele_out,mse,all,HLA-A*32:07,pearson_log,0.3704961455635365,14,14,False
baseline_plus_unconditional_logp_per_position,leave_one_allele_out,mse,all,HLA-A*32:07,auc_gt_2h,0.7142857142857143,14,14,False
baseline_plus_unconditional_logp_per_position,leave_one_allele_out,mse,all,HLA-A*33:03,spearman,-0.14099509874306845,14,14,False
baseline_plus_unconditional_logp_per_position,leave_one_allele_out,mse,all,HLA-A*33:03,pearson_log,-0.2706786059067604,14,14,False
baseline_plus_unconditional_logp_per_position,leave_one_allele_out,mse,all,HLA-A*33:03,auc_gt_2h,0.2727272727272727,14,14,False
baseline_plus_unconditional_logp_per_position,leave_one_allele_out,mse,all,HLA-A*43:01,spearman,0.31959796173138705,14,14,False
baseline_plus_unconditional_logp_per_position,leave_one_allele_out,mse,all,HLA-A*43:01,pearson_log,0.27916626256617455,14,14,False
baseline_plus_unconditional_logp_per_position,leave_one_allele_out,mse,all,HLA-A*43:01,auc_gt_2h,0.3846153846153846,14,14,False
baseline_plus_unconditional_logp_per_position,leave_one_allele_out,mse,all,HLA-A*66:01,spearman,0.2803378634060784,14,14,False
baseline_plus_unconditional_logp_per_position,leave_one_allele_out,mse,all,HLA-A*66:01,pearson_log,0.41266596825184343,14,14,False
baseline_plus_unconditional_logp_per_position,leave_one_allele_out,mse,all,HLA-A*66:01,auc_gt_2h,0.9230769230769231,14,14,False
baseline_plus_unconditional_logp_per_position,leave_one_allele_out,mse,all,HLA-A*68:01,spearman,0.03114804921983029,14,14,False
baseline_plus_unconditional_logp_per_position,leave_one_allele_out,mse,all,HLA-A*68:01,pearson_log,-0.045825236871240196,14,14,False
baseline_plus_unconditional_logp_per_position,leave_one_allele_out,mse,all,HLA-A*68:01,auc_gt_2h,0.36734693877551017,14,14,False
baseline_plus_unconditional_logp_per_position,leave_one_allele_out,mse,all,HLA-A*68:02,spearman,-0.20385752285404618,13,13,False
baseline_plus_unconditional_logp_per_position,leave_one_allele_out,mse,all,HLA-A*68:02,pearson_log,-0.257124785306144,13,13,False
baseline_plus_unconditional_logp_per_position,leave_one_allele_out,mse,all,HLA-A*68:02,auc_gt_2h,0.08333333333333337,13,13,False
baseline_plus_unconditional_logp_per_position,leave_one_allele_out,mse,all,HLA-A*68:23,spearman,0.04769639068826702,13,13,False
baseline_plus_unconditional_logp_per_position,leave_one_allele_out,mse,all,HLA-A*68:23,pearson_log,0.10184311399256366,13,13,False
baseline_plus_unconditional_logp_per_position,leave_one_allele_out,mse,all,HLA-A*68:23,auc_gt_2h,0.9166666666666666,13,13,False
baseline_plus_unconditional_logp_per_position,leave_one_allele_out,mse,all,HLA-A*69:01,spearman,-0.3212741748173908,13,13,False
baseline_plus_unconditional_logp_per_position,leave_one_allele_out,mse,all,HLA-A*69:01,pearson_log,-0.33546630138942324,13,13,False
baseline_plus_unconditional_logp_per_position,leave_one_allele_out,mse,all,HLA-A*69:01,auc_gt_2h,0.16666666666666663,13,13,False
baseline_plus_unconditional_logp_per_position,leave_one_allele_out,mse,all,HLA-A*74:01,spearman,-0.14600606366573576,13,13,False
baseline_plus_unconditional_logp_per_position,leave_one_allele_out,mse,all,HLA-A*74:01,pearson_log,-0.10293885668419142,13,13,False
baseline_plus_unconditional_logp_per_position,leave_one_allele_out,mse,all,HLA-A*74:01,auc_gt_2h,0.425,13,13,False
baseline_plus_unconditional_logp_per_position,leave_one_allele_out,mse,all,HLA-A*80:01,spearman,0.7406729113593745,13,13,False
baseline_plus_unconditional_logp_per_position,leave_one_allele_out,mse,all,HLA-A*80:01,pearson_log,0.6590304244709511,13,13,False
baseline_plus_unconditional_logp_per_position,leave_one_allele_out,mse,all,HLA-A*80:01,auc_gt_2h,0.7272727272727273,13,13,False
baseline_plus_unconditional_logp_per_position,leave_one_allele_out,mse,all,HLA-B*07:02,spearman,-0.3374907814282527,13,13,False
baseline_plus_unconditional_logp_per_position,leave_one_allele_out,mse,all,HLA-B*07:02,pearson_log,-0.08775275811158718,13,13,False
baseline_plus_unconditional_logp_per_position,leave_one_allele_out,mse,all,HLA-B*07:02,auc_gt_2h,0.38095238095238093,13,13,False
baseline_plus_unconditional_logp_per_position,leave_one_allele_out,mse,all,HLA-B*08:01,spearman,-0.0694487315355029,13,13,False
baseline_plus_unconditional_logp_per_position,leave_one_allele_out,mse,all,HLA-B*08:01,pearson_log,-0.0026708943037813265,13,13,False
baseline_plus_unconditional_logp_per_position,leave_one_allele_out,mse,all,HLA-B*08:01,auc_gt_2h,,13,13,False
baseline_plus_unconditional_logp_per_position,leave_one_allele_out,mse,all,HLA-B*08:03,spearman,-0.03642156795423417,13,13,False
baseline_plus_unconditional_logp_per_position,leave_one_allele_out,mse,all,HLA-B*08:03,pearson_log,-0.08639307017612047,13,13,False
baseline_plus_unconditional_logp_per_position,leave_one_allele_out,mse,all,HLA-B*08:03,auc_gt_2h,0.4666666666666666,13,13,False
baseline_plus_unconditional_logp_per_position,leave_one_allele_out,mse,all,HLA-B*13:02,spearman,-0.22237479499833038,7,7,False
baseline_plus_unconditional_logp_per_position,leave_one_allele_out,mse,all,HLA-B*13:02,pearson_log,-0.34774901227358207,7,7,False
baseline_plus_unconditional_logp_per_position,leave_one_allele_out,mse,all,HLA-B*13:02,auc_gt_2h,0.25,7,7,False
baseline_plus_unconditional_logp_per_position,leave_one_allele_out,mse,all,HLA-B*14:01(C67S),spearman,-0.3086066999241838,13,13,False
baseline_plus_unconditional_logp_per_position,leave_one_allele_out,mse,all,HLA-B*14:01(C67S),pearson_log,-0.20215725701697007,13,13,False
baseline_plus_unconditional_logp_per_position,leave_one_allele_out,mse,all,HLA-B*14:01(C67S),auc_gt_2h,,13,13,False
baseline_plus_unconditional_logp_per_position,leave_one_allele_out,mse,all,HLA-B*14:02(C67S),spearman,0.12842635282710071,13,13,False
baseline_plus_unconditional_logp_per_position,leave_one_allele_out,mse,all,HLA-B*14:02(C67S),pearson_log,0.14386359485286926,13,13,False
baseline_plus_unconditional_logp_per_position,leave_one_allele_out,mse,all,HLA-B*14:02(C67S),auc_gt_2h,0.4722222222222222,13,13,False
baseline_plus_unconditional_logp_per_position,leave_one_allele_out,mse,all,HLA-B*15:01,spearman,0.0577717190274766,13,13,False
baseline_plus_unconditional_logp_per_position,leave_one_allele_out,mse,all,HLA-B*15:01,pearson_log,-0.09819210860783391,13,13,False
baseline_plus_unconditional_logp_per_position,leave_one_allele_out,mse,all,HLA-B*15:01,auc_gt_2h,0.4444444444444444,13,13,False
baseline_plus_unconditional_logp_per_position,leave_one_allele_out,mse,all,HLA-B*15:02,spearman,-0.2543387873643857,13,13,False
baseline_plus_unconditional_logp_per_position,leave_one_allele_out,mse,all,HLA-B*15:02,pearson_log,-0.38878235477598944,13,13,False
baseline_plus_unconditional_logp_per_position,leave_one_allele_out,mse,all,HLA-B*15:02,auc_gt_2h,0.5,13,13,False
baseline_plus_unconditional_logp_per_position,leave_one_allele_out,mse,all,HLA-B*15:10,spearman,0.37689169079829965,13,13,False
baseline_plus_unconditional_logp_per_position,leave_one_allele_out,mse,all,HLA-B*15:10,pearson_log,0.374042886485874,13,13,False
baseline_plus_unconditional_logp_per_position,leave_one_allele_out,mse,all,HLA-B*15:10,auc_gt_2h,0.6818181818181818,13,13,False
baseline_plus_unconditional_logp_per_position,leave_one_allele_out,mse,all,HLA-B*15:17,spearman,-0.1385089379377248,13,13,False
baseline_plus_unconditional_logp_per_position,leave_one_allele_out,mse,all,HLA-B*15:17,pearson_log,-0.30412539706699865,13,13,False
baseline_plus_unconditional_logp_per_position,leave_one_allele_out,mse,all,HLA-B*15:17,auc_gt_2h,0.6,13,13,False
baseline_plus_unconditional_logp_per_position,leave_one_allele_out,mse,all,HLA-B*18:01,spearman,-0.12379654077316414,13,13,False
baseline_plus_unconditional_logp_per_position,leave_one_allele_out,mse,all,HLA-B*18:01,pearson_log,-0.12781184834515896,13,13,False
baseline_plus_unconditional_logp_per_position,leave_one_allele_out,mse,all,HLA-B*18:01,auc_gt_2h,0.26190476190476186,13,13,False
baseline_plus_unconditional_logp_per_position,leave_one_allele_out,mse,all,HLA-B*27:02,spearman,0.2710991522948259,13,13,False
baseline_plus_unconditional_logp_per_position,leave_one_allele_out,mse,all,HLA-B*27:02,pearson_log,0.25208955655191473,13,13,False
baseline_plus_unconditional_logp_per_position,leave_one_allele_out,mse,all,HLA-B*27:02,auc_gt_2h,0.8888888888888888,13,13,False
baseline_plus_unconditional_logp_per_position,leave_one_allele_out,mse,all,HLA-B*27:03,spearman,0.3096598750896103,13,13,False
baseline_plus_unconditional_logp_per_position,leave_one_allele_out,mse,all,HLA-B*27:03,pearson_log,0.5200004533673808,13,13,False
baseline_plus_unconditional_logp_per_position,leave_one_allele_out,mse,all,HLA-B*27:03,auc_gt_2h,0.625,13,13,False
baseline_plus_unconditional_logp_per_position,leave_one_allele_out,mse,all,HLA-B*27:05,spearman,0.24000205472317604,13,13,False
baseline_plus_unconditional_logp_per_position,leave_one_allele_out,mse,all,HLA-B*27:05,pearson_log,0.20413983647253164,13,13,False
baseline_plus_unconditional_logp_per_position,leave_one_allele_out,mse,all,HLA-B*27:05,auc_gt_2h,0.55,13,13,False
baseline_plus_unconditional_logp_per_position,leave_one_allele_out,mse,all,HLA-B*27:20,spearman,0.18181887173468986,13,13,False
baseline_plus_unconditional_logp_per_position,leave_one_allele_out,mse,all,HLA-B*27:20,pearson_log,0.1405168602775777,13,13,False
baseline_plus_unconditional_logp_per_position,leave_one_allele_out,mse,all,HLA-B*27:20,auc_gt_2h,0.5833333333333334,13,13,False
baseline_plus_unconditional_logp_per_position,leave_one_allele_out,mse,all,HLA-B*35:01,spearman,0.4463565767057445,13,13,False
baseline_plus_unconditional_logp_per_position,leave_one_allele_out,mse,all,HLA-B*35:01,pearson_log,0.33576068152228417,13,13,False
baseline_plus_unconditional_logp_per_position,leave_one_allele_out,mse,all,HLA-B*35:01,auc_gt_2h,0.7333333333333334,13,13,False
baseline_plus_unconditional_logp_per_position,leave_one_allele_out,mse,all,HLA-B*35:03,spearman,0.3911860573685751,13,13,False
baseline_plus_unconditional_logp_per_position,leave_one_allele_out,mse,all,HLA-B*35:03,pearson_log,0.2439013244859214,13,13,False
baseline_plus_unconditional_logp_per_position,leave_one_allele_out,mse,all,HLA-B*35:03,auc_gt_2h,0.55,13,13,False
baseline_plus_unconditional_logp_per_position,leave_one_allele_out,mse,all,HLA-B*35:08,spearman,-0.1329685804202158,13,13,False
baseline_plus_unconditional_logp_per_position,leave_one_allele_out,mse,all,HLA-B*35:08,pearson_log,-0.08715079041252514,13,13,False
baseline_plus_unconditional_logp_per_position,leave_one_allele_out,mse,all,HLA-B*35:08,auc_gt_2h,0.5454545454545454,13,13,False
baseline_plus_unconditional_logp_per_position,leave_one_allele_out,mse,all,HLA-B*39:01,spearman,0.5391236405766415,13,13,False
baseline_plus_unconditional_logp_per_position,leave_one_allele_out,mse,all,HLA-B*39:01,pearson_log,0.726173728702464,13,13,False
baseline_plus_unconditional_logp_per_position,leave_one_allele_out,mse,all,HLA-B*39:01,auc_gt_2h,1.0,13,13,False
baseline_plus_unconditional_logp_per_position,leave_one_allele_out,mse,all,HLA-B*39:02,spearman,0.0056033181468052575,13,13,False
baseline_plus_unconditional_logp_per_position,leave_one_allele_out,mse,all,HLA-B*39:02,pearson_log,-0.015163307270245417,13,13,False
baseline_plus_unconditional_logp_per_position,leave_one_allele_out,mse,all,HLA-B*39:02,auc_gt_2h,0.6363636363636364,13,13,False
baseline_plus_unconditional_logp_per_position,leave_one_allele_out,mse,all,HLA-B*39:06(C67S),spearman,0.4629100498862757,13,13,False
baseline_plus_unconditional_logp_per_position,leave_one_allele_out,mse,all,HLA-B*39:06(C67S),pearson_log,0.5562075949159744,13,13,False
baseline_plus_unconditional_logp_per_position,leave_one_allele_out,mse,all,HLA-B*39:06(C67S),auc_gt_2h,1.0,13,13,False
baseline_plus_unconditional_logp_per_position,leave_one_allele_out,mse,all,HLA-B*39:10,spearman,0.05502068478807295,13,13,False
baseline_plus_unconditional_logp_per_position,leave_one_allele_out,mse,all,HLA-B*39:10,pearson_log,0.010891874379039476,13,13,False
baseline_plus_unconditional_logp_per_position,leave_one_allele_out,mse,all,HLA-B*39:10,auc_gt_2h,0.4523809523809524,13,13,False
baseline_plus_unconditional_logp_per_position,leave_one_allele_out,mse,all,HLA-B*40:01,spearman,0.04132247084879315,13,13,False
baseline_plus_unconditional_logp_per_position,leave_one_allele_out,mse,all,HLA-B*40:01,pearson_log,0.08378332516757793,13,13,False
baseline_plus_unconditional_logp_per_position,leave_one_allele_out,mse,all,HLA-B*40:01,auc_gt_2h,0.75,13,13,False
baseline_plus_unconditional_logp_per_position,leave_one_allele_out,mse,all,HLA-B*40:02,spearman,0.4450549450549451,13,13,False
baseline_plus_unconditional_logp_per_position,leave_one_allele_out,mse,all,HLA-B*40:02,pearson_log,0.4239609043002991,13,13,False
baseline_plus_unconditional_logp_per_position,leave_one_allele_out,mse,all,HLA-B*40:02,auc_gt_2h,0.7666666666666666,13,13,False
baseline_plus_unconditional_logp_per_position,leave_one_allele_out,mse,all,HLA-B*41:01,spearman,-0.16233279870731013,13,13,False
baseline_plus_unconditional_logp_per_position,leave_one_allele_out,mse,all,HLA-B*41:01,pearson_log,-0.1937031012428473,13,13,False
baseline_plus_unconditional_logp_per_position,leave_one_allele_out,mse,all,HLA-B*41:01,auc_gt_2h,,13,13,False
baseline_plus_unconditional_logp_per_position,leave_one_allele_out,mse,all,HLA-B*42:01,spearman,-0.1758241758241758,13,13,False
baseline_plus_unconditional_logp_per_position,leave_one_allele_out,mse,all,HLA-B*42:01,pearson_log,-0.018076924938914864,13,13,False
baseline_plus_unconditional_logp_per_position,leave_one_allele_out,mse,all,HLA-B*42:01,auc_gt_2h,0.45454545454545453,13,13,False
baseline_plus_unconditional_logp_per_position,leave_one_allele_out,mse,all,HLA-B*42:02,spearman,-0.48760515601575916,13,13,False
baseline_plus_unconditional_logp_per_position,leave_one_allele_out,mse,all,HLA-B*42:02,pearson_log,-0.5865837449544626,13,13,False
baseline_plus_unconditional_logp_per_position,leave_one_allele_out,mse,all,HLA-B*42:02,auc_gt_2h,0.2380952380952381,13,13,False
baseline_plus_unconditional_logp_per_position,leave_one_allele_out,mse,all,HLA-B*44:05,spearman,-0.3360894295701843,13,13,False
baseline_plus_unconditional_logp_per_position,leave_one_allele_out,mse,all,HLA-B*44:05,pearson_log,-0.5747566949159115,13,13,False
baseline_plus_unconditional_logp_per_position,leave_one_allele_out,mse,all,HLA-B*44:05,auc_gt_2h,0.30000000000000004,13,13,False
baseline_plus_unconditional_logp_per_position,leave_one_allele_out,mse,all,HLA-B*45:01,spearman,0.21232032422714525,13,13,False
baseline_plus_unconditional_logp_per_position,leave_one_allele_out,mse,all,HLA-B*45:01,pearson_log,0.1843707030528523,13,13,False
baseline_plus_unconditional_logp_per_position,leave_one_allele_out,mse,all,HLA-B*45:01,auc_gt_2h,0.75,13,13,False
baseline_plus_unconditional_logp_per_position,leave_one_allele_out,mse,all,HLA-B*46:01,spearman,0.03467628831697435,13,13,False
baseline_plus_unconditional_logp_per_position,leave_one_allele_out,mse,all,HLA-B*46:01,pearson_log,0.004282565621883935,13,13,False
baseline_plus_unconditional_logp_per_position,leave_one_allele_out,mse,all,HLA-B*46:01,auc_gt_2h,0.7727272727272727,13,13,False
baseline_plus_unconditional_logp_per_position,leave_one_allele_out,mse,all,HLA-B*51:01,spearman,-0.020132867966225956,13,13,False
baseline_plus_unconditional_logp_per_position,leave_one_allele_out,mse,all,HLA-B*51:01,pearson_log,-0.07971438321888316,13,13,False
baseline_plus_unconditional_logp_per_position,leave_one_allele_out,mse,all,HLA-B*51:01,auc_gt_2h,0.4722222222222222,13,13,False
baseline_plus_unconditional_logp_per_position,leave_one_allele_out,mse,all,HLA-B*54:01,spearman,0.40129008673047517,13,13,False
baseline_plus_unconditional_logp_per_position,leave_one_allele_out,mse,all,HLA-B*54:01,pearson_log,0.5004602273902061,13,13,False
baseline_plus_unconditional_logp_per_position,leave_one_allele_out,mse,all,HLA-B*54:01,auc_gt_2h,1.0,13,13,False
baseline_plus_unconditional_logp_per_position,leave_one_allele_out,mse,all,HLA-B*55:01,spearman,0.4681589334958621,13,13,False
baseline_plus_unconditional_logp_per_position,leave_one_allele_out,mse,all,HLA-B*55:01,pearson_log,0.3546190531189348,13,13,False
baseline_plus_unconditional_logp_per_position,leave_one_allele_out,mse,all,HLA-B*55:01,auc_gt_2h,0.5833333333333333,13,13,False
baseline_plus_unconditional_logp_per_position,leave_one_allele_out,mse,all,HLA-B*56:01,spearman,-0.20689934475481173,13,13,False
baseline_plus_unconditional_logp_per_position,leave_one_allele_out,mse,all,HLA-B*56:01,pearson_log,-0.1894566541499012,13,13,False
baseline_plus_unconditional_logp_per_position,leave_one_allele_out,mse,all,HLA-B*56:01,auc_gt_2h,,13,13,False
baseline_plus_unconditional_logp_per_position,leave_one_allele_out,mse,all,HLA-B*57:01,spearman,0.11279240381554954,13,13,False
baseline_plus_unconditional_logp_per_position,leave_one_allele_out,mse,all,HLA-B*57:01,pearson_log,0.310543912991979,13,13,False
baseline_plus_unconditional_logp_per_position,leave_one_allele_out,mse,all,HLA-B*57:01,auc_gt_2h,1.0,13,13,False
baseline_plus_unconditional_logp_per_position,leave_one_allele_out,mse,all,HLA-B*57:02,spearman,-0.20689832303722072,13,13,False
baseline_plus_unconditional_logp_per_position,leave_one_allele_out,mse,all,HLA-B*57:02,pearson_log,-0.2633774051563279,13,13,False
baseline_plus_unconditional_logp_per_position,leave_one_allele_out,mse,all,HLA-B*57:02,auc_gt_2h,0.2727272727272727,13,13,False
baseline_plus_unconditional_logp_per_position,leave_one_allele_out,mse,all,HLA-B*57:03,spearman,0.25274725274725274,13,13,False
baseline_plus_unconditional_logp_per_position,leave_one_allele_out,mse,all,HLA-B*57:03,pearson_log,0.20458988534882944,13,13,False
baseline_plus_unconditional_logp_per_position,leave_one_allele_out,mse,all,HLA-B*57:03,auc_gt_2h,0.4666666666666667,13,13,False
baseline_plus_unconditional_logp_per_position,leave_one_allele_out,mse,all,HLA-B*58:01,spearman,0.0522696505486693,13,13,False
baseline_plus_unconditional_logp_per_position,leave_one_allele_out,mse,all,HLA-B*58:01,pearson_log,-0.16710755987747067,13,13,False
baseline_plus_unconditional_logp_per_position,leave_one_allele_out,mse,all,HLA-B*58:01,auc_gt_2h,0.5952380952380952,13,13,False
baseline_plus_unconditional_logp_per_position,leave_one_allele_out,mse,all,HLA-B*81:01,spearman,0.3328867017345503,13,13,False
baseline_plus_unconditional_logp_per_position,leave_one_allele_out,mse,all,HLA-B*81:01,pearson_log,0.40063276932583064,13,13,False
baseline_plus_unconditional_logp_per_position,leave_one_allele_out,mse,all,HLA-B*81:01,auc_gt_2h,0.5833333333333333,13,13,False
baseline_plus_unconditional_logp_per_position,leave_one_allele_out,mse,nonzero,HLA-A*01:01,spearman,0.4536761324117495,13,13,False
baseline_plus_unconditional_logp_per_position,leave_one_allele_out,mse,nonzero,HLA-A*01:01,pearson_log,0.4155278103552335,13,13,False
baseline_plus_unconditional_logp_per_position,leave_one_allele_out,mse,nonzero,HLA-A*01:01,auc_gt_2h,0.7777777777777779,13,13,False
baseline_plus_unconditional_logp_per_position,leave_one_allele_out,mse,nonzero,HLA-A*02:01,spearman,0.33883408842402946,14,14,False
baseline_plus_unconditional_logp_per_position,leave_one_allele_out,mse,nonzero,HLA-A*02:01,pearson_log,0.7063606287307049,14,14,False
baseline_plus_unconditional_logp_per_position,leave_one_allele_out,mse,nonzero,HLA-A*02:01,auc_gt_2h,1.0,14,14,False
baseline_plus_unconditional_logp_per_position,leave_one_allele_out,mse,nonzero,HLA-A*02:03,spearman,0.18181818181818182,11,11,False
baseline_plus_unconditional_logp_per_position,leave_one_allele_out,mse,nonzero,HLA-A*02:03,pearson_log,0.21233019579756018,11,11,False
baseline_plus_unconditional_logp_per_position,leave_one_allele_out,mse,nonzero,HLA-A*02:03,auc_gt_2h,0.5,11,11,False
baseline_plus_unconditional_logp_per_position,leave_one_allele_out,mse,nonzero,HLA-A*02:05,spearman,-0.03736263736263736,14,14,False
baseline_plus_unconditional_logp_per_position,leave_one_allele_out,mse,nonzero,HLA-A*02:05,pearson_log,-0.07423731515476759,14,14,False
baseline_plus_unconditional_logp_per_position,leave_one_allele_out,mse,nonzero,HLA-A*02:05,auc_gt_2h,0.425,14,14,False
baseline_plus_unconditional_logp_per_position,leave_one_allele_out,mse,nonzero,HLA-A*02:10,spearman,0.367032967032967,14,14,False
baseline_plus_unconditional_logp_per_position,leave_one_allele_out,mse,nonzero,HLA-A*02:10,pearson_log,0.40421009698011867,14,14,False
baseline_plus_unconditional_logp_per_position,leave_one_allele_out,mse,nonzero,HLA-A*02:10,auc_gt_2h,0.7111111111111111,14,14,False
baseline_plus_unconditional_logp_per_position,leave_one_allele_out,mse,nonzero,HLA-A*02:11,spearman,0.3138169442223833,14,14,False
baseline_plus_unconditional_logp_per_position,leave_one_allele_out,mse,nonzero,HLA-A*02:11,pearson_log,0.4984518843934855,14,14,False
baseline_plus_unconditional_logp_per_position,leave_one_allele_out,mse,nonzero,HLA-A*02:11,auc_gt_2h,0.9166666666666667,14,14,False
baseline_plus_unconditional_logp_per_position,leave_one_allele_out,mse,nonzero,HLA-A*02:12,spearman,0.49890109890109896,14,14,False
baseline_plus_unconditional_logp_per_position,leave_one_allele_out,mse,nonzero,HLA-A*02:12,pearson_log,0.7118988727784918,14,14,False
baseline_plus_unconditional_logp_per_position,leave_one_allele_out,mse,nonzero,HLA-A*02:12,auc_gt_2h,0.9583333333333333,14,14,False
baseline_plus_unconditional_logp_per_position,leave_one_allele_out,mse,nonzero,HLA-A*02:16,spearman,0.3036305467695849,14,14,False
baseline_plus_unconditional_logp_per_position,leave_one_allele_out,mse,nonzero,HLA-A*02:16,pearson_log,0.3687306573682861,14,14,False
baseline_plus_unconditional_logp_per_position,leave_one_allele_out,mse,nonzero,HLA-A*02:16,auc_gt_2h,0.6666666666666666,14,14,False
baseline_plus_unconditional_logp_per_position,leave_one_allele_out,mse,nonzero,HLA-A*02:19,spearman,0.43356643356643365,12,12,False
baseline_plus_unconditional_logp_per_position,leave_one_allele_out,mse,nonzero,HLA-A*02:19,pearson_log,0.4255893773680915,12,12,False
baseline_plus_unconditional_logp_per_position,leave_one_allele_out,mse,nonzero,HLA-A*02:19,auc_gt_2h,0.7,12,12,False
baseline_plus_unconditional_logp_per_position,leave_one_allele_out,mse,nonzero,HLA-A*02:50,spearman,0.44175824175824174,14,14,False
baseline_plus_unconditional_logp_per_position,leave_one_allele_out,mse,nonzero,HLA-A*02:50,pearson_log,0.41209670096322326,14,14,False
baseline_plus_unconditional_logp_per_position,leave_one_allele_out,mse,nonzero,HLA-A*02:50,auc_gt_2h,0.9230769230769231,14,14,False
baseline_plus_unconditional_logp_per_position,leave_one_allele_out,mse,nonzero,HLA-A*03:01,spearman,0.42031588100300776,12,12,False
baseline_plus_unconditional_logp_per_position,leave_one_allele_out,mse,nonzero,HLA-A*03:01,pearson_log,0.42099834832875743,12,12,False
baseline_plus_unconditional_logp_per_position,leave_one_allele_out,mse,nonzero,HLA-A*03:01,auc_gt_2h,0.8857142857142857,12,12,False
baseline_plus_unconditional_logp_per_position,leave_one_allele_out,mse,nonzero,HLA-A*11:01,spearman,-0.1032967032967033,14,14,False
baseline_plus_unconditional_logp_per_position,leave_one_allele_out,mse,nonzero,HLA-A*11:01,pearson_log,-0.0961973251107714,14,14,False
baseline_plus_unconditional_logp_per_position,leave_one_allele_out,mse,nonzero,HLA-A*11:01,auc_gt_2h,0.37777777777777777,14,14,False
baseline_plus_unconditional_logp_per_position,leave_one_allele_out,mse,nonzero,HLA-A*23:01,spearman,0.3494505494505495,14,14,False
baseline_plus_unconditional_logp_per_position,leave_one_allele_out,mse,nonzero,HLA-A*23:01,pearson_log,0.28110888460225497,14,14,False
baseline_plus_unconditional_logp_per_position,leave_one_allele_out,mse,nonzero,HLA-A*23:01,auc_gt_2h,0.5833333333333334,14,14,False
baseline_plus_unconditional_logp_per_position,leave_one_allele_out,mse,nonzero,HLA-A*24:02,spearman,0.2932296953393015,13,13,False
baseline_plus_unconditional_logp_per_position,leave_one_allele_out,mse,nonzero,HLA-A*24:02,pearson_log,0.357197781479502,13,13,False
baseline_plus_unconditional_logp_per_position,leave_one_allele_out,mse,nonzero,HLA-A*24:02,auc_gt_2h,0.8055555555555556,13,13,False
baseline_plus_unconditional_logp_per_position,leave_one_allele_out,mse,nonzero,HLA-A*24:03,spearman,0.32123231759680715,14,14,False
baseline_plus_unconditional_logp_per_position,leave_one_allele_out,mse,nonzero,HLA-A*24:03,pearson_log,0.30125628779527164,14,14,False
baseline_plus_unconditional_logp_per_position,leave_one_allele_out,mse,nonzero,HLA-A*24:03,auc_gt_2h,0.5777777777777777,14,14,False
baseline_plus_unconditional_logp_per_position,leave_one_allele_out,mse,nonzero,HLA-A*24:07,spearman,-0.2043956043956044,14,14,False
baseline_plus_unconditional_logp_per_position,leave_one_allele_out,mse,nonzero,HLA-A*24:07,pearson_log,-0.17722800515771958,14,14,False
baseline_plus_unconditional_logp_per_position,leave_one_allele_out,mse,nonzero,HLA-A*24:07,auc_gt_2h,0.29166666666666663,14,14,False
baseline_plus_unconditional_logp_per_position,leave_one_allele_out,mse,nonzero,HLA-A*24:19,spearman,0.30952380952380953,8,8,False
baseline_plus_unconditional_logp_per_position,leave_one_allele_out,mse,nonzero,HLA-A*24:19,pearson_log,0.4282849351359203,8,8,False
baseline_plus_unconditional_logp_per_position,leave_one_allele_out,mse,nonzero,HLA-A*24:19,auc_gt_2h,0.7142857142857143,8,8,False
baseline_plus_unconditional_logp_per_position,leave_one_allele_out,mse,nonzero,HLA-A*25:01,spearman,-0.16666666666666669,9,9,False
baseline_plus_unconditional_logp_per_position,leave_one_allele_out,mse,nonzero,HLA-A*25:01,pearson_log,-0.12545875541804022,9,9,False
baseline_plus_unconditional_logp_per_position,leave_one_allele_out,mse,nonzero,HLA-A*25:01,auc_gt_2h,0.2777777777777778,9,9,False
baseline_plus_unconditional_logp_per_position,leave_one_allele_out,mse,nonzero,HLA-A*26:01,spearman,-0.08033518400388039,13,13,False
baseline_plus_unconditional_logp_per_position,leave_one_allele_out,mse,nonzero,HLA-A*26:01,pearson_log,-0.0540059951379928,13,13,False
baseline_plus_unconditional_logp_per_position,leave_one_allele_out,mse,nonzero,HLA-A*26:01,auc_gt_2h,0.3666666666666667,13,13,False
baseline_plus_unconditional_logp_per_position,leave_one_allele_out,mse,nonzero,HLA-A*26:02,spearman,0.3774119004189774,13,13,False
baseline_plus_unconditional_logp_per_position,leave_one_allele_out,mse,nonzero,HLA-A*26:02,pearson_log,0.43827733680605935,13,13,False
baseline_plus_unconditional_logp_per_position,leave_one_allele_out,mse,nonzero,HLA-A*26:02,auc_gt_2h,0.5238095238095238,13,13,False
baseline_plus_unconditional_logp_per_position,leave_one_allele_out,mse,nonzero,HLA-A*26:03,spearman,0.37352108685170693,8,8,False
baseline_plus_unconditional_logp_per_position,leave_one_allele_out,mse,nonzero,HLA-A*26:03,pearson_log,0.4641358324207966,8,8,False
baseline_plus_unconditional_logp_per_position,leave_one_allele_out,mse,nonzero,HLA-A*26:03,auc_gt_2h,0.8,8,8,False
baseline_plus_unconditional_logp_per_position,leave_one_allele_out,mse,nonzero,HLA-A*29:02,spearman,0.2879120879120879,14,14,False
baseline_plus_unconditional_logp_per_position,leave_one_allele_out,mse,nonzero,HLA-A*29:02,pearson_log,0.22040448344709096,14,14,False
baseline_plus_unconditional_logp_per_position,leave_one_allele_out,mse,nonzero,HLA-A*29:02,auc_gt_2h,0.5208333333333333,14,14,False
baseline_plus_unconditional_logp_per_position,leave_one_allele_out,mse,nonzero,HLA-A*30:01,spearman,0.09132515299544462,11,11,False
baseline_plus_unconditional_logp_per_position,leave_one_allele_out,mse,nonzero,HLA-A*30:01,pearson_log,0.2295797591987191,11,11,False
baseline_plus_unconditional_logp_per_position,leave_one_allele_out,mse,nonzero,HLA-A*30:01,auc_gt_2h,0.3888888888888889,11,11,False
baseline_plus_unconditional_logp_per_position,leave_one_allele_out,mse,nonzero,HLA-A*30:02,spearman,-0.1506453446381888,13,13,False
baseline_plus_unconditional_logp_per_position,leave_one_allele_out,mse,nonzero,HLA-A*30:02,pearson_log,-0.22659443097641552,13,13,False
baseline_plus_unconditional_logp_per_position,leave_one_allele_out,mse,nonzero,HLA-A*30:02,auc_gt_2h,0.3611111111111111,13,13,False
baseline_plus_unconditional_logp_per_position,leave_one_allele_out,mse,nonzero,HLA-A*31:01,spearman,-0.2787672021410507,14,14,False
baseline_plus_unconditional_logp_per_position,leave_one_allele_out,mse,nonzero,HLA-A*31:01,pearson_log,-0.39477146898624405,14,14,False
baseline_plus_unconditional_logp_per_position,leave_one_allele_out,mse,nonzero,HLA-A*31:01,auc_gt_2h,0.3939393939393939,14,14,False
baseline_plus_unconditional_logp_per_position,leave_one_allele_out,mse,nonzero,HLA-A*32:01,spearman,0.10235376158069957,13,13,False
baseline_plus_unconditional_logp_per_position,leave_one_allele_out,mse,nonzero,HLA-A*32:01,pearson_log,0.10425364135498227,13,13,False
baseline_plus_unconditional_logp_per_position,leave_one_allele_out,mse,nonzero,HLA-A*32:01,auc_gt_2h,0.525,13,13,False
baseline_plus_unconditional_logp_per_position,leave_one_allele_out,mse,nonzero,HLA-A*32:07,spearman,0.5102518932875899,11,11,False
baseline_plus_unconditional_logp_per_position,leave_one_allele_out,mse,nonzero,HLA-A*32:07,pearson_log,0.5756222285688993,11,11,False
baseline_plus_unconditional_logp_per_position,leave_one_allele_out,mse,nonzero,HLA-A*32:07,auc_gt_2h,0.75,11,11,False
baseline_plus_unconditional_logp_per_position,leave_one_allele_out,mse,nonzero,HLA-A*33:03,spearman,-0.18018749253911182,7,7,False
baseline_plus_unconditional_logp_per_position,leave_one_allele_out,mse,nonzero,HLA-A*33:03,pearson_log,-0.21810112615772637,7,7,False
baseline_plus_unconditional_logp_per_position,leave_one_allele_out,mse,nonzero,HLA-A*33:03,auc_gt_2h,0.3333333333333333,7,7,False
baseline_plus_unconditional_logp_per_position,leave_one_allele_out,mse,nonzero,HLA-A*43:01,spearman,0.0681218027376483,12,12,False
baseline_plus_unconditional_logp_per_position,leave_one_allele_out,mse,nonzero,HLA-A*43:01,pearson_log,0.08392639165027832,12,12,False
baseline_plus_unconditional_logp_per_position,leave_one_allele_out,mse,nonzero,HLA-A*43:01,auc_gt_2h,0.2727272727272727,12,12,False
baseline_plus_unconditional_logp_per_position,leave_one_allele_out,mse,nonzero,HLA-A*66:01,spearman,0.7235680511449363,9,9,False
baseline_plus_unconditional_logp_per_position,leave_one_allele_out,mse,nonzero,HLA-A*66:01,pearson_log,0.7647773381078691,9,9,False
baseline_plus_unconditional_logp_per_position,leave_one_allele_out,mse,nonzero,HLA-A*66:01,auc_gt_2h,0.875,9,9,False
baseline_plus_unconditional_logp_per_position,leave_one_allele_out,mse,nonzero,HLA-A*68:01,spearman,-0.43161293601284584,10,10,False
baseline_plus_unconditional_logp_per_position,leave_one_allele_out,mse,nonzero,HLA-A*68:01,pearson_log,-0.3838037748987982,10,10,False
baseline_plus_unconditional_logp_per_position,leave_one_allele_out,mse,nonzero,HLA-A*68:01,auc_gt_2h,0.09523809523809525,10,10,False
baseline_plus_unconditional_logp_per_position,leave_one_allele_out,mse,nonzero,HLA-A*68:02,spearman,-0.20385752285404618,13,13,False
baseline_plus_unconditional_logp_per_position,leave_one_allele_out,mse,nonzero,HLA-A*68:02,pearson_log,-0.257124785306144,13,13,False
baseline_plus_unconditional_logp_per_position,leave_one_allele_out,mse,nonzero,HLA-A*68:02,auc_gt_2h,0.08333333333333337,13,13,False
baseline_plus_unconditional_logp_per_position,leave_one_allele_out,mse,nonzero,HLA-A*68:23,spearman,-0.18192637473571155,10,10,False
baseline_plus_unconditional_logp_per_position,leave_one_allele_out,mse,nonzero,HLA-A*68:23,pearson_log,0.146471667631413,10,10,False
baseline_plus_unconditional_logp_per_position,leave_one_allele_out,mse,nonzero,HLA-A*68:23,auc_gt_2h,1.0,10,10,False
baseline_plus_unconditional_logp_per_position,leave_one_allele_out,mse,nonzero,HLA-A*69:01,spearman,-0.25210974204480535,9,9,False
baseline_plus_unconditional_logp_per_position,leave_one_allele_out,mse,nonzero,HLA-A*69:01,pearson_log,-0.26546303664158677,9,9,False
baseline_plus_unconditional_logp_per_position,leave_one_allele_out,mse,nonzero,HLA-A*69:01,auc_gt_2h,0.125,9,9,False
baseline_plus_unconditional_logp_per_position,leave_one_allele_out,mse,nonzero,HLA-A*74:01,spearman,-0.17193088292651346,12,12,False
baseline_plus_unconditional_logp_per_position,leave_one_allele_out,mse,nonzero,HLA-A*74:01,pearson_log,-0.15361583110483173,12,12,False
baseline_plus_unconditional_logp_per_position,leave_one_allele_out,mse,nonzero,HLA-A*74:01,auc_gt_2h,0.4285714285714286,12,12,False
baseline_plus_unconditional_logp_per_position,leave_one_allele_out,mse,nonzero,HLA-A*80:01,spearman,0.6850441205230687,10,10,False
baseline_plus_unconditional_logp_per_position,leave_one_allele_out,mse,nonzero,HLA-A*80:01,pearson_log,0.5676038734275183,10,10,False
baseline_plus_unconditional_logp_per_position,leave_one_allele_out,mse,nonzero,HLA-A*80:01,auc_gt_2h,0.625,10,10,False
baseline_plus_unconditional_logp_per_position,leave_one_allele_out,mse,nonzero,HLA-B*07:02,spearman,-0.3374907814282527,13,13,False
baseline_plus_unconditional_logp_per_position,leave_one_allele_out,mse,nonzero,HLA-B*07:02,pearson_log,-0.08775275811158718,13,13,False
baseline_plus_unconditional_logp_per_position,leave_one_allele_out,mse,nonzero,HLA-B*07:02,auc_gt_2h,0.38095238095238093,13,13,False
baseline_plus_unconditional_logp_per_position,leave_one_allele_out,mse,nonzero,HLA-B*08:01,spearman,-0.06135431191398488,10,10,False
baseline_plus_unconditional_logp_per_position,leave_one_allele_out,mse,nonzero,HLA-B*08:01,pearson_log,-0.017000761533094266,10,10,False
baseline_plus_unconditional_logp_per_position,leave_one_allele_out,mse,nonzero,HLA-B*08:01,auc_gt_2h,,10,10,False
baseline_plus_unconditional_logp_per_position,leave_one_allele_out,mse,nonzero,HLA-B*08:03,spearman,-0.08475793795260131,9,9,False
baseline_plus_unconditional_logp_per_position,leave_one_allele_out,mse,nonzero,HLA-B*08:03,pearson_log,-0.11679204426972895,9,9,False
baseline_plus_unconditional_logp_per_position,leave_one_allele_out,mse,nonzero,HLA-B*08:03,auc_gt_2h,0.4444444444444445,9,9,False
baseline_plus_unconditional_logp_per_position,leave_one_allele_out,mse,nonzero,HLA-B*13:02,spearman,0.19999999999999998,4,4,False
baseline_plus_unconditional_logp_per_position,leave_one_allele_out,mse,nonzero,HLA-B*13:02,pearson_log,-0.259016785702985,4,4,False
baseline_plus_unconditional_logp_per_position,leave_one_allele_out,mse,nonzero,HLA-B*13:02,auc_gt_2h,0.3333333333333333,4,4,False
baseline_plus_unconditional_logp_per_position,leave_one_allele_out,mse,nonzero,HLA-B*14:01(C67S),spearman,,1,1,True
baseline_plus_unconditional_logp_per_position,leave_one_allele_out,mse,nonzero,HLA-B*14:01(C67S),pearson_log,,1,1,True
baseline_plus_unconditional_logp_per_position,leave_one_allele_out,mse,nonzero,HLA-B*14:01(C67S),auc_gt_2h,,1,1,True
baseline_plus_unconditional_logp_per_position,leave_one_allele_out,mse,nonzero,HLA-B*14:02(C67S),spearman,0.0,5,5,False
baseline_plus_unconditional_logp_per_position,leave_one_allele_out,mse,nonzero,HLA-B*14:02(C67S),pearson_log,-0.162130643553711,5,5,False
baseline_plus_unconditional_logp_per_position,leave_one_allele_out,mse,nonzero,HLA-B*14:02(C67S),auc_gt_2h,0.0,5,5,False
baseline_plus_unconditional_logp_per_position,leave_one_allele_out,mse,nonzero,HLA-B*15:01,spearman,0.11818181818181818,11,11,False
baseline_plus_unconditional_logp_per_position,leave_one_allele_out,mse,nonzero,HLA-B*15:01,pearson_log,-0.1570626681819498,11,11,False
baseline_plus_unconditional_logp_per_position,leave_one_allele_out,mse,nonzero,HLA-B*15:01,auc_gt_2h,0.4444444444444444,11,11,False
baseline_plus_unconditional_logp_per_position,leave_one_allele_out,mse,nonzero,HLA-B*15:02,spearman,0.5952380952380953,8,8,False
baseline_plus_unconditional_logp_per_position,leave_one_allele_out,mse,nonzero,HLA-B*15:02,pearson_log,0.7690689970307261,8,8,False
baseline_plus_unconditional_logp_per_position,leave_one_allele_out,mse,nonzero,HLA-B*15:02,auc_gt_2h,0.8666666666666667,8,8,False
baseline_plus_unconditional_logp_per_position,leave_one_allele_out,mse,nonzero,HLA-B*15:10,spearman,0.3467606018274814,12,12,False
baseline_plus_unconditional_logp_per_position,leave_one_allele_out,mse,nonzero,HLA-B*15:10,pearson_log,0.39008164596804906,12,12,False
baseline_plus_unconditional_logp_per_position,leave_one_allele_out,mse,nonzero,HLA-B*15:10,auc_gt_2h,0.65,12,12,False
baseline_plus_unconditional_logp_per_position,leave_one_allele_out,mse,nonzero,HLA-B*15:17,spearman,0.37805580865784455,10,10,False
baseline_plus_unconditional_logp_per_position,leave_one_allele_out,mse,nonzero,HLA-B*15:17,pearson_log,0.237945763497887,10,10,False
baseline_plus_unconditional_logp_per_position,leave_one_allele_out,mse,nonzero,HLA-B*15:17,auc_gt_2h,0.7619047619047619,10,10,False
baseline_plus_unconditional_logp_per_position,leave_one_allele_out,mse,nonzero,HLA-B*18:01,spearman,-0.12379654077316414,13,13,False
baseline_plus_unconditional_logp_per_position,leave_one_allele_out,mse,nonzero,HLA-B*18:01,pearson_log,-0.12781184834515896,13,13,False
baseline_plus_unconditional_logp_per_position,leave_one_allele_out,mse,nonzero,HLA-B*18:01,auc_gt_2h,0.26190476190476186,13,13,False
baseline_plus_unconditional_logp_per_position,leave_one_allele_out,mse,nonzero,HLA-B*27:02,spearman,0.4312108080078246,11,11,False
baseline_plus_unconditional_logp_per_position,leave_one_allele_out,mse,nonzero,HLA-B*27:02,pearson_log,0.49664391610858805,11,11,False
baseline_plus_unconditional_logp_per_position,leave_one_allele_out,mse,nonzero,HLA-B*27:02,auc_gt_2h,0.8928571428571429,11,11,False
baseline_plus_unconditional_logp_per_position,leave_one_allele_out,mse,nonzero,HLA-B*27:03,spearman,-0.03347309635022892,9,9,False
baseline_plus_unconditional_logp_per_position,leave_one_allele_out,mse,nonzero,HLA-B*27:03,pearson_log,0.13918004531893113,9,9,False
baseline_plus_unconditional_logp_per_position,leave_one_allele_out,mse,nonzero,HLA-B*27:03,auc_gt_2h,0.5,9,9,False
baseline_plus_unconditional_logp_per_position,leave_one_allele_out,mse,nonzero,HLA-B*27:05,spearman,0.1004576682949891,11,11,False
baseline_plus_unconditional_logp_per_position,leave_one_allele_out,mse,nonzero,HLA-B*27:05,pearson_log,0.14204244163008617,11,11,False
baseline_plus_unconditional_logp_per_position,leave_one_allele_out,mse,nonzero,HLA-B*27:05,auc_gt_2h,0.4666666666666667,11,11,False
baseline_plus_unconditional_logp_per_position,leave_one_allele_out,mse,nonzero,HLA-B*27:20,spearman,-0.21867938283753854,11,11,False
baseline_plus_unconditional_logp_per_position,leave_one_allele_out,mse,nonzero,HLA-B*27:20,pearson_log,-0.1894527932541092,11,11,False
baseline_plus_unconditional_logp_per_position,leave_one_allele_out,mse,nonzero,HLA-B*27:20,auc_gt_2h,0.4642857142857143,11,11,False
baseline_plus_unconditional_logp_per_position,leave_one_allele_out,mse,nonzero,HLA-B*35:01,spearman,0.38494060802763264,9,9,False
baseline_plus_unconditional_logp_per_position,leave_one_allele_out,mse,nonzero,HLA-B*35:01,pearson_log,0.2878115266732293,9,9,False
baseline_plus_unconditional_logp_per_position,leave_one_allele_out,mse,nonzero,HLA-B*35:01,auc_gt_2h,0.6666666666666667,9,9,False
baseline_plus_unconditional_logp_per_position,leave_one_allele_out,mse,nonzero,HLA-B*35:03,spearman,0.22456278586320122,12,12,False
baseline_plus_unconditional_logp_per_position,leave_one_allele_out,mse,nonzero,HLA-B*35:03,pearson_log,-0.06774446123904809,12,12,False
baseline_plus_unconditional_logp_per_position,leave_one_allele_out,mse,nonzero,HLA-B*35:03,auc_gt_2h,0.48571428571428577,12,12,False
baseline_plus_unconditional_logp_per_position,leave_one_allele_out,mse,nonzero,HLA-B*35:08,spearman,0.12414613226535978,11,11,False
baseline_plus_unconditional_logp_per_position,leave_one_allele_out,mse,nonzero,HLA-B*35:08,pearson_log,0.10192747254497864,11,11,False
baseline_plus_unconditional_logp_per_position,leave_one_allele_out,mse,nonzero,HLA-B*35:08,auc_gt_2h,0.6111111111111112,11,11,False
baseline_plus_unconditional_logp_per_position,leave_one_allele_out,mse,nonzero,HLA-B*39:01,spearman,0.5019970001327623,11,11,False
baseline_plus_unconditional_logp_per_position,leave_one_allele_out,mse,nonzero,HLA-B*39:01,pearson_log,0.7541144971226206,11,11,False
baseline_plus_unconditional_logp_per_position,leave_one_allele_out,mse,nonzero,HLA-B*39:01,auc_gt_2h,1.0,11,11,False
baseline_plus_unconditional_logp_per_position,leave_one_allele_out,mse,nonzero,HLA-B*39:02,spearman,0.4746444525345673,9,9,False
baseline_plus_unconditional_logp_per_position,leave_one_allele_out,mse,nonzero,HLA-B*39:02,pearson_log,0.17557097716141085,9,9,False
baseline_plus_unconditional_logp_per_position,leave_one_allele_out,mse,nonzero,HLA-B*39:02,auc_gt_2h,0.7142857142857143,9,9,False
baseline_plus_unconditional_logp_per_position,leave_one_allele_out,mse,nonzero,HLA-B*39:06(C67S),spearman,,1,1,True
baseline_plus_unconditional_logp_per_position,leave_one_allele_out,mse,nonzero,HLA-B*39:06(C67S),pearson_log,,1,1,True
baseline_plus_unconditional_logp_per_position,leave_one_allele_out,mse,nonzero,HLA-B*39:06(C67S),auc_gt_2h,,1,1,True
baseline_plus_unconditional_logp_per_position,leave_one_allele_out,mse,nonzero,HLA-B*39:10,spearman,-0.009090909090909092,11,11,False
baseline_plus_unconditional_logp_per_position,leave_one_allele_out,mse,nonzero,HLA-B*39:10,pearson_log,0.016943449866877514,11,11,False
baseline_plus_unconditional_logp_per_position,leave_one_allele_out,mse,nonzero,HLA-B*39:10,auc_gt_2h,0.4333333333333333,11,11,False
baseline_plus_unconditional_logp_per_position,leave_one_allele_out,mse,nonzero,HLA-B*40:01,spearman,-0.13684294763538826,12,12,False
baseline_plus_unconditional_logp_per_position,leave_one_allele_out,mse,nonzero,HLA-B*40:01,pearson_log,-0.24083270879066768,12,12,False
baseline_plus_unconditional_logp_per_position,leave_one_allele_out,mse,nonzero,HLA-B*40:01,auc_gt_2h,0.7272727272727273,12,12,False
baseline_plus_unconditional_logp_per_position,leave_one_allele_out,mse,nonzero,HLA-B*40:02,spearman,0.4450549450549451,13,13,False
baseline_plus_unconditional_logp_per_position,leave_one_allele_out,mse,nonzero,HLA-B*40:02,pearson_log,0.4239609043002991,13,13,False
baseline_plus_unconditional_logp_per_position,leave_one_allele_out,mse,nonzero,HLA-B*40:02,auc_gt_2h,0.7666666666666666,13,13,False
baseline_plus_unconditional_logp_per_position,leave_one_allele_out,mse,nonzero,HLA-B*41:01,spearman,0.030358837035945815,6,6,False
baseline_plus_unconditional_logp_per_position,leave_one_allele_out,mse,nonzero,HLA-B*41:01,pearson_log,0.10303665002929965,6,6,False
baseline_plus_unconditional_logp_per_position,leave_one_allele_out,mse,nonzero,HLA-B*41:01,auc_gt_2h,,6,6,False
baseline_plus_unconditional_logp_per_position,leave_one_allele_out,mse,nonzero,HLA-B*42:01,spearman,-0.09090909090909093,12,12,False
baseline_plus_unconditional_logp_per_position,leave_one_allele_out,mse,nonzero,HLA-B*42:01,pearson_log,0.11894478483716767,12,12,False
baseline_plus_unconditional_logp_per_position,leave_one_allele_out,mse,nonzero,HLA-B*42:01,auc_gt_2h,0.5454545454545454,12,12,False
baseline_plus_unconditional_logp_per_position,leave_one_allele_out,mse,nonzero,HLA-B*42:02,spearman,-0.4510262271024232,11,11,False
baseline_plus_unconditional_logp_per_position,leave_one_allele_out,mse,nonzero,HLA-B*42:02,pearson_log,-0.5088917309062722,11,11,False
baseline_plus_unconditional_logp_per_position,leave_one_allele_out,mse,nonzero,HLA-B*42:02,auc_gt_2h,0.2666666666666666,11,11,False
baseline_plus_unconditional_logp_per_position,leave_one_allele_out,mse,nonzero,HLA-B*44:05,spearman,-0.15438691528095086,12,12,False
baseline_plus_unconditional_logp_per_position,leave_one_allele_out,mse,nonzero,HLA-B*44:05,pearson_log,-0.08050678507477903,12,12,False
baseline_plus_unconditional_logp_per_position,leave_one_allele_out,mse,nonzero,HLA-B*44:05,auc_gt_2h,0.45,12,12,False
baseline_plus_unconditional_logp_per_position,leave_one_allele_out,mse,nonzero,HLA-B*45:01,spearman,0.0,3,3,False
baseline_plus_unconditional_logp_per_position,leave_one_allele_out,mse,nonzero,HLA-B*45:01,pearson_log,0.04525167057814916,3,3,False
baseline_plus_unconditional_logp_per_position,leave_one_allele_out,mse,nonzero,HLA-B*45:01,auc_gt_2h,0.5,3,3,False
baseline_plus_unconditional_logp_per_position,leave_one_allele_out,mse,nonzero,HLA-B*46:01,spearman,-0.07142857142857144,7,7,False
baseline_plus_unconditional_logp_per_position,leave_one_allele_out,mse,nonzero,HLA-B*46:01,pearson_log,-0.10446122800268516,7,7,False
baseline_plus_unconditional_logp_per_position,leave_one_allele_out,mse,nonzero,HLA-B*46:01,auc_gt_2h,0.8,7,7,False
baseline_plus_unconditional_logp_per_position,leave_one_allele_out,mse,nonzero,HLA-B*51:01,spearman,0.19999999999999998,4,4,False
baseline_plus_unconditional_logp_per_position,leave_one_allele_out,mse,nonzero,HLA-B*51:01,pearson_log,0.46296057721031525,4,4,False
baseline_plus_unconditional_logp_per_position,leave_one_allele_out,mse,nonzero,HLA-B*51:01,auc_gt_2h,,4,4,False
baseline_plus_unconditional_logp_per_position,leave_one_allele_out,mse,nonzero,HLA-B*54:01,spearman,0.38095238095238104,8,8,False
baseline_plus_unconditional_logp_per_position,leave_one_allele_out,mse,nonzero,HLA-B*54:01,pearson_log,0.6195206086905831,8,8,False
baseline_plus_unconditional_logp_per_position,leave_one_allele_out,mse,nonzero,HLA-B*54:01,auc_gt_2h,1.0,8,8,False
baseline_plus_unconditional_logp_per_position,leave_one_allele_out,mse,nonzero,HLA-B*55:01,spearman,-0.5,3,3,False
baseline_plus_unconditional_logp_per_position,leave_one_allele_out,mse,nonzero,HLA-B*55:01,pearson_log,-0.6560060918384012,3,3,False
baseline_plus_unconditional_logp_per_position,leave_one_allele_out,mse,nonzero,HLA-B*55:01,auc_gt_2h,0.0,3,3,False
baseline_plus_unconditional_logp_per_position,leave_one_allele_out,mse,nonzero,HLA-B*56:01,spearman,-0.37352108685170693,8,8,False
baseline_plus_unconditional_logp_per_position,leave_one_allele_out,mse,nonzero,HLA-B*56:01,pearson_log,-0.45773528283877096,8,8,False
baseline_plus_unconditional_logp_per_position,leave_one_allele_out,mse,nonzero,HLA-B*56:01,auc_gt_2h,,8,8,False
baseline_plus_unconditional_logp_per_position,leave_one_allele_out,mse,nonzero,HLA-B*57:01,spearman,-0.12959739664259406,12,12,False
baseline_plus_unconditional_logp_per_position,leave_one_allele_out,mse,nonzero,HLA-B*57:01,pearson_log,-0.23033121744939758,12,12,False
baseline_plus_unconditional_logp_per_position,leave_one_allele_out,mse,nonzero,HLA-B*57:01,auc_gt_2h,,12,12,False
baseline_plus_unconditional_logp_per_position,leave_one_allele_out,mse,nonzero,HLA-B*57:02,spearman,-0.20689832303722072,13,13,False
baseline_plus_unconditional_logp_per_position,leave_one_allele_out,mse,nonzero,HLA-B*57:02,pearson_log,-0.2633774051563279,13,13,False
baseline_plus_unconditional_logp_per_position,leave_one_allele_out,mse,nonzero,HLA-B*57:02,auc_gt_2h,0.2727272727272727,13,13,False
baseline_plus_unconditional_logp_per_position,leave_one_allele_out,mse,nonzero,HLA-B*57:03,spearman,0.25274725274725274,13,13,False
baseline_plus_unconditional_logp_per_position,leave_one_allele_out,mse,nonzero,HLA-B*57:03,pearson_log,0.20458988534882944,13,13,False
baseline_plus_unconditional_logp_per_position,leave_one_allele_out,mse,nonzero,HLA-B*57:03,auc_gt_2h,0.4666666666666667,13,13,False
baseline_plus_unconditional_logp_per_position,leave_one_allele_out,mse,nonzero,HLA-B*58:01,spearman,0.33975533714409795,12,12,False
baseline_plus_unconditional_logp_per_position,leave_one_allele_out,mse,nonzero,HLA-B*58:01,pearson_log,0.2303173130011539,12,12,False
baseline_plus_unconditional_logp_per_position,leave_one_allele_out,mse,nonzero,HLA-B*58:01,auc_gt_2h,0.7142857142857143,12,12,False
baseline_plus_unconditional_logp_per_position,leave_one_allele_out,mse,nonzero,HLA-B*81:01,spearman,0.12904459063491402,11,11,False
baseline_plus_unconditional_logp_per_position,leave_one_allele_out,mse,nonzero,HLA-B*81:01,pearson_log,0.1162832076815364,11,11,False
baseline_plus_unconditional_logp_per_position,leave_one_allele_out,mse,nonzero,HLA-B*81:01,auc_gt_2h,0.5,11,11,False
baseline_plus_unconditional_logp_per_position,peptide_disjoint,mse,all,HLA-A*01:01,spearman,,2,2,False
baseline_plus_unconditional_logp_per_position,peptide_disjoint,mse,all,HLA-A*01:01,pearson_log,,2,2,False
baseline_plus_unconditional_logp_per_position,peptide_disjoint,mse,all,HLA-A*01:01,auc_gt_2h,1.0,2,2,False
baseline_plus_unconditional_logp_per_position,peptide_disjoint,mse,all,HLA-A*02:01,spearman,0.5,3,3,False
baseline_plus_unconditional_logp_per_position,peptide_disjoint,mse,all,HLA-A*02:01,pearson_log,0.5295409807108695,3,3,False
baseline_plus_unconditional_logp_per_position,peptide_disjoint,mse,all,HLA-A*02:01,auc_gt_2h,,3,3,False
baseline_plus_unconditional_logp_per_position,peptide_disjoint,mse,all,HLA-A*02:03,spearman,,2,2,False
baseline_plus_unconditional_logp_per_position,peptide_disjoint,mse,all,HLA-A*02:03,pearson_log,,2,2,False
baseline_plus_unconditional_logp_per_position,peptide_disjoint,mse,all,HLA-A*02:03,auc_gt_2h,0.0,2,2,False
baseline_plus_unconditional_logp_per_position,peptide_disjoint,mse,all,HLA-A*02:05,spearman,0.0,5,5,False
baseline_plus_unconditional_logp_per_position,peptide_disjoint,mse,all,HLA-A*02:05,pearson_log,-0.3818280679135598,5,5,False
baseline_plus_unconditional_logp_per_position,peptide_disjoint,mse,all,HLA-A*02:05,auc_gt_2h,0.3333333333333333,5,5,False
baseline_plus_unconditional_logp_per_position,peptide_disjoint,mse,all,HLA-A*02:10,spearman,,2,2,False
baseline_plus_unconditional_logp_per_position,peptide_disjoint,mse,all,HLA-A*02:10,pearson_log,,2,2,False
baseline_plus_unconditional_logp_per_position,peptide_disjoint,mse,all,HLA-A*02:10,auc_gt_2h,1.0,2,2,False
baseline_plus_unconditional_logp_per_position,peptide_disjoint,mse,all,HLA-A*02:11,spearman,,2,2,False
baseline_plus_unconditional_logp_per_position,peptide_disjoint,mse,all,HLA-A*02:11,pearson_log,,2,2,False
baseline_plus_unconditional_logp_per_position,peptide_disjoint,mse,all,HLA-A*02:11,auc_gt_2h,,2,2,False
baseline_plus_unconditional_logp_per_position,peptide_disjoint,mse,all,HLA-A*02:12,spearman,1.0,4,4,False
baseline_plus_unconditional_logp_per_position,peptide_disjoint,mse,all,HLA-A*02:12,pearson_log,0.9910021420097512,4,4,False
baseline_plus_unconditional_logp_per_position,peptide_disjoint,mse,all,HLA-A*02:12,auc_gt_2h,1.0,4,4,False
baseline_plus_unconditional_logp_per_position,peptide_disjoint,mse,all,HLA-A*02:19,spearman,0.3,5,5,False
baseline_plus_unconditional_logp_per_position,peptide_disjoint,mse,all,HLA-A*02:19,pearson_log,0.33046665672892206,5,5,False
baseline_plus_unconditional_logp_per_position,peptide_disjoint,mse,all,HLA-A*02:19,auc_gt_2h,1.0,5,5,False
baseline_plus_unconditional_logp_per_position,peptide_disjoint,mse,all,HLA-A*02:50,spearman,0.39999999999999997,4,4,False
baseline_plus_unconditional_logp_per_position,peptide_disjoint,mse,all,HLA-A*02:50,pearson_log,0.3990581713291369,4,4,False
baseline_plus_unconditional_logp_per_position,peptide_disjoint,mse,all,HLA-A*02:50,auc_gt_2h,,4,4,False
baseline_plus_unconditional_logp_per_position,peptide_disjoint,mse,all,HLA-A*03:01,spearman,0.49999999999999994,5,5,False
baseline_plus_unconditional_logp_per_position,peptide_disjoint,mse,all,HLA-A*03:01,pearson_log,0.38403025197501234,5,5,False
baseline_plus_unconditional_logp_per_position,peptide_disjoint,mse,all,HLA-A*03:01,auc_gt_2h,0.75,5,5,False
baseline_plus_unconditional_logp_per_position,peptide_disjoint,mse,all,HLA-A*11:01,spearman,,1,1,True
baseline_plus_unconditional_logp_per_position,peptide_disjoint,mse,all,HLA-A*11:01,pearson_log,,1,1,True
baseline_plus_unconditional_logp_per_position,peptide_disjoint,mse,all,HLA-A*11:01,auc_gt_2h,,1,1,True
baseline_plus_unconditional_logp_per_position,peptide_disjoint,mse,all,HLA-A*23:01,spearman,,2,2,False
baseline_plus_unconditional_logp_per_position,peptide_disjoint,mse,all,HLA-A*23:01,pearson_log,,2,2,False
baseline_plus_unconditional_logp_per_position,peptide_disjoint,mse,all,HLA-A*23:01,auc_gt_2h,0.0,2,2,False
baseline_plus_unconditional_logp_per_position,peptide_disjoint,mse,all,HLA-A*24:02,spearman,0.0,4,4,False
baseline_plus_unconditional_logp_per_position,peptide_disjoint,mse,all,HLA-A*24:02,pearson_log,0.3287182987100128,4,4,False
baseline_plus_unconditional_logp_per_position,peptide_disjoint,mse,all,HLA-A*24:02,auc_gt_2h,0.75,4,4,False
baseline_plus_unconditional_logp_per_position,peptide_disjoint,mse,all,HLA-A*24:03,spearman,,2,2,False
baseline_plus_unconditional_logp_per_position,peptide_disjoint,mse,all,HLA-A*24:03,pearson_log,,2,2,False
baseline_plus_unconditional_logp_per_position,peptide_disjoint,mse,all,HLA-A*24:03,auc_gt_2h,,2,2,False
baseline_plus_unconditional_logp_per_position,peptide_disjoint,mse,all,HLA-A*24:07,spearman,,2,2,False
baseline_plus_unconditional_logp_per_position,peptide_disjoint,mse,all,HLA-A*24:07,pearson_log,,2,2,False
baseline_plus_unconditional_logp_per_position,peptide_disjoint,mse,all,HLA-A*24:07,auc_gt_2h,0.0,2,2,False
baseline_plus_unconditional_logp_per_position,peptide_disjoint,mse,all,HLA-A*24:19,spearman,0.5,3,3,False
baseline_plus_unconditional_logp_per_position,peptide_disjoint,mse,all,HLA-A*24:19,pearson_log,0.7146191404968539,3,3,False
baseline_plus_unconditional_logp_per_position,peptide_disjoint,mse,all,HLA-A*24:19,auc_gt_2h,,3,3,False
baseline_plus_unconditional_logp_per_position,peptide_disjoint,mse,all,HLA-A*25:01,spearman,,1,1,True
baseline_plus_unconditional_logp_per_position,peptide_disjoint,mse,all,HLA-A*25:01,pearson_log,,1,1,True
baseline_plus_unconditional_logp_per_position,peptide_disjoint,mse,all,HLA-A*25:01,auc_gt_2h,,1,1,True
baseline_plus_unconditional_logp_per_position,peptide_disjoint,mse,all,HLA-A*26:01,spearman,-1.0,3,3,False
baseline_plus_unconditional_logp_per_position,peptide_disjoint,mse,all,HLA-A*26:01,pearson_log,-0.9966147753597462,3,3,False
baseline_plus_unconditional_logp_per_position,peptide_disjoint,mse,all,HLA-A*26:01,auc_gt_2h,,3,3,False
baseline_plus_unconditional_logp_per_position,peptide_disjoint,mse,all,HLA-A*26:02,spearman,,2,2,False
baseline_plus_unconditional_logp_per_position,peptide_disjoint,mse,all,HLA-A*26:02,pearson_log,,2,2,False
baseline_plus_unconditional_logp_per_position,peptide_disjoint,mse,all,HLA-A*26:02,auc_gt_2h,,2,2,False
baseline_plus_unconditional_logp_per_position,peptide_disjoint,mse,all,HLA-A*26:03,spearman,,1,1,True
baseline_plus_unconditional_logp_per_position,peptide_disjoint,mse,all,HLA-A*26:03,pearson_log,,1,1,True
baseline_plus_unconditional_logp_per_position,peptide_disjoint,mse,all,HLA-A*26:03,auc_gt_2h,,1,1,True
baseline_plus_unconditional_logp_per_position,peptide_disjoint,mse,all,HLA-A*29:02,spearman,0.7,5,5,False
baseline_plus_unconditional_logp_per_position,peptide_disjoint,mse,all,HLA-A*29:02,pearson_log,0.6801439611090514,5,5,False
baseline_plus_unconditional_logp_per_position,peptide_disjoint,mse,all,HLA-A*29:02,auc_gt_2h,1.0,5,5,False
baseline_plus_unconditional_logp_per_position,peptide_disjoint,mse,all,HLA-A*30:01,spearman,,2,2,False
baseline_plus_unconditional_logp_per_position,peptide_disjoint,mse,all,HLA-A*30:01,pearson_log,,2,2,False
baseline_plus_unconditional_logp_per_position,peptide_disjoint,mse,all,HLA-A*30:01,auc_gt_2h,,2,2,False
baseline_plus_unconditional_logp_per_position,peptide_disjoint,mse,all,HLA-A*30:02,spearman,,2,2,False
baseline_plus_unconditional_logp_per_position,peptide_disjoint,mse,all,HLA-A*30:02,pearson_log,,2,2,False
baseline_plus_unconditional_logp_per_position,peptide_disjoint,mse,all,HLA-A*30:02,auc_gt_2h,1.0,2,2,False
baseline_plus_unconditional_logp_per_position,peptide_disjoint,mse,all,HLA-A*31:01,spearman,0.8660254037844387,3,3,False
baseline_plus_unconditional_logp_per_position,peptide_disjoint,mse,all,HLA-A*31:01,pearson_log,0.6743187300561175,3,3,False
baseline_plus_unconditional_logp_per_position,peptide_disjoint,mse,all,HLA-A*31:01,auc_gt_2h,,3,3,False
baseline_plus_unconditional_logp_per_position,peptide_disjoint,mse,all,HLA-A*32:01,spearman,-1.0,3,3,False
baseline_plus_unconditional_logp_per_position,peptide_disjoint,mse,all,HLA-A*32:01,pearson_log,-0.9819567830790255,3,3,False
baseline_plus_unconditional_logp_per_position,peptide_disjoint,mse,all,HLA-A*32:01,auc_gt_2h,0.0,3,3,False
baseline_plus_unconditional_logp_per_position,peptide_disjoint,mse,all,HLA-A*32:07,spearman,0.5,3,3,False
baseline_plus_unconditional_logp_per_position,peptide_disjoint,mse,all,HLA-A*32:07,pearson_log,0.4034533721293787,3,3,False
baseline_plus_unconditional_logp_per_position,peptide_disjoint,mse,all,HLA-A*32:07,auc_gt_2h,1.0,3,3,False
baseline_plus_unconditional_logp_per_position,peptide_disjoint,mse,all,HLA-A*33:03,spearman,,2,2,False
baseline_plus_unconditional_logp_per_position,peptide_disjoint,mse,all,HLA-A*33:03,pearson_log,,2,2,False
baseline_plus_unconditional_logp_per_position,peptide_disjoint,mse,all,HLA-A*33:03,auc_gt_2h,1.0,2,2,False
baseline_plus_unconditional_logp_per_position,peptide_disjoint,mse,all,HLA-A*43:01,spearman,0.4928053803045812,6,6,False
baseline_plus_unconditional_logp_per_position,peptide_disjoint,mse,all,HLA-A*43:01,pearson_log,0.4965638583232115,6,6,False
baseline_plus_unconditional_logp_per_position,peptide_disjoint,mse,all,HLA-A*43:01,auc_gt_2h,0.8,6,6,False
baseline_plus_unconditional_logp_per_position,peptide_disjoint,mse,all,HLA-A*66:01,spearman,,1,1,True
baseline_plus_unconditional_logp_per_position,peptide_disjoint,mse,all,HLA-A*66:01,pearson_log,,1,1,True
baseline_plus_unconditional_logp_per_position,peptide_disjoint,mse,all,HLA-A*66:01,auc_gt_2h,,1,1,True
baseline_plus_unconditional_logp_per_position,peptide_disjoint,mse,all,HLA-A*68:01,spearman,0.15389675281277312,5,5,False
baseline_plus_unconditional_logp_per_position,peptide_disjoint,mse,all,HLA-A*68:01,pearson_log,-0.08189226186948138,5,5,False
baseline_plus_unconditional_logp_per_position,peptide_disjoint,mse,all,HLA-A*68:01,auc_gt_2h,0.33333333333333337,5,5,False
baseline_plus_unconditional_logp_per_position,peptide_disjoint,mse,all,HLA-A*68:02,spearman,0.49999999999999994,5,5,False
baseline_plus_unconditional_logp_per_position,peptide_disjoint,mse,all,HLA-A*68:02,pearson_log,0.3759767683799614,5,5,False
baseline_plus_unconditional_logp_per_position,peptide_disjoint,mse,all,HLA-A*68:02,auc_gt_2h,,5,5,False
baseline_plus_unconditional_logp_per_position,peptide_disjoint,mse,all,HLA-A*68:23,spearman,-0.9486832980505139,4,4,False
baseline_plus_unconditional_logp_per_position,peptide_disjoint,mse,all,HLA-A*68:23,pearson_log,-0.9542444478274544,4,4,False
baseline_plus_unconditional_logp_per_position,peptide_disjoint,mse,all,HLA-A*68:23,auc_gt_2h,,4,4,False
baseline_plus_unconditional_logp_per_position,peptide_disjoint,mse,all,HLA-A*69:01,spearman,0.6668859288553503,5,5,False
baseline_plus_unconditional_logp_per_position,peptide_disjoint,mse,all,HLA-A*69:01,pearson_log,0.4133315404981712,5,5,False
baseline_plus_unconditional_logp_per_position,peptide_disjoint,mse,all,HLA-A*69:01,auc_gt_2h,,5,5,False
baseline_plus_unconditional_logp_per_position,peptide_disjoint,mse,all,HLA-A*74:01,spearman,,1,1,True
baseline_plus_unconditional_logp_per_position,peptide_disjoint,mse,all,HLA-A*74:01,pearson_log,,1,1,True
baseline_plus_unconditional_logp_per_position,peptide_disjoint,mse,all,HLA-A*74:01,auc_gt_2h,,1,1,True
baseline_plus_unconditional_logp_per_position,peptide_disjoint,mse,all,HLA-A*80:01,spearman,,2,2,False
baseline_plus_unconditional_logp_per_position,peptide_disjoint,mse,all,HLA-A*80:01,pearson_log,,2,2,False
baseline_plus_unconditional_logp_per_position,peptide_disjoint,mse,all,HLA-A*80:01,auc_gt_2h,,2,2,False
baseline_plus_unconditional_logp_per_position,peptide_disjoint,mse,all,HLA-B*07:02,spearman,0.31622776601683794,5,5,False
baseline_plus_unconditional_logp_per_position,peptide_disjoint,mse,all,HLA-B*07:02,pearson_log,0.3912369974606532,5,5,False
baseline_plus_unconditional_logp_per_position,peptide_disjoint,mse,all,HLA-B*07:02,auc_gt_2h,0.8333333333333333,5,5,False
baseline_plus_unconditional_logp_per_position,peptide_disjoint,mse,all,HLA-B*08:01,spearman,,2,2,False
baseline_plus_unconditional_logp_per_position,peptide_disjoint,mse,all,HLA-B*08:01,pearson_log,,2,2,False
baseline_plus_unconditional_logp_per_position,peptide_disjoint,mse,all,HLA-B*08:01,auc_gt_2h,,2,2,False
baseline_plus_unconditional_logp_per_position,peptide_disjoint,mse,all,HLA-B*08:03,spearman,,2,2,False
baseline_plus_unconditional_logp_per_position,peptide_disjoint,mse,all,HLA-B*08:03,pearson_log,,2,2,False
baseline_plus_unconditional_logp_per_position,peptide_disjoint,mse,all,HLA-B*08:03,auc_gt_2h,1.0,2,2,False
baseline_plus_unconditional_logp_per_position,peptide_disjoint,mse,all,HLA-B*13:02,spearman,,2,2,False
baseline_plus_unconditional_logp_per_position,peptide_disjoint,mse,all,HLA-B*13:02,pearson_log,,2,2,False
baseline_plus_unconditional_logp_per_position,peptide_disjoint,mse,all,HLA-B*13:02,auc_gt_2h,0.0,2,2,False
baseline_plus_unconditional_logp_per_position,peptide_disjoint,mse,all,HLA-B*14:01(C67S),spearman,,1,1,True
baseline_plus_unconditional_logp_per_position,peptide_disjoint,mse,all,HLA-B*14:01(C67S),pearson_log,,1,1,True
baseline_plus_unconditional_logp_per_position,peptide_disjoint,mse,all,HLA-B*14:01(C67S),auc_gt_2h,,1,1,True
baseline_plus_unconditional_logp_per_position,peptide_disjoint,mse,all,HLA-B*14:02(C67S),spearman,,1,1,True
baseline_plus_unconditional_logp_per_position,peptide_disjoint,mse,all,HLA-B*14:02(C67S),pearson_log,,1,1,True
baseline_plus_unconditional_logp_per_position,peptide_disjoint,mse,all,HLA-B*14:02(C67S),auc_gt_2h,,1,1,True
baseline_plus_unconditional_logp_per_position,peptide_disjoint,mse,all,HLA-B*15:01,spearman,-0.39999999999999997,4,4,False
baseline_plus_unconditional_logp_per_position,peptide_disjoint,mse,all,HLA-B*15:01,pearson_log,-0.8502646094353489,4,4,False
baseline_plus_unconditional_logp_per_position,peptide_disjoint,mse,all,HLA-B*15:01,auc_gt_2h,0.0,4,4,False
baseline_plus_unconditional_logp_per_position,peptide_disjoint,mse,all,HLA-B*15:10,spearman,,2,2,False
baseline_plus_unconditional_logp_per_position,peptide_disjoint,mse,all,HLA-B*15:10,pearson_log,,2,2,False
baseline_plus_unconditional_logp_per_position,peptide_disjoint,mse,all,HLA-B*15:10,auc_gt_2h,1.0,2,2,False
baseline_plus_unconditional_logp_per_position,peptide_disjoint,mse,all,HLA-B*18:01,spearman,,2,2,False
baseline_plus_unconditional_logp_per_position,peptide_disjoint,mse,all,HLA-B*18:01,pearson_log,,2,2,False
baseline_plus_unconditional_logp_per_position,peptide_disjoint,mse,all,HLA-B*18:01,auc_gt_2h,,2,2,False
baseline_plus_unconditional_logp_per_position,peptide_disjoint,mse,all,HLA-B*27:02,spearman,0.5,3,3,False
baseline_plus_unconditional_logp_per_position,peptide_disjoint,mse,all,HLA-B*27:02,pearson_log,0.8266904329009296,3,3,False
baseline_plus_unconditional_logp_per_position,peptide_disjoint,mse,all,HLA-B*27:02,auc_gt_2h,1.0,3,3,False
baseline_plus_unconditional_logp_per_position,peptide_disjoint,mse,all,HLA-B*27:03,spearman,1.0,3,3,False
baseline_plus_unconditional_logp_per_position,peptide_disjoint,mse,all,HLA-B*27:03,pearson_log,0.9960494375480158,3,3,False
baseline_plus_unconditional_logp_per_position,peptide_disjoint,mse,all,HLA-B*27:03,auc_gt_2h,1.0,3,3,False
baseline_plus_unconditional_logp_per_position,peptide_disjoint,mse,all,HLA-B*27:05,spearman,,2,2,False
baseline_plus_unconditional_logp_per_position,peptide_disjoint,mse,all,HLA-B*27:05,pearson_log,,2,2,False
baseline_plus_unconditional_logp_per_position,peptide_disjoint,mse,all,HLA-B*27:05,auc_gt_2h,,2,2,False
baseline_plus_unconditional_logp_per_position,peptide_disjoint,mse,all,HLA-B*27:20,spearman,-1.0,3,3,False
baseline_plus_unconditional_logp_per_position,peptide_disjoint,mse,all,HLA-B*27:20,pearson_log,-0.9885832400377869,3,3,False
baseline_plus_unconditional_logp_per_position,peptide_disjoint,mse,all,HLA-B*27:20,auc_gt_2h,0.0,3,3,False
baseline_plus_unconditional_logp_per_position,peptide_disjoint,mse,all,HLA-B*35:01,spearman,,2,2,False
baseline_plus_unconditional_logp_per_position,peptide_disjoint,mse,all,HLA-B*35:01,pearson_log,,2,2,False
baseline_plus_unconditional_logp_per_position,peptide_disjoint,mse,all,HLA-B*35:01,auc_gt_2h,0.0,2,2,False
baseline_plus_unconditional_logp_per_position,peptide_disjoint,mse,all,HLA-B*35:03,spearman,,2,2,False
baseline_plus_unconditional_logp_per_position,peptide_disjoint,mse,all,HLA-B*35:03,pearson_log,,2,2,False
baseline_plus_unconditional_logp_per_position,peptide_disjoint,mse,all,HLA-B*35:03,auc_gt_2h,1.0,2,2,False
baseline_plus_unconditional_logp_per_position,peptide_disjoint,mse,all,HLA-B*35:08,spearman,0.8660254037844387,3,3,False
baseline_plus_unconditional_logp_per_position,peptide_disjoint,mse,all,HLA-B*35:08,pearson_log,0.8120688026247724,3,3,False
baseline_plus_unconditional_logp_per_position,peptide_disjoint,mse,all,HLA-B*35:08,auc_gt_2h,1.0,3,3,False
baseline_plus_unconditional_logp_per_position,peptide_disjoint,mse,all,HLA-B*39:01,spearman,0.35909242322980395,5,5,False
baseline_plus_unconditional_logp_per_position,peptide_disjoint,mse,all,HLA-B*39:01,pearson_log,0.19384052829877213,5,5,False
baseline_plus_unconditional_logp_per_position,peptide_disjoint,mse,all,HLA-B*39:01,auc_gt_2h,1.0,5,5,False
baseline_plus_unconditional_logp_per_position,peptide_disjoint,mse,all,HLA-B*39:02,spearman,,1,1,True
baseline_plus_unconditional_logp_per_position,peptide_disjoint,mse,all,HLA-B*39:02,pearson_log,,1,1,True
baseline_plus_unconditional_logp_per_position,peptide_disjoint,mse,all,HLA-B*39:02,auc_gt_2h,,1,1,True
baseline_plus_unconditional_logp_per_position,peptide_disjoint,mse,all,HLA-B*39:06(C67S),spearman,0.8660254037844387,3,3,False
baseline_plus_unconditional_logp_per_position,peptide_disjoint,mse,all,HLA-B*39:06(C67S),pearson_log,0.9215859961760504,3,3,False
baseline_plus_unconditional_logp_per_position,peptide_disjoint,mse,all,HLA-B*39:06(C67S),auc_gt_2h,1.0,3,3,False
baseline_plus_unconditional_logp_per_position,peptide_disjoint,mse,all,HLA-B*39:10,spearman,,1,1,True
baseline_plus_unconditional_logp_per_position,peptide_disjoint,mse,all,HLA-B*39:10,pearson_log,,1,1,True
baseline_plus_unconditional_logp_per_position,peptide_disjoint,mse,all,HLA-B*39:10,auc_gt_2h,,1,1,True
baseline_plus_unconditional_logp_per_position,peptide_disjoint,mse,all,HLA-B*40:01,spearman,,2,2,False
baseline_plus_unconditional_logp_per_position,peptide_disjoint,mse,all,HLA-B*40:01,pearson_log,,2,2,False
baseline_plus_unconditional_logp_per_position,peptide_disjoint,mse,all,HLA-B*40:01,auc_gt_2h,,2,2,False
baseline_plus_unconditional_logp_per_position,peptide_disjoint,mse,all,HLA-B*40:02,spearman,,2,2,False
baseline_plus_unconditional_logp_per_position,peptide_disjoint,mse,all,HLA-B*40:02,pearson_log,,2,2,False
baseline_plus_unconditional_logp_per_position,peptide_disjoint,mse,all,HLA-B*40:02,auc_gt_2h,0.0,2,2,False
baseline_plus_unconditional_logp_per_position,peptide_disjoint,mse,all,HLA-B*41:01,spearman,0.8660254037844387,3,3,False
baseline_plus_unconditional_logp_per_position,peptide_disjoint,mse,all,HLA-B*41:01,pearson_log,0.9210297442528161,3,3,False
baseline_plus_unconditional_logp_per_position,peptide_disjoint,mse,all,HLA-B*41:01,auc_gt_2h,,3,3,False
baseline_plus_unconditional_logp_per_position,peptide_disjoint,mse,all,HLA-B*42:01,spearman,,1,1,True
baseline_plus_unconditional_logp_per_position,peptide_disjoint,mse,all,HLA-B*42:01,pearson_log,,1,1,True
baseline_plus_unconditional_logp_per_position,peptide_disjoint,mse,all,HLA-B*42:01,auc_gt_2h,,1,1,True
baseline_plus_unconditional_logp_per_position,peptide_disjoint,mse,all,HLA-B*42:02,spearman,-0.5,3,3,False
baseline_plus_unconditional_logp_per_position,peptide_disjoint,mse,all,HLA-B*42:02,pearson_log,-0.2557949458472763,3,3,False
baseline_plus_unconditional_logp_per_position,peptide_disjoint,mse,all,HLA-B*42:02,auc_gt_2h,0.5,3,3,False
baseline_plus_unconditional_logp_per_position,peptide_disjoint,mse,all,HLA-B*44:05,spearman,,1,1,True
baseline_plus_unconditional_logp_per_position,peptide_disjoint,mse,all,HLA-B*44:05,pearson_log,,1,1,True
baseline_plus_unconditional_logp_per_position,peptide_disjoint,mse,all,HLA-B*44:05,auc_gt_2h,,1,1,True
baseline_plus_unconditional_logp_per_position,peptide_disjoint,mse,all,HLA-B*45:01,spearman,,2,2,False
baseline_plus_unconditional_logp_per_position,peptide_disjoint,mse,all,HLA-B*45:01,pearson_log,,2,2,False
baseline_plus_unconditional_logp_per_position,peptide_disjoint,mse,all,HLA-B*45:01,auc_gt_2h,,2,2,False
baseline_plus_unconditional_logp_per_position,peptide_disjoint,mse,all,HLA-B*51:01,spearman,,1,1,True
baseline_plus_unconditional_logp_per_position,peptide_disjoint,mse,all,HLA-B*51:01,pearson_log,,1,1,True
baseline_plus_unconditional_logp_per_position,peptide_disjoint,mse,all,HLA-B*51:01,auc_gt_2h,,1,1,True
baseline_plus_unconditional_logp_per_position,peptide_disjoint,mse,all,HLA-B*54:01,spearman,0.34786262139146906,6,6,False
baseline_plus_unconditional_logp_per_position,peptide_disjoint,mse,all,HLA-B*54:01,pearson_log,0.453129932871708,6,6,False
baseline_plus_unconditional_logp_per_position,peptide_disjoint,mse,all,HLA-B*54:01,auc_gt_2h,1.0,6,6,False
baseline_plus_unconditional_logp_per_position,peptide_disjoint,mse,all,HLA-B*55:01,spearman,,1,1,True
baseline_plus_unconditional_logp_per_position,peptide_disjoint,mse,all,HLA-B*55:01,pearson_log,,1,1,True
baseline_plus_unconditional_logp_per_position,peptide_disjoint,mse,all,HLA-B*55:01,auc_gt_2h,,1,1,True
baseline_plus_unconditional_logp_per_position,peptide_disjoint,mse,all,HLA-B*56:01,spearman,0.8660254037844387,3,3,False
baseline_plus_unconditional_logp_per_position,peptide_disjoint,mse,all,HLA-B*56:01,pearson_log,0.8380986123588678,3,3,False
baseline_plus_unconditional_logp_per_position,peptide_disjoint,mse,all,HLA-B*56:01,auc_gt_2h,,3,3,False
baseline_plus_unconditional_logp_per_position,peptide_disjoint,mse,all,HLA-B*57:01,spearman,,1,1,True
baseline_plus_unconditional_logp_per_position,peptide_disjoint,mse,all,HLA-B*57:01,pearson_log,,1,1,True
baseline_plus_unconditional_logp_per_position,peptide_disjoint,mse,all,HLA-B*57:01,auc_gt_2h,,1,1,True
baseline_plus_unconditional_logp_per_position,peptide_disjoint,mse,all,HLA-B*57:02,spearman,-0.5,3,3,False
baseline_plus_unconditional_logp_per_position,peptide_disjoint,mse,all,HLA-B*57:02,pearson_log,-0.0787001275023756,3,3,False
baseline_plus_unconditional_logp_per_position,peptide_disjoint,mse,all,HLA-B*57:02,auc_gt_2h,,3,3,False
baseline_plus_unconditional_logp_per_position,peptide_disjoint,mse,all,HLA-B*57:03,spearman,,2,2,False
baseline_plus_unconditional_logp_per_position,peptide_disjoint,mse,all,HLA-B*57:03,pearson_log,,2,2,False
baseline_plus_unconditional_logp_per_position,peptide_disjoint,mse,all,HLA-B*57:03,auc_gt_2h,0.0,2,2,False
baseline_plus_unconditional_logp_per_position,peptide_disjoint,mse,all,HLA-B*58:01,spearman,0.8999999999999998,5,5,False
baseline_plus_unconditional_logp_per_position,peptide_disjoint,mse,all,HLA-B*58:01,pearson_log,0.9481278263572586,5,5,False
baseline_plus_unconditional_logp_per_position,peptide_disjoint,mse,all,HLA-B*58:01,auc_gt_2h,1.0,5,5,False
baseline_plus_unconditional_logp_per_position,peptide_disjoint,mse,all,HLA-B*81:01,spearman,0.2571428571428572,6,6,False
baseline_plus_unconditional_logp_per_position,peptide_disjoint,mse,all,HLA-B*81:01,pearson_log,0.8948335212526328,6,6,False
baseline_plus_unconditional_logp_per_position,peptide_disjoint,mse,all,HLA-B*81:01,auc_gt_2h,,6,6,False
baseline_plus_unconditional_logp_per_position,peptide_disjoint,mse,nonzero,HLA-A*01:01,spearman,,2,2,False
baseline_plus_unconditional_logp_per_position,peptide_disjoint,mse,nonzero,HLA-A*01:01,pearson_log,,2,2,False
baseline_plus_unconditional_logp_per_position,peptide_disjoint,mse,nonzero,HLA-A*01:01,auc_gt_2h,1.0,2,2,False
baseline_plus_unconditional_logp_per_position,peptide_disjoint,mse,nonzero,HLA-A*02:01,spearman,0.5,3,3,False
baseline_plus_unconditional_logp_per_position,peptide_disjoint,mse,nonzero,HLA-A*02:01,pearson_log,0.5295409807108695,3,3,False
baseline_plus_unconditional_logp_per_position,peptide_disjoint,mse,nonzero,HLA-A*02:01,auc_gt_2h,,3,3,False
baseline_plus_unconditional_logp_per_position,peptide_disjoint,mse,nonzero,HLA-A*02:03,spearman,,1,1,True
baseline_plus_unconditional_logp_per_position,peptide_disjoint,mse,nonzero,HLA-A*02:03,pearson_log,,1,1,True
baseline_plus_unconditional_logp_per_position,peptide_disjoint,mse,nonzero,HLA-A*02:03,auc_gt_2h,,1,1,True
baseline_plus_unconditional_logp_per_position,peptide_disjoint,mse,nonzero,HLA-A*02:05,spearman,0.0,5,5,False
baseline_plus_unconditional_logp_per_position,peptide_disjoint,mse,nonzero,HLA-A*02:05,pearson_log,-0.3818280679135598,5,5,False
baseline_plus_unconditional_logp_per_position,peptide_disjoint,mse,nonzero,HLA-A*02:05,auc_gt_2h,0.3333333333333333,5,5,False
baseline_plus_unconditional_logp_per_position,peptide_disjoint,mse,nonzero,HLA-A*02:10,spearman,,2,2,False
baseline_plus_unconditional_logp_per_position,peptide_disjoint,mse,nonzero,HLA-A*02:10,pearson_log,,2,2,False
baseline_plus_unconditional_logp_per_position,peptide_disjoint,mse,nonzero,HLA-A*02:10,auc_gt_2h,1.0,2,2,False
baseline_plus_unconditional_logp_per_position,peptide_disjoint,mse,nonzero,HLA-A*02:11,spearman,,2,2,False
baseline_plus_unconditional_logp_per_position,peptide_disjoint,mse,nonzero,HLA-A*02:11,pearson_log,,2,2,False
baseline_plus_unconditional_logp_per_position,peptide_disjoint,mse,nonzero,HLA-A*02:11,auc_gt_2h,,2,2,False
baseline_plus_unconditional_logp_per_position,peptide_disjoint,mse,nonzero,HLA-A*02:12,spearman,1.0,4,4,False
baseline_plus_unconditional_logp_per_position,peptide_disjoint,mse,nonzero,HLA-A*02:12,pearson_log,0.9910021420097512,4,4,False
baseline_plus_unconditional_logp_per_position,peptide_disjoint,mse,nonzero,HLA-A*02:12,auc_gt_2h,1.0,4,4,False
baseline_plus_unconditional_logp_per_position,peptide_disjoint,mse,nonzero,HLA-A*02:19,spearman,0.3,5,5,False
baseline_plus_unconditional_logp_per_position,peptide_disjoint,mse,nonzero,HLA-A*02:19,pearson_log,0.33046665672892206,5,5,False
baseline_plus_unconditional_logp_per_position,peptide_disjoint,mse,nonzero,HLA-A*02:19,auc_gt_2h,1.0,5,5,False
baseline_plus_unconditional_logp_per_position,peptide_disjoint,mse,nonzero,HLA-A*02:50,spearman,0.39999999999999997,4,4,False
baseline_plus_unconditional_logp_per_position,peptide_disjoint,mse,nonzero,HLA-A*02:50,pearson_log,0.3990581713291369,4,4,False
baseline_plus_unconditional_logp_per_position,peptide_disjoint,mse,nonzero,HLA-A*02:50,auc_gt_2h,,4,4,False
baseline_plus_unconditional_logp_per_position,peptide_disjoint,mse,nonzero,HLA-A*03:01,spearman,0.49999999999999994,5,5,False
baseline_plus_unconditional_logp_per_position,peptide_disjoint,mse,nonzero,HLA-A*03:01,pearson_log,0.38403025197501234,5,5,False
baseline_plus_unconditional_logp_per_position,peptide_disjoint,mse,nonzero,HLA-A*03:01,auc_gt_2h,0.75,5,5,False
baseline_plus_unconditional_logp_per_position,peptide_disjoint,mse,nonzero,HLA-A*11:01,spearman,,1,1,True
baseline_plus_unconditional_logp_per_position,peptide_disjoint,mse,nonzero,HLA-A*11:01,pearson_log,,1,1,True
baseline_plus_unconditional_logp_per_position,peptide_disjoint,mse,nonzero,HLA-A*11:01,auc_gt_2h,,1,1,True
baseline_plus_unconditional_logp_per_position,peptide_disjoint,mse,nonzero,HLA-A*23:01,spearman,,2,2,False
baseline_plus_unconditional_logp_per_position,peptide_disjoint,mse,nonzero,HLA-A*23:01,pearson_log,,2,2,False
baseline_plus_unconditional_logp_per_position,peptide_disjoint,mse,nonzero,HLA-A*23:01,auc_gt_2h,0.0,2,2,False
baseline_plus_unconditional_logp_per_position,peptide_disjoint,mse,nonzero,HLA-A*24:02,spearman,0.0,4,4,False
baseline_plus_unconditional_logp_per_position,peptide_disjoint,mse,nonzero,HLA-A*24:02,pearson_log,0.3287182987100128,4,4,False
baseline_plus_unconditional_logp_per_position,peptide_disjoint,mse,nonzero,HLA-A*24:02,auc_gt_2h,0.75,4,4,False
baseline_plus_unconditional_logp_per_position,peptide_disjoint,mse,nonzero,HLA-A*24:03,spearman,,2,2,False
baseline_plus_unconditional_logp_per_position,peptide_disjoint,mse,nonzero,HLA-A*24:03,pearson_log,,2,2,False
baseline_plus_unconditional_logp_per_position,peptide_disjoint,mse,nonzero,HLA-A*24:03,auc_gt_2h,,2,2,False
baseline_plus_unconditional_logp_per_position,peptide_disjoint,mse,nonzero,HLA-A*24:07,spearman,,2,2,False
baseline_plus_unconditional_logp_per_position,peptide_disjoint,mse,nonzero,HLA-A*24:07,pearson_log,,2,2,False
baseline_plus_unconditional_logp_per_position,peptide_disjoint,mse,nonzero,HLA-A*24:07,auc_gt_2h,0.0,2,2,False
baseline_plus_unconditional_logp_per_position,peptide_disjoint,mse,nonzero,HLA-A*24:19,spearman,,2,2,False
baseline_plus_unconditional_logp_per_position,peptide_disjoint,mse,nonzero,HLA-A*24:19,pearson_log,,2,2,False
baseline_plus_unconditional_logp_per_position,peptide_disjoint,mse,nonzero,HLA-A*24:19,auc_gt_2h,,2,2,False
baseline_plus_unconditional_logp_per_position,peptide_disjoint,mse,nonzero,HLA-A*26:01,spearman,-1.0,3,3,False
baseline_plus_unconditional_logp_per_position,peptide_disjoint,mse,nonzero,HLA-A*26:01,pearson_log,-0.9966147753597462,3,3,False
baseline_plus_unconditional_logp_per_position,peptide_disjoint,mse,nonzero,HLA-A*26:01,auc_gt_2h,,3,3,False
baseline_plus_unconditional_logp_per_position,peptide_disjoint,mse,nonzero,HLA-A*26:02,spearman,,2,2,False
baseline_plus_unconditional_logp_per_position,peptide_disjoint,mse,nonzero,HLA-A*26:02,pearson_log,,2,2,False
baseline_plus_unconditional_logp_per_position,peptide_disjoint,mse,nonzero,HLA-A*26:02,auc_gt_2h,,2,2,False
baseline_plus_unconditional_logp_per_position,peptide_disjoint,mse,nonzero,HLA-A*29:02,spearman,0.7,5,5,False
baseline_plus_unconditional_logp_per_position,peptide_disjoint,mse,nonzero,HLA-A*29:02,pearson_log,0.6801439611090514,5,5,False
baseline_plus_unconditional_logp_per_position,peptide_disjoint,mse,nonzero,HLA-A*29:02,auc_gt_2h,1.0,5,5,False
baseline_plus_unconditional_logp_per_position,peptide_disjoint,mse,nonzero,HLA-A*30:01,spearman,,2,2,False
baseline_plus_unconditional_logp_per_position,peptide_disjoint,mse,nonzero,HLA-A*30:01,pearson_log,,2,2,False
baseline_plus_unconditional_logp_per_position,peptide_disjoint,mse,nonzero,HLA-A*30:01,auc_gt_2h,,2,2,False
baseline_plus_unconditional_logp_per_position,peptide_disjoint,mse,nonzero,HLA-A*30:02,spearman,,1,1,True
baseline_plus_unconditional_logp_per_position,peptide_disjoint,mse,nonzero,HLA-A*30:02,pearson_log,,1,1,True
baseline_plus_unconditional_logp_per_position,peptide_disjoint,mse,nonzero,HLA-A*30:02,auc_gt_2h,,1,1,True
baseline_plus_unconditional_logp_per_position,peptide_disjoint,mse,nonzero,HLA-A*31:01,spearman,0.8660254037844387,3,3,False
baseline_plus_unconditional_logp_per_position,peptide_disjoint,mse,nonzero,HLA-A*31:01,pearson_log,0.6743187300561175,3,3,False
baseline_plus_unconditional_logp_per_position,peptide_disjoint,mse,nonzero,HLA-A*31:01,auc_gt_2h,,3,3,False
baseline_plus_unconditional_logp_per_position,peptide_disjoint,mse,nonzero,HLA-A*32:01,spearman,-1.0,3,3,False
baseline_plus_unconditional_logp_per_position,peptide_disjoint,mse,nonzero,HLA-A*32:01,pearson_log,-0.9819567830790255,3,3,False
baseline_plus_unconditional_logp_per_position,peptide_disjoint,mse,nonzero,HLA-A*32:01,auc_gt_2h,0.0,3,3,False
baseline_plus_unconditional_logp_per_position,peptide_disjoint,mse,nonzero,HLA-A*32:07,spearman,,2,2,False
baseline_plus_unconditional_logp_per_position,peptide_disjoint,mse,nonzero,HLA-A*32:07,pearson_log,,2,2,False
baseline_plus_unconditional_logp_per_position,peptide_disjoint,mse,nonzero,HLA-A*32:07,auc_gt_2h,1.0,2,2,False
baseline_plus_unconditional_logp_per_position,peptide_disjoint,mse,nonzero,HLA-A*33:03,spearman,,1,1,True
baseline_plus_unconditional_logp_per_position,peptide_disjoint,mse,nonzero,HLA-A*33:03,pearson_log,,1,1,True
baseline_plus_unconditional_logp_per_position,peptide_disjoint,mse,nonzero,HLA-A*33:03,auc_gt_2h,,1,1,True
baseline_plus_unconditional_logp_per_position,peptide_disjoint,mse,nonzero,HLA-A*43:01,spearman,0.6000000000000001,4,4,False
baseline_plus_unconditional_logp_per_position,peptide_disjoint,mse,nonzero,HLA-A*43:01,pearson_log,0.8019048094006676,4,4,False
baseline_plus_unconditional_logp_per_position,peptide_disjoint,mse,nonzero,HLA-A*43:01,auc_gt_2h,0.6666666666666667,4,4,False
baseline_plus_unconditional_logp_per_position,peptide_disjoint,mse,nonzero,HLA-A*66:01,spearman,,1,1,True
baseline_plus_unconditional_logp_per_position,peptide_disjoint,mse,nonzero,HLA-A*66:01,pearson_log,,1,1,True
baseline_plus_unconditional_logp_per_position,peptide_disjoint,mse,nonzero,HLA-A*66:01,auc_gt_2h,,1,1,True
baseline_plus_unconditional_logp_per_position,peptide_disjoint,mse,nonzero,HLA-A*68:01,spearman,-0.5,3,3,False
baseline_plus_unconditional_logp_per_position,peptide_disjoint,mse,nonzero,HLA-A*68:01,pearson_log,-0.636503306379474,3,3,False
baseline_plus_unconditional_logp_per_position,peptide_disjoint,mse,nonzero,HLA-A*68:01,auc_gt_2h,0.0,3,3,False
baseline_plus_unconditional_logp_per_position,peptide_disjoint,mse,nonzero,HLA-A*68:02,spearman,0.49999999999999994,5,5,False
baseline_plus_unconditional_logp_per_position,peptide_disjoint,mse,nonzero,HLA-A*68:02,pearson_log,0.3759767683799614,5,5,False
baseline_plus_unconditional_logp_per_position,peptide_disjoint,mse,nonzero,HLA-A*68:02,auc_gt_2h,,5,5,False
baseline_plus_unconditional_logp_per_position,peptide_disjoint,mse,nonzero,HLA-A*68:23,spearman,-0.9486832980505139,4,4,False
baseline_plus_unconditional_logp_per_position,peptide_disjoint,mse,nonzero,HLA-A*68:23,pearson_log,-0.9542444478274544,4,4,False
baseline_plus_unconditional_logp_per_position,peptide_disjoint,mse,nonzero,HLA-A*68:23,auc_gt_2h,,4,4,False
baseline_plus_unconditional_logp_per_position,peptide_disjoint,mse,nonzero,HLA-A*69:01,spearman,0.9486832980505139,4,4,False
baseline_plus_unconditional_logp_per_position,peptide_disjoint,mse,nonzero,HLA-A*69:01,pearson_log,0.8978436789377331,4,4,False
baseline_plus_unconditional_logp_per_position,peptide_disjoint,mse,nonzero,HLA-A*69:01,auc_gt_2h,,4,4,False
baseline_plus_unconditional_logp_per_position,peptide_disjoint,mse,nonzero,HLA-A*80:01,spearman,,2,2,False
baseline_plus_unconditional_logp_per_position,peptide_disjoint,mse,nonzero,HLA-A*80:01,pearson_log,,2,2,False
baseline_plus_unconditional_logp_per_position,peptide_disjoint,mse,nonzero,HLA-A*80:01,auc_gt_2h,,2,2,False
baseline_plus_unconditional_logp_per_position,peptide_disjoint,mse,nonzero,HLA-B*07:02,spearman,0.31622776601683794,5,5,False
baseline_plus_unconditional_logp_per_position,peptide_disjoint,mse,nonzero,HLA-B*07:02,pearson_log,0.3912369974606532,5,5,False
baseline_plus_unconditional_logp_per_position,peptide_disjoint,mse,nonzero,HLA-B*07:02,auc_gt_2h,0.8333333333333333,5,5,False
baseline_plus_unconditional_logp_per_position,peptide_disjoint,mse,nonzero,HLA-B*08:01,spearman,,2,2,False
baseline_plus_unconditional_logp_per_position,peptide_disjoint,mse,nonzero,HLA-B*08:01,pearson_log,,2,2,False
baseline_plus_unconditional_logp_per_position,peptide_disjoint,mse,nonzero,HLA-B*08:01,auc_gt_2h,,2,2,False
baseline_plus_unconditional_logp_per_position,peptide_disjoint,mse,nonzero,HLA-B*08:03,spearman,,2,2,False
baseline_plus_unconditional_logp_per_position,peptide_disjoint,mse,nonzero,HLA-B*08:03,pearson_log,,2,2,False
baseline_plus_unconditional_logp_per_position,peptide_disjoint,mse,nonzero,HLA-B*08:03,auc_gt_2h,1.0,2,2,False
baseline_plus_unconditional_logp_per_position,peptide_disjoint,mse,nonzero,HLA-B*13:02,spearman,,1,1,True
baseline_plus_unconditional_logp_per_position,peptide_disjoint,mse,nonzero,HLA-B*13:02,pearson_log,,1,1,True
baseline_plus_unconditional_logp_per_position,peptide_disjoint,mse,nonzero,HLA-B*13:02,auc_gt_2h,,1,1,True
baseline_plus_unconditional_logp_per_position,peptide_disjoint,mse,nonzero,HLA-B*15:01,spearman,-0.39999999999999997,4,4,False
baseline_plus_unconditional_logp_per_position,peptide_disjoint,mse,nonzero,HLA-B*15:01,pearson_log,-0.8502646094353489,4,4,False
baseline_plus_unconditional_logp_per_position,peptide_disjoint,mse,nonzero,HLA-B*15:01,auc_gt_2h,0.0,4,4,False
baseline_plus_unconditional_logp_per_position,peptide_disjoint,mse,nonzero,HLA-B*15:10,spearman,,2,2,False
baseline_plus_unconditional_logp_per_position,peptide_disjoint,mse,nonzero,HLA-B*15:10,pearson_log,,2,2,False
baseline_plus_unconditional_logp_per_position,peptide_disjoint,mse,nonzero,HLA-B*15:10,auc_gt_2h,1.0,2,2,False
baseline_plus_unconditional_logp_per_position,peptide_disjoint,mse,nonzero,HLA-B*18:01,spearman,,2,2,False
baseline_plus_unconditional_logp_per_position,peptide_disjoint,mse,nonzero,HLA-B*18:01,pearson_log,,2,2,False
baseline_plus_unconditional_logp_per_position,peptide_disjoint,mse,nonzero,HLA-B*18:01,auc_gt_2h,,2,2,False
baseline_plus_unconditional_logp_per_position,peptide_disjoint,mse,nonzero,HLA-B*27:02,spearman,0.5,3,3,False
baseline_plus_unconditional_logp_per_position,peptide_disjoint,mse,nonzero,HLA-B*27:02,pearson_log,0.8266904329009296,3,3,False
baseline_plus_unconditional_logp_per_position,peptide_disjoint,mse,nonzero,HLA-B*27:02,auc_gt_2h,1.0,3,3,False
baseline_plus_unconditional_logp_per_position,peptide_disjoint,mse,nonzero,HLA-B*27:03,spearman,,2,2,False
baseline_plus_unconditional_logp_per_position,peptide_disjoint,mse,nonzero,HLA-B*27:03,pearson_log,,2,2,False
baseline_plus_unconditional_logp_per_position,peptide_disjoint,mse,nonzero,HLA-B*27:03,auc_gt_2h,,2,2,False
baseline_plus_unconditional_logp_per_position,peptide_disjoint,mse,nonzero,HLA-B*27:05,spearman,,1,1,True
baseline_plus_unconditional_logp_per_position,peptide_disjoint,mse,nonzero,HLA-B*27:05,pearson_log,,1,1,True
baseline_plus_unconditional_logp_per_position,peptide_disjoint,mse,nonzero,HLA-B*27:05,auc_gt_2h,,1,1,True
baseline_plus_unconditional_logp_per_position,peptide_disjoint,mse,nonzero,HLA-B*27:20,spearman,-1.0,3,3,False
baseline_plus_unconditional_logp_per_position,peptide_disjoint,mse,nonzero,HLA-B*27:20,pearson_log,-0.9885832400377869,3,3,False
baseline_plus_unconditional_logp_per_position,peptide_disjoint,mse,nonzero,HLA-B*27:20,auc_gt_2h,0.0,3,3,False
baseline_plus_unconditional_logp_per_position,peptide_disjoint,mse,nonzero,HLA-B*35:01,spearman,,1,1,True
baseline_plus_unconditional_logp_per_position,peptide_disjoint,mse,nonzero,HLA-B*35:01,pearson_log,,1,1,True
baseline_plus_unconditional_logp_per_position,peptide_disjoint,mse,nonzero,HLA-B*35:01,auc_gt_2h,,1,1,True
baseline_plus_unconditional_logp_per_position,peptide_disjoint,mse,nonzero,HLA-B*35:03,spearman,,2,2,False
baseline_plus_unconditional_logp_per_position,peptide_disjoint,mse,nonzero,HLA-B*35:03,pearson_log,,2,2,False
baseline_plus_unconditional_logp_per_position,peptide_disjoint,mse,nonzero,HLA-B*35:03,auc_gt_2h,1.0,2,2,False
baseline_plus_unconditional_logp_per_position,peptide_disjoint,mse,nonzero,HLA-B*35:08,spearman,0.8660254037844387,3,3,False
baseline_plus_unconditional_logp_per_position,peptide_disjoint,mse,nonzero,HLA-B*35:08,pearson_log,0.8120688026247724,3,3,False
baseline_plus_unconditional_logp_per_position,peptide_disjoint,mse,nonzero,HLA-B*35:08,auc_gt_2h,1.0,3,3,False
baseline_plus_unconditional_logp_per_position,peptide_disjoint,mse,nonzero,HLA-B*39:01,spearman,0.9486832980505139,4,4,False
baseline_plus_unconditional_logp_per_position,peptide_disjoint,mse,nonzero,HLA-B*39:01,pearson_log,0.7188537332467178,4,4,False
baseline_plus_unconditional_logp_per_position,peptide_disjoint,mse,nonzero,HLA-B*39:01,auc_gt_2h,1.0,4,4,False
baseline_plus_unconditional_logp_per_position,peptide_disjoint,mse,nonzero,HLA-B*39:02,spearman,,1,1,True
baseline_plus_unconditional_logp_per_position,peptide_disjoint,mse,nonzero,HLA-B*39:02,pearson_log,,1,1,True
baseline_plus_unconditional_logp_per_position,peptide_disjoint,mse,nonzero,HLA-B*39:02,auc_gt_2h,,1,1,True
baseline_plus_unconditional_logp_per_position,peptide_disjoint,mse,nonzero,HLA-B*39:06(C67S),spearman,,1,1,True
baseline_plus_unconditional_logp_per_position,peptide_disjoint,mse,nonzero,HLA-B*39:06(C67S),pearson_log,,1,1,True
baseline_plus_unconditional_logp_per_position,peptide_disjoint,mse,nonzero,HLA-B*39:06(C67S),auc_gt_2h,,1,1,True
baseline_plus_unconditional_logp_per_position,peptide_disjoint,mse,nonzero,HLA-B*39:10,spearman,,1,1,True
baseline_plus_unconditional_logp_per_position,peptide_disjoint,mse,nonzero,HLA-B*39:10,pearson_log,,1,1,True
baseline_plus_unconditional_logp_per_position,peptide_disjoint,mse,nonzero,HLA-B*39:10,auc_gt_2h,,1,1,True
baseline_plus_unconditional_logp_per_position,peptide_disjoint,mse,nonzero,HLA-B*40:01,spearman,,2,2,False
baseline_plus_unconditional_logp_per_position,peptide_disjoint,mse,nonzero,HLA-B*40:01,pearson_log,,2,2,False
baseline_plus_unconditional_logp_per_position,peptide_disjoint,mse,nonzero,HLA-B*40:01,auc_gt_2h,,2,2,False
baseline_plus_unconditional_logp_per_position,peptide_disjoint,mse,nonzero,HLA-B*40:02,spearman,,2,2,False
baseline_plus_unconditional_logp_per_position,peptide_disjoint,mse,nonzero,HLA-B*40:02,pearson_log,,2,2,False
baseline_plus_unconditional_logp_per_position,peptide_disjoint,mse,nonzero,HLA-B*40:02,auc_gt_2h,0.0,2,2,False
baseline_plus_unconditional_logp_per_position,peptide_disjoint,mse,nonzero,HLA-B*41:01,spearman,,2,2,False
baseline_plus_unconditional_logp_per_position,peptide_disjoint,mse,nonzero,HLA-B*41:01,pearson_log,,2,2,False
baseline_plus_unconditional_logp_per_position,peptide_disjoint,mse,nonzero,HLA-B*41:01,auc_gt_2h,,2,2,False
baseline_plus_unconditional_logp_per_position,peptide_disjoint,mse,nonzero,HLA-B*42:01,spearman,,1,1,True
baseline_plus_unconditional_logp_per_position,peptide_disjoint,mse,nonzero,HLA-B*42:01,pearson_log,,1,1,True
baseline_plus_unconditional_logp_per_position,peptide_disjoint,mse,nonzero,HLA-B*42:01,auc_gt_2h,,1,1,True
baseline_plus_unconditional_logp_per_position,peptide_disjoint,mse,nonzero,HLA-B*42:02,spearman,-0.5,3,3,False
baseline_plus_unconditional_logp_per_position,peptide_disjoint,mse,nonzero,HLA-B*42:02,pearson_log,-0.2557949458472763,3,3,False
baseline_plus_unconditional_logp_per_position,peptide_disjoint,mse,nonzero,HLA-B*42:02,auc_gt_2h,0.5,3,3,False
baseline_plus_unconditional_logp_per_position,peptide_disjoint,mse,nonzero,HLA-B*44:05,spearman,,1,1,True
baseline_plus_unconditional_logp_per_position,peptide_disjoint,mse,nonzero,HLA-B*44:05,pearson_log,,1,1,True
baseline_plus_unconditional_logp_per_position,peptide_disjoint,mse,nonzero,HLA-B*44:05,auc_gt_2h,,1,1,True
baseline_plus_unconditional_logp_per_position,peptide_disjoint,mse,nonzero,HLA-B*51:01,spearman,,1,1,True
baseline_plus_unconditional_logp_per_position,peptide_disjoint,mse,nonzero,HLA-B*51:01,pearson_log,,1,1,True
baseline_plus_unconditional_logp_per_position,peptide_disjoint,mse,nonzero,HLA-B*51:01,auc_gt_2h,,1,1,True
baseline_plus_unconditional_logp_per_position,peptide_disjoint,mse,nonzero,HLA-B*54:01,spearman,0.7999999999999999,4,4,False
baseline_plus_unconditional_logp_per_position,peptide_disjoint,mse,nonzero,HLA-B*54:01,pearson_log,0.7529778461862745,4,4,False
baseline_plus_unconditional_logp_per_position,peptide_disjoint,mse,nonzero,HLA-B*54:01,auc_gt_2h,1.0,4,4,False
baseline_plus_unconditional_logp_per_position,peptide_disjoint,mse,nonzero,HLA-B*56:01,spearman,,2,2,False
baseline_plus_unconditional_logp_per_position,peptide_disjoint,mse,nonzero,HLA-B*56:01,pearson_log,,2,2,False
baseline_plus_unconditional_logp_per_position,peptide_disjoint,mse,nonzero,HLA-B*56:01,auc_gt_2h,,2,2,False
baseline_plus_unconditional_logp_per_position,peptide_disjoint,mse,nonzero,HLA-B*57:01,spearman,,1,1,True
baseline_plus_unconditional_logp_per_position,peptide_disjoint,mse,nonzero,HLA-B*57:01,pearson_log,,1,1,True
baseline_plus_unconditional_logp_per_position,peptide_disjoint,mse,nonzero,HLA-B*57:01,auc_gt_2h,,1,1,True
baseline_plus_unconditional_logp_per_position,peptide_disjoint,mse,nonzero,HLA-B*57:02,spearman,-0.5,3,3,False
baseline_plus_unconditional_logp_per_position,peptide_disjoint,mse,nonzero,HLA-B*57:02,pearson_log,-0.0787001275023756,3,3,False
baseline_plus_unconditional_logp_per_position,peptide_disjoint,mse,nonzero,HLA-B*57:02,auc_gt_2h,,3,3,False
baseline_plus_unconditional_logp_per_position,peptide_disjoint,mse,nonzero,HLA-B*57:03,spearman,,2,2,False
baseline_plus_unconditional_logp_per_position,peptide_disjoint,mse,nonzero,HLA-B*57:03,pearson_log,,2,2,False
baseline_plus_unconditional_logp_per_position,peptide_disjoint,mse,nonzero,HLA-B*57:03,auc_gt_2h,0.0,2,2,False
baseline_plus_unconditional_logp_per_position,peptide_disjoint,mse,nonzero,HLA-B*58:01,spearman,0.8999999999999998,5,5,False
baseline_plus_unconditional_logp_per_position,peptide_disjoint,mse,nonzero,HLA-B*58:01,pearson_log,0.9481278263572586,5,5,False
baseline_plus_unconditional_logp_per_position,peptide_disjoint,mse,nonzero,HLA-B*58:01,auc_gt_2h,1.0,5,5,False
baseline_plus_unconditional_logp_per_position,peptide_disjoint,mse,nonzero,HLA-B*81:01,spearman,-0.3,5,5,False
baseline_plus_unconditional_logp_per_position,peptide_disjoint,mse,nonzero,HLA-B*81:01,pearson_log,-0.017124038566211974,5,5,False
baseline_plus_unconditional_logp_per_position,peptide_disjoint,mse,nonzero,HLA-B*81:01,auc_gt_2h,,5,5,False
baseline_plus_unconditional_logp_per_position,random,mse,all,HLA-A*01:01,spearman,1.0,3,3,False
baseline_plus_unconditional_logp_per_position,random,mse,all,HLA-A*01:01,pearson_log,0.9162404725337812,3,3,False
baseline_plus_unconditional_logp_per_position,random,mse,all,HLA-A*01:01,auc_gt_2h,,3,3,False
baseline_plus_unconditional_logp_per_position,random,mse,all,HLA-A*02:01,spearman,0.5,3,3,False
baseline_plus_unconditional_logp_per_position,random,mse,all,HLA-A*02:01,pearson_log,-0.13057132840641886,3,3,False
baseline_plus_unconditional_logp_per_position,random,mse,all,HLA-A*02:01,auc_gt_2h,,3,3,False
baseline_plus_unconditional_logp_per_position,random,mse,all,HLA-A*02:03,spearman,-0.5,3,3,False
baseline_plus_unconditional_logp_per_position,random,mse,all,HLA-A*02:03,pearson_log,-0.054007059212989594,3,3,False
baseline_plus_unconditional_logp_per_position,random,mse,all,HLA-A*02:03,auc_gt_2h,0.5,3,3,False
baseline_plus_unconditional_logp_per_position,random,mse,all,HLA-A*02:05,spearman,0.5,3,3,False
baseline_plus_unconditional_logp_per_position,random,mse,all,HLA-A*02:05,pearson_log,0.41870379642730426,3,3,False
baseline_plus_unconditional_logp_per_position,random,mse,all,HLA-A*02:05,auc_gt_2h,,3,3,False
baseline_plus_unconditional_logp_per_position,random,mse,all,HLA-A*02:10,spearman,0.5,3,3,False
baseline_plus_unconditional_logp_per_position,random,mse,all,HLA-A*02:10,pearson_log,0.6421200264080124,3,3,False
baseline_plus_unconditional_logp_per_position,random,mse,all,HLA-A*02:10,auc_gt_2h,1.0,3,3,False
baseline_plus_unconditional_logp_per_position,random,mse,all,HLA-A*02:11,spearman,-1.0,3,3,False
baseline_plus_unconditional_logp_per_position,random,mse,all,HLA-A*02:11,pearson_log,-0.9836646923862566,3,3,False
baseline_plus_unconditional_logp_per_position,random,mse,all,HLA-A*02:11,auc_gt_2h,,3,3,False
baseline_plus_unconditional_logp_per_position,random,mse,all,HLA-A*02:12,spearman,-0.5,3,3,False
baseline_plus_unconditional_logp_per_position,random,mse,all,HLA-A*02:12,pearson_log,-0.970323135112595,3,3,False
baseline_plus_unconditional_logp_per_position,random,mse,all,HLA-A*02:12,auc_gt_2h,,3,3,False
baseline_plus_unconditional_logp_per_position,random,mse,all,HLA-A*02:16,spearman,0.5,3,3,False
baseline_plus_unconditional_logp_per_position,random,mse,all,HLA-A*02:16,pearson_log,0.0412903069075683,3,3,False
baseline_plus_unconditional_logp_per_position,random,mse,all,HLA-A*02:16,auc_gt_2h,0.5,3,3,False
baseline_plus_unconditional_logp_per_position,random,mse,all,HLA-A*02:19,spearman,0.5,3,3,False
baseline_plus_unconditional_logp_per_position,random,mse,all,HLA-A*02:19,pearson_log,0.36635243698932185,3,3,False
baseline_plus_unconditional_logp_per_position,random,mse,all,HLA-A*02:19,auc_gt_2h,,3,3,False
baseline_plus_unconditional_logp_per_position,random,mse,all,HLA-A*02:50,spearman,-0.5,3,3,False
baseline_plus_unconditional_logp_per_position,random,mse,all,HLA-A*02:50,pearson_log,-0.5567795679249663,3,3,False
baseline_plus_unconditional_logp_per_position,random,mse,all,HLA-A*02:50,auc_gt_2h,,3,3,False
baseline_plus_unconditional_logp_per_position,random,mse,all,HLA-A*03:01,spearman,-0.5,3,3,False
baseline_plus_unconditional_logp_per_position,random,mse,all,HLA-A*03:01,pearson_log,-0.7372246575873421,3,3,False
baseline_plus_unconditional_logp_per_position,random,mse,all,HLA-A*03:01,auc_gt_2h,0.5,3,3,False
baseline_plus_unconditional_logp_per_position,random,mse,all,HLA-A*11:01,spearman,0.5,3,3,False
baseline_plus_unconditional_logp_per_position,random,mse,all,HLA-A*11:01,pearson_log,0.9012714898965993,3,3,False
baseline_plus_unconditional_logp_per_position,random,mse,all,HLA-A*11:01,auc_gt_2h,1.0,3,3,False
baseline_plus_unconditional_logp_per_position,random,mse,all,HLA-A*23:01,spearman,-0.5,3,3,False
baseline_plus_unconditional_logp_per_position,random,mse,all,HLA-A*23:01,pearson_log,-0.26374195420322966,3,3,False
baseline_plus_unconditional_logp_per_position,random,mse,all,HLA-A*23:01,auc_gt_2h,0.0,3,3,False
baseline_plus_unconditional_logp_per_position,random,mse,all,HLA-A*24:02,spearman,1.0,3,3,False
baseline_plus_unconditional_logp_per_position,random,mse,all,HLA-A*24:02,pearson_log,0.7151065940246142,3,3,False
baseline_plus_unconditional_logp_per_position,random,mse,all,HLA-A*24:02,auc_gt_2h,1.0,3,3,False
baseline_plus_unconditional_logp_per_position,random,mse,all,HLA-A*24:03,spearman,1.0,3,3,False
baseline_plus_unconditional_logp_per_position,random,mse,all,HLA-A*24:03,pearson_log,0.8026895832906509,3,3,False
baseline_plus_unconditional_logp_per_position,random,mse,all,HLA-A*24:03,auc_gt_2h,1.0,3,3,False
baseline_plus_unconditional_logp_per_position,random,mse,all,HLA-A*24:07,spearman,-1.0,3,3,False
baseline_plus_unconditional_logp_per_position,random,mse,all,HLA-A*24:07,pearson_log,-0.9161385033394425,3,3,False
baseline_plus_unconditional_logp_per_position,random,mse,all,HLA-A*24:07,auc_gt_2h,,3,3,False
baseline_plus_unconditional_logp_per_position,random,mse,all,HLA-A*24:19,spearman,0.5,3,3,False
baseline_plus_unconditional_logp_per_position,random,mse,all,HLA-A*24:19,pearson_log,0.600720542415208,3,3,False
baseline_plus_unconditional_logp_per_position,random,mse,all,HLA-A*24:19,auc_gt_2h,,3,3,False
baseline_plus_unconditional_logp_per_position,random,mse,all,HLA-A*25:01,spearman,-0.8660254037844387,3,3,False
baseline_plus_unconditional_logp_per_position,random,mse,all,HLA-A*25:01,pearson_log,-0.5229545958361319,3,3,False
baseline_plus_unconditional_logp_per_position,random,mse,all,HLA-A*25:01,auc_gt_2h,,3,3,False
baseline_plus_unconditional_logp_per_position,random,mse,all,HLA-A*26:01,spearman,-0.5,3,3,False
baseline_plus_unconditional_logp_per_position,random,mse,all,HLA-A*26:01,pearson_log,-0.6924987437070949,3,3,False
baseline_plus_unconditional_logp_per_position,random,mse,all,HLA-A*26:01,auc_gt_2h,,3,3,False
baseline_plus_unconditional_logp_per_position,random,mse,all,HLA-A*26:02,spearman,-0.5,3,3,False
baseline_plus_unconditional_logp_per_position,random,mse,all,HLA-A*26:02,pearson_log,-0.9369399702586025,3,3,False
baseline_plus_unconditional_logp_per_position,random,mse,all,HLA-A*26:02,auc_gt_2h,0.0,3,3,False
baseline_plus_unconditional_logp_per_position,random,mse,all,HLA-A*26:03,spearman,-0.8660254037844387,3,3,False
baseline_plus_unconditional_logp_per_position,random,mse,all,HLA-A*26:03,pearson_log,-0.6684140827360355,3,3,False
baseline_plus_unconditional_logp_per_position,random,mse,all,HLA-A*26:03,auc_gt_2h,,3,3,False
baseline_plus_unconditional_logp_per_position,random,mse,all,HLA-A*29:02,spearman,0.5,3,3,False
baseline_plus_unconditional_logp_per_position,random,mse,all,HLA-A*29:02,pearson_log,0.5132931933624473,3,3,False
baseline_plus_unconditional_logp_per_position,random,mse,all,HLA-A*29:02,auc_gt_2h,1.0,3,3,False
baseline_plus_unconditional_logp_per_position,random,mse,all,HLA-A*30:01,spearman,-0.5,3,3,False
baseline_plus_unconditional_logp_per_position,random,mse,all,HLA-A*30:01,pearson_log,0.04674731535493387,3,3,False
baseline_plus_unconditional_logp_per_position,random,mse,all,HLA-A*30:01,auc_gt_2h,0.5,3,3,False
baseline_plus_unconditional_logp_per_position,random,mse,all,HLA-A*30:02,spearman,0.5,3,3,False
baseline_plus_unconditional_logp_per_position,random,mse,all,HLA-A*30:02,pearson_log,0.2568408443555052,3,3,False
baseline_plus_unconditional_logp_per_position,random,mse,all,HLA-A*30:02,auc_gt_2h,0.5,3,3,False
baseline_plus_unconditional_logp_per_position,random,mse,all,HLA-A*31:01,spearman,1.0,3,3,False
baseline_plus_unconditional_logp_per_position,random,mse,all,HLA-A*31:01,pearson_log,0.9832279274039565,3,3,False
baseline_plus_unconditional_logp_per_position,random,mse,all,HLA-A*31:01,auc_gt_2h,1.0,3,3,False
baseline_plus_unconditional_logp_per_position,random,mse,all,HLA-A*32:01,spearman,-0.5,3,3,False
baseline_plus_unconditional_logp_per_position,random,mse,all,HLA-A*32:01,pearson_log,-0.1775504579314102,3,3,False
baseline_plus_unconditional_logp_per_position,random,mse,all,HLA-A*32:01,auc_gt_2h,0.5,3,3,False
baseline_plus_unconditional_logp_per_position,random,mse,all,HLA-A*32:07,spearman,0.5,3,3,False
baseline_plus_unconditional_logp_per_position,random,mse,all,HLA-A*32:07,pearson_log,-0.36701525691671877,3,3,False
baseline_plus_unconditional_logp_per_position,random,mse,all,HLA-A*32:07,auc_gt_2h,0.5,3,3,False
baseline_plus_unconditional_logp_per_position,random,mse,all,HLA-A*33:03,spearman,0.5,3,3,False
baseline_plus_unconditional_logp_per_position,random,mse,all,HLA-A*33:03,pearson_log,0.2737068706652307,3,3,False
baseline_plus_unconditional_logp_per_position,random,mse,all,HLA-A*33:03,auc_gt_2h,0.5,3,3,False
baseline_plus_unconditional_logp_per_position,random,mse,all,HLA-A*43:01,spearman,0.5,3,3,False
baseline_plus_unconditional_logp_per_position,random,mse,all,HLA-A*43:01,pearson_log,0.24051520863980685,3,3,False
baseline_plus_unconditional_logp_per_position,random,mse,all,HLA-A*43:01,auc_gt_2h,0.5,3,3,False
baseline_plus_unconditional_logp_per_position,random,mse,all,HLA-A*66:01,spearman,-0.5,3,3,False
baseline_plus_unconditional_logp_per_position,random,mse,all,HLA-A*66:01,pearson_log,-0.9123203137496336,3,3,False
baseline_plus_unconditional_logp_per_position,random,mse,all,HLA-A*66:01,auc_gt_2h,,3,3,False
baseline_plus_unconditional_logp_per_position,random,mse,all,HLA-A*68:01,spearman,-1.0,3,3,False
baseline_plus_unconditional_logp_per_position,random,mse,all,HLA-A*68:01,pearson_log,-0.9982068032622804,3,3,False
baseline_plus_unconditional_logp_per_position,random,mse,all,HLA-A*68:01,auc_gt_2h,0.0,3,3,False
baseline_plus_unconditional_logp_per_position,random,mse,all,HLA-A*68:02,spearman,-0.5,3,3,False
baseline_plus_unconditional_logp_per_position,random,mse,all,HLA-A*68:02,pearson_log,-0.2995838525993382,3,3,False
baseline_plus_unconditional_logp_per_position,random,mse,all,HLA-A*68:02,auc_gt_2h,0.0,3,3,False
baseline_plus_unconditional_logp_per_position,random,mse,all,HLA-A*68:23,spearman,,2,2,False
baseline_plus_unconditional_logp_per_position,random,mse,all,HLA-A*68:23,pearson_log,,2,2,False
baseline_plus_unconditional_logp_per_position,random,mse,all,HLA-A*68:23,auc_gt_2h,,2,2,False
baseline_plus_unconditional_logp_per_position,random,mse,all,HLA-A*69:01,spearman,-0.5,3,3,False
baseline_plus_unconditional_logp_per_position,random,mse,all,HLA-A*69:01,pearson_log,0.18748776077457657,3,3,False
baseline_plus_unconditional_logp_per_position,random,mse,all,HLA-A*69:01,auc_gt_2h,,3,3,False
baseline_plus_unconditional_logp_per_position,random,mse,all,HLA-A*74:01,spearman,,2,2,False
baseline_plus_unconditional_logp_per_position,random,mse,all,HLA-A*74:01,pearson_log,,2,2,False
baseline_plus_unconditional_logp_per_position,random,mse,all,HLA-A*74:01,auc_gt_2h,,2,2,False
baseline_plus_unconditional_logp_per_position,random,mse,all,HLA-A*80:01,spearman,1.0,3,3,False
baseline_plus_unconditional_logp_per_position,random,mse,all,HLA-A*80:01,pearson_log,0.9908920581106749,3,3,False
baseline_plus_unconditional_logp_per_position,random,mse,all,HLA-A*80:01,auc_gt_2h,1.0,3,3,False
baseline_plus_unconditional_logp_per_position,random,mse,all,HLA-B*07:02,spearman,,2,2,False
baseline_plus_unconditional_logp_per_position,random,mse,all,HLA-B*07:02,pearson_log,,2,2,False
baseline_plus_unconditional_logp_per_position,random,mse,all,HLA-B*07:02,auc_gt_2h,,2,2,False
baseline_plus_unconditional_logp_per_position,random,mse,all,HLA-B*08:01,spearman,0.0,3,3,False
baseline_plus_unconditional_logp_per_position,random,mse,all,HLA-B*08:01,pearson_log,0.3278529224619492,3,3,False
baseline_plus_unconditional_logp_per_position,random,mse,all,HLA-B*08:01,auc_gt_2h,,3,3,False
baseline_plus_unconditional_logp_per_position,random,mse,all,HLA-B*08:03,spearman,,2,2,False
baseline_plus_unconditional_logp_per_position,random,mse,all,HLA-B*08:03,pearson_log,,2,2,False
baseline_plus_unconditional_logp_per_position,random,mse,all,HLA-B*08:03,auc_gt_2h,,2,2,False
baseline_plus_unconditional_logp_per_position,random,mse,all,HLA-B*13:02,spearman,,1,1,True
baseline_plus_unconditional_logp_per_position,random,mse,all,HLA-B*13:02,pearson_log,,1,1,True
baseline_plus_unconditional_logp_per_position,random,mse,all,HLA-B*13:02,auc_gt_2h,,1,1,True
baseline_plus_unconditional_logp_per_position,random,mse,all,HLA-B*14:01(C67S),spearman,,2,2,False
baseline_plus_unconditional_logp_per_position,random,mse,all,HLA-B*14:01(C67S),pearson_log,,2,2,False
baseline_plus_unconditional_logp_per_position,random,mse,all,HLA-B*14:01(C67S),auc_gt_2h,,2,2,False
baseline_plus_unconditional_logp_per_position,random,mse,all,HLA-B*14:02(C67S),spearman,,2,2,False
baseline_plus_unconditional_logp_per_position,random,mse,all,HLA-B*14:02(C67S),pearson_log,,2,2,False
baseline_plus_unconditional_logp_per_position,random,mse,all,HLA-B*14:02(C67S),auc_gt_2h,1.0,2,2,False
baseline_plus_unconditional_logp_per_position,random,mse,all,HLA-B*15:01,spearman,0.5,3,3,False
baseline_plus_unconditional_logp_per_position,random,mse,all,HLA-B*15:01,pearson_log,0.30806453993549204,3,3,False
baseline_plus_unconditional_logp_per_position,random,mse,all,HLA-B*15:01,auc_gt_2h,1.0,3,3,False
baseline_plus_unconditional_logp_per_position,random,mse,all,HLA-B*15:02,spearman,-0.5,3,3,False
baseline_plus_unconditional_logp_per_position,random,mse,all,HLA-B*15:02,pearson_log,-0.9263760541924038,3,3,False
baseline_plus_unconditional_logp_per_position,random,mse,all,HLA-B*15:02,auc_gt_2h,0.5,3,3,False
baseline_plus_unconditional_logp_per_position,random,mse,all,HLA-B*15:10,spearman,,2,2,False
baseline_plus_unconditional_logp_per_position,random,mse,all,HLA-B*15:10,pearson_log,,2,2,False
baseline_plus_unconditional_logp_per_position,random,mse,all,HLA-B*15:10,auc_gt_2h,1.0,2,2,False
baseline_plus_unconditional_logp_per_position,random,mse,all,HLA-B*15:17,spearman,,2,2,False
baseline_plus_unconditional_logp_per_position,random,mse,all,HLA-B*15:17,pearson_log,,2,2,False
baseline_plus_unconditional_logp_per_position,random,mse,all,HLA-B*15:17,auc_gt_2h,0.0,2,2,False
baseline_plus_unconditional_logp_per_position,random,mse,all,HLA-B*18:01,spearman,,2,2,False
baseline_plus_unconditional_logp_per_position,random,mse,all,HLA-B*18:01,pearson_log,,2,2,False
baseline_plus_unconditional_logp_per_position,random,mse,all,HLA-B*18:01,auc_gt_2h,0.0,2,2,False
baseline_plus_unconditional_logp_per_position,random,mse,all,HLA-B*27:02,spearman,,2,2,False
baseline_plus_unconditional_logp_per_position,random,mse,all,HLA-B*27:02,pearson_log,,2,2,False
baseline_plus_unconditional_logp_per_position,random,mse,all,HLA-B*27:02,auc_gt_2h,,2,2,False
baseline_plus_unconditional_logp_per_position,random,mse,all,HLA-B*27:03,spearman,,2,2,False
baseline_plus_unconditional_logp_per_position,random,mse,all,HLA-B*27:03,pearson_log,,2,2,False
baseline_plus_unconditional_logp_per_position,random,mse,all,HLA-B*27:03,auc_gt_2h,,2,2,False
baseline_plus_unconditional_logp_per_position,random,mse,all,HLA-B*27:05,spearman,0.5,3,3,False
baseline_plus_unconditional_logp_per_position,random,mse,all,HLA-B*27:05,pearson_log,0.5930007221824524,3,3,False
baseline_plus_unconditional_logp_per_position,random,mse,all,HLA-B*27:05,auc_gt_2h,0.5,3,3,False
baseline_plus_unconditional_logp_per_position,random,mse,all,HLA-B*27:20,spearman,,2,2,False
baseline_plus_unconditional_logp_per_position,random,mse,all,HLA-B*27:20,pearson_log,,2,2,False
baseline_plus_unconditional_logp_per_position,random,mse,all,HLA-B*27:20,auc_gt_2h,,2,2,False
baseline_plus_unconditional_logp_per_position,random,mse,all,HLA-B*35:01,spearman,,2,2,False
baseline_plus_unconditional_logp_per_position,random,mse,all,HLA-B*35:01,pearson_log,,2,2,False
baseline_plus_unconditional_logp_per_position,random,mse,all,HLA-B*35:01,auc_gt_2h,0.0,2,2,False
baseline_plus_unconditional_logp_per_position,random,mse,all,HLA-B*35:03,spearman,,2,2,False
baseline_plus_unconditional_logp_per_position,random,mse,all,HLA-B*35:03,pearson_log,,2,2,False
baseline_plus_unconditional_logp_per_position,random,mse,all,HLA-B*35:03,auc_gt_2h,0.0,2,2,False
baseline_plus_unconditional_logp_per_position,random,mse,all,HLA-B*35:08,spearman,0.5,3,3,False
baseline_plus_unconditional_logp_per_position,random,mse,all,HLA-B*35:08,pearson_log,0.4284227150283293,3,3,False
baseline_plus_unconditional_logp_per_position,random,mse,all,HLA-B*35:08,auc_gt_2h,1.0,3,3,False
baseline_plus_unconditional_logp_per_position,random,mse,all,HLA-B*39:01,spearman,,2,2,False
baseline_plus_unconditional_logp_per_position,random,mse,all,HLA-B*39:01,pearson_log,,2,2,False
baseline_plus_unconditional_logp_per_position,random,mse,all,HLA-B*39:01,auc_gt_2h,,2,2,False
baseline_plus_unconditional_logp_per_position,random,mse,all,HLA-B*39:02,spearman,0.8660254037844387,3,3,False
baseline_plus_unconditional_logp_per_position,random,mse,all,HLA-B*39:02,pearson_log,0.9664470817858266,3,3,False
baseline_plus_unconditional_logp_per_position,random,mse,all,HLA-B*39:02,auc_gt_2h,,3,3,False
baseline_plus_unconditional_logp_per_position,random,mse,all,HLA-B*39:06(C67S),spearman,,3,3,False
baseline_plus_unconditional_logp_per_position,random,mse,all,HLA-B*39:06(C67S),pearson_log,,3,3,False
baseline_plus_unconditional_logp_per_position,random,mse,all,HLA-B*39:06(C67S),auc_gt_2h,,3,3,False
baseline_plus_unconditional_logp_per_position,random,mse,all,HLA-B*39:10,spearman,,2,2,False
baseline_plus_unconditional_logp_per_position,random,mse,all,HLA-B*39:10,pearson_log,,2,2,False
baseline_plus_unconditional_logp_per_position,random,mse,all,HLA-B*39:10,auc_gt_2h,1.0,2,2,False
baseline_plus_unconditional_logp_per_position,random,mse,all,HLA-B*40:01,spearman,-0.5,3,3,False
baseline_plus_unconditional_logp_per_position,random,mse,all,HLA-B*40:01,pearson_log,0.21368949199786896,3,3,False
baseline_plus_unconditional_logp_per_position,random,mse,all,HLA-B*40:01,auc_gt_2h,,3,3,False
baseline_plus_unconditional_logp_per_position,random,mse,all,HLA-B*40:02,spearman,1.0,3,3,False
baseline_plus_unconditional_logp_per_position,random,mse,all,HLA-B*40:02,pearson_log,0.8388908437305211,3,3,False
baseline_plus_unconditional_logp_per_position,random,mse,all,HLA-B*40:02,auc_gt_2h,1.0,3,3,False
baseline_plus_unconditional_logp_per_position,random,mse,all,HLA-B*41:01,spearman,-0.5,3,3,False
baseline_plus_unconditional_logp_per_position,random,mse,all,HLA-B*41:01,pearson_log,-0.8248792838017651,3,3,False
baseline_plus_unconditional_logp_per_position,random,mse,all,HLA-B*41:01,auc_gt_2h,,3,3,False
baseline_plus_unconditional_logp_per_position,random,mse,all,HLA-B*42:01,spearman,,2,2,False
baseline_plus_unconditional_logp_per_position,random,mse,all,HLA-B*42:01,pearson_log,,2,2,False
baseline_plus_unconditional_logp_per_position,random,mse,all,HLA-B*42:01,auc_gt_2h,,2,2,False
baseline_plus_unconditional_logp_per_position,random,mse,all,HLA-B*42:02,spearman,-0.5,3,3,False
baseline_plus_unconditional_logp_per_position,random,mse,all,HLA-B*42:02,pearson_log,-0.8243940449275158,3,3,False
baseline_plus_unconditional_logp_per_position,random,mse,all,HLA-B*42:02,auc_gt_2h,0.0,3,3,False
baseline_plus_unconditional_logp_per_position,random,mse,all,HLA-B*44:05,spearman,,2,2,False
baseline_plus_unconditional_logp_per_position,random,mse,all,HLA-B*44:05,pearson_log,,2,2,False
baseline_plus_unconditional_logp_per_position,random,mse,all,HLA-B*44:05,auc_gt_2h,,2,2,False
baseline_plus_unconditional_logp_per_position,random,mse,all,HLA-B*45:01,spearman,0.8660254037844387,3,3,False
baseline_plus_unconditional_logp_per_position,random,mse,all,HLA-B*45:01,pearson_log,0.967823510577088,3,3,False
baseline_plus_unconditional_logp_per_position,random,mse,all,HLA-B*45:01,auc_gt_2h,,3,3,False
baseline_plus_unconditional_logp_per_position,random,mse,all,HLA-B*46:01,spearman,0.0,3,3,False
baseline_plus_unconditional_logp_per_position,random,mse,all,HLA-B*46:01,pearson_log,-0.30047666581237487,3,3,False
baseline_plus_unconditional_logp_per_position,random,mse,all,HLA-B*46:01,auc_gt_2h,,3,3,False
baseline_plus_unconditional_logp_per_position,random,mse,all,HLA-B*51:01,spearman,0.0,3,3,False
baseline_plus_unconditional_logp_per_position,random,mse,all,HLA-B*51:01,pearson_log,-0.41469679312436614,3,3,False
baseline_plus_unconditional_logp_per_position,random,mse,all,HLA-B*51:01,auc_gt_2h,0.5,3,3,False
baseline_plus_unconditional_logp_per_position,random,mse,all,HLA-B*54:01,spearman,0.5,3,3,False
baseline_plus_unconditional_logp_per_position,random,mse,all,HLA-B*54:01,pearson_log,0.8122947119316379,3,3,False
baseline_plus_unconditional_logp_per_position,random,mse,all,HLA-B*54:01,auc_gt_2h,0.5,3,3,False
baseline_plus_unconditional_logp_per_position,random,mse,all,HLA-B*55:01,spearman,,2,2,False
baseline_plus_unconditional_logp_per_position,random,mse,all,HLA-B*55:01,pearson_log,,2,2,False
baseline_plus_unconditional_logp_per_position,random,mse,all,HLA-B*55:01,auc_gt_2h,,2,2,False
baseline_plus_unconditional_logp_per_position,random,mse,all,HLA-B*56:01,spearman,-0.5,3,3,False
baseline_plus_unconditional_logp_per_position,random,mse,all,HLA-B*56:01,pearson_log,-0.5757742119096987,3,3,False
baseline_plus_unconditional_logp_per_position,random,mse,all,HLA-B*56:01,auc_gt_2h,,3,3,False
baseline_plus_unconditional_logp_per_position,random,mse,all,HLA-B*57:01,spearman,,2,2,False
baseline_plus_unconditional_logp_per_position,random,mse,all,HLA-B*57:01,pearson_log,,2,2,False
baseline_plus_unconditional_logp_per_position,random,mse,all,HLA-B*57:01,auc_gt_2h,,2,2,False
baseline_plus_unconditional_logp_per_position,random,mse,all,HLA-B*57:02,spearman,,2,2,False
baseline_plus_unconditional_logp_per_position,random,mse,all,HLA-B*57:02,pearson_log,,2,2,False
baseline_plus_unconditional_logp_per_position,random,mse,all,HLA-B*57:02,auc_gt_2h,,2,2,False
baseline_plus_unconditional_logp_per_position,random,mse,all,HLA-B*57:03,spearman,,2,2,False
baseline_plus_unconditional_logp_per_position,random,mse,all,HLA-B*57:03,pearson_log,,2,2,False
baseline_plus_unconditional_logp_per_position,random,mse,all,HLA-B*57:03,auc_gt_2h,,2,2,False
baseline_plus_unconditional_logp_per_position,random,mse,all,HLA-B*58:01,spearman,-1.0,3,3,False
baseline_plus_unconditional_logp_per_position,random,mse,all,HLA-B*58:01,pearson_log,-0.9464491148925953,3,3,False
baseline_plus_unconditional_logp_per_position,random,mse,all,HLA-B*58:01,auc_gt_2h,0.0,3,3,False
baseline_plus_unconditional_logp_per_position,random,mse,all,HLA-B*81:01,spearman,,2,2,False
baseline_plus_unconditional_logp_per_position,random,mse,all,HLA-B*81:01,pearson_log,,2,2,False
baseline_plus_unconditional_logp_per_position,random,mse,all,HLA-B*81:01,auc_gt_2h,,2,2,False
baseline_plus_unconditional_logp_per_position,random,mse,nonzero,HLA-A*01:01,spearman,,2,2,False
baseline_plus_unconditional_logp_per_position,random,mse,nonzero,HLA-A*01:01,pearson_log,,2,2,False
baseline_plus_unconditional_logp_per_position,random,mse,nonzero,HLA-A*01:01,auc_gt_2h,,2,2,False
baseline_plus_unconditional_logp_per_position,random,mse,nonzero,HLA-A*02:01,spearman,0.5,3,3,False
baseline_plus_unconditional_logp_per_position,random,mse,nonzero,HLA-A*02:01,pearson_log,-0.13057132840641886,3,3,False
baseline_plus_unconditional_logp_per_position,random,mse,nonzero,HLA-A*02:01,auc_gt_2h,,3,3,False
baseline_plus_unconditional_logp_per_position,random,mse,nonzero,HLA-A*02:03,spearman,,2,2,False
baseline_plus_unconditional_logp_per_position,random,mse,nonzero,HLA-A*02:03,pearson_log,,2,2,False
baseline_plus_unconditional_logp_per_position,random,mse,nonzero,HLA-A*02:03,auc_gt_2h,1.0,2,2,False
baseline_plus_unconditional_logp_per_position,random,mse,nonzero,HLA-A*02:05,spearman,0.5,3,3,False
baseline_plus_unconditional_logp_per_position,random,mse,nonzero,HLA-A*02:05,pearson_log,0.41870379642730426,3,3,False
baseline_plus_unconditional_logp_per_position,random,mse,nonzero,HLA-A*02:05,auc_gt_2h,,3,3,False
baseline_plus_unconditional_logp_per_position,random,mse,nonzero,HLA-A*02:10,spearman,0.5,3,3,False
baseline_plus_unconditional_logp_per_position,random,mse,nonzero,HLA-A*02:10,pearson_log,0.6421200264080124,3,3,False
baseline_plus_unconditional_logp_per_position,random,mse,nonzero,HLA-A*02:10,auc_gt_2h,1.0,3,3,False
baseline_plus_unconditional_logp_per_position,random,mse,nonzero,HLA-A*02:11,spearman,-1.0,3,3,False
baseline_plus_unconditional_logp_per_position,random,mse,nonzero,HLA-A*02:11,pearson_log,-0.9836646923862566,3,3,False
baseline_plus_unconditional_logp_per_position,random,mse,nonzero,HLA-A*02:11,auc_gt_2h,,3,3,False
baseline_plus_unconditional_logp_per_position,random,mse,nonzero,HLA-A*02:12,spearman,-0.5,3,3,False
baseline_plus_unconditional_logp_per_position,random,mse,nonzero,HLA-A*02:12,pearson_log,-0.970323135112595,3,3,False
baseline_plus_unconditional_logp_per_position,random,mse,nonzero,HLA-A*02:12,auc_gt_2h,,3,3,False
baseline_plus_unconditional_logp_per_position,random,mse,nonzero,HLA-A*02:16,spearman,0.5,3,3,False
baseline_plus_unconditional_logp_per_position,random,mse,nonzero,HLA-A*02:16,pearson_log,0.0412903069075683,3,3,False
baseline_plus_unconditional_logp_per_position,random,mse,nonzero,HLA-A*02:16,auc_gt_2h,0.5,3,3,False
baseline_plus_unconditional_logp_per_position,random,mse,nonzero,HLA-A*02:19,spearman,0.5,3,3,False
baseline_plus_unconditional_logp_per_position,random,mse,nonzero,HLA-A*02:19,pearson_log,0.36635243698932185,3,3,False
baseline_plus_unconditional_logp_per_position,random,mse,nonzero,HLA-A*02:19,auc_gt_2h,,3,3,False
baseline_plus_unconditional_logp_per_position,random,mse,nonzero,HLA-A*02:50,spearman,-0.5,3,3,False
baseline_plus_unconditional_logp_per_position,random,mse,nonzero,HLA-A*02:50,pearson_log,-0.5567795679249663,3,3,False
baseline_plus_unconditional_logp_per_position,random,mse,nonzero,HLA-A*02:50,auc_gt_2h,,3,3,False
baseline_plus_unconditional_logp_per_position,random,mse,nonzero,HLA-A*03:01,spearman,,2,2,False
baseline_plus_unconditional_logp_per_position,random,mse,nonzero,HLA-A*03:01,pearson_log,,2,2,False
baseline_plus_unconditional_logp_per_position,random,mse,nonzero,HLA-A*03:01,auc_gt_2h,1.0,2,2,False
baseline_plus_unconditional_logp_per_position,random,mse,nonzero,HLA-A*11:01,spearman,0.5,3,3,False
baseline_plus_unconditional_logp_per_position,random,mse,nonzero,HLA-A*11:01,pearson_log,0.9012714898965993,3,3,False
baseline_plus_unconditional_logp_per_position,random,mse,nonzero,HLA-A*11:01,auc_gt_2h,1.0,3,3,False
baseline_plus_unconditional_logp_per_position,random,mse,nonzero,HLA-A*23:01,spearman,-0.5,3,3,False
baseline_plus_unconditional_logp_per_position,random,mse,nonzero,HLA-A*23:01,pearson_log,-0.26374195420322966,3,3,False
baseline_plus_unconditional_logp_per_position,random,mse,nonzero,HLA-A*23:01,auc_gt_2h,0.0,3,3,False
baseline_plus_unconditional_logp_per_position,random,mse,nonzero,HLA-A*24:02,spearman,1.0,3,3,False
baseline_plus_unconditional_logp_per_position,random,mse,nonzero,HLA-A*24:02,pearson_log,0.7151065940246142,3,3,False
baseline_plus_unconditional_logp_per_position,random,mse,nonzero,HLA-A*24:02,auc_gt_2h,1.0,3,3,False
baseline_plus_unconditional_logp_per_position,random,mse,nonzero,HLA-A*24:03,spearman,1.0,3,3,False
baseline_plus_unconditional_logp_per_position,random,mse,nonzero,HLA-A*24:03,pearson_log,0.8026895832906509,3,3,False
baseline_plus_unconditional_logp_per_position,random,mse,nonzero,HLA-A*24:03,auc_gt_2h,1.0,3,3,False
baseline_plus_unconditional_logp_per_position,random,mse,nonzero,HLA-A*24:07,spearman,-1.0,3,3,False
baseline_plus_unconditional_logp_per_position,random,mse,nonzero,HLA-A*24:07,pearson_log,-0.9161385033394425,3,3,False
baseline_plus_unconditional_logp_per_position,random,mse,nonzero,HLA-A*24:07,auc_gt_2h,,3,3,False
baseline_plus_unconditional_logp_per_position,random,mse,nonzero,HLA-A*24:19,spearman,,2,2,False
baseline_plus_unconditional_logp_per_position,random,mse,nonzero,HLA-A*24:19,pearson_log,,2,2,False
baseline_plus_unconditional_logp_per_position,random,mse,nonzero,HLA-A*24:19,auc_gt_2h,,2,2,False
baseline_plus_unconditional_logp_per_position,random,mse,nonzero,HLA-A*25:01,spearman,,1,1,True
baseline_plus_unconditional_logp_per_position,random,mse,nonzero,HLA-A*25:01,pearson_log,,1,1,True
baseline_plus_unconditional_logp_per_position,random,mse,nonzero,HLA-A*25:01,auc_gt_2h,,1,1,True
baseline_plus_unconditional_logp_per_position,random,mse,nonzero,HLA-A*26:01,spearman,-0.5,3,3,False
baseline_plus_unconditional_logp_per_position,random,mse,nonzero,HLA-A*26:01,pearson_log,-0.6924987437070949,3,3,False
baseline_plus_unconditional_logp_per_position,random,mse,nonzero,HLA-A*26:01,auc_gt_2h,,3,3,False
baseline_plus_unconditional_logp_per_position,random,mse,nonzero,HLA-A*26:02,spearman,-0.5,3,3,False
baseline_plus_unconditional_logp_per_position,random,mse,nonzero,HLA-A*26:02,pearson_log,-0.9369399702586025,3,3,False
baseline_plus_unconditional_logp_per_position,random,mse,nonzero,HLA-A*26:02,auc_gt_2h,0.0,3,3,False
baseline_plus_unconditional_logp_per_position,random,mse,nonzero,HLA-A*26:03,spearman,,1,1,True
baseline_plus_unconditional_logp_per_position,random,mse,nonzero,HLA-A*26:03,pearson_log,,1,1,True
baseline_plus_unconditional_logp_per_position,random,mse,nonzero,HLA-A*26:03,auc_gt_2h,,1,1,True
baseline_plus_unconditional_logp_per_position,random,mse,nonzero,HLA-A*29:02,spearman,0.5,3,3,False
baseline_plus_unconditional_logp_per_position,random,mse,nonzero,HLA-A*29:02,pearson_log,0.5132931933624473,3,3,False
baseline_plus_unconditional_logp_per_position,random,mse,nonzero,HLA-A*29:02,auc_gt_2h,1.0,3,3,False
baseline_plus_unconditional_logp_per_position,random,mse,nonzero,HLA-A*30:01,spearman,,2,2,False
baseline_plus_unconditional_logp_per_position,random,mse,nonzero,HLA-A*30:01,pearson_log,,2,2,False
baseline_plus_unconditional_logp_per_position,random,mse,nonzero,HLA-A*30:01,auc_gt_2h,1.0,2,2,False
baseline_plus_unconditional_logp_per_position,random,mse,nonzero,HLA-A*30:02,spearman,,2,2,False
baseline_plus_unconditional_logp_per_position,random,mse,nonzero,HLA-A*30:02,pearson_log,,2,2,False
baseline_plus_unconditional_logp_per_position,random,mse,nonzero,HLA-A*30:02,auc_gt_2h,0.0,2,2,False
baseline_plus_unconditional_logp_per_position,random,mse,nonzero,HLA-A*31:01,spearman,1.0,3,3,False
baseline_plus_unconditional_logp_per_position,random,mse,nonzero,HLA-A*31:01,pearson_log,0.9832279274039565,3,3,False
baseline_plus_unconditional_logp_per_position,random,mse,nonzero,HLA-A*31:01,auc_gt_2h,1.0,3,3,False
baseline_plus_unconditional_logp_per_position,random,mse,nonzero,HLA-A*32:01,spearman,,2,2,False
baseline_plus_unconditional_logp_per_position,random,mse,nonzero,HLA-A*32:01,pearson_log,,2,2,False
baseline_plus_unconditional_logp_per_position,random,mse,nonzero,HLA-A*32:01,auc_gt_2h,,2,2,False
baseline_plus_unconditional_logp_per_position,random,mse,nonzero,HLA-A*32:07,spearman,0.5,3,3,False
baseline_plus_unconditional_logp_per_position,random,mse,nonzero,HLA-A*32:07,pearson_log,-0.36701525691671877,3,3,False
baseline_plus_unconditional_logp_per_position,random,mse,nonzero,HLA-A*32:07,auc_gt_2h,0.5,3,3,False
baseline_plus_unconditional_logp_per_position,random,mse,nonzero,HLA-A*33:03,spearman,,2,2,False
baseline_plus_unconditional_logp_per_position,random,mse,nonzero,HLA-A*33:03,pearson_log,,2,2,False
baseline_plus_unconditional_logp_per_position,random,mse,nonzero,HLA-A*33:03,auc_gt_2h,0.0,2,2,False
baseline_plus_unconditional_logp_per_position,random,mse,nonzero,HLA-A*43:01,spearman,,2,2,False
baseline_plus_unconditional_logp_per_position,random,mse,nonzero,HLA-A*43:01,pearson_log,,2,2,False
baseline_plus_unconditional_logp_per_position,random,mse,nonzero,HLA-A*43:01,auc_gt_2h,0.0,2,2,False
baseline_plus_unconditional_logp_per_position,random,mse,nonzero,HLA-A*66:01,spearman,,2,2,False
baseline_plus_unconditional_logp_per_position,random,mse,nonzero,HLA-A*66:01,pearson_log,,2,2,False
baseline_plus_unconditional_logp_per_position,random,mse,nonzero,HLA-A*66:01,auc_gt_2h,,2,2,False
baseline_plus_unconditional_logp_per_position,random,mse,nonzero,HLA-A*68:01,spearman,,2,2,False
baseline_plus_unconditional_logp_per_position,random,mse,nonzero,HLA-A*68:01,pearson_log,,2,2,False
baseline_plus_unconditional_logp_per_position,random,mse,nonzero,HLA-A*68:01,auc_gt_2h,,2,2,False
baseline_plus_unconditional_logp_per_position,random,mse,nonzero,HLA-A*68:02,spearman,-0.5,3,3,False
baseline_plus_unconditional_logp_per_position,random,mse,nonzero,HLA-A*68:02,pearson_log,-0.2995838525993382,3,3,False
baseline_plus_unconditional_logp_per_position,random,mse,nonzero,HLA-A*68:02,auc_gt_2h,0.0,3,3,False
baseline_plus_unconditional_logp_per_position,random,mse,nonzero,HLA-A*68:23,spearman,,2,2,False
baseline_plus_unconditional_logp_per_position,random,mse,nonzero,HLA-A*68:23,pearson_log,,2,2,False
baseline_plus_unconditional_logp_per_position,random,mse,nonzero,HLA-A*68:23,auc_gt_2h,,2,2,False
baseline_plus_unconditional_logp_per_position,random,mse,nonzero,HLA-A*69:01,spearman,-0.5,3,3,False
baseline_plus_unconditional_logp_per_position,random,mse,nonzero,HLA-A*69:01,pearson_log,0.18748776077457657,3,3,False
baseline_plus_unconditional_logp_per_position,random,mse,nonzero,HLA-A*69:01,auc_gt_2h,,3,3,False
baseline_plus_unconditional_logp_per_position,random,mse,nonzero,HLA-A*74:01,spearman,,2,2,False
baseline_plus_unconditional_logp_per_position,random,mse,nonzero,HLA-A*74:01,pearson_log,,2,2,False
baseline_plus_unconditional_logp_per_position,random,mse,nonzero,HLA-A*74:01,auc_gt_2h,,2,2,False
baseline_plus_unconditional_logp_per_position,random,mse,nonzero,HLA-A*80:01,spearman,,2,2,False
baseline_plus_unconditional_logp_per_position,random,mse,nonzero,HLA-A*80:01,pearson_log,,2,2,False
baseline_plus_unconditional_logp_per_position,random,mse,nonzero,HLA-A*80:01,auc_gt_2h,1.0,2,2,False
baseline_plus_unconditional_logp_per_position,random,mse,nonzero,HLA-B*07:02,spearman,,2,2,False
baseline_plus_unconditional_logp_per_position,random,mse,nonzero,HLA-B*07:02,pearson_log,,2,2,False
baseline_plus_unconditional_logp_per_position,random,mse,nonzero,HLA-B*07:02,auc_gt_2h,,2,2,False
baseline_plus_unconditional_logp_per_position,random,mse,nonzero,HLA-B*08:01,spearman,0.0,3,3,False
baseline_plus_unconditional_logp_per_position,random,mse,nonzero,HLA-B*08:01,pearson_log,0.3278529224619492,3,3,False
baseline_plus_unconditional_logp_per_position,random,mse,nonzero,HLA-B*08:01,auc_gt_2h,,3,3,False
baseline_plus_unconditional_logp_per_position,random,mse,nonzero,HLA-B*08:03,spearman,,1,1,True
baseline_plus_unconditional_logp_per_position,random,mse,nonzero,HLA-B*08:03,pearson_log,,1,1,True
baseline_plus_unconditional_logp_per_position,random,mse,nonzero,HLA-B*08:03,auc_gt_2h,,1,1,True
baseline_plus_unconditional_logp_per_position,random,mse,nonzero,HLA-B*13:02,spearman,,1,1,True
baseline_plus_unconditional_logp_per_position,random,mse,nonzero,HLA-B*13:02,pearson_log,,1,1,True
baseline_plus_unconditional_logp_per_position,random,mse,nonzero,HLA-B*13:02,auc_gt_2h,,1,1,True
baseline_plus_unconditional_logp_per_position,random,mse,nonzero,HLA-B*14:02(C67S),spearman,,1,1,True
baseline_plus_unconditional_logp_per_position,random,mse,nonzero,HLA-B*14:02(C67S),pearson_log,,1,1,True
baseline_plus_unconditional_logp_per_position,random,mse,nonzero,HLA-B*14:02(C67S),auc_gt_2h,,1,1,True
baseline_plus_unconditional_logp_per_position,random,mse,nonzero,HLA-B*15:01,spearman,,2,2,False
baseline_plus_unconditional_logp_per_position,random,mse,nonzero,HLA-B*15:01,pearson_log,,2,2,False
baseline_plus_unconditional_logp_per_position,random,mse,nonzero,HLA-B*15:01,auc_gt_2h,1.0,2,2,False
baseline_plus_unconditional_logp_per_position,random,mse,nonzero,HLA-B*15:02,spearman,,2,2,False
baseline_plus_unconditional_logp_per_position,random,mse,nonzero,HLA-B*15:02,pearson_log,,2,2,False
baseline_plus_unconditional_logp_per_position,random,mse,nonzero,HLA-B*15:02,auc_gt_2h,1.0,2,2,False
baseline_plus_unconditional_logp_per_position,random,mse,nonzero,HLA-B*15:10,spearman,,2,2,False
baseline_plus_unconditional_logp_per_position,random,mse,nonzero,HLA-B*15:10,pearson_log,,2,2,False
baseline_plus_unconditional_logp_per_position,random,mse,nonzero,HLA-B*15:10,auc_gt_2h,1.0,2,2,False
baseline_plus_unconditional_logp_per_position,random,mse,nonzero,HLA-B*15:17,spearman,,1,1,True
baseline_plus_unconditional_logp_per_position,random,mse,nonzero,HLA-B*15:17,pearson_log,,1,1,True
baseline_plus_unconditional_logp_per_position,random,mse,nonzero,HLA-B*15:17,auc_gt_2h,,1,1,True
baseline_plus_unconditional_logp_per_position,random,mse,nonzero,HLA-B*18:01,spearman,,2,2,False
baseline_plus_unconditional_logp_per_position,random,mse,nonzero,HLA-B*18:01,pearson_log,,2,2,False
baseline_plus_unconditional_logp_per_position,random,mse,nonzero,HLA-B*18:01,auc_gt_2h,0.0,2,2,False
baseline_plus_unconditional_logp_per_position,random,mse,nonzero,HLA-B*27:02,spearman,,2,2,False
baseline_plus_unconditional_logp_per_position,random,mse,nonzero,HLA-B*27:02,pearson_log,,2,2,False
baseline_plus_unconditional_logp_per_position,random,mse,nonzero,HLA-B*27:02,auc_gt_2h,,2,2,False
baseline_plus_unconditional_logp_per_position,random,mse,nonzero,HLA-B*27:03,spearman,,2,2,False
baseline_plus_unconditional_logp_per_position,random,mse,nonzero,HLA-B*27:03,pearson_log,,2,2,False
baseline_plus_unconditional_logp_per_position,random,mse,nonzero,HLA-B*27:03,auc_gt_2h,,2,2,False
baseline_plus_unconditional_logp_per_position,random,mse,nonzero,HLA-B*27:05,spearman,0.5,3,3,False
baseline_plus_unconditional_logp_per_position,random,mse,nonzero,HLA-B*27:05,pearson_log,0.5930007221824524,3,3,False
baseline_plus_unconditional_logp_per_position,random,mse,nonzero,HLA-B*27:05,auc_gt_2h,0.5,3,3,False
baseline_plus_unconditional_logp_per_position,random,mse,nonzero,HLA-B*27:20,spearman,,1,1,True
baseline_plus_unconditional_logp_per_position,random,mse,nonzero,HLA-B*27:20,pearson_log,,1,1,True
baseline_plus_unconditional_logp_per_position,random,mse,nonzero,HLA-B*27:20,auc_gt_2h,,1,1,True
baseline_plus_unconditional_logp_per_position,random,mse,nonzero,HLA-B*35:01,spearman,,1,1,True
baseline_plus_unconditional_logp_per_position,random,mse,nonzero,HLA-B*35:01,pearson_log,,1,1,True
baseline_plus_unconditional_logp_per_position,random,mse,nonzero,HLA-B*35:01,auc_gt_2h,,1,1,True
baseline_plus_unconditional_logp_per_position,random,mse,nonzero,HLA-B*35:03,spearman,,2,2,False
baseline_plus_unconditional_logp_per_position,random,mse,nonzero,HLA-B*35:03,pearson_log,,2,2,False
baseline_plus_unconditional_logp_per_position,random,mse,nonzero,HLA-B*35:03,auc_gt_2h,0.0,2,2,False
baseline_plus_unconditional_logp_per_position,random,mse,nonzero,HLA-B*35:08,spearman,0.5,3,3,False
baseline_plus_unconditional_logp_per_position,random,mse,nonzero,HLA-B*35:08,pearson_log,0.4284227150283293,3,3,False
baseline_plus_unconditional_logp_per_position,random,mse,nonzero,HLA-B*35:08,auc_gt_2h,1.0,3,3,False
baseline_plus_unconditional_logp_per_position,random,mse,nonzero,HLA-B*39:01,spearman,,2,2,False
baseline_plus_unconditional_logp_per_position,random,mse,nonzero,HLA-B*39:01,pearson_log,,2,2,False
baseline_plus_unconditional_logp_per_position,random,mse,nonzero,HLA-B*39:01,auc_gt_2h,,2,2,False
baseline_plus_unconditional_logp_per_position,random,mse,nonzero,HLA-B*39:02,spearman,,2,2,False
baseline_plus_unconditional_logp_per_position,random,mse,nonzero,HLA-B*39:02,pearson_log,,2,2,False
baseline_plus_unconditional_logp_per_position,random,mse,nonzero,HLA-B*39:02,auc_gt_2h,,2,2,False
baseline_plus_unconditional_logp_per_position,random,mse,nonzero,HLA-B*39:10,spearman,,2,2,False
baseline_plus_unconditional_logp_per_position,random,mse,nonzero,HLA-B*39:10,pearson_log,,2,2,False
baseline_plus_unconditional_logp_per_position,random,mse,nonzero,HLA-B*39:10,auc_gt_2h,1.0,2,2,False
baseline_plus_unconditional_logp_per_position,random,mse,nonzero,HLA-B*40:01,spearman,-0.5,3,3,False
baseline_plus_unconditional_logp_per_position,random,mse,nonzero,HLA-B*40:01,pearson_log,0.21368949199786896,3,3,False
baseline_plus_unconditional_logp_per_position,random,mse,nonzero,HLA-B*40:01,auc_gt_2h,,3,3,False
baseline_plus_unconditional_logp_per_position,random,mse,nonzero,HLA-B*40:02,spearman,1.0,3,3,False
baseline_plus_unconditional_logp_per_position,random,mse,nonzero,HLA-B*40:02,pearson_log,0.8388908437305211,3,3,False
baseline_plus_unconditional_logp_per_position,random,mse,nonzero,HLA-B*40:02,auc_gt_2h,1.0,3,3,False
baseline_plus_unconditional_logp_per_position,random,mse,nonzero,HLA-B*41:01,spearman,,2,2,False
baseline_plus_unconditional_logp_per_position,random,mse,nonzero,HLA-B*41:01,pearson_log,,2,2,False
baseline_plus_unconditional_logp_per_position,random,mse,nonzero,HLA-B*41:01,auc_gt_2h,,2,2,False
baseline_plus_unconditional_logp_per_position,random,mse,nonzero,HLA-B*42:01,spearman,,2,2,False
baseline_plus_unconditional_logp_per_position,random,mse,nonzero,HLA-B*42:01,pearson_log,,2,2,False
baseline_plus_unconditional_logp_per_position,random,mse,nonzero,HLA-B*42:01,auc_gt_2h,,2,2,False
baseline_plus_unconditional_logp_per_position,random,mse,nonzero,HLA-B*42:02,spearman,-0.5,3,3,False
baseline_plus_unconditional_logp_per_position,random,mse,nonzero,HLA-B*42:02,pearson_log,-0.8243940449275158,3,3,False
baseline_plus_unconditional_logp_per_position,random,mse,nonzero,HLA-B*42:02,auc_gt_2h,0.0,3,3,False
baseline_plus_unconditional_logp_per_position,random,mse,nonzero,HLA-B*44:05,spearman,,2,2,False
baseline_plus_unconditional_logp_per_position,random,mse,nonzero,HLA-B*44:05,pearson_log,,2,2,False
baseline_plus_unconditional_logp_per_position,random,mse,nonzero,HLA-B*44:05,auc_gt_2h,,2,2,False
baseline_plus_unconditional_logp_per_position,random,mse,nonzero,HLA-B*45:01,spearman,,1,1,True
baseline_plus_unconditional_logp_per_position,random,mse,nonzero,HLA-B*45:01,pearson_log,,1,1,True
baseline_plus_unconditional_logp_per_position,random,mse,nonzero,HLA-B*45:01,auc_gt_2h,,1,1,True
baseline_plus_unconditional_logp_per_position,random,mse,nonzero,HLA-B*46:01,spearman,,1,1,True
baseline_plus_unconditional_logp_per_position,random,mse,nonzero,HLA-B*46:01,pearson_log,,1,1,True
baseline_plus_unconditional_logp_per_position,random,mse,nonzero,HLA-B*46:01,auc_gt_2h,,1,1,True
baseline_plus_unconditional_logp_per_position,random,mse,nonzero,HLA-B*51:01,spearman,,1,1,True
baseline_plus_unconditional_logp_per_position,random,mse,nonzero,HLA-B*51:01,pearson_log,,1,1,True
baseline_plus_unconditional_logp_per_position,random,mse,nonzero,HLA-B*51:01,auc_gt_2h,,1,1,True
baseline_plus_unconditional_logp_per_position,random,mse,nonzero,HLA-B*54:01,spearman,,2,2,False
baseline_plus_unconditional_logp_per_position,random,mse,nonzero,HLA-B*54:01,pearson_log,,2,2,False
baseline_plus_unconditional_logp_per_position,random,mse,nonzero,HLA-B*54:01,auc_gt_2h,0.0,2,2,False
baseline_plus_unconditional_logp_per_position,random,mse,nonzero,HLA-B*56:01,spearman,,2,2,False
baseline_plus_unconditional_logp_per_position,random,mse,nonzero,HLA-B*56:01,pearson_log,,2,2,False
baseline_plus_unconditional_logp_per_position,random,mse,nonzero,HLA-B*56:01,auc_gt_2h,,2,2,False
baseline_plus_unconditional_logp_per_position,random,mse,nonzero,HLA-B*57:01,spearman,,2,2,False
baseline_plus_unconditional_logp_per_position,random,mse,nonzero,HLA-B*57:01,pearson_log,,2,2,False
baseline_plus_unconditional_logp_per_position,random,mse,nonzero,HLA-B*57:01,auc_gt_2h,,2,2,False
baseline_plus_unconditional_logp_per_position,random,mse,nonzero,HLA-B*57:02,spearman,,2,2,False
baseline_plus_unconditional_logp_per_position,random,mse,nonzero,HLA-B*57:02,pearson_log,,2,2,False
baseline_plus_unconditional_logp_per_position,random,mse,nonzero,HLA-B*57:02,auc_gt_2h,,2,2,False
baseline_plus_unconditional_logp_per_position,random,mse,nonzero,HLA-B*57:03,spearman,,2,2,False
baseline_plus_unconditional_logp_per_position,random,mse,nonzero,HLA-B*57:03,pearson_log,,2,2,False
baseline_plus_unconditional_logp_per_position,random,mse,nonzero,HLA-B*57:03,auc_gt_2h,,2,2,False
baseline_plus_unconditional_logp_per_position,random,mse,nonzero,HLA-B*58:01,spearman,-1.0,3,3,False
baseline_plus_unconditional_logp_per_position,random,mse,nonzero,HLA-B*58:01,pearson_log,-0.9464491148925953,3,3,False
baseline_plus_unconditional_logp_per_position,random,mse,nonzero,HLA-B*58:01,auc_gt_2h,0.0,3,3,False
baseline_plus_unconditional_logp_per_position,random,mse,nonzero,HLA-B*81:01,spearman,,2,2,False
baseline_plus_unconditional_logp_per_position,random,mse,nonzero,HLA-B*81:01,pearson_log,,2,2,False
baseline_plus_unconditional_logp_per_position,random,mse,nonzero,HLA-B*81:01,auc_gt_2h,,2,2,False
baseline_plus_unconditional_mean_logp,leave_one_allele_out,mse,all,HLA-A*01:01,spearman,0.36906640623336634,14,14,False
baseline_plus_unconditional_mean_logp,leave_one_allele_out,mse,all,HLA-A*01:01,pearson_log,0.3412076981724723,14,14,False
baseline_plus_unconditional_mean_logp,leave_one_allele_out,mse,all,HLA-A*01:01,auc_gt_2h,0.75,14,14,False
baseline_plus_unconditional_mean_logp,leave_one_allele_out,mse,all,HLA-A*02:01,spearman,0.41804205714652987,14,14,False
baseline_plus_unconditional_mean_logp,leave_one_allele_out,mse,all,HLA-A*02:01,pearson_log,0.7120592432533787,14,14,False
baseline_plus_unconditional_mean_logp,leave_one_allele_out,mse,all,HLA-A*02:01,auc_gt_2h,1.0,14,14,False
baseline_plus_unconditional_mean_logp,leave_one_allele_out,mse,all,HLA-A*02:03,spearman,0.39514733904716315,14,14,False
baseline_plus_unconditional_mean_logp,leave_one_allele_out,mse,all,HLA-A*02:03,pearson_log,0.4324726753385312,14,14,False
baseline_plus_unconditional_mean_logp,leave_one_allele_out,mse,all,HLA-A*02:03,auc_gt_2h,0.6458333333333333,14,14,False
baseline_plus_unconditional_mean_logp,leave_one_allele_out,mse,all,HLA-A*02:05,spearman,0.1032967032967033,14,14,False
baseline_plus_unconditional_mean_logp,leave_one_allele_out,mse,all,HLA-A*02:05,pearson_log,0.031302438218388795,14,14,False
baseline_plus_unconditional_mean_logp,leave_one_allele_out,mse,all,HLA-A*02:05,auc_gt_2h,0.5750000000000001,14,14,False
baseline_plus_unconditional_mean_logp,leave_one_allele_out,mse,all,HLA-A*02:10,spearman,0.3538461538461538,14,14,False
baseline_plus_unconditional_mean_logp,leave_one_allele_out,mse,all,HLA-A*02:10,pearson_log,0.4097418956614943,14,14,False
baseline_plus_unconditional_mean_logp,leave_one_allele_out,mse,all,HLA-A*02:10,auc_gt_2h,0.6888888888888889,14,14,False
baseline_plus_unconditional_mean_logp,leave_one_allele_out,mse,all,HLA-A*02:11,spearman,0.13922864426767714,14,14,False
baseline_plus_unconditional_mean_logp,leave_one_allele_out,mse,all,HLA-A*02:11,pearson_log,0.337720927834083,14,14,False
baseline_plus_unconditional_mean_logp,leave_one_allele_out,mse,all,HLA-A*02:11,auc_gt_2h,0.7916666666666667,14,14,False
baseline_plus_unconditional_mean_logp,leave_one_allele_out,mse,all,HLA-A*02:12,spearman,0.4461538461538462,14,14,False
baseline_plus_unconditional_mean_logp,leave_one_allele_out,mse,all,HLA-A*02:12,pearson_log,0.7020812571880375,14,14,False
baseline_plus_unconditional_mean_logp,leave_one_allele_out,mse,all,HLA-A*02:12,auc_gt_2h,0.9583333333333333,14,14,False
baseline_plus_unconditional_mean_logp,leave_one_allele_out,mse,all,HLA-A*02:16,spearman,0.2838285545889597,14,14,False
baseline_plus_unconditional_mean_logp,leave_one_allele_out,mse,all,HLA-A*02:16,pearson_log,0.29325878217552426,14,14,False
baseline_plus_unconditional_mean_logp,leave_one_allele_out,mse,all,HLA-A*02:16,auc_gt_2h,0.6060606060606061,14,14,False
baseline_plus_unconditional_mean_logp,leave_one_allele_out,mse,all,HLA-A*02:19,spearman,0.5434546742904888,14,14,False
baseline_plus_unconditional_mean_logp,leave_one_allele_out,mse,all,HLA-A*02:19,pearson_log,0.5203046981275196,14,14,False
baseline_plus_unconditional_mean_logp,leave_one_allele_out,mse,all,HLA-A*02:19,auc_gt_2h,0.825,14,14,False
baseline_plus_unconditional_mean_logp,leave_one_allele_out,mse,all,HLA-A*02:50,spearman,0.3010989010989011,14,14,False
baseline_plus_unconditional_mean_logp,leave_one_allele_out,mse,all,HLA-A*02:50,pearson_log,0.36708145970060185,14,14,False
baseline_plus_unconditional_mean_logp,leave_one_allele_out,mse,all,HLA-A*02:50,auc_gt_2h,0.9230769230769231,14,14,False
baseline_plus_unconditional_mean_logp,leave_one_allele_out,mse,all,HLA-A*03:01,spearman,-0.09030858911656217,14,14,False
baseline_plus_unconditional_mean_logp,leave_one_allele_out,mse,all,HLA-A*03:01,pearson_log,-0.060690167360894644,14,14,False
baseline_plus_unconditional_mean_logp,leave_one_allele_out,mse,all,HLA-A*03:01,auc_gt_2h,0.6888888888888889,14,14,False
baseline_plus_unconditional_mean_logp,leave_one_allele_out,mse,all,HLA-A*11:01,spearman,-0.0989010989010989,14,14,False
baseline_plus_unconditional_mean_logp,leave_one_allele_out,mse,all,HLA-A*11:01,pearson_log,-0.03579205143520961,14,14,False
baseline_plus_unconditional_mean_logp,leave_one_allele_out,mse,all,HLA-A*11:01,auc_gt_2h,0.42222222222222217,14,14,False
baseline_plus_unconditional_mean_logp,leave_one_allele_out,mse,all,HLA-A*23:01,spearman,0.1076923076923077,14,14,False
baseline_plus_unconditional_mean_logp,leave_one_allele_out,mse,all,HLA-A*23:01,pearson_log,0.11326698738813377,14,14,False
baseline_plus_unconditional_mean_logp,leave_one_allele_out,mse,all,HLA-A*23:01,auc_gt_2h,0.3958333333333333,14,14,False
baseline_plus_unconditional_mean_logp,leave_one_allele_out,mse,all,HLA-A*24:02,spearman,0.311606965741944,14,14,False
baseline_plus_unconditional_mean_logp,leave_one_allele_out,mse,all,HLA-A*24:02,pearson_log,0.4121119554923999,14,14,False
baseline_plus_unconditional_mean_logp,leave_one_allele_out,mse,all,HLA-A*24:02,auc_gt_2h,0.85,14,14,False
baseline_plus_unconditional_mean_logp,leave_one_allele_out,mse,all,HLA-A*24:03,spearman,0.2948296613559737,14,14,False
baseline_plus_unconditional_mean_logp,leave_one_allele_out,mse,all,HLA-A*24:03,pearson_log,0.3217662689105584,14,14,False
baseline_plus_unconditional_mean_logp,leave_one_allele_out,mse,all,HLA-A*24:03,auc_gt_2h,0.6666666666666666,14,14,False
baseline_plus_unconditional_mean_logp,leave_one_allele_out,mse,all,HLA-A*24:07,spearman,-0.2175824175824176,14,14,False
baseline_plus_unconditional_mean_logp,leave_one_allele_out,mse,all,HLA-A*24:07,pearson_log,-0.07696381436818389,14,14,False
baseline_plus_unconditional_mean_logp,leave_one_allele_out,mse,all,HLA-A*24:07,auc_gt_2h,0.29166666666666663,14,14,False
baseline_plus_unconditional_mean_logp,leave_one_allele_out,mse,all,HLA-A*24:19,spearman,0.732014417394684,14,14,False
baseline_plus_unconditional_mean_logp,leave_one_allele_out,mse,all,HLA-A*24:19,pearson_log,0.7624871254622558,14,14,False
baseline_plus_unconditional_mean_logp,leave_one_allele_out,mse,all,HLA-A*24:19,auc_gt_2h,0.8461538461538461,14,14,False
baseline_plus_unconditional_mean_logp,leave_one_allele_out,mse,all,HLA-A*25:01,spearman,-0.03821189666001863,14,14,False
baseline_plus_unconditional_mean_logp,leave_one_allele_out,mse,all,HLA-A*25:01,pearson_log,0.04403972217689724,14,14,False
baseline_plus_unconditional_mean_logp,leave_one_allele_out,mse,all,HLA-A*25:01,auc_gt_2h,0.3939393939393939,14,14,False
baseline_plus_unconditional_mean_logp,leave_one_allele_out,mse,all,HLA-A*26:01,spearman,-0.24779306856982283,14,14,False
baseline_plus_unconditional_mean_logp,leave_one_allele_out,mse,all,HLA-A*26:01,pearson_log,-0.24817511549454455,14,14,False
baseline_plus_unconditional_mean_logp,leave_one_allele_out,mse,all,HLA-A*26:01,auc_gt_2h,0.393939393939394,14,14,False
baseline_plus_unconditional_mean_logp,leave_one_allele_out,mse,all,HLA-A*26:02,spearman,0.4273138119173917,14,14,False
baseline_plus_unconditional_mean_logp,leave_one_allele_out,mse,all,HLA-A*26:02,pearson_log,0.48392239797004144,14,14,False
baseline_plus_unconditional_mean_logp,leave_one_allele_out,mse,all,HLA-A*26:02,auc_gt_2h,0.6041666666666667,14,14,False
baseline_plus_unconditional_mean_logp,leave_one_allele_out,mse,all,HLA-A*26:03,spearman,0.12611561157959333,14,14,False
baseline_plus_unconditional_mean_logp,leave_one_allele_out,mse,all,HLA-A*26:03,pearson_log,0.20183164038627233,14,14,False
baseline_plus_unconditional_mean_logp,leave_one_allele_out,mse,all,HLA-A*26:03,auc_gt_2h,0.696969696969697,14,14,False
baseline_plus_unconditional_mean_logp,leave_one_allele_out,mse,all,HLA-A*29:02,spearman,0.26593406593406593,14,14,False
baseline_plus_unconditional_mean_logp,leave_one_allele_out,mse,all,HLA-A*29:02,pearson_log,0.23825799487808236,14,14,False
baseline_plus_unconditional_mean_logp,leave_one_allele_out,mse,all,HLA-A*29:02,auc_gt_2h,0.5833333333333334,14,14,False
baseline_plus_unconditional_mean_logp,leave_one_allele_out,mse,all,HLA-A*30:01,spearman,0.14380847729498644,14,14,False
baseline_plus_unconditional_mean_logp,leave_one_allele_out,mse,all,HLA-A*30:01,pearson_log,0.03806525767040503,14,14,False
baseline_plus_unconditional_mean_logp,leave_one_allele_out,mse,all,HLA-A*30:01,auc_gt_2h,0.4166666666666667,14,14,False
baseline_plus_unconditional_mean_logp,leave_one_allele_out,mse,all,HLA-A*30:02,spearman,0.18021371334330377,14,14,False
baseline_plus_unconditional_mean_logp,leave_one_allele_out,mse,all,HLA-A*30:02,pearson_log,0.02712107728417304,14,14,False
baseline_plus_unconditional_mean_logp,leave_one_allele_out,mse,all,HLA-A*30:02,auc_gt_2h,0.55,14,14,False
baseline_plus_unconditional_mean_logp,leave_one_allele_out,mse,all,HLA-A*31:01,spearman,-0.1703577346417532,14,14,False
baseline_plus_unconditional_mean_logp,leave_one_allele_out,mse,all,HLA-A*31:01,pearson_log,-0.3247997216086517,14,14,False
baseline_plus_unconditional_mean_logp,leave_one_allele_out,mse,all,HLA-A*31:01,auc_gt_2h,0.3939393939393939,14,14,False
baseline_plus_unconditional_mean_logp,leave_one_allele_out,mse,all,HLA-A*32:01,spearman,0.07513926833493685,14,14,False
baseline_plus_unconditional_mean_logp,leave_one_allele_out,mse,all,HLA-A*32:01,pearson_log,0.085484425385789,14,14,False
baseline_plus_unconditional_mean_logp,leave_one_allele_out,mse,all,HLA-A*32:01,auc_gt_2h,0.5555555555555556,14,14,False
baseline_plus_unconditional_mean_logp,leave_one_allele_out,mse,all,HLA-A*32:07,spearman,0.5215549213836793,14,14,False
baseline_plus_unconditional_mean_logp,leave_one_allele_out,mse,all,HLA-A*32:07,pearson_log,0.47250648604567136,14,14,False
baseline_plus_unconditional_mean_logp,leave_one_allele_out,mse,all,HLA-A*32:07,auc_gt_2h,0.7959183673469388,14,14,False
baseline_plus_unconditional_mean_logp,leave_one_allele_out,mse,all,HLA-A*33:03,spearman,-0.08929689587061002,14,14,False
baseline_plus_unconditional_mean_logp,leave_one_allele_out,mse,all,HLA-A*33:03,pearson_log,-0.16804906498282562,14,14,False
baseline_plus_unconditional_mean_logp,leave_one_allele_out,mse,all,HLA-A*33:03,auc_gt_2h,0.3939393939393939,14,14,False
baseline_plus_unconditional_mean_logp,leave_one_allele_out,mse,all,HLA-A*43:01,spearman,-0.2503144875098976,14,14,False
baseline_plus_unconditional_mean_logp,leave_one_allele_out,mse,all,HLA-A*43:01,pearson_log,-0.2909149708539835,14,14,False
baseline_plus_unconditional_mean_logp,leave_one_allele_out,mse,all,HLA-A*43:01,auc_gt_2h,0.23076923076923073,14,14,False
baseline_plus_unconditional_mean_logp,leave_one_allele_out,mse,all,HLA-A*66:01,spearman,0.2758162849640449,14,14,False
baseline_plus_unconditional_mean_logp,leave_one_allele_out,mse,all,HLA-A*66:01,pearson_log,0.3777177887891473,14,14,False
baseline_plus_unconditional_mean_logp,leave_one_allele_out,mse,all,HLA-A*66:01,auc_gt_2h,0.9230769230769231,14,14,False
baseline_plus_unconditional_mean_logp,leave_one_allele_out,mse,all,HLA-A*68:01,spearman,0.04449721317118612,14,14,False
baseline_plus_unconditional_mean_logp,leave_one_allele_out,mse,all,HLA-A*68:01,pearson_log,0.030990285146255125,14,14,False
baseline_plus_unconditional_mean_logp,leave_one_allele_out,mse,all,HLA-A*68:01,auc_gt_2h,0.3673469387755102,14,14,False
baseline_plus_unconditional_mean_logp,leave_one_allele_out,mse,all,HLA-A*68:02,spearman,-0.19283819729436805,13,13,False
baseline_plus_unconditional_mean_logp,leave_one_allele_out,mse,all,HLA-A*68:02,pearson_log,-0.15836333398130012,13,13,False
baseline_plus_unconditional_mean_logp,leave_one_allele_out,mse,all,HLA-A*68:02,auc_gt_2h,0.08333333333333337,13,13,False
baseline_plus_unconditional_mean_logp,leave_one_allele_out,mse,all,HLA-A*68:23,spearman,-0.02244536032389036,13,13,False
baseline_plus_unconditional_mean_logp,leave_one_allele_out,mse,all,HLA-A*68:23,pearson_log,-0.02931538753438677,13,13,False
baseline_plus_unconditional_mean_logp,leave_one_allele_out,mse,all,HLA-A*68:23,auc_gt_2h,0.9166666666666666,13,13,False
baseline_plus_unconditional_mean_logp,leave_one_allele_out,mse,all,HLA-A*69:01,spearman,-0.2821625361439693,13,13,False
baseline_plus_unconditional_mean_logp,leave_one_allele_out,mse,all,HLA-A*69:01,pearson_log,-0.28326015919487746,13,13,False
baseline_plus_unconditional_mean_logp,leave_one_allele_out,mse,all,HLA-A*69:01,auc_gt_2h,0.41666666666666663,13,13,False
baseline_plus_unconditional_mean_logp,leave_one_allele_out,mse,all,HLA-A*74:01,spearman,0.0,13,13,False
baseline_plus_unconditional_mean_logp,leave_one_allele_out,mse,all,HLA-A*74:01,pearson_log,0.02548207527824463,13,13,False
baseline_plus_unconditional_mean_logp,leave_one_allele_out,mse,all,HLA-A*74:01,auc_gt_2h,0.475,13,13,False
baseline_plus_unconditional_mean_logp,leave_one_allele_out,mse,all,HLA-A*80:01,spearman,0.7684134698372536,13,13,False
baseline_plus_unconditional_mean_logp,leave_one_allele_out,mse,all,HLA-A*80:01,pearson_log,0.7075387085376952,13,13,False
baseline_plus_unconditional_mean_logp,leave_one_allele_out,mse,all,HLA-A*80:01,auc_gt_2h,0.6818181818181819,13,13,False
baseline_plus_unconditional_mean_logp,leave_one_allele_out,mse,all,HLA-B*07:02,spearman,-0.008298953641678344,13,13,False
baseline_plus_unconditional_mean_logp,leave_one_allele_out,mse,all,HLA-B*07:02,pearson_log,0.14947039798762857,13,13,False
baseline_plus_unconditional_mean_logp,leave_one_allele_out,mse,all,HLA-B*07:02,auc_gt_2h,0.5952380952380952,13,13,False
baseline_plus_unconditional_mean_logp,leave_one_allele_out,mse,all,HLA-B*08:01,spearman,-0.00833384778426035,13,13,False
baseline_plus_unconditional_mean_logp,leave_one_allele_out,mse,all,HLA-B*08:01,pearson_log,0.07326489577650436,13,13,False
baseline_plus_unconditional_mean_logp,leave_one_allele_out,mse,all,HLA-B*08:01,auc_gt_2h,,13,13,False
baseline_plus_unconditional_mean_logp,leave_one_allele_out,mse,all,HLA-B*08:03,spearman,0.016809954440415772,13,13,False
baseline_plus_unconditional_mean_logp,leave_one_allele_out,mse,all,HLA-B*08:03,pearson_log,-0.05784417943228669,13,13,False
baseline_plus_unconditional_mean_logp,leave_one_allele_out,mse,all,HLA-B*08:03,auc_gt_2h,0.5333333333333333,13,13,False
baseline_plus_unconditional_mean_logp,leave_one_allele_out,mse,all,HLA-B*13:02,spearman,-0.22237479499833038,7,7,False
baseline_plus_unconditional_mean_logp,leave_one_allele_out,mse,all,HLA-B*13:02,pearson_log,-0.37899229744356855,7,7,False
baseline_plus_unconditional_mean_logp,leave_one_allele_out,mse,all,HLA-B*13:02,auc_gt_2h,0.25,7,7,False
baseline_plus_unconditional_mean_logp,leave_one_allele_out,mse,all,HLA-B*14:01(C67S),spearman,-0.1543033499620919,13,13,False
baseline_plus_unconditional_mean_logp,leave_one_allele_out,mse,all,HLA-B*14:01(C67S),pearson_log,-0.15195931580296523,13,13,False
baseline_plus_unconditional_mean_logp,leave_one_allele_out,mse,all,HLA-B*14:01(C67S),auc_gt_2h,,13,13,False
baseline_plus_unconditional_mean_logp,leave_one_allele_out,mse,all,HLA-B*14:02(C67S),spearman,0.16288220358559113,13,13,False
baseline_plus_unconditional_mean_logp,leave_one_allele_out,mse,all,HLA-B*14:02(C67S),pearson_log,0.1712302001380893,13,13,False
baseline_plus_unconditional_mean_logp,leave_one_allele_out,mse,all,HLA-B*14:02(C67S),auc_gt_2h,0.5,13,13,False
baseline_plus_unconditional_mean_logp,leave_one_allele_out,mse,all,HLA-B*15:01,spearman,-0.08803309566091672,13,13,False
baseline_plus_unconditional_mean_logp,leave_one_allele_out,mse,all,HLA-B*15:01,pearson_log,-0.3044233997330074,13,13,False
baseline_plus_unconditional_mean_logp,leave_one_allele_out,mse,all,HLA-B*15:01,auc_gt_2h,0.3888888888888889,13,13,False
baseline_plus_unconditional_mean_logp,leave_one_allele_out,mse,all,HLA-B*15:02,spearman,-0.12434340715592189,13,13,False
baseline_plus_unconditional_mean_logp,leave_one_allele_out,mse,all,HLA-B*15:02,pearson_log,-0.32007152622016427,13,13,False
baseline_plus_unconditional_mean_logp,leave_one_allele_out,mse,all,HLA-B*15:02,auc_gt_2h,0.525,13,13,False
baseline_plus_unconditional_mean_logp,leave_one_allele_out,mse,all,HLA-B*15:10,spearman,0.2668503212221538,13,13,False
baseline_plus_unconditional_mean_logp,leave_one_allele_out,mse,all,HLA-B*15:10,pearson_log,0.407212964375245,13,13,False
baseline_plus_unconditional_mean_logp,leave_one_allele_out,mse,all,HLA-B*15:10,auc_gt_2h,0.5909090909090909,13,13,False
baseline_plus_unconditional_mean_logp,leave_one_allele_out,mse,all,HLA-B*15:17,spearman,-0.10526679283267086,13,13,False
baseline_plus_unconditional_mean_logp,leave_one_allele_out,mse,all,HLA-B*15:17,pearson_log,-0.21782135631062394,13,13,False
baseline_plus_unconditional_mean_logp,leave_one_allele_out,mse,all,HLA-B*15:17,auc_gt_2h,0.5666666666666665,13,13,False
baseline_plus_unconditional_mean_logp,leave_one_allele_out,mse,all,HLA-B*18:01,spearman,-0.23658894458871366,13,13,False
baseline_plus_unconditional_mean_logp,leave_one_allele_out,mse,all,HLA-B*18:01,pearson_log,-0.1844127077362659,13,13,False
baseline_plus_unconditional_mean_logp,leave_one_allele_out,mse,all,HLA-B*18:01,auc_gt_2h,0.2857142857142857,13,13,False
baseline_plus_unconditional_mean_logp,leave_one_allele_out,mse,all,HLA-B*27:02,spearman,0.11618535098349683,13,13,False
baseline_plus_unconditional_mean_logp,leave_one_allele_out,mse,all,HLA-B*27:02,pearson_log,0.14542007601404827,13,13,False
baseline_plus_unconditional_mean_logp,leave_one_allele_out,mse,all,HLA-B*27:02,auc_gt_2h,0.7777777777777778,13,13,False
baseline_plus_unconditional_mean_logp,leave_one_allele_out,mse,all,HLA-B*27:03,spearman,0.6165300215748095,13,13,False
baseline_plus_unconditional_mean_logp,leave_one_allele_out,mse,all,HLA-B*27:03,pearson_log,0.6798424332082811,13,13,False
baseline_plus_unconditional_mean_logp,leave_one_allele_out,mse,all,HLA-B*27:03,auc_gt_2h,0.7749999999999999,13,13,False
baseline_plus_unconditional_mean_logp,leave_one_allele_out,mse,all,HLA-B*27:05,spearman,0.06344881906474768,13,13,False
baseline_plus_unconditional_mean_logp,leave_one_allele_out,mse,all,HLA-B*27:05,pearson_log,0.0884251782993892,13,13,False
baseline_plus_unconditional_mean_logp,leave_one_allele_out,mse,all,HLA-B*27:05,auc_gt_2h,0.45000000000000007,13,13,False
baseline_plus_unconditional_mean_logp,leave_one_allele_out,mse,all,HLA-B*27:20,spearman,0.15151572644557487,13,13,False
baseline_plus_unconditional_mean_logp,leave_one_allele_out,mse,all,HLA-B*27:20,pearson_log,0.1652056802455385,13,13,False
baseline_plus_unconditional_mean_logp,leave_one_allele_out,mse,all,HLA-B*27:20,auc_gt_2h,0.5833333333333334,13,13,False
baseline_plus_unconditional_mean_logp,leave_one_allele_out,mse,all,HLA-B*35:01,spearman,0.4268284764748682,13,13,False
baseline_plus_unconditional_mean_logp,leave_one_allele_out,mse,all,HLA-B*35:01,pearson_log,0.3506172542635966,13,13,False
baseline_plus_unconditional_mean_logp,leave_one_allele_out,mse,all,HLA-B*35:01,auc_gt_2h,0.7,13,13,False
baseline_plus_unconditional_mean_logp,leave_one_allele_out,mse,all,HLA-B*35:03,spearman,0.2975217901113107,13,13,False
baseline_plus_unconditional_mean_logp,leave_one_allele_out,mse,all,HLA-B*35:03,pearson_log,0.32472968681617054,13,13,False
baseline_plus_unconditional_mean_logp,leave_one_allele_out,mse,all,HLA-B*35:03,auc_gt_2h,0.525,13,13,False
baseline_plus_unconditional_mean_logp,leave_one_allele_out,mse,all,HLA-B*35:08,spearman,-0.05263339641633543,13,13,False
baseline_plus_unconditional_mean_logp,leave_one_allele_out,mse,all,HLA-B*35:08,pearson_log,-0.077326793176724,13,13,False
baseline_plus_unconditional_mean_logp,leave_one_allele_out,mse,all,HLA-B*35:08,auc_gt_2h,0.5,13,13,False
baseline_plus_unconditional_mean_logp,leave_one_allele_out,mse,all,HLA-B*39:01,spearman,0.4434726720872374,13,13,False
baseline_plus_unconditional_mean_logp,leave_one_allele_out,mse,all,HLA-B*39:01,pearson_log,0.6711809592278665,13,13,False
baseline_plus_unconditional_mean_logp,leave_one_allele_out,mse,all,HLA-B*39:01,auc_gt_2h,0.9545454545454545,13,13,False
baseline_plus_unconditional_mean_logp,leave_one_allele_out,mse,all,HLA-B*39:02,spearman,-0.12607465830311831,13,13,False
baseline_plus_unconditional_mean_logp,leave_one_allele_out,mse,all,HLA-B*39:02,pearson_log,-0.13495853109659678,13,13,False
baseline_plus_unconditional_mean_logp,leave_one_allele_out,mse,all,HLA-B*39:02,auc_gt_2h,0.6363636363636364,13,13,False
baseline_plus_unconditional_mean_logp,leave_one_allele_out,mse,all,HLA-B*39:06(C67S),spearman,0.4629100498862757,13,13,False
baseline_plus_unconditional_mean_logp,leave_one_allele_out,mse,all,HLA-B*39:06(C67S),pearson_log,0.6217206788579939,13,13,False
baseline_plus_unconditional_mean_logp,leave_one_allele_out,mse,all,HLA-B*39:06(C67S),auc_gt_2h,1.0,13,13,False
baseline_plus_unconditional_mean_logp,leave_one_allele_out,mse,all,HLA-B*39:10,spearman,-0.10729033533674225,13,13,False
baseline_plus_unconditional_mean_logp,leave_one_allele_out,mse,all,HLA-B*39:10,pearson_log,-0.13016876584452622,13,13,False
baseline_plus_unconditional_mean_logp,leave_one_allele_out,mse,all,HLA-B*39:10,auc_gt_2h,0.38095238095238093,13,13,False
baseline_plus_unconditional_mean_logp,leave_one_allele_out,mse,all,HLA-B*40:01,spearman,-0.17630920895485075,13,13,False
baseline_plus_unconditional_mean_logp,leave_one_allele_out,mse,all,HLA-B*40:01,pearson_log,-0.13041625091839065,13,13,False
baseline_plus_unconditional_mean_logp,leave_one_allele_out,mse,all,HLA-B*40:01,auc_gt_2h,0.8333333333333334,13,13,False
baseline_plus_unconditional_mean_logp,leave_one_allele_out,mse,all,HLA-B*40:02,spearman,0.5439560439560439,13,13,False
baseline_plus_unconditional_mean_logp,leave_one_allele_out,mse,all,HLA-B*40:02,pearson_log,0.5577542764696232,13,13,False
baseline_plus_unconditional_mean_logp,leave_one_allele_out,mse,all,HLA-B*40:02,auc_gt_2h,0.9,13,13,False
baseline_plus_unconditional_mean_logp,leave_one_allele_out,mse,all,HLA-B*41:01,spearman,-0.2104314057316983,13,13,False
baseline_plus_unconditional_mean_logp,leave_one_allele_out,mse,all,HLA-B*41:01,pearson_log,-0.1780619774243778,13,13,False
baseline_plus_unconditional_mean_logp,leave_one_allele_out,mse,all,HLA-B*41:01,auc_gt_2h,,13,13,False
baseline_plus_unconditional_mean_logp,leave_one_allele_out,mse,all,HLA-B*42:01,spearman,-0.4505494505494505,13,13,False
baseline_plus_unconditional_mean_logp,leave_one_allele_out,mse,all,HLA-B*42:01,pearson_log,-0.18887598528252722,13,13,False
baseline_plus_unconditional_mean_logp,leave_one_allele_out,mse,all,HLA-B*42:01,auc_gt_2h,0.22727272727272727,13,13,False
baseline_plus_unconditional_mean_logp,leave_one_allele_out,mse,all,HLA-B*42:02,spearman,-0.27823797038187387,13,13,False
baseline_plus_unconditional_mean_logp,leave_one_allele_out,mse,all,HLA-B*42:02,pearson_log,-0.3453637606622808,13,13,False
baseline_plus_unconditional_mean_logp,leave_one_allele_out,mse,all,HLA-B*42:02,auc_gt_2h,0.35714285714285715,13,13,False
baseline_plus_unconditional_mean_logp,leave_one_allele_out,mse,all,HLA-B*44:05,spearman,-0.35537324929962105,13,13,False
baseline_plus_unconditional_mean_logp,leave_one_allele_out,mse,all,HLA-B*44:05,pearson_log,-0.6674058345098586,13,13,False
baseline_plus_unconditional_mean_logp,leave_one_allele_out,mse,all,HLA-B*44:05,auc_gt_2h,0.33333333333333337,13,13,False
baseline_plus_unconditional_mean_logp,leave_one_allele_out,mse,all,HLA-B*45:01,spearman,0.3687668789208312,13,13,False
baseline_plus_unconditional_mean_logp,leave_one_allele_out,mse,all,HLA-B*45:01,pearson_log,0.43119282510810775,13,13,False
baseline_plus_unconditional_mean_logp,leave_one_allele_out,mse,all,HLA-B*45:01,auc_gt_2h,0.9166666666666666,13,13,False
baseline_plus_unconditional_mean_logp,leave_one_allele_out,mse,all,HLA-B*46:01,spearman,-0.15893298811946577,13,13,False
baseline_plus_unconditional_mean_logp,leave_one_allele_out,mse,all,HLA-B*46:01,pearson_log,-0.12125535812826554,13,13,False
baseline_plus_unconditional_mean_logp,leave_one_allele_out,mse,all,HLA-B*46:01,auc_gt_2h,0.5909090909090908,13,13,False
baseline_plus_unconditional_mean_logp,leave_one_allele_out,mse,all,HLA-B*51:01,spearman,-0.1409300757635817,13,13,False
baseline_plus_unconditional_mean_logp,leave_one_allele_out,mse,all,HLA-B*51:01,pearson_log,-0.14384837952772378,13,13,False
baseline_plus_unconditional_mean_logp,leave_one_allele_out,mse,all,HLA-B*51:01,auc_gt_2h,0.3888888888888889,13,13,False
baseline_plus_unconditional_mean_logp,leave_one_allele_out,mse,all,HLA-B*54:01,spearman,0.40129008673047517,13,13,False
baseline_plus_unconditional_mean_logp,leave_one_allele_out,mse,all,HLA-B*54:01,pearson_log,0.41264837106968183,13,13,False
baseline_plus_unconditional_mean_logp,leave_one_allele_out,mse,all,HLA-B*54:01,auc_gt_2h,0.9545454545454545,13,13,False
baseline_plus_unconditional_mean_logp,leave_one_allele_out,mse,all,HLA-B*55:01,spearman,0.3789858033061741,13,13,False
baseline_plus_unconditional_mean_logp,leave_one_allele_out,mse,all,HLA-B*55:01,pearson_log,0.30977710463767055,13,13,False
baseline_plus_unconditional_mean_logp,leave_one_allele_out,mse,all,HLA-B*55:01,auc_gt_2h,0.5833333333333333,13,13,False
baseline_plus_unconditional_mean_logp,leave_one_allele_out,mse,all,HLA-B*56:01,spearman,-0.3344400367269559,13,13,False
baseline_plus_unconditional_mean_logp,leave_one_allele_out,mse,all,HLA-B*56:01,pearson_log,-0.35863747514987343,13,13,False
baseline_plus_unconditional_mean_logp,leave_one_allele_out,mse,all,HLA-B*56:01,auc_gt_2h,,13,13,False
baseline_plus_unconditional_mean_logp,leave_one_allele_out,mse,all,HLA-B*57:01,spearman,0.0522696505486693,13,13,False
baseline_plus_unconditional_mean_logp,leave_one_allele_out,mse,all,HLA-B*57:01,pearson_log,0.27846744480775376,13,13,False
baseline_plus_unconditional_mean_logp,leave_one_allele_out,mse,all,HLA-B*57:01,auc_gt_2h,0.9166666666666666,13,13,False
baseline_plus_unconditional_mean_logp,leave_one_allele_out,mse,all,HLA-B*57:02,spearman,-0.242760699030339,13,13,False
baseline_plus_unconditional_mean_logp,leave_one_allele_out,mse,all,HLA-B*57:02,pearson_log,-0.23695284240807366,13,13,False
baseline_plus_unconditional_mean_logp,leave_one_allele_out,mse,all,HLA-B*57:02,auc_gt_2h,0.13636363636363635,13,13,False
baseline_plus_unconditional_mean_logp,leave_one_allele_out,mse,all,HLA-B*57:03,spearman,0.2857142857142857,13,13,False
baseline_plus_unconditional_mean_logp,leave_one_allele_out,mse,all,HLA-B*57:03,pearson_log,0.26947416580754613,13,13,False
baseline_plus_unconditional_mean_logp,leave_one_allele_out,mse,all,HLA-B*57:03,auc_gt_2h,0.5666666666666667,13,13,False
baseline_plus_unconditional_mean_logp,leave_one_allele_out,mse,all,HLA-B*58:01,spearman,0.06327378750628389,13,13,False
baseline_plus_unconditional_mean_logp,leave_one_allele_out,mse,all,HLA-B*58:01,pearson_log,-0.14803664278840611,13,13,False
baseline_plus_unconditional_mean_logp,leave_one_allele_out,mse,all,HLA-B*58:01,auc_gt_2h,0.5952380952380952,13,13,False
baseline_plus_unconditional_mean_logp,leave_one_allele_out,mse,all,HLA-B*81:01,spearman,0.3828197069947329,13,13,False
baseline_plus_unconditional_mean_logp,leave_one_allele_out,mse,all,HLA-B*81:01,pearson_log,0.420674223217217,13,13,False
baseline_plus_unconditional_mean_logp,leave_one_allele_out,mse,all,HLA-B*81:01,auc_gt_2h,0.5,13,13,False
baseline_plus_unconditional_mean_logp,leave_one_allele_out,mse,nonzero,HLA-A*01:01,spearman,0.34302341718937157,13,13,False
baseline_plus_unconditional_mean_logp,leave_one_allele_out,mse,nonzero,HLA-A*01:01,pearson_log,0.32328448872592686,13,13,False
baseline_plus_unconditional_mean_logp,leave_one_allele_out,mse,nonzero,HLA-A*01:01,auc_gt_2h,0.7222222222222223,13,13,False
baseline_plus_unconditional_mean_logp,leave_one_allele_out,mse,nonzero,HLA-A*02:01,spearman,0.41804205714652987,14,14,False
baseline_plus_unconditional_mean_logp,leave_one_allele_out,mse,nonzero,HLA-A*02:01,pearson_log,0.7120592432533787,14,14,False
baseline_plus_unconditional_mean_logp,leave_one_allele_out,mse,nonzero,HLA-A*02:01,auc_gt_2h,1.0,14,14,False
baseline_plus_unconditional_mean_logp,leave_one_allele_out,mse,nonzero,HLA-A*02:03,spearman,0.19090909090909092,11,11,False
baseline_plus_unconditional_mean_logp,leave_one_allele_out,mse,nonzero,HLA-A*02:03,pearson_log,0.17345817102086442,11,11,False
baseline_plus_unconditional_mean_logp,leave_one_allele_out,mse,nonzero,HLA-A*02:03,auc_gt_2h,0.5,11,11,False
baseline_plus_unconditional_mean_logp,leave_one_allele_out,mse,nonzero,HLA-A*02:05,spearman,0.1032967032967033,14,14,False
baseline_plus_unconditional_mean_logp,leave_one_allele_out,mse,nonzero,HLA-A*02:05,pearson_log,0.031302438218388795,14,14,False
baseline_plus_unconditional_mean_logp,leave_one_allele_out,mse,nonzero,HLA-A*02:05,auc_gt_2h,0.5750000000000001,14,14,False
baseline_plus_unconditional_mean_logp,leave_one_allele_out,mse,nonzero,HLA-A*02:10,spearman,0.3538461538461538,14,14,False
baseline_plus_unconditional_mean_logp,leave_one_allele_out,mse,nonzero,HLA-A*02:10,pearson_log,0.4097418956614943,14,14,False
baseline_plus_unconditional_mean_logp,leave_one_allele_out,mse,nonzero,HLA-A*02:10,auc_gt_2h,0.6888888888888889,14,14,False
baseline_plus_unconditional_mean_logp,leave_one_allele_out,mse,nonzero,HLA-A*02:11,spearman,0.13922864426767714,14,14,False
baseline_plus_unconditional_mean_logp,leave_one_allele_out,mse,nonzero,HLA-A*02:11,pearson_log,0.337720927834083,14,14,False
baseline_plus_unconditional_mean_logp,leave_one_allele_out,mse,nonzero,HLA-A*02:11,auc_gt_2h,0.7916666666666667,14,14,False
baseline_plus_unconditional_mean_logp,leave_one_allele_out,mse,nonzero,HLA-A*02:12,spearman,0.4461538461538462,14,14,False
baseline_plus_unconditional_mean_logp,leave_one_allele_out,mse,nonzero,HLA-A*02:12,pearson_log,0.7020812571880375,14,14,False
baseline_plus_unconditional_mean_logp,leave_one_allele_out,mse,nonzero,HLA-A*02:12,auc_gt_2h,0.9583333333333333,14,14,False
baseline_plus_unconditional_mean_logp,leave_one_allele_out,mse,nonzero,HLA-A*02:16,spearman,0.2838285545889597,14,14,False
baseline_plus_unconditional_mean_logp,leave_one_allele_out,mse,nonzero,HLA-A*02:16,pearson_log,0.29325878217552426,14,14,False
baseline_plus_unconditional_mean_logp,leave_one_allele_out,mse,nonzero,HLA-A*02:16,auc_gt_2h,0.6060606060606061,14,14,False
baseline_plus_unconditional_mean_logp,leave_one_allele_out,mse,nonzero,HLA-A*02:19,spearman,0.44055944055944063,12,12,False
baseline_plus_unconditional_mean_logp,leave_one_allele_out,mse,nonzero,HLA-A*02:19,pearson_log,0.4567680689127201,12,12,False
baseline_plus_unconditional_mean_logp,leave_one_allele_out,mse,nonzero,HLA-A*02:19,auc_gt_2h,0.8,12,12,False
baseline_plus_unconditional_mean_logp,leave_one_allele_out,mse,nonzero,HLA-A*02:50,spearman,0.3010989010989011,14,14,False
baseline_plus_unconditional_mean_logp,leave_one_allele_out,mse,nonzero,HLA-A*02:50,pearson_log,0.36708145970060185,14,14,False
baseline_plus_unconditional_mean_logp,leave_one_allele_out,mse,nonzero,HLA-A*02:50,auc_gt_2h,0.9230769230769231,14,14,False
baseline_plus_unconditional_mean_logp,leave_one_allele_out,mse,nonzero,HLA-A*03:01,spearman,0.1366026613259775,12,12,False
baseline_plus_unconditional_mean_logp,leave_one_allele_out,mse,nonzero,HLA-A*03:01,pearson_log,0.2062726388251041,12,12,False
baseline_plus_unconditional_mean_logp,leave_one_allele_out,mse,nonzero,HLA-A*03:01,auc_gt_2h,0.7714285714285715,12,12,False
baseline_plus_unconditional_mean_logp,leave_one_allele_out,mse,nonzero,HLA-A*11:01,spearman,-0.0989010989010989,14,14,False
baseline_plus_unconditional_mean_logp,leave_one_allele_out,mse,nonzero,HLA-A*11:01,pearson_log,-0.03579205143520961,14,14,False
baseline_plus_unconditional_mean_logp,leave_one_allele_out,mse,nonzero,HLA-A*11:01,auc_gt_2h,0.42222222222222217,14,14,False
baseline_plus_unconditional_mean_logp,leave_one_allele_out,mse,nonzero,HLA-A*23:01,spearman,0.1076923076923077,14,14,False
baseline_plus_unconditional_mean_logp,leave_one_allele_out,mse,nonzero,HLA-A*23:01,pearson_log,0.11326698738813377,14,14,False
baseline_plus_unconditional_mean_logp,leave_one_allele_out,mse,nonzero,HLA-A*23:01,auc_gt_2h,0.3958333333333333,14,14,False
baseline_plus_unconditional_mean_logp,leave_one_allele_out,mse,nonzero,HLA-A*24:02,spearman,0.3153602383837771,13,13,False
baseline_plus_unconditional_mean_logp,leave_one_allele_out,mse,nonzero,HLA-A*24:02,pearson_log,0.43583170100840124,13,13,False
baseline_plus_unconditional_mean_logp,leave_one_allele_out,mse,nonzero,HLA-A*24:02,auc_gt_2h,0.8333333333333334,13,13,False
baseline_plus_unconditional_mean_logp,leave_one_allele_out,mse,nonzero,HLA-A*24:03,spearman,0.2948296613559737,14,14,False
baseline_plus_unconditional_mean_logp,leave_one_allele_out,mse,nonzero,HLA-A*24:03,pearson_log,0.3217662689105584,14,14,False
baseline_plus_unconditional_mean_logp,leave_one_allele_out,mse,nonzero,HLA-A*24:03,auc_gt_2h,0.6666666666666666,14,14,False
baseline_plus_unconditional_mean_logp,leave_one_allele_out,mse,nonzero,HLA-A*24:07,spearman,-0.2175824175824176,14,14,False
baseline_plus_unconditional_mean_logp,leave_one_allele_out,mse,nonzero,HLA-A*24:07,pearson_log,-0.07696381436818389,14,14,False
baseline_plus_unconditional_mean_logp,leave_one_allele_out,mse,nonzero,HLA-A*24:07,auc_gt_2h,0.29166666666666663,14,14,False
baseline_plus_unconditional_mean_logp,leave_one_allele_out,mse,nonzero,HLA-A*24:19,spearman,0.30952380952380953,8,8,False
baseline_plus_unconditional_mean_logp,leave_one_allele_out,mse,nonzero,HLA-A*24:19,pearson_log,0.4950878075150646,8,8,False
baseline_plus_unconditional_mean_logp,leave_one_allele_out,mse,nonzero,HLA-A*24:19,auc_gt_2h,0.7142857142857143,8,8,False
baseline_plus_unconditional_mean_logp,leave_one_allele_out,mse,nonzero,HLA-A*25:01,spearman,-0.06666666666666667,9,9,False
baseline_plus_unconditional_mean_logp,leave_one_allele_out,mse,nonzero,HLA-A*25:01,pearson_log,0.00517364566465911,9,9,False
baseline_plus_unconditional_mean_logp,leave_one_allele_out,mse,nonzero,HLA-A*25:01,auc_gt_2h,0.3888888888888889,9,9,False
baseline_plus_unconditional_mean_logp,leave_one_allele_out,mse,nonzero,HLA-A*26:01,spearman,-0.05817375393384442,13,13,False
baseline_plus_unconditional_mean_logp,leave_one_allele_out,mse,nonzero,HLA-A*26:01,pearson_log,-0.025613111136596367,13,13,False
baseline_plus_unconditional_mean_logp,leave_one_allele_out,mse,nonzero,HLA-A*26:01,auc_gt_2h,0.4333333333333333,13,13,False
baseline_plus_unconditional_mean_logp,leave_one_allele_out,mse,nonzero,HLA-A*26:02,spearman,0.5261727954746327,13,13,False
baseline_plus_unconditional_mean_logp,leave_one_allele_out,mse,nonzero,HLA-A*26:02,pearson_log,0.5693463822192585,13,13,False
baseline_plus_unconditional_mean_logp,leave_one_allele_out,mse,nonzero,HLA-A*26:02,auc_gt_2h,0.6190476190476191,13,13,False
baseline_plus_unconditional_mean_logp,leave_one_allele_out,mse,nonzero,HLA-A*26:03,spearman,0.15663787513136096,8,8,False
baseline_plus_unconditional_mean_logp,leave_one_allele_out,mse,nonzero,HLA-A*26:03,pearson_log,0.4080527301628648,8,8,False
baseline_plus_unconditional_mean_logp,leave_one_allele_out,mse,nonzero,HLA-A*26:03,auc_gt_2h,0.7333333333333333,8,8,False
baseline_plus_unconditional_mean_logp,leave_one_allele_out,mse,nonzero,HLA-A*29:02,spearman,0.26593406593406593,14,14,False
baseline_plus_unconditional_mean_logp,leave_one_allele_out,mse,nonzero,HLA-A*29:02,pearson_log,0.23825799487808236,14,14,False
baseline_plus_unconditional_mean_logp,leave_one_allele_out,mse,nonzero,HLA-A*29:02,auc_gt_2h,0.5833333333333334,14,14,False
baseline_plus_unconditional_mean_logp,leave_one_allele_out,mse,nonzero,HLA-A*30:01,spearman,0.22374662483883936,11,11,False
baseline_plus_unconditional_mean_logp,leave_one_allele_out,mse,nonzero,HLA-A*30:01,pearson_log,0.2547713599909924,11,11,False
baseline_plus_unconditional_mean_logp,leave_one_allele_out,mse,nonzero,HLA-A*30:01,auc_gt_2h,0.38888888888888895,11,11,False
baseline_plus_unconditional_mean_logp,leave_one_allele_out,mse,nonzero,HLA-A*30:02,spearman,0.11995832998966884,13,13,False
baseline_plus_unconditional_mean_logp,leave_one_allele_out,mse,nonzero,HLA-A*30:02,pearson_log,-0.04393134603279927,13,13,False
baseline_plus_unconditional_mean_logp,leave_one_allele_out,mse,nonzero,HLA-A*30:02,auc_gt_2h,0.5277777777777778,13,13,False
baseline_plus_unconditional_mean_logp,leave_one_allele_out,mse,nonzero,HLA-A*31:01,spearman,-0.1703577346417532,14,14,False
baseline_plus_unconditional_mean_logp,leave_one_allele_out,mse,nonzero,HLA-A*31:01,pearson_log,-0.3247997216086517,14,14,False
baseline_plus_unconditional_mean_logp,leave_one_allele_out,mse,nonzero,HLA-A*31:01,auc_gt_2h,0.3939393939393939,14,14,False
baseline_plus_unconditional_mean_logp,leave_one_allele_out,mse,nonzero,HLA-A*32:01,spearman,0.19087593375860193,13,13,False
baseline_plus_unconditional_mean_logp,leave_one_allele_out,mse,nonzero,HLA-A*32:01,pearson_log,0.2352487844342876,13,13,False
baseline_plus_unconditional_mean_logp,leave_one_allele_out,mse,nonzero,HLA-A*32:01,auc_gt_2h,0.5750000000000001,13,13,False
baseline_plus_unconditional_mean_logp,leave_one_allele_out,mse,nonzero,HLA-A*32:07,spearman,0.6879288918430899,11,11,False
baseline_plus_unconditional_mean_logp,leave_one_allele_out,mse,nonzero,HLA-A*32:07,pearson_log,0.7238832023119164,11,11,False
baseline_plus_unconditional_mean_logp,leave_one_allele_out,mse,nonzero,HLA-A*32:07,auc_gt_2h,0.8571428571428572,11,11,False
baseline_plus_unconditional_mean_logp,leave_one_allele_out,mse,nonzero,HLA-A*33:03,spearman,0.23424374030084538,7,7,False
baseline_plus_unconditional_mean_logp,leave_one_allele_out,mse,nonzero,HLA-A*33:03,pearson_log,0.1626001023968281,7,7,False
baseline_plus_unconditional_mean_logp,leave_one_allele_out,mse,nonzero,HLA-A*33:03,auc_gt_2h,0.5,7,7,False
baseline_plus_unconditional_mean_logp,leave_one_allele_out,mse,nonzero,HLA-A*43:01,spearman,-0.08604859293176627,12,12,False
baseline_plus_unconditional_mean_logp,leave_one_allele_out,mse,nonzero,HLA-A*43:01,pearson_log,-0.11756169438846711,12,12,False
baseline_plus_unconditional_mean_logp,leave_one_allele_out,mse,nonzero,HLA-A*43:01,auc_gt_2h,0.2727272727272727,12,12,False
baseline_plus_unconditional_mean_logp,leave_one_allele_out,mse,nonzero,HLA-A*66:01,spearman,0.7065429205297614,9,9,False
baseline_plus_unconditional_mean_logp,leave_one_allele_out,mse,nonzero,HLA-A*66:01,pearson_log,0.7327361020833107,9,9,False
baseline_plus_unconditional_mean_logp,leave_one_allele_out,mse,nonzero,HLA-A*66:01,auc_gt_2h,0.875,9,9,False
baseline_plus_unconditional_mean_logp,leave_one_allele_out,mse,nonzero,HLA-A*68:01,spearman,-0.17021355223041806,10,10,False
baseline_plus_unconditional_mean_logp,leave_one_allele_out,mse,nonzero,HLA-A*68:01,pearson_log,-0.26991717516949726,10,10,False
baseline_plus_unconditional_mean_logp,leave_one_allele_out,mse,nonzero,HLA-A*68:01,auc_gt_2h,0.1904761904761905,10,10,False
baseline_plus_unconditional_mean_logp,leave_one_allele_out,mse,nonzero,HLA-A*68:02,spearman,-0.19283819729436805,13,13,False
baseline_plus_unconditional_mean_logp,leave_one_allele_out,mse,nonzero,HLA-A*68:02,pearson_log,-0.15836333398130012,13,13,False
baseline_plus_unconditional_mean_logp,leave_one_allele_out,mse,nonzero,HLA-A*68:02,auc_gt_2h,0.08333333333333337,13,13,False
baseline_plus_unconditional_mean_logp,leave_one_allele_out,mse,nonzero,HLA-A*68:23,spearman,-0.08155320246773276,10,10,False
baseline_plus_unconditional_mean_logp,leave_one_allele_out,mse,nonzero,HLA-A*68:23,pearson_log,0.05242235557024033,10,10,False
baseline_plus_unconditional_mean_logp,leave_one_allele_out,mse,nonzero,HLA-A*68:23,auc_gt_2h,1.0,10,10,False
baseline_plus_unconditional_mean_logp,leave_one_allele_out,mse,nonzero,HLA-A*69:01,spearman,-0.21009145170400448,9,9,False
baseline_plus_unconditional_mean_logp,leave_one_allele_out,mse,nonzero,HLA-A*69:01,pearson_log,-0.1629014452391341,9,9,False
baseline_plus_unconditional_mean_logp,leave_one_allele_out,mse,nonzero,HLA-A*69:01,auc_gt_2h,0.5,9,9,False
baseline_plus_unconditional_mean_logp,leave_one_allele_out,mse,nonzero,HLA-A*74:01,spearman,-0.12631656704805072,12,12,False
baseline_plus_unconditional_mean_logp,leave_one_allele_out,mse,nonzero,HLA-A*74:01,pearson_log,-0.04118343836452333,12,12,False
baseline_plus_unconditional_mean_logp,leave_one_allele_out,mse,nonzero,HLA-A*74:01,auc_gt_2h,0.4285714285714286,12,12,False
baseline_plus_unconditional_mean_logp,leave_one_allele_out,mse,nonzero,HLA-A*80:01,spearman,0.5321324864777409,10,10,False
baseline_plus_unconditional_mean_logp,leave_one_allele_out,mse,nonzero,HLA-A*80:01,pearson_log,0.5340147421702406,10,10,False
baseline_plus_unconditional_mean_logp,leave_one_allele_out,mse,nonzero,HLA-A*80:01,auc_gt_2h,0.5625,10,10,False
baseline_plus_unconditional_mean_logp,leave_one_allele_out,mse,nonzero,HLA-B*07:02,spearman,-0.008298953641678344,13,13,False
baseline_plus_unconditional_mean_logp,leave_one_allele_out,mse,nonzero,HLA-B*07:02,pearson_log,0.14947039798762857,13,13,False
baseline_plus_unconditional_mean_logp,leave_one_allele_out,mse,nonzero,HLA-B*07:02,auc_gt_2h,0.5952380952380952,13,13,False
baseline_plus_unconditional_mean_logp,leave_one_allele_out,mse,nonzero,HLA-B*08:01,spearman,-0.251552678847338,10,10,False
baseline_plus_unconditional_mean_logp,leave_one_allele_out,mse,nonzero,HLA-B*08:01,pearson_log,-0.08202886541225657,10,10,False
baseline_plus_unconditional_mean_logp,leave_one_allele_out,mse,nonzero,HLA-B*08:01,auc_gt_2h,,10,10,False
baseline_plus_unconditional_mean_logp,leave_one_allele_out,mse,nonzero,HLA-B*08:03,spearman,0.16951587590520262,9,9,False
baseline_plus_unconditional_mean_logp,leave_one_allele_out,mse,nonzero,HLA-B*08:03,pearson_log,0.18643880312764163,9,9,False
baseline_plus_unconditional_mean_logp,leave_one_allele_out,mse,nonzero,HLA-B*08:03,auc_gt_2h,0.5555555555555556,9,9,False
baseline_plus_unconditional_mean_logp,leave_one_allele_out,mse,nonzero,HLA-B*13:02,spearman,0.19999999999999998,4,4,False
baseline_plus_unconditional_mean_logp,leave_one_allele_out,mse,nonzero,HLA-B*13:02,pearson_log,-0.04274258764229391,4,4,False
baseline_plus_unconditional_mean_logp,leave_one_allele_out,mse,nonzero,HLA-B*13:02,auc_gt_2h,0.3333333333333333,4,4,False
baseline_plus_unconditional_mean_logp,leave_one_allele_out,mse,nonzero,HLA-B*14:01(C67S),spearman,,1,1,True
baseline_plus_unconditional_mean_logp,leave_one_allele_out,mse,nonzero,HLA-B*14:01(C67S),pearson_log,,1,1,True
baseline_plus_unconditional_mean_logp,leave_one_allele_out,mse,nonzero,HLA-B*14:01(C67S),auc_gt_2h,,1,1,True
baseline_plus_unconditional_mean_logp,leave_one_allele_out,mse,nonzero,HLA-B*14:02(C67S),spearman,0.0,5,5,False
baseline_plus_unconditional_mean_logp,leave_one_allele_out,mse,nonzero,HLA-B*14:02(C67S),pearson_log,-0.433970228436772,5,5,False
baseline_plus_unconditional_mean_logp,leave_one_allele_out,mse,nonzero,HLA-B*14:02(C67S),auc_gt_2h,0.0,5,5,False
baseline_plus_unconditional_mean_logp,leave_one_allele_out,mse,nonzero,HLA-B*15:01,spearman,0.08181818181818183,11,11,False
baseline_plus_unconditional_mean_logp,leave_one_allele_out,mse,nonzero,HLA-B*15:01,pearson_log,-0.27099475514132026,11,11,False
baseline_plus_unconditional_mean_logp,leave_one_allele_out,mse,nonzero,HLA-B*15:01,auc_gt_2h,0.5,11,11,False
baseline_plus_unconditional_mean_logp,leave_one_allele_out,mse,nonzero,HLA-B*15:02,spearman,0.4761904761904762,8,8,False
baseline_plus_unconditional_mean_logp,leave_one_allele_out,mse,nonzero,HLA-B*15:02,pearson_log,0.7082637392033317,8,8,False
baseline_plus_unconditional_mean_logp,leave_one_allele_out,mse,nonzero,HLA-B*15:02,auc_gt_2h,0.8,8,8,False
baseline_plus_unconditional_mean_logp,leave_one_allele_out,mse,nonzero,HLA-B*15:10,spearman,0.07355527917552636,12,12,False
baseline_plus_unconditional_mean_logp,leave_one_allele_out,mse,nonzero,HLA-B*15:10,pearson_log,0.23478171928799285,12,12,False
baseline_plus_unconditional_mean_logp,leave_one_allele_out,mse,nonzero,HLA-B*15:10,auc_gt_2h,0.55,12,12,False
baseline_plus_unconditional_mean_logp,leave_one_allele_out,mse,nonzero,HLA-B*15:17,spearman,0.40854418032379974,10,10,False
baseline_plus_unconditional_mean_logp,leave_one_allele_out,mse,nonzero,HLA-B*15:17,pearson_log,0.37107546183207657,10,10,False
baseline_plus_unconditional_mean_logp,leave_one_allele_out,mse,nonzero,HLA-B*15:17,auc_gt_2h,0.7142857142857142,10,10,False
baseline_plus_unconditional_mean_logp,leave_one_allele_out,mse,nonzero,HLA-B*18:01,spearman,-0.23658894458871366,13,13,False
baseline_plus_unconditional_mean_logp,leave_one_allele_out,mse,nonzero,HLA-B*18:01,pearson_log,-0.1844127077362659,13,13,False
baseline_plus_unconditional_mean_logp,leave_one_allele_out,mse,nonzero,HLA-B*18:01,auc_gt_2h,0.2857142857142857,13,13,False
baseline_plus_unconditional_mean_logp,leave_one_allele_out,mse,nonzero,HLA-B*27:02,spearman,0.22936745106799178,11,11,False
baseline_plus_unconditional_mean_logp,leave_one_allele_out,mse,nonzero,HLA-B*27:02,pearson_log,0.44205157842493864,11,11,False
baseline_plus_unconditional_mean_logp,leave_one_allele_out,mse,nonzero,HLA-B*27:02,auc_gt_2h,0.7857142857142857,11,11,False
baseline_plus_unconditional_mean_logp,leave_one_allele_out,mse,nonzero,HLA-B*27:03,spearman,0.108787563138244,9,9,False
baseline_plus_unconditional_mean_logp,leave_one_allele_out,mse,nonzero,HLA-B*27:03,pearson_log,0.2275539784172977,9,9,False
baseline_plus_unconditional_mean_logp,leave_one_allele_out,mse,nonzero,HLA-B*27:03,auc_gt_2h,0.6,9,9,False
baseline_plus_unconditional_mean_logp,leave_one_allele_out,mse,nonzero,HLA-B*27:05,spearman,0.06849386474658346,11,11,False
baseline_plus_unconditional_mean_logp,leave_one_allele_out,mse,nonzero,HLA-B*27:05,pearson_log,0.18890931500164107,11,11,False
baseline_plus_unconditional_mean_logp,leave_one_allele_out,mse,nonzero,HLA-B*27:05,auc_gt_2h,0.43333333333333335,11,11,False
baseline_plus_unconditional_mean_logp,leave_one_allele_out,mse,nonzero,HLA-B*27:20,spearman,-0.2687934080711411,11,11,False
baseline_plus_unconditional_mean_logp,leave_one_allele_out,mse,nonzero,HLA-B*27:20,pearson_log,-0.18461672822202763,11,11,False
baseline_plus_unconditional_mean_logp,leave_one_allele_out,mse,nonzero,HLA-B*27:20,auc_gt_2h,0.4642857142857143,11,11,False
baseline_plus_unconditional_mean_logp,leave_one_allele_out,mse,nonzero,HLA-B*35:01,spearman,0.2008385781013735,9,9,False
baseline_plus_unconditional_mean_logp,leave_one_allele_out,mse,nonzero,HLA-B*35:01,pearson_log,0.2757347872059164,9,9,False
baseline_plus_unconditional_mean_logp,leave_one_allele_out,mse,nonzero,HLA-B*35:01,auc_gt_2h,0.5555555555555556,9,9,False
baseline_plus_unconditional_mean_logp,leave_one_allele_out,mse,nonzero,HLA-B*35:03,spearman,0.18596605704296354,12,12,False
baseline_plus_unconditional_mean_logp,leave_one_allele_out,mse,nonzero,HLA-B*35:03,pearson_log,0.049086360173679455,12,12,False
baseline_plus_unconditional_mean_logp,leave_one_allele_out,mse,nonzero,HLA-B*35:03,auc_gt_2h,0.48571428571428577,12,12,False
baseline_plus_unconditional_mean_logp,leave_one_allele_out,mse,nonzero,HLA-B*35:08,spearman,0.19311620574611524,11,11,False
baseline_plus_unconditional_mean_logp,leave_one_allele_out,mse,nonzero,HLA-B*35:08,pearson_log,0.22140163921513295,11,11,False
baseline_plus_unconditional_mean_logp,leave_one_allele_out,mse,nonzero,HLA-B*35:08,auc_gt_2h,0.5555555555555556,11,11,False
baseline_plus_unconditional_mean_logp,leave_one_allele_out,mse,nonzero,HLA-B*39:01,spearman,0.3379781783072062,11,11,False
baseline_plus_unconditional_mean_logp,leave_one_allele_out,mse,nonzero,HLA-B*39:01,pearson_log,0.6373599145691577,11,11,False
baseline_plus_unconditional_mean_logp,leave_one_allele_out,mse,nonzero,HLA-B*39:01,auc_gt_2h,0.9444444444444444,11,11,False
baseline_plus_unconditional_mean_logp,leave_one_allele_out,mse,nonzero,HLA-B*39:02,spearman,0.2881769890388444,9,9,False
baseline_plus_unconditional_mean_logp,leave_one_allele_out,mse,nonzero,HLA-B*39:02,pearson_log,0.23174335056015172,9,9,False
baseline_plus_unconditional_mean_logp,leave_one_allele_out,mse,nonzero,HLA-B*39:02,auc_gt_2h,0.7142857142857143,9,9,False
baseline_plus_unconditional_mean_logp,leave_one_allele_out,mse,nonzero,HLA-B*39:06(C67S),spearman,,1,1,True
baseline_plus_unconditional_mean_logp,leave_one_allele_out,mse,nonzero,HLA-B*39:06(C67S),pearson_log,,1,1,True
baseline_plus_unconditional_mean_logp,leave_one_allele_out,mse,nonzero,HLA-B*39:06(C67S),auc_gt_2h,,1,1,True
baseline_plus_unconditional_mean_logp,leave_one_allele_out,mse,nonzero,HLA-B*39:10,spearman,-0.20909090909090913,11,11,False
baseline_plus_unconditional_mean_logp,leave_one_allele_out,mse,nonzero,HLA-B*39:10,pearson_log,-0.2324693678873791,11,11,False
baseline_plus_unconditional_mean_logp,leave_one_allele_out,mse,nonzero,HLA-B*39:10,auc_gt_2h,0.3333333333333333,11,11,False
baseline_plus_unconditional_mean_logp,leave_one_allele_out,mse,nonzero,HLA-B*40:01,spearman,-0.14386053469361332,12,12,False
baseline_plus_unconditional_mean_logp,leave_one_allele_out,mse,nonzero,HLA-B*40:01,pearson_log,-0.1949735300777688,12,12,False
baseline_plus_unconditional_mean_logp,leave_one_allele_out,mse,nonzero,HLA-B*40:01,auc_gt_2h,0.8181818181818181,12,12,False
baseline_plus_unconditional_mean_logp,leave_one_allele_out,mse,nonzero,HLA-B*40:02,spearman,0.5439560439560439,13,13,False
baseline_plus_unconditional_mean_logp,leave_one_allele_out,mse,nonzero,HLA-B*40:02,pearson_log,0.5577542764696232,13,13,False
baseline_plus_unconditional_mean_logp,leave_one_allele_out,mse,nonzero,HLA-B*40:02,auc_gt_2h,0.9,13,13,False
baseline_plus_unconditional_mean_logp,leave_one_allele_out,mse,nonzero,HLA-B*41:01,spearman,-0.33394720739540396,6,6,False
baseline_plus_unconditional_mean_logp,leave_one_allele_out,mse,nonzero,HLA-B*41:01,pearson_log,-0.19381232805340193,6,6,False
baseline_plus_unconditional_mean_logp,leave_one_allele_out,mse,nonzero,HLA-B*41:01,auc_gt_2h,,6,6,False
baseline_plus_unconditional_mean_logp,leave_one_allele_out,mse,nonzero,HLA-B*42:01,spearman,-0.3706293706293707,12,12,False
baseline_plus_unconditional_mean_logp,leave_one_allele_out,mse,nonzero,HLA-B*42:01,pearson_log,0.030227360596347702,12,12,False
baseline_plus_unconditional_mean_logp,leave_one_allele_out,mse,nonzero,HLA-B*42:01,auc_gt_2h,0.2727272727272727,12,12,False
baseline_plus_unconditional_mean_logp,leave_one_allele_out,mse,nonzero,HLA-B*42:02,spearman,-0.3735772790141283,11,11,False
baseline_plus_unconditional_mean_logp,leave_one_allele_out,mse,nonzero,HLA-B*42:02,pearson_log,-0.4850797958873676,11,11,False
baseline_plus_unconditional_mean_logp,leave_one_allele_out,mse,nonzero,HLA-B*42:02,auc_gt_2h,0.3333333333333333,11,11,False
baseline_plus_unconditional_mean_logp,leave_one_allele_out,mse,nonzero,HLA-B*44:05,spearman,-0.17894846998473848,12,12,False
baseline_plus_unconditional_mean_logp,leave_one_allele_out,mse,nonzero,HLA-B*44:05,pearson_log,-0.19424088818273974,12,12,False
baseline_plus_unconditional_mean_logp,leave_one_allele_out,mse,nonzero,HLA-B*44:05,auc_gt_2h,0.5,12,12,False
baseline_plus_unconditional_mean_logp,leave_one_allele_out,mse,nonzero,HLA-B*45:01,spearman,0.0,3,3,False
baseline_plus_unconditional_mean_logp,leave_one_allele_out,mse,nonzero,HLA-B*45:01,pearson_log,0.48486911101858854,3,3,False
baseline_plus_unconditional_mean_logp,leave_one_allele_out,mse,nonzero,HLA-B*45:01,auc_gt_2h,0.5,3,3,False
baseline_plus_unconditional_mean_logp,leave_one_allele_out,mse,nonzero,HLA-B*46:01,spearman,-0.39285714285714296,7,7,False
baseline_plus_unconditional_mean_logp,leave_one_allele_out,mse,nonzero,HLA-B*46:01,pearson_log,-0.3185827064875443,7,7,False
baseline_plus_unconditional_mean_logp,leave_one_allele_out,mse,nonzero,HLA-B*46:01,auc_gt_2h,0.6,7,7,False
baseline_plus_unconditional_mean_logp,leave_one_allele_out,mse,nonzero,HLA-B*51:01,spearman,0.19999999999999998,4,4,False
baseline_plus_unconditional_mean_logp,leave_one_allele_out,mse,nonzero,HLA-B*51:01,pearson_log,0.5856028122757615,4,4,False
baseline_plus_unconditional_mean_logp,leave_one_allele_out,mse,nonzero,HLA-B*51:01,auc_gt_2h,,4,4,False
baseline_plus_unconditional_mean_logp,leave_one_allele_out,mse,nonzero,HLA-B*54:01,spearman,0.261904761904762,8,8,False
baseline_plus_unconditional_mean_logp,leave_one_allele_out,mse,nonzero,HLA-B*54:01,pearson_log,0.5581173186408092,8,8,False
baseline_plus_unconditional_mean_logp,leave_one_allele_out,mse,nonzero,HLA-B*54:01,auc_gt_2h,0.9166666666666667,8,8,False
baseline_plus_unconditional_mean_logp,leave_one_allele_out,mse,nonzero,HLA-B*55:01,spearman,-0.5,3,3,False
baseline_plus_unconditional_mean_logp,leave_one_allele_out,mse,nonzero,HLA-B*55:01,pearson_log,-0.8928841981191631,3,3,False
baseline_plus_unconditional_mean_logp,leave_one_allele_out,mse,nonzero,HLA-B*55:01,auc_gt_2h,0.0,3,3,False
baseline_plus_unconditional_mean_logp,leave_one_allele_out,mse,nonzero,HLA-B*56:01,spearman,-0.48196269271187986,8,8,False
baseline_plus_unconditional_mean_logp,leave_one_allele_out,mse,nonzero,HLA-B*56:01,pearson_log,-0.5706325843296283,8,8,False
baseline_plus_unconditional_mean_logp,leave_one_allele_out,mse,nonzero,HLA-B*56:01,auc_gt_2h,,8,8,False
baseline_plus_unconditional_mean_logp,leave_one_allele_out,mse,nonzero,HLA-B*57:01,spearman,-0.15061319069274445,12,12,False
baseline_plus_unconditional_mean_logp,leave_one_allele_out,mse,nonzero,HLA-B*57:01,pearson_log,-0.34001717937520315,12,12,False
baseline_plus_unconditional_mean_logp,leave_one_allele_out,mse,nonzero,HLA-B*57:01,auc_gt_2h,,12,12,False
baseline_plus_unconditional_mean_logp,leave_one_allele_out,mse,nonzero,HLA-B*57:02,spearman,-0.242760699030339,13,13,False
baseline_plus_unconditional_mean_logp,leave_one_allele_out,mse,nonzero,HLA-B*57:02,pearson_log,-0.23695284240807366,13,13,False
baseline_plus_unconditional_mean_logp,leave_one_allele_out,mse,nonzero,HLA-B*57:02,auc_gt_2h,0.13636363636363635,13,13,False
baseline_plus_unconditional_mean_logp,leave_one_allele_out,mse,nonzero,HLA-B*57:03,spearman,0.2857142857142857,13,13,False
baseline_plus_unconditional_mean_logp,leave_one_allele_out,mse,nonzero,HLA-B*57:03,pearson_log,0.26947416580754613,13,13,False
baseline_plus_unconditional_mean_logp,leave_one_allele_out,mse,nonzero,HLA-B*57:03,auc_gt_2h,0.5666666666666667,13,13,False
baseline_plus_unconditional_mean_logp,leave_one_allele_out,mse,nonzero,HLA-B*58:01,spearman,0.3537658665108649,12,12,False
baseline_plus_unconditional_mean_logp,leave_one_allele_out,mse,nonzero,HLA-B*58:01,pearson_log,0.19709838784943395,12,12,False
baseline_plus_unconditional_mean_logp,leave_one_allele_out,mse,nonzero,HLA-B*58:01,auc_gt_2h,0.7142857142857143,12,12,False
baseline_plus_unconditional_mean_logp,leave_one_allele_out,mse,nonzero,HLA-B*81:01,spearman,0.08295723683673045,11,11,False
baseline_plus_unconditional_mean_logp,leave_one_allele_out,mse,nonzero,HLA-B*81:01,pearson_log,0.06830613176149156,11,11,False
baseline_plus_unconditional_mean_logp,leave_one_allele_out,mse,nonzero,HLA-B*81:01,auc_gt_2h,0.4,11,11,False
baseline_plus_unconditional_mean_logp,peptide_disjoint,mse,all,HLA-A*01:01,spearman,,2,2,False
baseline_plus_unconditional_mean_logp,peptide_disjoint,mse,all,HLA-A*01:01,pearson_log,,2,2,False
baseline_plus_unconditional_mean_logp,peptide_disjoint,mse,all,HLA-A*01:01,auc_gt_2h,1.0,2,2,False
baseline_plus_unconditional_mean_logp,peptide_disjoint,mse,all,HLA-A*02:01,spearman,-0.5,3,3,False
baseline_plus_unconditional_mean_logp,peptide_disjoint,mse,all,HLA-A*02:01,pearson_log,-0.3380637075026356,3,3,False
baseline_plus_unconditional_mean_logp,peptide_disjoint,mse,all,HLA-A*02:01,auc_gt_2h,,3,3,False
baseline_plus_unconditional_mean_logp,peptide_disjoint,mse,all,HLA-A*02:03,spearman,,2,2,False
baseline_plus_unconditional_mean_logp,peptide_disjoint,mse,all,HLA-A*02:03,pearson_log,,2,2,False
baseline_plus_unconditional_mean_logp,peptide_disjoint,mse,all,HLA-A*02:03,auc_gt_2h,0.0,2,2,False
baseline_plus_unconditional_mean_logp,peptide_disjoint,mse,all,HLA-A*02:05,spearman,0.3,5,5,False
baseline_plus_unconditional_mean_logp,peptide_disjoint,mse,all,HLA-A*02:05,pearson_log,-0.06913219861920483,5,5,False
baseline_plus_unconditional_mean_logp,peptide_disjoint,mse,all,HLA-A*02:05,auc_gt_2h,0.5,5,5,False
baseline_plus_unconditional_mean_logp,peptide_disjoint,mse,all,HLA-A*02:10,spearman,,2,2,False
baseline_plus_unconditional_mean_logp,peptide_disjoint,mse,all,HLA-A*02:10,pearson_log,,2,2,False
baseline_plus_unconditional_mean_logp,peptide_disjoint,mse,all,HLA-A*02:10,auc_gt_2h,1.0,2,2,False
baseline_plus_unconditional_mean_logp,peptide_disjoint,mse,all,HLA-A*02:11,spearman,,2,2,False
baseline_plus_unconditional_mean_logp,peptide_disjoint,mse,all,HLA-A*02:11,pearson_log,,2,2,False
baseline_plus_unconditional_mean_logp,peptide_disjoint,mse,all,HLA-A*02:11,auc_gt_2h,,2,2,False
baseline_plus_unconditional_mean_logp,peptide_disjoint,mse,all,HLA-A*02:12,spearman,1.0,4,4,False
baseline_plus_unconditional_mean_logp,peptide_disjoint,mse,all,HLA-A*02:12,pearson_log,0.8855635287645409,4,4,False
baseline_plus_unconditional_mean_logp,peptide_disjoint,mse,all,HLA-A*02:12,auc_gt_2h,1.0,4,4,False
baseline_plus_unconditional_mean_logp,peptide_disjoint,mse,all,HLA-A*02:19,spearman,0.49999999999999994,5,5,False
baseline_plus_unconditional_mean_logp,peptide_disjoint,mse,all,HLA-A*02:19,pearson_log,0.2536581294423693,5,5,False
baseline_plus_unconditional_mean_logp,peptide_disjoint,mse,all,HLA-A*02:19,auc_gt_2h,0.75,5,5,False
baseline_plus_unconditional_mean_logp,peptide_disjoint,mse,all,HLA-A*02:50,spearman,0.7999999999999999,4,4,False
baseline_plus_unconditional_mean_logp,peptide_disjoint,mse,all,HLA-A*02:50,pearson_log,0.6615638388715711,4,4,False
baseline_plus_unconditional_mean_logp,peptide_disjoint,mse,all,HLA-A*02:50,auc_gt_2h,,4,4,False
baseline_plus_unconditional_mean_logp,peptide_disjoint,mse,all,HLA-A*03:01,spearman,0.6,5,5,False
baseline_plus_unconditional_mean_logp,peptide_disjoint,mse,all,HLA-A*03:01,pearson_log,0.6389981726268712,5,5,False
baseline_plus_unconditional_mean_logp,peptide_disjoint,mse,all,HLA-A*03:01,auc_gt_2h,1.0,5,5,False
baseline_plus_unconditional_mean_logp,peptide_disjoint,mse,all,HLA-A*11:01,spearman,,1,1,True
baseline_plus_unconditional_mean_logp,peptide_disjoint,mse,all,HLA-A*11:01,pearson_log,,1,1,True
baseline_plus_unconditional_mean_logp,peptide_disjoint,mse,all,HLA-A*11:01,auc_gt_2h,,1,1,True
baseline_plus_unconditional_mean_logp,peptide_disjoint,mse,all,HLA-A*23:01,spearman,,2,2,False
baseline_plus_unconditional_mean_logp,peptide_disjoint,mse,all,HLA-A*23:01,pearson_log,,2,2,False
baseline_plus_unconditional_mean_logp,peptide_disjoint,mse,all,HLA-A*23:01,auc_gt_2h,0.0,2,2,False
baseline_plus_unconditional_mean_logp,peptide_disjoint,mse,all,HLA-A*24:02,spearman,0.0,4,4,False
baseline_plus_unconditional_mean_logp,peptide_disjoint,mse,all,HLA-A*24:02,pearson_log,0.294300069663828,4,4,False
baseline_plus_unconditional_mean_logp,peptide_disjoint,mse,all,HLA-A*24:02,auc_gt_2h,0.75,4,4,False
baseline_plus_unconditional_mean_logp,peptide_disjoint,mse,all,HLA-A*24:03,spearman,,2,2,False
baseline_plus_unconditional_mean_logp,peptide_disjoint,mse,all,HLA-A*24:03,pearson_log,,2,2,False
baseline_plus_unconditional_mean_logp,peptide_disjoint,mse,all,HLA-A*24:03,auc_gt_2h,,2,2,False
baseline_plus_unconditional_mean_logp,peptide_disjoint,mse,all,HLA-A*24:07,spearman,,2,2,False
baseline_plus_unconditional_mean_logp,peptide_disjoint,mse,all,HLA-A*24:07,pearson_log,,2,2,False
baseline_plus_unconditional_mean_logp,peptide_disjoint,mse,all,HLA-A*24:07,auc_gt_2h,0.0,2,2,False
baseline_plus_unconditional_mean_logp,peptide_disjoint,mse,all,HLA-A*24:19,spearman,1.0,3,3,False
baseline_plus_unconditional_mean_logp,peptide_disjoint,mse,all,HLA-A*24:19,pearson_log,0.8365160111003231,3,3,False
baseline_plus_unconditional_mean_logp,peptide_disjoint,mse,all,HLA-A*24:19,auc_gt_2h,,3,3,False
baseline_plus_unconditional_mean_logp,peptide_disjoint,mse,all,HLA-A*25:01,spearman,,1,1,True
baseline_plus_unconditional_mean_logp,peptide_disjoint,mse,all,HLA-A*25:01,pearson_log,,1,1,True
baseline_plus_unconditional_mean_logp,peptide_disjoint,mse,all,HLA-A*25:01,auc_gt_2h,,1,1,True
baseline_plus_unconditional_mean_logp,peptide_disjoint,mse,all,HLA-A*26:01,spearman,-0.5,3,3,False
baseline_plus_unconditional_mean_logp,peptide_disjoint,mse,all,HLA-A*26:01,pearson_log,-0.8119844485489323,3,3,False
baseline_plus_unconditional_mean_logp,peptide_disjoint,mse,all,HLA-A*26:01,auc_gt_2h,,3,3,False
baseline_plus_unconditional_mean_logp,peptide_disjoint,mse,all,HLA-A*26:02,spearman,,2,2,False
baseline_plus_unconditional_mean_logp,peptide_disjoint,mse,all,HLA-A*26:02,pearson_log,,2,2,False
baseline_plus_unconditional_mean_logp,peptide_disjoint,mse,all,HLA-A*26:02,auc_gt_2h,,2,2,False
baseline_plus_unconditional_mean_logp,peptide_disjoint,mse,all,HLA-A*26:03,spearman,,1,1,True
baseline_plus_unconditional_mean_logp,peptide_disjoint,mse,all,HLA-A*26:03,pearson_log,,1,1,True
baseline_plus_unconditional_mean_logp,peptide_disjoint,mse,all,HLA-A*26:03,auc_gt_2h,,1,1,True
baseline_plus_unconditional_mean_logp,peptide_disjoint,mse,all,HLA-A*29:02,spearman,0.6,5,5,False
baseline_plus_unconditional_mean_logp,peptide_disjoint,mse,all,HLA-A*29:02,pearson_log,0.5430214854817298,5,5,False
baseline_plus_unconditional_mean_logp,peptide_disjoint,mse,all,HLA-A*29:02,auc_gt_2h,0.75,5,5,False
baseline_plus_unconditional_mean_logp,peptide_disjoint,mse,all,HLA-A*30:01,spearman,,2,2,False
baseline_plus_unconditional_mean_logp,peptide_disjoint,mse,all,HLA-A*30:01,pearson_log,,2,2,False
baseline_plus_unconditional_mean_logp,peptide_disjoint,mse,all,HLA-A*30:01,auc_gt_2h,,2,2,False
baseline_plus_unconditional_mean_logp,peptide_disjoint,mse,all,HLA-A*30:02,spearman,,2,2,False
baseline_plus_unconditional_mean_logp,peptide_disjoint,mse,all,HLA-A*30:02,pearson_log,,2,2,False
baseline_plus_unconditional_mean_logp,peptide_disjoint,mse,all,HLA-A*30:02,auc_gt_2h,0.0,2,2,False
baseline_plus_unconditional_mean_logp,peptide_disjoint,mse,all,HLA-A*31:01,spearman,0.8660254037844387,3,3,False
baseline_plus_unconditional_mean_logp,peptide_disjoint,mse,all,HLA-A*31:01,pearson_log,0.9992667113810121,3,3,False
baseline_plus_unconditional_mean_logp,peptide_disjoint,mse,all,HLA-A*31:01,auc_gt_2h,,3,3,False
baseline_plus_unconditional_mean_logp,peptide_disjoint,mse,all,HLA-A*32:01,spearman,-1.0,3,3,False
baseline_plus_unconditional_mean_logp,peptide_disjoint,mse,all,HLA-A*32:01,pearson_log,-0.8720812939909719,3,3,False
baseline_plus_unconditional_mean_logp,peptide_disjoint,mse,all,HLA-A*32:01,auc_gt_2h,0.0,3,3,False
baseline_plus_unconditional_mean_logp,peptide_disjoint,mse,all,HLA-A*32:07,spearman,0.5,3,3,False
baseline_plus_unconditional_mean_logp,peptide_disjoint,mse,all,HLA-A*32:07,pearson_log,0.33617170006435365,3,3,False
baseline_plus_unconditional_mean_logp,peptide_disjoint,mse,all,HLA-A*32:07,auc_gt_2h,1.0,3,3,False
baseline_plus_unconditional_mean_logp,peptide_disjoint,mse,all,HLA-A*33:03,spearman,,2,2,False
baseline_plus_unconditional_mean_logp,peptide_disjoint,mse,all,HLA-A*33:03,pearson_log,,2,2,False
baseline_plus_unconditional_mean_logp,peptide_disjoint,mse,all,HLA-A*33:03,auc_gt_2h,1.0,2,2,False
baseline_plus_unconditional_mean_logp,peptide_disjoint,mse,all,HLA-A*43:01,spearman,0.23190841426097936,6,6,False
baseline_plus_unconditional_mean_logp,peptide_disjoint,mse,all,HLA-A*43:01,pearson_log,0.2260214450015688,6,6,False
baseline_plus_unconditional_mean_logp,peptide_disjoint,mse,all,HLA-A*43:01,auc_gt_2h,0.6,6,6,False
baseline_plus_unconditional_mean_logp,peptide_disjoint,mse,all,HLA-A*66:01,spearman,,1,1,True
baseline_plus_unconditional_mean_logp,peptide_disjoint,mse,all,HLA-A*66:01,pearson_log,,1,1,True
baseline_plus_unconditional_mean_logp,peptide_disjoint,mse,all,HLA-A*66:01,auc_gt_2h,,1,1,True
baseline_plus_unconditional_mean_logp,peptide_disjoint,mse,all,HLA-A*68:01,spearman,-0.5642880936468347,5,5,False
baseline_plus_unconditional_mean_logp,peptide_disjoint,mse,all,HLA-A*68:01,pearson_log,-0.553380004555966,5,5,False
baseline_plus_unconditional_mean_logp,peptide_disjoint,mse,all,HLA-A*68:01,auc_gt_2h,0.0,5,5,False
baseline_plus_unconditional_mean_logp,peptide_disjoint,mse,all,HLA-A*68:02,spearman,0.8999999999999998,5,5,False
baseline_plus_unconditional_mean_logp,peptide_disjoint,mse,all,HLA-A*68:02,pearson_log,0.789378762343107,5,5,False
baseline_plus_unconditional_mean_logp,peptide_disjoint,mse,all,HLA-A*68:02,auc_gt_2h,,5,5,False
baseline_plus_unconditional_mean_logp,peptide_disjoint,mse,all,HLA-A*68:23,spearman,-0.9486832980505139,4,4,False
baseline_plus_unconditional_mean_logp,peptide_disjoint,mse,all,HLA-A*68:23,pearson_log,-0.9837838344623385,4,4,False
baseline_plus_unconditional_mean_logp,peptide_disjoint,mse,all,HLA-A*68:23,auc_gt_2h,,4,4,False
baseline_plus_unconditional_mean_logp,peptide_disjoint,mse,all,HLA-A*69:01,spearman,0.6668859288553503,5,5,False
baseline_plus_unconditional_mean_logp,peptide_disjoint,mse,all,HLA-A*69:01,pearson_log,0.46010626238679964,5,5,False
baseline_plus_unconditional_mean_logp,peptide_disjoint,mse,all,HLA-A*69:01,auc_gt_2h,,5,5,False
baseline_plus_unconditional_mean_logp,peptide_disjoint,mse,all,HLA-A*74:01,spearman,,1,1,True
baseline_plus_unconditional_mean_logp,peptide_disjoint,mse,all,HLA-A*74:01,pearson_log,,1,1,True
baseline_plus_unconditional_mean_logp,peptide_disjoint,mse,all,HLA-A*74:01,auc_gt_2h,,1,1,True
baseline_plus_unconditional_mean_logp,peptide_disjoint,mse,all,HLA-A*80:01,spearman,,2,2,False
baseline_plus_unconditional_mean_logp,peptide_disjoint,mse,all,HLA-A*80:01,pearson_log,,2,2,False
baseline_plus_unconditional_mean_logp,peptide_disjoint,mse,all,HLA-A*80:01,auc_gt_2h,,2,2,False
baseline_plus_unconditional_mean_logp,peptide_disjoint,mse,all,HLA-B*07:02,spearman,0.31622776601683794,5,5,False
baseline_plus_unconditional_mean_logp,peptide_disjoint,mse,all,HLA-B*07:02,pearson_log,0.3483203710617287,5,5,False
baseline_plus_unconditional_mean_logp,peptide_disjoint,mse,all,HLA-B*07:02,auc_gt_2h,0.8333333333333333,5,5,False
baseline_plus_unconditional_mean_logp,peptide_disjoint,mse,all,HLA-B*08:01,spearman,,2,2,False
baseline_plus_unconditional_mean_logp,peptide_disjoint,mse,all,HLA-B*08:01,pearson_log,,2,2,False
baseline_plus_unconditional_mean_logp,peptide_disjoint,mse,all,HLA-B*08:01,auc_gt_2h,,2,2,False
baseline_plus_unconditional_mean_logp,peptide_disjoint,mse,all,HLA-B*08:03,spearman,,2,2,False
baseline_plus_unconditional_mean_logp,peptide_disjoint,mse,all,HLA-B*08:03,pearson_log,,2,2,False
baseline_plus_unconditional_mean_logp,peptide_disjoint,mse,all,HLA-B*08:03,auc_gt_2h,0.0,2,2,False
baseline_plus_unconditional_mean_logp,peptide_disjoint,mse,all,HLA-B*13:02,spearman,,2,2,False
baseline_plus_unconditional_mean_logp,peptide_disjoint,mse,all,HLA-B*13:02,pearson_log,,2,2,False
baseline_plus_unconditional_mean_logp,peptide_disjoint,mse,all,HLA-B*13:02,auc_gt_2h,1.0,2,2,False
baseline_plus_unconditional_mean_logp,peptide_disjoint,mse,all,HLA-B*14:01(C67S),spearman,,1,1,True
baseline_plus_unconditional_mean_logp,peptide_disjoint,mse,all,HLA-B*14:01(C67S),pearson_log,,1,1,True
baseline_plus_unconditional_mean_logp,peptide_disjoint,mse,all,HLA-B*14:01(C67S),auc_gt_2h,,1,1,True
baseline_plus_unconditional_mean_logp,peptide_disjoint,mse,all,HLA-B*14:02(C67S),spearman,,1,1,True
baseline_plus_unconditional_mean_logp,peptide_disjoint,mse,all,HLA-B*14:02(C67S),pearson_log,,1,1,True
baseline_plus_unconditional_mean_logp,peptide_disjoint,mse,all,HLA-B*14:02(C67S),auc_gt_2h,,1,1,True
baseline_plus_unconditional_mean_logp,peptide_disjoint,mse,all,HLA-B*15:01,spearman,-0.39999999999999997,4,4,False
baseline_plus_unconditional_mean_logp,peptide_disjoint,mse,all,HLA-B*15:01,pearson_log,-0.9118319303118592,4,4,False
baseline_plus_unconditional_mean_logp,peptide_disjoint,mse,all,HLA-B*15:01,auc_gt_2h,0.0,4,4,False
baseline_plus_unconditional_mean_logp,peptide_disjoint,mse,all,HLA-B*15:10,spearman,,2,2,False
baseline_plus_unconditional_mean_logp,peptide_disjoint,mse,all,HLA-B*15:10,pearson_log,,2,2,False
baseline_plus_unconditional_mean_logp,peptide_disjoint,mse,all,HLA-B*15:10,auc_gt_2h,0.0,2,2,False
baseline_plus_unconditional_mean_logp,peptide_disjoint,mse,all,HLA-B*18:01,spearman,,2,2,False
baseline_plus_unconditional_mean_logp,peptide_disjoint,mse,all,HLA-B*18:01,pearson_log,,2,2,False
baseline_plus_unconditional_mean_logp,peptide_disjoint,mse,all,HLA-B*18:01,auc_gt_2h,,2,2,False
baseline_plus_unconditional_mean_logp,peptide_disjoint,mse,all,HLA-B*27:02,spearman,0.5,3,3,False
baseline_plus_unconditional_mean_logp,peptide_disjoint,mse,all,HLA-B*27:02,pearson_log,0.8868763612854386,3,3,False
baseline_plus_unconditional_mean_logp,peptide_disjoint,mse,all,HLA-B*27:02,auc_gt_2h,1.0,3,3,False
baseline_plus_unconditional_mean_logp,peptide_disjoint,mse,all,HLA-B*27:03,spearman,0.5,3,3,False
baseline_plus_unconditional_mean_logp,peptide_disjoint,mse,all,HLA-B*27:03,pearson_log,0.9973767176421973,3,3,False
baseline_plus_unconditional_mean_logp,peptide_disjoint,mse,all,HLA-B*27:03,auc_gt_2h,1.0,3,3,False
baseline_plus_unconditional_mean_logp,peptide_disjoint,mse,all,HLA-B*27:05,spearman,,2,2,False
baseline_plus_unconditional_mean_logp,peptide_disjoint,mse,all,HLA-B*27:05,pearson_log,,2,2,False
baseline_plus_unconditional_mean_logp,peptide_disjoint,mse,all,HLA-B*27:05,auc_gt_2h,,2,2,False
baseline_plus_unconditional_mean_logp,peptide_disjoint,mse,all,HLA-B*27:20,spearman,-1.0,3,3,False
baseline_plus_unconditional_mean_logp,peptide_disjoint,mse,all,HLA-B*27:20,pearson_log,-0.9983720341480441,3,3,False
baseline_plus_unconditional_mean_logp,peptide_disjoint,mse,all,HLA-B*27:20,auc_gt_2h,0.0,3,3,False
baseline_plus_unconditional_mean_logp,peptide_disjoint,mse,all,HLA-B*35:01,spearman,,2,2,False
baseline_plus_unconditional_mean_logp,peptide_disjoint,mse,all,HLA-B*35:01,pearson_log,,2,2,False
baseline_plus_unconditional_mean_logp,peptide_disjoint,mse,all,HLA-B*35:01,auc_gt_2h,0.0,2,2,False
baseline_plus_unconditional_mean_logp,peptide_disjoint,mse,all,HLA-B*35:03,spearman,,2,2,False
baseline_plus_unconditional_mean_logp,peptide_disjoint,mse,all,HLA-B*35:03,pearson_log,,2,2,False
baseline_plus_unconditional_mean_logp,peptide_disjoint,mse,all,HLA-B*35:03,auc_gt_2h,1.0,2,2,False
baseline_plus_unconditional_mean_logp,peptide_disjoint,mse,all,HLA-B*35:08,spearman,0.8660254037844387,3,3,False
baseline_plus_unconditional_mean_logp,peptide_disjoint,mse,all,HLA-B*35:08,pearson_log,0.8354076236289736,3,3,False
baseline_plus_unconditional_mean_logp,peptide_disjoint,mse,all,HLA-B*35:08,auc_gt_2h,1.0,3,3,False
baseline_plus_unconditional_mean_logp,peptide_disjoint,mse,all,HLA-B*39:01,spearman,0.6668859288553503,5,5,False
baseline_plus_unconditional_mean_logp,peptide_disjoint,mse,all,HLA-B*39:01,pearson_log,0.4140061674727835,5,5,False
baseline_plus_unconditional_mean_logp,peptide_disjoint,mse,all,HLA-B*39:01,auc_gt_2h,1.0,5,5,False
baseline_plus_unconditional_mean_logp,peptide_disjoint,mse,all,HLA-B*39:02,spearman,,1,1,True
baseline_plus_unconditional_mean_logp,peptide_disjoint,mse,all,HLA-B*39:02,pearson_log,,1,1,True
baseline_plus_unconditional_mean_logp,peptide_disjoint,mse,all,HLA-B*39:02,auc_gt_2h,,1,1,True
baseline_plus_unconditional_mean_logp,peptide_disjoint,mse,all,HLA-B*39:06(C67S),spearman,0.8660254037844387,3,3,False
baseline_plus_unconditional_mean_logp,peptide_disjoint,mse,all,HLA-B*39:06(C67S),pearson_log,0.8995612799237805,3,3,False
baseline_plus_unconditional_mean_logp,peptide_disjoint,mse,all,HLA-B*39:06(C67S),auc_gt_2h,1.0,3,3,False
baseline_plus_unconditional_mean_logp,peptide_disjoint,mse,all,HLA-B*39:10,spearman,,1,1,True
baseline_plus_unconditional_mean_logp,peptide_disjoint,mse,all,HLA-B*39:10,pearson_log,,1,1,True
baseline_plus_unconditional_mean_logp,peptide_disjoint,mse,all,HLA-B*39:10,auc_gt_2h,,1,1,True
baseline_plus_unconditional_mean_logp,peptide_disjoint,mse,all,HLA-B*40:01,spearman,,2,2,False
baseline_plus_unconditional_mean_logp,peptide_disjoint,mse,all,HLA-B*40:01,pearson_log,,2,2,False
baseline_plus_unconditional_mean_logp,peptide_disjoint,mse,all,HLA-B*40:01,auc_gt_2h,,2,2,False
baseline_plus_unconditional_mean_logp,peptide_disjoint,mse,all,HLA-B*40:02,spearman,,2,2,False
baseline_plus_unconditional_mean_logp,peptide_disjoint,mse,all,HLA-B*40:02,pearson_log,,2,2,False
baseline_plus_unconditional_mean_logp,peptide_disjoint,mse,all,HLA-B*40:02,auc_gt_2h,0.0,2,2,False
baseline_plus_unconditional_mean_logp,peptide_disjoint,mse,all,HLA-B*41:01,spearman,0.8660254037844387,3,3,False
baseline_plus_unconditional_mean_logp,peptide_disjoint,mse,all,HLA-B*41:01,pearson_log,0.9420734491314593,3,3,False
baseline_plus_unconditional_mean_logp,peptide_disjoint,mse,all,HLA-B*41:01,auc_gt_2h,,3,3,False
baseline_plus_unconditional_mean_logp,peptide_disjoint,mse,all,HLA-B*42:01,spearman,,1,1,True
baseline_plus_unconditional_mean_logp,peptide_disjoint,mse,all,HLA-B*42:01,pearson_log,,1,1,True
baseline_plus_unconditional_mean_logp,peptide_disjoint,mse,all,HLA-B*42:01,auc_gt_2h,,1,1,True
baseline_plus_unconditional_mean_logp,peptide_disjoint,mse,all,HLA-B*42:02,spearman,0.5,3,3,False
baseline_plus_unconditional_mean_logp,peptide_disjoint,mse,all,HLA-B*42:02,pearson_log,-0.006164665148983534,3,3,False
baseline_plus_unconditional_mean_logp,peptide_disjoint,mse,all,HLA-B*42:02,auc_gt_2h,1.0,3,3,False
baseline_plus_unconditional_mean_logp,peptide_disjoint,mse,all,HLA-B*44:05,spearman,,1,1,True
baseline_plus_unconditional_mean_logp,peptide_disjoint,mse,all,HLA-B*44:05,pearson_log,,1,1,True
baseline_plus_unconditional_mean_logp,peptide_disjoint,mse,all,HLA-B*44:05,auc_gt_2h,,1,1,True
baseline_plus_unconditional_mean_logp,peptide_disjoint,mse,all,HLA-B*45:01,spearman,,2,2,False
baseline_plus_unconditional_mean_logp,peptide_disjoint,mse,all,HLA-B*45:01,pearson_log,,2,2,False
baseline_plus_unconditional_mean_logp,peptide_disjoint,mse,all,HLA-B*45:01,auc_gt_2h,,2,2,False
baseline_plus_unconditional_mean_logp,peptide_disjoint,mse,all,HLA-B*51:01,spearman,,1,1,True
baseline_plus_unconditional_mean_logp,peptide_disjoint,mse,all,HLA-B*51:01,pearson_log,,1,1,True
baseline_plus_unconditional_mean_logp,peptide_disjoint,mse,all,HLA-B*51:01,auc_gt_2h,,1,1,True
baseline_plus_unconditional_mean_logp,peptide_disjoint,mse,all,HLA-B*54:01,spearman,0.6377481392176932,6,6,False
baseline_plus_unconditional_mean_logp,peptide_disjoint,mse,all,HLA-B*54:01,pearson_log,0.6082973096257632,6,6,False
baseline_plus_unconditional_mean_logp,peptide_disjoint,mse,all,HLA-B*54:01,auc_gt_2h,1.0,6,6,False
baseline_plus_unconditional_mean_logp,peptide_disjoint,mse,all,HLA-B*55:01,spearman,,1,1,True
baseline_plus_unconditional_mean_logp,peptide_disjoint,mse,all,HLA-B*55:01,pearson_log,,1,1,True
baseline_plus_unconditional_mean_logp,peptide_disjoint,mse,all,HLA-B*55:01,auc_gt_2h,,1,1,True
baseline_plus_unconditional_mean_logp,peptide_disjoint,mse,all,HLA-B*56:01,spearman,0.8660254037844387,3,3,False
baseline_plus_unconditional_mean_logp,peptide_disjoint,mse,all,HLA-B*56:01,pearson_log,0.948679375381114,3,3,False
baseline_plus_unconditional_mean_logp,peptide_disjoint,mse,all,HLA-B*56:01,auc_gt_2h,,3,3,False
baseline_plus_unconditional_mean_logp,peptide_disjoint,mse,all,HLA-B*57:01,spearman,,1,1,True
baseline_plus_unconditional_mean_logp,peptide_disjoint,mse,all,HLA-B*57:01,pearson_log,,1,1,True
baseline_plus_unconditional_mean_logp,peptide_disjoint,mse,all,HLA-B*57:01,auc_gt_2h,,1,1,True
baseline_plus_unconditional_mean_logp,peptide_disjoint,mse,all,HLA-B*57:02,spearman,-0.5,3,3,False
baseline_plus_unconditional_mean_logp,peptide_disjoint,mse,all,HLA-B*57:02,pearson_log,-0.3451036180039536,3,3,False
baseline_plus_unconditional_mean_logp,peptide_disjoint,mse,all,HLA-B*57:02,auc_gt_2h,,3,3,False
baseline_plus_unconditional_mean_logp,peptide_disjoint,mse,all,HLA-B*57:03,spearman,,2,2,False
baseline_plus_unconditional_mean_logp,peptide_disjoint,mse,all,HLA-B*57:03,pearson_log,,2,2,False
baseline_plus_unconditional_mean_logp,peptide_disjoint,mse,all,HLA-B*57:03,auc_gt_2h,1.0,2,2,False
baseline_plus_unconditional_mean_logp,peptide_disjoint,mse,all,HLA-B*58:01,spearman,0.8999999999999998,5,5,False
baseline_plus_unconditional_mean_logp,peptide_disjoint,mse,all,HLA-B*58:01,pearson_log,0.9870749024617457,5,5,False
baseline_plus_unconditional_mean_logp,peptide_disjoint,mse,all,HLA-B*58:01,auc_gt_2h,1.0,5,5,False
baseline_plus_unconditional_mean_logp,peptide_disjoint,mse,all,HLA-B*81:01,spearman,0.3714285714285715,6,6,False
baseline_plus_unconditional_mean_logp,peptide_disjoint,mse,all,HLA-B*81:01,pearson_log,0.9124955713486217,6,6,False
baseline_plus_unconditional_mean_logp,peptide_disjoint,mse,all,HLA-B*81:01,auc_gt_2h,,6,6,False
baseline_plus_unconditional_mean_logp,peptide_disjoint,mse,nonzero,HLA-A*01:01,spearman,,2,2,False
baseline_plus_unconditional_mean_logp,peptide_disjoint,mse,nonzero,HLA-A*01:01,pearson_log,,2,2,False
baseline_plus_unconditional_mean_logp,peptide_disjoint,mse,nonzero,HLA-A*01:01,auc_gt_2h,1.0,2,2,False
baseline_plus_unconditional_mean_logp,peptide_disjoint,mse,nonzero,HLA-A*02:01,spearman,-0.5,3,3,False
baseline_plus_unconditional_mean_logp,peptide_disjoint,mse,nonzero,HLA-A*02:01,pearson_log,-0.3380637075026356,3,3,False
baseline_plus_unconditional_mean_logp,peptide_disjoint,mse,nonzero,HLA-A*02:01,auc_gt_2h,,3,3,False
baseline_plus_unconditional_mean_logp,peptide_disjoint,mse,nonzero,HLA-A*02:03,spearman,,1,1,True
baseline_plus_unconditional_mean_logp,peptide_disjoint,mse,nonzero,HLA-A*02:03,pearson_log,,1,1,True
baseline_plus_unconditional_mean_logp,peptide_disjoint,mse,nonzero,HLA-A*02:03,auc_gt_2h,,1,1,True
baseline_plus_unconditional_mean_logp,peptide_disjoint,mse,nonzero,HLA-A*02:05,spearman,0.3,5,5,False
baseline_plus_unconditional_mean_logp,peptide_disjoint,mse,nonzero,HLA-A*02:05,pearson_log,-0.06913219861920483,5,5,False
baseline_plus_unconditional_mean_logp,peptide_disjoint,mse,nonzero,HLA-A*02:05,auc_gt_2h,0.5,5,5,False
baseline_plus_unconditional_mean_logp,peptide_disjoint,mse,nonzero,HLA-A*02:10,spearman,,2,2,False
baseline_plus_unconditional_mean_logp,peptide_disjoint,mse,nonzero,HLA-A*02:10,pearson_log,,2,2,False
baseline_plus_unconditional_mean_logp,peptide_disjoint,mse,nonzero,HLA-A*02:10,auc_gt_2h,1.0,2,2,False
baseline_plus_unconditional_mean_logp,peptide_disjoint,mse,nonzero,HLA-A*02:11,spearman,,2,2,False
baseline_plus_unconditional_mean_logp,peptide_disjoint,mse,nonzero,HLA-A*02:11,pearson_log,,2,2,False
baseline_plus_unconditional_mean_logp,peptide_disjoint,mse,nonzero,HLA-A*02:11,auc_gt_2h,,2,2,False
baseline_plus_unconditional_mean_logp,peptide_disjoint,mse,nonzero,HLA-A*02:12,spearman,1.0,4,4,False
baseline_plus_unconditional_mean_logp,peptide_disjoint,mse,nonzero,HLA-A*02:12,pearson_log,0.8855635287645409,4,4,False
baseline_plus_unconditional_mean_logp,peptide_disjoint,mse,nonzero,HLA-A*02:12,auc_gt_2h,1.0,4,4,False
baseline_plus_unconditional_mean_logp,peptide_disjoint,mse,nonzero,HLA-A*02:19,spearman,0.49999999999999994,5,5,False
baseline_plus_unconditional_mean_logp,peptide_disjoint,mse,nonzero,HLA-A*02:19,pearson_log,0.2536581294423693,5,5,False
baseline_plus_unconditional_mean_logp,peptide_disjoint,mse,nonzero,HLA-A*02:19,auc_gt_2h,0.75,5,5,False
baseline_plus_unconditional_mean_logp,peptide_disjoint,mse,nonzero,HLA-A*02:50,spearman,0.7999999999999999,4,4,False
baseline_plus_unconditional_mean_logp,peptide_disjoint,mse,nonzero,HLA-A*02:50,pearson_log,0.6615638388715711,4,4,False
baseline_plus_unconditional_mean_logp,peptide_disjoint,mse,nonzero,HLA-A*02:50,auc_gt_2h,,4,4,False
baseline_plus_unconditional_mean_logp,peptide_disjoint,mse,nonzero,HLA-A*03:01,spearman,0.6,5,5,False
baseline_plus_unconditional_mean_logp,peptide_disjoint,mse,nonzero,HLA-A*03:01,pearson_log,0.6389981726268712,5,5,False
baseline_plus_unconditional_mean_logp,peptide_disjoint,mse,nonzero,HLA-A*03:01,auc_gt_2h,1.0,5,5,False
baseline_plus_unconditional_mean_logp,peptide_disjoint,mse,nonzero,HLA-A*11:01,spearman,,1,1,True
baseline_plus_unconditional_mean_logp,peptide_disjoint,mse,nonzero,HLA-A*11:01,pearson_log,,1,1,True
baseline_plus_unconditional_mean_logp,peptide_disjoint,mse,nonzero,HLA-A*11:01,auc_gt_2h,,1,1,True
baseline_plus_unconditional_mean_logp,peptide_disjoint,mse,nonzero,HLA-A*23:01,spearman,,2,2,False
baseline_plus_unconditional_mean_logp,peptide_disjoint,mse,nonzero,HLA-A*23:01,pearson_log,,2,2,False
baseline_plus_unconditional_mean_logp,peptide_disjoint,mse,nonzero,HLA-A*23:01,auc_gt_2h,0.0,2,2,False
baseline_plus_unconditional_mean_logp,peptide_disjoint,mse,nonzero,HLA-A*24:02,spearman,0.0,4,4,False
baseline_plus_unconditional_mean_logp,peptide_disjoint,mse,nonzero,HLA-A*24:02,pearson_log,0.294300069663828,4,4,False
baseline_plus_unconditional_mean_logp,peptide_disjoint,mse,nonzero,HLA-A*24:02,auc_gt_2h,0.75,4,4,False
baseline_plus_unconditional_mean_logp,peptide_disjoint,mse,nonzero,HLA-A*24:03,spearman,,2,2,False
baseline_plus_unconditional_mean_logp,peptide_disjoint,mse,nonzero,HLA-A*24:03,pearson_log,,2,2,False
baseline_plus_unconditional_mean_logp,peptide_disjoint,mse,nonzero,HLA-A*24:03,auc_gt_2h,,2,2,False
baseline_plus_unconditional_mean_logp,peptide_disjoint,mse,nonzero,HLA-A*24:07,spearman,,2,2,False
baseline_plus_unconditional_mean_logp,peptide_disjoint,mse,nonzero,HLA-A*24:07,pearson_log,,2,2,False
baseline_plus_unconditional_mean_logp,peptide_disjoint,mse,nonzero,HLA-A*24:07,auc_gt_2h,0.0,2,2,False
baseline_plus_unconditional_mean_logp,peptide_disjoint,mse,nonzero,HLA-A*24:19,spearman,,2,2,False
baseline_plus_unconditional_mean_logp,peptide_disjoint,mse,nonzero,HLA-A*24:19,pearson_log,,2,2,False
baseline_plus_unconditional_mean_logp,peptide_disjoint,mse,nonzero,HLA-A*24:19,auc_gt_2h,,2,2,False
baseline_plus_unconditional_mean_logp,peptide_disjoint,mse,nonzero,HLA-A*26:01,spearman,-0.5,3,3,False
baseline_plus_unconditional_mean_logp,peptide_disjoint,mse,nonzero,HLA-A*26:01,pearson_log,-0.8119844485489323,3,3,False
baseline_plus_unconditional_mean_logp,peptide_disjoint,mse,nonzero,HLA-A*26:01,auc_gt_2h,,3,3,False
baseline_plus_unconditional_mean_logp,peptide_disjoint,mse,nonzero,HLA-A*26:02,spearman,,2,2,False
baseline_plus_unconditional_mean_logp,peptide_disjoint,mse,nonzero,HLA-A*26:02,pearson_log,,2,2,False
baseline_plus_unconditional_mean_logp,peptide_disjoint,mse,nonzero,HLA-A*26:02,auc_gt_2h,,2,2,False
baseline_plus_unconditional_mean_logp,peptide_disjoint,mse,nonzero,HLA-A*29:02,spearman,0.6,5,5,False
baseline_plus_unconditional_mean_logp,peptide_disjoint,mse,nonzero,HLA-A*29:02,pearson_log,0.5430214854817298,5,5,False
baseline_plus_unconditional_mean_logp,peptide_disjoint,mse,nonzero,HLA-A*29:02,auc_gt_2h,0.75,5,5,False
baseline_plus_unconditional_mean_logp,peptide_disjoint,mse,nonzero,HLA-A*30:01,spearman,,2,2,False
baseline_plus_unconditional_mean_logp,peptide_disjoint,mse,nonzero,HLA-A*30:01,pearson_log,,2,2,False
baseline_plus_unconditional_mean_logp,peptide_disjoint,mse,nonzero,HLA-A*30:01,auc_gt_2h,,2,2,False
baseline_plus_unconditional_mean_logp,peptide_disjoint,mse,nonzero,HLA-A*30:02,spearman,,1,1,True
baseline_plus_unconditional_mean_logp,peptide_disjoint,mse,nonzero,HLA-A*30:02,pearson_log,,1,1,True
baseline_plus_unconditional_mean_logp,peptide_disjoint,mse,nonzero,HLA-A*30:02,auc_gt_2h,,1,1,True
baseline_plus_unconditional_mean_logp,peptide_disjoint,mse,nonzero,HLA-A*31:01,spearman,0.8660254037844387,3,3,False
baseline_plus_unconditional_mean_logp,peptide_disjoint,mse,nonzero,HLA-A*31:01,pearson_log,0.9992667113810121,3,3,False
baseline_plus_unconditional_mean_logp,peptide_disjoint,mse,nonzero,HLA-A*31:01,auc_gt_2h,,3,3,False
baseline_plus_unconditional_mean_logp,peptide_disjoint,mse,nonzero,HLA-A*32:01,spearman,-1.0,3,3,False
baseline_plus_unconditional_mean_logp,peptide_disjoint,mse,nonzero,HLA-A*32:01,pearson_log,-0.8720812939909719,3,3,False
baseline_plus_unconditional_mean_logp,peptide_disjoint,mse,nonzero,HLA-A*32:01,auc_gt_2h,0.0,3,3,False
baseline_plus_unconditional_mean_logp,peptide_disjoint,mse,nonzero,HLA-A*32:07,spearman,,2,2,False
baseline_plus_unconditional_mean_logp,peptide_disjoint,mse,nonzero,HLA-A*32:07,pearson_log,,2,2,False
baseline_plus_unconditional_mean_logp,peptide_disjoint,mse,nonzero,HLA-A*32:07,auc_gt_2h,1.0,2,2,False
baseline_plus_unconditional_mean_logp,peptide_disjoint,mse,nonzero,HLA-A*33:03,spearman,,1,1,True
baseline_plus_unconditional_mean_logp,peptide_disjoint,mse,nonzero,HLA-A*33:03,pearson_log,,1,1,True
baseline_plus_unconditional_mean_logp,peptide_disjoint,mse,nonzero,HLA-A*33:03,auc_gt_2h,,1,1,True
baseline_plus_unconditional_mean_logp,peptide_disjoint,mse,nonzero,HLA-A*43:01,spearman,0.6000000000000001,4,4,False
baseline_plus_unconditional_mean_logp,peptide_disjoint,mse,nonzero,HLA-A*43:01,pearson_log,0.5153838530078115,4,4,False
baseline_plus_unconditional_mean_logp,peptide_disjoint,mse,nonzero,HLA-A*43:01,auc_gt_2h,0.6666666666666667,4,4,False
baseline_plus_unconditional_mean_logp,peptide_disjoint,mse,nonzero,HLA-A*66:01,spearman,,1,1,True
baseline_plus_unconditional_mean_logp,peptide_disjoint,mse,nonzero,HLA-A*66:01,pearson_log,,1,1,True
baseline_plus_unconditional_mean_logp,peptide_disjoint,mse,nonzero,HLA-A*66:01,auc_gt_2h,,1,1,True
baseline_plus_unconditional_mean_logp,peptide_disjoint,mse,nonzero,HLA-A*68:01,spearman,-0.5,3,3,False
baseline_plus_unconditional_mean_logp,peptide_disjoint,mse,nonzero,HLA-A*68:01,pearson_log,-0.7885273432618296,3,3,False
baseline_plus_unconditional_mean_logp,peptide_disjoint,mse,nonzero,HLA-A*68:01,auc_gt_2h,0.0,3,3,False
baseline_plus_unconditional_mean_logp,peptide_disjoint,mse,nonzero,HLA-A*68:02,spearman,0.8999999999999998,5,5,False
baseline_plus_unconditional_mean_logp,peptide_disjoint,mse,nonzero,HLA-A*68:02,pearson_log,0.789378762343107,5,5,False
baseline_plus_unconditional_mean_logp,peptide_disjoint,mse,nonzero,HLA-A*68:02,auc_gt_2h,,5,5,False
baseline_plus_unconditional_mean_logp,peptide_disjoint,mse,nonzero,HLA-A*68:23,spearman,-0.9486832980505139,4,4,False
baseline_plus_unconditional_mean_logp,peptide_disjoint,mse,nonzero,HLA-A*68:23,pearson_log,-0.9837838344623385,4,4,False
baseline_plus_unconditional_mean_logp,peptide_disjoint,mse,nonzero,HLA-A*68:23,auc_gt_2h,,4,4,False
baseline_plus_unconditional_mean_logp,peptide_disjoint,mse,nonzero,HLA-A*69:01,spearman,0.9486832980505139,4,4,False
baseline_plus_unconditional_mean_logp,peptide_disjoint,mse,nonzero,HLA-A*69:01,pearson_log,0.9285184100441857,4,4,False
baseline_plus_unconditional_mean_logp,peptide_disjoint,mse,nonzero,HLA-A*69:01,auc_gt_2h,,4,4,False
baseline_plus_unconditional_mean_logp,peptide_disjoint,mse,nonzero,HLA-A*80:01,spearman,,2,2,False
baseline_plus_unconditional_mean_logp,peptide_disjoint,mse,nonzero,HLA-A*80:01,pearson_log,,2,2,False
baseline_plus_unconditional_mean_logp,peptide_disjoint,mse,nonzero,HLA-A*80:01,auc_gt_2h,,2,2,False
baseline_plus_unconditional_mean_logp,peptide_disjoint,mse,nonzero,HLA-B*07:02,spearman,0.31622776601683794,5,5,False
baseline_plus_unconditional_mean_logp,peptide_disjoint,mse,nonzero,HLA-B*07:02,pearson_log,0.3483203710617287,5,5,False
baseline_plus_unconditional_mean_logp,peptide_disjoint,mse,nonzero,HLA-B*07:02,auc_gt_2h,0.8333333333333333,5,5,False
baseline_plus_unconditional_mean_logp,peptide_disjoint,mse,nonzero,HLA-B*08:01,spearman,,2,2,False
baseline_plus_unconditional_mean_logp,peptide_disjoint,mse,nonzero,HLA-B*08:01,pearson_log,,2,2,False
baseline_plus_unconditional_mean_logp,peptide_disjoint,mse,nonzero,HLA-B*08:01,auc_gt_2h,,2,2,False
baseline_plus_unconditional_mean_logp,peptide_disjoint,mse,nonzero,HLA-B*08:03,spearman,,2,2,False
baseline_plus_unconditional_mean_logp,peptide_disjoint,mse,nonzero,HLA-B*08:03,pearson_log,,2,2,False
baseline_plus_unconditional_mean_logp,peptide_disjoint,mse,nonzero,HLA-B*08:03,auc_gt_2h,0.0,2,2,False
baseline_plus_unconditional_mean_logp,peptide_disjoint,mse,nonzero,HLA-B*13:02,spearman,,1,1,True
baseline_plus_unconditional_mean_logp,peptide_disjoint,mse,nonzero,HLA-B*13:02,pearson_log,,1,1,True
baseline_plus_unconditional_mean_logp,peptide_disjoint,mse,nonzero,HLA-B*13:02,auc_gt_2h,,1,1,True
baseline_plus_unconditional_mean_logp,peptide_disjoint,mse,nonzero,HLA-B*15:01,spearman,-0.39999999999999997,4,4,False
baseline_plus_unconditional_mean_logp,peptide_disjoint,mse,nonzero,HLA-B*15:01,pearson_log,-0.9118319303118592,4,4,False
baseline_plus_unconditional_mean_logp,peptide_disjoint,mse,nonzero,HLA-B*15:01,auc_gt_2h,0.0,4,4,False
baseline_plus_unconditional_mean_logp,peptide_disjoint,mse,nonzero,HLA-B*15:10,spearman,,2,2,False
baseline_plus_unconditional_mean_logp,peptide_disjoint,mse,nonzero,HLA-B*15:10,pearson_log,,2,2,False
baseline_plus_unconditional_mean_logp,peptide_disjoint,mse,nonzero,HLA-B*15:10,auc_gt_2h,0.0,2,2,False
baseline_plus_unconditional_mean_logp,peptide_disjoint,mse,nonzero,HLA-B*18:01,spearman,,2,2,False
baseline_plus_unconditional_mean_logp,peptide_disjoint,mse,nonzero,HLA-B*18:01,pearson_log,,2,2,False
baseline_plus_unconditional_mean_logp,peptide_disjoint,mse,nonzero,HLA-B*18:01,auc_gt_2h,,2,2,False
baseline_plus_unconditional_mean_logp,peptide_disjoint,mse,nonzero,HLA-B*27:02,spearman,0.5,3,3,False
baseline_plus_unconditional_mean_logp,peptide_disjoint,mse,nonzero,HLA-B*27:02,pearson_log,0.8868763612854386,3,3,False
baseline_plus_unconditional_mean_logp,peptide_disjoint,mse,nonzero,HLA-B*27:02,auc_gt_2h,1.0,3,3,False
baseline_plus_unconditional_mean_logp,peptide_disjoint,mse,nonzero,HLA-B*27:03,spearman,,2,2,False
baseline_plus_unconditional_mean_logp,peptide_disjoint,mse,nonzero,HLA-B*27:03,pearson_log,,2,2,False
baseline_plus_unconditional_mean_logp,peptide_disjoint,mse,nonzero,HLA-B*27:03,auc_gt_2h,,2,2,False
baseline_plus_unconditional_mean_logp,peptide_disjoint,mse,nonzero,HLA-B*27:05,spearman,,1,1,True
baseline_plus_unconditional_mean_logp,peptide_disjoint,mse,nonzero,HLA-B*27:05,pearson_log,,1,1,True
baseline_plus_unconditional_mean_logp,peptide_disjoint,mse,nonzero,HLA-B*27:05,auc_gt_2h,,1,1,True
baseline_plus_unconditional_mean_logp,peptide_disjoint,mse,nonzero,HLA-B*27:20,spearman,-1.0,3,3,False
baseline_plus_unconditional_mean_logp,peptide_disjoint,mse,nonzero,HLA-B*27:20,pearson_log,-0.9983720341480441,3,3,False
baseline_plus_unconditional_mean_logp,peptide_disjoint,mse,nonzero,HLA-B*27:20,auc_gt_2h,0.0,3,3,False
baseline_plus_unconditional_mean_logp,peptide_disjoint,mse,nonzero,HLA-B*35:01,spearman,,1,1,True
baseline_plus_unconditional_mean_logp,peptide_disjoint,mse,nonzero,HLA-B*35:01,pearson_log,,1,1,True
baseline_plus_unconditional_mean_logp,peptide_disjoint,mse,nonzero,HLA-B*35:01,auc_gt_2h,,1,1,True
baseline_plus_unconditional_mean_logp,peptide_disjoint,mse,nonzero,HLA-B*35:03,spearman,,2,2,False
baseline_plus_unconditional_mean_logp,peptide_disjoint,mse,nonzero,HLA-B*35:03,pearson_log,,2,2,False
baseline_plus_unconditional_mean_logp,peptide_disjoint,mse,nonzero,HLA-B*35:03,auc_gt_2h,1.0,2,2,False
baseline_plus_unconditional_mean_logp,peptide_disjoint,mse,nonzero,HLA-B*35:08,spearman,0.8660254037844387,3,3,False
baseline_plus_unconditional_mean_logp,peptide_disjoint,mse,nonzero,HLA-B*35:08,pearson_log,0.8354076236289736,3,3,False
baseline_plus_unconditional_mean_logp,peptide_disjoint,mse,nonzero,HLA-B*35:08,auc_gt_2h,1.0,3,3,False
baseline_plus_unconditional_mean_logp,peptide_disjoint,mse,nonzero,HLA-B*39:01,spearman,0.9486832980505139,4,4,False
baseline_plus_unconditional_mean_logp,peptide_disjoint,mse,nonzero,HLA-B*39:01,pearson_log,0.7859203917756373,4,4,False
baseline_plus_unconditional_mean_logp,peptide_disjoint,mse,nonzero,HLA-B*39:01,auc_gt_2h,1.0,4,4,False
baseline_plus_unconditional_mean_logp,peptide_disjoint,mse,nonzero,HLA-B*39:02,spearman,,1,1,True
baseline_plus_unconditional_mean_logp,peptide_disjoint,mse,nonzero,HLA-B*39:02,pearson_log,,1,1,True
baseline_plus_unconditional_mean_logp,peptide_disjoint,mse,nonzero,HLA-B*39:02,auc_gt_2h,,1,1,True
baseline_plus_unconditional_mean_logp,peptide_disjoint,mse,nonzero,HLA-B*39:06(C67S),spearman,,1,1,True
baseline_plus_unconditional_mean_logp,peptide_disjoint,mse,nonzero,HLA-B*39:06(C67S),pearson_log,,1,1,True
baseline_plus_unconditional_mean_logp,peptide_disjoint,mse,nonzero,HLA-B*39:06(C67S),auc_gt_2h,,1,1,True
baseline_plus_unconditional_mean_logp,peptide_disjoint,mse,nonzero,HLA-B*39:10,spearman,,1,1,True
baseline_plus_unconditional_mean_logp,peptide_disjoint,mse,nonzero,HLA-B*39:10,pearson_log,,1,1,True
baseline_plus_unconditional_mean_logp,peptide_disjoint,mse,nonzero,HLA-B*39:10,auc_gt_2h,,1,1,True
baseline_plus_unconditional_mean_logp,peptide_disjoint,mse,nonzero,HLA-B*40:01,spearman,,2,2,False
baseline_plus_unconditional_mean_logp,peptide_disjoint,mse,nonzero,HLA-B*40:01,pearson_log,,2,2,False
baseline_plus_unconditional_mean_logp,peptide_disjoint,mse,nonzero,HLA-B*40:01,auc_gt_2h,,2,2,False
baseline_plus_unconditional_mean_logp,peptide_disjoint,mse,nonzero,HLA-B*40:02,spearman,,2,2,False
baseline_plus_unconditional_mean_logp,peptide_disjoint,mse,nonzero,HLA-B*40:02,pearson_log,,2,2,False
baseline_plus_unconditional_mean_logp,peptide_disjoint,mse,nonzero,HLA-B*40:02,auc_gt_2h,0.0,2,2,False
baseline_plus_unconditional_mean_logp,peptide_disjoint,mse,nonzero,HLA-B*41:01,spearman,,2,2,False
baseline_plus_unconditional_mean_logp,peptide_disjoint,mse,nonzero,HLA-B*41:01,pearson_log,,2,2,False
baseline_plus_unconditional_mean_logp,peptide_disjoint,mse,nonzero,HLA-B*41:01,auc_gt_2h,,2,2,False
baseline_plus_unconditional_mean_logp,peptide_disjoint,mse,nonzero,HLA-B*42:01,spearman,,1,1,True
baseline_plus_unconditional_mean_logp,peptide_disjoint,mse,nonzero,HLA-B*42:01,pearson_log,,1,1,True
baseline_plus_unconditional_mean_logp,peptide_disjoint,mse,nonzero,HLA-B*42:01,auc_gt_2h,,1,1,True
baseline_plus_unconditional_mean_logp,peptide_disjoint,mse,nonzero,HLA-B*42:02,spearman,0.5,3,3,False
baseline_plus_unconditional_mean_logp,peptide_disjoint,mse,nonzero,HLA-B*42:02,pearson_log,-0.006164665148983534,3,3,False
baseline_plus_unconditional_mean_logp,peptide_disjoint,mse,nonzero,HLA-B*42:02,auc_gt_2h,1.0,3,3,False
baseline_plus_unconditional_mean_logp,peptide_disjoint,mse,nonzero,HLA-B*44:05,spearman,,1,1,True
baseline_plus_unconditional_mean_logp,peptide_disjoint,mse,nonzero,HLA-B*44:05,pearson_log,,1,1,True
baseline_plus_unconditional_mean_logp,peptide_disjoint,mse,nonzero,HLA-B*44:05,auc_gt_2h,,1,1,True
baseline_plus_unconditional_mean_logp,peptide_disjoint,mse,nonzero,HLA-B*51:01,spearman,,1,1,True
baseline_plus_unconditional_mean_logp,peptide_disjoint,mse,nonzero,HLA-B*51:01,pearson_log,,1,1,True
baseline_plus_unconditional_mean_logp,peptide_disjoint,mse,nonzero,HLA-B*51:01,auc_gt_2h,,1,1,True
baseline_plus_unconditional_mean_logp,peptide_disjoint,mse,nonzero,HLA-B*54:01,spearman,0.7999999999999999,4,4,False
baseline_plus_unconditional_mean_logp,peptide_disjoint,mse,nonzero,HLA-B*54:01,pearson_log,0.827863927912555,4,4,False
baseline_plus_unconditional_mean_logp,peptide_disjoint,mse,nonzero,HLA-B*54:01,auc_gt_2h,1.0,4,4,False
baseline_plus_unconditional_mean_logp,peptide_disjoint,mse,nonzero,HLA-B*56:01,spearman,,2,2,False
baseline_plus_unconditional_mean_logp,peptide_disjoint,mse,nonzero,HLA-B*56:01,pearson_log,,2,2,False
baseline_plus_unconditional_mean_logp,peptide_disjoint,mse,nonzero,HLA-B*56:01,auc_gt_2h,,2,2,False
baseline_plus_unconditional_mean_logp,peptide_disjoint,mse,nonzero,HLA-B*57:01,spearman,,1,1,True
baseline_plus_unconditional_mean_logp,peptide_disjoint,mse,nonzero,HLA-B*57:01,pearson_log,,1,1,True
baseline_plus_unconditional_mean_logp,peptide_disjoint,mse,nonzero,HLA-B*57:01,auc_gt_2h,,1,1,True
baseline_plus_unconditional_mean_logp,peptide_disjoint,mse,nonzero,HLA-B*57:02,spearman,-0.5,3,3,False
baseline_plus_unconditional_mean_logp,peptide_disjoint,mse,nonzero,HLA-B*57:02,pearson_log,-0.3451036180039536,3,3,False
baseline_plus_unconditional_mean_logp,peptide_disjoint,mse,nonzero,HLA-B*57:02,auc_gt_2h,,3,3,False
baseline_plus_unconditional_mean_logp,peptide_disjoint,mse,nonzero,HLA-B*57:03,spearman,,2,2,False
baseline_plus_unconditional_mean_logp,peptide_disjoint,mse,nonzero,HLA-B*57:03,pearson_log,,2,2,False
baseline_plus_unconditional_mean_logp,peptide_disjoint,mse,nonzero,HLA-B*57:03,auc_gt_2h,1.0,2,2,False
baseline_plus_unconditional_mean_logp,peptide_disjoint,mse,nonzero,HLA-B*58:01,spearman,0.8999999999999998,5,5,False
baseline_plus_unconditional_mean_logp,peptide_disjoint,mse,nonzero,HLA-B*58:01,pearson_log,0.9870749024617457,5,5,False
baseline_plus_unconditional_mean_logp,peptide_disjoint,mse,nonzero,HLA-B*58:01,auc_gt_2h,1.0,5,5,False
baseline_plus_unconditional_mean_logp,peptide_disjoint,mse,nonzero,HLA-B*81:01,spearman,-0.09999999999999999,5,5,False
baseline_plus_unconditional_mean_logp,peptide_disjoint,mse,nonzero,HLA-B*81:01,pearson_log,0.3033914420692808,5,5,False
baseline_plus_unconditional_mean_logp,peptide_disjoint,mse,nonzero,HLA-B*81:01,auc_gt_2h,,5,5,False
baseline_plus_unconditional_mean_logp,random,mse,all,HLA-A*01:01,spearman,1.0,3,3,False
baseline_plus_unconditional_mean_logp,random,mse,all,HLA-A*01:01,pearson_log,0.96839931384242,3,3,False
baseline_plus_unconditional_mean_logp,random,mse,all,HLA-A*01:01,auc_gt_2h,,3,3,False
baseline_plus_unconditional_mean_logp,random,mse,all,HLA-A*02:01,spearman,-0.5,3,3,False
baseline_plus_unconditional_mean_logp,random,mse,all,HLA-A*02:01,pearson_log,-0.43991404889253805,3,3,False
baseline_plus_unconditional_mean_logp,random,mse,all,HLA-A*02:01,auc_gt_2h,,3,3,False
baseline_plus_unconditional_mean_logp,random,mse,all,HLA-A*02:03,spearman,-0.5,3,3,False
baseline_plus_unconditional_mean_logp,random,mse,all,HLA-A*02:03,pearson_log,-0.06231262905930399,3,3,False
baseline_plus_unconditional_mean_logp,random,mse,all,HLA-A*02:03,auc_gt_2h,0.5,3,3,False
baseline_plus_unconditional_mean_logp,random,mse,all,HLA-A*02:05,spearman,0.5,3,3,False
baseline_plus_unconditional_mean_logp,random,mse,all,HLA-A*02:05,pearson_log,0.7693818039566417,3,3,False
baseline_plus_unconditional_mean_logp,random,mse,all,HLA-A*02:05,auc_gt_2h,,3,3,False
baseline_plus_unconditional_mean_logp,random,mse,all,HLA-A*02:10,spearman,0.5,3,3,False
baseline_plus_unconditional_mean_logp,random,mse,all,HLA-A*02:10,pearson_log,0.7376660026161028,3,3,False
baseline_plus_unconditional_mean_logp,random,mse,all,HLA-A*02:10,auc_gt_2h,1.0,3,3,False
baseline_plus_unconditional_mean_logp,random,mse,all,HLA-A*02:11,spearman,-1.0,3,3,False
baseline_plus_unconditional_mean_logp,random,mse,all,HLA-A*02:11,pearson_log,-0.9484837558180199,3,3,False
baseline_plus_unconditional_mean_logp,random,mse,all,HLA-A*02:11,auc_gt_2h,,3,3,False
baseline_plus_unconditional_mean_logp,random,mse,all,HLA-A*02:12,spearman,-1.0,3,3,False
baseline_plus_unconditional_mean_logp,random,mse,all,HLA-A*02:12,pearson_log,-0.9842466823212173,3,3,False
baseline_plus_unconditional_mean_logp,random,mse,all,HLA-A*02:12,auc_gt_2h,,3,3,False
baseline_plus_unconditional_mean_logp,random,mse,all,HLA-A*02:16,spearman,-0.5,3,3,False
baseline_plus_unconditional_mean_logp,random,mse,all,HLA-A*02:16,pearson_log,-0.0862689627874369,3,3,False
baseline_plus_unconditional_mean_logp,random,mse,all,HLA-A*02:16,auc_gt_2h,0.0,3,3,False
baseline_plus_unconditional_mean_logp,random,mse,all,HLA-A*02:19,spearman,-0.5,3,3,False
baseline_plus_unconditional_mean_logp,random,mse,all,HLA-A*02:19,pearson_log,-0.20382723451544427,3,3,False
baseline_plus_unconditional_mean_logp,random,mse,all,HLA-A*02:19,auc_gt_2h,,3,3,False
baseline_plus_unconditional_mean_logp,random,mse,all,HLA-A*02:50,spearman,-1.0,3,3,False
baseline_plus_unconditional_mean_logp,random,mse,all,HLA-A*02:50,pearson_log,-0.9970828983890809,3,3,False
baseline_plus_unconditional_mean_logp,random,mse,all,HLA-A*02:50,auc_gt_2h,,3,3,False
baseline_plus_unconditional_mean_logp,random,mse,all,HLA-A*03:01,spearman,-1.0,3,3,False
baseline_plus_unconditional_mean_logp,random,mse,all,HLA-A*03:01,pearson_log,-0.9244663308141169,3,3,False
baseline_plus_unconditional_mean_logp,random,mse,all,HLA-A*03:01,auc_gt_2h,0.0,3,3,False
baseline_plus_unconditional_mean_logp,random,mse,all,HLA-A*11:01,spearman,0.5,3,3,False
baseline_plus_unconditional_mean_logp,random,mse,all,HLA-A*11:01,pearson_log,0.9919140938870921,3,3,False
baseline_plus_unconditional_mean_logp,random,mse,all,HLA-A*11:01,auc_gt_2h,1.0,3,3,False
baseline_plus_unconditional_mean_logp,random,mse,all,HLA-A*23:01,spearman,1.0,3,3,False
baseline_plus_unconditional_mean_logp,random,mse,all,HLA-A*23:01,pearson_log,0.9494783993747359,3,3,False
baseline_plus_unconditional_mean_logp,random,mse,all,HLA-A*23:01,auc_gt_2h,1.0,3,3,False
baseline_plus_unconditional_mean_logp,random,mse,all,HLA-A*24:02,spearman,1.0,3,3,False
baseline_plus_unconditional_mean_logp,random,mse,all,HLA-A*24:02,pearson_log,0.9851020866839078,3,3,False
baseline_plus_unconditional_mean_logp,random,mse,all,HLA-A*24:02,auc_gt_2h,1.0,3,3,False
baseline_plus_unconditional_mean_logp,random,mse,all,HLA-A*24:03,spearman,1.0,3,3,False
baseline_plus_unconditional_mean_logp,random,mse,all,HLA-A*24:03,pearson_log,0.9167403709554438,3,3,False
baseline_plus_unconditional_mean_logp,random,mse,all,HLA-A*24:03,auc_gt_2h,1.0,3,3,False
baseline_plus_unconditional_mean_logp,random,mse,all,HLA-A*24:07,spearman,-0.5,3,3,False
baseline_plus_unconditional_mean_logp,random,mse,all,HLA-A*24:07,pearson_log,-0.5903995655846129,3,3,False
baseline_plus_unconditional_mean_logp,random,mse,all,HLA-A*24:07,auc_gt_2h,,3,3,False
baseline_plus_unconditional_mean_logp,random,mse,all,HLA-A*24:19,spearman,0.5,3,3,False
baseline_plus_unconditional_mean_logp,random,mse,all,HLA-A*24:19,pearson_log,0.6805069186115433,3,3,False
baseline_plus_unconditional_mean_logp,random,mse,all,HLA-A*24:19,auc_gt_2h,,3,3,False
baseline_plus_unconditional_mean_logp,random,mse,all,HLA-A*25:01,spearman,0.0,3,3,False
baseline_plus_unconditional_mean_logp,random,mse,all,HLA-A*25:01,pearson_log,-0.4324066901485281,3,3,False
baseline_plus_unconditional_mean_logp,random,mse,all,HLA-A*25:01,auc_gt_2h,,3,3,False
baseline_plus_unconditional_mean_logp,random,mse,all,HLA-A*26:01,spearman,-0.5,3,3,False
baseline_plus_unconditional_mean_logp,random,mse,all,HLA-A*26:01,pearson_log,-0.46475236255769764,3,3,False
baseline_plus_unconditional_mean_logp,random,mse,all,HLA-A*26:01,auc_gt_2h,,3,3,False
baseline_plus_unconditional_mean_logp,random,mse,all,HLA-A*26:02,spearman,-0.5,3,3,False
baseline_plus_unconditional_mean_logp,random,mse,all,HLA-A*26:02,pearson_log,-0.9381635191624051,3,3,False
baseline_plus_unconditional_mean_logp,random,mse,all,HLA-A*26:02,auc_gt_2h,0.0,3,3,False
baseline_plus_unconditional_mean_logp,random,mse,all,HLA-A*26:03,spearman,-0.8660254037844387,3,3,False
baseline_plus_unconditional_mean_logp,random,mse,all,HLA-A*26:03,pearson_log,-0.7494283639234836,3,3,False
baseline_plus_unconditional_mean_logp,random,mse,all,HLA-A*26:03,auc_gt_2h,,3,3,False
baseline_plus_unconditional_mean_logp,random,mse,all,HLA-A*29:02,spearman,0.5,3,3,False
baseline_plus_unconditional_mean_logp,random,mse,all,HLA-A*29:02,pearson_log,0.540936624861325,3,3,False
baseline_plus_unconditional_mean_logp,random,mse,all,HLA-A*29:02,auc_gt_2h,1.0,3,3,False
baseline_plus_unconditional_mean_logp,random,mse,all,HLA-A*30:01,spearman,-0.5,3,3,False
baseline_plus_unconditional_mean_logp,random,mse,all,HLA-A*30:01,pearson_log,0.0512366976766544,3,3,False
baseline_plus_unconditional_mean_logp,random,mse,all,HLA-A*30:01,auc_gt_2h,0.5,3,3,False
baseline_plus_unconditional_mean_logp,random,mse,all,HLA-A*30:02,spearman,-0.5,3,3,False
baseline_plus_unconditional_mean_logp,random,mse,all,HLA-A*30:02,pearson_log,-0.3585151487368704,3,3,False
baseline_plus_unconditional_mean_logp,random,mse,all,HLA-A*30:02,auc_gt_2h,0.0,3,3,False
baseline_plus_unconditional_mean_logp,random,mse,all,HLA-A*31:01,spearman,0.5,3,3,False
baseline_plus_unconditional_mean_logp,random,mse,all,HLA-A*31:01,pearson_log,0.8201241919195014,3,3,False
baseline_plus_unconditional_mean_logp,random,mse,all,HLA-A*31:01,auc_gt_2h,1.0,3,3,False
baseline_plus_unconditional_mean_logp,random,mse,all,HLA-A*32:01,spearman,-1.0,3,3,False
baseline_plus_unconditional_mean_logp,random,mse,all,HLA-A*32:01,pearson_log,-0.679574302414661,3,3,False
baseline_plus_unconditional_mean_logp,random,mse,all,HLA-A*32:01,auc_gt_2h,0.0,3,3,False
baseline_plus_unconditional_mean_logp,random,mse,all,HLA-A*32:07,spearman,0.5,3,3,False
baseline_plus_unconditional_mean_logp,random,mse,all,HLA-A*32:07,pearson_log,0.12783126323882843,3,3,False
baseline_plus_unconditional_mean_logp,random,mse,all,HLA-A*32:07,auc_gt_2h,0.5,3,3,False
baseline_plus_unconditional_mean_logp,random,mse,all,HLA-A*33:03,spearman,1.0,3,3,False
baseline_plus_unconditional_mean_logp,random,mse,all,HLA-A*33:03,pearson_log,0.9991292801225875,3,3,False
baseline_plus_unconditional_mean_logp,random,mse,all,HLA-A*33:03,auc_gt_2h,1.0,3,3,False
baseline_plus_unconditional_mean_logp,random,mse,all,HLA-A*43:01,spearman,-0.5,3,3,False
baseline_plus_unconditional_mean_logp,random,mse,all,HLA-A*43:01,pearson_log,0.1463909662075102,3,3,False
baseline_plus_unconditional_mean_logp,random,mse,all,HLA-A*43:01,auc_gt_2h,0.0,3,3,False
baseline_plus_unconditional_mean_logp,random,mse,all,HLA-A*66:01,spearman,-1.0,3,3,False
baseline_plus_unconditional_mean_logp,random,mse,all,HLA-A*66:01,pearson_log,-0.9967303308290499,3,3,False
baseline_plus_unconditional_mean_logp,random,mse,all,HLA-A*66:01,auc_gt_2h,,3,3,False
baseline_plus_unconditional_mean_logp,random,mse,all,HLA-A*68:01,spearman,-1.0,3,3,False
baseline_plus_unconditional_mean_logp,random,mse,all,HLA-A*68:01,pearson_log,-0.9999735432086017,3,3,False
baseline_plus_unconditional_mean_logp,random,mse,all,HLA-A*68:01,auc_gt_2h,0.0,3,3,False
baseline_plus_unconditional_mean_logp,random,mse,all,HLA-A*68:02,spearman,-0.5,3,3,False
baseline_plus_unconditional_mean_logp,random,mse,all,HLA-A*68:02,pearson_log,-0.38656854607475766,3,3,False
baseline_plus_unconditional_mean_logp,random,mse,all,HLA-A*68:02,auc_gt_2h,0.0,3,3,False
baseline_plus_unconditional_mean_logp,random,mse,all,HLA-A*68:23,spearman,,2,2,False
baseline_plus_unconditional_mean_logp,random,mse,all,HLA-A*68:23,pearson_log,,2,2,False
baseline_plus_unconditional_mean_logp,random,mse,all,HLA-A*68:23,auc_gt_2h,,2,2,False
baseline_plus_unconditional_mean_logp,random,mse,all,HLA-A*69:01,spearman,0.5,3,3,False
baseline_plus_unconditional_mean_logp,random,mse,all,HLA-A*69:01,pearson_log,0.7152474896269511,3,3,False
baseline_plus_unconditional_mean_logp,random,mse,all,HLA-A*69:01,auc_gt_2h,,3,3,False
baseline_plus_unconditional_mean_logp,random,mse,all,HLA-A*74:01,spearman,,2,2,False
baseline_plus_unconditional_mean_logp,random,mse,all,HLA-A*74:01,pearson_log,,2,2,False
baseline_plus_unconditional_mean_logp,random,mse,all,HLA-A*74:01,auc_gt_2h,,2,2,False
baseline_plus_unconditional_mean_logp,random,mse,all,HLA-A*80:01,spearman,1.0,3,3,False
baseline_plus_unconditional_mean_logp,random,mse,all,HLA-A*80:01,pearson_log,0.998382264696905,3,3,False
baseline_plus_unconditional_mean_logp,random,mse,all,HLA-A*80:01,auc_gt_2h,1.0,3,3,False
baseline_plus_unconditional_mean_logp,random,mse,all,HLA-B*07:02,spearman,,2,2,False
baseline_plus_unconditional_mean_logp,random,mse,all,HLA-B*07:02,pearson_log,,2,2,False
baseline_plus_unconditional_mean_logp,random,mse,all,HLA-B*07:02,auc_gt_2h,,2,2,False
baseline_plus_unconditional_mean_logp,random,mse,all,HLA-B*08:01,spearman,0.0,3,3,False
baseline_plus_unconditional_mean_logp,random,mse,all,HLA-B*08:01,pearson_log,-0.03790039883036772,3,3,False
baseline_plus_unconditional_mean_logp,random,mse,all,HLA-B*08:01,auc_gt_2h,,3,3,False
baseline_plus_unconditional_mean_logp,random,mse,all,HLA-B*08:03,spearman,,2,2,False
baseline_plus_unconditional_mean_logp,random,mse,all,HLA-B*08:03,pearson_log,,2,2,False
baseline_plus_unconditional_mean_logp,random,mse,all,HLA-B*08:03,auc_gt_2h,,2,2,False
baseline_plus_unconditional_mean_logp,random,mse,all,HLA-B*13:02,spearman,,1,1,True
baseline_plus_unconditional_mean_logp,random,mse,all,HLA-B*13:02,pearson_log,,1,1,True
baseline_plus_unconditional_mean_logp,random,mse,all,HLA-B*13:02,auc_gt_2h,,1,1,True
baseline_plus_unconditional_mean_logp,random,mse,all,HLA-B*14:01(C67S),spearman,,2,2,False
baseline_plus_unconditional_mean_logp,random,mse,all,HLA-B*14:01(C67S),pearson_log,,2,2,False
baseline_plus_unconditional_mean_logp,random,mse,all,HLA-B*14:01(C67S),auc_gt_2h,,2,2,False
baseline_plus_unconditional_mean_logp,random,mse,all,HLA-B*14:02(C67S),spearman,,2,2,False
baseline_plus_unconditional_mean_logp,random,mse,all,HLA-B*14:02(C67S),pearson_log,,2,2,False
baseline_plus_unconditional_mean_logp,random,mse,all,HLA-B*14:02(C67S),auc_gt_2h,1.0,2,2,False
baseline_plus_unconditional_mean_logp,random,mse,all,HLA-B*15:01,spearman,0.5,3,3,False
baseline_plus_unconditional_mean_logp,random,mse,all,HLA-B*15:01,pearson_log,0.20516143471609832,3,3,False
baseline_plus_unconditional_mean_logp,random,mse,all,HLA-B*15:01,auc_gt_2h,1.0,3,3,False
baseline_plus_unconditional_mean_logp,random,mse,all,HLA-B*15:02,spearman,-0.5,3,3,False
baseline_plus_unconditional_mean_logp,random,mse,all,HLA-B*15:02,pearson_log,-0.9334118646745513,3,3,False
baseline_plus_unconditional_mean_logp,random,mse,all,HLA-B*15:02,auc_gt_2h,0.5,3,3,False
baseline_plus_unconditional_mean_logp,random,mse,all,HLA-B*15:10,spearman,,2,2,False
baseline_plus_unconditional_mean_logp,random,mse,all,HLA-B*15:10,pearson_log,,2,2,False
baseline_plus_unconditional_mean_logp,random,mse,all,HLA-B*15:10,auc_gt_2h,0.0,2,2,False
baseline_plus_unconditional_mean_logp,random,mse,all,HLA-B*15:17,spearman,,2,2,False
baseline_plus_unconditional_mean_logp,random,mse,all,HLA-B*15:17,pearson_log,,2,2,False
baseline_plus_unconditional_mean_logp,random,mse,all,HLA-B*15:17,auc_gt_2h,0.0,2,2,False
baseline_plus_unconditional_mean_logp,random,mse,all,HLA-B*18:01,spearman,,2,2,False
baseline_plus_unconditional_mean_logp,random,mse,all,HLA-B*18:01,pearson_log,,2,2,False
baseline_plus_unconditional_mean_logp,random,mse,all,HLA-B*18:01,auc_gt_2h,0.0,2,2,False
baseline_plus_unconditional_mean_logp,random,mse,all,HLA-B*27:02,spearman,,2,2,False
baseline_plus_unconditional_mean_logp,random,mse,all,HLA-B*27:02,pearson_log,,2,2,False
baseline_plus_unconditional_mean_logp,random,mse,all,HLA-B*27:02,auc_gt_2h,,2,2,False
baseline_plus_unconditional_mean_logp,random,mse,all,HLA-B*27:03,spearman,,2,2,False
baseline_plus_unconditional_mean_logp,random,mse,all,HLA-B*27:03,pearson_log,,2,2,False
baseline_plus_unconditional_mean_logp,random,mse,all,HLA-B*27:03,auc_gt_2h,,2,2,False
baseline_plus_unconditional_mean_logp,random,mse,all,HLA-B*27:05,spearman,0.5,3,3,False
baseline_plus_unconditional_mean_logp,random,mse,all,HLA-B*27:05,pearson_log,0.48108520226679236,3,3,False
baseline_plus_unconditional_mean_logp,random,mse,all,HLA-B*27:05,auc_gt_2h,0.5,3,3,False
baseline_plus_unconditional_mean_logp,random,mse,all,HLA-B*27:20,spearman,,2,2,False
baseline_plus_unconditional_mean_logp,random,mse,all,HLA-B*27:20,pearson_log,,2,2,False
baseline_plus_unconditional_mean_logp,random,mse,all,HLA-B*27:20,auc_gt_2h,,2,2,False
baseline_plus_unconditional_mean_logp,random,mse,all,HLA-B*35:01,spearman,,2,2,False
baseline_plus_unconditional_mean_logp,random,mse,all,HLA-B*35:01,pearson_log,,2,2,False
baseline_plus_unconditional_mean_logp,random,mse,all,HLA-B*35:01,auc_gt_2h,0.0,2,2,False
baseline_plus_unconditional_mean_logp,random,mse,all,HLA-B*35:03,spearman,,2,2,False
baseline_plus_unconditional_mean_logp,random,mse,all,HLA-B*35:03,pearson_log,,2,2,False
baseline_plus_unconditional_mean_logp,random,mse,all,HLA-B*35:03,auc_gt_2h,0.0,2,2,False
baseline_plus_unconditional_mean_logp,random,mse,all,HLA-B*35:08,spearman,0.5,3,3,False
baseline_plus_unconditional_mean_logp,random,mse,all,HLA-B*35:08,pearson_log,0.8119207852544916,3,3,False
baseline_plus_unconditional_mean_logp,random,mse,all,HLA-B*35:08,auc_gt_2h,1.0,3,3,False
baseline_plus_unconditional_mean_logp,random,mse,all,HLA-B*39:01,spearman,,2,2,False
baseline_plus_unconditional_mean_logp,random,mse,all,HLA-B*39:01,pearson_log,,2,2,False
baseline_plus_unconditional_mean_logp,random,mse,all,HLA-B*39:01,auc_gt_2h,,2,2,False
baseline_plus_unconditional_mean_logp,random,mse,all,HLA-B*39:02,spearman,0.0,3,3,False
baseline_plus_unconditional_mean_logp,random,mse,all,HLA-B*39:02,pearson_log,-0.3940122893242667,3,3,False
baseline_plus_unconditional_mean_logp,random,mse,all,HLA-B*39:02,auc_gt_2h,,3,3,False
baseline_plus_unconditional_mean_logp,random,mse,all,HLA-B*39:06(C67S),spearman,,3,3,False
baseline_plus_unconditional_mean_logp,random,mse,all,HLA-B*39:06(C67S),pearson_log,,3,3,False
baseline_plus_unconditional_mean_logp,random,mse,all,HLA-B*39:06(C67S),auc_gt_2h,,3,3,False
baseline_plus_unconditional_mean_logp,random,mse,all,HLA-B*39:10,spearman,,2,2,False
baseline_plus_unconditional_mean_logp,random,mse,all,HLA-B*39:10,pearson_log,,2,2,False
baseline_plus_unconditional_mean_logp,random,mse,all,HLA-B*39:10,auc_gt_2h,0.0,2,2,False
baseline_plus_unconditional_mean_logp,random,mse,all,HLA-B*40:01,spearman,-0.5,3,3,False
baseline_plus_unconditional_mean_logp,random,mse,all,HLA-B*40:01,pearson_log,-0.12593474998026372,3,3,False
baseline_plus_unconditional_mean_logp,random,mse,all,HLA-B*40:01,auc_gt_2h,,3,3,False
baseline_plus_unconditional_mean_logp,random,mse,all,HLA-B*40:02,spearman,1.0,3,3,False
baseline_plus_unconditional_mean_logp,random,mse,all,HLA-B*40:02,pearson_log,0.7924707124119645,3,3,False
baseline_plus_unconditional_mean_logp,random,mse,all,HLA-B*40:02,auc_gt_2h,1.0,3,3,False
baseline_plus_unconditional_mean_logp,random,mse,all,HLA-B*41:01,spearman,-0.5,3,3,False
baseline_plus_unconditional_mean_logp,random,mse,all,HLA-B*41:01,pearson_log,-0.9090417137758906,3,3,False
baseline_plus_unconditional_mean_logp,random,mse,all,HLA-B*41:01,auc_gt_2h,,3,3,False
baseline_plus_unconditional_mean_logp,random,mse,all,HLA-B*42:01,spearman,,2,2,False
baseline_plus_unconditional_mean_logp,random,mse,all,HLA-B*42:01,pearson_log,,2,2,False
baseline_plus_unconditional_mean_logp,random,mse,all,HLA-B*42:01,auc_gt_2h,,2,2,False
baseline_plus_unconditional_mean_logp,random,mse,all,HLA-B*42:02,spearman,-0.5,3,3,False
baseline_plus_unconditional_mean_logp,random,mse,all,HLA-B*42:02,pearson_log,-0.8450302329132016,3,3,False
baseline_plus_unconditional_mean_logp,random,mse,all,HLA-B*42:02,auc_gt_2h,0.0,3,3,False
baseline_plus_unconditional_mean_logp,random,mse,all,HLA-B*44:05,spearman,,2,2,False
baseline_plus_unconditional_mean_logp,random,mse,all,HLA-B*44:05,pearson_log,,2,2,False
baseline_plus_unconditional_mean_logp,random,mse,all,HLA-B*44:05,auc_gt_2h,,2,2,False
baseline_plus_unconditional_mean_logp,random,mse,all,HLA-B*45:01,spearman,0.8660254037844387,3,3,False
baseline_plus_unconditional_mean_logp,random,mse,all,HLA-B*45:01,pearson_log,0.979801365127569,3,3,False
baseline_plus_unconditional_mean_logp,random,mse,all,HLA-B*45:01,auc_gt_2h,,3,3,False
baseline_plus_unconditional_mean_logp,random,mse,all,HLA-B*46:01,spearman,-0.8660254037844387,3,3,False
baseline_plus_unconditional_mean_logp,random,mse,all,HLA-B*46:01,pearson_log,-0.6387941941594437,3,3,False
baseline_plus_unconditional_mean_logp,random,mse,all,HLA-B*46:01,auc_gt_2h,,3,3,False
baseline_plus_unconditional_mean_logp,random,mse,all,HLA-B*51:01,spearman,-0.8660254037844387,3,3,False
baseline_plus_unconditional_mean_logp,random,mse,all,HLA-B*51:01,pearson_log,-0.5701792051935501,3,3,False
baseline_plus_unconditional_mean_logp,random,mse,all,HLA-B*51:01,auc_gt_2h,0.0,3,3,False
baseline_plus_unconditional_mean_logp,random,mse,all,HLA-B*54:01,spearman,0.5,3,3,False
baseline_plus_unconditional_mean_logp,random,mse,all,HLA-B*54:01,pearson_log,0.8633467200189814,3,3,False
baseline_plus_unconditional_mean_logp,random,mse,all,HLA-B*54:01,auc_gt_2h,0.5,3,3,False
baseline_plus_unconditional_mean_logp,random,mse,all,HLA-B*55:01,spearman,,2,2,False
baseline_plus_unconditional_mean_logp,random,mse,all,HLA-B*55:01,pearson_log,,2,2,False
baseline_plus_unconditional_mean_logp,random,mse,all,HLA-B*55:01,auc_gt_2h,,2,2,False
baseline_plus_unconditional_mean_logp,random,mse,all,HLA-B*56:01,spearman,-0.5,3,3,False
baseline_plus_unconditional_mean_logp,random,mse,all,HLA-B*56:01,pearson_log,-0.6195619658456477,3,3,False
baseline_plus_unconditional_mean_logp,random,mse,all,HLA-B*56:01,auc_gt_2h,,3,3,False
baseline_plus_unconditional_mean_logp,random,mse,all,HLA-B*57:01,spearman,,2,2,False
baseline_plus_unconditional_mean_logp,random,mse,all,HLA-B*57:01,pearson_log,,2,2,False
baseline_plus_unconditional_mean_logp,random,mse,all,HLA-B*57:01,auc_gt_2h,,2,2,False
baseline_plus_unconditional_mean_logp,random,mse,all,HLA-B*57:02,spearman,,2,2,False
baseline_plus_unconditional_mean_logp,random,mse,all,HLA-B*57:02,pearson_log,,2,2,False
baseline_plus_unconditional_mean_logp,random,mse,all,HLA-B*57:02,auc_gt_2h,,2,2,False
baseline_plus_unconditional_mean_logp,random,mse,all,HLA-B*57:03,spearman,,2,2,False
baseline_plus_unconditional_mean_logp,random,mse,all,HLA-B*57:03,pearson_log,,2,2,False
baseline_plus_unconditional_mean_logp,random,mse,all,HLA-B*57:03,auc_gt_2h,,2,2,False
baseline_plus_unconditional_mean_logp,random,mse,all,HLA-B*58:01,spearman,-1.0,3,3,False
baseline_plus_unconditional_mean_logp,random,mse,all,HLA-B*58:01,pearson_log,-0.9831836679158501,3,3,False
baseline_plus_unconditional_mean_logp,random,mse,all,HLA-B*58:01,auc_gt_2h,0.0,3,3,False
baseline_plus_unconditional_mean_logp,random,mse,all,HLA-B*81:01,spearman,,2,2,False
baseline_plus_unconditional_mean_logp,random,mse,all,HLA-B*81:01,pearson_log,,2,2,False
baseline_plus_unconditional_mean_logp,random,mse,all,HLA-B*81:01,auc_gt_2h,,2,2,False
baseline_plus_unconditional_mean_logp,random,mse,nonzero,HLA-A*01:01,spearman,,2,2,False
baseline_plus_unconditional_mean_logp,random,mse,nonzero,HLA-A*01:01,pearson_log,,2,2,False
baseline_plus_unconditional_mean_logp,random,mse,nonzero,HLA-A*01:01,auc_gt_2h,,2,2,False
baseline_plus_unconditional_mean_logp,random,mse,nonzero,HLA-A*02:01,spearman,-0.5,3,3,False
baseline_plus_unconditional_mean_logp,random,mse,nonzero,HLA-A*02:01,pearson_log,-0.43991404889253805,3,3,False
baseline_plus_unconditional_mean_logp,random,mse,nonzero,HLA-A*02:01,auc_gt_2h,,3,3,False
baseline_plus_unconditional_mean_logp,random,mse,nonzero,HLA-A*02:03,spearman,,2,2,False
baseline_plus_unconditional_mean_logp,random,mse,nonzero,HLA-A*02:03,pearson_log,,2,2,False
baseline_plus_unconditional_mean_logp,random,mse,nonzero,HLA-A*02:03,auc_gt_2h,1.0,2,2,False
baseline_plus_unconditional_mean_logp,random,mse,nonzero,HLA-A*02:05,spearman,0.5,3,3,False
baseline_plus_unconditional_mean_logp,random,mse,nonzero,HLA-A*02:05,pearson_log,0.7693818039566417,3,3,False
baseline_plus_unconditional_mean_logp,random,mse,nonzero,HLA-A*02:05,auc_gt_2h,,3,3,False
baseline_plus_unconditional_mean_logp,random,mse,nonzero,HLA-A*02:10,spearman,0.5,3,3,False
baseline_plus_unconditional_mean_logp,random,mse,nonzero,HLA-A*02:10,pearson_log,0.7376660026161028,3,3,False
baseline_plus_unconditional_mean_logp,random,mse,nonzero,HLA-A*02:10,auc_gt_2h,1.0,3,3,False
baseline_plus_unconditional_mean_logp,random,mse,nonzero,HLA-A*02:11,spearman,-1.0,3,3,False
baseline_plus_unconditional_mean_logp,random,mse,nonzero,HLA-A*02:11,pearson_log,-0.9484837558180199,3,3,False
baseline_plus_unconditional_mean_logp,random,mse,nonzero,HLA-A*02:11,auc_gt_2h,,3,3,False
baseline_plus_unconditional_mean_logp,random,mse,nonzero,HLA-A*02:12,spearman,-1.0,3,3,False
baseline_plus_unconditional_mean_logp,random,mse,nonzero,HLA-A*02:12,pearson_log,-0.9842466823212173,3,3,False
baseline_plus_unconditional_mean_logp,random,mse,nonzero,HLA-A*02:12,auc_gt_2h,,3,3,False
baseline_plus_unconditional_mean_logp,random,mse,nonzero,HLA-A*02:16,spearman,-0.5,3,3,False
baseline_plus_unconditional_mean_logp,random,mse,nonzero,HLA-A*02:16,pearson_log,-0.0862689627874369,3,3,False
baseline_plus_unconditional_mean_logp,random,mse,nonzero,HLA-A*02:16,auc_gt_2h,0.0,3,3,False
baseline_plus_unconditional_mean_logp,random,mse,nonzero,HLA-A*02:19,spearman,-0.5,3,3,False
baseline_plus_unconditional_mean_logp,random,mse,nonzero,HLA-A*02:19,pearson_log,-0.20382723451544427,3,3,False
baseline_plus_unconditional_mean_logp,random,mse,nonzero,HLA-A*02:19,auc_gt_2h,,3,3,False
baseline_plus_unconditional_mean_logp,random,mse,nonzero,HLA-A*02:50,spearman,-1.0,3,3,False
baseline_plus_unconditional_mean_logp,random,mse,nonzero,HLA-A*02:50,pearson_log,-0.9970828983890809,3,3,False
baseline_plus_unconditional_mean_logp,random,mse,nonzero,HLA-A*02:50,auc_gt_2h,,3,3,False
baseline_plus_unconditional_mean_logp,random,mse,nonzero,HLA-A*03:01,spearman,,2,2,False
baseline_plus_unconditional_mean_logp,random,mse,nonzero,HLA-A*03:01,pearson_log,,2,2,False
baseline_plus_unconditional_mean_logp,random,mse,nonzero,HLA-A*03:01,auc_gt_2h,0.0,2,2,False
baseline_plus_unconditional_mean_logp,random,mse,nonzero,HLA-A*11:01,spearman,0.5,3,3,False
baseline_plus_unconditional_mean_logp,random,mse,nonzero,HLA-A*11:01,pearson_log,0.9919140938870921,3,3,False
baseline_plus_unconditional_mean_logp,random,mse,nonzero,HLA-A*11:01,auc_gt_2h,1.0,3,3,False
baseline_plus_unconditional_mean_logp,random,mse,nonzero,HLA-A*23:01,spearman,1.0,3,3,False
baseline_plus_unconditional_mean_logp,random,mse,nonzero,HLA-A*23:01,pearson_log,0.9494783993747359,3,3,False
baseline_plus_unconditional_mean_logp,random,mse,nonzero,HLA-A*23:01,auc_gt_2h,1.0,3,3,False
baseline_plus_unconditional_mean_logp,random,mse,nonzero,HLA-A*24:02,spearman,1.0,3,3,False
baseline_plus_unconditional_mean_logp,random,mse,nonzero,HLA-A*24:02,pearson_log,0.9851020866839078,3,3,False
baseline_plus_unconditional_mean_logp,random,mse,nonzero,HLA-A*24:02,auc_gt_2h,1.0,3,3,False
baseline_plus_unconditional_mean_logp,random,mse,nonzero,HLA-A*24:03,spearman,1.0,3,3,False
baseline_plus_unconditional_mean_logp,random,mse,nonzero,HLA-A*24:03,pearson_log,0.9167403709554438,3,3,False
baseline_plus_unconditional_mean_logp,random,mse,nonzero,HLA-A*24:03,auc_gt_2h,1.0,3,3,False
baseline_plus_unconditional_mean_logp,random,mse,nonzero,HLA-A*24:07,spearman,-0.5,3,3,False
baseline_plus_unconditional_mean_logp,random,mse,nonzero,HLA-A*24:07,pearson_log,-0.5903995655846129,3,3,False
baseline_plus_unconditional_mean_logp,random,mse,nonzero,HLA-A*24:07,auc_gt_2h,,3,3,False
baseline_plus_unconditional_mean_logp,random,mse,nonzero,HLA-A*24:19,spearman,,2,2,False
baseline_plus_unconditional_mean_logp,random,mse,nonzero,HLA-A*24:19,pearson_log,,2,2,False
baseline_plus_unconditional_mean_logp,random,mse,nonzero,HLA-A*24:19,auc_gt_2h,,2,2,False
baseline_plus_unconditional_mean_logp,random,mse,nonzero,HLA-A*25:01,spearman,,1,1,True
baseline_plus_unconditional_mean_logp,random,mse,nonzero,HLA-A*25:01,pearson_log,,1,1,True
baseline_plus_unconditional_mean_logp,random,mse,nonzero,HLA-A*25:01,auc_gt_2h,,1,1,True
baseline_plus_unconditional_mean_logp,random,mse,nonzero,HLA-A*26:01,spearman,-0.5,3,3,False
baseline_plus_unconditional_mean_logp,random,mse,nonzero,HLA-A*26:01,pearson_log,-0.46475236255769764,3,3,False
baseline_plus_unconditional_mean_logp,random,mse,nonzero,HLA-A*26:01,auc_gt_2h,,3,3,False
baseline_plus_unconditional_mean_logp,random,mse,nonzero,HLA-A*26:02,spearman,-0.5,3,3,False
baseline_plus_unconditional_mean_logp,random,mse,nonzero,HLA-A*26:02,pearson_log,-0.9381635191624051,3,3,False
baseline_plus_unconditional_mean_logp,random,mse,nonzero,HLA-A*26:02,auc_gt_2h,0.0,3,3,False
baseline_plus_unconditional_mean_logp,random,mse,nonzero,HLA-A*26:03,spearman,,1,1,True
baseline_plus_unconditional_mean_logp,random,mse,nonzero,HLA-A*26:03,pearson_log,,1,1,True
baseline_plus_unconditional_mean_logp,random,mse,nonzero,HLA-A*26:03,auc_gt_2h,,1,1,True
baseline_plus_unconditional_mean_logp,random,mse,nonzero,HLA-A*29:02,spearman,0.5,3,3,False
baseline_plus_unconditional_mean_logp,random,mse,nonzero,HLA-A*29:02,pearson_log,0.540936624861325,3,3,False
baseline_plus_unconditional_mean_logp,random,mse,nonzero,HLA-A*29:02,auc_gt_2h,1.0,3,3,False
baseline_plus_unconditional_mean_logp,random,mse,nonzero,HLA-A*30:01,spearman,,2,2,False
baseline_plus_unconditional_mean_logp,random,mse,nonzero,HLA-A*30:01,pearson_log,,2,2,False
baseline_plus_unconditional_mean_logp,random,mse,nonzero,HLA-A*30:01,auc_gt_2h,1.0,2,2,False
baseline_plus_unconditional_mean_logp,random,mse,nonzero,HLA-A*30:02,spearman,,2,2,False
baseline_plus_unconditional_mean_logp,random,mse,nonzero,HLA-A*30:02,pearson_log,,2,2,False
baseline_plus_unconditional_mean_logp,random,mse,nonzero,HLA-A*30:02,auc_gt_2h,0.0,2,2,False
baseline_plus_unconditional_mean_logp,random,mse,nonzero,HLA-A*31:01,spearman,0.5,3,3,False
baseline_plus_unconditional_mean_logp,random,mse,nonzero,HLA-A*31:01,pearson_log,0.8201241919195014,3,3,False
baseline_plus_unconditional_mean_logp,random,mse,nonzero,HLA-A*31:01,auc_gt_2h,1.0,3,3,False
baseline_plus_unconditional_mean_logp,random,mse,nonzero,HLA-A*32:01,spearman,,2,2,False
baseline_plus_unconditional_mean_logp,random,mse,nonzero,HLA-A*32:01,pearson_log,,2,2,False
baseline_plus_unconditional_mean_logp,random,mse,nonzero,HLA-A*32:01,auc_gt_2h,,2,2,False
baseline_plus_unconditional_mean_logp,random,mse,nonzero,HLA-A*32:07,spearman,0.5,3,3,False
baseline_plus_unconditional_mean_logp,random,mse,nonzero,HLA-A*32:07,pearson_log,0.12783126323882843,3,3,False
baseline_plus_unconditional_mean_logp,random,mse,nonzero,HLA-A*32:07,auc_gt_2h,0.5,3,3,False
baseline_plus_unconditional_mean_logp,random,mse,nonzero,HLA-A*33:03,spearman,,2,2,False
baseline_plus_unconditional_mean_logp,random,mse,nonzero,HLA-A*33:03,pearson_log,,2,2,False
baseline_plus_unconditional_mean_logp,random,mse,nonzero,HLA-A*33:03,auc_gt_2h,1.0,2,2,False
baseline_plus_unconditional_mean_logp,random,mse,nonzero,HLA-A*43:01,spearman,,2,2,False
baseline_plus_unconditional_mean_logp,random,mse,nonzero,HLA-A*43:01,pearson_log,,2,2,False
baseline_plus_unconditional_mean_logp,random,mse,nonzero,HLA-A*43:01,auc_gt_2h,0.0,2,2,False
baseline_plus_unconditional_mean_logp,random,mse,nonzero,HLA-A*66:01,spearman,,2,2,False
baseline_plus_unconditional_mean_logp,random,mse,nonzero,HLA-A*66:01,pearson_log,,2,2,False
baseline_plus_unconditional_mean_logp,random,mse,nonzero,HLA-A*66:01,auc_gt_2h,,2,2,False
baseline_plus_unconditional_mean_logp,random,mse,nonzero,HLA-A*68:01,spearman,,2,2,False
baseline_plus_unconditional_mean_logp,random,mse,nonzero,HLA-A*68:01,pearson_log,,2,2,False
baseline_plus_unconditional_mean_logp,random,mse,nonzero,HLA-A*68:01,auc_gt_2h,,2,2,False
baseline_plus_unconditional_mean_logp,random,mse,nonzero,HLA-A*68:02,spearman,-0.5,3,3,False
baseline_plus_unconditional_mean_logp,random,mse,nonzero,HLA-A*68:02,pearson_log,-0.38656854607475766,3,3,False
baseline_plus_unconditional_mean_logp,random,mse,nonzero,HLA-A*68:02,auc_gt_2h,0.0,3,3,False
baseline_plus_unconditional_mean_logp,random,mse,nonzero,HLA-A*68:23,spearman,,2,2,False
baseline_plus_unconditional_mean_logp,random,mse,nonzero,HLA-A*68:23,pearson_log,,2,2,False
baseline_plus_unconditional_mean_logp,random,mse,nonzero,HLA-A*68:23,auc_gt_2h,,2,2,False
baseline_plus_unconditional_mean_logp,random,mse,nonzero,HLA-A*69:01,spearman,0.5,3,3,False
baseline_plus_unconditional_mean_logp,random,mse,nonzero,HLA-A*69:01,pearson_log,0.7152474896269511,3,3,False
baseline_plus_unconditional_mean_logp,random,mse,nonzero,HLA-A*69:01,auc_gt_2h,,3,3,False
baseline_plus_unconditional_mean_logp,random,mse,nonzero,HLA-A*74:01,spearman,,2,2,False
baseline_plus_unconditional_mean_logp,random,mse,nonzero,HLA-A*74:01,pearson_log,,2,2,False
baseline_plus_unconditional_mean_logp,random,mse,nonzero,HLA-A*74:01,auc_gt_2h,,2,2,False
baseline_plus_unconditional_mean_logp,random,mse,nonzero,HLA-A*80:01,spearman,,2,2,False
baseline_plus_unconditional_mean_logp,random,mse,nonzero,HLA-A*80:01,pearson_log,,2,2,False
baseline_plus_unconditional_mean_logp,random,mse,nonzero,HLA-A*80:01,auc_gt_2h,1.0,2,2,False
baseline_plus_unconditional_mean_logp,random,mse,nonzero,HLA-B*07:02,spearman,,2,2,False
baseline_plus_unconditional_mean_logp,random,mse,nonzero,HLA-B*07:02,pearson_log,,2,2,False
baseline_plus_unconditional_mean_logp,random,mse,nonzero,HLA-B*07:02,auc_gt_2h,,2,2,False
baseline_plus_unconditional_mean_logp,random,mse,nonzero,HLA-B*08:01,spearman,0.0,3,3,False
baseline_plus_unconditional_mean_logp,random,mse,nonzero,HLA-B*08:01,pearson_log,-0.03790039883036772,3,3,False
baseline_plus_unconditional_mean_logp,random,mse,nonzero,HLA-B*08:01,auc_gt_2h,,3,3,False
baseline_plus_unconditional_mean_logp,random,mse,nonzero,HLA-B*08:03,spearman,,1,1,True
baseline_plus_unconditional_mean_logp,random,mse,nonzero,HLA-B*08:03,pearson_log,,1,1,True
baseline_plus_unconditional_mean_logp,random,mse,nonzero,HLA-B*08:03,auc_gt_2h,,1,1,True
baseline_plus_unconditional_mean_logp,random,mse,nonzero,HLA-B*13:02,spearman,,1,1,True
baseline_plus_unconditional_mean_logp,random,mse,nonzero,HLA-B*13:02,pearson_log,,1,1,True
baseline_plus_unconditional_mean_logp,random,mse,nonzero,HLA-B*13:02,auc_gt_2h,,1,1,True
baseline_plus_unconditional_mean_logp,random,mse,nonzero,HLA-B*14:02(C67S),spearman,,1,1,True
baseline_plus_unconditional_mean_logp,random,mse,nonzero,HLA-B*14:02(C67S),pearson_log,,1,1,True
baseline_plus_unconditional_mean_logp,random,mse,nonzero,HLA-B*14:02(C67S),auc_gt_2h,,1,1,True
baseline_plus_unconditional_mean_logp,random,mse,nonzero,HLA-B*15:01,spearman,,2,2,False
baseline_plus_unconditional_mean_logp,random,mse,nonzero,HLA-B*15:01,pearson_log,,2,2,False
baseline_plus_unconditional_mean_logp,random,mse,nonzero,HLA-B*15:01,auc_gt_2h,1.0,2,2,False
baseline_plus_unconditional_mean_logp,random,mse,nonzero,HLA-B*15:02,spearman,,2,2,False
baseline_plus_unconditional_mean_logp,random,mse,nonzero,HLA-B*15:02,pearson_log,,2,2,False
baseline_plus_unconditional_mean_logp,random,mse,nonzero,HLA-B*15:02,auc_gt_2h,1.0,2,2,False
baseline_plus_unconditional_mean_logp,random,mse,nonzero,HLA-B*15:10,spearman,,2,2,False
baseline_plus_unconditional_mean_logp,random,mse,nonzero,HLA-B*15:10,pearson_log,,2,2,False
baseline_plus_unconditional_mean_logp,random,mse,nonzero,HLA-B*15:10,auc_gt_2h,0.0,2,2,False
baseline_plus_unconditional_mean_logp,random,mse,nonzero,HLA-B*15:17,spearman,,1,1,True
baseline_plus_unconditional_mean_logp,random,mse,nonzero,HLA-B*15:17,pearson_log,,1,1,True
baseline_plus_unconditional_mean_logp,random,mse,nonzero,HLA-B*15:17,auc_gt_2h,,1,1,True
baseline_plus_unconditional_mean_logp,random,mse,nonzero,HLA-B*18:01,spearman,,2,2,False
baseline_plus_unconditional_mean_logp,random,mse,nonzero,HLA-B*18:01,pearson_log,,2,2,False
baseline_plus_unconditional_mean_logp,random,mse,nonzero,HLA-B*18:01,auc_gt_2h,0.0,2,2,False
baseline_plus_unconditional_mean_logp,random,mse,nonzero,HLA-B*27:02,spearman,,2,2,False
baseline_plus_unconditional_mean_logp,random,mse,nonzero,HLA-B*27:02,pearson_log,,2,2,False
baseline_plus_unconditional_mean_logp,random,mse,nonzero,HLA-B*27:02,auc_gt_2h,,2,2,False
baseline_plus_unconditional_mean_logp,random,mse,nonzero,HLA-B*27:03,spearman,,2,2,False
baseline_plus_unconditional_mean_logp,random,mse,nonzero,HLA-B*27:03,pearson_log,,2,2,False
baseline_plus_unconditional_mean_logp,random,mse,nonzero,HLA-B*27:03,auc_gt_2h,,2,2,False
baseline_plus_unconditional_mean_logp,random,mse,nonzero,HLA-B*27:05,spearman,0.5,3,3,False
baseline_plus_unconditional_mean_logp,random,mse,nonzero,HLA-B*27:05,pearson_log,0.48108520226679236,3,3,False
baseline_plus_unconditional_mean_logp,random,mse,nonzero,HLA-B*27:05,auc_gt_2h,0.5,3,3,False
baseline_plus_unconditional_mean_logp,random,mse,nonzero,HLA-B*27:20,spearman,,1,1,True
baseline_plus_unconditional_mean_logp,random,mse,nonzero,HLA-B*27:20,pearson_log,,1,1,True
baseline_plus_unconditional_mean_logp,random,mse,nonzero,HLA-B*27:20,auc_gt_2h,,1,1,True
baseline_plus_unconditional_mean_logp,random,mse,nonzero,HLA-B*35:01,spearman,,1,1,True
baseline_plus_unconditional_mean_logp,random,mse,nonzero,HLA-B*35:01,pearson_log,,1,1,True
baseline_plus_unconditional_mean_logp,random,mse,nonzero,HLA-B*35:01,auc_gt_2h,,1,1,True
baseline_plus_unconditional_mean_logp,random,mse,nonzero,HLA-B*35:03,spearman,,2,2,False
baseline_plus_unconditional_mean_logp,random,mse,nonzero,HLA-B*35:03,pearson_log,,2,2,False
baseline_plus_unconditional_mean_logp,random,mse,nonzero,HLA-B*35:03,auc_gt_2h,0.0,2,2,False
baseline_plus_unconditional_mean_logp,random,mse,nonzero,HLA-B*35:08,spearman,0.5,3,3,False
baseline_plus_unconditional_mean_logp,random,mse,nonzero,HLA-B*35:08,pearson_log,0.8119207852544916,3,3,False
baseline_plus_unconditional_mean_logp,random,mse,nonzero,HLA-B*35:08,auc_gt_2h,1.0,3,3,False
baseline_plus_unconditional_mean_logp,random,mse,nonzero,HLA-B*39:01,spearman,,2,2,False
baseline_plus_unconditional_mean_logp,random,mse,nonzero,HLA-B*39:01,pearson_log,,2,2,False
baseline_plus_unconditional_mean_logp,random,mse,nonzero,HLA-B*39:01,auc_gt_2h,,2,2,False
baseline_plus_unconditional_mean_logp,random,mse,nonzero,HLA-B*39:02,spearman,,2,2,False
baseline_plus_unconditional_mean_logp,random,mse,nonzero,HLA-B*39:02,pearson_log,,2,2,False
baseline_plus_unconditional_mean_logp,random,mse,nonzero,HLA-B*39:02,auc_gt_2h,,2,2,False
baseline_plus_unconditional_mean_logp,random,mse,nonzero,HLA-B*39:10,spearman,,2,2,False
baseline_plus_unconditional_mean_logp,random,mse,nonzero,HLA-B*39:10,pearson_log,,2,2,False
baseline_plus_unconditional_mean_logp,random,mse,nonzero,HLA-B*39:10,auc_gt_2h,0.0,2,2,False
baseline_plus_unconditional_mean_logp,random,mse,nonzero,HLA-B*40:01,spearman,-0.5,3,3,False
baseline_plus_unconditional_mean_logp,random,mse,nonzero,HLA-B*40:01,pearson_log,-0.12593474998026372,3,3,False
baseline_plus_unconditional_mean_logp,random,mse,nonzero,HLA-B*40:01,auc_gt_2h,,3,3,False
baseline_plus_unconditional_mean_logp,random,mse,nonzero,HLA-B*40:02,spearman,1.0,3,3,False
baseline_plus_unconditional_mean_logp,random,mse,nonzero,HLA-B*40:02,pearson_log,0.7924707124119645,3,3,False
baseline_plus_unconditional_mean_logp,random,mse,nonzero,HLA-B*40:02,auc_gt_2h,1.0,3,3,False
baseline_plus_unconditional_mean_logp,random,mse,nonzero,HLA-B*41:01,spearman,,2,2,False
baseline_plus_unconditional_mean_logp,random,mse,nonzero,HLA-B*41:01,pearson_log,,2,2,False
baseline_plus_unconditional_mean_logp,random,mse,nonzero,HLA-B*41:01,auc_gt_2h,,2,2,False
baseline_plus_unconditional_mean_logp,random,mse,nonzero,HLA-B*42:01,spearman,,2,2,False
baseline_plus_unconditional_mean_logp,random,mse,nonzero,HLA-B*42:01,pearson_log,,2,2,False
baseline_plus_unconditional_mean_logp,random,mse,nonzero,HLA-B*42:01,auc_gt_2h,,2,2,False
baseline_plus_unconditional_mean_logp,random,mse,nonzero,HLA-B*42:02,spearman,-0.5,3,3,False
baseline_plus_unconditional_mean_logp,random,mse,nonzero,HLA-B*42:02,pearson_log,-0.8450302329132016,3,3,False
baseline_plus_unconditional_mean_logp,random,mse,nonzero,HLA-B*42:02,auc_gt_2h,0.0,3,3,False
baseline_plus_unconditional_mean_logp,random,mse,nonzero,HLA-B*44:05,spearman,,2,2,False
baseline_plus_unconditional_mean_logp,random,mse,nonzero,HLA-B*44:05,pearson_log,,2,2,False
baseline_plus_unconditional_mean_logp,random,mse,nonzero,HLA-B*44:05,auc_gt_2h,,2,2,False
baseline_plus_unconditional_mean_logp,random,mse,nonzero,HLA-B*45:01,spearman,,1,1,True
baseline_plus_unconditional_mean_logp,random,mse,nonzero,HLA-B*45:01,pearson_log,,1,1,True
baseline_plus_unconditional_mean_logp,random,mse,nonzero,HLA-B*45:01,auc_gt_2h,,1,1,True
baseline_plus_unconditional_mean_logp,random,mse,nonzero,HLA-B*46:01,spearman,,1,1,True
baseline_plus_unconditional_mean_logp,random,mse,nonzero,HLA-B*46:01,pearson_log,,1,1,True
baseline_plus_unconditional_mean_logp,random,mse,nonzero,HLA-B*46:01,auc_gt_2h,,1,1,True
baseline_plus_unconditional_mean_logp,random,mse,nonzero,HLA-B*51:01,spearman,,1,1,True
baseline_plus_unconditional_mean_logp,random,mse,nonzero,HLA-B*51:01,pearson_log,,1,1,True
baseline_plus_unconditional_mean_logp,random,mse,nonzero,HLA-B*51:01,auc_gt_2h,,1,1,True
baseline_plus_unconditional_mean_logp,random,mse,nonzero,HLA-B*54:01,spearman,,2,2,False
baseline_plus_unconditional_mean_logp,random,mse,nonzero,HLA-B*54:01,pearson_log,,2,2,False
baseline_plus_unconditional_mean_logp,random,mse,nonzero,HLA-B*54:01,auc_gt_2h,0.0,2,2,False
baseline_plus_unconditional_mean_logp,random,mse,nonzero,HLA-B*56:01,spearman,,2,2,False
baseline_plus_unconditional_mean_logp,random,mse,nonzero,HLA-B*56:01,pearson_log,,2,2,False
baseline_plus_unconditional_mean_logp,random,mse,nonzero,HLA-B*56:01,auc_gt_2h,,2,2,False
baseline_plus_unconditional_mean_logp,random,mse,nonzero,HLA-B*57:01,spearman,,2,2,False
baseline_plus_unconditional_mean_logp,random,mse,nonzero,HLA-B*57:01,pearson_log,,2,2,False
baseline_plus_unconditional_mean_logp,random,mse,nonzero,HLA-B*57:01,auc_gt_2h,,2,2,False
baseline_plus_unconditional_mean_logp,random,mse,nonzero,HLA-B*57:02,spearman,,2,2,False
baseline_plus_unconditional_mean_logp,random,mse,nonzero,HLA-B*57:02,pearson_log,,2,2,False
baseline_plus_unconditional_mean_logp,random,mse,nonzero,HLA-B*57:02,auc_gt_2h,,2,2,False
baseline_plus_unconditional_mean_logp,random,mse,nonzero,HLA-B*57:03,spearman,,2,2,False
baseline_plus_unconditional_mean_logp,random,mse,nonzero,HLA-B*57:03,pearson_log,,2,2,False
baseline_plus_unconditional_mean_logp,random,mse,nonzero,HLA-B*57:03,auc_gt_2h,,2,2,False
baseline_plus_unconditional_mean_logp,random,mse,nonzero,HLA-B*58:01,spearman,-1.0,3,3,False
baseline_plus_unconditional_mean_logp,random,mse,nonzero,HLA-B*58:01,pearson_log,-0.9831836679158501,3,3,False
baseline_plus_unconditional_mean_logp,random,mse,nonzero,HLA-B*58:01,auc_gt_2h,0.0,3,3,False
baseline_plus_unconditional_mean_logp,random,mse,nonzero,HLA-B*81:01,spearman,,2,2,False
baseline_plus_unconditional_mean_logp,random,mse,nonzero,HLA-B*81:01,pearson_log,,2,2,False
baseline_plus_unconditional_mean_logp,random,mse,nonzero,HLA-B*81:01,auc_gt_2h,,2,2,False
