representation,split,loss,subset,allele,metric,value,n,n_total,constant_prediction
baseline_plus_conditional_all,leave_one_allele_out,ranking,all,HLA-A*01:01,spearman,0.13722615902889052,220,220,False
baseline_plus_conditional_all,leave_one_allele_out,ranking,all,HLA-A*01:01,pearson_log,0.1541048296349447,220,220,False
baseline_plus_conditional_all,leave_one_allele_out,ranking,all,HLA-A*01:01,auc_gt_2h,0.6262737771739131,220,220,False
baseline_plus_conditional_all,leave_one_allele_out,ranking,all,HLA-A*02:01,spearman,0.6770990879986712,1023,1023,False
baseline_plus_conditional_all,leave_one_allele_out,ranking,all,HLA-A*02:01,pearson_log,0.6481479260758255,1023,1023,False
baseline_plus_conditional_all,leave_one_allele_out,ranking,all,HLA-A*02:01,auc_gt_2h,0.827702056432329,1023,1023,False
baseline_plus_conditional_all,leave_one_allele_out,ranking,all,HLA-A*02:03,spearman,0.7122573766358775,379,379,False
baseline_plus_conditional_all,leave_one_allele_out,ranking,all,HLA-A*02:03,pearson_log,0.6643548738991671,379,379,False
baseline_plus_conditional_all,leave_one_allele_out,ranking,all,HLA-A*02:03,auc_gt_2h,0.8377828054298643,379,379,False
baseline_plus_conditional_all,leave_one_allele_out,ranking,all,HLA-A*02:05,spearman,0.28385841055403643,21,21,False
baseline_plus_conditional_all,leave_one_allele_out,ranking,all,HLA-A*02:05,pearson_log,0.364874745860441,21,21,False
baseline_plus_conditional_all,leave_one_allele_out,ranking,all,HLA-A*02:05,auc_gt_2h,0.6111111111111112,21,21,False
baseline_plus_conditional_all,leave_one_allele_out,ranking,all,HLA-A*02:10,spearman,0.37246823266099716,370,370,False
baseline_plus_conditional_all,leave_one_allele_out,ranking,all,HLA-A*02:10,pearson_log,0.38806934170267393,370,370,False
baseline_plus_conditional_all,leave_one_allele_out,ranking,all,HLA-A*02:10,auc_gt_2h,0.6956624233851957,370,370,False
baseline_plus_conditional_all,leave_one_allele_out,ranking,all,HLA-A*02:11,spearman,0.5773856282964802,379,379,False
baseline_plus_conditional_all,leave_one_allele_out,ranking,all,HLA-A*02:11,pearson_log,0.5184162961960872,379,379,False
baseline_plus_conditional_all,leave_one_allele_out,ranking,all,HLA-A*02:11,auc_gt_2h,0.7820932539682539,379,379,False
baseline_plus_conditional_all,leave_one_allele_out,ranking,all,HLA-A*02:12,spearman,0.8172381219794493,372,372,False
baseline_plus_conditional_all,leave_one_allele_out,ranking,all,HLA-A*02:12,pearson_log,0.7438854805869877,372,372,False
baseline_plus_conditional_all,leave_one_allele_out,ranking,all,HLA-A*02:12,auc_gt_2h,0.9124942677283528,372,372,False
baseline_plus_conditional_all,leave_one_allele_out,ranking,all,HLA-A*02:16,spearman,0.8111532718329948,373,373,False
baseline_plus_conditional_all,leave_one_allele_out,ranking,all,HLA-A*02:16,pearson_log,0.7615077987993598,373,373,False
baseline_plus_conditional_all,leave_one_allele_out,ranking,all,HLA-A*02:16,auc_gt_2h,0.9373977439076896,373,373,False
baseline_plus_conditional_all,leave_one_allele_out,ranking,all,HLA-A*02:19,spearman,0.7328772204448963,354,354,False
baseline_plus_conditional_all,leave_one_allele_out,ranking,all,HLA-A*02:19,pearson_log,0.7088983411221546,354,354,False
baseline_plus_conditional_all,leave_one_allele_out,ranking,all,HLA-A*02:19,auc_gt_2h,0.8533625730994152,354,354,False
baseline_plus_conditional_all,leave_one_allele_out,ranking,all,HLA-A*02:50,spearman,0.6886508301070948,375,375,False
baseline_plus_conditional_all,leave_one_allele_out,ranking,all,HLA-A*02:50,pearson_log,0.6412319834451439,375,375,False
baseline_plus_conditional_all,leave_one_allele_out,ranking,all,HLA-A*02:50,auc_gt_2h,0.8487062136947721,375,375,False
baseline_plus_conditional_all,leave_one_allele_out,ranking,all,HLA-A*03:01,spearman,0.6433207140566275,861,861,False
baseline_plus_conditional_all,leave_one_allele_out,ranking,all,HLA-A*03:01,pearson_log,0.6399294674320394,861,861,False
baseline_plus_conditional_all,leave_one_allele_out,ranking,all,HLA-A*03:01,auc_gt_2h,0.8133270321361058,861,861,False
baseline_plus_conditional_all,leave_one_allele_out,ranking,all,HLA-A*11:01,spearman,0.7165986294587051,577,577,False
baseline_plus_conditional_all,leave_one_allele_out,ranking,all,HLA-A*11:01,pearson_log,0.7032878516620875,577,577,False
baseline_plus_conditional_all,leave_one_allele_out,ranking,all,HLA-A*11:01,auc_gt_2h,0.8543486375513251,577,577,False
baseline_plus_conditional_all,leave_one_allele_out,ranking,all,HLA-A*23:01,spearman,0.8489830609881359,372,372,False
baseline_plus_conditional_all,leave_one_allele_out,ranking,all,HLA-A*23:01,pearson_log,0.8175319514313776,372,372,False
baseline_plus_conditional_all,leave_one_allele_out,ranking,all,HLA-A*23:01,auc_gt_2h,0.9398692810457517,372,372,False
baseline_plus_conditional_all,leave_one_allele_out,ranking,all,HLA-A*24:02,spearman,0.7657920212297065,573,573,False
baseline_plus_conditional_all,leave_one_allele_out,ranking,all,HLA-A*24:02,pearson_log,0.7780535344015805,573,573,False
baseline_plus_conditional_all,leave_one_allele_out,ranking,all,HLA-A*24:02,auc_gt_2h,0.8870667856611631,573,573,False
baseline_plus_conditional_all,leave_one_allele_out,ranking,all,HLA-A*24:03,spearman,0.7242171567751373,512,512,False
baseline_plus_conditional_all,leave_one_allele_out,ranking,all,HLA-A*24:03,pearson_log,0.7021566496347798,512,512,False
baseline_plus_conditional_all,leave_one_allele_out,ranking,all,HLA-A*24:03,auc_gt_2h,0.8475632440476191,512,512,False
baseline_plus_conditional_all,leave_one_allele_out,ranking,all,HLA-A*24:07,spearman,0.7958414192903649,352,352,False
baseline_plus_conditional_all,leave_one_allele_out,ranking,all,HLA-A*24:07,pearson_log,0.7882172099380071,352,352,False
baseline_plus_conditional_all,leave_one_allele_out,ranking,all,HLA-A*24:07,auc_gt_2h,0.8832492236024845,352,352,False
baseline_plus_conditional_all,leave_one_allele_out,ranking,all,HLA-A*24:19,spearman,0.298760857092225,378,378,False
baseline_plus_conditional_all,leave_one_allele_out,ranking,all,HLA-A*24:19,pearson_log,0.2907292083198631,378,378,False
baseline_plus_conditional_all,leave_one_allele_out,ranking,all,HLA-A*24:19,auc_gt_2h,0.5456122448979592,378,378,False
baseline_plus_conditional_all,leave_one_allele_out,ranking,all,HLA-A*25:01,spearman,0.4052758867607531,363,363,False
baseline_plus_conditional_all,leave_one_allele_out,ranking,all,HLA-A*25:01,pearson_log,0.4172466287364749,363,363,False
baseline_plus_conditional_all,leave_one_allele_out,ranking,all,HLA-A*25:01,auc_gt_2h,0.7282458282458282,363,363,False
baseline_plus_conditional_all,leave_one_allele_out,ranking,all,HLA-A*26:01,spearman,0.6690850074041863,272,272,False
baseline_plus_conditional_all,leave_one_allele_out,ranking,all,HLA-A*26:01,pearson_log,0.6445331065647677,272,272,False
baseline_plus_conditional_all,leave_one_allele_out,ranking,all,HLA-A*26:01,auc_gt_2h,0.8598301352626613,272,272,False
baseline_plus_conditional_all,leave_one_allele_out,ranking,all,HLA-A*26:02,spearman,0.5754227411530352,343,343,False
baseline_plus_conditional_all,leave_one_allele_out,ranking,all,HLA-A*26:02,pearson_log,0.5902964084388845,343,343,False
baseline_plus_conditional_all,leave_one_allele_out,ranking,all,HLA-A*26:02,auc_gt_2h,0.7895048041389504,343,343,False
baseline_plus_conditional_all,leave_one_allele_out,ranking,all,HLA-A*26:03,spearman,0.6059054279621221,341,341,False
baseline_plus_conditional_all,leave_one_allele_out,ranking,all,HLA-A*26:03,pearson_log,0.6216948875715531,341,341,False
baseline_plus_conditional_all,leave_one_allele_out,ranking,all,HLA-A*26:03,auc_gt_2h,0.8351532567049809,341,341,False
baseline_plus_conditional_all,leave_one_allele_out,ranking,all,HLA-A*29:02,spearman,0.46185121617042907,383,383,False
baseline_plus_conditional_all,leave_one_allele_out,ranking,all,HLA-A*29:02,pearson_log,0.4640897259453817,383,383,False
baseline_plus_conditional_all,leave_one_allele_out,ranking,all,HLA-A*29:02,auc_gt_2h,0.7259730164899227,383,383,False
baseline_plus_conditional_all,leave_one_allele_out,ranking,all,HLA-A*30:01,spearman,0.1663523245760895,386,386,False
baseline_plus_conditional_all,leave_one_allele_out,ranking,all,HLA-A*30:01,pearson_log,0.1771651313404849,386,386,False
baseline_plus_conditional_all,leave_one_allele_out,ranking,all,HLA-A*30:01,auc_gt_2h,0.5835259437912437,386,386,False
baseline_plus_conditional_all,leave_one_allele_out,ranking,all,HLA-A*30:02,spearman,0.35161505913394153,367,367,False
baseline_plus_conditional_all,leave_one_allele_out,ranking,all,HLA-A*30:02,pearson_log,0.3817933847854449,367,367,False
baseline_plus_conditional_all,leave_one_allele_out,ranking,all,HLA-A*30:02,auc_gt_2h,0.6773214946355901,367,367,False
baseline_plus_conditional_all,leave_one_allele_out,ranking,all,HLA-A*31:01,spearman,0.6967661277444197,382,382,False
baseline_plus_conditional_all,leave_one_allele_out,ranking,all,HLA-A*31:01,pearson_log,0.6864830242182338,382,382,False
baseline_plus_conditional_all,leave_one_allele_out,ranking,all,HLA-A*31:01,auc_gt_2h,0.8521348190644309,382,382,False
baseline_plus_conditional_all,leave_one_allele_out,ranking,all,HLA-A*32:01,spearman,0.7594482958816977,32,32,False
baseline_plus_conditional_all,leave_one_allele_out,ranking,all,HLA-A*32:01,pearson_log,0.7905902192758938,32,32,False
baseline_plus_conditional_all,leave_one_allele_out,ranking,all,HLA-A*32:01,auc_gt_2h,0.9783549783549783,32,32,False
baseline_plus_conditional_all,leave_one_allele_out,ranking,all,HLA-A*32:07,spearman,0.6869847454030507,364,364,False
baseline_plus_conditional_all,leave_one_allele_out,ranking,all,HLA-A*32:07,pearson_log,0.6828869227799753,364,364,False
baseline_plus_conditional_all,leave_one_allele_out,ranking,all,HLA-A*32:07,auc_gt_2h,0.8322942437737094,364,364,False
baseline_plus_conditional_all,leave_one_allele_out,ranking,all,HLA-A*33:03,spearman,0.6154288887760125,371,371,False
baseline_plus_conditional_all,leave_one_allele_out,ranking,all,HLA-A*33:03,pearson_log,0.6274251397744648,371,371,False
baseline_plus_conditional_all,leave_one_allele_out,ranking,all,HLA-A*33:03,auc_gt_2h,0.8296890184645287,371,371,False
baseline_plus_conditional_all,leave_one_allele_out,ranking,all,HLA-A*43:01,spearman,0.3030915711037224,359,359,False
baseline_plus_conditional_all,leave_one_allele_out,ranking,all,HLA-A*43:01,pearson_log,0.341747490264859,359,359,False
baseline_plus_conditional_all,leave_one_allele_out,ranking,all,HLA-A*43:01,auc_gt_2h,0.7363092498849517,359,359,False
baseline_plus_conditional_all,leave_one_allele_out,ranking,all,HLA-A*66:01,spearman,0.47569328458144255,382,382,False
baseline_plus_conditional_all,leave_one_allele_out,ranking,all,HLA-A*66:01,pearson_log,0.5199930303905425,382,382,False
baseline_plus_conditional_all,leave_one_allele_out,ranking,all,HLA-A*66:01,auc_gt_2h,0.8360795454545454,382,382,False
baseline_plus_conditional_all,leave_one_allele_out,ranking,all,HLA-A*68:01,spearman,0.5808083349965373,387,387,False
baseline_plus_conditional_all,leave_one_allele_out,ranking,all,HLA-A*68:01,pearson_log,0.5788525115061237,387,387,False
baseline_plus_conditional_all,leave_one_allele_out,ranking,all,HLA-A*68:01,auc_gt_2h,0.7662058971071847,387,387,False
baseline_plus_conditional_all,leave_one_allele_out,ranking,all,HLA-A*68:02,spearman,-0.16949193961638917,16,16,False
baseline_plus_conditional_all,leave_one_allele_out,ranking,all,HLA-A*68:02,pearson_log,-0.23141946392067575,16,16,False
baseline_plus_conditional_all,leave_one_allele_out,ranking,all,HLA-A*68:02,auc_gt_2h,0.5357142857142857,16,16,False
baseline_plus_conditional_all,leave_one_allele_out,ranking,all,HLA-A*68:23,spearman,0.4830611594406762,369,369,False
baseline_plus_conditional_all,leave_one_allele_out,ranking,all,HLA-A*68:23,pearson_log,0.4824003747602831,369,369,False
baseline_plus_conditional_all,leave_one_allele_out,ranking,all,HLA-A*68:23,auc_gt_2h,0.7593817941204273,369,369,False
baseline_plus_conditional_all,leave_one_allele_out,ranking,all,HLA-A*69:01,spearman,0.2805663417428383,15,15,False
baseline_plus_conditional_all,leave_one_allele_out,ranking,all,HLA-A*69:01,pearson_log,0.30292504136141163,15,15,False
baseline_plus_conditional_all,leave_one_allele_out,ranking,all,HLA-A*69:01,auc_gt_2h,0.6153846153846154,15,15,False
baseline_plus_conditional_all,leave_one_allele_out,ranking,all,HLA-A*74:01,spearman,0.6511680028274252,361,361,False
baseline_plus_conditional_all,leave_one_allele_out,ranking,all,HLA-A*74:01,pearson_log,0.6341876258217652,361,361,False
baseline_plus_conditional_all,leave_one_allele_out,ranking,all,HLA-A*74:01,auc_gt_2h,0.8187538367096379,361,361,False
baseline_plus_conditional_all,leave_one_allele_out,ranking,all,HLA-A*80:01,spearman,0.4546232550238248,351,351,False
baseline_plus_conditional_all,leave_one_allele_out,ranking,all,HLA-A*80:01,pearson_log,0.46940782617047383,351,351,False
baseline_plus_conditional_all,leave_one_allele_out,ranking,all,HLA-A*80:01,auc_gt_2h,0.859633673828813,351,351,False
baseline_plus_conditional_all,leave_one_allele_out,ranking,all,HLA-B*07:02,spearman,0.6540779183550456,647,647,False
baseline_plus_conditional_all,leave_one_allele_out,ranking,all,HLA-B*07:02,pearson_log,0.6157720954134518,647,647,False
baseline_plus_conditional_all,leave_one_allele_out,ranking,all,HLA-B*07:02,auc_gt_2h,0.8030229304786813,647,647,False
baseline_plus_conditional_all,leave_one_allele_out,ranking,all,HLA-B*08:01,spearman,0.2879704738247593,465,465,False
baseline_plus_conditional_all,leave_one_allele_out,ranking,all,HLA-B*08:01,pearson_log,0.2618473738751531,465,465,False
baseline_plus_conditional_all,leave_one_allele_out,ranking,all,HLA-B*08:01,auc_gt_2h,0.714960058097313,465,465,False
baseline_plus_conditional_all,leave_one_allele_out,ranking,all,HLA-B*08:03,spearman,0.29517150245894314,350,350,False
baseline_plus_conditional_all,leave_one_allele_out,ranking,all,HLA-B*08:03,pearson_log,0.29125971752947344,350,350,False
baseline_plus_conditional_all,leave_one_allele_out,ranking,all,HLA-B*08:03,auc_gt_2h,0.7468188622754491,350,350,False
baseline_plus_conditional_all,leave_one_allele_out,ranking,all,HLA-B*13:02,spearman,-0.03706246583305506,7,7,False
baseline_plus_conditional_all,leave_one_allele_out,ranking,all,HLA-B*13:02,pearson_log,-0.09950166864817853,7,7,False
baseline_plus_conditional_all,leave_one_allele_out,ranking,all,HLA-B*13:02,auc_gt_2h,0.25,7,7,False
baseline_plus_conditional_all,leave_one_allele_out,ranking,all,HLA-B*14:01(C67S),spearman,0.46121196732902386,374,374,False
baseline_plus_conditional_all,leave_one_allele_out,ranking,all,HLA-B*14:01(C67S),pearson_log,0.483233693978549,374,374,False
baseline_plus_conditional_all,leave_one_allele_out,ranking,all,HLA-B*14:01(C67S),auc_gt_2h,0.9469780219780219,374,374,False
baseline_plus_conditional_all,leave_one_allele_out,ranking,all,HLA-B*14:02(C67S),spearman,0.5030609819421098,382,382,False
baseline_plus_conditional_all,leave_one_allele_out,ranking,all,HLA-B*14:02(C67S),pearson_log,0.5223158061764367,382,382,False
baseline_plus_conditional_all,leave_one_allele_out,ranking,all,HLA-B*14:02(C67S),auc_gt_2h,0.8651115618661258,382,382,False
baseline_plus_conditional_all,leave_one_allele_out,ranking,all,HLA-B*15:01,spearman,0.1682373291743242,1070,1070,False
baseline_plus_conditional_all,leave_one_allele_out,ranking,all,HLA-B*15:01,pearson_log,0.1811522433556462,1070,1070,False
baseline_plus_conditional_all,leave_one_allele_out,ranking,all,HLA-B*15:01,auc_gt_2h,0.6153950768393852,1070,1070,False
baseline_plus_conditional_all,leave_one_allele_out,ranking,all,HLA-B*15:02,spearman,0.23846745037688707,349,349,False
baseline_plus_conditional_all,leave_one_allele_out,ranking,all,HLA-B*15:02,pearson_log,0.21902305894337637,349,349,False
baseline_plus_conditional_all,leave_one_allele_out,ranking,all,HLA-B*15:02,auc_gt_2h,0.6384381338742393,349,349,False
baseline_plus_conditional_all,leave_one_allele_out,ranking,all,HLA-B*15:10,spearman,0.41120587529885433,363,363,False
baseline_plus_conditional_all,leave_one_allele_out,ranking,all,HLA-B*15:10,pearson_log,0.38334947177837614,363,363,False
baseline_plus_conditional_all,leave_one_allele_out,ranking,all,HLA-B*15:10,auc_gt_2h,0.7258131130614353,363,363,False
baseline_plus_conditional_all,leave_one_allele_out,ranking,all,HLA-B*15:17,spearman,0.14215608585620756,362,362,False
baseline_plus_conditional_all,leave_one_allele_out,ranking,all,HLA-B*15:17,pearson_log,0.16670916654331092,362,362,False
baseline_plus_conditional_all,leave_one_allele_out,ranking,all,HLA-B*15:17,auc_gt_2h,0.5441017316017316,362,362,False
baseline_plus_conditional_all,leave_one_allele_out,ranking,all,HLA-B*18:01,spearman,0.4036054573552573,359,359,False
baseline_plus_conditional_all,leave_one_allele_out,ranking,all,HLA-B*18:01,pearson_log,0.40487486537772915,359,359,False
baseline_plus_conditional_all,leave_one_allele_out,ranking,all,HLA-B*18:01,auc_gt_2h,0.6766187050359712,359,359,False
baseline_plus_conditional_all,leave_one_allele_out,ranking,all,HLA-B*27:02,spearman,0.46459270547940074,359,359,False
baseline_plus_conditional_all,leave_one_allele_out,ranking,all,HLA-B*27:02,pearson_log,0.47125815355386125,359,359,False
baseline_plus_conditional_all,leave_one_allele_out,ranking,all,HLA-B*27:02,auc_gt_2h,0.7390451275343362,359,359,False
baseline_plus_conditional_all,leave_one_allele_out,ranking,all,HLA-B*27:03,spearman,0.7303547861882393,368,368,False
baseline_plus_conditional_all,leave_one_allele_out,ranking,all,HLA-B*27:03,pearson_log,0.7418501837856379,368,368,False
baseline_plus_conditional_all,leave_one_allele_out,ranking,all,HLA-B*27:03,auc_gt_2h,0.9072940165431302,368,368,False
baseline_plus_conditional_all,leave_one_allele_out,ranking,all,HLA-B*27:05,spearman,0.693182838369942,366,366,False
baseline_plus_conditional_all,leave_one_allele_out,ranking,all,HLA-B*27:05,pearson_log,0.6746354627929203,366,366,False
baseline_plus_conditional_all,leave_one_allele_out,ranking,all,HLA-B*27:05,auc_gt_2h,0.8769829588198736,366,366,False
baseline_plus_conditional_all,leave_one_allele_out,ranking,all,HLA-B*27:20,spearman,0.5333470429401904,368,368,False
baseline_plus_conditional_all,leave_one_allele_out,ranking,all,HLA-B*27:20,pearson_log,0.5483844177370868,368,368,False
baseline_plus_conditional_all,leave_one_allele_out,ranking,all,HLA-B*27:20,auc_gt_2h,0.8131371789908375,368,368,False
baseline_plus_conditional_all,leave_one_allele_out,ranking,all,HLA-B*35:01,spearman,0.41326713451662356,650,650,False
baseline_plus_conditional_all,leave_one_allele_out,ranking,all,HLA-B*35:01,pearson_log,0.37837140410505554,650,650,False
baseline_plus_conditional_all,leave_one_allele_out,ranking,all,HLA-B*35:01,auc_gt_2h,0.719687027757894,650,650,False
baseline_plus_conditional_all,leave_one_allele_out,ranking,all,HLA-B*35:03,spearman,0.5707103969836042,376,376,False
baseline_plus_conditional_all,leave_one_allele_out,ranking,all,HLA-B*35:03,pearson_log,0.5858780626650943,376,376,False
baseline_plus_conditional_all,leave_one_allele_out,ranking,all,HLA-B*35:03,auc_gt_2h,0.7796201814058956,376,376,False
baseline_plus_conditional_all,leave_one_allele_out,ranking,all,HLA-B*35:08,spearman,0.6518649729133655,27,27,False
baseline_plus_conditional_all,leave_one_allele_out,ranking,all,HLA-B*35:08,pearson_log,0.6960273671067397,27,27,False
baseline_plus_conditional_all,leave_one_allele_out,ranking,all,HLA-B*35:08,auc_gt_2h,0.9565217391304348,27,27,False
baseline_plus_conditional_all,leave_one_allele_out,ranking,all,HLA-B*39:01,spearman,0.45016366677305236,680,680,False
baseline_plus_conditional_all,leave_one_allele_out,ranking,all,HLA-B*39:01,pearson_log,0.47915937418634447,680,680,False
baseline_plus_conditional_all,leave_one_allele_out,ranking,all,HLA-B*39:01,auc_gt_2h,0.7956781328448334,680,680,False
baseline_plus_conditional_all,leave_one_allele_out,ranking,all,HLA-B*39:02,spearman,0.33470932404465353,375,375,False
baseline_plus_conditional_all,leave_one_allele_out,ranking,all,HLA-B*39:02,pearson_log,0.3296905015351465,375,375,False
baseline_plus_conditional_all,leave_one_allele_out,ranking,all,HLA-B*39:02,auc_gt_2h,0.6968137950610276,375,375,False
baseline_plus_conditional_all,leave_one_allele_out,ranking,all,HLA-B*39:06(C67S),spearman,0.2125173846938924,379,379,False
baseline_plus_conditional_all,leave_one_allele_out,ranking,all,HLA-B*39:06(C67S),pearson_log,0.37161067444400064,379,379,False
baseline_plus_conditional_all,leave_one_allele_out,ranking,all,HLA-B*39:06(C67S),auc_gt_2h,0.7663092046470062,379,379,False
baseline_plus_conditional_all,leave_one_allele_out,ranking,all,HLA-B*39:10,spearman,0.683011981214415,376,376,False
baseline_plus_conditional_all,leave_one_allele_out,ranking,all,HLA-B*39:10,pearson_log,0.6670441399589377,376,376,False
baseline_plus_conditional_all,leave_one_allele_out,ranking,all,HLA-B*39:10,auc_gt_2h,0.8233358171882762,376,376,False
baseline_plus_conditional_all,leave_one_allele_out,ranking,all,HLA-B*40:01,spearman,0.44006488159817375,302,302,False
baseline_plus_conditional_all,leave_one_allele_out,ranking,all,HLA-B*40:01,pearson_log,0.36421177976480823,302,302,False
baseline_plus_conditional_all,leave_one_allele_out,ranking,all,HLA-B*40:01,auc_gt_2h,0.7091911764705883,302,302,False
baseline_plus_conditional_all,leave_one_allele_out,ranking,all,HLA-B*40:02,spearman,0.11578947368421051,19,19,False
baseline_plus_conditional_all,leave_one_allele_out,ranking,all,HLA-B*40:02,pearson_log,0.17518553059272982,19,19,False
baseline_plus_conditional_all,leave_one_allele_out,ranking,all,HLA-B*40:02,auc_gt_2h,0.5833333333333333,19,19,False
baseline_plus_conditional_all,leave_one_allele_out,ranking,all,HLA-B*41:01,spearman,0.5301641990283815,368,368,False
baseline_plus_conditional_all,leave_one_allele_out,ranking,all,HLA-B*41:01,pearson_log,0.5775133794554321,368,368,False
baseline_plus_conditional_all,leave_one_allele_out,ranking,all,HLA-B*41:01,auc_gt_2h,0.9063202878992352,368,368,False
baseline_plus_conditional_all,leave_one_allele_out,ranking,all,HLA-B*42:01,spearman,0.8025185364106933,350,350,False
baseline_plus_conditional_all,leave_one_allele_out,ranking,all,HLA-B*42:01,pearson_log,0.7505742500698814,350,350,False
baseline_plus_conditional_all,leave_one_allele_out,ranking,all,HLA-B*42:01,auc_gt_2h,0.9252739356924735,350,350,False
baseline_plus_conditional_all,leave_one_allele_out,ranking,all,HLA-B*42:02,spearman,0.7319303895414189,376,376,False
baseline_plus_conditional_all,leave_one_allele_out,ranking,all,HLA-B*42:02,pearson_log,0.7176682814866981,376,376,False
baseline_plus_conditional_all,leave_one_allele_out,ranking,all,HLA-B*42:02,auc_gt_2h,0.8600190097641062,376,376,False
baseline_plus_conditional_all,leave_one_allele_out,ranking,all,HLA-B*44:05,spearman,0.2975642265981852,352,352,False
baseline_plus_conditional_all,leave_one_allele_out,ranking,all,HLA-B*44:05,pearson_log,0.29224993994173165,352,352,False
baseline_plus_conditional_all,leave_one_allele_out,ranking,all,HLA-B*44:05,auc_gt_2h,0.6459344763198098,352,352,False
baseline_plus_conditional_all,leave_one_allele_out,ranking,all,HLA-B*45:01,spearman,0.43896220140508957,368,368,False
baseline_plus_conditional_all,leave_one_allele_out,ranking,all,HLA-B*45:01,pearson_log,0.4693799919981797,368,368,False
baseline_plus_conditional_all,leave_one_allele_out,ranking,all,HLA-B*45:01,auc_gt_2h,0.8148427041499331,368,368,False
baseline_plus_conditional_all,leave_one_allele_out,ranking,all,HLA-B*46:01,spearman,0.054575974481717145,361,361,False
baseline_plus_conditional_all,leave_one_allele_out,ranking,all,HLA-B*46:01,pearson_log,0.04891145905928765,361,361,False
baseline_plus_conditional_all,leave_one_allele_out,ranking,all,HLA-B*46:01,auc_gt_2h,0.5551419495731585,361,361,False
baseline_plus_conditional_all,leave_one_allele_out,ranking,all,HLA-B*51:01,spearman,0.32692839755277264,353,353,False
baseline_plus_conditional_all,leave_one_allele_out,ranking,all,HLA-B*51:01,pearson_log,0.31597695733446163,353,353,False
baseline_plus_conditional_all,leave_one_allele_out,ranking,all,HLA-B*51:01,auc_gt_2h,0.7009725704733683,353,353,False
baseline_plus_conditional_all,leave_one_allele_out,ranking,all,HLA-B*54:01,spearman,0.5560233878020053,357,357,False
baseline_plus_conditional_all,leave_one_allele_out,ranking,all,HLA-B*54:01,pearson_log,0.5700293386020819,357,357,False
baseline_plus_conditional_all,leave_one_allele_out,ranking,all,HLA-B*54:01,auc_gt_2h,0.8412515964240103,357,357,False
baseline_plus_conditional_all,leave_one_allele_out,ranking,all,HLA-B*55:01,spearman,0.7063320453477773,378,378,False
baseline_plus_conditional_all,leave_one_allele_out,ranking,all,HLA-B*55:01,pearson_log,0.737183019177805,378,378,False
baseline_plus_conditional_all,leave_one_allele_out,ranking,all,HLA-B*55:01,auc_gt_2h,0.9244970781403528,378,378,False
baseline_plus_conditional_all,leave_one_allele_out,ranking,all,HLA-B*56:01,spearman,0.7593282897314148,368,368,False
baseline_plus_conditional_all,leave_one_allele_out,ranking,all,HLA-B*56:01,pearson_log,0.7831781564801636,368,368,False
baseline_plus_conditional_all,leave_one_allele_out,ranking,all,HLA-B*56:01,auc_gt_2h,0.9322147651006711,368,368,False
baseline_plus_conditional_all,leave_one_allele_out,ranking,all,HLA-B*57:01,spearman,0.6771257987144866,349,349,False
baseline_plus_conditional_all,leave_one_allele_out,ranking,all,HLA-B*57:01,pearson_log,0.49664113354488615,349,349,False
baseline_plus_conditional_all,leave_one_allele_out,ranking,all,HLA-B*57:01,auc_gt_2h,0.8143488943488943,349,349,False
baseline_plus_conditional_all,leave_one_allele_out,ranking,all,HLA-B*57:02,spearman,0.6840750355428027,363,363,False
baseline_plus_conditional_all,leave_one_allele_out,ranking,all,HLA-B*57:02,pearson_log,0.6760220333333616,363,363,False
baseline_plus_conditional_all,leave_one_allele_out,ranking,all,HLA-B*57:02,auc_gt_2h,0.8447617794156357,363,363,False
baseline_plus_conditional_all,leave_one_allele_out,ranking,all,HLA-B*57:03,spearman,0.6701569585699397,369,369,False
baseline_plus_conditional_all,leave_one_allele_out,ranking,all,HLA-B*57:03,pearson_log,0.6272211144884994,369,369,False
baseline_plus_conditional_all,leave_one_allele_out,ranking,all,HLA-B*57:03,auc_gt_2h,0.8850340136054423,369,369,False
baseline_plus_conditional_all,leave_one_allele_out,ranking,all,HLA-B*58:01,spearman,0.7267615759498568,379,379,False
baseline_plus_conditional_all,leave_one_allele_out,ranking,all,HLA-B*58:01,pearson_log,0.648663465443831,379,379,False
baseline_plus_conditional_all,leave_one_allele_out,ranking,all,HLA-B*58:01,auc_gt_2h,0.8651117318435754,379,379,False
baseline_plus_conditional_all,leave_one_allele_out,ranking,all,HLA-B*81:01,spearman,0.5107695968304217,367,367,False
baseline_plus_conditional_all,leave_one_allele_out,ranking,all,HLA-B*81:01,pearson_log,0.49721640759723806,367,367,False
baseline_plus_conditional_all,leave_one_allele_out,ranking,all,HLA-B*81:01,auc_gt_2h,0.5322580645161291,367,367,False
baseline_plus_conditional_all,leave_one_allele_out,ranking,nonzero,HLA-A*01:01,spearman,0.14013685761785394,207,207,False
baseline_plus_conditional_all,leave_one_allele_out,ranking,nonzero,HLA-A*01:01,pearson_log,0.1662614777605728,207,207,False
baseline_plus_conditional_all,leave_one_allele_out,ranking,nonzero,HLA-A*01:01,auc_gt_2h,0.6265595463137996,207,207,False
baseline_plus_conditional_all,leave_one_allele_out,ranking,nonzero,HLA-A*02:01,spearman,0.6806923523169538,1007,1007,False
baseline_plus_conditional_all,leave_one_allele_out,ranking,nonzero,HLA-A*02:01,pearson_log,0.653504079103661,1007,1007,False
baseline_plus_conditional_all,leave_one_allele_out,ranking,nonzero,HLA-A*02:01,auc_gt_2h,0.8282644765223163,1007,1007,False
baseline_plus_conditional_all,leave_one_allele_out,ranking,nonzero,HLA-A*02:03,spearman,0.7110987550954555,365,365,False
baseline_plus_conditional_all,leave_one_allele_out,ranking,nonzero,HLA-A*02:03,pearson_log,0.6896397806960354,365,365,False
baseline_plus_conditional_all,leave_one_allele_out,ranking,nonzero,HLA-A*02:03,auc_gt_2h,0.8357142857142859,365,365,False
baseline_plus_conditional_all,leave_one_allele_out,ranking,nonzero,HLA-A*02:05,spearman,0.28385841055403643,21,21,False
baseline_plus_conditional_all,leave_one_allele_out,ranking,nonzero,HLA-A*02:05,pearson_log,0.364874745860441,21,21,False
baseline_plus_conditional_all,leave_one_allele_out,ranking,nonzero,HLA-A*02:05,auc_gt_2h,0.6111111111111112,21,21,False
baseline_plus_conditional_all,leave_one_allele_out,ranking,nonzero,HLA-A*02:10,spearman,0.3651718942702974,352,352,False
baseline_plus_conditional_all,leave_one_allele_out,ranking,nonzero,HLA-A*02:10,pearson_log,0.39221801167862613,352,352,False
baseline_plus_conditional_all,leave_one_allele_out,ranking,nonzero,HLA-A*02:10,auc_gt_2h,0.6898615424430642,352,352,False
baseline_plus_conditional_all,leave_one_allele_out,ranking,nonzero,HLA-A*02:11,spearman,0.5881712017454307,375,375,False
baseline_plus_conditional_all,leave_one_allele_out,ranking,nonzero,HLA-A*02:11,pearson_log,0.5693838024344533,375,375,False
baseline_plus_conditional_all,leave_one_allele_out,ranking,nonzero,HLA-A*02:11,auc_gt_2h,0.7973015873015872,375,375,False
baseline_plus_conditional_all,leave_one_allele_out,ranking,nonzero,HLA-A*02:12,spearman,0.8226218383830102,363,363,False
baseline_plus_conditional_all,leave_one_allele_out,ranking,nonzero,HLA-A*02:12,pearson_log,0.7989887730829525,363,363,False
baseline_plus_conditional_all,leave_one_allele_out,ranking,nonzero,HLA-A*02:12,auc_gt_2h,0.9198073506031984,363,363,False
baseline_plus_conditional_all,leave_one_allele_out,ranking,nonzero,HLA-A*02:16,spearman,0.8093775407255455,368,368,False
baseline_plus_conditional_all,leave_one_allele_out,ranking,nonzero,HLA-A*02:16,pearson_log,0.7838712611376957,368,368,False
baseline_plus_conditional_all,leave_one_allele_out,ranking,nonzero,HLA-A*02:16,auc_gt_2h,0.9389593675307961,368,368,False
baseline_plus_conditional_all,leave_one_allele_out,ranking,nonzero,HLA-A*02:19,spearman,0.7243056125987352,338,338,False
baseline_plus_conditional_all,leave_one_allele_out,ranking,nonzero,HLA-A*02:19,pearson_log,0.7256876605996223,338,338,False
baseline_plus_conditional_all,leave_one_allele_out,ranking,nonzero,HLA-A*02:19,auc_gt_2h,0.8465136054421769,338,338,False
baseline_plus_conditional_all,leave_one_allele_out,ranking,nonzero,HLA-A*02:50,spearman,0.6904725172191398,373,373,False
baseline_plus_conditional_all,leave_one_allele_out,ranking,nonzero,HLA-A*02:50,pearson_log,0.6550870906393647,373,373,False
baseline_plus_conditional_all,leave_one_allele_out,ranking,nonzero,HLA-A*02:50,auc_gt_2h,0.8512609599566121,373,373,False
baseline_plus_conditional_all,leave_one_allele_out,ranking,nonzero,HLA-A*03:01,spearman,0.5807681237529811,683,683,False
baseline_plus_conditional_all,leave_one_allele_out,ranking,nonzero,HLA-A*03:01,pearson_log,0.5808428420569967,683,683,False
baseline_plus_conditional_all,leave_one_allele_out,ranking,nonzero,HLA-A*03:01,auc_gt_2h,0.7687673772011121,683,683,False
baseline_plus_conditional_all,leave_one_allele_out,ranking,nonzero,HLA-A*11:01,spearman,0.7134341701791138,548,548,False
baseline_plus_conditional_all,leave_one_allele_out,ranking,nonzero,HLA-A*11:01,pearson_log,0.7082838991419904,548,548,False
baseline_plus_conditional_all,leave_one_allele_out,ranking,nonzero,HLA-A*11:01,auc_gt_2h,0.849457786861977,548,548,False
baseline_plus_conditional_all,leave_one_allele_out,ranking,nonzero,HLA-A*23:01,spearman,0.8489830609881359,372,372,False
baseline_plus_conditional_all,leave_one_allele_out,ranking,nonzero,HLA-A*23:01,pearson_log,0.8175319514313776,372,372,False
baseline_plus_conditional_all,leave_one_allele_out,ranking,nonzero,HLA-A*23:01,auc_gt_2h,0.9398692810457517,372,372,False
baseline_plus_conditional_all,leave_one_allele_out,ranking,nonzero,HLA-A*24:02,spearman,0.767132336995003,563,563,False
baseline_plus_conditional_all,leave_one_allele_out,ranking,nonzero,HLA-A*24:02,pearson_log,0.7855459000111029,563,563,False
baseline_plus_conditional_all,leave_one_allele_out,ranking,nonzero,HLA-A*24:02,auc_gt_2h,0.8856061187424858,563,563,False
baseline_plus_conditional_all,leave_one_allele_out,ranking,nonzero,HLA-A*24:03,spearman,0.7242171567751373,512,512,False
baseline_plus_conditional_all,leave_one_allele_out,ranking,nonzero,HLA-A*24:03,pearson_log,0.7021566496347798,512,512,False
baseline_plus_conditional_all,leave_one_allele_out,ranking,nonzero,HLA-A*24:03,auc_gt_2h,0.8475632440476191,512,512,False
baseline_plus_conditional_all,leave_one_allele_out,ranking,nonzero,HLA-A*24:07,spearman,0.7912802051151397,348,348,False
baseline_plus_conditional_all,leave_one_allele_out,ranking,nonzero,HLA-A*24:07,pearson_log,0.7862987481184904,348,348,False
baseline_plus_conditional_all,leave_one_allele_out,ranking,nonzero,HLA-A*24:07,auc_gt_2h,0.8808201058201057,348,348,False
baseline_plus_conditional_all,leave_one_allele_out,ranking,nonzero,HLA-A*24:19,spearman,0.30877082139526124,280,280,False
baseline_plus_conditional_all,leave_one_allele_out,ranking,nonzero,HLA-A*24:19,pearson_log,0.27222591970425414,280,280,False
baseline_plus_conditional_all,leave_one_allele_out,ranking,nonzero,HLA-A*24:19,auc_gt_2h,0.5187074829931972,280,280,False
baseline_plus_conditional_all,leave_one_allele_out,ranking,nonzero,HLA-A*25:01,spearman,0.35380382910900277,256,256,False
baseline_plus_conditional_all,leave_one_allele_out,ranking,nonzero,HLA-A*25:01,pearson_log,0.36884424900814516,256,256,False
baseline_plus_conditional_all,leave_one_allele_out,ranking,nonzero,HLA-A*25:01,auc_gt_2h,0.6822623828647925,256,256,False
baseline_plus_conditional_all,leave_one_allele_out,ranking,nonzero,HLA-A*26:01,spearman,0.6681966354235127,257,257,False
baseline_plus_conditional_all,leave_one_allele_out,ranking,nonzero,HLA-A*26:01,pearson_log,0.6476204852557507,257,257,False
baseline_plus_conditional_all,leave_one_allele_out,ranking,nonzero,HLA-A*26:01,auc_gt_2h,0.8549247606019152,257,257,False
baseline_plus_conditional_all,leave_one_allele_out,ranking,nonzero,HLA-A*26:02,spearman,0.6015122098283717,315,315,False
baseline_plus_conditional_all,leave_one_allele_out,ranking,nonzero,HLA-A*26:02,pearson_log,0.6329006262948154,315,315,False
baseline_plus_conditional_all,leave_one_allele_out,ranking,nonzero,HLA-A*26:02,auc_gt_2h,0.7874745934959351,315,315,False
baseline_plus_conditional_all,leave_one_allele_out,ranking,nonzero,HLA-A*26:03,spearman,0.5327493072391063,243,243,False
baseline_plus_conditional_all,leave_one_allele_out,ranking,nonzero,HLA-A*26:03,pearson_log,0.5625146371158873,243,243,False
baseline_plus_conditional_all,leave_one_allele_out,ranking,nonzero,HLA-A*26:03,auc_gt_2h,0.7838957055214725,243,243,False
baseline_plus_conditional_all,leave_one_allele_out,ranking,nonzero,HLA-A*29:02,spearman,0.4379233418916653,367,367,False
baseline_plus_conditional_all,leave_one_allele_out,ranking,nonzero,HLA-A*29:02,pearson_log,0.42496323353353066,367,367,False
baseline_plus_conditional_all,leave_one_allele_out,ranking,nonzero,HLA-A*29:02,auc_gt_2h,0.7163879398189774,367,367,False
baseline_plus_conditional_all,leave_one_allele_out,ranking,nonzero,HLA-A*30:01,spearman,0.10821438312187974,268,268,False
baseline_plus_conditional_all,leave_one_allele_out,ranking,nonzero,HLA-A*30:01,pearson_log,0.12430309236135924,268,268,False
baseline_plus_conditional_all,leave_one_allele_out,ranking,nonzero,HLA-A*30:01,auc_gt_2h,0.5530852731177802,268,268,False
baseline_plus_conditional_all,leave_one_allele_out,ranking,nonzero,HLA-A*30:02,spearman,0.34803586532735625,344,344,False
baseline_plus_conditional_all,leave_one_allele_out,ranking,nonzero,HLA-A*30:02,pearson_log,0.3861400175762365,344,344,False
baseline_plus_conditional_all,leave_one_allele_out,ranking,nonzero,HLA-A*30:02,auc_gt_2h,0.6710419705072111,344,344,False
baseline_plus_conditional_all,leave_one_allele_out,ranking,nonzero,HLA-A*31:01,spearman,0.6872921291394715,348,348,False
baseline_plus_conditional_all,leave_one_allele_out,ranking,nonzero,HLA-A*31:01,pearson_log,0.6871858225347083,348,348,False
baseline_plus_conditional_all,leave_one_allele_out,ranking,nonzero,HLA-A*31:01,auc_gt_2h,0.8421988240120334,348,348,False
baseline_plus_conditional_all,leave_one_allele_out,ranking,nonzero,HLA-A*32:01,spearman,0.8680894328372326,28,28,False
baseline_plus_conditional_all,leave_one_allele_out,ranking,nonzero,HLA-A*32:01,pearson_log,0.8656861168756124,28,28,False
baseline_plus_conditional_all,leave_one_allele_out,ranking,nonzero,HLA-A*32:01,auc_gt_2h,0.9946524064171123,28,28,False
baseline_plus_conditional_all,leave_one_allele_out,ranking,nonzero,HLA-A*32:07,spearman,0.5016609332136855,231,231,False
baseline_plus_conditional_all,leave_one_allele_out,ranking,nonzero,HLA-A*32:07,pearson_log,0.5110221894785314,231,231,False
baseline_plus_conditional_all,leave_one_allele_out,ranking,nonzero,HLA-A*32:07,auc_gt_2h,0.7223742210062319,231,231,False
baseline_plus_conditional_all,leave_one_allele_out,ranking,nonzero,HLA-A*33:03,spearman,0.609774851007309,235,235,False
baseline_plus_conditional_all,leave_one_allele_out,ranking,nonzero,HLA-A*33:03,pearson_log,0.6153010832004804,235,235,False
baseline_plus_conditional_all,leave_one_allele_out,ranking,nonzero,HLA-A*33:03,auc_gt_2h,0.7832405689548546,235,235,False
baseline_plus_conditional_all,leave_one_allele_out,ranking,nonzero,HLA-A*43:01,spearman,0.27746684872246175,278,278,False
baseline_plus_conditional_all,leave_one_allele_out,ranking,nonzero,HLA-A*43:01,pearson_log,0.31394520200344334,278,278,False
baseline_plus_conditional_all,leave_one_allele_out,ranking,nonzero,HLA-A*43:01,auc_gt_2h,0.7184316146958937,278,278,False
baseline_plus_conditional_all,leave_one_allele_out,ranking,nonzero,HLA-A*66:01,spearman,0.4922056107929262,234,234,False
baseline_plus_conditional_all,leave_one_allele_out,ranking,nonzero,HLA-A*66:01,pearson_log,0.5264774751980222,234,234,False
baseline_plus_conditional_all,leave_one_allele_out,ranking,nonzero,HLA-A*66:01,auc_gt_2h,0.7913398692810457,234,234,False
baseline_plus_conditional_all,leave_one_allele_out,ranking,nonzero,HLA-A*68:01,spearman,0.45103116154688494,287,287,False
baseline_plus_conditional_all,leave_one_allele_out,ranking,nonzero,HLA-A*68:01,pearson_log,0.46656132156879077,287,287,False
baseline_plus_conditional_all,leave_one_allele_out,ranking,nonzero,HLA-A*68:01,auc_gt_2h,0.6883116883116884,287,287,False
baseline_plus_conditional_all,leave_one_allele_out,ranking,nonzero,HLA-A*68:02,spearman,-0.16949193961638917,16,16,False
baseline_plus_conditional_all,leave_one_allele_out,ranking,nonzero,HLA-A*68:02,pearson_log,-0.23141946392067575,16,16,False
baseline_plus_conditional_all,leave_one_allele_out,ranking,nonzero,HLA-A*68:02,auc_gt_2h,0.5357142857142857,16,16,False
baseline_plus_conditional_all,leave_one_allele_out,ranking,nonzero,HLA-A*68:23,spearman,0.46364719706224505,313,313,False
baseline_plus_conditional_all,leave_one_allele_out,ranking,nonzero,HLA-A*68:23,pearson_log,0.49933717914925385,313,313,False
baseline_plus_conditional_all,leave_one_allele_out,ranking,nonzero,HLA-A*68:23,auc_gt_2h,0.7415318356419509,313,313,False
baseline_plus_conditional_all,leave_one_allele_out,ranking,nonzero,HLA-A*69:01,spearman,-0.012195348666382085,10,10,False
baseline_plus_conditional_all,leave_one_allele_out,ranking,nonzero,HLA-A*69:01,pearson_log,0.07786925644270565,10,10,False
baseline_plus_conditional_all,leave_one_allele_out,ranking,nonzero,HLA-A*69:01,auc_gt_2h,0.4375,10,10,False
baseline_plus_conditional_all,leave_one_allele_out,ranking,nonzero,HLA-A*74:01,spearman,0.6166405076152546,304,304,False
baseline_plus_conditional_all,leave_one_allele_out,ranking,nonzero,HLA-A*74:01,pearson_log,0.6068984636381589,304,304,False
baseline_plus_conditional_all,leave_one_allele_out,ranking,nonzero,HLA-A*74:01,auc_gt_2h,0.7927952207698873,304,304,False
baseline_plus_conditional_all,leave_one_allele_out,ranking,nonzero,HLA-A*80:01,spearman,0.3846667787140261,182,182,False
baseline_plus_conditional_all,leave_one_allele_out,ranking,nonzero,HLA-A*80:01,pearson_log,0.4173076571718796,182,182,False
baseline_plus_conditional_all,leave_one_allele_out,ranking,nonzero,HLA-A*80:01,auc_gt_2h,0.8014260249554367,182,182,False
baseline_plus_conditional_all,leave_one_allele_out,ranking,nonzero,HLA-B*07:02,spearman,0.6058325478104579,598,598,False
baseline_plus_conditional_all,leave_one_allele_out,ranking,nonzero,HLA-B*07:02,pearson_log,0.5788150793643941,598,598,False
baseline_plus_conditional_all,leave_one_allele_out,ranking,nonzero,HLA-B*07:02,auc_gt_2h,0.7733837993847867,598,598,False
baseline_plus_conditional_all,leave_one_allele_out,ranking,nonzero,HLA-B*08:01,spearman,0.20707177974722332,331,331,False
baseline_plus_conditional_all,leave_one_allele_out,ranking,nonzero,HLA-B*08:01,pearson_log,0.19016254126049073,331,331,False
baseline_plus_conditional_all,leave_one_allele_out,ranking,nonzero,HLA-B*08:01,auc_gt_2h,0.6805128205128206,331,331,False
baseline_plus_conditional_all,leave_one_allele_out,ranking,nonzero,HLA-B*08:03,spearman,0.31874793828203024,203,203,False
baseline_plus_conditional_all,leave_one_allele_out,ranking,nonzero,HLA-B*08:03,pearson_log,0.3055362299202737,203,203,False
baseline_plus_conditional_all,leave_one_allele_out,ranking,nonzero,HLA-B*08:03,auc_gt_2h,0.7105614973262032,203,203,False
baseline_plus_conditional_all,leave_one_allele_out,ranking,nonzero,HLA-B*13:02,spearman,-0.19999999999999998,4,4,False
baseline_plus_conditional_all,leave_one_allele_out,ranking,nonzero,HLA-B*13:02,pearson_log,-0.4422142746808227,4,4,False
baseline_plus_conditional_all,leave_one_allele_out,ranking,nonzero,HLA-B*13:02,auc_gt_2h,0.0,4,4,False
baseline_plus_conditional_all,leave_one_allele_out,ranking,nonzero,HLA-B*14:01(C67S),spearman,0.3741809753689698,41,41,False
baseline_plus_conditional_all,leave_one_allele_out,ranking,nonzero,HLA-B*14:01(C67S),pearson_log,0.3684103758516404,41,41,False
baseline_plus_conditional_all,leave_one_allele_out,ranking,nonzero,HLA-B*14:01(C67S),auc_gt_2h,0.7322580645161291,41,41,False
baseline_plus_conditional_all,leave_one_allele_out,ranking,nonzero,HLA-B*14:02(C67S),spearman,0.26626666086617573,96,96,False
baseline_plus_conditional_all,leave_one_allele_out,ranking,nonzero,HLA-B*14:02(C67S),pearson_log,0.30035003802872273,96,96,False
baseline_plus_conditional_all,leave_one_allele_out,ranking,nonzero,HLA-B*14:02(C67S),auc_gt_2h,0.6916508538899431,96,96,False
baseline_plus_conditional_all,leave_one_allele_out,ranking,nonzero,HLA-B*15:01,spearman,0.13608154901031524,1012,1012,False
baseline_plus_conditional_all,leave_one_allele_out,ranking,nonzero,HLA-B*15:01,pearson_log,0.1419339770622799,1012,1012,False
baseline_plus_conditional_all,leave_one_allele_out,ranking,nonzero,HLA-B*15:01,auc_gt_2h,0.5965433754236972,1012,1012,False
baseline_plus_conditional_all,leave_one_allele_out,ranking,nonzero,HLA-B*15:02,spearman,0.2262439878073264,271,271,False
baseline_plus_conditional_all,leave_one_allele_out,ranking,nonzero,HLA-B*15:02,pearson_log,0.21512484666547207,271,271,False
baseline_plus_conditional_all,leave_one_allele_out,ranking,nonzero,HLA-B*15:02,auc_gt_2h,0.6280788177339901,271,271,False
baseline_plus_conditional_all,leave_one_allele_out,ranking,nonzero,HLA-B*15:10,spearman,0.4028741604317164,304,304,False
baseline_plus_conditional_all,leave_one_allele_out,ranking,nonzero,HLA-B*15:10,pearson_log,0.37742681841192005,304,304,False
baseline_plus_conditional_all,leave_one_allele_out,ranking,nonzero,HLA-B*15:10,auc_gt_2h,0.7049887351142582,304,304,False
baseline_plus_conditional_all,leave_one_allele_out,ranking,nonzero,HLA-B*15:17,spearman,0.12838915272663212,335,335,False
baseline_plus_conditional_all,leave_one_allele_out,ranking,nonzero,HLA-B*15:17,pearson_log,0.14602672461577285,335,335,False
baseline_plus_conditional_all,leave_one_allele_out,ranking,nonzero,HLA-B*15:17,auc_gt_2h,0.5377163523637303,335,335,False
baseline_plus_conditional_all,leave_one_allele_out,ranking,nonzero,HLA-B*18:01,spearman,0.3463068459388719,315,315,False
baseline_plus_conditional_all,leave_one_allele_out,ranking,nonzero,HLA-B*18:01,pearson_log,0.35659287574364484,315,315,False
baseline_plus_conditional_all,leave_one_allele_out,ranking,nonzero,HLA-B*18:01,auc_gt_2h,0.6496893394375408,315,315,False
baseline_plus_conditional_all,leave_one_allele_out,ranking,nonzero,HLA-B*27:02,spearman,0.49941224763475717,239,239,False
baseline_plus_conditional_all,leave_one_allele_out,ranking,nonzero,HLA-B*27:02,pearson_log,0.5062991126681348,239,239,False
baseline_plus_conditional_all,leave_one_allele_out,ranking,nonzero,HLA-B*27:02,auc_gt_2h,0.7158992805755395,239,239,False
baseline_plus_conditional_all,leave_one_allele_out,ranking,nonzero,HLA-B*27:03,spearman,0.7063646481145818,237,237,False
baseline_plus_conditional_all,leave_one_allele_out,ranking,nonzero,HLA-B*27:03,pearson_log,0.7016249199119238,237,237,False
baseline_plus_conditional_all,leave_one_allele_out,ranking,nonzero,HLA-B*27:03,auc_gt_2h,0.8526959022286125,237,237,False
baseline_plus_conditional_all,leave_one_allele_out,ranking,nonzero,HLA-B*27:05,spearman,0.6421168214043904,307,307,False
baseline_plus_conditional_all,leave_one_allele_out,ranking,nonzero,HLA-B*27:05,pearson_log,0.6231763292877286,307,307,False
baseline_plus_conditional_all,leave_one_allele_out,ranking,nonzero,HLA-B*27:05,auc_gt_2h,0.8524518770141974,307,307,False
baseline_plus_conditional_all,leave_one_allele_out,ranking,nonzero,HLA-B*27:20,spearman,0.46877830012358934,251,251,False
baseline_plus_conditional_all,leave_one_allele_out,ranking,nonzero,HLA-B*27:20,pearson_log,0.5282173190808446,251,251,False
baseline_plus_conditional_all,leave_one_allele_out,ranking,nonzero,HLA-B*27:20,auc_gt_2h,0.7707334785766159,251,251,False
baseline_plus_conditional_all,leave_one_allele_out,ranking,nonzero,HLA-B*35:01,spearman,0.37339997472055664,565,565,False
baseline_plus_conditional_all,leave_one_allele_out,ranking,nonzero,HLA-B*35:01,pearson_log,0.36606420784673693,565,565,False
baseline_plus_conditional_all,leave_one_allele_out,ranking,nonzero,HLA-B*35:01,auc_gt_2h,0.6987112945286984,565,565,False
baseline_plus_conditional_all,leave_one_allele_out,ranking,nonzero,HLA-B*35:03,spearman,0.5192440070289791,357,357,False
baseline_plus_conditional_all,leave_one_allele_out,ranking,nonzero,HLA-B*35:03,pearson_log,0.5246318285192463,357,357,False
baseline_plus_conditional_all,leave_one_allele_out,ranking,nonzero,HLA-B*35:03,auc_gt_2h,0.7590315629357334,357,357,False
baseline_plus_conditional_all,leave_one_allele_out,ranking,nonzero,HLA-B*35:08,spearman,0.6234123476342995,25,25,False
baseline_plus_conditional_all,leave_one_allele_out,ranking,nonzero,HLA-B*35:08,pearson_log,0.6827730848086029,25,25,False
baseline_plus_conditional_all,leave_one_allele_out,ranking,nonzero,HLA-B*35:08,auc_gt_2h,0.9523809523809524,25,25,False
baseline_plus_conditional_all,leave_one_allele_out,ranking,nonzero,HLA-B*39:01,spearman,0.3737849740770556,547,547,False
baseline_plus_conditional_all,leave_one_allele_out,ranking,nonzero,HLA-B*39:01,pearson_log,0.4196416878718496,547,547,False
baseline_plus_conditional_all,leave_one_allele_out,ranking,nonzero,HLA-B*39:01,auc_gt_2h,0.7689358889623265,547,547,False
baseline_plus_conditional_all,leave_one_allele_out,ranking,nonzero,HLA-B*39:02,spearman,0.34203018419254244,306,306,False
baseline_plus_conditional_all,leave_one_allele_out,ranking,nonzero,HLA-B*39:02,pearson_log,0.3300429717112946,306,306,False
baseline_plus_conditional_all,leave_one_allele_out,ranking,nonzero,HLA-B*39:02,auc_gt_2h,0.6837871287128713,306,306,False
baseline_plus_conditional_all,leave_one_allele_out,ranking,nonzero,HLA-B*39:06(C67S),spearman,0.1441387106001409,30,30,False
baseline_plus_conditional_all,leave_one_allele_out,ranking,nonzero,HLA-B*39:06(C67S),pearson_log,0.2022044855820854,30,30,False
baseline_plus_conditional_all,leave_one_allele_out,ranking,nonzero,HLA-B*39:06(C67S),auc_gt_2h,0.6041666666666666,30,30,False
baseline_plus_conditional_all,leave_one_allele_out,ranking,nonzero,HLA-B*39:10,spearman,0.6402519386288816,341,341,False
baseline_plus_conditional_all,leave_one_allele_out,ranking,nonzero,HLA-B*39:10,pearson_log,0.614154051905998,341,341,False
baseline_plus_conditional_all,leave_one_allele_out,ranking,nonzero,HLA-B*39:10,auc_gt_2h,0.7929271590332938,341,341,False
baseline_plus_conditional_all,leave_one_allele_out,ranking,nonzero,HLA-B*40:01,spearman,0.4049971022604674,283,283,False
baseline_plus_conditional_all,leave_one_allele_out,ranking,nonzero,HLA-B*40:01,pearson_log,0.35715870454606213,283,283,False
baseline_plus_conditional_all,leave_one_allele_out,ranking,nonzero,HLA-B*40:01,auc_gt_2h,0.6956521739130435,283,283,False
baseline_plus_conditional_all,leave_one_allele_out,ranking,nonzero,HLA-B*40:02,spearman,0.11578947368421051,19,19,False
baseline_plus_conditional_all,leave_one_allele_out,ranking,nonzero,HLA-B*40:02,pearson_log,0.17518553059272982,19,19,False
baseline_plus_conditional_all,leave_one_allele_out,ranking,nonzero,HLA-B*40:02,auc_gt_2h,0.5833333333333333,19,19,False
baseline_plus_conditional_all,leave_one_allele_out,ranking,nonzero,HLA-B*41:01,spearman,0.39694982307752164,148,148,False
baseline_plus_conditional_all,leave_one_allele_out,ranking,nonzero,HLA-B*41:01,pearson_log,0.4733506666712425,148,148,False
baseline_plus_conditional_all,leave_one_allele_out,ranking,nonzero,HLA-B*41:01,auc_gt_2h,0.8332282471626734,148,148,False
baseline_plus_conditional_all,leave_one_allele_out,ranking,nonzero,HLA-B*42:01,spearman,0.803172316507036,342,342,False
baseline_plus_conditional_all,leave_one_allele_out,ranking,nonzero,HLA-B*42:01,pearson_log,0.7840754328431623,342,342,False
baseline_plus_conditional_all,leave_one_allele_out,ranking,nonzero,HLA-B*42:01,auc_gt_2h,0.9343874068398691,342,342,False
baseline_plus_conditional_all,leave_one_allele_out,ranking,nonzero,HLA-B*42:02,spearman,0.6854248513744343,340,340,False
baseline_plus_conditional_all,leave_one_allele_out,ranking,nonzero,HLA-B*42:02,pearson_log,0.6664296074985739,340,340,False
baseline_plus_conditional_all,leave_one_allele_out,ranking,nonzero,HLA-B*42:02,auc_gt_2h,0.8386537728328307,340,340,False
baseline_plus_conditional_all,leave_one_allele_out,ranking,nonzero,HLA-B*44:05,spearman,0.25485760544390995,332,332,False
baseline_plus_conditional_all,leave_one_allele_out,ranking,nonzero,HLA-B*44:05,pearson_log,0.24585092571185166,332,332,False
baseline_plus_conditional_all,leave_one_allele_out,ranking,nonzero,HLA-B*44:05,auc_gt_2h,0.6256410256410256,332,332,False
baseline_plus_conditional_all,leave_one_allele_out,ranking,nonzero,HLA-B*45:01,spearman,0.38625817220330455,121,121,False
baseline_plus_conditional_all,leave_one_allele_out,ranking,nonzero,HLA-B*45:01,pearson_log,0.34793865000097074,121,121,False
baseline_plus_conditional_all,leave_one_allele_out,ranking,nonzero,HLA-B*45:01,auc_gt_2h,0.7450980392156862,121,121,False
baseline_plus_conditional_all,leave_one_allele_out,ranking,nonzero,HLA-B*46:01,spearman,0.1331577262295166,213,213,False
baseline_plus_conditional_all,leave_one_allele_out,ranking,nonzero,HLA-B*46:01,pearson_log,0.12660642624430052,213,213,False
baseline_plus_conditional_all,leave_one_allele_out,ranking,nonzero,HLA-B*46:01,auc_gt_2h,0.5657206119162641,213,213,False
baseline_plus_conditional_all,leave_one_allele_out,ranking,nonzero,HLA-B*51:01,spearman,0.24653837826293948,174,174,False
baseline_plus_conditional_all,leave_one_allele_out,ranking,nonzero,HLA-B*51:01,pearson_log,0.2339123396810769,174,174,False
baseline_plus_conditional_all,leave_one_allele_out,ranking,nonzero,HLA-B*51:01,auc_gt_2h,0.6539266285395453,174,174,False
baseline_plus_conditional_all,leave_one_allele_out,ranking,nonzero,HLA-B*54:01,spearman,0.5425045432567129,210,210,False
baseline_plus_conditional_all,leave_one_allele_out,ranking,nonzero,HLA-B*54:01,pearson_log,0.5202796432903858,210,210,False
baseline_plus_conditional_all,leave_one_allele_out,ranking,nonzero,HLA-B*54:01,auc_gt_2h,0.7902999719652368,210,210,False
baseline_plus_conditional_all,leave_one_allele_out,ranking,nonzero,HLA-B*55:01,spearman,0.6206254292067362,168,168,False
baseline_plus_conditional_all,leave_one_allele_out,ranking,nonzero,HLA-B*55:01,pearson_log,0.6343318615981902,168,168,False
baseline_plus_conditional_all,leave_one_allele_out,ranking,nonzero,HLA-B*55:01,auc_gt_2h,0.8294775547724835,168,168,False
baseline_plus_conditional_all,leave_one_allele_out,ranking,nonzero,HLA-B*56:01,spearman,0.6850066688992991,190,190,False
baseline_plus_conditional_all,leave_one_allele_out,ranking,nonzero,HLA-B*56:01,pearson_log,0.6803743967041248,190,190,False
baseline_plus_conditional_all,leave_one_allele_out,ranking,nonzero,HLA-B*56:01,auc_gt_2h,0.8801190476190477,190,190,False
baseline_plus_conditional_all,leave_one_allele_out,ranking,nonzero,HLA-B*57:01,spearman,0.6812498400966963,303,303,False
baseline_plus_conditional_all,leave_one_allele_out,ranking,nonzero,HLA-B*57:01,pearson_log,0.6427023184602529,303,303,False
baseline_plus_conditional_all,leave_one_allele_out,ranking,nonzero,HLA-B*57:01,auc_gt_2h,0.8559740259740262,303,303,False
baseline_plus_conditional_all,leave_one_allele_out,ranking,nonzero,HLA-B*57:02,spearman,0.6568145353559064,339,339,False
baseline_plus_conditional_all,leave_one_allele_out,ranking,nonzero,HLA-B*57:02,pearson_log,0.6619129321635191,339,339,False
baseline_plus_conditional_all,leave_one_allele_out,ranking,nonzero,HLA-B*57:02,auc_gt_2h,0.8318775689958896,339,339,False
baseline_plus_conditional_all,leave_one_allele_out,ranking,nonzero,HLA-B*57:03,spearman,0.6664430159688015,367,367,False
baseline_plus_conditional_all,leave_one_allele_out,ranking,nonzero,HLA-B*57:03,pearson_log,0.641778275686373,367,367,False
baseline_plus_conditional_all,leave_one_allele_out,ranking,nonzero,HLA-B*57:03,auc_gt_2h,0.8834218618954431,367,367,False
baseline_plus_conditional_all,leave_one_allele_out,ranking,nonzero,HLA-B*58:01,spearman,0.7461703380406428,320,320,False
baseline_plus_conditional_all,leave_one_allele_out,ranking,nonzero,HLA-B*58:01,pearson_log,0.7168073002024646,320,320,False
baseline_plus_conditional_all,leave_one_allele_out,ranking,nonzero,HLA-B*58:01,auc_gt_2h,0.8568333333333334,320,320,False
baseline_plus_conditional_all,leave_one_allele_out,ranking,nonzero,HLA-B*81:01,spearman,0.3714983323468904,312,312,False
baseline_plus_conditional_all,leave_one_allele_out,ranking,nonzero,HLA-B*81:01,pearson_log,0.31827415317270047,312,312,False
baseline_plus_conditional_all,leave_one_allele_out,ranking,nonzero,HLA-B*81:01,auc_gt_2h,0.4789346802892895,312,312,False
baseline_plus_conditional_all,peptide_disjoint,ranking,all,HLA-A*01:01,spearman,0.5687824834798567,37,37,False
baseline_plus_conditional_all,peptide_disjoint,ranking,all,HLA-A*01:01,pearson_log,0.635666567040333,37,37,False
baseline_plus_conditional_all,peptide_disjoint,ranking,all,HLA-A*01:01,auc_gt_2h,0.9296296296296297,37,37,False
baseline_plus_conditional_all,peptide_disjoint,ranking,all,HLA-A*02:01,spearman,0.7511533630576215,197,197,False
baseline_plus_conditional_all,peptide_disjoint,ranking,all,HLA-A*02:01,pearson_log,0.7196226541951526,197,197,False
baseline_plus_conditional_all,peptide_disjoint,ranking,all,HLA-A*02:01,auc_gt_2h,0.8716814159292035,197,197,False
baseline_plus_conditional_all,peptide_disjoint,ranking,all,HLA-A*02:03,spearman,0.6729782495235712,71,71,False
baseline_plus_conditional_all,peptide_disjoint,ranking,all,HLA-A*02:03,pearson_log,0.6613365980509754,71,71,False
baseline_plus_conditional_all,peptide_disjoint,ranking,all,HLA-A*02:03,auc_gt_2h,0.812807881773399,71,71,False
baseline_plus_conditional_all,peptide_disjoint,ranking,all,HLA-A*02:05,spearman,,1,1,True
baseline_plus_conditional_all,peptide_disjoint,ranking,all,HLA-A*02:05,pearson_log,,1,1,True
baseline_plus_conditional_all,peptide_disjoint,ranking,all,HLA-A*02:05,auc_gt_2h,,1,1,True
baseline_plus_conditional_all,peptide_disjoint,ranking,all,HLA-A*02:10,spearman,0.5752044332581387,68,68,False
baseline_plus_conditional_all,peptide_disjoint,ranking,all,HLA-A*02:10,pearson_log,0.6090527746743104,68,68,False
baseline_plus_conditional_all,peptide_disjoint,ranking,all,HLA-A*02:10,auc_gt_2h,0.8151700087183958,68,68,False
baseline_plus_conditional_all,peptide_disjoint,ranking,all,HLA-A*02:11,spearman,0.5958088244224726,69,69,False
baseline_plus_conditional_all,peptide_disjoint,ranking,all,HLA-A*02:11,pearson_log,0.6137569747660291,69,69,False
baseline_plus_conditional_all,peptide_disjoint,ranking,all,HLA-A*02:11,auc_gt_2h,0.9075235109717869,69,69,False
baseline_plus_conditional_all,peptide_disjoint,ranking,all,HLA-A*02:12,spearman,0.7425528247181042,69,69,False
baseline_plus_conditional_all,peptide_disjoint,ranking,all,HLA-A*02:12,pearson_log,0.7002076801488635,69,69,False
baseline_plus_conditional_all,peptide_disjoint,ranking,all,HLA-A*02:12,auc_gt_2h,0.8831578947368421,69,69,False
baseline_plus_conditional_all,peptide_disjoint,ranking,all,HLA-A*02:16,spearman,0.6940341468245548,69,69,False
baseline_plus_conditional_all,peptide_disjoint,ranking,all,HLA-A*02:16,pearson_log,0.6586581318172939,69,69,False
baseline_plus_conditional_all,peptide_disjoint,ranking,all,HLA-A*02:16,auc_gt_2h,0.8874269005847953,69,69,False
baseline_plus_conditional_all,peptide_disjoint,ranking,all,HLA-A*02:19,spearman,0.740744454533929,67,67,False
baseline_plus_conditional_all,peptide_disjoint,ranking,all,HLA-A*02:19,pearson_log,0.7321251313239105,67,67,False
baseline_plus_conditional_all,peptide_disjoint,ranking,all,HLA-A*02:19,auc_gt_2h,0.8494949494949495,67,67,False
baseline_plus_conditional_all,peptide_disjoint,ranking,all,HLA-A*02:50,spearman,0.7099538808364817,69,69,False
baseline_plus_conditional_all,peptide_disjoint,ranking,all,HLA-A*02:50,pearson_log,0.6613275106509409,69,69,False
baseline_plus_conditional_all,peptide_disjoint,ranking,all,HLA-A*02:50,auc_gt_2h,0.8529411764705883,69,69,False
baseline_plus_conditional_all,peptide_disjoint,ranking,all,HLA-A*03:01,spearman,0.7715737683243387,181,181,False
baseline_plus_conditional_all,peptide_disjoint,ranking,all,HLA-A*03:01,pearson_log,0.7679515484504114,181,181,False
baseline_plus_conditional_all,peptide_disjoint,ranking,all,HLA-A*03:01,auc_gt_2h,0.9256349829798378,181,181,False
baseline_plus_conditional_all,peptide_disjoint,ranking,all,HLA-A*11:01,spearman,0.7784669342496562,121,121,False
baseline_plus_conditional_all,peptide_disjoint,ranking,all,HLA-A*11:01,pearson_log,0.7379410641916535,121,121,False
baseline_plus_conditional_all,peptide_disjoint,ranking,all,HLA-A*11:01,auc_gt_2h,0.8999433106575965,121,121,False
baseline_plus_conditional_all,peptide_disjoint,ranking,all,HLA-A*23:01,spearman,0.7536386538057204,76,76,False
baseline_plus_conditional_all,peptide_disjoint,ranking,all,HLA-A*23:01,pearson_log,0.7128363095785215,76,76,False
baseline_plus_conditional_all,peptide_disjoint,ranking,all,HLA-A*23:01,auc_gt_2h,0.9026785714285714,76,76,False
baseline_plus_conditional_all,peptide_disjoint,ranking,all,HLA-A*24:02,spearman,0.7448983642117469,114,114,False
baseline_plus_conditional_all,peptide_disjoint,ranking,all,HLA-A*24:02,pearson_log,0.7461527114409747,114,114,False
baseline_plus_conditional_all,peptide_disjoint,ranking,all,HLA-A*24:02,auc_gt_2h,0.849375,114,114,False
baseline_plus_conditional_all,peptide_disjoint,ranking,all,HLA-A*24:03,spearman,0.6873316079877795,107,107,False
baseline_plus_conditional_all,peptide_disjoint,ranking,all,HLA-A*24:03,pearson_log,0.6581413275260967,107,107,False
baseline_plus_conditional_all,peptide_disjoint,ranking,all,HLA-A*24:03,auc_gt_2h,0.8239486813970064,107,107,False
baseline_plus_conditional_all,peptide_disjoint,ranking,all,HLA-A*24:07,spearman,0.7886237598935606,74,74,False
baseline_plus_conditional_all,peptide_disjoint,ranking,all,HLA-A*24:07,pearson_log,0.7967237037118057,74,74,False
baseline_plus_conditional_all,peptide_disjoint,ranking,all,HLA-A*24:07,auc_gt_2h,0.9166666666666667,74,74,False
baseline_plus_conditional_all,peptide_disjoint,ranking,all,HLA-A*24:19,spearman,0.33320705623458957,80,80,False
baseline_plus_conditional_all,peptide_disjoint,ranking,all,HLA-A*24:19,pearson_log,0.40823758495204937,80,80,False
baseline_plus_conditional_all,peptide_disjoint,ranking,all,HLA-A*24:19,auc_gt_2h,0.608,80,80,False
baseline_plus_conditional_all,peptide_disjoint,ranking,all,HLA-A*25:01,spearman,0.5387851788078406,74,74,False
baseline_plus_conditional_all,peptide_disjoint,ranking,all,HLA-A*25:01,pearson_log,0.5831603227089601,74,74,False
baseline_plus_conditional_all,peptide_disjoint,ranking,all,HLA-A*25:01,auc_gt_2h,0.8105263157894737,74,74,False
baseline_plus_conditional_all,peptide_disjoint,ranking,all,HLA-A*26:01,spearman,0.6711631775509788,45,45,False
baseline_plus_conditional_all,peptide_disjoint,ranking,all,HLA-A*26:01,pearson_log,0.665953945217867,45,45,False
baseline_plus_conditional_all,peptide_disjoint,ranking,all,HLA-A*26:01,auc_gt_2h,0.822,45,45,False
baseline_plus_conditional_all,peptide_disjoint,ranking,all,HLA-A*26:02,spearman,0.575898861506481,68,68,False
baseline_plus_conditional_all,peptide_disjoint,ranking,all,HLA-A*26:02,pearson_log,0.6121207074036394,68,68,False
baseline_plus_conditional_all,peptide_disjoint,ranking,all,HLA-A*26:02,auc_gt_2h,0.8037209302325582,68,68,False
baseline_plus_conditional_all,peptide_disjoint,ranking,all,HLA-A*26:03,spearman,0.4644753557414023,75,75,False
baseline_plus_conditional_all,peptide_disjoint,ranking,all,HLA-A*26:03,pearson_log,0.49479528091380304,75,75,False
baseline_plus_conditional_all,peptide_disjoint,ranking,all,HLA-A*26:03,auc_gt_2h,0.711943793911007,75,75,False
baseline_plus_conditional_all,peptide_disjoint,ranking,all,HLA-A*29:02,spearman,0.6509220440441033,73,73,False
baseline_plus_conditional_all,peptide_disjoint,ranking,all,HLA-A*29:02,pearson_log,0.6749639807907384,73,73,False
baseline_plus_conditional_all,peptide_disjoint,ranking,all,HLA-A*29:02,auc_gt_2h,0.8423831070889894,73,73,False
baseline_plus_conditional_all,peptide_disjoint,ranking,all,HLA-A*30:01,spearman,0.7444169185882968,86,86,False
baseline_plus_conditional_all,peptide_disjoint,ranking,all,HLA-A*30:01,pearson_log,0.7614363398625372,86,86,False
baseline_plus_conditional_all,peptide_disjoint,ranking,all,HLA-A*30:01,auc_gt_2h,0.8341503267973857,86,86,False
baseline_plus_conditional_all,peptide_disjoint,ranking,all,HLA-A*30:02,spearman,0.41435000564256297,73,73,False
baseline_plus_conditional_all,peptide_disjoint,ranking,all,HLA-A*30:02,pearson_log,0.37398681190037364,73,73,False
baseline_plus_conditional_all,peptide_disjoint,ranking,all,HLA-A*30:02,auc_gt_2h,0.7156521739130436,73,73,False
baseline_plus_conditional_all,peptide_disjoint,ranking,all,HLA-A*31:01,spearman,0.5910661741662929,85,85,False
baseline_plus_conditional_all,peptide_disjoint,ranking,all,HLA-A*31:01,pearson_log,0.5505785599948737,85,85,False
baseline_plus_conditional_all,peptide_disjoint,ranking,all,HLA-A*31:01,auc_gt_2h,0.8029279279279279,85,85,False
baseline_plus_conditional_all,peptide_disjoint,ranking,all,HLA-A*32:01,spearman,0.9746794344808963,5,5,False
baseline_plus_conditional_all,peptide_disjoint,ranking,all,HLA-A*32:01,pearson_log,0.9429299401646924,5,5,False
baseline_plus_conditional_all,peptide_disjoint,ranking,all,HLA-A*32:01,auc_gt_2h,1.0,5,5,False
baseline_plus_conditional_all,peptide_disjoint,ranking,all,HLA-A*32:07,spearman,0.7495593661477301,76,76,False
baseline_plus_conditional_all,peptide_disjoint,ranking,all,HLA-A*32:07,pearson_log,0.7634301601709517,76,76,False
baseline_plus_conditional_all,peptide_disjoint,ranking,all,HLA-A*32:07,auc_gt_2h,0.8662131519274376,76,76,False
baseline_plus_conditional_all,peptide_disjoint,ranking,all,HLA-A*33:03,spearman,0.5659028829696243,84,84,False
baseline_plus_conditional_all,peptide_disjoint,ranking,all,HLA-A*33:03,pearson_log,0.5486424993183917,84,84,False
baseline_plus_conditional_all,peptide_disjoint,ranking,all,HLA-A*33:03,auc_gt_2h,0.8106575963718821,84,84,False
baseline_plus_conditional_all,peptide_disjoint,ranking,all,HLA-A*43:01,spearman,0.5237014042653119,73,73,False
baseline_plus_conditional_all,peptide_disjoint,ranking,all,HLA-A*43:01,pearson_log,0.5820755275696319,73,73,False
baseline_plus_conditional_all,peptide_disjoint,ranking,all,HLA-A*43:01,auc_gt_2h,0.7326388888888888,73,73,False
baseline_plus_conditional_all,peptide_disjoint,ranking,all,HLA-A*66:01,spearman,0.3505998042703912,79,79,False
baseline_plus_conditional_all,peptide_disjoint,ranking,all,HLA-A*66:01,pearson_log,0.33355247710022795,79,79,False
baseline_plus_conditional_all,peptide_disjoint,ranking,all,HLA-A*66:01,auc_gt_2h,0.6733333333333333,79,79,False
baseline_plus_conditional_all,peptide_disjoint,ranking,all,HLA-A*68:01,spearman,0.6514152285298785,85,85,False
baseline_plus_conditional_all,peptide_disjoint,ranking,all,HLA-A*68:01,pearson_log,0.6623794765233599,85,85,False
baseline_plus_conditional_all,peptide_disjoint,ranking,all,HLA-A*68:01,auc_gt_2h,0.8272425249169435,85,85,False
baseline_plus_conditional_all,peptide_disjoint,ranking,all,HLA-A*68:02,spearman,,1,1,True
baseline_plus_conditional_all,peptide_disjoint,ranking,all,HLA-A*68:02,pearson_log,,1,1,True
baseline_plus_conditional_all,peptide_disjoint,ranking,all,HLA-A*68:02,auc_gt_2h,,1,1,True
baseline_plus_conditional_all,peptide_disjoint,ranking,all,HLA-A*68:23,spearman,0.5125190272319065,79,79,False
baseline_plus_conditional_all,peptide_disjoint,ranking,all,HLA-A*68:23,pearson_log,0.5053830826926697,79,79,False
baseline_plus_conditional_all,peptide_disjoint,ranking,all,HLA-A*68:23,auc_gt_2h,0.75,79,79,False
baseline_plus_conditional_all,peptide_disjoint,ranking,all,HLA-A*69:01,spearman,,1,1,True
baseline_plus_conditional_all,peptide_disjoint,ranking,all,HLA-A*69:01,pearson_log,,1,1,True
baseline_plus_conditional_all,peptide_disjoint,ranking,all,HLA-A*69:01,auc_gt_2h,,1,1,True
baseline_plus_conditional_all,peptide_disjoint,ranking,all,HLA-A*74:01,spearman,0.6706913415823823,78,78,False
baseline_plus_conditional_all,peptide_disjoint,ranking,all,HLA-A*74:01,pearson_log,0.652027308711426,78,78,False
baseline_plus_conditional_all,peptide_disjoint,ranking,all,HLA-A*74:01,auc_gt_2h,0.8365194462755439,78,78,False
baseline_plus_conditional_all,peptide_disjoint,ranking,all,HLA-A*80:01,spearman,0.5952405270755086,68,68,False
baseline_plus_conditional_all,peptide_disjoint,ranking,all,HLA-A*80:01,pearson_log,0.5998446609330204,68,68,False
baseline_plus_conditional_all,peptide_disjoint,ranking,all,HLA-A*80:01,auc_gt_2h,0.97265625,68,68,False
baseline_plus_conditional_all,peptide_disjoint,ranking,all,HLA-B*07:02,spearman,0.7531616015993179,142,142,False
baseline_plus_conditional_all,peptide_disjoint,ranking,all,HLA-B*07:02,pearson_log,0.6865541275523197,142,142,False
baseline_plus_conditional_all,peptide_disjoint,ranking,all,HLA-B*07:02,auc_gt_2h,0.9017543859649123,142,142,False
baseline_plus_conditional_all,peptide_disjoint,ranking,all,HLA-B*08:01,spearman,0.5888161617643208,86,86,False
baseline_plus_conditional_all,peptide_disjoint,ranking,all,HLA-B*08:01,pearson_log,0.5875968739704496,86,86,False
baseline_plus_conditional_all,peptide_disjoint,ranking,all,HLA-B*08:01,auc_gt_2h,0.5529411764705883,86,86,False
baseline_plus_conditional_all,peptide_disjoint,ranking,all,HLA-B*08:03,spearman,0.5899871134301334,72,72,False
baseline_plus_conditional_all,peptide_disjoint,ranking,all,HLA-B*08:03,pearson_log,0.5682563060075041,72,72,False
baseline_plus_conditional_all,peptide_disjoint,ranking,all,HLA-B*08:03,auc_gt_2h,0.5036764705882353,72,72,False
baseline_plus_conditional_all,peptide_disjoint,ranking,all,HLA-B*13:02,spearman,,2,2,False
baseline_plus_conditional_all,peptide_disjoint,ranking,all,HLA-B*13:02,pearson_log,,2,2,False
baseline_plus_conditional_all,peptide_disjoint,ranking,all,HLA-B*13:02,auc_gt_2h,,2,2,False
baseline_plus_conditional_all,peptide_disjoint,ranking,all,HLA-B*14:01(C67S),spearman,0.45281510506049283,75,75,False
baseline_plus_conditional_all,peptide_disjoint,ranking,all,HLA-B*14:01(C67S),pearson_log,0.5051241013522412,75,75,False
baseline_plus_conditional_all,peptide_disjoint,ranking,all,HLA-B*14:01(C67S),auc_gt_2h,0.9330985915492958,75,75,False
baseline_plus_conditional_all,peptide_disjoint,ranking,all,HLA-B*14:02(C67S),spearman,0.5382235399947389,73,73,False
baseline_plus_conditional_all,peptide_disjoint,ranking,all,HLA-B*14:02(C67S),pearson_log,0.57036798215762,73,73,False
baseline_plus_conditional_all,peptide_disjoint,ranking,all,HLA-B*14:02(C67S),auc_gt_2h,0.8888888888888888,73,73,False
baseline_plus_conditional_all,peptide_disjoint,ranking,all,HLA-B*15:01,spearman,0.5961134899270654,206,206,False
baseline_plus_conditional_all,peptide_disjoint,ranking,all,HLA-B*15:01,pearson_log,0.563437749611988,206,206,False
baseline_plus_conditional_all,peptide_disjoint,ranking,all,HLA-B*15:01,auc_gt_2h,0.8311746987951807,206,206,False
baseline_plus_conditional_all,peptide_disjoint,ranking,all,HLA-B*15:02,spearman,0.6227961030312659,69,69,False
baseline_plus_conditional_all,peptide_disjoint,ranking,all,HLA-B*15:02,pearson_log,0.6012614347681458,69,69,False
baseline_plus_conditional_all,peptide_disjoint,ranking,all,HLA-B*15:02,auc_gt_2h,0.7504273504273504,69,69,False
baseline_plus_conditional_all,peptide_disjoint,ranking,all,HLA-B*15:10,spearman,0.6438823281656717,65,65,False
baseline_plus_conditional_all,peptide_disjoint,ranking,all,HLA-B*15:10,pearson_log,0.6255542528876985,65,65,False
baseline_plus_conditional_all,peptide_disjoint,ranking,all,HLA-B*15:10,auc_gt_2h,0.8137254901960784,65,65,False
baseline_plus_conditional_all,peptide_disjoint,ranking,all,HLA-B*15:17,spearman,0.3985736595527548,67,67,False
baseline_plus_conditional_all,peptide_disjoint,ranking,all,HLA-B*15:17,pearson_log,0.4589107321336547,67,67,False
baseline_plus_conditional_all,peptide_disjoint,ranking,all,HLA-B*15:17,auc_gt_2h,0.6629901960784315,67,67,False
baseline_plus_conditional_all,peptide_disjoint,ranking,all,HLA-B*18:01,spearman,0.37213799740259407,67,67,False
baseline_plus_conditional_all,peptide_disjoint,ranking,all,HLA-B*18:01,pearson_log,0.4125750040962088,67,67,False
baseline_plus_conditional_all,peptide_disjoint,ranking,all,HLA-B*18:01,auc_gt_2h,0.6485714285714286,67,67,False
baseline_plus_conditional_all,peptide_disjoint,ranking,all,HLA-B*27:02,spearman,0.81518657900731,73,73,False
baseline_plus_conditional_all,peptide_disjoint,ranking,all,HLA-B*27:02,pearson_log,0.8055013596775463,73,73,False
baseline_plus_conditional_all,peptide_disjoint,ranking,all,HLA-B*27:02,auc_gt_2h,0.9376876876876877,73,73,False
baseline_plus_conditional_all,peptide_disjoint,ranking,all,HLA-B*27:03,spearman,0.8122233515172779,78,78,False
baseline_plus_conditional_all,peptide_disjoint,ranking,all,HLA-B*27:03,pearson_log,0.7911557837166738,78,78,False
baseline_plus_conditional_all,peptide_disjoint,ranking,all,HLA-B*27:03,auc_gt_2h,0.9204785362420831,78,78,False
baseline_plus_conditional_all,peptide_disjoint,ranking,all,HLA-B*27:05,spearman,0.7330698656704715,80,80,False
baseline_plus_conditional_all,peptide_disjoint,ranking,all,HLA-B*27:05,pearson_log,0.7349884382238582,80,80,False
baseline_plus_conditional_all,peptide_disjoint,ranking,all,HLA-B*27:05,auc_gt_2h,0.869116698903933,80,80,False
baseline_plus_conditional_all,peptide_disjoint,ranking,all,HLA-B*27:20,spearman,0.8654668821634391,76,76,False
baseline_plus_conditional_all,peptide_disjoint,ranking,all,HLA-B*27:20,pearson_log,0.8639368725180443,76,76,False
baseline_plus_conditional_all,peptide_disjoint,ranking,all,HLA-B*27:20,auc_gt_2h,0.8982142857142856,76,76,False
baseline_plus_conditional_all,peptide_disjoint,ranking,all,HLA-B*35:01,spearman,0.6389966499058668,128,128,False
baseline_plus_conditional_all,peptide_disjoint,ranking,all,HLA-B*35:01,pearson_log,0.6049751508293377,128,128,False
baseline_plus_conditional_all,peptide_disjoint,ranking,all,HLA-B*35:01,auc_gt_2h,0.8173598553345389,128,128,False
baseline_plus_conditional_all,peptide_disjoint,ranking,all,HLA-B*35:03,spearman,0.612580830126692,87,87,False
baseline_plus_conditional_all,peptide_disjoint,ranking,all,HLA-B*35:03,pearson_log,0.5949020561381033,87,87,False
baseline_plus_conditional_all,peptide_disjoint,ranking,all,HLA-B*35:03,auc_gt_2h,0.7795983086680761,87,87,False
baseline_plus_conditional_all,peptide_disjoint,ranking,all,HLA-B*35:08,spearman,0.49999999999999994,5,5,False
baseline_plus_conditional_all,peptide_disjoint,ranking,all,HLA-B*35:08,pearson_log,0.5307934543373632,5,5,False
baseline_plus_conditional_all,peptide_disjoint,ranking,all,HLA-B*35:08,auc_gt_2h,,5,5,False
baseline_plus_conditional_all,peptide_disjoint,ranking,all,HLA-B*39:01,spearman,0.5207321951285819,136,136,False
baseline_plus_conditional_all,peptide_disjoint,ranking,all,HLA-B*39:01,pearson_log,0.5421828603166012,136,136,False
baseline_plus_conditional_all,peptide_disjoint,ranking,all,HLA-B*39:01,auc_gt_2h,0.865047233468286,136,136,False
baseline_plus_conditional_all,peptide_disjoint,ranking,all,HLA-B*39:02,spearman,0.6568076205074243,65,65,False
baseline_plus_conditional_all,peptide_disjoint,ranking,all,HLA-B*39:02,pearson_log,0.6843701811518255,65,65,False
baseline_plus_conditional_all,peptide_disjoint,ranking,all,HLA-B*39:02,auc_gt_2h,0.8478260869565217,65,65,False
baseline_plus_conditional_all,peptide_disjoint,ranking,all,HLA-B*39:06(C67S),spearman,0.1828326012957644,67,67,False
baseline_plus_conditional_all,peptide_disjoint,ranking,all,HLA-B*39:06(C67S),pearson_log,0.3030461838217064,67,67,False
baseline_plus_conditional_all,peptide_disjoint,ranking,all,HLA-B*39:06(C67S),auc_gt_2h,,67,67,False
baseline_plus_conditional_all,peptide_disjoint,ranking,all,HLA-B*39:10,spearman,0.7212105048970665,85,85,False
baseline_plus_conditional_all,peptide_disjoint,ranking,all,HLA-B*39:10,pearson_log,0.7434488581130924,85,85,False
baseline_plus_conditional_all,peptide_disjoint,ranking,all,HLA-B*39:10,auc_gt_2h,0.8531428571428571,85,85,False
baseline_plus_conditional_all,peptide_disjoint,ranking,all,HLA-B*40:01,spearman,0.5268520064623853,57,57,False
baseline_plus_conditional_all,peptide_disjoint,ranking,all,HLA-B*40:01,pearson_log,0.4797248610697248,57,57,False
baseline_plus_conditional_all,peptide_disjoint,ranking,all,HLA-B*40:01,auc_gt_2h,0.8057142857142857,57,57,False
baseline_plus_conditional_all,peptide_disjoint,ranking,all,HLA-B*40:02,spearman,-0.09999999999999999,5,5,False
baseline_plus_conditional_all,peptide_disjoint,ranking,all,HLA-B*40:02,pearson_log,-0.2735271723539773,5,5,False
baseline_plus_conditional_all,peptide_disjoint,ranking,all,HLA-B*40:02,auc_gt_2h,0.0,5,5,False
baseline_plus_conditional_all,peptide_disjoint,ranking,all,HLA-B*41:01,spearman,0.6006903118798949,71,71,False
baseline_plus_conditional_all,peptide_disjoint,ranking,all,HLA-B*41:01,pearson_log,0.6691454800213139,71,71,False
baseline_plus_conditional_all,peptide_disjoint,ranking,all,HLA-B*41:01,auc_gt_2h,0.8487179487179487,71,71,False
baseline_plus_conditional_all,peptide_disjoint,ranking,all,HLA-B*42:01,spearman,0.7589751695746727,77,77,False
baseline_plus_conditional_all,peptide_disjoint,ranking,all,HLA-B*42:01,pearson_log,0.6669202221999397,77,77,False
baseline_plus_conditional_all,peptide_disjoint,ranking,all,HLA-B*42:01,auc_gt_2h,0.8713942307692307,77,77,False
baseline_plus_conditional_all,peptide_disjoint,ranking,all,HLA-B*42:02,spearman,0.7518611421004907,86,86,False
baseline_plus_conditional_all,peptide_disjoint,ranking,all,HLA-B*42:02,pearson_log,0.6945540654195554,86,86,False
baseline_plus_conditional_all,peptide_disjoint,ranking,all,HLA-B*42:02,auc_gt_2h,0.8683473389355741,86,86,False
baseline_plus_conditional_all,peptide_disjoint,ranking,all,HLA-B*44:05,spearman,0.41408281046216444,68,68,False
baseline_plus_conditional_all,peptide_disjoint,ranking,all,HLA-B*44:05,pearson_log,0.4858978780414691,68,68,False
baseline_plus_conditional_all,peptide_disjoint,ranking,all,HLA-B*44:05,auc_gt_2h,0.7005928853754941,68,68,False
baseline_plus_conditional_all,peptide_disjoint,ranking,all,HLA-B*45:01,spearman,0.5524140251186291,68,68,False
baseline_plus_conditional_all,peptide_disjoint,ranking,all,HLA-B*45:01,pearson_log,0.6498566591619791,68,68,False
baseline_plus_conditional_all,peptide_disjoint,ranking,all,HLA-B*45:01,auc_gt_2h,0.8387096774193549,68,68,False
baseline_plus_conditional_all,peptide_disjoint,ranking,all,HLA-B*46:01,spearman,0.34319957577456767,72,72,False
baseline_plus_conditional_all,peptide_disjoint,ranking,all,HLA-B*46:01,pearson_log,0.34096777297370945,72,72,False
baseline_plus_conditional_all,peptide_disjoint,ranking,all,HLA-B*46:01,auc_gt_2h,0.8165784832451499,72,72,False
baseline_plus_conditional_all,peptide_disjoint,ranking,all,HLA-B*51:01,spearman,0.7388931863750514,78,78,False
baseline_plus_conditional_all,peptide_disjoint,ranking,all,HLA-B*51:01,pearson_log,0.7097846318066814,78,78,False
baseline_plus_conditional_all,peptide_disjoint,ranking,all,HLA-B*51:01,auc_gt_2h,0.9100892244337679,78,78,False
baseline_plus_conditional_all,peptide_disjoint,ranking,all,HLA-B*54:01,spearman,0.7705796644487849,82,82,False
baseline_plus_conditional_all,peptide_disjoint,ranking,all,HLA-B*54:01,pearson_log,0.7665200575323696,82,82,False
baseline_plus_conditional_all,peptide_disjoint,ranking,all,HLA-B*54:01,auc_gt_2h,0.9338709677419355,82,82,False
baseline_plus_conditional_all,peptide_disjoint,ranking,all,HLA-B*55:01,spearman,0.7352561659888683,87,87,False
baseline_plus_conditional_all,peptide_disjoint,ranking,all,HLA-B*55:01,pearson_log,0.7628309682552357,87,87,False
baseline_plus_conditional_all,peptide_disjoint,ranking,all,HLA-B*55:01,auc_gt_2h,0.9146537842190017,87,87,False
baseline_plus_conditional_all,peptide_disjoint,ranking,all,HLA-B*56:01,spearman,0.7764948543086504,86,86,False
baseline_plus_conditional_all,peptide_disjoint,ranking,all,HLA-B*56:01,pearson_log,0.777062285102228,86,86,False
baseline_plus_conditional_all,peptide_disjoint,ranking,all,HLA-B*56:01,auc_gt_2h,0.9628378378378377,86,86,False
baseline_plus_conditional_all,peptide_disjoint,ranking,all,HLA-B*57:01,spearman,0.5745456156431619,63,63,False
baseline_plus_conditional_all,peptide_disjoint,ranking,all,HLA-B*57:01,pearson_log,0.3482412575929915,63,63,False
baseline_plus_conditional_all,peptide_disjoint,ranking,all,HLA-B*57:01,auc_gt_2h,0.7287234042553191,63,63,False
baseline_plus_conditional_all,peptide_disjoint,ranking,all,HLA-B*57:02,spearman,0.6684705278878921,68,68,False
baseline_plus_conditional_all,peptide_disjoint,ranking,all,HLA-B*57:02,pearson_log,0.6728609822052656,68,68,False
baseline_plus_conditional_all,peptide_disjoint,ranking,all,HLA-B*57:02,auc_gt_2h,0.8345864661654135,68,68,False
baseline_plus_conditional_all,peptide_disjoint,ranking,all,HLA-B*57:03,spearman,0.630440353342932,70,70,False
baseline_plus_conditional_all,peptide_disjoint,ranking,all,HLA-B*57:03,pearson_log,0.5991028556814733,70,70,False
baseline_plus_conditional_all,peptide_disjoint,ranking,all,HLA-B*57:03,auc_gt_2h,0.8701442841287459,70,70,False
baseline_plus_conditional_all,peptide_disjoint,ranking,all,HLA-B*58:01,spearman,0.6689515908536229,70,70,False
baseline_plus_conditional_all,peptide_disjoint,ranking,all,HLA-B*58:01,pearson_log,0.6242970650351237,70,70,False
baseline_plus_conditional_all,peptide_disjoint,ranking,all,HLA-B*58:01,auc_gt_2h,0.8488562091503269,70,70,False
baseline_plus_conditional_all,peptide_disjoint,ranking,all,HLA-B*81:01,spearman,0.740620221971865,80,80,False
baseline_plus_conditional_all,peptide_disjoint,ranking,all,HLA-B*81:01,pearson_log,0.613748137985779,80,80,False
baseline_plus_conditional_all,peptide_disjoint,ranking,all,HLA-B*81:01,auc_gt_2h,0.9013157894736843,80,80,False
baseline_plus_conditional_all,peptide_disjoint,ranking,nonzero,HLA-A*01:01,spearman,0.5483245136821057,34,34,False
baseline_plus_conditional_all,peptide_disjoint,ranking,nonzero,HLA-A*01:01,pearson_log,0.6193030121307185,34,34,False
baseline_plus_conditional_all,peptide_disjoint,ranking,nonzero,HLA-A*01:01,auc_gt_2h,0.9208333333333334,34,34,False
baseline_plus_conditional_all,peptide_disjoint,ranking,nonzero,HLA-A*02:01,spearman,0.7592234854502927,196,196,False
baseline_plus_conditional_all,peptide_disjoint,ranking,nonzero,HLA-A*02:01,pearson_log,0.7313939325724612,196,196,False
baseline_plus_conditional_all,peptide_disjoint,ranking,nonzero,HLA-A*02:01,auc_gt_2h,0.8740803923659238,196,196,False
baseline_plus_conditional_all,peptide_disjoint,ranking,nonzero,HLA-A*02:03,spearman,0.6781358414874481,69,69,False
baseline_plus_conditional_all,peptide_disjoint,ranking,nonzero,HLA-A*02:03,pearson_log,0.6840984895728837,69,69,False
baseline_plus_conditional_all,peptide_disjoint,ranking,nonzero,HLA-A*02:03,auc_gt_2h,0.8112874779541446,69,69,False
baseline_plus_conditional_all,peptide_disjoint,ranking,nonzero,HLA-A*02:05,spearman,,1,1,True
baseline_plus_conditional_all,peptide_disjoint,ranking,nonzero,HLA-A*02:05,pearson_log,,1,1,True
baseline_plus_conditional_all,peptide_disjoint,ranking,nonzero,HLA-A*02:05,auc_gt_2h,,1,1,True
baseline_plus_conditional_all,peptide_disjoint,ranking,nonzero,HLA-A*02:10,spearman,0.5731533918017999,66,66,False
baseline_plus_conditional_all,peptide_disjoint,ranking,nonzero,HLA-A*02:10,pearson_log,0.6151393410327961,66,66,False
baseline_plus_conditional_all,peptide_disjoint,ranking,nonzero,HLA-A*02:10,auc_gt_2h,0.8129032258064516,66,66,False
baseline_plus_conditional_all,peptide_disjoint,ranking,nonzero,HLA-A*02:11,spearman,0.5958088244224726,69,69,False
baseline_plus_conditional_all,peptide_disjoint,ranking,nonzero,HLA-A*02:11,pearson_log,0.6137569747660291,69,69,False
baseline_plus_conditional_all,peptide_disjoint,ranking,nonzero,HLA-A*02:11,auc_gt_2h,0.9075235109717869,69,69,False
baseline_plus_conditional_all,peptide_disjoint,ranking,nonzero,HLA-A*02:12,spearman,0.7464854626264559,68,68,False
baseline_plus_conditional_all,peptide_disjoint,ranking,nonzero,HLA-A*02:12,pearson_log,0.7337108355855472,68,68,False
baseline_plus_conditional_all,peptide_disjoint,ranking,nonzero,HLA-A*02:12,auc_gt_2h,0.8866666666666667,68,68,False
baseline_plus_conditional_all,peptide_disjoint,ranking,nonzero,HLA-A*02:16,spearman,0.6760122136113165,67,67,False
baseline_plus_conditional_all,peptide_disjoint,ranking,nonzero,HLA-A*02:16,pearson_log,0.6778381451928224,67,67,False
baseline_plus_conditional_all,peptide_disjoint,ranking,nonzero,HLA-A*02:16,auc_gt_2h,0.8807017543859649,67,67,False
baseline_plus_conditional_all,peptide_disjoint,ranking,nonzero,HLA-A*02:19,spearman,0.7121081258748551,63,63,False
baseline_plus_conditional_all,peptide_disjoint,ranking,nonzero,HLA-A*02:19,pearson_log,0.7313740501329766,63,63,False
baseline_plus_conditional_all,peptide_disjoint,ranking,nonzero,HLA-A*02:19,auc_gt_2h,0.8296296296296296,63,63,False
baseline_plus_conditional_all,peptide_disjoint,ranking,nonzero,HLA-A*02:50,spearman,0.7140307372822369,68,68,False
baseline_plus_conditional_all,peptide_disjoint,ranking,nonzero,HLA-A*02:50,pearson_log,0.7096054486474934,68,68,False
baseline_plus_conditional_all,peptide_disjoint,ranking,nonzero,HLA-A*02:50,auc_gt_2h,0.8569711538461539,68,68,False
baseline_plus_conditional_all,peptide_disjoint,ranking,nonzero,HLA-A*03:01,spearman,0.7706098454017134,145,145,False
baseline_plus_conditional_all,peptide_disjoint,ranking,nonzero,HLA-A*03:01,pearson_log,0.7808684424409784,145,145,False
baseline_plus_conditional_all,peptide_disjoint,ranking,nonzero,HLA-A*03:01,auc_gt_2h,0.9110218140068886,145,145,False
baseline_plus_conditional_all,peptide_disjoint,ranking,nonzero,HLA-A*11:01,spearman,0.7911790996036675,115,115,False
baseline_plus_conditional_all,peptide_disjoint,ranking,nonzero,HLA-A*11:01,pearson_log,0.760092610097098,115,115,False
baseline_plus_conditional_all,peptide_disjoint,ranking,nonzero,HLA-A*11:01,auc_gt_2h,0.9027777777777778,115,115,False
baseline_plus_conditional_all,peptide_disjoint,ranking,nonzero,HLA-A*23:01,spearman,0.7536386538057204,76,76,False
baseline_plus_conditional_all,peptide_disjoint,ranking,nonzero,HLA-A*23:01,pearson_log,0.7128363095785215,76,76,False
baseline_plus_conditional_all,peptide_disjoint,ranking,nonzero,HLA-A*23:01,auc_gt_2h,0.9026785714285714,76,76,False
baseline_plus_conditional_all,peptide_disjoint,ranking,nonzero,HLA-A*24:02,spearman,0.7393378246005783,113,113,False
baseline_plus_conditional_all,peptide_disjoint,ranking,nonzero,HLA-A*24:02,pearson_log,0.7419443001322455,113,113,False
baseline_plus_conditional_all,peptide_disjoint,ranking,nonzero,HLA-A*24:02,auc_gt_2h,0.8469841269841271,113,113,False
baseline_plus_conditional_all,peptide_disjoint,ranking,nonzero,HLA-A*24:03,spearman,0.6873316079877795,107,107,False
baseline_plus_conditional_all,peptide_disjoint,ranking,nonzero,HLA-A*24:03,pearson_log,0.6581413275260967,107,107,False
baseline_plus_conditional_all,peptide_disjoint,ranking,nonzero,HLA-A*24:03,auc_gt_2h,0.8239486813970064,107,107,False
baseline_plus_conditional_all,peptide_disjoint,ranking,nonzero,HLA-A*24:07,spearman,0.7886237598935606,74,74,False
baseline_plus_conditional_all,peptide_disjoint,ranking,nonzero,HLA-A*24:07,pearson_log,0.7967237037118057,74,74,False
baseline_plus_conditional_all,peptide_disjoint,ranking,nonzero,HLA-A*24:07,auc_gt_2h,0.9166666666666667,74,74,False
baseline_plus_conditional_all,peptide_disjoint,ranking,nonzero,HLA-A*24:19,spearman,0.2720110437524398,57,57,False
baseline_plus_conditional_all,peptide_disjoint,ranking,nonzero,HLA-A*24:19,pearson_log,0.3481746922769289,57,57,False
baseline_plus_conditional_all,peptide_disjoint,ranking,nonzero,HLA-A*24:19,auc_gt_2h,0.5692307692307692,57,57,False
baseline_plus_conditional_all,peptide_disjoint,ranking,nonzero,HLA-A*25:01,spearman,0.45011754632881906,46,46,False
baseline_plus_conditional_all,peptide_disjoint,ranking,nonzero,HLA-A*25:01,pearson_log,0.5473784206298056,46,46,False
baseline_plus_conditional_all,peptide_disjoint,ranking,nonzero,HLA-A*25:01,auc_gt_2h,0.7368421052631579,46,46,False
baseline_plus_conditional_all,peptide_disjoint,ranking,nonzero,HLA-A*26:01,spearman,0.6354031623275116,43,43,False
baseline_plus_conditional_all,peptide_disjoint,ranking,nonzero,HLA-A*26:01,pearson_log,0.6166464381506467,43,43,False
baseline_plus_conditional_all,peptide_disjoint,ranking,nonzero,HLA-A*26:01,auc_gt_2h,0.808695652173913,43,43,False
baseline_plus_conditional_all,peptide_disjoint,ranking,nonzero,HLA-A*26:02,spearman,0.5926276732227013,59,59,False
baseline_plus_conditional_all,peptide_disjoint,ranking,nonzero,HLA-A*26:02,pearson_log,0.6541694676625361,59,59,False
baseline_plus_conditional_all,peptide_disjoint,ranking,nonzero,HLA-A*26:02,auc_gt_2h,0.7941176470588236,59,59,False
baseline_plus_conditional_all,peptide_disjoint,ranking,nonzero,HLA-A*26:03,spearman,0.5273492355730836,49,49,False
baseline_plus_conditional_all,peptide_disjoint,ranking,nonzero,HLA-A*26:03,pearson_log,0.5280614140455607,49,49,False
baseline_plus_conditional_all,peptide_disjoint,ranking,nonzero,HLA-A*26:03,auc_gt_2h,0.6612244897959184,49,49,False
baseline_plus_conditional_all,peptide_disjoint,ranking,nonzero,HLA-A*29:02,spearman,0.6205706095605331,71,71,False
baseline_plus_conditional_all,peptide_disjoint,ranking,nonzero,HLA-A*29:02,pearson_log,0.6220425924312541,71,71,False
baseline_plus_conditional_all,peptide_disjoint,ranking,nonzero,HLA-A*29:02,auc_gt_2h,0.8338632750397457,71,71,False
baseline_plus_conditional_all,peptide_disjoint,ranking,nonzero,HLA-A*30:01,spearman,0.6593246044823455,57,57,False
baseline_plus_conditional_all,peptide_disjoint,ranking,nonzero,HLA-A*30:01,pearson_log,0.6711247310769031,57,57,False
baseline_plus_conditional_all,peptide_disjoint,ranking,nonzero,HLA-A*30:01,auc_gt_2h,0.7678062678062678,57,57,False
baseline_plus_conditional_all,peptide_disjoint,ranking,nonzero,HLA-A*30:02,spearman,0.38189966790062096,70,70,False
baseline_plus_conditional_all,peptide_disjoint,ranking,nonzero,HLA-A*30:02,pearson_log,0.34530517023847435,70,70,False
baseline_plus_conditional_all,peptide_disjoint,ranking,nonzero,HLA-A*30:02,auc_gt_2h,0.7039777983348751,70,70,False
baseline_plus_conditional_all,peptide_disjoint,ranking,nonzero,HLA-A*31:01,spearman,0.6138436711527634,76,76,False
baseline_plus_conditional_all,peptide_disjoint,ranking,nonzero,HLA-A*31:01,pearson_log,0.6177637275524084,76,76,False
baseline_plus_conditional_all,peptide_disjoint,ranking,nonzero,HLA-A*31:01,auc_gt_2h,0.806547619047619,76,76,False
baseline_plus_conditional_all,peptide_disjoint,ranking,nonzero,HLA-A*32:01,spearman,0.9746794344808963,5,5,False
baseline_plus_conditional_all,peptide_disjoint,ranking,nonzero,HLA-A*32:01,pearson_log,0.9429299401646924,5,5,False
baseline_plus_conditional_all,peptide_disjoint,ranking,nonzero,HLA-A*32:01,auc_gt_2h,1.0,5,5,False
baseline_plus_conditional_all,peptide_disjoint,ranking,nonzero,HLA-A*32:07,spearman,0.6552323442516956,47,47,False
baseline_plus_conditional_all,peptide_disjoint,ranking,nonzero,HLA-A*32:07,pearson_log,0.6827414465195092,47,47,False
baseline_plus_conditional_all,peptide_disjoint,ranking,nonzero,HLA-A*32:07,auc_gt_2h,0.7759259259259259,47,47,False
baseline_plus_conditional_all,peptide_disjoint,ranking,nonzero,HLA-A*33:03,spearman,0.4047352274608773,62,62,False
baseline_plus_conditional_all,peptide_disjoint,ranking,nonzero,HLA-A*33:03,pearson_log,0.4224205206736243,62,62,False
baseline_plus_conditional_all,peptide_disjoint,ranking,nonzero,HLA-A*33:03,auc_gt_2h,0.7547619047619047,62,62,False
baseline_plus_conditional_all,peptide_disjoint,ranking,nonzero,HLA-A*43:01,spearman,0.29463285769329217,54,54,False
baseline_plus_conditional_all,peptide_disjoint,ranking,nonzero,HLA-A*43:01,pearson_log,0.3857237696886967,54,54,False
baseline_plus_conditional_all,peptide_disjoint,ranking,nonzero,HLA-A*43:01,auc_gt_2h,0.6691358024691357,54,54,False
baseline_plus_conditional_all,peptide_disjoint,ranking,nonzero,HLA-A*66:01,spearman,0.28696193494746464,40,40,False
baseline_plus_conditional_all,peptide_disjoint,ranking,nonzero,HLA-A*66:01,pearson_log,0.32323596959402034,40,40,False
baseline_plus_conditional_all,peptide_disjoint,ranking,nonzero,HLA-A*66:01,auc_gt_2h,0.5694444444444444,40,40,False
baseline_plus_conditional_all,peptide_disjoint,ranking,nonzero,HLA-A*68:01,spearman,0.5458283711483355,67,67,False
baseline_plus_conditional_all,peptide_disjoint,ranking,nonzero,HLA-A*68:01,pearson_log,0.5645665632661118,67,67,False
baseline_plus_conditional_all,peptide_disjoint,ranking,nonzero,HLA-A*68:01,auc_gt_2h,0.7732558139534884,67,67,False
baseline_plus_conditional_all,peptide_disjoint,ranking,nonzero,HLA-A*68:02,spearman,,1,1,True
baseline_plus_conditional_all,peptide_disjoint,ranking,nonzero,HLA-A*68:02,pearson_log,,1,1,True
baseline_plus_conditional_all,peptide_disjoint,ranking,nonzero,HLA-A*68:02,auc_gt_2h,,1,1,True
baseline_plus_conditional_all,peptide_disjoint,ranking,nonzero,HLA-A*68:23,spearman,0.4418219894358402,61,61,False
baseline_plus_conditional_all,peptide_disjoint,ranking,nonzero,HLA-A*68:23,pearson_log,0.46240296817740145,61,61,False
baseline_plus_conditional_all,peptide_disjoint,ranking,nonzero,HLA-A*68:23,auc_gt_2h,0.7108843537414966,61,61,False
baseline_plus_conditional_all,peptide_disjoint,ranking,nonzero,HLA-A*74:01,spearman,0.5714789686152789,62,62,False
baseline_plus_conditional_all,peptide_disjoint,ranking,nonzero,HLA-A*74:01,pearson_log,0.5627228380903582,62,62,False
baseline_plus_conditional_all,peptide_disjoint,ranking,nonzero,HLA-A*74:01,auc_gt_2h,0.7886178861788617,62,62,False
baseline_plus_conditional_all,peptide_disjoint,ranking,nonzero,HLA-A*80:01,spearman,0.5292796504138033,38,38,False
baseline_plus_conditional_all,peptide_disjoint,ranking,nonzero,HLA-A*80:01,pearson_log,0.5246983354589944,38,38,False
baseline_plus_conditional_all,peptide_disjoint,ranking,nonzero,HLA-A*80:01,auc_gt_2h,0.9558823529411764,38,38,False
baseline_plus_conditional_all,peptide_disjoint,ranking,nonzero,HLA-B*07:02,spearman,0.7366152082415814,136,136,False
baseline_plus_conditional_all,peptide_disjoint,ranking,nonzero,HLA-B*07:02,pearson_log,0.7102133653658877,136,136,False
baseline_plus_conditional_all,peptide_disjoint,ranking,nonzero,HLA-B*07:02,auc_gt_2h,0.895040369088812,136,136,False
baseline_plus_conditional_all,peptide_disjoint,ranking,nonzero,HLA-B*08:01,spearman,0.3471064199487773,64,64,False
baseline_plus_conditional_all,peptide_disjoint,ranking,nonzero,HLA-B*08:01,pearson_log,0.3028047008194945,64,64,False
baseline_plus_conditional_all,peptide_disjoint,ranking,nonzero,HLA-B*08:01,auc_gt_2h,0.4126984126984127,64,64,False
baseline_plus_conditional_all,peptide_disjoint,ranking,nonzero,HLA-B*08:03,spearman,0.36152482306686784,42,42,False
baseline_plus_conditional_all,peptide_disjoint,ranking,nonzero,HLA-B*08:03,pearson_log,0.32870454449072883,42,42,False
baseline_plus_conditional_all,peptide_disjoint,ranking,nonzero,HLA-B*08:03,auc_gt_2h,0.3026315789473684,42,42,False
baseline_plus_conditional_all,peptide_disjoint,ranking,nonzero,HLA-B*14:01(C67S),spearman,0.5432309986329192,12,12,False
baseline_plus_conditional_all,peptide_disjoint,ranking,nonzero,HLA-B*14:01(C67S),pearson_log,0.5908783894802951,12,12,False
baseline_plus_conditional_all,peptide_disjoint,ranking,nonzero,HLA-B*14:01(C67S),auc_gt_2h,0.78125,12,12,False
baseline_plus_conditional_all,peptide_disjoint,ranking,nonzero,HLA-B*14:02(C67S),spearman,0.5410414667341763,25,25,False
baseline_plus_conditional_all,peptide_disjoint,ranking,nonzero,HLA-B*14:02(C67S),pearson_log,0.5821377791013881,25,25,False
baseline_plus_conditional_all,peptide_disjoint,ranking,nonzero,HLA-B*14:02(C67S),auc_gt_2h,0.8055555555555556,25,25,False
baseline_plus_conditional_all,peptide_disjoint,ranking,nonzero,HLA-B*15:01,spearman,0.5574522093581318,195,195,False
baseline_plus_conditional_all,peptide_disjoint,ranking,nonzero,HLA-B*15:01,pearson_log,0.5662341860131308,195,195,False
baseline_plus_conditional_all,peptide_disjoint,ranking,nonzero,HLA-B*15:01,auc_gt_2h,0.8080598255089322,195,195,False
baseline_plus_conditional_all,peptide_disjoint,ranking,nonzero,HLA-B*15:02,spearman,0.3918203924011554,54,54,False
baseline_plus_conditional_all,peptide_disjoint,ranking,nonzero,HLA-B*15:02,pearson_log,0.30807704958353105,54,54,False
baseline_plus_conditional_all,peptide_disjoint,ranking,nonzero,HLA-B*15:02,auc_gt_2h,0.6333333333333333,54,54,False
baseline_plus_conditional_all,peptide_disjoint,ranking,nonzero,HLA-B*15:10,spearman,0.5634881676968628,53,53,False
baseline_plus_conditional_all,peptide_disjoint,ranking,nonzero,HLA-B*15:10,pearson_log,0.5539467014865604,53,53,False
baseline_plus_conditional_all,peptide_disjoint,ranking,nonzero,HLA-B*15:10,auc_gt_2h,0.7728937728937729,53,53,False
baseline_plus_conditional_all,peptide_disjoint,ranking,nonzero,HLA-B*15:17,spearman,0.31976731912584166,61,61,False
baseline_plus_conditional_all,peptide_disjoint,ranking,nonzero,HLA-B*15:17,pearson_log,0.38376933175027794,61,61,False
baseline_plus_conditional_all,peptide_disjoint,ranking,nonzero,HLA-B*15:17,auc_gt_2h,0.6375000000000001,61,61,False
baseline_plus_conditional_all,peptide_disjoint,ranking,nonzero,HLA-B*18:01,spearman,0.2056622121504975,59,59,False
baseline_plus_conditional_all,peptide_disjoint,ranking,nonzero,HLA-B*18:01,pearson_log,0.21366810150407278,59,59,False
baseline_plus_conditional_all,peptide_disjoint,ranking,nonzero,HLA-B*18:01,auc_gt_2h,0.5976470588235294,59,59,False
baseline_plus_conditional_all,peptide_disjoint,ranking,nonzero,HLA-B*27:02,spearman,0.6573435868843993,52,52,False
baseline_plus_conditional_all,peptide_disjoint,ranking,nonzero,HLA-B*27:02,pearson_log,0.6499721332445749,52,52,False
baseline_plus_conditional_all,peptide_disjoint,ranking,nonzero,HLA-B*27:02,auc_gt_2h,0.8846846846846848,52,52,False
baseline_plus_conditional_all,peptide_disjoint,ranking,nonzero,HLA-B*27:03,spearman,0.7456762798929788,52,52,False
baseline_plus_conditional_all,peptide_disjoint,ranking,nonzero,HLA-B*27:03,pearson_log,0.7389744695166585,52,52,False
baseline_plus_conditional_all,peptide_disjoint,ranking,nonzero,HLA-B*27:03,auc_gt_2h,0.8530734632683659,52,52,False
baseline_plus_conditional_all,peptide_disjoint,ranking,nonzero,HLA-B*27:05,spearman,0.6284127679153282,68,68,False
baseline_plus_conditional_all,peptide_disjoint,ranking,nonzero,HLA-B*27:05,pearson_log,0.622221216257149,68,68,False
baseline_plus_conditional_all,peptide_disjoint,ranking,nonzero,HLA-B*27:05,auc_gt_2h,0.832034632034632,68,68,False
baseline_plus_conditional_all,peptide_disjoint,ranking,nonzero,HLA-B*27:20,spearman,0.7702446061984818,52,52,False
baseline_plus_conditional_all,peptide_disjoint,ranking,nonzero,HLA-B*27:20,pearson_log,0.7673831571944625,52,52,False
baseline_plus_conditional_all,peptide_disjoint,ranking,nonzero,HLA-B*27:20,auc_gt_2h,0.8265625000000001,52,52,False
baseline_plus_conditional_all,peptide_disjoint,ranking,nonzero,HLA-B*35:01,spearman,0.5613169616364438,111,111,False
baseline_plus_conditional_all,peptide_disjoint,ranking,nonzero,HLA-B*35:01,pearson_log,0.539866651409461,111,111,False
baseline_plus_conditional_all,peptide_disjoint,ranking,nonzero,HLA-B*35:01,auc_gt_2h,0.783080974325214,111,111,False
baseline_plus_conditional_all,peptide_disjoint,ranking,nonzero,HLA-B*35:03,spearman,0.5445794449691841,81,81,False
baseline_plus_conditional_all,peptide_disjoint,ranking,nonzero,HLA-B*35:03,pearson_log,0.4126312825530637,81,81,False
baseline_plus_conditional_all,peptide_disjoint,ranking,nonzero,HLA-B*35:03,auc_gt_2h,0.7533659730722154,81,81,False
baseline_plus_conditional_all,peptide_disjoint,ranking,nonzero,HLA-B*35:08,spearman,0.49999999999999994,5,5,False
baseline_plus_conditional_all,peptide_disjoint,ranking,nonzero,HLA-B*35:08,pearson_log,0.5307934543373632,5,5,False
baseline_plus_conditional_all,peptide_disjoint,ranking,nonzero,HLA-B*35:08,auc_gt_2h,,5,5,False
baseline_plus_conditional_all,peptide_disjoint,ranking,nonzero,HLA-B*39:01,spearman,0.46533061393942604,109,109,False
baseline_plus_conditional_all,peptide_disjoint,ranking,nonzero,HLA-B*39:01,pearson_log,0.5006713489542487,109,109,False
baseline_plus_conditional_all,peptide_disjoint,ranking,nonzero,HLA-B*39:01,auc_gt_2h,0.8409356725146199,109,109,False
baseline_plus_conditional_all,peptide_disjoint,ranking,nonzero,HLA-B*39:02,spearman,0.5525049188451344,53,53,False
baseline_plus_conditional_all,peptide_disjoint,ranking,nonzero,HLA-B*39:02,pearson_log,0.5671258932553118,53,53,False
baseline_plus_conditional_all,peptide_disjoint,ranking,nonzero,HLA-B*39:02,auc_gt_2h,0.8095975232198143,53,53,False
baseline_plus_conditional_all,peptide_disjoint,ranking,nonzero,HLA-B*39:06(C67S),spearman,0.7745966692414834,4,4,False
baseline_plus_conditional_all,peptide_disjoint,ranking,nonzero,HLA-B*39:06(C67S),pearson_log,0.6868508105066322,4,4,False
baseline_plus_conditional_all,peptide_disjoint,ranking,nonzero,HLA-B*39:06(C67S),auc_gt_2h,,4,4,False
baseline_plus_conditional_all,peptide_disjoint,ranking,nonzero,HLA-B*39:10,spearman,0.6265029662580551,75,75,False
baseline_plus_conditional_all,peptide_disjoint,ranking,nonzero,HLA-B*39:10,pearson_log,0.6358519705567183,75,75,False
baseline_plus_conditional_all,peptide_disjoint,ranking,nonzero,HLA-B*39:10,auc_gt_2h,0.804,75,75,False
baseline_plus_conditional_all,peptide_disjoint,ranking,nonzero,HLA-B*40:01,spearman,0.517735807831429,56,56,False
baseline_plus_conditional_all,peptide_disjoint,ranking,nonzero,HLA-B*40:01,pearson_log,0.5420423142384956,56,56,False
baseline_plus_conditional_all,peptide_disjoint,ranking,nonzero,HLA-B*40:01,auc_gt_2h,0.8017492711370262,56,56,False
baseline_plus_conditional_all,peptide_disjoint,ranking,nonzero,HLA-B*40:02,spearman,-0.09999999999999999,5,5,False
baseline_plus_conditional_all,peptide_disjoint,ranking,nonzero,HLA-B*40:02,pearson_log,-0.2735271723539773,5,5,False
baseline_plus_conditional_all,peptide_disjoint,ranking,nonzero,HLA-B*40:02,auc_gt_2h,0.0,5,5,False
baseline_plus_conditional_all,peptide_disjoint,ranking,nonzero,HLA-B*41:01,spearman,0.4005041899113168,28,28,False
baseline_plus_conditional_all,peptide_disjoint,ranking,nonzero,HLA-B*41:01,pearson_log,0.3809060474091921,28,28,False
baseline_plus_conditional_all,peptide_disjoint,ranking,nonzero,HLA-B*41:01,auc_gt_2h,0.7954545454545454,28,28,False
baseline_plus_conditional_all,peptide_disjoint,ranking,nonzero,HLA-B*42:01,spearman,0.752806071893494,76,76,False
baseline_plus_conditional_all,peptide_disjoint,ranking,nonzero,HLA-B*42:01,pearson_log,0.6862603662320318,76,76,False
baseline_plus_conditional_all,peptide_disjoint,ranking,nonzero,HLA-B*42:01,auc_gt_2h,0.8671875,76,76,False
baseline_plus_conditional_all,peptide_disjoint,ranking,nonzero,HLA-B*42:02,spearman,0.7300474461674452,77,77,False
baseline_plus_conditional_all,peptide_disjoint,ranking,nonzero,HLA-B*42:02,pearson_log,0.7122583869633285,77,77,False
baseline_plus_conditional_all,peptide_disjoint,ranking,nonzero,HLA-B*42:02,auc_gt_2h,0.8489795918367347,77,77,False
baseline_plus_conditional_all,peptide_disjoint,ranking,nonzero,HLA-B*44:05,spearman,0.36447927257548274,66,66,False
baseline_plus_conditional_all,peptide_disjoint,ranking,nonzero,HLA-B*44:05,pearson_log,0.4176189828159374,66,66,False
baseline_plus_conditional_all,peptide_disjoint,ranking,nonzero,HLA-B*44:05,auc_gt_2h,0.6728260869565217,66,66,False
baseline_plus_conditional_all,peptide_disjoint,ranking,nonzero,HLA-B*45:01,spearman,0.35180938634070197,29,29,False
baseline_plus_conditional_all,peptide_disjoint,ranking,nonzero,HLA-B*45:01,pearson_log,0.48496940576994235,29,29,False
baseline_plus_conditional_all,peptide_disjoint,ranking,nonzero,HLA-B*45:01,auc_gt_2h,0.8043478260869565,29,29,False
baseline_plus_conditional_all,peptide_disjoint,ranking,nonzero,HLA-B*46:01,spearman,0.48054248276914585,40,40,False
baseline_plus_conditional_all,peptide_disjoint,ranking,nonzero,HLA-B*46:01,pearson_log,0.4985401394579523,40,40,False
baseline_plus_conditional_all,peptide_disjoint,ranking,nonzero,HLA-B*46:01,auc_gt_2h,0.7921146953405018,40,40,False
baseline_plus_conditional_all,peptide_disjoint,ranking,nonzero,HLA-B*51:01,spearman,0.5795367248072251,46,46,False
baseline_plus_conditional_all,peptide_disjoint,ranking,nonzero,HLA-B*51:01,pearson_log,0.5808335805475018,46,46,False
baseline_plus_conditional_all,peptide_disjoint,ranking,nonzero,HLA-B*51:01,auc_gt_2h,0.8344086021505376,46,46,False
baseline_plus_conditional_all,peptide_disjoint,ranking,nonzero,HLA-B*54:01,spearman,0.7152715164604221,53,53,False
baseline_plus_conditional_all,peptide_disjoint,ranking,nonzero,HLA-B*54:01,pearson_log,0.7088129756466804,53,53,False
baseline_plus_conditional_all,peptide_disjoint,ranking,nonzero,HLA-B*54:01,auc_gt_2h,0.8818181818181818,53,53,False
baseline_plus_conditional_all,peptide_disjoint,ranking,nonzero,HLA-B*55:01,spearman,0.7391842740749834,43,43,False
baseline_plus_conditional_all,peptide_disjoint,ranking,nonzero,HLA-B*55:01,pearson_log,0.7466376504399697,43,43,False
baseline_plus_conditional_all,peptide_disjoint,ranking,nonzero,HLA-B*55:01,auc_gt_2h,0.8266666666666667,43,43,False
baseline_plus_conditional_all,peptide_disjoint,ranking,nonzero,HLA-B*56:01,spearman,0.74781517984619,45,45,False
baseline_plus_conditional_all,peptide_disjoint,ranking,nonzero,HLA-B*56:01,pearson_log,0.770098797108467,45,45,False
baseline_plus_conditional_all,peptide_disjoint,ranking,nonzero,HLA-B*56:01,auc_gt_2h,0.9292929292929293,45,45,False
baseline_plus_conditional_all,peptide_disjoint,ranking,nonzero,HLA-B*57:01,spearman,0.6499260419785293,55,55,False
baseline_plus_conditional_all,peptide_disjoint,ranking,nonzero,HLA-B*57:01,pearson_log,0.5831091573700391,55,55,False
baseline_plus_conditional_all,peptide_disjoint,ranking,nonzero,HLA-B*57:01,auc_gt_2h,0.8005319148936171,55,55,False
baseline_plus_conditional_all,peptide_disjoint,ranking,nonzero,HLA-B*57:02,spearman,0.5967096433631341,63,63,False
baseline_plus_conditional_all,peptide_disjoint,ranking,nonzero,HLA-B*57:02,pearson_log,0.5932740475983027,63,63,False
baseline_plus_conditional_all,peptide_disjoint,ranking,nonzero,HLA-B*57:02,auc_gt_2h,0.8157894736842106,63,63,False
baseline_plus_conditional_all,peptide_disjoint,ranking,nonzero,HLA-B*57:03,spearman,0.630440353342932,70,70,False
baseline_plus_conditional_all,peptide_disjoint,ranking,nonzero,HLA-B*57:03,pearson_log,0.5991028556814733,70,70,False
baseline_plus_conditional_all,peptide_disjoint,ranking,nonzero,HLA-B*57:03,auc_gt_2h,0.8701442841287459,70,70,False
baseline_plus_conditional_all,peptide_disjoint,ranking,nonzero,HLA-B*58:01,spearman,0.6705392143363581,60,60,False
baseline_plus_conditional_all,peptide_disjoint,ranking,nonzero,HLA-B*58:01,pearson_log,0.6552900028187636,60,60,False
baseline_plus_conditional_all,peptide_disjoint,ranking,nonzero,HLA-B*58:01,auc_gt_2h,0.8379629629629629,60,60,False
baseline_plus_conditional_all,peptide_disjoint,ranking,nonzero,HLA-B*81:01,spearman,0.7011246186822752,65,65,False
baseline_plus_conditional_all,peptide_disjoint,ranking,nonzero,HLA-B*81:01,pearson_log,0.6502608569672643,65,65,False
baseline_plus_conditional_all,peptide_disjoint,ranking,nonzero,HLA-B*81:01,auc_gt_2h,0.8811475409836066,65,65,False
baseline_plus_conditional_all,random,ranking,all,HLA-A*01:01,spearman,0.5554343861974318,44,44,False
baseline_plus_conditional_all,random,ranking,all,HLA-A*01:01,pearson_log,0.6024804417696054,44,44,False
baseline_plus_conditional_all,random,ranking,all,HLA-A*01:01,auc_gt_2h,0.8649237472766883,44,44,False
baseline_plus_conditional_all,random,ranking,all,HLA-A*02:01,spearman,0.7341864850466369,205,205,False
baseline_plus_conditional_all,random,ranking,all,HLA-A*02:01,pearson_log,0.7235622996147213,205,205,False
baseline_plus_conditional_all,random,ranking,all,HLA-A*02:01,auc_gt_2h,0.8923529411764706,205,205,False
baseline_plus_conditional_all,random,ranking,all,HLA-A*02:03,spearman,0.7660811697640336,76,76,False
baseline_plus_conditional_all,random,ranking,all,HLA-A*02:03,pearson_log,0.6965815851265345,76,76,False
baseline_plus_conditional_all,random,ranking,all,HLA-A*02:03,auc_gt_2h,0.876078431372549,76,76,False
baseline_plus_conditional_all,random,ranking,all,HLA-A*02:05,spearman,0.7999999999999999,4,4,False
baseline_plus_conditional_all,random,ranking,all,HLA-A*02:05,pearson_log,0.6812614716904026,4,4,False
baseline_plus_conditional_all,random,ranking,all,HLA-A*02:05,auc_gt_2h,0.75,4,4,False
baseline_plus_conditional_all,random,ranking,all,HLA-A*02:10,spearman,0.47859240579753765,74,74,False
baseline_plus_conditional_all,random,ranking,all,HLA-A*02:10,pearson_log,0.47925193235488617,74,74,False
baseline_plus_conditional_all,random,ranking,all,HLA-A*02:10,auc_gt_2h,0.7963235294117647,74,74,False
baseline_plus_conditional_all,random,ranking,all,HLA-A*02:11,spearman,0.7227785728452056,76,76,False
baseline_plus_conditional_all,random,ranking,all,HLA-A*02:11,pearson_log,0.6962333244667974,76,76,False
baseline_plus_conditional_all,random,ranking,all,HLA-A*02:11,auc_gt_2h,0.883916083916084,76,76,False
baseline_plus_conditional_all,random,ranking,all,HLA-A*02:12,spearman,0.8180660290894348,74,74,False
baseline_plus_conditional_all,random,ranking,all,HLA-A*02:12,pearson_log,0.8052239616848219,74,74,False
baseline_plus_conditional_all,random,ranking,all,HLA-A*02:12,auc_gt_2h,0.9357142857142857,74,74,False
baseline_plus_conditional_all,random,ranking,all,HLA-A*02:16,spearman,0.8652274473975097,75,75,False
baseline_plus_conditional_all,random,ranking,all,HLA-A*02:16,pearson_log,0.8478538004236523,75,75,False
baseline_plus_conditional_all,random,ranking,all,HLA-A*02:16,auc_gt_2h,0.9466666666666665,75,75,False
baseline_plus_conditional_all,random,ranking,all,HLA-A*02:19,spearman,0.7677718052934362,71,71,False
baseline_plus_conditional_all,random,ranking,all,HLA-A*02:19,pearson_log,0.7715556942374133,71,71,False
baseline_plus_conditional_all,random,ranking,all,HLA-A*02:19,auc_gt_2h,0.846153846153846,71,71,False
baseline_plus_conditional_all,random,ranking,all,HLA-A*02:50,spearman,0.7230670763009781,75,75,False
baseline_plus_conditional_all,random,ranking,all,HLA-A*02:50,pearson_log,0.6856413214012096,75,75,False
baseline_plus_conditional_all,random,ranking,all,HLA-A*02:50,auc_gt_2h,0.861111111111111,75,75,False
baseline_plus_conditional_all,random,ranking,all,HLA-A*03:01,spearman,0.7625199728803408,172,172,False
baseline_plus_conditional_all,random,ranking,all,HLA-A*03:01,pearson_log,0.7620324557571188,172,172,False
baseline_plus_conditional_all,random,ranking,all,HLA-A*03:01,auc_gt_2h,0.8781483044885324,172,172,False
baseline_plus_conditional_all,random,ranking,all,HLA-A*11:01,spearman,0.7665872541978482,116,116,False
baseline_plus_conditional_all,random,ranking,all,HLA-A*11:01,pearson_log,0.7476079225859601,116,116,False
baseline_plus_conditional_all,random,ranking,all,HLA-A*11:01,auc_gt_2h,0.8733031674208144,116,116,False
baseline_plus_conditional_all,random,ranking,all,HLA-A*23:01,spearman,0.816329575134757,74,74,False
baseline_plus_conditional_all,random,ranking,all,HLA-A*23:01,pearson_log,0.7834019250492269,74,74,False
baseline_plus_conditional_all,random,ranking,all,HLA-A*23:01,auc_gt_2h,0.922360248447205,74,74,False
baseline_plus_conditional_all,random,ranking,all,HLA-A*24:02,spearman,0.7104759699354415,115,115,False
baseline_plus_conditional_all,random,ranking,all,HLA-A*24:02,pearson_log,0.7483751316489429,115,115,False
baseline_plus_conditional_all,random,ranking,all,HLA-A*24:02,auc_gt_2h,0.8651515151515151,115,115,False
baseline_plus_conditional_all,random,ranking,all,HLA-A*24:03,spearman,0.6533488478071059,102,102,False
baseline_plus_conditional_all,random,ranking,all,HLA-A*24:03,pearson_log,0.6438313337795502,102,102,False
baseline_plus_conditional_all,random,ranking,all,HLA-A*24:03,auc_gt_2h,0.8040752351097178,102,102,False
baseline_plus_conditional_all,random,ranking,all,HLA-A*24:07,spearman,0.8309768477950227,70,70,False
baseline_plus_conditional_all,random,ranking,all,HLA-A*24:07,pearson_log,0.813779054724719,70,70,False
baseline_plus_conditional_all,random,ranking,all,HLA-A*24:07,auc_gt_2h,0.9192176870748299,70,70,False
baseline_plus_conditional_all,random,ranking,all,HLA-A*24:19,spearman,0.27819343292825355,76,76,False
baseline_plus_conditional_all,random,ranking,all,HLA-A*24:19,pearson_log,0.23649646623235376,76,76,False
baseline_plus_conditional_all,random,ranking,all,HLA-A*24:19,auc_gt_2h,0.5915492957746479,76,76,False
baseline_plus_conditional_all,random,ranking,all,HLA-A*25:01,spearman,0.6561306405120412,73,73,False
baseline_plus_conditional_all,random,ranking,all,HLA-A*25:01,pearson_log,0.6371818778633356,73,73,False
baseline_plus_conditional_all,random,ranking,all,HLA-A*25:01,auc_gt_2h,0.8742690058479532,73,73,False
baseline_plus_conditional_all,random,ranking,all,HLA-A*26:01,spearman,0.6700440072771213,54,54,False
baseline_plus_conditional_all,random,ranking,all,HLA-A*26:01,pearson_log,0.7076724432112431,54,54,False
baseline_plus_conditional_all,random,ranking,all,HLA-A*26:01,auc_gt_2h,0.8791732909379968,54,54,False
baseline_plus_conditional_all,random,ranking,all,HLA-A*26:02,spearman,0.6406744883500465,69,69,False
baseline_plus_conditional_all,random,ranking,all,HLA-A*26:02,pearson_log,0.7032936789862793,69,69,False
baseline_plus_conditional_all,random,ranking,all,HLA-A*26:02,auc_gt_2h,0.8839285714285715,69,69,False
baseline_plus_conditional_all,random,ranking,all,HLA-A*26:03,spearman,0.7273512002862261,68,68,False
baseline_plus_conditional_all,random,ranking,all,HLA-A*26:03,pearson_log,0.7616988471488728,68,68,False
baseline_plus_conditional_all,random,ranking,all,HLA-A*26:03,auc_gt_2h,0.89,68,68,False
baseline_plus_conditional_all,random,ranking,all,HLA-A*29:02,spearman,0.6890815830666606,77,77,False
baseline_plus_conditional_all,random,ranking,all,HLA-A*29:02,pearson_log,0.7232613825204735,77,77,False
baseline_plus_conditional_all,random,ranking,all,HLA-A*29:02,auc_gt_2h,0.8319559228650137,77,77,False
baseline_plus_conditional_all,random,ranking,all,HLA-A*30:01,spearman,0.5283690744111083,77,77,False
baseline_plus_conditional_all,random,ranking,all,HLA-A*30:01,pearson_log,0.4905802045175451,77,77,False
baseline_plus_conditional_all,random,ranking,all,HLA-A*30:01,auc_gt_2h,0.7090909090909091,77,77,False
baseline_plus_conditional_all,random,ranking,all,HLA-A*30:02,spearman,0.3809174842220901,73,73,False
baseline_plus_conditional_all,random,ranking,all,HLA-A*30:02,pearson_log,0.42964720100677223,73,73,False
baseline_plus_conditional_all,random,ranking,all,HLA-A*30:02,auc_gt_2h,0.7124542124542125,73,73,False
baseline_plus_conditional_all,random,ranking,all,HLA-A*31:01,spearman,0.5605885772545375,76,76,False
baseline_plus_conditional_all,random,ranking,all,HLA-A*31:01,pearson_log,0.5642195621244572,76,76,False
baseline_plus_conditional_all,random,ranking,all,HLA-A*31:01,auc_gt_2h,0.767741935483871,76,76,False
baseline_plus_conditional_all,random,ranking,all,HLA-A*32:01,spearman,0.6,6,6,False
baseline_plus_conditional_all,random,ranking,all,HLA-A*32:01,pearson_log,0.6064616002364577,6,6,False
baseline_plus_conditional_all,random,ranking,all,HLA-A*32:01,auc_gt_2h,0.888888888888889,6,6,False
baseline_plus_conditional_all,random,ranking,all,HLA-A*32:07,spearman,0.7185312614102084,73,73,False
baseline_plus_conditional_all,random,ranking,all,HLA-A*32:07,pearson_log,0.7527605593187607,73,73,False
baseline_plus_conditional_all,random,ranking,all,HLA-A*32:07,auc_gt_2h,0.8767006802721089,73,73,False
baseline_plus_conditional_all,random,ranking,all,HLA-A*33:03,spearman,0.6409838273877921,74,74,False
baseline_plus_conditional_all,random,ranking,all,HLA-A*33:03,pearson_log,0.6709508030067188,74,74,False
baseline_plus_conditional_all,random,ranking,all,HLA-A*33:03,auc_gt_2h,0.8881118881118881,74,74,False
baseline_plus_conditional_all,random,ranking,all,HLA-A*43:01,spearman,0.48824320083606704,72,72,False
baseline_plus_conditional_all,random,ranking,all,HLA-A*43:01,pearson_log,0.535835850619759,72,72,False
baseline_plus_conditional_all,random,ranking,all,HLA-A*43:01,auc_gt_2h,0.763671875,72,72,False
baseline_plus_conditional_all,random,ranking,all,HLA-A*66:01,spearman,0.4056687979624302,76,76,False
baseline_plus_conditional_all,random,ranking,all,HLA-A*66:01,pearson_log,0.47885212456167703,76,76,False
baseline_plus_conditional_all,random,ranking,all,HLA-A*66:01,auc_gt_2h,0.7556935817805382,76,76,False
baseline_plus_conditional_all,random,ranking,all,HLA-A*68:01,spearman,0.8355718892947235,77,77,False
baseline_plus_conditional_all,random,ranking,all,HLA-A*68:01,pearson_log,0.807011360757257,77,77,False
baseline_plus_conditional_all,random,ranking,all,HLA-A*68:01,auc_gt_2h,0.9395043731778425,77,77,False
baseline_plus_conditional_all,random,ranking,all,HLA-A*68:02,spearman,-1.0,3,3,False
baseline_plus_conditional_all,random,ranking,all,HLA-A*68:02,pearson_log,-0.916941384613962,3,3,False
baseline_plus_conditional_all,random,ranking,all,HLA-A*68:02,auc_gt_2h,,3,3,False
baseline_plus_conditional_all,random,ranking,all,HLA-A*68:23,spearman,0.5050641348865724,74,74,False
baseline_plus_conditional_all,random,ranking,all,HLA-A*68:23,pearson_log,0.5693570941659394,74,74,False
baseline_plus_conditional_all,random,ranking,all,HLA-A*68:23,auc_gt_2h,0.805952380952381,74,74,False
baseline_plus_conditional_all,random,ranking,all,HLA-A*69:01,spearman,0.8660254037844387,3,3,False
baseline_plus_conditional_all,random,ranking,all,HLA-A*69:01,pearson_log,0.8446213828766514,3,3,False
baseline_plus_conditional_all,random,ranking,all,HLA-A*69:01,auc_gt_2h,,3,3,False
baseline_plus_conditional_all,random,ranking,all,HLA-A*74:01,spearman,0.6865737816086465,72,72,False
baseline_plus_conditional_all,random,ranking,all,HLA-A*74:01,pearson_log,0.6923408455756433,72,72,False
baseline_plus_conditional_all,random,ranking,all,HLA-A*74:01,auc_gt_2h,0.8348765432098765,72,72,False
baseline_plus_conditional_all,random,ranking,all,HLA-A*80:01,spearman,0.5361939091480664,70,70,False
baseline_plus_conditional_all,random,ranking,all,HLA-A*80:01,pearson_log,0.5617352423685055,70,70,False
baseline_plus_conditional_all,random,ranking,all,HLA-A*80:01,auc_gt_2h,0.9601990049751243,70,70,False
baseline_plus_conditional_all,random,ranking,all,HLA-B*07:02,spearman,0.6993866029440792,130,130,False
baseline_plus_conditional_all,random,ranking,all,HLA-B*07:02,pearson_log,0.673480620995007,130,130,False
baseline_plus_conditional_all,random,ranking,all,HLA-B*07:02,auc_gt_2h,0.84475,130,130,False
baseline_plus_conditional_all,random,ranking,all,HLA-B*08:01,spearman,0.6890806101188016,93,93,False
baseline_plus_conditional_all,random,ranking,all,HLA-B*08:01,pearson_log,0.670065750523464,93,93,False
baseline_plus_conditional_all,random,ranking,all,HLA-B*08:01,auc_gt_2h,0.846153846153846,93,93,False
baseline_plus_conditional_all,random,ranking,all,HLA-B*08:03,spearman,0.4750317272651694,70,70,False
baseline_plus_conditional_all,random,ranking,all,HLA-B*08:03,pearson_log,0.49313239711700607,70,70,False
baseline_plus_conditional_all,random,ranking,all,HLA-B*08:03,auc_gt_2h,0.6145833333333334,70,70,False
baseline_plus_conditional_all,random,ranking,all,HLA-B*13:02,spearman,,1,1,True
baseline_plus_conditional_all,random,ranking,all,HLA-B*13:02,pearson_log,,1,1,True
baseline_plus_conditional_all,random,ranking,all,HLA-B*13:02,auc_gt_2h,,1,1,True
baseline_plus_conditional_all,random,ranking,all,HLA-B*14:01(C67S),spearman,0.281117760808412,75,75,False
baseline_plus_conditional_all,random,ranking,all,HLA-B*14:01(C67S),pearson_log,0.3419694087392207,75,75,False
baseline_plus_conditional_all,random,ranking,all,HLA-B*14:01(C67S),auc_gt_2h,,75,75,False
baseline_plus_conditional_all,random,ranking,all,HLA-B*14:02(C67S),spearman,0.4326157642788885,76,76,False
baseline_plus_conditional_all,random,ranking,all,HLA-B*14:02(C67S),pearson_log,0.47016124647269786,76,76,False
baseline_plus_conditional_all,random,ranking,all,HLA-B*14:02(C67S),auc_gt_2h,0.7904761904761904,76,76,False
baseline_plus_conditional_all,random,ranking,all,HLA-B*15:01,spearman,0.5624479588829491,214,214,False
baseline_plus_conditional_all,random,ranking,all,HLA-B*15:01,pearson_log,0.6006945576614826,214,214,False
baseline_plus_conditional_all,random,ranking,all,HLA-B*15:01,auc_gt_2h,0.8346312414109025,214,214,False
baseline_plus_conditional_all,random,ranking,all,HLA-B*15:02,spearman,0.6489401715298976,70,70,False
baseline_plus_conditional_all,random,ranking,all,HLA-B*15:02,pearson_log,0.6397757297021217,70,70,False
baseline_plus_conditional_all,random,ranking,all,HLA-B*15:02,auc_gt_2h,0.7315555555555555,70,70,False
baseline_plus_conditional_all,random,ranking,all,HLA-B*15:10,spearman,0.5338163641588661,73,73,False
baseline_plus_conditional_all,random,ranking,all,HLA-B*15:10,pearson_log,0.5347741067268812,73,73,False
baseline_plus_conditional_all,random,ranking,all,HLA-B*15:10,auc_gt_2h,0.7057692307692308,73,73,False
baseline_plus_conditional_all,random,ranking,all,HLA-B*15:17,spearman,0.6274884143655899,72,72,False
baseline_plus_conditional_all,random,ranking,all,HLA-B*15:17,pearson_log,0.6730254064138456,72,72,False
baseline_plus_conditional_all,random,ranking,all,HLA-B*15:17,auc_gt_2h,0.7913950456323338,72,72,False
baseline_plus_conditional_all,random,ranking,all,HLA-B*18:01,spearman,0.5434960772720107,72,72,False
baseline_plus_conditional_all,random,ranking,all,HLA-B*18:01,pearson_log,0.46617563069913504,72,72,False
baseline_plus_conditional_all,random,ranking,all,HLA-B*18:01,auc_gt_2h,0.7749803304484657,72,72,False
baseline_plus_conditional_all,random,ranking,all,HLA-B*27:02,spearman,0.8765216549816357,72,72,False
baseline_plus_conditional_all,random,ranking,all,HLA-B*27:02,pearson_log,0.842910718519113,72,72,False
baseline_plus_conditional_all,random,ranking,all,HLA-B*27:02,auc_gt_2h,0.9349845201238389,72,72,False
baseline_plus_conditional_all,random,ranking,all,HLA-B*27:03,spearman,0.8481992858699925,74,74,False
baseline_plus_conditional_all,random,ranking,all,HLA-B*27:03,pearson_log,0.8440762073417272,74,74,False
baseline_plus_conditional_all,random,ranking,all,HLA-B*27:03,auc_gt_2h,0.9219858156028369,74,74,False
baseline_plus_conditional_all,random,ranking,all,HLA-B*27:05,spearman,0.7535425130926209,73,73,False
baseline_plus_conditional_all,random,ranking,all,HLA-B*27:05,pearson_log,0.7453065095529832,73,73,False
baseline_plus_conditional_all,random,ranking,all,HLA-B*27:05,auc_gt_2h,0.8367346938775511,73,73,False
baseline_plus_conditional_all,random,ranking,all,HLA-B*27:20,spearman,0.8097612563853882,74,74,False
baseline_plus_conditional_all,random,ranking,all,HLA-B*27:20,pearson_log,0.8106669001582164,74,74,False
baseline_plus_conditional_all,random,ranking,all,HLA-B*27:20,auc_gt_2h,0.8511904761904762,74,74,False
baseline_plus_conditional_all,random,ranking,all,HLA-B*35:01,spearman,0.6414113296127476,130,130,False
baseline_plus_conditional_all,random,ranking,all,HLA-B*35:01,pearson_log,0.6209378756722949,130,130,False
baseline_plus_conditional_all,random,ranking,all,HLA-B*35:01,auc_gt_2h,0.8169566282773829,130,130,False
baseline_plus_conditional_all,random,ranking,all,HLA-B*35:03,spearman,0.7495019912097802,75,75,False
baseline_plus_conditional_all,random,ranking,all,HLA-B*35:03,pearson_log,0.725646844341121,75,75,False
baseline_plus_conditional_all,random,ranking,all,HLA-B*35:03,auc_gt_2h,0.8866279069767442,75,75,False
baseline_plus_conditional_all,random,ranking,all,HLA-B*35:08,spearman,0.7999999999999999,5,5,False
baseline_plus_conditional_all,random,ranking,all,HLA-B*35:08,pearson_log,0.834311519253892,5,5,False
baseline_plus_conditional_all,random,ranking,all,HLA-B*35:08,auc_gt_2h,1.0,5,5,False
baseline_plus_conditional_all,random,ranking,all,HLA-B*39:01,spearman,0.5406064058511053,136,136,False
baseline_plus_conditional_all,random,ranking,all,HLA-B*39:01,pearson_log,0.5583085301473959,136,136,False
baseline_plus_conditional_all,random,ranking,all,HLA-B*39:01,auc_gt_2h,0.8299345902270103,136,136,False
baseline_plus_conditional_all,random,ranking,all,HLA-B*39:02,spearman,0.7243341897879261,75,75,False
baseline_plus_conditional_all,random,ranking,all,HLA-B*39:02,pearson_log,0.7129212052386387,75,75,False
baseline_plus_conditional_all,random,ranking,all,HLA-B*39:02,auc_gt_2h,0.8804012345679012,75,75,False
baseline_plus_conditional_all,random,ranking,all,HLA-B*39:06(C67S),spearman,0.37266427255973206,76,76,False
baseline_plus_conditional_all,random,ranking,all,HLA-B*39:06(C67S),pearson_log,0.49938006112901456,76,76,False
baseline_plus_conditional_all,random,ranking,all,HLA-B*39:06(C67S),auc_gt_2h,0.9466666666666667,76,76,False
baseline_plus_conditional_all,random,ranking,all,HLA-B*39:10,spearman,0.7908139987996632,75,75,False
baseline_plus_conditional_all,random,ranking,all,HLA-B*39:10,pearson_log,0.8115843748255436,75,75,False
baseline_plus_conditional_all,random,ranking,all,HLA-B*39:10,auc_gt_2h,0.9262917933130699,75,75,False
baseline_plus_conditional_all,random,ranking,all,HLA-B*40:01,spearman,0.4164550359120062,60,60,False
baseline_plus_conditional_all,random,ranking,all,HLA-B*40:01,pearson_log,0.5078305317553214,60,60,False
baseline_plus_conditional_all,random,ranking,all,HLA-B*40:01,auc_gt_2h,0.7636363636363637,60,60,False
baseline_plus_conditional_all,random,ranking,all,HLA-B*40:02,spearman,1.0,4,4,False
baseline_plus_conditional_all,random,ranking,all,HLA-B*40:02,pearson_log,0.7905842416286003,4,4,False
baseline_plus_conditional_all,random,ranking,all,HLA-B*40:02,auc_gt_2h,1.0,4,4,False
baseline_plus_conditional_all,random,ranking,all,HLA-B*41:01,spearman,0.5966699709628093,74,74,False
baseline_plus_conditional_all,random,ranking,all,HLA-B*41:01,pearson_log,0.6215798884542083,74,74,False
baseline_plus_conditional_all,random,ranking,all,HLA-B*41:01,auc_gt_2h,0.95,74,74,False
baseline_plus_conditional_all,random,ranking,all,HLA-B*42:01,spearman,0.8523382548576257,70,70,False
baseline_plus_conditional_all,random,ranking,all,HLA-B*42:01,pearson_log,0.7873681393794921,70,70,False
baseline_plus_conditional_all,random,ranking,all,HLA-B*42:01,auc_gt_2h,0.9617486338797814,70,70,False
baseline_plus_conditional_all,random,ranking,all,HLA-B*42:02,spearman,0.8404433898293007,75,75,False
baseline_plus_conditional_all,random,ranking,all,HLA-B*42:02,pearson_log,0.829993410922568,75,75,False
baseline_plus_conditional_all,random,ranking,all,HLA-B*42:02,auc_gt_2h,0.9481481481481482,75,75,False
baseline_plus_conditional_all,random,ranking,all,HLA-B*44:05,spearman,0.622690262860387,70,70,False
baseline_plus_conditional_all,random,ranking,all,HLA-B*44:05,pearson_log,0.6579763178876341,70,70,False
baseline_plus_conditional_all,random,ranking,all,HLA-B*44:05,auc_gt_2h,0.8250630782169891,70,70,False
baseline_plus_conditional_all,random,ranking,all,HLA-B*45:01,spearman,0.6263471339289737,74,74,False
baseline_plus_conditional_all,random,ranking,all,HLA-B*45:01,pearson_log,0.6181653552443833,74,74,False
baseline_plus_conditional_all,random,ranking,all,HLA-B*45:01,auc_gt_2h,0.7803030303030303,74,74,False
baseline_plus_conditional_all,random,ranking,all,HLA-B*46:01,spearman,0.3957831379450786,72,72,False
baseline_plus_conditional_all,random,ranking,all,HLA-B*46:01,pearson_log,0.42463578723164,72,72,False
baseline_plus_conditional_all,random,ranking,all,HLA-B*46:01,auc_gt_2h,0.675,72,72,False
baseline_plus_conditional_all,random,ranking,all,HLA-B*51:01,spearman,0.6904408311077822,71,71,False
baseline_plus_conditional_all,random,ranking,all,HLA-B*51:01,pearson_log,0.6916166277994142,71,71,False
baseline_plus_conditional_all,random,ranking,all,HLA-B*51:01,auc_gt_2h,0.8961904761904762,71,71,False
baseline_plus_conditional_all,random,ranking,all,HLA-B*54:01,spearman,0.7786082788257079,71,71,False
baseline_plus_conditional_all,random,ranking,all,HLA-B*54:01,pearson_log,0.7958082356794165,71,71,False
baseline_plus_conditional_all,random,ranking,all,HLA-B*54:01,auc_gt_2h,0.9171907756813418,71,71,False
baseline_plus_conditional_all,random,ranking,all,HLA-B*55:01,spearman,0.752010668239479,76,76,False
baseline_plus_conditional_all,random,ranking,all,HLA-B*55:01,pearson_log,0.7747997022027153,76,76,False
baseline_plus_conditional_all,random,ranking,all,HLA-B*55:01,auc_gt_2h,0.8924242424242425,76,76,False
baseline_plus_conditional_all,random,ranking,all,HLA-B*56:01,spearman,0.7871730209345116,74,74,False
baseline_plus_conditional_all,random,ranking,all,HLA-B*56:01,pearson_log,0.7855656053094894,74,74,False
baseline_plus_conditional_all,random,ranking,all,HLA-B*56:01,auc_gt_2h,0.9041614123581336,74,74,False
baseline_plus_conditional_all,random,ranking,all,HLA-B*57:01,spearman,0.7899671193396703,70,70,False
baseline_plus_conditional_all,random,ranking,all,HLA-B*57:01,pearson_log,0.6198085706662059,70,70,False
baseline_plus_conditional_all,random,ranking,all,HLA-B*57:01,auc_gt_2h,0.8854166666666666,70,70,False
baseline_plus_conditional_all,random,ranking,all,HLA-B*57:02,spearman,0.7228753101336979,73,73,False
baseline_plus_conditional_all,random,ranking,all,HLA-B*57:02,pearson_log,0.683360012452517,73,73,False
baseline_plus_conditional_all,random,ranking,all,HLA-B*57:02,auc_gt_2h,0.8711890243902439,73,73,False
baseline_plus_conditional_all,random,ranking,all,HLA-B*57:03,spearman,0.5974786279097177,74,74,False
baseline_plus_conditional_all,random,ranking,all,HLA-B*57:03,pearson_log,0.6146667310271314,74,74,False
baseline_plus_conditional_all,random,ranking,all,HLA-B*57:03,auc_gt_2h,0.8575031525851198,74,74,False
baseline_plus_conditional_all,random,ranking,all,HLA-B*58:01,spearman,0.7295457452887812,76,76,False
baseline_plus_conditional_all,random,ranking,all,HLA-B*58:01,pearson_log,0.6198332955874529,76,76,False
baseline_plus_conditional_all,random,ranking,all,HLA-B*58:01,auc_gt_2h,0.8578431372549019,76,76,False
baseline_plus_conditional_all,random,ranking,all,HLA-B*81:01,spearman,0.5539441768377089,73,73,False
baseline_plus_conditional_all,random,ranking,all,HLA-B*81:01,pearson_log,0.46170314448669963,73,73,False
baseline_plus_conditional_all,random,ranking,all,HLA-B*81:01,auc_gt_2h,0.6471861471861471,73,73,False
baseline_plus_conditional_all,random,ranking,nonzero,HLA-A*01:01,spearman,0.5275032301273208,42,42,False
baseline_plus_conditional_all,random,ranking,nonzero,HLA-A*01:01,pearson_log,0.5864435259424614,42,42,False
baseline_plus_conditional_all,random,ranking,nonzero,HLA-A*01:01,auc_gt_2h,0.8588235294117648,42,42,False
baseline_plus_conditional_all,random,ranking,nonzero,HLA-A*02:01,spearman,0.7302569487603594,204,204,False
baseline_plus_conditional_all,random,ranking,nonzero,HLA-A*02:01,pearson_log,0.7160816546864814,204,204,False
baseline_plus_conditional_all,random,ranking,nonzero,HLA-A*02:01,auc_gt_2h,0.8910714285714285,204,204,False
baseline_plus_conditional_all,random,ranking,nonzero,HLA-A*02:03,spearman,0.7490128807200973,72,72,False
baseline_plus_conditional_all,random,ranking,nonzero,HLA-A*02:03,pearson_log,0.7049972033560097,72,72,False
baseline_plus_conditional_all,random,ranking,nonzero,HLA-A*02:03,auc_gt_2h,0.8636788048552755,72,72,False
baseline_plus_conditional_all,random,ranking,nonzero,HLA-A*02:05,spearman,0.7999999999999999,4,4,False
baseline_plus_conditional_all,random,ranking,nonzero,HLA-A*02:05,pearson_log,0.6812614716904026,4,4,False
baseline_plus_conditional_all,random,ranking,nonzero,HLA-A*02:05,auc_gt_2h,0.75,4,4,False
baseline_plus_conditional_all,random,ranking,nonzero,HLA-A*02:10,spearman,0.5375601788952593,71,71,False
baseline_plus_conditional_all,random,ranking,nonzero,HLA-A*02:10,pearson_log,0.5685975761487885,71,71,False
baseline_plus_conditional_all,random,ranking,nonzero,HLA-A*02:10,auc_gt_2h,0.8147853736089029,71,71,False
baseline_plus_conditional_all,random,ranking,nonzero,HLA-A*02:11,spearman,0.7227785728452056,76,76,False
baseline_plus_conditional_all,random,ranking,nonzero,HLA-A*02:11,pearson_log,0.6962333244667974,76,76,False
baseline_plus_conditional_all,random,ranking,nonzero,HLA-A*02:11,auc_gt_2h,0.883916083916084,76,76,False
baseline_plus_conditional_all,random,ranking,nonzero,HLA-A*02:12,spearman,0.8180660290894348,74,74,False
baseline_plus_conditional_all,random,ranking,nonzero,HLA-A*02:12,pearson_log,0.8052239616848219,74,74,False
baseline_plus_conditional_all,random,ranking,nonzero,HLA-A*02:12,auc_gt_2h,0.9357142857142857,74,74,False
baseline_plus_conditional_all,random,ranking,nonzero,HLA-A*02:16,spearman,0.8596882342816392,74,74,False
baseline_plus_conditional_all,random,ranking,nonzero,HLA-A*02:16,pearson_log,0.8344588543687785,74,74,False
baseline_plus_conditional_all,random,ranking,nonzero,HLA-A*02:16,auc_gt_2h,0.9428571428571428,74,74,False
baseline_plus_conditional_all,random,ranking,nonzero,HLA-A*02:19,spearman,0.7581458113832342,70,70,False
baseline_plus_conditional_all,random,ranking,nonzero,HLA-A*02:19,pearson_log,0.771357291715646,70,70,False
baseline_plus_conditional_all,random,ranking,nonzero,HLA-A*02:19,auc_gt_2h,0.84,70,70,False
baseline_plus_conditional_all,random,ranking,nonzero,HLA-A*02:50,spearman,0.7230670763009781,75,75,False
baseline_plus_conditional_all,random,ranking,nonzero,HLA-A*02:50,pearson_log,0.6856413214012096,75,75,False
baseline_plus_conditional_all,random,ranking,nonzero,HLA-A*02:50,auc_gt_2h,0.861111111111111,75,75,False
baseline_plus_conditional_all,random,ranking,nonzero,HLA-A*03:01,spearman,0.7045418523466326,136,136,False
baseline_plus_conditional_all,random,ranking,nonzero,HLA-A*03:01,pearson_log,0.6990745034830286,136,136,False
baseline_plus_conditional_all,random,ranking,nonzero,HLA-A*03:01,auc_gt_2h,0.8414449491672075,136,136,False
baseline_plus_conditional_all,random,ranking,nonzero,HLA-A*11:01,spearman,0.7578220377141414,111,111,False
baseline_plus_conditional_all,random,ranking,nonzero,HLA-A*11:01,pearson_log,0.7465344285222741,111,111,False
baseline_plus_conditional_all,random,ranking,nonzero,HLA-A*11:01,auc_gt_2h,0.8648829431438128,111,111,False
baseline_plus_conditional_all,random,ranking,nonzero,HLA-A*23:01,spearman,0.816329575134757,74,74,False
baseline_plus_conditional_all,random,ranking,nonzero,HLA-A*23:01,pearson_log,0.7834019250492269,74,74,False
baseline_plus_conditional_all,random,ranking,nonzero,HLA-A*23:01,auc_gt_2h,0.922360248447205,74,74,False
baseline_plus_conditional_all,random,ranking,nonzero,HLA-A*24:02,spearman,0.7104759699354415,115,115,False
baseline_plus_conditional_all,random,ranking,nonzero,HLA-A*24:02,pearson_log,0.7483751316489429,115,115,False
baseline_plus_conditional_all,random,ranking,nonzero,HLA-A*24:02,auc_gt_2h,0.8651515151515151,115,115,False
baseline_plus_conditional_all,random,ranking,nonzero,HLA-A*24:03,spearman,0.6533488478071059,102,102,False
baseline_plus_conditional_all,random,ranking,nonzero,HLA-A*24:03,pearson_log,0.6438313337795502,102,102,False
baseline_plus_conditional_all,random,ranking,nonzero,HLA-A*24:03,auc_gt_2h,0.8040752351097178,102,102,False
baseline_plus_conditional_all,random,ranking,nonzero,HLA-A*24:07,spearman,0.8273962377421868,68,68,False
baseline_plus_conditional_all,random,ranking,nonzero,HLA-A*24:07,pearson_log,0.8222148239503244,68,68,False
baseline_plus_conditional_all,random,ranking,nonzero,HLA-A*24:07,auc_gt_2h,0.9151785714285715,68,68,False
baseline_plus_conditional_all,random,ranking,nonzero,HLA-A*24:19,spearman,0.3347864506833497,57,57,False
baseline_plus_conditional_all,random,ranking,nonzero,HLA-A*24:19,pearson_log,0.24510018369022307,57,57,False
baseline_plus_conditional_all,random,ranking,nonzero,HLA-A*24:19,auc_gt_2h,0.5884615384615385,57,57,False
baseline_plus_conditional_all,random,ranking,nonzero,HLA-A*25:01,spearman,0.6128462717785851,55,55,False
baseline_plus_conditional_all,random,ranking,nonzero,HLA-A*25:01,pearson_log,0.5815431757058792,55,55,False
baseline_plus_conditional_all,random,ranking,nonzero,HLA-A*25:01,auc_gt_2h,0.8318713450292398,55,55,False
baseline_plus_conditional_all,random,ranking,nonzero,HLA-A*26:01,spearman,0.6562786451941384,52,52,False
baseline_plus_conditional_all,random,ranking,nonzero,HLA-A*26:01,pearson_log,0.6922152368473367,52,52,False
baseline_plus_conditional_all,random,ranking,nonzero,HLA-A*26:01,auc_gt_2h,0.8756302521008403,52,52,False
baseline_plus_conditional_all,random,ranking,nonzero,HLA-A*26:02,spearman,0.6629584303043639,60,60,False
baseline_plus_conditional_all,random,ranking,nonzero,HLA-A*26:02,pearson_log,0.762783026692768,60,60,False
baseline_plus_conditional_all,random,ranking,nonzero,HLA-A*26:02,auc_gt_2h,0.8815628815628815,60,60,False
baseline_plus_conditional_all,random,ranking,nonzero,HLA-A*26:03,spearman,0.6853510985090715,52,52,False
baseline_plus_conditional_all,random,ranking,nonzero,HLA-A*26:03,pearson_log,0.7492652664245195,52,52,False
baseline_plus_conditional_all,random,ranking,nonzero,HLA-A*26:03,auc_gt_2h,0.8643790849673202,52,52,False
baseline_plus_conditional_all,random,ranking,nonzero,HLA-A*29:02,spearman,0.653296293941016,74,74,False
baseline_plus_conditional_all,random,ranking,nonzero,HLA-A*29:02,pearson_log,0.6755935128028279,74,74,False
baseline_plus_conditional_all,random,ranking,nonzero,HLA-A*29:02,auc_gt_2h,0.819660014781966,74,74,False
baseline_plus_conditional_all,random,ranking,nonzero,HLA-A*30:01,spearman,0.3790659262759881,54,54,False
baseline_plus_conditional_all,random,ranking,nonzero,HLA-A*30:01,pearson_log,0.3077124207264331,54,54,False
baseline_plus_conditional_all,random,ranking,nonzero,HLA-A*30:01,auc_gt_2h,0.6335227272727273,54,54,False
baseline_plus_conditional_all,random,ranking,nonzero,HLA-A*30:02,spearman,0.40712968201971617,67,67,False
baseline_plus_conditional_all,random,ranking,nonzero,HLA-A*30:02,pearson_log,0.5296292634176976,67,67,False
baseline_plus_conditional_all,random,ranking,nonzero,HLA-A*30:02,auc_gt_2h,0.7111801242236025,67,67,False
baseline_plus_conditional_all,random,ranking,nonzero,HLA-A*31:01,spearman,0.5499561946297191,72,72,False
baseline_plus_conditional_all,random,ranking,nonzero,HLA-A*31:01,pearson_log,0.5575511074976438,72,72,False
baseline_plus_conditional_all,random,ranking,nonzero,HLA-A*31:01,auc_gt_2h,0.7596707818930042,72,72,False
baseline_plus_conditional_all,random,ranking,nonzero,HLA-A*32:01,spearman,0.8999999999999998,5,5,False
baseline_plus_conditional_all,random,ranking,nonzero,HLA-A*32:01,pearson_log,0.9465819515707309,5,5,False
baseline_plus_conditional_all,random,ranking,nonzero,HLA-A*32:01,auc_gt_2h,1.0,5,5,False
baseline_plus_conditional_all,random,ranking,nonzero,HLA-A*32:07,spearman,0.6771466704540225,44,44,False
baseline_plus_conditional_all,random,ranking,nonzero,HLA-A*32:07,pearson_log,0.6834565211312117,44,44,False
baseline_plus_conditional_all,random,ranking,nonzero,HLA-A*32:07,auc_gt_2h,0.8083333333333333,44,44,False
baseline_plus_conditional_all,random,ranking,nonzero,HLA-A*33:03,spearman,0.5995402190771536,40,40,False
baseline_plus_conditional_all,random,ranking,nonzero,HLA-A*33:03,pearson_log,0.6240992835645379,40,40,False
baseline_plus_conditional_all,random,ranking,nonzero,HLA-A*33:03,auc_gt_2h,0.8383838383838383,40,40,False
baseline_plus_conditional_all,random,ranking,nonzero,HLA-A*43:01,spearman,0.4329734827602521,57,57,False
baseline_plus_conditional_all,random,ranking,nonzero,HLA-A*43:01,pearson_log,0.4875284137363494,57,57,False
baseline_plus_conditional_all,random,ranking,nonzero,HLA-A*43:01,auc_gt_2h,0.7372448979591837,57,57,False
baseline_plus_conditional_all,random,ranking,nonzero,HLA-A*66:01,spearman,0.12550884255028988,48,48,False
baseline_plus_conditional_all,random,ranking,nonzero,HLA-A*66:01,pearson_log,0.346539394859979,48,48,False
baseline_plus_conditional_all,random,ranking,nonzero,HLA-A*66:01,auc_gt_2h,0.6794425087108014,48,48,False
baseline_plus_conditional_all,random,ranking,nonzero,HLA-A*68:01,spearman,0.7550267511041577,57,57,False
baseline_plus_conditional_all,random,ranking,nonzero,HLA-A*68:01,pearson_log,0.7262925484086487,57,57,False
baseline_plus_conditional_all,random,ranking,nonzero,HLA-A*68:01,auc_gt_2h,0.8977832512315271,57,57,False
baseline_plus_conditional_all,random,ranking,nonzero,HLA-A*68:02,spearman,-1.0,3,3,False
baseline_plus_conditional_all,random,ranking,nonzero,HLA-A*68:02,pearson_log,-0.916941384613962,3,3,False
baseline_plus_conditional_all,random,ranking,nonzero,HLA-A*68:02,auc_gt_2h,,3,3,False
baseline_plus_conditional_all,random,ranking,nonzero,HLA-A*68:23,spearman,0.4818643827092703,64,64,False
baseline_plus_conditional_all,random,ranking,nonzero,HLA-A*68:23,pearson_log,0.5571278405978934,64,64,False
baseline_plus_conditional_all,random,ranking,nonzero,HLA-A*68:23,auc_gt_2h,0.79,64,64,False
baseline_plus_conditional_all,random,ranking,nonzero,HLA-A*69:01,spearman,,1,1,True
baseline_plus_conditional_all,random,ranking,nonzero,HLA-A*69:01,pearson_log,,1,1,True
baseline_plus_conditional_all,random,ranking,nonzero,HLA-A*69:01,auc_gt_2h,,1,1,True
baseline_plus_conditional_all,random,ranking,nonzero,HLA-A*74:01,spearman,0.7167850345217319,60,60,False
baseline_plus_conditional_all,random,ranking,nonzero,HLA-A*74:01,pearson_log,0.7494712224099409,60,60,False
baseline_plus_conditional_all,random,ranking,nonzero,HLA-A*74:01,auc_gt_2h,0.8275462962962963,60,60,False
baseline_plus_conditional_all,random,ranking,nonzero,HLA-A*80:01,spearman,0.32851181772267113,39,39,False
baseline_plus_conditional_all,random,ranking,nonzero,HLA-A*80:01,pearson_log,0.3905051735664818,39,39,False
baseline_plus_conditional_all,random,ranking,nonzero,HLA-A*80:01,auc_gt_2h,0.9259259259259259,39,39,False
baseline_plus_conditional_all,random,ranking,nonzero,HLA-B*07:02,spearman,0.664514679109553,124,124,False
baseline_plus_conditional_all,random,ranking,nonzero,HLA-B*07:02,pearson_log,0.629448151317253,124,124,False
baseline_plus_conditional_all,random,ranking,nonzero,HLA-B*07:02,auc_gt_2h,0.8281250000000001,124,124,False
baseline_plus_conditional_all,random,ranking,nonzero,HLA-B*08:01,spearman,0.572085449603075,58,58,False
baseline_plus_conditional_all,random,ranking,nonzero,HLA-B*08:01,pearson_log,0.5576683292383771,58,58,False
baseline_plus_conditional_all,random,ranking,nonzero,HLA-B*08:01,auc_gt_2h,0.7767857142857142,58,58,False
baseline_plus_conditional_all,random,ranking,nonzero,HLA-B*08:03,spearman,0.16007967919039925,47,47,False
baseline_plus_conditional_all,random,ranking,nonzero,HLA-B*08:03,pearson_log,0.17029873391678219,47,47,False
baseline_plus_conditional_all,random,ranking,nonzero,HLA-B*08:03,auc_gt_2h,0.5081300813008129,47,47,False
baseline_plus_conditional_all,random,ranking,nonzero,HLA-B*14:01(C67S),spearman,0.29424494316824984,6,6,False
baseline_plus_conditional_all,random,ranking,nonzero,HLA-B*14:01(C67S),pearson_log,0.30373945458887985,6,6,False
baseline_plus_conditional_all,random,ranking,nonzero,HLA-B*14:01(C67S),auc_gt_2h,,6,6,False
baseline_plus_conditional_all,random,ranking,nonzero,HLA-B*14:02(C67S),spearman,0.05903715642141833,18,18,False
baseline_plus_conditional_all,random,ranking,nonzero,HLA-B*14:02(C67S),pearson_log,0.31870306415364436,18,18,False
baseline_plus_conditional_all,random,ranking,nonzero,HLA-B*14:02(C67S),auc_gt_2h,0.5972222222222223,18,18,False
baseline_plus_conditional_all,random,ranking,nonzero,HLA-B*15:01,spearman,0.49470834381247997,202,202,False
baseline_plus_conditional_all,random,ranking,nonzero,HLA-B*15:01,pearson_log,0.49947336356080513,202,202,False
baseline_plus_conditional_all,random,ranking,nonzero,HLA-B*15:01,auc_gt_2h,0.7783050847457628,202,202,False
baseline_plus_conditional_all,random,ranking,nonzero,HLA-B*15:02,spearman,0.44763000229175764,52,52,False
baseline_plus_conditional_all,random,ranking,nonzero,HLA-B*15:02,pearson_log,0.41444336027130335,52,52,False
baseline_plus_conditional_all,random,ranking,nonzero,HLA-B*15:02,auc_gt_2h,0.6133333333333334,52,52,False
baseline_plus_conditional_all,random,ranking,nonzero,HLA-B*15:10,spearman,0.43210524468161526,59,59,False
baseline_plus_conditional_all,random,ranking,nonzero,HLA-B*15:10,pearson_log,0.3988552684700408,59,59,False
baseline_plus_conditional_all,random,ranking,nonzero,HLA-B*15:10,auc_gt_2h,0.659313725490196,59,59,False
baseline_plus_conditional_all,random,ranking,nonzero,HLA-B*15:17,spearman,0.5175672621125609,62,62,False
baseline_plus_conditional_all,random,ranking,nonzero,HLA-B*15:17,pearson_log,0.5488527965374277,62,62,False
baseline_plus_conditional_all,random,ranking,nonzero,HLA-B*15:17,auc_gt_2h,0.7582417582417582,62,62,False
baseline_plus_conditional_all,random,ranking,nonzero,HLA-B*18:01,spearman,0.5542988123468477,67,67,False
baseline_plus_conditional_all,random,ranking,nonzero,HLA-B*18:01,pearson_log,0.5199665750013713,67,67,False
baseline_plus_conditional_all,random,ranking,nonzero,HLA-B*18:01,auc_gt_2h,0.7697132616487455,67,67,False
baseline_plus_conditional_all,random,ranking,nonzero,HLA-B*27:02,spearman,0.7794577623919278,51,51,False
baseline_plus_conditional_all,random,ranking,nonzero,HLA-B*27:02,pearson_log,0.7590731169060762,51,51,False
baseline_plus_conditional_all,random,ranking,nonzero,HLA-B*27:02,auc_gt_2h,0.8685121107266436,51,51,False
baseline_plus_conditional_all,random,ranking,nonzero,HLA-B*27:03,spearman,0.6924364650349408,46,46,False
baseline_plus_conditional_all,random,ranking,nonzero,HLA-B*27:03,pearson_log,0.7043958205038061,46,46,False
baseline_plus_conditional_all,random,ranking,nonzero,HLA-B*27:03,auc_gt_2h,0.8362573099415206,46,46,False
baseline_plus_conditional_all,random,ranking,nonzero,HLA-B*27:05,spearman,0.6640329458338019,59,59,False
baseline_plus_conditional_all,random,ranking,nonzero,HLA-B*27:05,pearson_log,0.6520149881817652,59,59,False
baseline_plus_conditional_all,random,ranking,nonzero,HLA-B*27:05,auc_gt_2h,0.7892857142857144,59,59,False
baseline_plus_conditional_all,random,ranking,nonzero,HLA-B*27:20,spearman,0.6072321581703123,51,51,False
baseline_plus_conditional_all,random,ranking,nonzero,HLA-B*27:20,pearson_log,0.6281652361676863,51,51,False
baseline_plus_conditional_all,random,ranking,nonzero,HLA-B*27:20,auc_gt_2h,0.7609427609427609,51,51,False
baseline_plus_conditional_all,random,ranking,nonzero,HLA-B*35:01,spearman,0.5653121630243328,117,117,False
baseline_plus_conditional_all,random,ranking,nonzero,HLA-B*35:01,pearson_log,0.5513161260428053,117,117,False
baseline_plus_conditional_all,random,ranking,nonzero,HLA-B*35:01,auc_gt_2h,0.7930424528301887,117,117,False
baseline_plus_conditional_all,random,ranking,nonzero,HLA-B*35:03,spearman,0.7272672368858939,72,72,False
baseline_plus_conditional_all,random,ranking,nonzero,HLA-B*35:03,pearson_log,0.7219297211191107,72,72,False
baseline_plus_conditional_all,random,ranking,nonzero,HLA-B*35:03,auc_gt_2h,0.8796875,72,72,False
baseline_plus_conditional_all,random,ranking,nonzero,HLA-B*35:08,spearman,0.7999999999999999,4,4,False
baseline_plus_conditional_all,random,ranking,nonzero,HLA-B*35:08,pearson_log,0.9685716708945399,4,4,False
baseline_plus_conditional_all,random,ranking,nonzero,HLA-B*35:08,auc_gt_2h,1.0,4,4,False
baseline_plus_conditional_all,random,ranking,nonzero,HLA-B*39:01,spearman,0.516821671465082,110,110,False
baseline_plus_conditional_all,random,ranking,nonzero,HLA-B*39:01,pearson_log,0.5422777940198833,110,110,False
baseline_plus_conditional_all,random,ranking,nonzero,HLA-B*39:01,auc_gt_2h,0.8095952023988007,110,110,False
baseline_plus_conditional_all,random,ranking,nonzero,HLA-B*39:02,spearman,0.6610003691996068,65,65,False
baseline_plus_conditional_all,random,ranking,nonzero,HLA-B*39:02,pearson_log,0.6675535470463756,65,65,False
baseline_plus_conditional_all,random,ranking,nonzero,HLA-B*39:02,auc_gt_2h,0.8528265107212476,65,65,False
baseline_plus_conditional_all,random,ranking,nonzero,HLA-B*39:06(C67S),spearman,-0.6000000000000001,4,4,False
baseline_plus_conditional_all,random,ranking,nonzero,HLA-B*39:06(C67S),pearson_log,-0.42199249922911974,4,4,False
baseline_plus_conditional_all,random,ranking,nonzero,HLA-B*39:06(C67S),auc_gt_2h,0.33333333333333337,4,4,False
baseline_plus_conditional_all,random,ranking,nonzero,HLA-B*39:10,spearman,0.7294578343790403,68,68,False
baseline_plus_conditional_all,random,ranking,nonzero,HLA-B*39:10,pearson_log,0.7220168401486382,68,68,False
baseline_plus_conditional_all,random,ranking,nonzero,HLA-B*39:10,auc_gt_2h,0.9047619047619048,68,68,False
baseline_plus_conditional_all,random,ranking,nonzero,HLA-B*40:01,spearman,0.3577003865219988,58,58,False
baseline_plus_conditional_all,random,ranking,nonzero,HLA-B*40:01,pearson_log,0.2968174069297105,58,58,False
baseline_plus_conditional_all,random,ranking,nonzero,HLA-B*40:01,auc_gt_2h,0.7547169811320755,58,58,False
baseline_plus_conditional_all,random,ranking,nonzero,HLA-B*40:02,spearman,1.0,4,4,False
baseline_plus_conditional_all,random,ranking,nonzero,HLA-B*40:02,pearson_log,0.7905842416286003,4,4,False
baseline_plus_conditional_all,random,ranking,nonzero,HLA-B*40:02,auc_gt_2h,1.0,4,4,False
baseline_plus_conditional_all,random,ranking,nonzero,HLA-B*41:01,spearman,0.4172361525427703,32,32,False
baseline_plus_conditional_all,random,ranking,nonzero,HLA-B*41:01,pearson_log,0.5349894826001861,32,32,False
baseline_plus_conditional_all,random,ranking,nonzero,HLA-B*41:01,auc_gt_2h,0.9017857142857143,32,32,False
baseline_plus_conditional_all,random,ranking,nonzero,HLA-B*42:01,spearman,0.8421936815215889,68,68,False
baseline_plus_conditional_all,random,ranking,nonzero,HLA-B*42:01,pearson_log,0.8040420688988779,68,68,False
baseline_plus_conditional_all,random,ranking,nonzero,HLA-B*42:01,auc_gt_2h,0.9601873536299765,68,68,False
baseline_plus_conditional_all,random,ranking,nonzero,HLA-B*42:02,spearman,0.8329375899655164,69,69,False
baseline_plus_conditional_all,random,ranking,nonzero,HLA-B*42:02,pearson_log,0.822652392998839,69,69,False
baseline_plus_conditional_all,random,ranking,nonzero,HLA-B*42:02,auc_gt_2h,0.9427350427350427,69,69,False
baseline_plus_conditional_all,random,ranking,nonzero,HLA-B*44:05,spearman,0.5377433618296754,61,61,False
baseline_plus_conditional_all,random,ranking,nonzero,HLA-B*44:05,pearson_log,0.5152848038163437,61,61,False
baseline_plus_conditional_all,random,ranking,nonzero,HLA-B*44:05,auc_gt_2h,0.7878048780487805,61,61,False
baseline_plus_conditional_all,random,ranking,nonzero,HLA-B*45:01,spearman,0.375003736902158,26,26,False
baseline_plus_conditional_all,random,ranking,nonzero,HLA-B*45:01,pearson_log,0.14054234176335842,26,26,False
baseline_plus_conditional_all,random,ranking,nonzero,HLA-B*45:01,auc_gt_2h,0.6527777777777778,26,26,False
baseline_plus_conditional_all,random,ranking,nonzero,HLA-B*46:01,spearman,-0.026675279881040556,36,36,False
baseline_plus_conditional_all,random,ranking,nonzero,HLA-B*46:01,pearson_log,0.08307116110378004,36,36,False
baseline_plus_conditional_all,random,ranking,nonzero,HLA-B*46:01,auc_gt_2h,0.53125,36,36,False
baseline_plus_conditional_all,random,ranking,nonzero,HLA-B*51:01,spearman,0.6199552543465747,35,35,False
baseline_plus_conditional_all,random,ranking,nonzero,HLA-B*51:01,pearson_log,0.6268262858242685,35,35,False
baseline_plus_conditional_all,random,ranking,nonzero,HLA-B*51:01,auc_gt_2h,0.8333333333333334,35,35,False
baseline_plus_conditional_all,random,ranking,nonzero,HLA-B*54:01,spearman,0.6453967161753389,44,44,False
baseline_plus_conditional_all,random,ranking,nonzero,HLA-B*54:01,pearson_log,0.6817011188685609,44,44,False
baseline_plus_conditional_all,random,ranking,nonzero,HLA-B*54:01,auc_gt_2h,0.8717948717948718,44,44,False
baseline_plus_conditional_all,random,ranking,nonzero,HLA-B*55:01,spearman,0.5761673788813604,32,32,False
baseline_plus_conditional_all,random,ranking,nonzero,HLA-B*55:01,pearson_log,0.6102038151522848,32,32,False
baseline_plus_conditional_all,random,ranking,nonzero,HLA-B*55:01,auc_gt_2h,0.7272727272727273,32,32,False
baseline_plus_conditional_all,random,ranking,nonzero,HLA-B*56:01,spearman,0.638429319256139,42,42,False
baseline_plus_conditional_all,random,ranking,nonzero,HLA-B*56:01,pearson_log,0.7110561695152635,42,42,False
baseline_plus_conditional_all,random,ranking,nonzero,HLA-B*56:01,auc_gt_2h,0.8116710875331565,42,42,False
baseline_plus_conditional_all,random,ranking,nonzero,HLA-B*57:01,spearman,0.7654406847873368,60,60,False
baseline_plus_conditional_all,random,ranking,nonzero,HLA-B*57:01,pearson_log,0.6953415843169646,60,60,False
baseline_plus_conditional_all,random,ranking,nonzero,HLA-B*57:01,auc_gt_2h,0.8858024691358025,60,60,False
baseline_plus_conditional_all,random,ranking,nonzero,HLA-B*57:02,spearman,0.7087997195472676,71,71,False
baseline_plus_conditional_all,random,ranking,nonzero,HLA-B*57:02,pearson_log,0.690305870893027,71,71,False
baseline_plus_conditional_all,random,ranking,nonzero,HLA-B*57:02,auc_gt_2h,0.8653846153846154,71,71,False
baseline_plus_conditional_all,random,ranking,nonzero,HLA-B*57:03,spearman,0.5974786279097177,74,74,False
baseline_plus_conditional_all,random,ranking,nonzero,HLA-B*57:03,pearson_log,0.6146667310271314,74,74,False
baseline_plus_conditional_all,random,ranking,nonzero,HLA-B*57:03,auc_gt_2h,0.8575031525851198,74,74,False
baseline_plus_conditional_all,random,ranking,nonzero,HLA-B*58:01,spearman,0.7785550751926767,65,65,False
baseline_plus_conditional_all,random,ranking,nonzero,HLA-B*58:01,pearson_log,0.7485092296968963,65,65,False
baseline_plus_conditional_all,random,ranking,nonzero,HLA-B*58:01,auc_gt_2h,0.8612836438923396,65,65,False
baseline_plus_conditional_all,random,ranking,nonzero,HLA-B*81:01,spearman,0.4599906774802212,60,60,False
baseline_plus_conditional_all,random,ranking,nonzero,HLA-B*81:01,pearson_log,0.3519759843969671,60,60,False
baseline_plus_conditional_all,random,ranking,nonzero,HLA-B*81:01,auc_gt_2h,0.5929919137466307,60,60,False
