representation,split,loss,subset,allele,metric,value,n,n_total,constant_prediction
baseline_plus_conditional_all,leave_one_allele_out,mse,all,HLA-A*01:01,spearman,0.13332561269814622,220,220,False
baseline_plus_conditional_all,leave_one_allele_out,mse,all,HLA-A*01:01,pearson_log,0.14709022287780876,220,220,False
baseline_plus_conditional_all,leave_one_allele_out,mse,all,HLA-A*01:01,auc_gt_2h,0.6141304347826088,220,220,False
baseline_plus_conditional_all,leave_one_allele_out,mse,all,HLA-A*02:01,spearman,0.6995348610101197,1023,1023,False
baseline_plus_conditional_all,leave_one_allele_out,mse,all,HLA-A*02:01,pearson_log,0.6568397647100126,1023,1023,False
baseline_plus_conditional_all,leave_one_allele_out,mse,all,HLA-A*02:01,auc_gt_2h,0.8431133428981348,1023,1023,False
baseline_plus_conditional_all,leave_one_allele_out,mse,all,HLA-A*02:03,spearman,0.6456508085269648,379,379,False
baseline_plus_conditional_all,leave_one_allele_out,mse,all,HLA-A*02:03,pearson_log,0.6209298889517124,379,379,False
baseline_plus_conditional_all,leave_one_allele_out,mse,all,HLA-A*02:03,auc_gt_2h,0.8125727213962509,379,379,False
baseline_plus_conditional_all,leave_one_allele_out,mse,all,HLA-A*02:05,spearman,0.5261448799743009,21,21,False
baseline_plus_conditional_all,leave_one_allele_out,mse,all,HLA-A*02:05,pearson_log,0.5815843923578384,21,21,False
baseline_plus_conditional_all,leave_one_allele_out,mse,all,HLA-A*02:05,auc_gt_2h,0.7888888888888889,21,21,False
baseline_plus_conditional_all,leave_one_allele_out,mse,all,HLA-A*02:10,spearman,0.33772252979539585,370,370,False
baseline_plus_conditional_all,leave_one_allele_out,mse,all,HLA-A*02:10,pearson_log,0.3408513202680472,370,370,False
baseline_plus_conditional_all,leave_one_allele_out,mse,all,HLA-A*02:10,auc_gt_2h,0.6685525695426686,370,370,False
baseline_plus_conditional_all,leave_one_allele_out,mse,all,HLA-A*02:11,spearman,0.5859287698308555,379,379,False
baseline_plus_conditional_all,leave_one_allele_out,mse,all,HLA-A*02:11,pearson_log,0.5402408824931237,379,379,False
baseline_plus_conditional_all,leave_one_allele_out,mse,all,HLA-A*02:11,auc_gt_2h,0.7976686507936508,379,379,False
baseline_plus_conditional_all,leave_one_allele_out,mse,all,HLA-A*02:12,spearman,0.7799958078580238,372,372,False
baseline_plus_conditional_all,leave_one_allele_out,mse,all,HLA-A*02:12,pearson_log,0.7297592169452061,372,372,False
baseline_plus_conditional_all,leave_one_allele_out,mse,all,HLA-A*02:12,auc_gt_2h,0.8982365447950974,372,372,False
baseline_plus_conditional_all,leave_one_allele_out,mse,all,HLA-A*02:16,spearman,0.742709059814501,373,373,False
baseline_plus_conditional_all,leave_one_allele_out,mse,all,HLA-A*02:16,pearson_log,0.7365326347562322,373,373,False
baseline_plus_conditional_all,leave_one_allele_out,mse,all,HLA-A*02:16,auc_gt_2h,0.8963661413932661,373,373,False
baseline_plus_conditional_all,leave_one_allele_out,mse,all,HLA-A*02:19,spearman,0.7299731627471117,354,354,False
baseline_plus_conditional_all,leave_one_allele_out,mse,all,HLA-A*02:19,pearson_log,0.7255200220674649,354,354,False
baseline_plus_conditional_all,leave_one_allele_out,mse,all,HLA-A*02:19,auc_gt_2h,0.8528143274853801,354,354,False
baseline_plus_conditional_all,leave_one_allele_out,mse,all,HLA-A*02:50,spearman,0.6745260374660218,375,375,False
baseline_plus_conditional_all,leave_one_allele_out,mse,all,HLA-A*02:50,pearson_log,0.6413736321512821,375,375,False
baseline_plus_conditional_all,leave_one_allele_out,mse,all,HLA-A*02:50,auc_gt_2h,0.8369125154022179,375,375,False
baseline_plus_conditional_all,leave_one_allele_out,mse,all,HLA-A*03:01,spearman,0.6564929381345058,861,861,False
baseline_plus_conditional_all,leave_one_allele_out,mse,all,HLA-A*03:01,pearson_log,0.6588203810837003,861,861,False
baseline_plus_conditional_all,leave_one_allele_out,mse,all,HLA-A*03:01,auc_gt_2h,0.8254663265538527,861,861,False
baseline_plus_conditional_all,leave_one_allele_out,mse,all,HLA-A*11:01,spearman,0.671318380757169,577,577,False
baseline_plus_conditional_all,leave_one_allele_out,mse,all,HLA-A*11:01,pearson_log,0.6644796867062066,577,577,False
baseline_plus_conditional_all,leave_one_allele_out,mse,all,HLA-A*11:01,auc_gt_2h,0.8331466965285553,577,577,False
baseline_plus_conditional_all,leave_one_allele_out,mse,all,HLA-A*23:01,spearman,0.8144933343189397,372,372,False
baseline_plus_conditional_all,leave_one_allele_out,mse,all,HLA-A*23:01,pearson_log,0.7971620345708124,372,372,False
baseline_plus_conditional_all,leave_one_allele_out,mse,all,HLA-A*23:01,auc_gt_2h,0.9196246019775431,372,372,False
baseline_plus_conditional_all,leave_one_allele_out,mse,all,HLA-A*24:02,spearman,0.7471635998130359,573,573,False
baseline_plus_conditional_all,leave_one_allele_out,mse,all,HLA-A*24:02,pearson_log,0.7612437384174852,573,573,False
baseline_plus_conditional_all,leave_one_allele_out,mse,all,HLA-A*24:02,auc_gt_2h,0.8812905944766721,573,573,False
baseline_plus_conditional_all,leave_one_allele_out,mse,all,HLA-A*24:03,spearman,0.6466146741685295,512,512,False
baseline_plus_conditional_all,leave_one_allele_out,mse,all,HLA-A*24:03,pearson_log,0.6188213957362271,512,512,False
baseline_plus_conditional_all,leave_one_allele_out,mse,all,HLA-A*24:03,auc_gt_2h,0.817165798611111,512,512,False
baseline_plus_conditional_all,leave_one_allele_out,mse,all,HLA-A*24:07,spearman,0.7783261449111856,352,352,False
baseline_plus_conditional_all,leave_one_allele_out,mse,all,HLA-A*24:07,pearson_log,0.7703443621300996,352,352,False
baseline_plus_conditional_all,leave_one_allele_out,mse,all,HLA-A*24:07,auc_gt_2h,0.8779438405797102,352,352,False
baseline_plus_conditional_all,leave_one_allele_out,mse,all,HLA-A*24:19,spearman,0.2678662367395892,378,378,False
baseline_plus_conditional_all,leave_one_allele_out,mse,all,HLA-A*24:19,pearson_log,0.26813560645050527,378,378,False
baseline_plus_conditional_all,leave_one_allele_out,mse,all,HLA-A*24:19,auc_gt_2h,0.5787755102040817,378,378,False
baseline_plus_conditional_all,leave_one_allele_out,mse,all,HLA-A*25:01,spearman,0.3766950610915476,363,363,False
baseline_plus_conditional_all,leave_one_allele_out,mse,all,HLA-A*25:01,pearson_log,0.38054408046046817,363,363,False
baseline_plus_conditional_all,leave_one_allele_out,mse,all,HLA-A*25:01,auc_gt_2h,0.744037444037444,363,363,False
baseline_plus_conditional_all,leave_one_allele_out,mse,all,HLA-A*26:01,spearman,0.6362448454937129,272,272,False
baseline_plus_conditional_all,leave_one_allele_out,mse,all,HLA-A*26:01,pearson_log,0.6460264296863776,272,272,False
baseline_plus_conditional_all,leave_one_allele_out,mse,all,HLA-A*26:01,auc_gt_2h,0.8497640767536961,272,272,False
baseline_plus_conditional_all,leave_one_allele_out,mse,all,HLA-A*26:02,spearman,0.5449647079467543,343,343,False
baseline_plus_conditional_all,leave_one_allele_out,mse,all,HLA-A*26:02,pearson_log,0.5526057659744521,343,343,False
baseline_plus_conditional_all,leave_one_allele_out,mse,all,HLA-A*26:02,auc_gt_2h,0.811049519586105,343,343,False
baseline_plus_conditional_all,leave_one_allele_out,mse,all,HLA-A*26:03,spearman,0.5826747134354803,341,341,False
baseline_plus_conditional_all,leave_one_allele_out,mse,all,HLA-A*26:03,pearson_log,0.6066770815674822,341,341,False
baseline_plus_conditional_all,leave_one_allele_out,mse,all,HLA-A*26:03,auc_gt_2h,0.8037835249042146,341,341,False
baseline_plus_conditional_all,leave_one_allele_out,mse,all,HLA-A*29:02,spearman,0.47228951115821716,383,383,False
baseline_plus_conditional_all,leave_one_allele_out,mse,all,HLA-A*29:02,pearson_log,0.4832530260509253,383,383,False
baseline_plus_conditional_all,leave_one_allele_out,mse,all,HLA-A*29:02,auc_gt_2h,0.7254733218588642,383,383,False
baseline_plus_conditional_all,leave_one_allele_out,mse,all,HLA-A*30:01,spearman,0.4391388172032142,386,386,False
baseline_plus_conditional_all,leave_one_allele_out,mse,all,HLA-A*30:01,pearson_log,0.42823338813394585,386,386,False
baseline_plus_conditional_all,leave_one_allele_out,mse,all,HLA-A*30:01,auc_gt_2h,0.6947710447861186,386,386,False
baseline_plus_conditional_all,leave_one_allele_out,mse,all,HLA-A*30:02,spearman,0.28115924652785185,367,367,False
baseline_plus_conditional_all,leave_one_allele_out,mse,all,HLA-A*30:02,pearson_log,0.36380648424084394,367,367,False
baseline_plus_conditional_all,leave_one_allele_out,mse,all,HLA-A*30:02,auc_gt_2h,0.6537550869404366,367,367,False
baseline_plus_conditional_all,leave_one_allele_out,mse,all,HLA-A*31:01,spearman,0.6093735853424062,382,382,False
baseline_plus_conditional_all,leave_one_allele_out,mse,all,HLA-A*31:01,pearson_log,0.5947740555048879,382,382,False
baseline_plus_conditional_all,leave_one_allele_out,mse,all,HLA-A*31:01,auc_gt_2h,0.7961716681376877,382,382,False
baseline_plus_conditional_all,leave_one_allele_out,mse,all,HLA-A*32:01,spearman,0.7397772797453285,32,32,False
baseline_plus_conditional_all,leave_one_allele_out,mse,all,HLA-A*32:01,pearson_log,0.7203347439390179,32,32,False
baseline_plus_conditional_all,leave_one_allele_out,mse,all,HLA-A*32:01,auc_gt_2h,0.9653679653679654,32,32,False
baseline_plus_conditional_all,leave_one_allele_out,mse,all,HLA-A*32:07,spearman,0.6868509273035917,364,364,False
baseline_plus_conditional_all,leave_one_allele_out,mse,all,HLA-A*32:07,pearson_log,0.6867877810056149,364,364,False
baseline_plus_conditional_all,leave_one_allele_out,mse,all,HLA-A*32:07,auc_gt_2h,0.8429490351311232,364,364,False
baseline_plus_conditional_all,leave_one_allele_out,mse,all,HLA-A*33:03,spearman,0.4429043339777856,371,371,False
baseline_plus_conditional_all,leave_one_allele_out,mse,all,HLA-A*33:03,pearson_log,0.4563333346200802,371,371,False
baseline_plus_conditional_all,leave_one_allele_out,mse,all,HLA-A*33:03,auc_gt_2h,0.7302903304178815,371,371,False
baseline_plus_conditional_all,leave_one_allele_out,mse,all,HLA-A*43:01,spearman,0.375366638441566,359,359,False
baseline_plus_conditional_all,leave_one_allele_out,mse,all,HLA-A*43:01,pearson_log,0.3884400851351983,359,359,False
baseline_plus_conditional_all,leave_one_allele_out,mse,all,HLA-A*43:01,auc_gt_2h,0.7432888479828195,359,359,False
baseline_plus_conditional_all,leave_one_allele_out,mse,all,HLA-A*66:01,spearman,0.4095186434324746,382,382,False
baseline_plus_conditional_all,leave_one_allele_out,mse,all,HLA-A*66:01,pearson_log,0.4685693121693457,382,382,False
baseline_plus_conditional_all,leave_one_allele_out,mse,all,HLA-A*66:01,auc_gt_2h,0.7901515151515152,382,382,False
baseline_plus_conditional_all,leave_one_allele_out,mse,all,HLA-A*68:01,spearman,0.5409479985087445,387,387,False
baseline_plus_conditional_all,leave_one_allele_out,mse,all,HLA-A*68:01,pearson_log,0.53953092572279,387,387,False
baseline_plus_conditional_all,leave_one_allele_out,mse,all,HLA-A*68:01,auc_gt_2h,0.7665403266261636,387,387,False
baseline_plus_conditional_all,leave_one_allele_out,mse,all,HLA-A*68:02,spearman,0.07369214765929964,16,16,False
baseline_plus_conditional_all,leave_one_allele_out,mse,all,HLA-A*68:02,pearson_log,-0.023863685083512776,16,16,False
baseline_plus_conditional_all,leave_one_allele_out,mse,all,HLA-A*68:02,auc_gt_2h,0.7857142857142857,16,16,False
baseline_plus_conditional_all,leave_one_allele_out,mse,all,HLA-A*68:23,spearman,0.28851802994294296,369,369,False
baseline_plus_conditional_all,leave_one_allele_out,mse,all,HLA-A*68:23,pearson_log,0.23379830243144,369,369,False
baseline_plus_conditional_all,leave_one_allele_out,mse,all,HLA-A*68:23,auc_gt_2h,0.6950089800548256,369,369,False
baseline_plus_conditional_all,leave_one_allele_out,mse,all,HLA-A*69:01,spearman,0.35344071622149753,15,15,False
baseline_plus_conditional_all,leave_one_allele_out,mse,all,HLA-A*69:01,pearson_log,0.4035258796690309,15,15,False
baseline_plus_conditional_all,leave_one_allele_out,mse,all,HLA-A*69:01,auc_gt_2h,0.5,15,15,False
baseline_plus_conditional_all,leave_one_allele_out,mse,all,HLA-A*74:01,spearman,0.5747066062884507,361,361,False
baseline_plus_conditional_all,leave_one_allele_out,mse,all,HLA-A*74:01,pearson_log,0.5760788100678882,361,361,False
baseline_plus_conditional_all,leave_one_allele_out,mse,all,HLA-A*74:01,auc_gt_2h,0.7792510742786986,361,361,False
baseline_plus_conditional_all,leave_one_allele_out,mse,all,HLA-A*80:01,spearman,0.49841433569473004,351,351,False
baseline_plus_conditional_all,leave_one_allele_out,mse,all,HLA-A*80:01,pearson_log,0.5225149805306055,351,351,False
baseline_plus_conditional_all,leave_one_allele_out,mse,all,HLA-A*80:01,auc_gt_2h,0.8943289890806622,351,351,False
baseline_plus_conditional_all,leave_one_allele_out,mse,all,HLA-B*07:02,spearman,0.6163878624140092,647,647,False
baseline_plus_conditional_all,leave_one_allele_out,mse,all,HLA-B*07:02,pearson_log,0.5868728038635372,647,647,False
baseline_plus_conditional_all,leave_one_allele_out,mse,all,HLA-B*07:02,auc_gt_2h,0.7961904182632848,647,647,False
baseline_plus_conditional_all,leave_one_allele_out,mse,all,HLA-B*08:01,spearman,0.30390942210046445,465,465,False
baseline_plus_conditional_all,leave_one_allele_out,mse,all,HLA-B*08:01,pearson_log,0.3090064586248497,465,465,False
baseline_plus_conditional_all,leave_one_allele_out,mse,all,HLA-B*08:01,auc_gt_2h,0.7254901960784313,465,465,False
baseline_plus_conditional_all,leave_one_allele_out,mse,all,HLA-B*08:03,spearman,0.2945818646329258,350,350,False
baseline_plus_conditional_all,leave_one_allele_out,mse,all,HLA-B*08:03,pearson_log,0.2777844417876275,350,350,False
baseline_plus_conditional_all,leave_one_allele_out,mse,all,HLA-B*08:03,auc_gt_2h,0.7617889221556886,350,350,False
baseline_plus_conditional_all,leave_one_allele_out,mse,all,HLA-B*13:02,spearman,0.11118739749916519,7,7,False
baseline_plus_conditional_all,leave_one_allele_out,mse,all,HLA-B*13:02,pearson_log,0.020630470414559787,7,7,False
baseline_plus_conditional_all,leave_one_allele_out,mse,all,HLA-B*13:02,auc_gt_2h,0.3333333333333333,7,7,False
baseline_plus_conditional_all,leave_one_allele_out,mse,all,HLA-B*14:01(C67S),spearman,0.4591480729973394,374,374,False
baseline_plus_conditional_all,leave_one_allele_out,mse,all,HLA-B*14:01(C67S),pearson_log,0.5591283111322232,374,374,False
baseline_plus_conditional_all,leave_one_allele_out,mse,all,HLA-B*14:01(C67S),auc_gt_2h,0.9472527472527472,374,374,False
baseline_plus_conditional_all,leave_one_allele_out,mse,all,HLA-B*14:02(C67S),spearman,0.4789291378649548,382,382,False
baseline_plus_conditional_all,leave_one_allele_out,mse,all,HLA-B*14:02(C67S),pearson_log,0.5195286668518977,382,382,False
baseline_plus_conditional_all,leave_one_allele_out,mse,all,HLA-B*14:02(C67S),auc_gt_2h,0.8487153482082488,382,382,False
baseline_plus_conditional_all,leave_one_allele_out,mse,all,HLA-B*15:01,spearman,0.1548879694387786,1070,1070,False
baseline_plus_conditional_all,leave_one_allele_out,mse,all,HLA-B*15:01,pearson_log,0.1960050869841159,1070,1070,False
baseline_plus_conditional_all,leave_one_allele_out,mse,all,HLA-B*15:01,auc_gt_2h,0.6349245206038352,1070,1070,False
baseline_plus_conditional_all,leave_one_allele_out,mse,all,HLA-B*15:02,spearman,0.44359521652090056,349,349,False
baseline_plus_conditional_all,leave_one_allele_out,mse,all,HLA-B*15:02,pearson_log,0.42268476963566837,349,349,False
baseline_plus_conditional_all,leave_one_allele_out,mse,all,HLA-B*15:02,auc_gt_2h,0.7276538201487492,349,349,False
baseline_plus_conditional_all,leave_one_allele_out,mse,all,HLA-B*15:10,spearman,0.48249212411507364,363,363,False
baseline_plus_conditional_all,leave_one_allele_out,mse,all,HLA-B*15:10,pearson_log,0.48296871412612363,363,363,False
baseline_plus_conditional_all,leave_one_allele_out,mse,all,HLA-B*15:10,auc_gt_2h,0.7694889003613836,363,363,False
baseline_plus_conditional_all,leave_one_allele_out,mse,all,HLA-B*15:17,spearman,0.24875685103724537,362,362,False
baseline_plus_conditional_all,leave_one_allele_out,mse,all,HLA-B*15:17,pearson_log,0.25731966198693357,362,362,False
baseline_plus_conditional_all,leave_one_allele_out,mse,all,HLA-B*15:17,auc_gt_2h,0.6143320964749536,362,362,False
baseline_plus_conditional_all,leave_one_allele_out,mse,all,HLA-B*18:01,spearman,0.309959914825327,359,359,False
baseline_plus_conditional_all,leave_one_allele_out,mse,all,HLA-B*18:01,pearson_log,0.3197413333822525,359,359,False
baseline_plus_conditional_all,leave_one_allele_out,mse,all,HLA-B*18:01,auc_gt_2h,0.6309025506867233,359,359,False
baseline_plus_conditional_all,leave_one_allele_out,mse,all,HLA-B*27:02,spearman,0.5597939358263334,359,359,False
baseline_plus_conditional_all,leave_one_allele_out,mse,all,HLA-B*27:02,pearson_log,0.5719089508246022,359,359,False
baseline_plus_conditional_all,leave_one_allele_out,mse,all,HLA-B*27:02,auc_gt_2h,0.782962720732505,359,359,False
baseline_plus_conditional_all,leave_one_allele_out,mse,all,HLA-B*27:03,spearman,0.747494157918962,368,368,False
baseline_plus_conditional_all,leave_one_allele_out,mse,all,HLA-B*27:03,pearson_log,0.7528882869616713,368,368,False
baseline_plus_conditional_all,leave_one_allele_out,mse,all,HLA-B*27:03,auc_gt_2h,0.9131664697246392,368,368,False
baseline_plus_conditional_all,leave_one_allele_out,mse,all,HLA-B*27:05,spearman,0.6721546667272038,366,366,False
baseline_plus_conditional_all,leave_one_allele_out,mse,all,HLA-B*27:05,pearson_log,0.6624027771689167,366,366,False
baseline_plus_conditional_all,leave_one_allele_out,mse,all,HLA-B*27:05,auc_gt_2h,0.852124423510941,366,366,False
baseline_plus_conditional_all,leave_one_allele_out,mse,all,HLA-B*27:20,spearman,0.5015811113637689,368,368,False
baseline_plus_conditional_all,leave_one_allele_out,mse,all,HLA-B*27:20,pearson_log,0.5174192237484097,368,368,False
baseline_plus_conditional_all,leave_one_allele_out,mse,all,HLA-B*27:20,auc_gt_2h,0.8173527767023703,368,368,False
baseline_plus_conditional_all,leave_one_allele_out,mse,all,HLA-B*35:01,spearman,0.3791674504836804,650,650,False
baseline_plus_conditional_all,leave_one_allele_out,mse,all,HLA-B*35:01,pearson_log,0.36286284388585616,650,650,False
baseline_plus_conditional_all,leave_one_allele_out,mse,all,HLA-B*35:01,auc_gt_2h,0.7036109122723296,650,650,False
baseline_plus_conditional_all,leave_one_allele_out,mse,all,HLA-B*35:03,spearman,0.4532329852811466,376,376,False
baseline_plus_conditional_all,leave_one_allele_out,mse,all,HLA-B*35:03,pearson_log,0.4971295815813925,376,376,False
baseline_plus_conditional_all,leave_one_allele_out,mse,all,HLA-B*35:03,auc_gt_2h,0.7301020408163265,376,376,False
baseline_plus_conditional_all,leave_one_allele_out,mse,all,HLA-B*35:08,spearman,0.5685438861500031,27,27,False
baseline_plus_conditional_all,leave_one_allele_out,mse,all,HLA-B*35:08,pearson_log,0.6360209689261553,27,27,False
baseline_plus_conditional_all,leave_one_allele_out,mse,all,HLA-B*35:08,auc_gt_2h,0.9130434782608696,27,27,False
baseline_plus_conditional_all,leave_one_allele_out,mse,all,HLA-B*39:01,spearman,0.3846554378906191,680,680,False
baseline_plus_conditional_all,leave_one_allele_out,mse,all,HLA-B*39:01,pearson_log,0.41838024168104637,680,680,False
baseline_plus_conditional_all,leave_one_allele_out,mse,all,HLA-B*39:01,auc_gt_2h,0.7743401859013501,680,680,False
baseline_plus_conditional_all,leave_one_allele_out,mse,all,HLA-B*39:02,spearman,0.30674156799296853,375,375,False
baseline_plus_conditional_all,leave_one_allele_out,mse,all,HLA-B*39:02,pearson_log,0.3033443727222625,375,375,False
baseline_plus_conditional_all,leave_one_allele_out,mse,all,HLA-B*39:02,auc_gt_2h,0.6860984956003408,375,375,False
baseline_plus_conditional_all,leave_one_allele_out,mse,all,HLA-B*39:06(C67S),spearman,0.20501882347934175,379,379,False
baseline_plus_conditional_all,leave_one_allele_out,mse,all,HLA-B*39:06(C67S),pearson_log,0.4062340653534231,379,379,False
baseline_plus_conditional_all,leave_one_allele_out,mse,all,HLA-B*39:06(C67S),auc_gt_2h,0.8087578194816801,379,379,False
baseline_plus_conditional_all,leave_one_allele_out,mse,all,HLA-B*39:10,spearman,0.5732822615619269,376,376,False
baseline_plus_conditional_all,leave_one_allele_out,mse,all,HLA-B*39:10,pearson_log,0.5651785304219981,376,376,False
baseline_plus_conditional_all,leave_one_allele_out,mse,all,HLA-B*39:10,auc_gt_2h,0.7631023348236463,376,376,False
baseline_plus_conditional_all,leave_one_allele_out,mse,all,HLA-B*40:01,spearman,0.3474704465641755,302,302,False
baseline_plus_conditional_all,leave_one_allele_out,mse,all,HLA-B*40:01,pearson_log,0.27221941093686486,302,302,False
baseline_plus_conditional_all,leave_one_allele_out,mse,all,HLA-B*40:01,auc_gt_2h,0.700857843137255,302,302,False
baseline_plus_conditional_all,leave_one_allele_out,mse,all,HLA-B*40:02,spearman,0.04035087719298246,19,19,False
baseline_plus_conditional_all,leave_one_allele_out,mse,all,HLA-B*40:02,pearson_log,0.04459780068394178,19,19,False
baseline_plus_conditional_all,leave_one_allele_out,mse,all,HLA-B*40:02,auc_gt_2h,0.48333333333333334,19,19,False
baseline_plus_conditional_all,leave_one_allele_out,mse,all,HLA-B*41:01,spearman,0.5396371361276798,368,368,False
baseline_plus_conditional_all,leave_one_allele_out,mse,all,HLA-B*41:01,pearson_log,0.6129932054881901,368,368,False
baseline_plus_conditional_all,leave_one_allele_out,mse,all,HLA-B*41:01,auc_gt_2h,0.9325236167341431,368,368,False
baseline_plus_conditional_all,leave_one_allele_out,mse,all,HLA-B*42:01,spearman,0.7649922587868339,350,350,False
baseline_plus_conditional_all,leave_one_allele_out,mse,all,HLA-B*42:01,pearson_log,0.7095391983484958,350,350,False
baseline_plus_conditional_all,leave_one_allele_out,mse,all,HLA-B*42:01,auc_gt_2h,0.9098856355906833,350,350,False
baseline_plus_conditional_all,leave_one_allele_out,mse,all,HLA-B*42:02,spearman,0.708727882708769,376,376,False
baseline_plus_conditional_all,leave_one_allele_out,mse,all,HLA-B*42:02,pearson_log,0.7010646742875744,376,376,False
baseline_plus_conditional_all,leave_one_allele_out,mse,all,HLA-B*42:02,auc_gt_2h,0.8354503297906047,376,376,False
baseline_plus_conditional_all,leave_one_allele_out,mse,all,HLA-B*44:05,spearman,0.17367871068258617,352,352,False
baseline_plus_conditional_all,leave_one_allele_out,mse,all,HLA-B*44:05,pearson_log,0.17014622975518134,352,352,False
baseline_plus_conditional_all,leave_one_allele_out,mse,all,HLA-B*44:05,auc_gt_2h,0.5869971142420642,352,352,False
baseline_plus_conditional_all,leave_one_allele_out,mse,all,HLA-B*45:01,spearman,0.4224108795075659,368,368,False
baseline_plus_conditional_all,leave_one_allele_out,mse,all,HLA-B*45:01,pearson_log,0.522789762100875,368,368,False
baseline_plus_conditional_all,leave_one_allele_out,mse,all,HLA-B*45:01,auc_gt_2h,0.8503179384203482,368,368,False
baseline_plus_conditional_all,leave_one_allele_out,mse,all,HLA-B*46:01,spearman,0.035178101750973814,361,361,False
baseline_plus_conditional_all,leave_one_allele_out,mse,all,HLA-B*46:01,pearson_log,0.02868218287459453,361,361,False
baseline_plus_conditional_all,leave_one_allele_out,mse,all,HLA-B*46:01,auc_gt_2h,0.5646714314075839,361,361,False
baseline_plus_conditional_all,leave_one_allele_out,mse,all,HLA-B*51:01,spearman,0.374973495828324,353,353,False
baseline_plus_conditional_all,leave_one_allele_out,mse,all,HLA-B*51:01,pearson_log,0.3642864552328585,353,353,False
baseline_plus_conditional_all,leave_one_allele_out,mse,all,HLA-B*51:01,auc_gt_2h,0.7135096117316313,353,353,False
baseline_plus_conditional_all,leave_one_allele_out,mse,all,HLA-B*54:01,spearman,0.6196543942533047,357,357,False
baseline_plus_conditional_all,leave_one_allele_out,mse,all,HLA-B*54:01,pearson_log,0.6652375710297874,357,357,False
baseline_plus_conditional_all,leave_one_allele_out,mse,all,HLA-B*54:01,auc_gt_2h,0.846360153256705,357,357,False
baseline_plus_conditional_all,leave_one_allele_out,mse,all,HLA-B*55:01,spearman,0.6745945460550865,378,378,False
baseline_plus_conditional_all,leave_one_allele_out,mse,all,HLA-B*55:01,pearson_log,0.7394738842766919,378,378,False
baseline_plus_conditional_all,leave_one_allele_out,mse,all,HLA-B*55:01,auc_gt_2h,0.9058282049956043,378,378,False
baseline_plus_conditional_all,leave_one_allele_out,mse,all,HLA-B*56:01,spearman,0.7999609495934132,368,368,False
baseline_plus_conditional_all,leave_one_allele_out,mse,all,HLA-B*56:01,pearson_log,0.8367396179832393,368,368,False
baseline_plus_conditional_all,leave_one_allele_out,mse,all,HLA-B*56:01,auc_gt_2h,0.9511505273250241,368,368,False
baseline_plus_conditional_all,leave_one_allele_out,mse,all,HLA-B*57:01,spearman,0.6186036460000595,349,349,False
baseline_plus_conditional_all,leave_one_allele_out,mse,all,HLA-B*57:01,pearson_log,0.44697690096720843,349,349,False
baseline_plus_conditional_all,leave_one_allele_out,mse,all,HLA-B*57:01,auc_gt_2h,0.7736117936117937,349,349,False
baseline_plus_conditional_all,leave_one_allele_out,mse,all,HLA-B*57:02,spearman,0.5849242616698439,363,363,False
baseline_plus_conditional_all,leave_one_allele_out,mse,all,HLA-B*57:02,pearson_log,0.5861825712744326,363,363,False
baseline_plus_conditional_all,leave_one_allele_out,mse,all,HLA-B*57:02,auc_gt_2h,0.7925769939457752,363,363,False
baseline_plus_conditional_all,leave_one_allele_out,mse,all,HLA-B*57:03,spearman,0.6258992754619377,369,369,False
baseline_plus_conditional_all,leave_one_allele_out,mse,all,HLA-B*57:03,pearson_log,0.616336452074535,369,369,False
baseline_plus_conditional_all,leave_one_allele_out,mse,all,HLA-B*57:03,auc_gt_2h,0.897687074829932,369,369,False
baseline_plus_conditional_all,leave_one_allele_out,mse,all,HLA-B*58:01,spearman,0.6141820233311271,379,379,False
baseline_plus_conditional_all,leave_one_allele_out,mse,all,HLA-B*58:01,pearson_log,0.5657177964935198,379,379,False
baseline_plus_conditional_all,leave_one_allele_out,mse,all,HLA-B*58:01,auc_gt_2h,0.7999720670391061,379,379,False
baseline_plus_conditional_all,leave_one_allele_out,mse,all,HLA-B*81:01,spearman,0.397356966830365,367,367,False
baseline_plus_conditional_all,leave_one_allele_out,mse,all,HLA-B*81:01,pearson_log,0.42438140556709547,367,367,False
baseline_plus_conditional_all,leave_one_allele_out,mse,all,HLA-B*81:01,auc_gt_2h,0.4141705069124424,367,367,False
baseline_plus_conditional_all,leave_one_allele_out,mse,nonzero,HLA-A*01:01,spearman,0.09608125558813548,207,207,False
baseline_plus_conditional_all,leave_one_allele_out,mse,nonzero,HLA-A*01:01,pearson_log,0.10309832250020896,207,207,False
baseline_plus_conditional_all,leave_one_allele_out,mse,nonzero,HLA-A*01:01,auc_gt_2h,0.6039697542533081,207,207,False
baseline_plus_conditional_all,leave_one_allele_out,mse,nonzero,HLA-A*02:01,spearman,0.6987192029657423,1007,1007,False
baseline_plus_conditional_all,leave_one_allele_out,mse,nonzero,HLA-A*02:01,pearson_log,0.6595913204488306,1007,1007,False
baseline_plus_conditional_all,leave_one_allele_out,mse,nonzero,HLA-A*02:01,auc_gt_2h,0.8416500746640121,1007,1007,False
baseline_plus_conditional_all,leave_one_allele_out,mse,nonzero,HLA-A*02:03,spearman,0.6299031111624046,365,365,False
baseline_plus_conditional_all,leave_one_allele_out,mse,nonzero,HLA-A*02:03,pearson_log,0.6216311221005073,365,365,False
baseline_plus_conditional_all,leave_one_allele_out,mse,nonzero,HLA-A*02:03,auc_gt_2h,0.8028571428571428,365,365,False
baseline_plus_conditional_all,leave_one_allele_out,mse,nonzero,HLA-A*02:05,spearman,0.5261448799743009,21,21,False
baseline_plus_conditional_all,leave_one_allele_out,mse,nonzero,HLA-A*02:05,pearson_log,0.5815843923578384,21,21,False
baseline_plus_conditional_all,leave_one_allele_out,mse,nonzero,HLA-A*02:05,auc_gt_2h,0.7888888888888889,21,21,False
baseline_plus_conditional_all,leave_one_allele_out,mse,nonzero,HLA-A*02:10,spearman,0.3333596393714976,352,352,False
baseline_plus_conditional_all,leave_one_allele_out,mse,nonzero,HLA-A*02:10,pearson_log,0.3417460018615196,352,352,False
baseline_plus_conditional_all,leave_one_allele_out,mse,nonzero,HLA-A*02:10,auc_gt_2h,0.6641757246376813,352,352,False
baseline_plus_conditional_all,leave_one_allele_out,mse,nonzero,HLA-A*02:11,spearman,0.5808614056099186,375,375,False
baseline_plus_conditional_all,leave_one_allele_out,mse,nonzero,HLA-A*02:11,pearson_log,0.5590734810119814,375,375,False
baseline_plus_conditional_all,leave_one_allele_out,mse,nonzero,HLA-A*02:11,auc_gt_2h,0.7953968253968254,375,375,False
baseline_plus_conditional_all,leave_one_allele_out,mse,nonzero,HLA-A*02:12,spearman,0.782030070409619,363,363,False
baseline_plus_conditional_all,leave_one_allele_out,mse,nonzero,HLA-A*02:12,pearson_log,0.7761097771750227,363,363,False
baseline_plus_conditional_all,leave_one_allele_out,mse,nonzero,HLA-A*02:12,auc_gt_2h,0.9036285420368465,363,363,False
baseline_plus_conditional_all,leave_one_allele_out,mse,nonzero,HLA-A*02:16,spearman,0.7335743276318877,368,368,False
baseline_plus_conditional_all,leave_one_allele_out,mse,nonzero,HLA-A*02:16,pearson_log,0.7331239950181248,368,368,False
baseline_plus_conditional_all,leave_one_allele_out,mse,nonzero,HLA-A*02:16,auc_gt_2h,0.8906508549365693,368,368,False
baseline_plus_conditional_all,leave_one_allele_out,mse,nonzero,HLA-A*02:19,spearman,0.7093270652576418,338,338,False
baseline_plus_conditional_all,leave_one_allele_out,mse,nonzero,HLA-A*02:19,pearson_log,0.7122713874288926,338,338,False
baseline_plus_conditional_all,leave_one_allele_out,mse,nonzero,HLA-A*02:19,auc_gt_2h,0.839328231292517,338,338,False
baseline_plus_conditional_all,leave_one_allele_out,mse,nonzero,HLA-A*02:50,spearman,0.6717158930802237,373,373,False
baseline_plus_conditional_all,leave_one_allele_out,mse,nonzero,HLA-A*02:50,pearson_log,0.6458834123326527,373,373,False
baseline_plus_conditional_all,leave_one_allele_out,mse,nonzero,HLA-A*02:50,auc_gt_2h,0.835035704600922,373,373,False
baseline_plus_conditional_all,leave_one_allele_out,mse,nonzero,HLA-A*03:01,spearman,0.5820750938863757,683,683,False
baseline_plus_conditional_all,leave_one_allele_out,mse,nonzero,HLA-A*03:01,pearson_log,0.5906654141000994,683,683,False
baseline_plus_conditional_all,leave_one_allele_out,mse,nonzero,HLA-A*03:01,auc_gt_2h,0.7793395805443999,683,683,False
baseline_plus_conditional_all,leave_one_allele_out,mse,nonzero,HLA-A*11:01,spearman,0.6696372507965629,548,548,False
baseline_plus_conditional_all,leave_one_allele_out,mse,nonzero,HLA-A*11:01,pearson_log,0.6721423739139297,548,548,False
baseline_plus_conditional_all,leave_one_allele_out,mse,nonzero,HLA-A*11:01,auc_gt_2h,0.8293873843184011,548,548,False
baseline_plus_conditional_all,leave_one_allele_out,mse,nonzero,HLA-A*23:01,spearman,0.8144933343189397,372,372,False
baseline_plus_conditional_all,leave_one_allele_out,mse,nonzero,HLA-A*23:01,pearson_log,0.7971620345708124,372,372,False
baseline_plus_conditional_all,leave_one_allele_out,mse,nonzero,HLA-A*23:01,auc_gt_2h,0.9196246019775431,372,372,False
baseline_plus_conditional_all,leave_one_allele_out,mse,nonzero,HLA-A*24:02,spearman,0.7494188632338445,563,563,False
baseline_plus_conditional_all,leave_one_allele_out,mse,nonzero,HLA-A*24:02,pearson_log,0.7694473384971008,563,563,False
baseline_plus_conditional_all,leave_one_allele_out,mse,nonzero,HLA-A*24:02,auc_gt_2h,0.8802343130483719,563,563,False
baseline_plus_conditional_all,leave_one_allele_out,mse,nonzero,HLA-A*24:03,spearman,0.6466146741685295,512,512,False
baseline_plus_conditional_all,leave_one_allele_out,mse,nonzero,HLA-A*24:03,pearson_log,0.6188213957362271,512,512,False
baseline_plus_conditional_all,leave_one_allele_out,mse,nonzero,HLA-A*24:03,auc_gt_2h,0.817165798611111,512,512,False
baseline_plus_conditional_all,leave_one_allele_out,mse,nonzero,HLA-A*24:07,spearman,0.7741090363753174,348,348,False
baseline_plus_conditional_all,leave_one_allele_out,mse,nonzero,HLA-A*24:07,pearson_log,0.7699791632833382,348,348,False
baseline_plus_conditional_all,leave_one_allele_out,mse,nonzero,HLA-A*24:07,auc_gt_2h,0.8756283068783068,348,348,False
baseline_plus_conditional_all,leave_one_allele_out,mse,nonzero,HLA-A*24:19,spearman,0.31656587680743575,280,280,False
baseline_plus_conditional_all,leave_one_allele_out,mse,nonzero,HLA-A*24:19,pearson_log,0.2936057379566076,280,280,False
baseline_plus_conditional_all,leave_one_allele_out,mse,nonzero,HLA-A*24:19,auc_gt_2h,0.5593820861678005,280,280,False
baseline_plus_conditional_all,leave_one_allele_out,mse,nonzero,HLA-A*25:01,spearman,0.39648699524394165,256,256,False
baseline_plus_conditional_all,leave_one_allele_out,mse,nonzero,HLA-A*25:01,pearson_log,0.39361654283012837,256,256,False
baseline_plus_conditional_all,leave_one_allele_out,mse,nonzero,HLA-A*25:01,auc_gt_2h,0.7212851405622489,256,256,False
baseline_plus_conditional_all,leave_one_allele_out,mse,nonzero,HLA-A*26:01,spearman,0.6336259269178891,257,257,False
baseline_plus_conditional_all,leave_one_allele_out,mse,nonzero,HLA-A*26:01,pearson_log,0.6473168658734652,257,257,False
baseline_plus_conditional_all,leave_one_allele_out,mse,nonzero,HLA-A*26:01,auc_gt_2h,0.8444596443228454,257,257,False
baseline_plus_conditional_all,leave_one_allele_out,mse,nonzero,HLA-A*26:02,spearman,0.5751450947166318,315,315,False
baseline_plus_conditional_all,leave_one_allele_out,mse,nonzero,HLA-A*26:02,pearson_log,0.6042099204515506,315,315,False
baseline_plus_conditional_all,leave_one_allele_out,mse,nonzero,HLA-A*26:02,auc_gt_2h,0.8097476287262872,315,315,False
baseline_plus_conditional_all,leave_one_allele_out,mse,nonzero,HLA-A*26:03,spearman,0.5042879502693699,243,243,False
baseline_plus_conditional_all,leave_one_allele_out,mse,nonzero,HLA-A*26:03,pearson_log,0.5339924353853956,243,243,False
baseline_plus_conditional_all,leave_one_allele_out,mse,nonzero,HLA-A*26:03,auc_gt_2h,0.7459355828220858,243,243,False
baseline_plus_conditional_all,leave_one_allele_out,mse,nonzero,HLA-A*29:02,spearman,0.432403705538378,367,367,False
baseline_plus_conditional_all,leave_one_allele_out,mse,nonzero,HLA-A*29:02,pearson_log,0.44104551165876926,367,367,False
baseline_plus_conditional_all,leave_one_allele_out,mse,nonzero,HLA-A*29:02,auc_gt_2h,0.7110831385242462,367,367,False
baseline_plus_conditional_all,leave_one_allele_out,mse,nonzero,HLA-A*30:01,spearman,0.2979931149938629,268,268,False
baseline_plus_conditional_all,leave_one_allele_out,mse,nonzero,HLA-A*30:01,pearson_log,0.29299714325182513,268,268,False
baseline_plus_conditional_all,leave_one_allele_out,mse,nonzero,HLA-A*30:01,auc_gt_2h,0.6203633830614732,268,268,False
baseline_plus_conditional_all,leave_one_allele_out,mse,nonzero,HLA-A*30:02,spearman,0.29276164664062065,344,344,False
baseline_plus_conditional_all,leave_one_allele_out,mse,nonzero,HLA-A*30:02,pearson_log,0.38122344663025814,344,344,False
baseline_plus_conditional_all,leave_one_allele_out,mse,nonzero,HLA-A*30:02,auc_gt_2h,0.6521633446767138,344,344,False
baseline_plus_conditional_all,leave_one_allele_out,mse,nonzero,HLA-A*31:01,spearman,0.6112934624441246,348,348,False
baseline_plus_conditional_all,leave_one_allele_out,mse,nonzero,HLA-A*31:01,pearson_log,0.6122866461015525,348,348,False
baseline_plus_conditional_all,leave_one_allele_out,mse,nonzero,HLA-A*31:01,auc_gt_2h,0.7890400656365378,348,348,False
baseline_plus_conditional_all,leave_one_allele_out,mse,nonzero,HLA-A*32:01,spearman,0.8837381038276572,28,28,False
baseline_plus_conditional_all,leave_one_allele_out,mse,nonzero,HLA-A*32:01,pearson_log,0.8245523737844442,28,28,False
baseline_plus_conditional_all,leave_one_allele_out,mse,nonzero,HLA-A*32:01,auc_gt_2h,0.9679144385026737,28,28,False
baseline_plus_conditional_all,leave_one_allele_out,mse,nonzero,HLA-A*32:07,spearman,0.5420127543320055,231,231,False
baseline_plus_conditional_all,leave_one_allele_out,mse,nonzero,HLA-A*32:07,pearson_log,0.5470812750278977,231,231,False
baseline_plus_conditional_all,leave_one_allele_out,mse,nonzero,HLA-A*32:07,auc_gt_2h,0.7460100319197447,231,231,False
baseline_plus_conditional_all,leave_one_allele_out,mse,nonzero,HLA-A*33:03,spearman,0.4494273550531308,235,235,False
baseline_plus_conditional_all,leave_one_allele_out,mse,nonzero,HLA-A*33:03,pearson_log,0.4609921343200515,235,235,False
baseline_plus_conditional_all,leave_one_allele_out,mse,nonzero,HLA-A*33:03,auc_gt_2h,0.6919449598021027,235,235,False
baseline_plus_conditional_all,leave_one_allele_out,mse,nonzero,HLA-A*43:01,spearman,0.3126818449060329,278,278,False
baseline_plus_conditional_all,leave_one_allele_out,mse,nonzero,HLA-A*43:01,pearson_log,0.3247824281105414,278,278,False
baseline_plus_conditional_all,leave_one_allele_out,mse,nonzero,HLA-A*43:01,auc_gt_2h,0.7196665637542452,278,278,False
baseline_plus_conditional_all,leave_one_allele_out,mse,nonzero,HLA-A*66:01,spearman,0.40677224633799525,234,234,False
baseline_plus_conditional_all,leave_one_allele_out,mse,nonzero,HLA-A*66:01,pearson_log,0.4577937539500897,234,234,False
baseline_plus_conditional_all,leave_one_allele_out,mse,nonzero,HLA-A*66:01,auc_gt_2h,0.7459150326797386,234,234,False
baseline_plus_conditional_all,leave_one_allele_out,mse,nonzero,HLA-A*68:01,spearman,0.4409248605465124,287,287,False
baseline_plus_conditional_all,leave_one_allele_out,mse,nonzero,HLA-A*68:01,pearson_log,0.4577340936777369,287,287,False
baseline_plus_conditional_all,leave_one_allele_out,mse,nonzero,HLA-A*68:01,auc_gt_2h,0.705302216580412,287,287,False
baseline_plus_conditional_all,leave_one_allele_out,mse,nonzero,HLA-A*68:02,spearman,0.07369214765929964,16,16,False
baseline_plus_conditional_all,leave_one_allele_out,mse,nonzero,HLA-A*68:02,pearson_log,-0.023863685083512776,16,16,False
baseline_plus_conditional_all,leave_one_allele_out,mse,nonzero,HLA-A*68:02,auc_gt_2h,0.7857142857142857,16,16,False
baseline_plus_conditional_all,leave_one_allele_out,mse,nonzero,HLA-A*68:23,spearman,0.3301679642943837,313,313,False
baseline_plus_conditional_all,leave_one_allele_out,mse,nonzero,HLA-A*68:23,pearson_log,0.31314659599547545,313,313,False
baseline_plus_conditional_all,leave_one_allele_out,mse,nonzero,HLA-A*68:23,auc_gt_2h,0.693923873821441,313,313,False
baseline_plus_conditional_all,leave_one_allele_out,mse,nonzero,HLA-A*69:01,spearman,0.18902790432892227,10,10,False
baseline_plus_conditional_all,leave_one_allele_out,mse,nonzero,HLA-A*69:01,pearson_log,0.14847818395371748,10,10,False
baseline_plus_conditional_all,leave_one_allele_out,mse,nonzero,HLA-A*69:01,auc_gt_2h,0.4375,10,10,False
baseline_plus_conditional_all,leave_one_allele_out,mse,nonzero,HLA-A*74:01,spearman,0.4953041621544695,304,304,False
baseline_plus_conditional_all,leave_one_allele_out,mse,nonzero,HLA-A*74:01,pearson_log,0.49850099299458467,304,304,False
baseline_plus_conditional_all,leave_one_allele_out,mse,nonzero,HLA-A*74:01,auc_gt_2h,0.7386695413915466,304,304,False
baseline_plus_conditional_all,leave_one_allele_out,mse,nonzero,HLA-A*80:01,spearman,0.3466065912706048,182,182,False
baseline_plus_conditional_all,leave_one_allele_out,mse,nonzero,HLA-A*80:01,pearson_log,0.41623173918781264,182,182,False
baseline_plus_conditional_all,leave_one_allele_out,mse,nonzero,HLA-A*80:01,auc_gt_2h,0.8413547237076648,182,182,False
baseline_plus_conditional_all,leave_one_allele_out,mse,nonzero,HLA-B*07:02,spearman,0.5621299953029719,598,598,False
baseline_plus_conditional_all,leave_one_allele_out,mse,nonzero,HLA-B*07:02,pearson_log,0.5400208622716436,598,598,False
baseline_plus_conditional_all,leave_one_allele_out,mse,nonzero,HLA-B*07:02,auc_gt_2h,0.7660037722951505,598,598,False
baseline_plus_conditional_all,leave_one_allele_out,mse,nonzero,HLA-B*08:01,spearman,0.14961519300689222,331,331,False
baseline_plus_conditional_all,leave_one_allele_out,mse,nonzero,HLA-B*08:01,pearson_log,0.15001674751967908,331,331,False
baseline_plus_conditional_all,leave_one_allele_out,mse,nonzero,HLA-B*08:01,auc_gt_2h,0.6856410256410257,331,331,False
baseline_plus_conditional_all,leave_one_allele_out,mse,nonzero,HLA-B*08:03,spearman,0.2741982711141525,203,203,False
baseline_plus_conditional_all,leave_one_allele_out,mse,nonzero,HLA-B*08:03,pearson_log,0.2982843577026919,203,203,False
baseline_plus_conditional_all,leave_one_allele_out,mse,nonzero,HLA-B*08:03,auc_gt_2h,0.733957219251337,203,203,False
baseline_plus_conditional_all,leave_one_allele_out,mse,nonzero,HLA-B*13:02,spearman,-0.19999999999999998,4,4,False
baseline_plus_conditional_all,leave_one_allele_out,mse,nonzero,HLA-B*13:02,pearson_log,-0.177783359438331,4,4,False
baseline_plus_conditional_all,leave_one_allele_out,mse,nonzero,HLA-B*13:02,auc_gt_2h,0.0,4,4,False
baseline_plus_conditional_all,leave_one_allele_out,mse,nonzero,HLA-B*14:01(C67S),spearman,0.37330013503147225,41,41,False
baseline_plus_conditional_all,leave_one_allele_out,mse,nonzero,HLA-B*14:01(C67S),pearson_log,0.3708266544725498,41,41,False
baseline_plus_conditional_all,leave_one_allele_out,mse,nonzero,HLA-B*14:01(C67S),auc_gt_2h,0.7387096774193548,41,41,False
baseline_plus_conditional_all,leave_one_allele_out,mse,nonzero,HLA-B*14:02(C67S),spearman,0.17887668182143143,96,96,False
baseline_plus_conditional_all,leave_one_allele_out,mse,nonzero,HLA-B*14:02(C67S),pearson_log,0.24329350571500852,96,96,False
baseline_plus_conditional_all,leave_one_allele_out,mse,nonzero,HLA-B*14:02(C67S),auc_gt_2h,0.635673624288425,96,96,False
baseline_plus_conditional_all,leave_one_allele_out,mse,nonzero,HLA-B*15:01,spearman,0.10911813694681927,1012,1012,False
baseline_plus_conditional_all,leave_one_allele_out,mse,nonzero,HLA-B*15:01,pearson_log,0.1357766281467976,1012,1012,False
baseline_plus_conditional_all,leave_one_allele_out,mse,nonzero,HLA-B*15:01,auc_gt_2h,0.6098632994375536,1012,1012,False
baseline_plus_conditional_all,leave_one_allele_out,mse,nonzero,HLA-B*15:02,spearman,0.39682771864059185,271,271,False
baseline_plus_conditional_all,leave_one_allele_out,mse,nonzero,HLA-B*15:02,pearson_log,0.38171834416386285,271,271,False
baseline_plus_conditional_all,leave_one_allele_out,mse,nonzero,HLA-B*15:02,auc_gt_2h,0.6963327859879584,271,271,False
baseline_plus_conditional_all,leave_one_allele_out,mse,nonzero,HLA-B*15:10,spearman,0.4271853213043716,304,304,False
baseline_plus_conditional_all,leave_one_allele_out,mse,nonzero,HLA-B*15:10,pearson_log,0.4332687265028541,304,304,False
baseline_plus_conditional_all,leave_one_allele_out,mse,nonzero,HLA-B*15:10,auc_gt_2h,0.7439330543933055,304,304,False
baseline_plus_conditional_all,leave_one_allele_out,mse,nonzero,HLA-B*15:17,spearman,0.22854628209769826,335,335,False
baseline_plus_conditional_all,leave_one_allele_out,mse,nonzero,HLA-B*15:17,pearson_log,0.24334815183634056,335,335,False
baseline_plus_conditional_all,leave_one_allele_out,mse,nonzero,HLA-B*15:17,auc_gt_2h,0.6050977352966503,335,335,False
baseline_plus_conditional_all,leave_one_allele_out,mse,nonzero,HLA-B*18:01,spearman,0.247426015663398,315,315,False
baseline_plus_conditional_all,leave_one_allele_out,mse,nonzero,HLA-B*18:01,pearson_log,0.2585302710535569,315,315,False
baseline_plus_conditional_all,leave_one_allele_out,mse,nonzero,HLA-B*18:01,auc_gt_2h,0.6052158273381295,315,315,False
baseline_plus_conditional_all,leave_one_allele_out,mse,nonzero,HLA-B*27:02,spearman,0.534645373388873,239,239,False
baseline_plus_conditional_all,leave_one_allele_out,mse,nonzero,HLA-B*27:02,pearson_log,0.5513521673499298,239,239,False
baseline_plus_conditional_all,leave_one_allele_out,mse,nonzero,HLA-B*27:02,auc_gt_2h,0.7287769784172662,239,239,False
baseline_plus_conditional_all,leave_one_allele_out,mse,nonzero,HLA-B*27:03,spearman,0.7210389195196067,237,237,False
baseline_plus_conditional_all,leave_one_allele_out,mse,nonzero,HLA-B*27:03,pearson_log,0.7145983102757139,237,237,False
baseline_plus_conditional_all,leave_one_allele_out,mse,nonzero,HLA-B*27:03,auc_gt_2h,0.8652048885693745,237,237,False
baseline_plus_conditional_all,leave_one_allele_out,mse,nonzero,HLA-B*27:05,spearman,0.6016605239527996,307,307,False
baseline_plus_conditional_all,leave_one_allele_out,mse,nonzero,HLA-B*27:05,pearson_log,0.5958856030979574,307,307,False
baseline_plus_conditional_all,leave_one_allele_out,mse,nonzero,HLA-B*27:05,auc_gt_2h,0.8211828237958366,307,307,False
baseline_plus_conditional_all,leave_one_allele_out,mse,nonzero,HLA-B*27:20,spearman,0.4920336512500701,251,251,False
baseline_plus_conditional_all,leave_one_allele_out,mse,nonzero,HLA-B*27:20,pearson_log,0.5315905290743481,251,251,False
baseline_plus_conditional_all,leave_one_allele_out,mse,nonzero,HLA-B*27:20,auc_gt_2h,0.7883805374001452,251,251,False
baseline_plus_conditional_all,leave_one_allele_out,mse,nonzero,HLA-B*35:01,spearman,0.3436457068260877,565,565,False
baseline_plus_conditional_all,leave_one_allele_out,mse,nonzero,HLA-B*35:01,pearson_log,0.34725332633940365,565,565,False
baseline_plus_conditional_all,leave_one_allele_out,mse,nonzero,HLA-B*35:01,auc_gt_2h,0.6841912043952705,565,565,False
baseline_plus_conditional_all,leave_one_allele_out,mse,nonzero,HLA-B*35:03,spearman,0.3814069216718684,357,357,False
baseline_plus_conditional_all,leave_one_allele_out,mse,nonzero,HLA-B*35:03,pearson_log,0.40424172229223676,357,357,False
baseline_plus_conditional_all,leave_one_allele_out,mse,nonzero,HLA-B*35:03,auc_gt_2h,0.7037964254024591,357,357,False
baseline_plus_conditional_all,leave_one_allele_out,mse,nonzero,HLA-B*35:08,spearman,0.5658606501141566,25,25,False
baseline_plus_conditional_all,leave_one_allele_out,mse,nonzero,HLA-B*35:08,pearson_log,0.6687532207010494,25,25,False
baseline_plus_conditional_all,leave_one_allele_out,mse,nonzero,HLA-B*35:08,auc_gt_2h,0.9047619047619047,25,25,False
baseline_plus_conditional_all,leave_one_allele_out,mse,nonzero,HLA-B*39:01,spearman,0.3165816785138165,547,547,False
baseline_plus_conditional_all,leave_one_allele_out,mse,nonzero,HLA-B*39:01,pearson_log,0.36988105494467727,547,547,False
baseline_plus_conditional_all,leave_one_allele_out,mse,nonzero,HLA-B*39:01,auc_gt_2h,0.7485349195858119,547,547,False
baseline_plus_conditional_all,leave_one_allele_out,mse,nonzero,HLA-B*39:02,spearman,0.32080484057328357,306,306,False
baseline_plus_conditional_all,leave_one_allele_out,mse,nonzero,HLA-B*39:02,pearson_log,0.30845915518724415,306,306,False
baseline_plus_conditional_all,leave_one_allele_out,mse,nonzero,HLA-B*39:02,auc_gt_2h,0.6755045696877381,306,306,False
baseline_plus_conditional_all,leave_one_allele_out,mse,nonzero,HLA-B*39:06(C67S),spearman,0.2289656846955654,30,30,False
baseline_plus_conditional_all,leave_one_allele_out,mse,nonzero,HLA-B*39:06(C67S),pearson_log,0.32034571682676194,30,30,False
baseline_plus_conditional_all,leave_one_allele_out,mse,nonzero,HLA-B*39:06(C67S),auc_gt_2h,0.6597222222222222,30,30,False
baseline_plus_conditional_all,leave_one_allele_out,mse,nonzero,HLA-B*39:10,spearman,0.5024613780779369,341,341,False
baseline_plus_conditional_all,leave_one_allele_out,mse,nonzero,HLA-B*39:10,pearson_log,0.48252080196790204,341,341,False
baseline_plus_conditional_all,leave_one_allele_out,mse,nonzero,HLA-B*39:10,auc_gt_2h,0.7162835896569208,341,341,False
baseline_plus_conditional_all,leave_one_allele_out,mse,nonzero,HLA-B*40:01,spearman,0.3303867013062537,283,283,False
baseline_plus_conditional_all,leave_one_allele_out,mse,nonzero,HLA-B*40:01,pearson_log,0.28273280185198213,283,283,False
baseline_plus_conditional_all,leave_one_allele_out,mse,nonzero,HLA-B*40:01,auc_gt_2h,0.691699604743083,283,283,False
baseline_plus_conditional_all,leave_one_allele_out,mse,nonzero,HLA-B*40:02,spearman,0.04035087719298246,19,19,False
baseline_plus_conditional_all,leave_one_allele_out,mse,nonzero,HLA-B*40:02,pearson_log,0.04459780068394178,19,19,False
baseline_plus_conditional_all,leave_one_allele_out,mse,nonzero,HLA-B*40:02,auc_gt_2h,0.48333333333333334,19,19,False
baseline_plus_conditional_all,leave_one_allele_out,mse,nonzero,HLA-B*41:01,spearman,0.40593640455802465,148,148,False
baseline_plus_conditional_all,leave_one_allele_out,mse,nonzero,HLA-B*41:01,pearson_log,0.5169584255866458,148,148,False
baseline_plus_conditional_all,leave_one_allele_out,mse,nonzero,HLA-B*41:01,auc_gt_2h,0.8716897856242118,148,148,False
baseline_plus_conditional_all,leave_one_allele_out,mse,nonzero,HLA-B*42:01,spearman,0.7567139101152892,342,342,False
baseline_plus_conditional_all,leave_one_allele_out,mse,nonzero,HLA-B*42:01,pearson_log,0.7269135643264977,342,342,False
baseline_plus_conditional_all,leave_one_allele_out,mse,nonzero,HLA-B*42:01,auc_gt_2h,0.9083373963920038,342,342,False
baseline_plus_conditional_all,leave_one_allele_out,mse,nonzero,HLA-B*42:02,spearman,0.6514985025262808,340,340,False
baseline_plus_conditional_all,leave_one_allele_out,mse,nonzero,HLA-B*42:02,pearson_log,0.6316415952789627,340,340,False
baseline_plus_conditional_all,leave_one_allele_out,mse,nonzero,HLA-B*42:02,auc_gt_2h,0.8088801081418321,340,340,False
baseline_plus_conditional_all,leave_one_allele_out,mse,nonzero,HLA-B*44:05,spearman,0.18123273093581563,332,332,False
baseline_plus_conditional_all,leave_one_allele_out,mse,nonzero,HLA-B*44:05,pearson_log,0.1733104596200913,332,332,False
baseline_plus_conditional_all,leave_one_allele_out,mse,nonzero,HLA-B*44:05,auc_gt_2h,0.5900218644404691,332,332,False
baseline_plus_conditional_all,leave_one_allele_out,mse,nonzero,HLA-B*45:01,spearman,0.39351323218172807,121,121,False
baseline_plus_conditional_all,leave_one_allele_out,mse,nonzero,HLA-B*45:01,pearson_log,0.46728027179457343,121,121,False
baseline_plus_conditional_all,leave_one_allele_out,mse,nonzero,HLA-B*45:01,auc_gt_2h,0.7905228758169934,121,121,False
baseline_plus_conditional_all,leave_one_allele_out,mse,nonzero,HLA-B*46:01,spearman,0.1415188057664754,213,213,False
baseline_plus_conditional_all,leave_one_allele_out,mse,nonzero,HLA-B*46:01,pearson_log,0.1318941567766632,213,213,False
baseline_plus_conditional_all,leave_one_allele_out,mse,nonzero,HLA-B*46:01,auc_gt_2h,0.5860507246376812,213,213,False
baseline_plus_conditional_all,leave_one_allele_out,mse,nonzero,HLA-B*51:01,spearman,0.26812727614366527,174,174,False
baseline_plus_conditional_all,leave_one_allele_out,mse,nonzero,HLA-B*51:01,pearson_log,0.25441928262335056,174,174,False
baseline_plus_conditional_all,leave_one_allele_out,mse,nonzero,HLA-B*51:01,auc_gt_2h,0.6398381922164876,174,174,False
baseline_plus_conditional_all,leave_one_allele_out,mse,nonzero,HLA-B*54:01,spearman,0.5793753334365583,210,210,False
baseline_plus_conditional_all,leave_one_allele_out,mse,nonzero,HLA-B*54:01,pearson_log,0.5969113471239591,210,210,False
baseline_plus_conditional_all,leave_one_allele_out,mse,nonzero,HLA-B*54:01,auc_gt_2h,0.7845995701336324,210,210,False
baseline_plus_conditional_all,leave_one_allele_out,mse,nonzero,HLA-B*55:01,spearman,0.5599701852457065,168,168,False
baseline_plus_conditional_all,leave_one_allele_out,mse,nonzero,HLA-B*55:01,pearson_log,0.5916940501826038,168,168,False
baseline_plus_conditional_all,leave_one_allele_out,mse,nonzero,HLA-B*55:01,auc_gt_2h,0.7922475869465299,168,168,False
baseline_plus_conditional_all,leave_one_allele_out,mse,nonzero,HLA-B*56:01,spearman,0.7454373558133084,190,190,False
baseline_plus_conditional_all,leave_one_allele_out,mse,nonzero,HLA-B*56:01,pearson_log,0.7339877598035702,190,190,False
baseline_plus_conditional_all,leave_one_allele_out,mse,nonzero,HLA-B*56:01,auc_gt_2h,0.9146428571428571,190,190,False
baseline_plus_conditional_all,leave_one_allele_out,mse,nonzero,HLA-B*57:01,spearman,0.620279080905901,303,303,False
baseline_plus_conditional_all,leave_one_allele_out,mse,nonzero,HLA-B*57:01,pearson_log,0.5967736363430096,303,303,False
baseline_plus_conditional_all,leave_one_allele_out,mse,nonzero,HLA-B*57:01,auc_gt_2h,0.8006493506493506,303,303,False
baseline_plus_conditional_all,leave_one_allele_out,mse,nonzero,HLA-B*57:02,spearman,0.5478455362448265,339,339,False
baseline_plus_conditional_all,leave_one_allele_out,mse,nonzero,HLA-B*57:02,pearson_log,0.5494476509020864,339,339,False
baseline_plus_conditional_all,leave_one_allele_out,mse,nonzero,HLA-B*57:02,auc_gt_2h,0.7784791544333529,339,339,False
baseline_plus_conditional_all,leave_one_allele_out,mse,nonzero,HLA-B*57:03,spearman,0.6213665573215098,367,367,False
baseline_plus_conditional_all,leave_one_allele_out,mse,nonzero,HLA-B*57:03,pearson_log,0.6339655342277828,367,367,False
baseline_plus_conditional_all,leave_one_allele_out,mse,nonzero,HLA-B*57:03,auc_gt_2h,0.896374988351505,367,367,False
baseline_plus_conditional_all,leave_one_allele_out,mse,nonzero,HLA-B*58:01,spearman,0.583709086096074,320,320,False
baseline_plus_conditional_all,leave_one_allele_out,mse,nonzero,HLA-B*58:01,pearson_log,0.5731638237409111,320,320,False
baseline_plus_conditional_all,leave_one_allele_out,mse,nonzero,HLA-B*58:01,auc_gt_2h,0.7744166666666668,320,320,False
baseline_plus_conditional_all,leave_one_allele_out,mse,nonzero,HLA-B*81:01,spearman,0.23882860414707832,312,312,False
baseline_plus_conditional_all,leave_one_allele_out,mse,nonzero,HLA-B*81:01,pearson_log,0.18229331635062695,312,312,False
baseline_plus_conditional_all,leave_one_allele_out,mse,nonzero,HLA-B*81:01,auc_gt_2h,0.3535759384686029,312,312,False
baseline_plus_conditional_all,peptide_disjoint,mse,all,HLA-A*01:01,spearman,0.42183512924748773,37,37,False
baseline_plus_conditional_all,peptide_disjoint,mse,all,HLA-A*01:01,pearson_log,0.5006228256176886,37,37,False
baseline_plus_conditional_all,peptide_disjoint,mse,all,HLA-A*01:01,auc_gt_2h,0.8666666666666667,37,37,False
baseline_plus_conditional_all,peptide_disjoint,mse,all,HLA-A*02:01,spearman,0.7603754010482966,197,197,False
baseline_plus_conditional_all,peptide_disjoint,mse,all,HLA-A*02:01,pearson_log,0.7286463963356775,197,197,False
baseline_plus_conditional_all,peptide_disjoint,mse,all,HLA-A*02:01,auc_gt_2h,0.8845343447113359,197,197,False
baseline_plus_conditional_all,peptide_disjoint,mse,all,HLA-A*02:03,spearman,0.5358233133308888,71,71,False
baseline_plus_conditional_all,peptide_disjoint,mse,all,HLA-A*02:03,pearson_log,0.502677687851627,71,71,False
baseline_plus_conditional_all,peptide_disjoint,mse,all,HLA-A*02:03,auc_gt_2h,0.7101806239737274,71,71,False
baseline_plus_conditional_all,peptide_disjoint,mse,all,HLA-A*02:05,spearman,,1,1,True
baseline_plus_conditional_all,peptide_disjoint,mse,all,HLA-A*02:05,pearson_log,,1,1,True
baseline_plus_conditional_all,peptide_disjoint,mse,all,HLA-A*02:05,auc_gt_2h,,1,1,True
baseline_plus_conditional_all,peptide_disjoint,mse,all,HLA-A*02:10,spearman,0.5510275138522687,68,68,False
baseline_plus_conditional_all,peptide_disjoint,mse,all,HLA-A*02:10,pearson_log,0.544237470153137,68,68,False
baseline_plus_conditional_all,peptide_disjoint,mse,all,HLA-A*02:10,auc_gt_2h,0.7689625108979948,68,68,False
baseline_plus_conditional_all,peptide_disjoint,mse,all,HLA-A*02:11,spearman,0.553330657031646,69,69,False
baseline_plus_conditional_all,peptide_disjoint,mse,all,HLA-A*02:11,pearson_log,0.5619040804156129,69,69,False
baseline_plus_conditional_all,peptide_disjoint,mse,all,HLA-A*02:11,auc_gt_2h,0.9169278996865203,69,69,False
baseline_plus_conditional_all,peptide_disjoint,mse,all,HLA-A*02:12,spearman,0.6905025098469822,69,69,False
baseline_plus_conditional_all,peptide_disjoint,mse,all,HLA-A*02:12,pearson_log,0.668246963226443,69,69,False
baseline_plus_conditional_all,peptide_disjoint,mse,all,HLA-A*02:12,auc_gt_2h,0.9336842105263159,69,69,False
baseline_plus_conditional_all,peptide_disjoint,mse,all,HLA-A*02:16,spearman,0.6679455221788556,69,69,False
baseline_plus_conditional_all,peptide_disjoint,mse,all,HLA-A*02:16,pearson_log,0.6544969070680168,69,69,False
baseline_plus_conditional_all,peptide_disjoint,mse,all,HLA-A*02:16,auc_gt_2h,0.8786549707602339,69,69,False
baseline_plus_conditional_all,peptide_disjoint,mse,all,HLA-A*02:19,spearman,0.7079333570462885,67,67,False
baseline_plus_conditional_all,peptide_disjoint,mse,all,HLA-A*02:19,pearson_log,0.7169432636819715,67,67,False
baseline_plus_conditional_all,peptide_disjoint,mse,all,HLA-A*02:19,auc_gt_2h,0.8242424242424242,67,67,False
baseline_plus_conditional_all,peptide_disjoint,mse,all,HLA-A*02:50,spearman,0.49148966610232375,69,69,False
baseline_plus_conditional_all,peptide_disjoint,mse,all,HLA-A*02:50,pearson_log,0.48849830238631153,69,69,False
baseline_plus_conditional_all,peptide_disjoint,mse,all,HLA-A*02:50,auc_gt_2h,0.75,69,69,False
baseline_plus_conditional_all,peptide_disjoint,mse,all,HLA-A*03:01,spearman,0.7216500747717963,181,181,False
baseline_plus_conditional_all,peptide_disjoint,mse,all,HLA-A*03:01,pearson_log,0.7160234479227011,181,181,False
baseline_plus_conditional_all,peptide_disjoint,mse,all,HLA-A*03:01,auc_gt_2h,0.8788949986907568,181,181,False
baseline_plus_conditional_all,peptide_disjoint,mse,all,HLA-A*11:01,spearman,0.7251930607189347,121,121,False
baseline_plus_conditional_all,peptide_disjoint,mse,all,HLA-A*11:01,pearson_log,0.7066295079515063,121,121,False
baseline_plus_conditional_all,peptide_disjoint,mse,all,HLA-A*11:01,auc_gt_2h,0.8526077097505669,121,121,False
baseline_plus_conditional_all,peptide_disjoint,mse,all,HLA-A*23:01,spearman,0.7068507098049371,76,76,False
baseline_plus_conditional_all,peptide_disjoint,mse,all,HLA-A*23:01,pearson_log,0.7049338057132406,76,76,False
baseline_plus_conditional_all,peptide_disjoint,mse,all,HLA-A*23:01,auc_gt_2h,0.8991071428571429,76,76,False
baseline_plus_conditional_all,peptide_disjoint,mse,all,HLA-A*24:02,spearman,0.752226362919448,114,114,False
baseline_plus_conditional_all,peptide_disjoint,mse,all,HLA-A*24:02,pearson_log,0.7426929533220202,114,114,False
baseline_plus_conditional_all,peptide_disjoint,mse,all,HLA-A*24:02,auc_gt_2h,0.8834375,114,114,False
baseline_plus_conditional_all,peptide_disjoint,mse,all,HLA-A*24:03,spearman,0.7022569821032891,107,107,False
baseline_plus_conditional_all,peptide_disjoint,mse,all,HLA-A*24:03,pearson_log,0.6563807760483382,107,107,False
baseline_plus_conditional_all,peptide_disjoint,mse,all,HLA-A*24:03,auc_gt_2h,0.8631503920171061,107,107,False
baseline_plus_conditional_all,peptide_disjoint,mse,all,HLA-A*24:07,spearman,0.7524893203355675,74,74,False
baseline_plus_conditional_all,peptide_disjoint,mse,all,HLA-A*24:07,pearson_log,0.7574155907230629,74,74,False
baseline_plus_conditional_all,peptide_disjoint,mse,all,HLA-A*24:07,auc_gt_2h,0.8830409356725146,74,74,False
baseline_plus_conditional_all,peptide_disjoint,mse,all,HLA-A*24:19,spearman,0.22404232770301255,80,80,False
baseline_plus_conditional_all,peptide_disjoint,mse,all,HLA-A*24:19,pearson_log,0.2833697742861846,80,80,False
baseline_plus_conditional_all,peptide_disjoint,mse,all,HLA-A*24:19,auc_gt_2h,0.7413333333333334,80,80,False
baseline_plus_conditional_all,peptide_disjoint,mse,all,HLA-A*25:01,spearman,0.506860778548293,74,74,False
baseline_plus_conditional_all,peptide_disjoint,mse,all,HLA-A*25:01,pearson_log,0.5579736684009645,74,74,False
baseline_plus_conditional_all,peptide_disjoint,mse,all,HLA-A*25:01,auc_gt_2h,0.8507177033492823,74,74,False
baseline_plus_conditional_all,peptide_disjoint,mse,all,HLA-A*26:01,spearman,0.5782562731858438,45,45,False
baseline_plus_conditional_all,peptide_disjoint,mse,all,HLA-A*26:01,pearson_log,0.5986627983432615,45,45,False
baseline_plus_conditional_all,peptide_disjoint,mse,all,HLA-A*26:01,auc_gt_2h,0.814,45,45,False
baseline_plus_conditional_all,peptide_disjoint,mse,all,HLA-A*26:02,spearman,0.5579617804833344,68,68,False
baseline_plus_conditional_all,peptide_disjoint,mse,all,HLA-A*26:02,pearson_log,0.5690775344467383,68,68,False
baseline_plus_conditional_all,peptide_disjoint,mse,all,HLA-A*26:02,auc_gt_2h,0.8130232558139535,68,68,False
baseline_plus_conditional_all,peptide_disjoint,mse,all,HLA-A*26:03,spearman,0.42782920995341445,75,75,False
baseline_plus_conditional_all,peptide_disjoint,mse,all,HLA-A*26:03,pearson_log,0.47445076445873313,75,75,False
baseline_plus_conditional_all,peptide_disjoint,mse,all,HLA-A*26:03,auc_gt_2h,0.7259953161592506,75,75,False
baseline_plus_conditional_all,peptide_disjoint,mse,all,HLA-A*29:02,spearman,0.6527126237853614,73,73,False
baseline_plus_conditional_all,peptide_disjoint,mse,all,HLA-A*29:02,pearson_log,0.6732734986251253,73,73,False
baseline_plus_conditional_all,peptide_disjoint,mse,all,HLA-A*29:02,auc_gt_2h,0.8740573152337858,73,73,False
baseline_plus_conditional_all,peptide_disjoint,mse,all,HLA-A*30:01,spearman,0.6170416512886541,86,86,False
baseline_plus_conditional_all,peptide_disjoint,mse,all,HLA-A*30:01,pearson_log,0.654193680920625,86,86,False
baseline_plus_conditional_all,peptide_disjoint,mse,all,HLA-A*30:01,auc_gt_2h,0.7352941176470588,86,86,False
baseline_plus_conditional_all,peptide_disjoint,mse,all,HLA-A*30:02,spearman,0.32759827402186675,73,73,False
baseline_plus_conditional_all,peptide_disjoint,mse,all,HLA-A*30:02,pearson_log,0.3406477500832839,73,73,False
baseline_plus_conditional_all,peptide_disjoint,mse,all,HLA-A*30:02,auc_gt_2h,0.6495652173913044,73,73,False
baseline_plus_conditional_all,peptide_disjoint,mse,all,HLA-A*31:01,spearman,0.6030062135200154,85,85,False
baseline_plus_conditional_all,peptide_disjoint,mse,all,HLA-A*31:01,pearson_log,0.5631148239063588,85,85,False
baseline_plus_conditional_all,peptide_disjoint,mse,all,HLA-A*31:01,auc_gt_2h,0.8063063063063063,85,85,False
baseline_plus_conditional_all,peptide_disjoint,mse,all,HLA-A*32:01,spearman,0.9746794344808963,5,5,False
baseline_plus_conditional_all,peptide_disjoint,mse,all,HLA-A*32:01,pearson_log,0.9346514648042449,5,5,False
baseline_plus_conditional_all,peptide_disjoint,mse,all,HLA-A*32:01,auc_gt_2h,1.0,5,5,False
baseline_plus_conditional_all,peptide_disjoint,mse,all,HLA-A*32:07,spearman,0.7418217976157997,76,76,False
baseline_plus_conditional_all,peptide_disjoint,mse,all,HLA-A*32:07,pearson_log,0.7845818674397023,76,76,False
baseline_plus_conditional_all,peptide_disjoint,mse,all,HLA-A*32:07,auc_gt_2h,0.8442932728647015,76,76,False
baseline_plus_conditional_all,peptide_disjoint,mse,all,HLA-A*33:03,spearman,0.5521297799067013,84,84,False
baseline_plus_conditional_all,peptide_disjoint,mse,all,HLA-A*33:03,pearson_log,0.5266287769476283,84,84,False
baseline_plus_conditional_all,peptide_disjoint,mse,all,HLA-A*33:03,auc_gt_2h,0.7987528344671201,84,84,False
baseline_plus_conditional_all,peptide_disjoint,mse,all,HLA-A*43:01,spearman,0.5384926728857056,73,73,False
baseline_plus_conditional_all,peptide_disjoint,mse,all,HLA-A*43:01,pearson_log,0.5842282600087525,73,73,False
baseline_plus_conditional_all,peptide_disjoint,mse,all,HLA-A*43:01,auc_gt_2h,0.7395833333333334,73,73,False
baseline_plus_conditional_all,peptide_disjoint,mse,all,HLA-A*66:01,spearman,0.24599931299076072,79,79,False
baseline_plus_conditional_all,peptide_disjoint,mse,all,HLA-A*66:01,pearson_log,0.2976615861612657,79,79,False
baseline_plus_conditional_all,peptide_disjoint,mse,all,HLA-A*66:01,auc_gt_2h,0.5700000000000001,79,79,False
baseline_plus_conditional_all,peptide_disjoint,mse,all,HLA-A*68:01,spearman,0.6380999984256184,85,85,False
baseline_plus_conditional_all,peptide_disjoint,mse,all,HLA-A*68:01,pearson_log,0.6306898414138211,85,85,False
baseline_plus_conditional_all,peptide_disjoint,mse,all,HLA-A*68:01,auc_gt_2h,0.8111849390919158,85,85,False
baseline_plus_conditional_all,peptide_disjoint,mse,all,HLA-A*68:02,spearman,,1,1,True
baseline_plus_conditional_all,peptide_disjoint,mse,all,HLA-A*68:02,pearson_log,,1,1,True
baseline_plus_conditional_all,peptide_disjoint,mse,all,HLA-A*68:02,auc_gt_2h,,1,1,True
baseline_plus_conditional_all,peptide_disjoint,mse,all,HLA-A*68:23,spearman,0.46659266714580505,79,79,False
baseline_plus_conditional_all,peptide_disjoint,mse,all,HLA-A*68:23,pearson_log,0.5175789282072589,79,79,False
baseline_plus_conditional_all,peptide_disjoint,mse,all,HLA-A*68:23,auc_gt_2h,0.7338308457711443,79,79,False
baseline_plus_conditional_all,peptide_disjoint,mse,all,HLA-A*69:01,spearman,,1,1,True
baseline_plus_conditional_all,peptide_disjoint,mse,all,HLA-A*69:01,pearson_log,,1,1,True
baseline_plus_conditional_all,peptide_disjoint,mse,all,HLA-A*69:01,auc_gt_2h,,1,1,True
baseline_plus_conditional_all,peptide_disjoint,mse,all,HLA-A*74:01,spearman,0.675886462197268,78,78,False
baseline_plus_conditional_all,peptide_disjoint,mse,all,HLA-A*74:01,pearson_log,0.6567834591972934,78,78,False
baseline_plus_conditional_all,peptide_disjoint,mse,all,HLA-A*74:01,auc_gt_2h,0.8450889914304549,78,78,False
baseline_plus_conditional_all,peptide_disjoint,mse,all,HLA-A*80:01,spearman,0.4659817618655241,68,68,False
baseline_plus_conditional_all,peptide_disjoint,mse,all,HLA-A*80:01,pearson_log,0.5351035339643118,68,68,False
baseline_plus_conditional_all,peptide_disjoint,mse,all,HLA-A*80:01,auc_gt_2h,0.97265625,68,68,False
baseline_plus_conditional_all,peptide_disjoint,mse,all,HLA-B*07:02,spearman,0.6608644510764428,142,142,False
baseline_plus_conditional_all,peptide_disjoint,mse,all,HLA-B*07:02,pearson_log,0.6363034314555439,142,142,False
baseline_plus_conditional_all,peptide_disjoint,mse,all,HLA-B*07:02,auc_gt_2h,0.8274509803921569,142,142,False
baseline_plus_conditional_all,peptide_disjoint,mse,all,HLA-B*08:01,spearman,0.3427620861056317,86,86,False
baseline_plus_conditional_all,peptide_disjoint,mse,all,HLA-B*08:01,pearson_log,0.39882740155534474,86,86,False
baseline_plus_conditional_all,peptide_disjoint,mse,all,HLA-B*08:01,auc_gt_2h,0.8705882352941177,86,86,False
baseline_plus_conditional_all,peptide_disjoint,mse,all,HLA-B*08:03,spearman,0.2650189842213555,72,72,False
baseline_plus_conditional_all,peptide_disjoint,mse,all,HLA-B*08:03,pearson_log,0.28406063083268307,72,72,False
baseline_plus_conditional_all,peptide_disjoint,mse,all,HLA-B*08:03,auc_gt_2h,0.4632352941176471,72,72,False
baseline_plus_conditional_all,peptide_disjoint,mse,all,HLA-B*13:02,spearman,,2,2,False
baseline_plus_conditional_all,peptide_disjoint,mse,all,HLA-B*13:02,pearson_log,,2,2,False
baseline_plus_conditional_all,peptide_disjoint,mse,all,HLA-B*13:02,auc_gt_2h,,2,2,False
baseline_plus_conditional_all,peptide_disjoint,mse,all,HLA-B*14:01(C67S),spearman,0.4213420591168347,75,75,False
baseline_plus_conditional_all,peptide_disjoint,mse,all,HLA-B*14:01(C67S),pearson_log,0.540359208904377,75,75,False
baseline_plus_conditional_all,peptide_disjoint,mse,all,HLA-B*14:01(C67S),auc_gt_2h,0.8697183098591549,75,75,False
baseline_plus_conditional_all,peptide_disjoint,mse,all,HLA-B*14:02(C67S),spearman,0.5251303839142298,73,73,False
baseline_plus_conditional_all,peptide_disjoint,mse,all,HLA-B*14:02(C67S),pearson_log,0.5580702155564461,73,73,False
baseline_plus_conditional_all,peptide_disjoint,mse,all,HLA-B*14:02(C67S),auc_gt_2h,0.8489583333333334,73,73,False
baseline_plus_conditional_all,peptide_disjoint,mse,all,HLA-B*15:01,spearman,0.5377261383001286,206,206,False
baseline_plus_conditional_all,peptide_disjoint,mse,all,HLA-B*15:01,pearson_log,0.5158546826121413,206,206,False
baseline_plus_conditional_all,peptide_disjoint,mse,all,HLA-B*15:01,auc_gt_2h,0.8203313253012048,206,206,False
baseline_plus_conditional_all,peptide_disjoint,mse,all,HLA-B*15:02,spearman,0.5168719000320835,69,69,False
baseline_plus_conditional_all,peptide_disjoint,mse,all,HLA-B*15:02,pearson_log,0.5661155207802052,69,69,False
baseline_plus_conditional_all,peptide_disjoint,mse,all,HLA-B*15:02,auc_gt_2h,0.6752136752136753,69,69,False
baseline_plus_conditional_all,peptide_disjoint,mse,all,HLA-B*15:10,spearman,0.569753739300329,65,65,False
baseline_plus_conditional_all,peptide_disjoint,mse,all,HLA-B*15:10,pearson_log,0.5472049121471847,65,65,False
baseline_plus_conditional_all,peptide_disjoint,mse,all,HLA-B*15:10,auc_gt_2h,0.7478991596638656,65,65,False
baseline_plus_conditional_all,peptide_disjoint,mse,all,HLA-B*15:17,spearman,0.3106700433704341,67,67,False
baseline_plus_conditional_all,peptide_disjoint,mse,all,HLA-B*15:17,pearson_log,0.3789880351480781,67,67,False
baseline_plus_conditional_all,peptide_disjoint,mse,all,HLA-B*15:17,auc_gt_2h,0.6311274509803921,67,67,False
baseline_plus_conditional_all,peptide_disjoint,mse,all,HLA-B*18:01,spearman,0.3897817823954254,67,67,False
baseline_plus_conditional_all,peptide_disjoint,mse,all,HLA-B*18:01,pearson_log,0.4430566913905066,67,67,False
baseline_plus_conditional_all,peptide_disjoint,mse,all,HLA-B*18:01,auc_gt_2h,0.6342857142857143,67,67,False
baseline_plus_conditional_all,peptide_disjoint,mse,all,HLA-B*27:02,spearman,0.8202926206756125,73,73,False
baseline_plus_conditional_all,peptide_disjoint,mse,all,HLA-B*27:02,pearson_log,0.8054489953418855,73,73,False
baseline_plus_conditional_all,peptide_disjoint,mse,all,HLA-B*27:02,auc_gt_2h,0.957957957957958,73,73,False
baseline_plus_conditional_all,peptide_disjoint,mse,all,HLA-B*27:03,spearman,0.7941031032289354,78,78,False
baseline_plus_conditional_all,peptide_disjoint,mse,all,HLA-B*27:03,pearson_log,0.7929123391417006,78,78,False
baseline_plus_conditional_all,peptide_disjoint,mse,all,HLA-B*27:03,auc_gt_2h,0.9071076706544686,78,78,False
baseline_plus_conditional_all,peptide_disjoint,mse,all,HLA-B*27:05,spearman,0.7264692301842691,80,80,False
baseline_plus_conditional_all,peptide_disjoint,mse,all,HLA-B*27:05,pearson_log,0.7252405659757992,80,80,False
baseline_plus_conditional_all,peptide_disjoint,mse,all,HLA-B*27:05,auc_gt_2h,0.8646034816247583,80,80,False
baseline_plus_conditional_all,peptide_disjoint,mse,all,HLA-B*27:20,spearman,0.7979239421352684,76,76,False
baseline_plus_conditional_all,peptide_disjoint,mse,all,HLA-B*27:20,pearson_log,0.7888704297489546,76,76,False
baseline_plus_conditional_all,peptide_disjoint,mse,all,HLA-B*27:20,auc_gt_2h,0.8705357142857143,76,76,False
baseline_plus_conditional_all,peptide_disjoint,mse,all,HLA-B*35:01,spearman,0.5584858918285817,128,128,False
baseline_plus_conditional_all,peptide_disjoint,mse,all,HLA-B*35:01,pearson_log,0.5153080284656713,128,128,False
baseline_plus_conditional_all,peptide_disjoint,mse,all,HLA-B*35:01,auc_gt_2h,0.8124515629036424,128,128,False
baseline_plus_conditional_all,peptide_disjoint,mse,all,HLA-B*35:03,spearman,0.4331229453961826,87,87,False
baseline_plus_conditional_all,peptide_disjoint,mse,all,HLA-B*35:03,pearson_log,0.5369266873240989,87,87,False
baseline_plus_conditional_all,peptide_disjoint,mse,all,HLA-B*35:03,auc_gt_2h,0.6934460887949261,87,87,False
baseline_plus_conditional_all,peptide_disjoint,mse,all,HLA-B*35:08,spearman,0.19999999999999998,5,5,False
baseline_plus_conditional_all,peptide_disjoint,mse,all,HLA-B*35:08,pearson_log,0.4089304234995724,5,5,False
baseline_plus_conditional_all,peptide_disjoint,mse,all,HLA-B*35:08,auc_gt_2h,,5,5,False
baseline_plus_conditional_all,peptide_disjoint,mse,all,HLA-B*39:01,spearman,0.37925699529879814,136,136,False
baseline_plus_conditional_all,peptide_disjoint,mse,all,HLA-B*39:01,pearson_log,0.4253177287788417,136,136,False
baseline_plus_conditional_all,peptide_disjoint,mse,all,HLA-B*39:01,auc_gt_2h,0.7948717948717949,136,136,False
baseline_plus_conditional_all,peptide_disjoint,mse,all,HLA-B*39:02,spearman,0.4591351187586417,65,65,False
baseline_plus_conditional_all,peptide_disjoint,mse,all,HLA-B*39:02,pearson_log,0.4387585507133865,65,65,False
baseline_plus_conditional_all,peptide_disjoint,mse,all,HLA-B*39:02,auc_gt_2h,0.7791762013729977,65,65,False
baseline_plus_conditional_all,peptide_disjoint,mse,all,HLA-B*39:06(C67S),spearman,0.17962501179934748,67,67,False
baseline_plus_conditional_all,peptide_disjoint,mse,all,HLA-B*39:06(C67S),pearson_log,0.31794205934801756,67,67,False
baseline_plus_conditional_all,peptide_disjoint,mse,all,HLA-B*39:06(C67S),auc_gt_2h,,67,67,False
baseline_plus_conditional_all,peptide_disjoint,mse,all,HLA-B*39:10,spearman,0.6653498002904108,85,85,False
baseline_plus_conditional_all,peptide_disjoint,mse,all,HLA-B*39:10,pearson_log,0.6878848853679403,85,85,False
baseline_plus_conditional_all,peptide_disjoint,mse,all,HLA-B*39:10,auc_gt_2h,0.8497142857142856,85,85,False
baseline_plus_conditional_all,peptide_disjoint,mse,all,HLA-B*40:01,spearman,0.513860957110582,57,57,False
baseline_plus_conditional_all,peptide_disjoint,mse,all,HLA-B*40:01,pearson_log,0.40074106839701573,57,57,False
baseline_plus_conditional_all,peptide_disjoint,mse,all,HLA-B*40:01,auc_gt_2h,0.8257142857142856,57,57,False
baseline_plus_conditional_all,peptide_disjoint,mse,all,HLA-B*40:02,spearman,-0.6,5,5,False
baseline_plus_conditional_all,peptide_disjoint,mse,all,HLA-B*40:02,pearson_log,-0.2043155334558672,5,5,False
baseline_plus_conditional_all,peptide_disjoint,mse,all,HLA-B*40:02,auc_gt_2h,0.25,5,5,False
baseline_plus_conditional_all,peptide_disjoint,mse,all,HLA-B*41:01,spearman,0.5131982140188501,71,71,False
baseline_plus_conditional_all,peptide_disjoint,mse,all,HLA-B*41:01,pearson_log,0.5984830732198707,71,71,False
baseline_plus_conditional_all,peptide_disjoint,mse,all,HLA-B*41:01,auc_gt_2h,0.8307692307692307,71,71,False
baseline_plus_conditional_all,peptide_disjoint,mse,all,HLA-B*42:01,spearman,0.6852808575226496,77,77,False
baseline_plus_conditional_all,peptide_disjoint,mse,all,HLA-B*42:01,pearson_log,0.640840735057953,77,77,False
baseline_plus_conditional_all,peptide_disjoint,mse,all,HLA-B*42:01,auc_gt_2h,0.8870192307692308,77,77,False
baseline_plus_conditional_all,peptide_disjoint,mse,all,HLA-B*42:02,spearman,0.7037009998517293,86,86,False
baseline_plus_conditional_all,peptide_disjoint,mse,all,HLA-B*42:02,pearson_log,0.6945028842225114,86,86,False
baseline_plus_conditional_all,peptide_disjoint,mse,all,HLA-B*42:02,auc_gt_2h,0.8459383753501399,86,86,False
baseline_plus_conditional_all,peptide_disjoint,mse,all,HLA-B*44:05,spearman,0.36635102209277076,68,68,False
baseline_plus_conditional_all,peptide_disjoint,mse,all,HLA-B*44:05,pearson_log,0.38374285072897074,68,68,False
baseline_plus_conditional_all,peptide_disjoint,mse,all,HLA-B*44:05,auc_gt_2h,0.6739130434782609,68,68,False
baseline_plus_conditional_all,peptide_disjoint,mse,all,HLA-B*45:01,spearman,0.4776666811996003,68,68,False
baseline_plus_conditional_all,peptide_disjoint,mse,all,HLA-B*45:01,pearson_log,0.5949542057032344,68,68,False
baseline_plus_conditional_all,peptide_disjoint,mse,all,HLA-B*45:01,auc_gt_2h,0.8413978494623656,68,68,False
baseline_plus_conditional_all,peptide_disjoint,mse,all,HLA-B*46:01,spearman,0.2351371774553625,72,72,False
baseline_plus_conditional_all,peptide_disjoint,mse,all,HLA-B*46:01,pearson_log,0.2772179190136,72,72,False
baseline_plus_conditional_all,peptide_disjoint,mse,all,HLA-B*46:01,auc_gt_2h,0.7054673721340388,72,72,False
baseline_plus_conditional_all,peptide_disjoint,mse,all,HLA-B*51:01,spearman,0.7839542023352719,78,78,False
baseline_plus_conditional_all,peptide_disjoint,mse,all,HLA-B*51:01,pearson_log,0.7853724873977483,78,78,False
baseline_plus_conditional_all,peptide_disjoint,mse,all,HLA-B*51:01,auc_gt_2h,0.9279341111873713,78,78,False
baseline_plus_conditional_all,peptide_disjoint,mse,all,HLA-B*54:01,spearman,0.6969231170196967,82,82,False
baseline_plus_conditional_all,peptide_disjoint,mse,all,HLA-B*54:01,pearson_log,0.711919386957039,82,82,False
baseline_plus_conditional_all,peptide_disjoint,mse,all,HLA-B*54:01,auc_gt_2h,0.8790322580645162,82,82,False
baseline_plus_conditional_all,peptide_disjoint,mse,all,HLA-B*55:01,spearman,0.7048370276978373,87,87,False
baseline_plus_conditional_all,peptide_disjoint,mse,all,HLA-B*55:01,pearson_log,0.7518968759280913,87,87,False
baseline_plus_conditional_all,peptide_disjoint,mse,all,HLA-B*55:01,auc_gt_2h,0.8840579710144927,87,87,False
baseline_plus_conditional_all,peptide_disjoint,mse,all,HLA-B*56:01,spearman,0.7621538144371877,86,86,False
baseline_plus_conditional_all,peptide_disjoint,mse,all,HLA-B*56:01,pearson_log,0.7902001639395676,86,86,False
baseline_plus_conditional_all,peptide_disjoint,mse,all,HLA-B*56:01,auc_gt_2h,0.9572072072072072,86,86,False
baseline_plus_conditional_all,peptide_disjoint,mse,all,HLA-B*57:01,spearman,0.620414115988712,63,63,False
baseline_plus_conditional_all,peptide_disjoint,mse,all,HLA-B*57:01,pearson_log,0.4285040273530076,63,63,False
baseline_plus_conditional_all,peptide_disjoint,mse,all,HLA-B*57:01,auc_gt_2h,0.7792553191489362,63,63,False
baseline_plus_conditional_all,peptide_disjoint,mse,all,HLA-B*57:02,spearman,0.5593461356966541,68,68,False
baseline_plus_conditional_all,peptide_disjoint,mse,all,HLA-B*57:02,pearson_log,0.5820956903859369,68,68,False
baseline_plus_conditional_all,peptide_disjoint,mse,all,HLA-B*57:02,auc_gt_2h,0.7261009667024704,68,68,False
baseline_plus_conditional_all,peptide_disjoint,mse,all,HLA-B*57:03,spearman,0.7337984044976328,70,70,False
baseline_plus_conditional_all,peptide_disjoint,mse,all,HLA-B*57:03,pearson_log,0.7410847359516565,70,70,False
baseline_plus_conditional_all,peptide_disjoint,mse,all,HLA-B*57:03,auc_gt_2h,0.8790233074361821,70,70,False
baseline_plus_conditional_all,peptide_disjoint,mse,all,HLA-B*58:01,spearman,0.633026023389253,70,70,False
baseline_plus_conditional_all,peptide_disjoint,mse,all,HLA-B*58:01,pearson_log,0.5426253371330575,70,70,False
baseline_plus_conditional_all,peptide_disjoint,mse,all,HLA-B*58:01,auc_gt_2h,0.8014705882352942,70,70,False
baseline_plus_conditional_all,peptide_disjoint,mse,all,HLA-B*81:01,spearman,0.5727818263451474,80,80,False
baseline_plus_conditional_all,peptide_disjoint,mse,all,HLA-B*81:01,pearson_log,0.4729809011331506,80,80,False
baseline_plus_conditional_all,peptide_disjoint,mse,all,HLA-B*81:01,auc_gt_2h,0.6019736842105263,80,80,False
baseline_plus_conditional_all,peptide_disjoint,mse,nonzero,HLA-A*01:01,spearman,0.4003687929511241,34,34,False
baseline_plus_conditional_all,peptide_disjoint,mse,nonzero,HLA-A*01:01,pearson_log,0.49532332835534,34,34,False
baseline_plus_conditional_all,peptide_disjoint,mse,nonzero,HLA-A*01:01,auc_gt_2h,0.8624999999999999,34,34,False
baseline_plus_conditional_all,peptide_disjoint,mse,nonzero,HLA-A*02:01,spearman,0.7677975400202064,196,196,False
baseline_plus_conditional_all,peptide_disjoint,mse,nonzero,HLA-A*02:01,pearson_log,0.7431655754278613,196,196,False
baseline_plus_conditional_all,peptide_disjoint,mse,nonzero,HLA-A*02:01,auc_gt_2h,0.886661691011835,196,196,False
baseline_plus_conditional_all,peptide_disjoint,mse,nonzero,HLA-A*02:03,spearman,0.5492403299048748,69,69,False
baseline_plus_conditional_all,peptide_disjoint,mse,nonzero,HLA-A*02:03,pearson_log,0.5333099726743138,69,69,False
baseline_plus_conditional_all,peptide_disjoint,mse,nonzero,HLA-A*02:03,auc_gt_2h,0.7116402116402115,69,69,False
baseline_plus_conditional_all,peptide_disjoint,mse,nonzero,HLA-A*02:05,spearman,,1,1,True
baseline_plus_conditional_all,peptide_disjoint,mse,nonzero,HLA-A*02:05,pearson_log,,1,1,True
baseline_plus_conditional_all,peptide_disjoint,mse,nonzero,HLA-A*02:05,auc_gt_2h,,1,1,True
baseline_plus_conditional_all,peptide_disjoint,mse,nonzero,HLA-A*02:10,spearman,0.5207883935056223,66,66,False
baseline_plus_conditional_all,peptide_disjoint,mse,nonzero,HLA-A*02:10,pearson_log,0.5177924970161332,66,66,False
baseline_plus_conditional_all,peptide_disjoint,mse,nonzero,HLA-A*02:10,auc_gt_2h,0.7576036866359448,66,66,False
baseline_plus_conditional_all,peptide_disjoint,mse,nonzero,HLA-A*02:11,spearman,0.553330657031646,69,69,False
baseline_plus_conditional_all,peptide_disjoint,mse,nonzero,HLA-A*02:11,pearson_log,0.5619040804156129,69,69,False
baseline_plus_conditional_all,peptide_disjoint,mse,nonzero,HLA-A*02:11,auc_gt_2h,0.9169278996865203,69,69,False
baseline_plus_conditional_all,peptide_disjoint,mse,nonzero,HLA-A*02:12,spearman,0.6975443578352563,68,68,False
baseline_plus_conditional_all,peptide_disjoint,mse,nonzero,HLA-A*02:12,pearson_log,0.7123609093419666,68,68,False
baseline_plus_conditional_all,peptide_disjoint,mse,nonzero,HLA-A*02:12,auc_gt_2h,0.9411111111111111,68,68,False
baseline_plus_conditional_all,peptide_disjoint,mse,nonzero,HLA-A*02:16,spearman,0.6480953057728943,67,67,False
baseline_plus_conditional_all,peptide_disjoint,mse,nonzero,HLA-A*02:16,pearson_log,0.6296153712297136,67,67,False
baseline_plus_conditional_all,peptide_disjoint,mse,nonzero,HLA-A*02:16,auc_gt_2h,0.8666666666666667,67,67,False
baseline_plus_conditional_all,peptide_disjoint,mse,nonzero,HLA-A*02:19,spearman,0.6706755074605621,63,63,False
baseline_plus_conditional_all,peptide_disjoint,mse,nonzero,HLA-A*02:19,pearson_log,0.6841079475533177,63,63,False
baseline_plus_conditional_all,peptide_disjoint,mse,nonzero,HLA-A*02:19,auc_gt_2h,0.7975308641975309,63,63,False
baseline_plus_conditional_all,peptide_disjoint,mse,nonzero,HLA-A*02:50,spearman,0.48473221887421203,68,68,False
baseline_plus_conditional_all,peptide_disjoint,mse,nonzero,HLA-A*02:50,pearson_log,0.5124579114846199,68,68,False
baseline_plus_conditional_all,peptide_disjoint,mse,nonzero,HLA-A*02:50,auc_gt_2h,0.7463942307692307,68,68,False
baseline_plus_conditional_all,peptide_disjoint,mse,nonzero,HLA-A*03:01,spearman,0.7164296030633373,145,145,False
baseline_plus_conditional_all,peptide_disjoint,mse,nonzero,HLA-A*03:01,pearson_log,0.7146843151636113,145,145,False
baseline_plus_conditional_all,peptide_disjoint,mse,nonzero,HLA-A*03:01,auc_gt_2h,0.8564867967853043,145,145,False
baseline_plus_conditional_all,peptide_disjoint,mse,nonzero,HLA-A*11:01,spearman,0.7202612399053753,115,115,False
baseline_plus_conditional_all,peptide_disjoint,mse,nonzero,HLA-A*11:01,pearson_log,0.7146505293851504,115,115,False
baseline_plus_conditional_all,peptide_disjoint,mse,nonzero,HLA-A*11:01,auc_gt_2h,0.8459302325581395,115,115,False
baseline_plus_conditional_all,peptide_disjoint,mse,nonzero,HLA-A*23:01,spearman,0.7068507098049371,76,76,False
baseline_plus_conditional_all,peptide_disjoint,mse,nonzero,HLA-A*23:01,pearson_log,0.7049338057132406,76,76,False
baseline_plus_conditional_all,peptide_disjoint,mse,nonzero,HLA-A*23:01,auc_gt_2h,0.8991071428571429,76,76,False
baseline_plus_conditional_all,peptide_disjoint,mse,nonzero,HLA-A*24:02,spearman,0.7486559674158774,113,113,False
baseline_plus_conditional_all,peptide_disjoint,mse,nonzero,HLA-A*24:02,pearson_log,0.7422971980439221,113,113,False
baseline_plus_conditional_all,peptide_disjoint,mse,nonzero,HLA-A*24:02,auc_gt_2h,0.8822222222222221,113,113,False
baseline_plus_conditional_all,peptide_disjoint,mse,nonzero,HLA-A*24:03,spearman,0.7022569821032891,107,107,False
baseline_plus_conditional_all,peptide_disjoint,mse,nonzero,HLA-A*24:03,pearson_log,0.6563807760483382,107,107,False
baseline_plus_conditional_all,peptide_disjoint,mse,nonzero,HLA-A*24:03,auc_gt_2h,0.8631503920171061,107,107,False
baseline_plus_conditional_all,peptide_disjoint,mse,nonzero,HLA-A*24:07,spearman,0.7524893203355675,74,74,False
baseline_plus_conditional_all,peptide_disjoint,mse,nonzero,HLA-A*24:07,pearson_log,0.7574155907230629,74,74,False
baseline_plus_conditional_all,peptide_disjoint,mse,nonzero,HLA-A*24:07,auc_gt_2h,0.8830409356725146,74,74,False
baseline_plus_conditional_all,peptide_disjoint,mse,nonzero,HLA-A*24:19,spearman,0.2598741543758194,57,57,False
baseline_plus_conditional_all,peptide_disjoint,mse,nonzero,HLA-A*24:19,pearson_log,0.27302595881831887,57,57,False
baseline_plus_conditional_all,peptide_disjoint,mse,nonzero,HLA-A*24:19,auc_gt_2h,0.7192307692307692,57,57,False
baseline_plus_conditional_all,peptide_disjoint,mse,nonzero,HLA-A*25:01,spearman,0.6119894715070063,46,46,False
baseline_plus_conditional_all,peptide_disjoint,mse,nonzero,HLA-A*25:01,pearson_log,0.6312856486805866,46,46,False
baseline_plus_conditional_all,peptide_disjoint,mse,nonzero,HLA-A*25:01,auc_gt_2h,0.8284600389863548,46,46,False
baseline_plus_conditional_all,peptide_disjoint,mse,nonzero,HLA-A*26:01,spearman,0.5373574084458278,43,43,False
baseline_plus_conditional_all,peptide_disjoint,mse,nonzero,HLA-A*26:01,pearson_log,0.5585854429113135,43,43,False
baseline_plus_conditional_all,peptide_disjoint,mse,nonzero,HLA-A*26:01,auc_gt_2h,0.8021739130434783,43,43,False
baseline_plus_conditional_all,peptide_disjoint,mse,nonzero,HLA-A*26:02,spearman,0.6434176436371271,59,59,False
baseline_plus_conditional_all,peptide_disjoint,mse,nonzero,HLA-A*26:02,pearson_log,0.665351446032205,59,59,False
baseline_plus_conditional_all,peptide_disjoint,mse,nonzero,HLA-A*26:02,auc_gt_2h,0.8141176470588235,59,59,False
baseline_plus_conditional_all,peptide_disjoint,mse,nonzero,HLA-A*26:03,spearman,0.36408432718910083,49,49,False
baseline_plus_conditional_all,peptide_disjoint,mse,nonzero,HLA-A*26:03,pearson_log,0.4041769412209522,49,49,False
baseline_plus_conditional_all,peptide_disjoint,mse,nonzero,HLA-A*26:03,auc_gt_2h,0.6693877551020408,49,49,False
baseline_plus_conditional_all,peptide_disjoint,mse,nonzero,HLA-A*29:02,spearman,0.6236410800507072,71,71,False
baseline_plus_conditional_all,peptide_disjoint,mse,nonzero,HLA-A*29:02,pearson_log,0.6268760426955822,71,71,False
baseline_plus_conditional_all,peptide_disjoint,mse,nonzero,HLA-A*29:02,auc_gt_2h,0.8672496025437202,71,71,False
baseline_plus_conditional_all,peptide_disjoint,mse,nonzero,HLA-A*30:01,spearman,0.49761328587508247,57,57,False
baseline_plus_conditional_all,peptide_disjoint,mse,nonzero,HLA-A*30:01,pearson_log,0.5453557968369691,57,57,False
baseline_plus_conditional_all,peptide_disjoint,mse,nonzero,HLA-A*30:01,auc_gt_2h,0.6452991452991453,57,57,False
baseline_plus_conditional_all,peptide_disjoint,mse,nonzero,HLA-A*30:02,spearman,0.28373395871841783,70,70,False
baseline_plus_conditional_all,peptide_disjoint,mse,nonzero,HLA-A*30:02,pearson_log,0.299455895736406,70,70,False
baseline_plus_conditional_all,peptide_disjoint,mse,nonzero,HLA-A*30:02,auc_gt_2h,0.6364477335800185,70,70,False
baseline_plus_conditional_all,peptide_disjoint,mse,nonzero,HLA-A*31:01,spearman,0.6627148765324603,76,76,False
baseline_plus_conditional_all,peptide_disjoint,mse,nonzero,HLA-A*31:01,pearson_log,0.6669778452742425,76,76,False
baseline_plus_conditional_all,peptide_disjoint,mse,nonzero,HLA-A*31:01,auc_gt_2h,0.8251488095238095,76,76,False
baseline_plus_conditional_all,peptide_disjoint,mse,nonzero,HLA-A*32:01,spearman,0.9746794344808963,5,5,False
baseline_plus_conditional_all,peptide_disjoint,mse,nonzero,HLA-A*32:01,pearson_log,0.9346514648042449,5,5,False
baseline_plus_conditional_all,peptide_disjoint,mse,nonzero,HLA-A*32:01,auc_gt_2h,1.0,5,5,False
baseline_plus_conditional_all,peptide_disjoint,mse,nonzero,HLA-A*32:07,spearman,0.638514577191685,47,47,False
baseline_plus_conditional_all,peptide_disjoint,mse,nonzero,HLA-A*32:07,pearson_log,0.7084134670775751,47,47,False
baseline_plus_conditional_all,peptide_disjoint,mse,nonzero,HLA-A*32:07,auc_gt_2h,0.7444444444444445,47,47,False
baseline_plus_conditional_all,peptide_disjoint,mse,nonzero,HLA-A*33:03,spearman,0.4185378850405998,62,62,False
baseline_plus_conditional_all,peptide_disjoint,mse,nonzero,HLA-A*33:03,pearson_log,0.4264317742623081,62,62,False
baseline_plus_conditional_all,peptide_disjoint,mse,nonzero,HLA-A*33:03,auc_gt_2h,0.7321428571428572,62,62,False
baseline_plus_conditional_all,peptide_disjoint,mse,nonzero,HLA-A*43:01,spearman,0.3277277628331218,54,54,False
baseline_plus_conditional_all,peptide_disjoint,mse,nonzero,HLA-A*43:01,pearson_log,0.40981853118226347,54,54,False
baseline_plus_conditional_all,peptide_disjoint,mse,nonzero,HLA-A*43:01,auc_gt_2h,0.6790123456790124,54,54,False
baseline_plus_conditional_all,peptide_disjoint,mse,nonzero,HLA-A*66:01,spearman,0.28667372409883984,40,40,False
baseline_plus_conditional_all,peptide_disjoint,mse,nonzero,HLA-A*66:01,pearson_log,0.26395767395373565,40,40,False
baseline_plus_conditional_all,peptide_disjoint,mse,nonzero,HLA-A*66:01,auc_gt_2h,0.5138888888888888,40,40,False
baseline_plus_conditional_all,peptide_disjoint,mse,nonzero,HLA-A*68:01,spearman,0.5618363559966117,67,67,False
baseline_plus_conditional_all,peptide_disjoint,mse,nonzero,HLA-A*68:01,pearson_log,0.5459526560857165,67,67,False
baseline_plus_conditional_all,peptide_disjoint,mse,nonzero,HLA-A*68:01,auc_gt_2h,0.7625968992248062,67,67,False
baseline_plus_conditional_all,peptide_disjoint,mse,nonzero,HLA-A*68:02,spearman,,1,1,True
baseline_plus_conditional_all,peptide_disjoint,mse,nonzero,HLA-A*68:02,pearson_log,,1,1,True
baseline_plus_conditional_all,peptide_disjoint,mse,nonzero,HLA-A*68:02,auc_gt_2h,,1,1,True
baseline_plus_conditional_all,peptide_disjoint,mse,nonzero,HLA-A*68:23,spearman,0.5122411917968673,61,61,False
baseline_plus_conditional_all,peptide_disjoint,mse,nonzero,HLA-A*68:23,pearson_log,0.5575502437054587,61,61,False
baseline_plus_conditional_all,peptide_disjoint,mse,nonzero,HLA-A*68:23,auc_gt_2h,0.7091836734693877,61,61,False
baseline_plus_conditional_all,peptide_disjoint,mse,nonzero,HLA-A*74:01,spearman,0.6545761617333063,62,62,False
baseline_plus_conditional_all,peptide_disjoint,mse,nonzero,HLA-A*74:01,pearson_log,0.6739754226089559,62,62,False
baseline_plus_conditional_all,peptide_disjoint,mse,nonzero,HLA-A*74:01,auc_gt_2h,0.8281068524970965,62,62,False
baseline_plus_conditional_all,peptide_disjoint,mse,nonzero,HLA-A*80:01,spearman,0.3339381925393194,38,38,False
baseline_plus_conditional_all,peptide_disjoint,mse,nonzero,HLA-A*80:01,pearson_log,0.5100733360877139,38,38,False
baseline_plus_conditional_all,peptide_disjoint,mse,nonzero,HLA-A*80:01,auc_gt_2h,0.9558823529411765,38,38,False
baseline_plus_conditional_all,peptide_disjoint,mse,nonzero,HLA-B*07:02,spearman,0.6348002588350794,136,136,False
baseline_plus_conditional_all,peptide_disjoint,mse,nonzero,HLA-B*07:02,pearson_log,0.6302293874216002,136,136,False
baseline_plus_conditional_all,peptide_disjoint,mse,nonzero,HLA-B*07:02,auc_gt_2h,0.8145328719723183,136,136,False
baseline_plus_conditional_all,peptide_disjoint,mse,nonzero,HLA-B*08:01,spearman,0.11119635428122629,64,64,False
baseline_plus_conditional_all,peptide_disjoint,mse,nonzero,HLA-B*08:01,pearson_log,0.11052344351459467,64,64,False
baseline_plus_conditional_all,peptide_disjoint,mse,nonzero,HLA-B*08:01,auc_gt_2h,0.8253968253968254,64,64,False
baseline_plus_conditional_all,peptide_disjoint,mse,nonzero,HLA-B*08:03,spearman,0.1974244143951039,42,42,False
baseline_plus_conditional_all,peptide_disjoint,mse,nonzero,HLA-B*08:03,pearson_log,0.17814170987895023,42,42,False
baseline_plus_conditional_all,peptide_disjoint,mse,nonzero,HLA-B*08:03,auc_gt_2h,0.4078947368421053,42,42,False
baseline_plus_conditional_all,peptide_disjoint,mse,nonzero,HLA-B*14:01(C67S),spearman,0.4409342521371097,12,12,False
baseline_plus_conditional_all,peptide_disjoint,mse,nonzero,HLA-B*14:01(C67S),pearson_log,0.5481197069325303,12,12,False
baseline_plus_conditional_all,peptide_disjoint,mse,nonzero,HLA-B*14:01(C67S),auc_gt_2h,0.71875,12,12,False
baseline_plus_conditional_all,peptide_disjoint,mse,nonzero,HLA-B*14:02(C67S),spearman,0.314451450751487,25,25,False
baseline_plus_conditional_all,peptide_disjoint,mse,nonzero,HLA-B*14:02(C67S),pearson_log,0.41470096655204497,25,25,False
baseline_plus_conditional_all,peptide_disjoint,mse,nonzero,HLA-B*14:02(C67S),auc_gt_2h,0.7222222222222222,25,25,False
baseline_plus_conditional_all,peptide_disjoint,mse,nonzero,HLA-B*15:01,spearman,0.4899626336384778,195,195,False
baseline_plus_conditional_all,peptide_disjoint,mse,nonzero,HLA-B*15:01,pearson_log,0.48367544487100267,195,195,False
baseline_plus_conditional_all,peptide_disjoint,mse,nonzero,HLA-B*15:01,auc_gt_2h,0.7943498130452846,195,195,False
baseline_plus_conditional_all,peptide_disjoint,mse,nonzero,HLA-B*15:02,spearman,0.2487887808031095,54,54,False
baseline_plus_conditional_all,peptide_disjoint,mse,nonzero,HLA-B*15:02,pearson_log,0.20512422763829924,54,54,False
baseline_plus_conditional_all,peptide_disjoint,mse,nonzero,HLA-B*15:02,auc_gt_2h,0.5444444444444444,54,54,False
baseline_plus_conditional_all,peptide_disjoint,mse,nonzero,HLA-B*15:10,spearman,0.5100305891037339,53,53,False
baseline_plus_conditional_all,peptide_disjoint,mse,nonzero,HLA-B*15:10,pearson_log,0.46721255218771973,53,53,False
baseline_plus_conditional_all,peptide_disjoint,mse,nonzero,HLA-B*15:10,auc_gt_2h,0.706959706959707,53,53,False
baseline_plus_conditional_all,peptide_disjoint,mse,nonzero,HLA-B*15:17,spearman,0.215834996538153,61,61,False
baseline_plus_conditional_all,peptide_disjoint,mse,nonzero,HLA-B*15:17,pearson_log,0.2980858452105245,61,61,False
baseline_plus_conditional_all,peptide_disjoint,mse,nonzero,HLA-B*15:17,auc_gt_2h,0.601388888888889,61,61,False
baseline_plus_conditional_all,peptide_disjoint,mse,nonzero,HLA-B*18:01,spearman,0.2750644347661304,59,59,False
baseline_plus_conditional_all,peptide_disjoint,mse,nonzero,HLA-B*18:01,pearson_log,0.3361957993407546,59,59,False
baseline_plus_conditional_all,peptide_disjoint,mse,nonzero,HLA-B*18:01,auc_gt_2h,0.5964705882352941,59,59,False
baseline_plus_conditional_all,peptide_disjoint,mse,nonzero,HLA-B*27:02,spearman,0.7491513504157401,52,52,False
baseline_plus_conditional_all,peptide_disjoint,mse,nonzero,HLA-B*27:02,pearson_log,0.7361113365467353,52,52,False
baseline_plus_conditional_all,peptide_disjoint,mse,nonzero,HLA-B*27:02,auc_gt_2h,0.9423423423423424,52,52,False
baseline_plus_conditional_all,peptide_disjoint,mse,nonzero,HLA-B*27:03,spearman,0.7054320710011713,52,52,False
baseline_plus_conditional_all,peptide_disjoint,mse,nonzero,HLA-B*27:03,pearson_log,0.7050449121613414,52,52,False
baseline_plus_conditional_all,peptide_disjoint,mse,nonzero,HLA-B*27:03,auc_gt_2h,0.841079460269865,52,52,False
baseline_plus_conditional_all,peptide_disjoint,mse,nonzero,HLA-B*27:05,spearman,0.6231416177832885,68,68,False
baseline_plus_conditional_all,peptide_disjoint,mse,nonzero,HLA-B*27:05,pearson_log,0.6372113976213696,68,68,False
baseline_plus_conditional_all,peptide_disjoint,mse,nonzero,HLA-B*27:05,auc_gt_2h,0.8251082251082251,68,68,False
baseline_plus_conditional_all,peptide_disjoint,mse,nonzero,HLA-B*27:20,spearman,0.6220614465024373,52,52,False
baseline_plus_conditional_all,peptide_disjoint,mse,nonzero,HLA-B*27:20,pearson_log,0.6465548153880628,52,52,False
baseline_plus_conditional_all,peptide_disjoint,mse,nonzero,HLA-B*27:20,auc_gt_2h,0.79375,52,52,False
baseline_plus_conditional_all,peptide_disjoint,mse,nonzero,HLA-B*35:01,spearman,0.5076432963256942,111,111,False
baseline_plus_conditional_all,peptide_disjoint,mse,nonzero,HLA-B*35:01,pearson_log,0.5008573839891086,111,111,False
baseline_plus_conditional_all,peptide_disjoint,mse,nonzero,HLA-B*35:01,auc_gt_2h,0.7847267939433838,111,111,False
baseline_plus_conditional_all,peptide_disjoint,mse,nonzero,HLA-B*35:03,spearman,0.3125297499483883,81,81,False
baseline_plus_conditional_all,peptide_disjoint,mse,nonzero,HLA-B*35:03,pearson_log,0.3108856137873546,81,81,False
baseline_plus_conditional_all,peptide_disjoint,mse,nonzero,HLA-B*35:03,auc_gt_2h,0.6505507955936353,81,81,False
baseline_plus_conditional_all,peptide_disjoint,mse,nonzero,HLA-B*35:08,spearman,0.19999999999999998,5,5,False
baseline_plus_conditional_all,peptide_disjoint,mse,nonzero,HLA-B*35:08,pearson_log,0.4089304234995724,5,5,False
baseline_plus_conditional_all,peptide_disjoint,mse,nonzero,HLA-B*35:08,auc_gt_2h,,5,5,False
baseline_plus_conditional_all,peptide_disjoint,mse,nonzero,HLA-B*39:01,spearman,0.3576225541703925,109,109,False
baseline_plus_conditional_all,peptide_disjoint,mse,nonzero,HLA-B*39:01,pearson_log,0.40492954384716034,109,109,False
baseline_plus_conditional_all,peptide_disjoint,mse,nonzero,HLA-B*39:01,auc_gt_2h,0.7690058479532164,109,109,False
baseline_plus_conditional_all,peptide_disjoint,mse,nonzero,HLA-B*39:02,spearman,0.45419285196528364,53,53,False
baseline_plus_conditional_all,peptide_disjoint,mse,nonzero,HLA-B*39:02,pearson_log,0.42573415180788515,53,53,False
baseline_plus_conditional_all,peptide_disjoint,mse,nonzero,HLA-B*39:02,auc_gt_2h,0.761609907120743,53,53,False
baseline_plus_conditional_all,peptide_disjoint,mse,nonzero,HLA-B*39:06(C67S),spearman,0.7745966692414834,4,4,False
baseline_plus_conditional_all,peptide_disjoint,mse,nonzero,HLA-B*39:06(C67S),pearson_log,0.8256995899783242,4,4,False
baseline_plus_conditional_all,peptide_disjoint,mse,nonzero,HLA-B*39:06(C67S),auc_gt_2h,,4,4,False
baseline_plus_conditional_all,peptide_disjoint,mse,nonzero,HLA-B*39:10,spearman,0.5865479281192267,75,75,False
baseline_plus_conditional_all,peptide_disjoint,mse,nonzero,HLA-B*39:10,pearson_log,0.609807627061416,75,75,False
baseline_plus_conditional_all,peptide_disjoint,mse,nonzero,HLA-B*39:10,auc_gt_2h,0.8168,75,75,False
baseline_plus_conditional_all,peptide_disjoint,mse,nonzero,HLA-B*40:01,spearman,0.527532198240942,56,56,False
baseline_plus_conditional_all,peptide_disjoint,mse,nonzero,HLA-B*40:01,pearson_log,0.5259238163402175,56,56,False
baseline_plus_conditional_all,peptide_disjoint,mse,nonzero,HLA-B*40:01,auc_gt_2h,0.8250728862973761,56,56,False
baseline_plus_conditional_all,peptide_disjoint,mse,nonzero,HLA-B*40:02,spearman,-0.6,5,5,False
baseline_plus_conditional_all,peptide_disjoint,mse,nonzero,HLA-B*40:02,pearson_log,-0.2043155334558672,5,5,False
baseline_plus_conditional_all,peptide_disjoint,mse,nonzero,HLA-B*40:02,auc_gt_2h,0.25,5,5,False
baseline_plus_conditional_all,peptide_disjoint,mse,nonzero,HLA-B*41:01,spearman,0.2567193294342141,28,28,False
baseline_plus_conditional_all,peptide_disjoint,mse,nonzero,HLA-B*41:01,pearson_log,0.40822928425272853,28,28,False
baseline_plus_conditional_all,peptide_disjoint,mse,nonzero,HLA-B*41:01,auc_gt_2h,0.7575757575757576,28,28,False
baseline_plus_conditional_all,peptide_disjoint,mse,nonzero,HLA-B*42:01,spearman,0.6771618034824323,76,76,False
baseline_plus_conditional_all,peptide_disjoint,mse,nonzero,HLA-B*42:01,pearson_log,0.6628990747314129,76,76,False
baseline_plus_conditional_all,peptide_disjoint,mse,nonzero,HLA-B*42:01,auc_gt_2h,0.8841145833333334,76,76,False
baseline_plus_conditional_all,peptide_disjoint,mse,nonzero,HLA-B*42:02,spearman,0.6522753454441149,77,77,False
baseline_plus_conditional_all,peptide_disjoint,mse,nonzero,HLA-B*42:02,pearson_log,0.6500767763545564,77,77,False
baseline_plus_conditional_all,peptide_disjoint,mse,nonzero,HLA-B*42:02,auc_gt_2h,0.8224489795918367,77,77,False
baseline_plus_conditional_all,peptide_disjoint,mse,nonzero,HLA-B*44:05,spearman,0.3256800008643995,66,66,False
baseline_plus_conditional_all,peptide_disjoint,mse,nonzero,HLA-B*44:05,pearson_log,0.3138304819934497,66,66,False
baseline_plus_conditional_all,peptide_disjoint,mse,nonzero,HLA-B*44:05,auc_gt_2h,0.6521739130434783,66,66,False
baseline_plus_conditional_all,peptide_disjoint,mse,nonzero,HLA-B*45:01,spearman,0.38242297504684025,29,29,False
baseline_plus_conditional_all,peptide_disjoint,mse,nonzero,HLA-B*45:01,pearson_log,0.5448368108754331,29,29,False
baseline_plus_conditional_all,peptide_disjoint,mse,nonzero,HLA-B*45:01,auc_gt_2h,0.7898550724637682,29,29,False
baseline_plus_conditional_all,peptide_disjoint,mse,nonzero,HLA-B*46:01,spearman,0.2956389100760884,40,40,False
baseline_plus_conditional_all,peptide_disjoint,mse,nonzero,HLA-B*46:01,pearson_log,0.41097207096240634,40,40,False
baseline_plus_conditional_all,peptide_disjoint,mse,nonzero,HLA-B*46:01,auc_gt_2h,0.6810035842293907,40,40,False
baseline_plus_conditional_all,peptide_disjoint,mse,nonzero,HLA-B*51:01,spearman,0.6063111487550997,46,46,False
baseline_plus_conditional_all,peptide_disjoint,mse,nonzero,HLA-B*51:01,pearson_log,0.6571132453482382,46,46,False
baseline_plus_conditional_all,peptide_disjoint,mse,nonzero,HLA-B*51:01,auc_gt_2h,0.8301075268817204,46,46,False
baseline_plus_conditional_all,peptide_disjoint,mse,nonzero,HLA-B*54:01,spearman,0.6116905187453964,53,53,False
baseline_plus_conditional_all,peptide_disjoint,mse,nonzero,HLA-B*54:01,pearson_log,0.6304539826366483,53,53,False
baseline_plus_conditional_all,peptide_disjoint,mse,nonzero,HLA-B*54:01,auc_gt_2h,0.8075757575757575,53,53,False
baseline_plus_conditional_all,peptide_disjoint,mse,nonzero,HLA-B*55:01,spearman,0.6875956867930413,43,43,False
baseline_plus_conditional_all,peptide_disjoint,mse,nonzero,HLA-B*55:01,pearson_log,0.6738285521935151,43,43,False
baseline_plus_conditional_all,peptide_disjoint,mse,nonzero,HLA-B*55:01,auc_gt_2h,0.7977777777777778,43,43,False
baseline_plus_conditional_all,peptide_disjoint,mse,nonzero,HLA-B*56:01,spearman,0.6057355749918971,45,45,False
baseline_plus_conditional_all,peptide_disjoint,mse,nonzero,HLA-B*56:01,pearson_log,0.6921340150521296,45,45,False
baseline_plus_conditional_all,peptide_disjoint,mse,nonzero,HLA-B*56:01,auc_gt_2h,0.9065656565656566,45,45,False
baseline_plus_conditional_all,peptide_disjoint,mse,nonzero,HLA-B*57:01,spearman,0.6458491216530284,55,55,False
baseline_plus_conditional_all,peptide_disjoint,mse,nonzero,HLA-B*57:01,pearson_log,0.6130805836562924,55,55,False
baseline_plus_conditional_all,peptide_disjoint,mse,nonzero,HLA-B*57:01,auc_gt_2h,0.8058510638297873,55,55,False
baseline_plus_conditional_all,peptide_disjoint,mse,nonzero,HLA-B*57:02,spearman,0.47876687271168833,63,63,False
baseline_plus_conditional_all,peptide_disjoint,mse,nonzero,HLA-B*57:02,pearson_log,0.4838814659786859,63,63,False
baseline_plus_conditional_all,peptide_disjoint,mse,nonzero,HLA-B*57:02,auc_gt_2h,0.6997607655502392,63,63,False
baseline_plus_conditional_all,peptide_disjoint,mse,nonzero,HLA-B*57:03,spearman,0.7337984044976328,70,70,False
baseline_plus_conditional_all,peptide_disjoint,mse,nonzero,HLA-B*57:03,pearson_log,0.7410847359516565,70,70,False
baseline_plus_conditional_all,peptide_disjoint,mse,nonzero,HLA-B*57:03,auc_gt_2h,0.8790233074361821,70,70,False
baseline_plus_conditional_all,peptide_disjoint,mse,nonzero,HLA-B*58:01,spearman,0.6964980813756583,60,60,False
baseline_plus_conditional_all,peptide_disjoint,mse,nonzero,HLA-B*58:01,pearson_log,0.6657550335174651,60,60,False
baseline_plus_conditional_all,peptide_disjoint,mse,nonzero,HLA-B*58:01,auc_gt_2h,0.8090277777777778,60,60,False
baseline_plus_conditional_all,peptide_disjoint,mse,nonzero,HLA-B*81:01,spearman,0.527676512595211,65,65,False
baseline_plus_conditional_all,peptide_disjoint,mse,nonzero,HLA-B*81:01,pearson_log,0.4482911326211653,65,65,False
baseline_plus_conditional_all,peptide_disjoint,mse,nonzero,HLA-B*81:01,auc_gt_2h,0.5409836065573771,65,65,False
baseline_plus_conditional_all,random,mse,all,HLA-A*01:01,spearman,0.2520725342161087,44,44,False
baseline_plus_conditional_all,random,mse,all,HLA-A*01:01,pearson_log,0.2816814088091668,44,44,False
baseline_plus_conditional_all,random,mse,all,HLA-A*01:01,auc_gt_2h,0.7342047930283224,44,44,False
baseline_plus_conditional_all,random,mse,all,HLA-A*02:01,spearman,0.6206914638339591,205,205,False
baseline_plus_conditional_all,random,mse,all,HLA-A*02:01,pearson_log,0.6423901041570024,205,205,False
baseline_plus_conditional_all,random,mse,all,HLA-A*02:01,auc_gt_2h,0.8526470588235293,205,205,False
baseline_plus_conditional_all,random,mse,all,HLA-A*02:03,spearman,0.6332064237864312,76,76,False
baseline_plus_conditional_all,random,mse,all,HLA-A*02:03,pearson_log,0.5883750933082644,76,76,False
baseline_plus_conditional_all,random,mse,all,HLA-A*02:03,auc_gt_2h,0.8399999999999999,76,76,False
baseline_plus_conditional_all,random,mse,all,HLA-A*02:05,spearman,0.7999999999999999,4,4,False
baseline_plus_conditional_all,random,mse,all,HLA-A*02:05,pearson_log,0.7494276407647639,4,4,False
baseline_plus_conditional_all,random,mse,all,HLA-A*02:05,auc_gt_2h,0.75,4,4,False
baseline_plus_conditional_all,random,mse,all,HLA-A*02:10,spearman,0.35658460774382317,74,74,False
baseline_plus_conditional_all,random,mse,all,HLA-A*02:10,pearson_log,0.3335893245187728,74,74,False
baseline_plus_conditional_all,random,mse,all,HLA-A*02:10,auc_gt_2h,0.7205882352941176,74,74,False
baseline_plus_conditional_all,random,mse,all,HLA-A*02:11,spearman,0.3516826058839008,76,76,False
baseline_plus_conditional_all,random,mse,all,HLA-A*02:11,pearson_log,0.34830038491393,76,76,False
baseline_plus_conditional_all,random,mse,all,HLA-A*02:11,auc_gt_2h,0.7090909090909091,76,76,False
baseline_plus_conditional_all,random,mse,all,HLA-A*02:12,spearman,0.6514018302056943,74,74,False
baseline_plus_conditional_all,random,mse,all,HLA-A*02:12,pearson_log,0.6223788342432268,74,74,False
baseline_plus_conditional_all,random,mse,all,HLA-A*02:12,auc_gt_2h,0.855952380952381,74,74,False
baseline_plus_conditional_all,random,mse,all,HLA-A*02:16,spearman,0.6571113598594349,75,75,False
baseline_plus_conditional_all,random,mse,all,HLA-A*02:16,pearson_log,0.6558380263654786,75,75,False
baseline_plus_conditional_all,random,mse,all,HLA-A*02:16,auc_gt_2h,0.8622222222222222,75,75,False
baseline_plus_conditional_all,random,mse,all,HLA-A*02:19,spearman,0.5753215674857899,71,71,False
baseline_plus_conditional_all,random,mse,all,HLA-A*02:19,pearson_log,0.5953953130343774,71,71,False
baseline_plus_conditional_all,random,mse,all,HLA-A*02:19,auc_gt_2h,0.7581196581196581,71,71,False
baseline_plus_conditional_all,random,mse,all,HLA-A*02:50,spearman,0.6459634414235228,75,75,False
baseline_plus_conditional_all,random,mse,all,HLA-A*02:50,pearson_log,0.648257101639435,75,75,False
baseline_plus_conditional_all,random,mse,all,HLA-A*02:50,auc_gt_2h,0.911111111111111,75,75,False
baseline_plus_conditional_all,random,mse,all,HLA-A*03:01,spearman,0.6626054341694739,172,172,False
baseline_plus_conditional_all,random,mse,all,HLA-A*03:01,pearson_log,0.6506299904095343,172,172,False
baseline_plus_conditional_all,random,mse,all,HLA-A*03:01,auc_gt_2h,0.8168003376952301,172,172,False
baseline_plus_conditional_all,random,mse,all,HLA-A*11:01,spearman,0.7390893669591532,116,116,False
baseline_plus_conditional_all,random,mse,all,HLA-A*11:01,pearson_log,0.7343098272655217,116,116,False
baseline_plus_conditional_all,random,mse,all,HLA-A*11:01,auc_gt_2h,0.8708898944193062,116,116,False
baseline_plus_conditional_all,random,mse,all,HLA-A*23:01,spearman,0.7048637784936929,74,74,False
baseline_plus_conditional_all,random,mse,all,HLA-A*23:01,pearson_log,0.6828310762496219,74,74,False
baseline_plus_conditional_all,random,mse,all,HLA-A*23:01,auc_gt_2h,0.8734472049689441,74,74,False
baseline_plus_conditional_all,random,mse,all,HLA-A*24:02,spearman,0.669720633009625,115,115,False
baseline_plus_conditional_all,random,mse,all,HLA-A*24:02,pearson_log,0.7070519463138866,115,115,False
baseline_plus_conditional_all,random,mse,all,HLA-A*24:02,auc_gt_2h,0.8345454545454546,115,115,False
baseline_plus_conditional_all,random,mse,all,HLA-A*24:03,spearman,0.5466738759723159,102,102,False
baseline_plus_conditional_all,random,mse,all,HLA-A*24:03,pearson_log,0.5432462451430581,102,102,False
baseline_plus_conditional_all,random,mse,all,HLA-A*24:03,auc_gt_2h,0.7472570532915359,102,102,False
baseline_plus_conditional_all,random,mse,all,HLA-A*24:07,spearman,0.7056367145997622,70,70,False
baseline_plus_conditional_all,random,mse,all,HLA-A*24:07,pearson_log,0.7189564645749836,70,70,False
baseline_plus_conditional_all,random,mse,all,HLA-A*24:07,auc_gt_2h,0.8775510204081632,70,70,False
baseline_plus_conditional_all,random,mse,all,HLA-A*24:19,spearman,0.2869812565233904,76,76,False
baseline_plus_conditional_all,random,mse,all,HLA-A*24:19,pearson_log,0.23122109859518444,76,76,False
baseline_plus_conditional_all,random,mse,all,HLA-A*24:19,auc_gt_2h,0.6112676056338028,76,76,False
baseline_plus_conditional_all,random,mse,all,HLA-A*25:01,spearman,0.23183459006446427,73,73,False
baseline_plus_conditional_all,random,mse,all,HLA-A*25:01,pearson_log,0.1932942116743643,73,73,False
baseline_plus_conditional_all,random,mse,all,HLA-A*25:01,auc_gt_2h,0.6267056530214424,73,73,False
baseline_plus_conditional_all,random,mse,all,HLA-A*26:01,spearman,0.5829939155215079,54,54,False
baseline_plus_conditional_all,random,mse,all,HLA-A*26:01,pearson_log,0.5976160893534516,54,54,False
baseline_plus_conditional_all,random,mse,all,HLA-A*26:01,auc_gt_2h,0.7710651828298887,54,54,False
baseline_plus_conditional_all,random,mse,all,HLA-A*26:02,spearman,0.44968731512046783,69,69,False
baseline_plus_conditional_all,random,mse,all,HLA-A*26:02,pearson_log,0.5133831072570031,69,69,False
baseline_plus_conditional_all,random,mse,all,HLA-A*26:02,auc_gt_2h,0.7886904761904763,69,69,False
baseline_plus_conditional_all,random,mse,all,HLA-A*26:03,spearman,0.6470684225626102,68,68,False
baseline_plus_conditional_all,random,mse,all,HLA-A*26:03,pearson_log,0.6221860936279757,68,68,False
baseline_plus_conditional_all,random,mse,all,HLA-A*26:03,auc_gt_2h,0.8255555555555556,68,68,False
baseline_plus_conditional_all,random,mse,all,HLA-A*29:02,spearman,0.42023520991943897,77,77,False
baseline_plus_conditional_all,random,mse,all,HLA-A*29:02,pearson_log,0.4428242477463472,77,77,False
baseline_plus_conditional_all,random,mse,all,HLA-A*29:02,auc_gt_2h,0.6942148760330579,77,77,False
baseline_plus_conditional_all,random,mse,all,HLA-A*30:01,spearman,0.38264334538362793,77,77,False
baseline_plus_conditional_all,random,mse,all,HLA-A*30:01,pearson_log,0.36047381239269516,77,77,False
baseline_plus_conditional_all,random,mse,all,HLA-A*30:01,auc_gt_2h,0.6454545454545455,77,77,False
baseline_plus_conditional_all,random,mse,all,HLA-A*30:02,spearman,0.3750407985818645,73,73,False
baseline_plus_conditional_all,random,mse,all,HLA-A*30:02,pearson_log,0.41569806461471825,73,73,False
baseline_plus_conditional_all,random,mse,all,HLA-A*30:02,auc_gt_2h,0.7042124542124543,73,73,False
baseline_plus_conditional_all,random,mse,all,HLA-A*31:01,spearman,0.4104419111183057,76,76,False
baseline_plus_conditional_all,random,mse,all,HLA-A*31:01,pearson_log,0.42003913872312326,76,76,False
baseline_plus_conditional_all,random,mse,all,HLA-A*31:01,auc_gt_2h,0.6774193548387096,76,76,False
baseline_plus_conditional_all,random,mse,all,HLA-A*32:01,spearman,0.6571428571428573,6,6,False
baseline_plus_conditional_all,random,mse,all,HLA-A*32:01,pearson_log,0.6499683502531679,6,6,False
baseline_plus_conditional_all,random,mse,all,HLA-A*32:01,auc_gt_2h,1.0,6,6,False
baseline_plus_conditional_all,random,mse,all,HLA-A*32:07,spearman,0.6922903868726743,73,73,False
baseline_plus_conditional_all,random,mse,all,HLA-A*32:07,pearson_log,0.7058399600878724,73,73,False
baseline_plus_conditional_all,random,mse,all,HLA-A*32:07,auc_gt_2h,0.8928571428571428,73,73,False
baseline_plus_conditional_all,random,mse,all,HLA-A*33:03,spearman,0.49493944394907496,74,74,False
baseline_plus_conditional_all,random,mse,all,HLA-A*33:03,pearson_log,0.5103111257969322,74,74,False
baseline_plus_conditional_all,random,mse,all,HLA-A*33:03,auc_gt_2h,0.7910839160839161,74,74,False
baseline_plus_conditional_all,random,mse,all,HLA-A*43:01,spearman,0.25350558046538696,72,72,False
baseline_plus_conditional_all,random,mse,all,HLA-A*43:01,pearson_log,0.21730601027527266,72,72,False
baseline_plus_conditional_all,random,mse,all,HLA-A*43:01,auc_gt_2h,0.650390625,72,72,False
baseline_plus_conditional_all,random,mse,all,HLA-A*66:01,spearman,0.23658953356749343,76,76,False
baseline_plus_conditional_all,random,mse,all,HLA-A*66:01,pearson_log,0.35635687570512076,76,76,False
baseline_plus_conditional_all,random,mse,all,HLA-A*66:01,auc_gt_2h,0.6293995859213252,76,76,False
baseline_plus_conditional_all,random,mse,all,HLA-A*68:01,spearman,0.5739516141397858,77,77,False
baseline_plus_conditional_all,random,mse,all,HLA-A*68:01,pearson_log,0.5666905318695427,77,77,False
baseline_plus_conditional_all,random,mse,all,HLA-A*68:01,auc_gt_2h,0.7981049562682215,77,77,False
baseline_plus_conditional_all,random,mse,all,HLA-A*68:02,spearman,-0.5,3,3,False
baseline_plus_conditional_all,random,mse,all,HLA-A*68:02,pearson_log,-0.8437817183777244,3,3,False
baseline_plus_conditional_all,random,mse,all,HLA-A*68:02,auc_gt_2h,,3,3,False
baseline_plus_conditional_all,random,mse,all,HLA-A*68:23,spearman,0.15821876766696713,74,74,False
baseline_plus_conditional_all,random,mse,all,HLA-A*68:23,pearson_log,0.16736045582729087,74,74,False
baseline_plus_conditional_all,random,mse,all,HLA-A*68:23,auc_gt_2h,0.6595238095238096,74,74,False
baseline_plus_conditional_all,random,mse,all,HLA-A*69:01,spearman,0.0,3,3,False
baseline_plus_conditional_all,random,mse,all,HLA-A*69:01,pearson_log,0.3462720440425334,3,3,False
baseline_plus_conditional_all,random,mse,all,HLA-A*69:01,auc_gt_2h,,3,3,False
baseline_plus_conditional_all,random,mse,all,HLA-A*74:01,spearman,0.4917936475474114,72,72,False
baseline_plus_conditional_all,random,mse,all,HLA-A*74:01,pearson_log,0.4790926407350834,72,72,False
baseline_plus_conditional_all,random,mse,all,HLA-A*74:01,auc_gt_2h,0.7484567901234568,72,72,False
baseline_plus_conditional_all,random,mse,all,HLA-A*80:01,spearman,0.41576395746625067,70,70,False
baseline_plus_conditional_all,random,mse,all,HLA-A*80:01,pearson_log,0.4723977413028824,70,70,False
baseline_plus_conditional_all,random,mse,all,HLA-A*80:01,auc_gt_2h,0.945273631840796,70,70,False
baseline_plus_conditional_all,random,mse,all,HLA-B*07:02,spearman,0.5632091566435177,130,130,False
baseline_plus_conditional_all,random,mse,all,HLA-B*07:02,pearson_log,0.5506874235055139,130,130,False
baseline_plus_conditional_all,random,mse,all,HLA-B*07:02,auc_gt_2h,0.771,130,130,False
baseline_plus_conditional_all,random,mse,all,HLA-B*08:01,spearman,0.41306310042449507,93,93,False
baseline_plus_conditional_all,random,mse,all,HLA-B*08:01,pearson_log,0.41781171851010956,93,93,False
baseline_plus_conditional_all,random,mse,all,HLA-B*08:01,auc_gt_2h,0.9065934065934065,93,93,False
baseline_plus_conditional_all,random,mse,all,HLA-B*08:03,spearman,0.3381339994895508,70,70,False
baseline_plus_conditional_all,random,mse,all,HLA-B*08:03,pearson_log,0.3473433480106945,70,70,False
baseline_plus_conditional_all,random,mse,all,HLA-B*08:03,auc_gt_2h,0.7604166666666666,70,70,False
baseline_plus_conditional_all,random,mse,all,HLA-B*13:02,spearman,,1,1,True
baseline_plus_conditional_all,random,mse,all,HLA-B*13:02,pearson_log,,1,1,True
baseline_plus_conditional_all,random,mse,all,HLA-B*13:02,auc_gt_2h,,1,1,True
baseline_plus_conditional_all,random,mse,all,HLA-B*14:01(C67S),spearman,0.19336862217594863,75,75,False
baseline_plus_conditional_all,random,mse,all,HLA-B*14:01(C67S),pearson_log,0.2369420295571455,75,75,False
baseline_plus_conditional_all,random,mse,all,HLA-B*14:01(C67S),auc_gt_2h,,75,75,False
baseline_plus_conditional_all,random,mse,all,HLA-B*14:02(C67S),spearman,0.4065150166926569,76,76,False
baseline_plus_conditional_all,random,mse,all,HLA-B*14:02(C67S),pearson_log,0.40799130911799486,76,76,False
baseline_plus_conditional_all,random,mse,all,HLA-B*14:02(C67S),auc_gt_2h,0.7785714285714286,76,76,False
baseline_plus_conditional_all,random,mse,all,HLA-B*15:01,spearman,0.46857732726428447,214,214,False
baseline_plus_conditional_all,random,mse,all,HLA-B*15:01,pearson_log,0.49924256646217546,214,214,False
baseline_plus_conditional_all,random,mse,all,HLA-B*15:01,auc_gt_2h,0.8048557031607879,214,214,False
baseline_plus_conditional_all,random,mse,all,HLA-B*15:02,spearman,0.5399508453683244,70,70,False
baseline_plus_conditional_all,random,mse,all,HLA-B*15:02,pearson_log,0.5290824132931696,70,70,False
baseline_plus_conditional_all,random,mse,all,HLA-B*15:02,auc_gt_2h,0.7004444444444444,70,70,False
baseline_plus_conditional_all,random,mse,all,HLA-B*15:10,spearman,0.5219116437982719,73,73,False
baseline_plus_conditional_all,random,mse,all,HLA-B*15:10,pearson_log,0.5027662564156031,73,73,False
baseline_plus_conditional_all,random,mse,all,HLA-B*15:10,auc_gt_2h,0.7288461538461538,73,73,False
baseline_plus_conditional_all,random,mse,all,HLA-B*15:17,spearman,0.12339251469298683,72,72,False
baseline_plus_conditional_all,random,mse,all,HLA-B*15:17,pearson_log,0.11488971674660273,72,72,False
baseline_plus_conditional_all,random,mse,all,HLA-B*15:17,auc_gt_2h,0.4837027379400261,72,72,False
baseline_plus_conditional_all,random,mse,all,HLA-B*18:01,spearman,0.28347782252881415,72,72,False
baseline_plus_conditional_all,random,mse,all,HLA-B*18:01,pearson_log,0.32374667978738025,72,72,False
baseline_plus_conditional_all,random,mse,all,HLA-B*18:01,auc_gt_2h,0.6396538158929976,72,72,False
baseline_plus_conditional_all,random,mse,all,HLA-B*27:02,spearman,0.8037672149129376,72,72,False
baseline_plus_conditional_all,random,mse,all,HLA-B*27:02,pearson_log,0.7683512231276035,72,72,False
baseline_plus_conditional_all,random,mse,all,HLA-B*27:02,auc_gt_2h,0.9388544891640866,72,72,False
baseline_plus_conditional_all,random,mse,all,HLA-B*27:03,spearman,0.7100161891955578,74,74,False
baseline_plus_conditional_all,random,mse,all,HLA-B*27:03,pearson_log,0.719058320458942,74,74,False
baseline_plus_conditional_all,random,mse,all,HLA-B*27:03,auc_gt_2h,0.8707643814026793,74,74,False
baseline_plus_conditional_all,random,mse,all,HLA-B*27:05,spearman,0.538012216055765,73,73,False
baseline_plus_conditional_all,random,mse,all,HLA-B*27:05,pearson_log,0.5337866443940629,73,73,False
baseline_plus_conditional_all,random,mse,all,HLA-B*27:05,auc_gt_2h,0.6947278911564626,73,73,False
baseline_plus_conditional_all,random,mse,all,HLA-B*27:20,spearman,0.7242840325702455,74,74,False
baseline_plus_conditional_all,random,mse,all,HLA-B*27:20,pearson_log,0.7240439896973672,74,74,False
baseline_plus_conditional_all,random,mse,all,HLA-B*27:20,auc_gt_2h,0.8442460317460316,74,74,False
baseline_plus_conditional_all,random,mse,all,HLA-B*35:01,spearman,0.4849518069303723,130,130,False
baseline_plus_conditional_all,random,mse,all,HLA-B*35:01,pearson_log,0.4772763655701383,130,130,False
baseline_plus_conditional_all,random,mse,all,HLA-B*35:01,auc_gt_2h,0.7549620191129626,130,130,False
baseline_plus_conditional_all,random,mse,all,HLA-B*35:03,spearman,0.4572870512836845,75,75,False
baseline_plus_conditional_all,random,mse,all,HLA-B*35:03,pearson_log,0.4988542017603564,75,75,False
baseline_plus_conditional_all,random,mse,all,HLA-B*35:03,auc_gt_2h,0.7223837209302326,75,75,False
baseline_plus_conditional_all,random,mse,all,HLA-B*35:08,spearman,0.8999999999999998,5,5,False
baseline_plus_conditional_all,random,mse,all,HLA-B*35:08,pearson_log,0.8186147376078234,5,5,False
baseline_plus_conditional_all,random,mse,all,HLA-B*35:08,auc_gt_2h,1.0,5,5,False
baseline_plus_conditional_all,random,mse,all,HLA-B*39:01,spearman,0.46845035919199524,136,136,False
baseline_plus_conditional_all,random,mse,all,HLA-B*39:01,pearson_log,0.5116163118086366,136,136,False
baseline_plus_conditional_all,random,mse,all,HLA-B*39:01,auc_gt_2h,0.8241631396691035,136,136,False
baseline_plus_conditional_all,random,mse,all,HLA-B*39:02,spearman,0.304037640671298,75,75,False
baseline_plus_conditional_all,random,mse,all,HLA-B*39:02,pearson_log,0.2846667402055431,75,75,False
baseline_plus_conditional_all,random,mse,all,HLA-B*39:02,auc_gt_2h,0.7145061728395061,75,75,False
baseline_plus_conditional_all,random,mse,all,HLA-B*39:06(C67S),spearman,0.3758790273993316,76,76,False
baseline_plus_conditional_all,random,mse,all,HLA-B*39:06(C67S),pearson_log,0.5470928530687367,76,76,False
baseline_plus_conditional_all,random,mse,all,HLA-B*39:06(C67S),auc_gt_2h,0.9866666666666667,76,76,False
baseline_plus_conditional_all,random,mse,all,HLA-B*39:10,spearman,0.4920579318677337,75,75,False
baseline_plus_conditional_all,random,mse,all,HLA-B*39:10,pearson_log,0.6384698886016487,75,75,False
baseline_plus_conditional_all,random,mse,all,HLA-B*39:10,auc_gt_2h,0.7226443768996961,75,75,False
baseline_plus_conditional_all,random,mse,all,HLA-B*40:01,spearman,0.055441985667093255,60,60,False
baseline_plus_conditional_all,random,mse,all,HLA-B*40:01,pearson_log,0.20315277919183125,60,60,False
baseline_plus_conditional_all,random,mse,all,HLA-B*40:01,auc_gt_2h,0.5672727272727273,60,60,False
baseline_plus_conditional_all,random,mse,all,HLA-B*40:02,spearman,0.39999999999999997,4,4,False
baseline_plus_conditional_all,random,mse,all,HLA-B*40:02,pearson_log,0.2266355290253969,4,4,False
baseline_plus_conditional_all,random,mse,all,HLA-B*40:02,auc_gt_2h,0.3333333333333333,4,4,False
baseline_plus_conditional_all,random,mse,all,HLA-B*41:01,spearman,0.5001372935177548,74,74,False
baseline_plus_conditional_all,random,mse,all,HLA-B*41:01,pearson_log,0.5858897671939794,74,74,False
baseline_plus_conditional_all,random,mse,all,HLA-B*41:01,auc_gt_2h,0.9357142857142857,74,74,False
baseline_plus_conditional_all,random,mse,all,HLA-B*42:01,spearman,0.6502471730174991,70,70,False
baseline_plus_conditional_all,random,mse,all,HLA-B*42:01,pearson_log,0.6074158051617002,70,70,False
baseline_plus_conditional_all,random,mse,all,HLA-B*42:01,auc_gt_2h,0.8251366120218578,70,70,False
baseline_plus_conditional_all,random,mse,all,HLA-B*42:02,spearman,0.7265624418394515,75,75,False
baseline_plus_conditional_all,random,mse,all,HLA-B*42:02,pearson_log,0.6664612995824101,75,75,False
baseline_plus_conditional_all,random,mse,all,HLA-B*42:02,auc_gt_2h,0.8770370370370371,75,75,False
baseline_plus_conditional_all,random,mse,all,HLA-B*44:05,spearman,0.48236816395725857,70,70,False
baseline_plus_conditional_all,random,mse,all,HLA-B*44:05,pearson_log,0.5290985153442279,70,70,False
baseline_plus_conditional_all,random,mse,all,HLA-B*44:05,auc_gt_2h,0.7064760302775441,70,70,False
baseline_plus_conditional_all,random,mse,all,HLA-B*45:01,spearman,0.44307771239162413,74,74,False
baseline_plus_conditional_all,random,mse,all,HLA-B*45:01,pearson_log,0.5376558814103544,74,74,False
baseline_plus_conditional_all,random,mse,all,HLA-B*45:01,auc_gt_2h,0.7689393939393939,74,74,False
baseline_plus_conditional_all,random,mse,all,HLA-B*46:01,spearman,0.0779085775601397,72,72,False
baseline_plus_conditional_all,random,mse,all,HLA-B*46:01,pearson_log,0.09834865647592296,72,72,False
baseline_plus_conditional_all,random,mse,all,HLA-B*46:01,auc_gt_2h,0.6236111111111111,72,72,False
baseline_plus_conditional_all,random,mse,all,HLA-B*51:01,spearman,0.683338455309257,71,71,False
baseline_plus_conditional_all,random,mse,all,HLA-B*51:01,pearson_log,0.7030552181860976,71,71,False
baseline_plus_conditional_all,random,mse,all,HLA-B*51:01,auc_gt_2h,0.9152380952380952,71,71,False
baseline_plus_conditional_all,random,mse,all,HLA-B*54:01,spearman,0.7072766897674357,71,71,False
baseline_plus_conditional_all,random,mse,all,HLA-B*54:01,pearson_log,0.7335408333207919,71,71,False
baseline_plus_conditional_all,random,mse,all,HLA-B*54:01,auc_gt_2h,0.8930817610062892,71,71,False
baseline_plus_conditional_all,random,mse,all,HLA-B*55:01,spearman,0.6512744163086817,76,76,False
baseline_plus_conditional_all,random,mse,all,HLA-B*55:01,pearson_log,0.6906705540543188,76,76,False
baseline_plus_conditional_all,random,mse,all,HLA-B*55:01,auc_gt_2h,0.8696969696969696,76,76,False
baseline_plus_conditional_all,random,mse,all,HLA-B*56:01,spearman,0.7087447059327907,74,74,False
baseline_plus_conditional_all,random,mse,all,HLA-B*56:01,pearson_log,0.7340369824130542,74,74,False
baseline_plus_conditional_all,random,mse,all,HLA-B*56:01,auc_gt_2h,0.9117276166456494,74,74,False
baseline_plus_conditional_all,random,mse,all,HLA-B*57:01,spearman,0.7069768512180077,70,70,False
baseline_plus_conditional_all,random,mse,all,HLA-B*57:01,pearson_log,0.5491814710116634,70,70,False
baseline_plus_conditional_all,random,mse,all,HLA-B*57:01,auc_gt_2h,0.8750000000000001,70,70,False
baseline_plus_conditional_all,random,mse,all,HLA-B*57:02,spearman,0.4684010982753412,73,73,False
baseline_plus_conditional_all,random,mse,all,HLA-B*57:02,pearson_log,0.4829056765961341,73,73,False
baseline_plus_conditional_all,random,mse,all,HLA-B*57:02,auc_gt_2h,0.7400914634146342,73,73,False
baseline_plus_conditional_all,random,mse,all,HLA-B*57:03,spearman,0.4006548186709557,74,74,False
baseline_plus_conditional_all,random,mse,all,HLA-B*57:03,pearson_log,0.35481625573904196,74,74,False
baseline_plus_conditional_all,random,mse,all,HLA-B*57:03,auc_gt_2h,0.7477931904161412,74,74,False
baseline_plus_conditional_all,random,mse,all,HLA-B*58:01,spearman,0.5797338174903904,76,76,False
baseline_plus_conditional_all,random,mse,all,HLA-B*58:01,pearson_log,0.5196457546028648,76,76,False
baseline_plus_conditional_all,random,mse,all,HLA-B*58:01,auc_gt_2h,0.7997198879551821,76,76,False
baseline_plus_conditional_all,random,mse,all,HLA-B*81:01,spearman,0.4955836684933997,73,73,False
baseline_plus_conditional_all,random,mse,all,HLA-B*81:01,pearson_log,0.4641551574354228,73,73,False
baseline_plus_conditional_all,random,mse,all,HLA-B*81:01,auc_gt_2h,0.6753246753246753,73,73,False
baseline_plus_conditional_all,random,mse,nonzero,HLA-A*01:01,spearman,0.22732452334923917,42,42,False
baseline_plus_conditional_all,random,mse,nonzero,HLA-A*01:01,pearson_log,0.26210336639396875,42,42,False
baseline_plus_conditional_all,random,mse,nonzero,HLA-A*01:01,auc_gt_2h,0.7247058823529412,42,42,False
baseline_plus_conditional_all,random,mse,nonzero,HLA-A*02:01,spearman,0.6156200186057161,204,204,False
baseline_plus_conditional_all,random,mse,nonzero,HLA-A*02:01,pearson_log,0.6335981118863572,204,204,False
baseline_plus_conditional_all,random,mse,nonzero,HLA-A*02:01,auc_gt_2h,0.8509920634920636,204,204,False
baseline_plus_conditional_all,random,mse,nonzero,HLA-A*02:03,spearman,0.6199043428069334,72,72,False
baseline_plus_conditional_all,random,mse,nonzero,HLA-A*02:03,pearson_log,0.6017205152990852,72,72,False
baseline_plus_conditional_all,random,mse,nonzero,HLA-A*02:03,auc_gt_2h,0.8356676003734826,72,72,False
baseline_plus_conditional_all,random,mse,nonzero,HLA-A*02:05,spearman,0.7999999999999999,4,4,False
baseline_plus_conditional_all,random,mse,nonzero,HLA-A*02:05,pearson_log,0.7494276407647639,4,4,False
baseline_plus_conditional_all,random,mse,nonzero,HLA-A*02:05,auc_gt_2h,0.75,4,4,False
baseline_plus_conditional_all,random,mse,nonzero,HLA-A*02:10,spearman,0.4327861919035645,71,71,False
baseline_plus_conditional_all,random,mse,nonzero,HLA-A*02:10,pearson_log,0.4316590719158723,71,71,False
baseline_plus_conditional_all,random,mse,nonzero,HLA-A*02:10,auc_gt_2h,0.7432432432432432,71,71,False
baseline_plus_conditional_all,random,mse,nonzero,HLA-A*02:11,spearman,0.3516826058839008,76,76,False
baseline_plus_conditional_all,random,mse,nonzero,HLA-A*02:11,pearson_log,0.34830038491393,76,76,False
baseline_plus_conditional_all,random,mse,nonzero,HLA-A*02:11,auc_gt_2h,0.7090909090909091,76,76,False
baseline_plus_conditional_all,random,mse,nonzero,HLA-A*02:12,spearman,0.6514018302056943,74,74,False
baseline_plus_conditional_all,random,mse,nonzero,HLA-A*02:12,pearson_log,0.6223788342432268,74,74,False
baseline_plus_conditional_all,random,mse,nonzero,HLA-A*02:12,auc_gt_2h,0.855952380952381,74,74,False
baseline_plus_conditional_all,random,mse,nonzero,HLA-A*02:16,spearman,0.6431517794336349,74,74,False
baseline_plus_conditional_all,random,mse,nonzero,HLA-A*02:16,pearson_log,0.620778531663602,74,74,False
baseline_plus_conditional_all,random,mse,nonzero,HLA-A*02:16,auc_gt_2h,0.8523809523809524,74,74,False
baseline_plus_conditional_all,random,mse,nonzero,HLA-A*02:19,spearman,0.5653064151583469,70,70,False
baseline_plus_conditional_all,random,mse,nonzero,HLA-A*02:19,pearson_log,0.5918573837775929,70,70,False
baseline_plus_conditional_all,random,mse,nonzero,HLA-A*02:19,auc_gt_2h,0.752,70,70,False
baseline_plus_conditional_all,random,mse,nonzero,HLA-A*02:50,spearman,0.6459634414235228,75,75,False
baseline_plus_conditional_all,random,mse,nonzero,HLA-A*02:50,pearson_log,0.648257101639435,75,75,False
baseline_plus_conditional_all,random,mse,nonzero,HLA-A*02:50,auc_gt_2h,0.911111111111111,75,75,False
baseline_plus_conditional_all,random,mse,nonzero,HLA-A*03:01,spearman,0.5419062450842097,136,136,False
baseline_plus_conditional_all,random,mse,nonzero,HLA-A*03:01,pearson_log,0.5362252238572787,136,136,False
baseline_plus_conditional_all,random,mse,nonzero,HLA-A*03:01,auc_gt_2h,0.7579493835171967,136,136,False
baseline_plus_conditional_all,random,mse,nonzero,HLA-A*11:01,spearman,0.7208498631402059,111,111,False
baseline_plus_conditional_all,random,mse,nonzero,HLA-A*11:01,pearson_log,0.7248161062036201,111,111,False
baseline_plus_conditional_all,random,mse,nonzero,HLA-A*11:01,auc_gt_2h,0.8605351170568561,111,111,False
baseline_plus_conditional_all,random,mse,nonzero,HLA-A*23:01,spearman,0.7048637784936929,74,74,False
baseline_plus_conditional_all,random,mse,nonzero,HLA-A*23:01,pearson_log,0.6828310762496219,74,74,False
baseline_plus_conditional_all,random,mse,nonzero,HLA-A*23:01,auc_gt_2h,0.8734472049689441,74,74,False
baseline_plus_conditional_all,random,mse,nonzero,HLA-A*24:02,spearman,0.669720633009625,115,115,False
baseline_plus_conditional_all,random,mse,nonzero,HLA-A*24:02,pearson_log,0.7070519463138866,115,115,False
baseline_plus_conditional_all,random,mse,nonzero,HLA-A*24:02,auc_gt_2h,0.8345454545454546,115,115,False
baseline_plus_conditional_all,random,mse,nonzero,HLA-A*24:03,spearman,0.5466738759723159,102,102,False
baseline_plus_conditional_all,random,mse,nonzero,HLA-A*24:03,pearson_log,0.5432462451430581,102,102,False
baseline_plus_conditional_all,random,mse,nonzero,HLA-A*24:03,auc_gt_2h,0.7472570532915359,102,102,False
baseline_plus_conditional_all,random,mse,nonzero,HLA-A*24:07,spearman,0.6880553634767242,68,68,False
baseline_plus_conditional_all,random,mse,nonzero,HLA-A*24:07,pearson_log,0.7137276184270522,68,68,False
baseline_plus_conditional_all,random,mse,nonzero,HLA-A*24:07,auc_gt_2h,0.8714285714285714,68,68,False
baseline_plus_conditional_all,random,mse,nonzero,HLA-A*24:19,spearman,0.32882683272321966,57,57,False
baseline_plus_conditional_all,random,mse,nonzero,HLA-A*24:19,pearson_log,0.23924755998595498,57,57,False
baseline_plus_conditional_all,random,mse,nonzero,HLA-A*24:19,auc_gt_2h,0.6038461538461537,57,57,False
baseline_plus_conditional_all,random,mse,nonzero,HLA-A*25:01,spearman,0.1606012515747765,55,55,False
baseline_plus_conditional_all,random,mse,nonzero,HLA-A*25:01,pearson_log,0.12856959520065586,55,55,False
baseline_plus_conditional_all,random,mse,nonzero,HLA-A*25:01,auc_gt_2h,0.5921052631578947,55,55,False
baseline_plus_conditional_all,random,mse,nonzero,HLA-A*26:01,spearman,0.5472786867608591,52,52,False
baseline_plus_conditional_all,random,mse,nonzero,HLA-A*26:01,pearson_log,0.5691168766835285,52,52,False
baseline_plus_conditional_all,random,mse,nonzero,HLA-A*26:01,auc_gt_2h,0.7613445378151261,52,52,False
baseline_plus_conditional_all,random,mse,nonzero,HLA-A*26:02,spearman,0.43234847244183056,60,60,False
baseline_plus_conditional_all,random,mse,nonzero,HLA-A*26:02,pearson_log,0.52539609917706,60,60,False
baseline_plus_conditional_all,random,mse,nonzero,HLA-A*26:02,auc_gt_2h,0.778998778998779,60,60,False
baseline_plus_conditional_all,random,mse,nonzero,HLA-A*26:03,spearman,0.5277588247034297,52,52,False
baseline_plus_conditional_all,random,mse,nonzero,HLA-A*26:03,pearson_log,0.5516294466099749,52,52,False
baseline_plus_conditional_all,random,mse,nonzero,HLA-A*26:03,auc_gt_2h,0.7777777777777778,52,52,False
baseline_plus_conditional_all,random,mse,nonzero,HLA-A*29:02,spearman,0.3684265701773554,74,74,False
baseline_plus_conditional_all,random,mse,nonzero,HLA-A*29:02,pearson_log,0.3732719489872941,74,74,False
baseline_plus_conditional_all,random,mse,nonzero,HLA-A*29:02,auc_gt_2h,0.6762749445676275,74,74,False
baseline_plus_conditional_all,random,mse,nonzero,HLA-A*30:01,spearman,0.22408026054783992,54,54,False
baseline_plus_conditional_all,random,mse,nonzero,HLA-A*30:01,pearson_log,0.18321132632244944,54,54,False
baseline_plus_conditional_all,random,mse,nonzero,HLA-A*30:01,auc_gt_2h,0.5710227272727273,54,54,False
baseline_plus_conditional_all,random,mse,nonzero,HLA-A*30:02,spearman,0.37801325600159447,67,67,False
baseline_plus_conditional_all,random,mse,nonzero,HLA-A*30:02,pearson_log,0.4253498703858519,67,67,False
baseline_plus_conditional_all,random,mse,nonzero,HLA-A*30:02,auc_gt_2h,0.6987577639751553,67,67,False
baseline_plus_conditional_all,random,mse,nonzero,HLA-A*31:01,spearman,0.4147991043364638,72,72,False
baseline_plus_conditional_all,random,mse,nonzero,HLA-A*31:01,pearson_log,0.4362418394625801,72,72,False
baseline_plus_conditional_all,random,mse,nonzero,HLA-A*31:01,auc_gt_2h,0.6757201646090536,72,72,False
baseline_plus_conditional_all,random,mse,nonzero,HLA-A*32:01,spearman,0.7,5,5,False
baseline_plus_conditional_all,random,mse,nonzero,HLA-A*32:01,pearson_log,0.8816078233338954,5,5,False
baseline_plus_conditional_all,random,mse,nonzero,HLA-A*32:01,auc_gt_2h,1.0,5,5,False
baseline_plus_conditional_all,random,mse,nonzero,HLA-A*32:07,spearman,0.6419683852583098,44,44,False
baseline_plus_conditional_all,random,mse,nonzero,HLA-A*32:07,pearson_log,0.6223333087387397,44,44,False
baseline_plus_conditional_all,random,mse,nonzero,HLA-A*32:07,auc_gt_2h,0.8291666666666667,44,44,False
baseline_plus_conditional_all,random,mse,nonzero,HLA-A*33:03,spearman,0.35912355899331144,40,40,False
baseline_plus_conditional_all,random,mse,nonzero,HLA-A*33:03,pearson_log,0.39817980644717077,40,40,False
baseline_plus_conditional_all,random,mse,nonzero,HLA-A*33:03,auc_gt_2h,0.6969696969696969,40,40,False
baseline_plus_conditional_all,random,mse,nonzero,HLA-A*43:01,spearman,0.2076291235330835,57,57,False
baseline_plus_conditional_all,random,mse,nonzero,HLA-A*43:01,pearson_log,0.22715011474836846,57,57,False
baseline_plus_conditional_all,random,mse,nonzero,HLA-A*43:01,auc_gt_2h,0.625,57,57,False
baseline_plus_conditional_all,random,mse,nonzero,HLA-A*66:01,spearman,0.12890699585502474,48,48,False
baseline_plus_conditional_all,random,mse,nonzero,HLA-A*66:01,pearson_log,0.3573336490051862,48,48,False
baseline_plus_conditional_all,random,mse,nonzero,HLA-A*66:01,auc_gt_2h,0.6097560975609757,48,48,False
baseline_plus_conditional_all,random,mse,nonzero,HLA-A*68:01,spearman,0.5671618782776657,57,57,False
baseline_plus_conditional_all,random,mse,nonzero,HLA-A*68:01,pearson_log,0.5509622857518444,57,57,False
baseline_plus_conditional_all,random,mse,nonzero,HLA-A*68:01,auc_gt_2h,0.7586206896551724,57,57,False
baseline_plus_conditional_all,random,mse,nonzero,HLA-A*68:02,spearman,-0.5,3,3,False
baseline_plus_conditional_all,random,mse,nonzero,HLA-A*68:02,pearson_log,-0.8437817183777244,3,3,False
baseline_plus_conditional_all,random,mse,nonzero,HLA-A*68:02,auc_gt_2h,,3,3,False
baseline_plus_conditional_all,random,mse,nonzero,HLA-A*68:23,spearman,0.20881249098250498,64,64,False
baseline_plus_conditional_all,random,mse,nonzero,HLA-A*68:23,pearson_log,0.21805539825384368,64,64,False
baseline_plus_conditional_all,random,mse,nonzero,HLA-A*68:23,auc_gt_2h,0.6628571428571429,64,64,False
baseline_plus_conditional_all,random,mse,nonzero,HLA-A*69:01,spearman,,1,1,True
baseline_plus_conditional_all,random,mse,nonzero,HLA-A*69:01,pearson_log,,1,1,True
baseline_plus_conditional_all,random,mse,nonzero,HLA-A*69:01,auc_gt_2h,,1,1,True
baseline_plus_conditional_all,random,mse,nonzero,HLA-A*74:01,spearman,0.5413615481155758,60,60,False
baseline_plus_conditional_all,random,mse,nonzero,HLA-A*74:01,pearson_log,0.5324649042665394,60,60,False
baseline_plus_conditional_all,random,mse,nonzero,HLA-A*74:01,auc_gt_2h,0.7569444444444444,60,60,False
baseline_plus_conditional_all,random,mse,nonzero,HLA-A*80:01,spearman,0.17861233511018018,39,39,False
baseline_plus_conditional_all,random,mse,nonzero,HLA-A*80:01,pearson_log,0.30836828063648525,39,39,False
baseline_plus_conditional_all,random,mse,nonzero,HLA-A*80:01,auc_gt_2h,0.9166666666666667,39,39,False
baseline_plus_conditional_all,random,mse,nonzero,HLA-B*07:02,spearman,0.5352404494161235,124,124,False
baseline_plus_conditional_all,random,mse,nonzero,HLA-B*07:02,pearson_log,0.5216018840566653,124,124,False
baseline_plus_conditional_all,random,mse,nonzero,HLA-B*07:02,auc_gt_2h,0.7568181818181818,124,124,False
baseline_plus_conditional_all,random,mse,nonzero,HLA-B*08:01,spearman,0.2775824801344799,58,58,False
baseline_plus_conditional_all,random,mse,nonzero,HLA-B*08:01,pearson_log,0.34005119918684457,58,58,False
baseline_plus_conditional_all,random,mse,nonzero,HLA-B*08:01,auc_gt_2h,0.8750000000000001,58,58,False
baseline_plus_conditional_all,random,mse,nonzero,HLA-B*08:03,spearman,0.23449353006042906,47,47,False
baseline_plus_conditional_all,random,mse,nonzero,HLA-B*08:03,pearson_log,0.2996847437064447,47,47,False
baseline_plus_conditional_all,random,mse,nonzero,HLA-B*08:03,auc_gt_2h,0.7154471544715447,47,47,False
baseline_plus_conditional_all,random,mse,nonzero,HLA-B*14:01(C67S),spearman,0.029424494316824982,6,6,False
baseline_plus_conditional_all,random,mse,nonzero,HLA-B*14:01(C67S),pearson_log,0.09660872627418718,6,6,False
baseline_plus_conditional_all,random,mse,nonzero,HLA-B*14:01(C67S),auc_gt_2h,,6,6,False
baseline_plus_conditional_all,random,mse,nonzero,HLA-B*14:02(C67S),spearman,0.13050318787892473,18,18,False
baseline_plus_conditional_all,random,mse,nonzero,HLA-B*14:02(C67S),pearson_log,0.3033553494683854,18,18,False
baseline_plus_conditional_all,random,mse,nonzero,HLA-B*14:02(C67S),auc_gt_2h,0.6111111111111112,18,18,False
baseline_plus_conditional_all,random,mse,nonzero,HLA-B*15:01,spearman,0.4123059736059233,202,202,False
baseline_plus_conditional_all,random,mse,nonzero,HLA-B*15:01,pearson_log,0.46434930803226554,202,202,False
baseline_plus_conditional_all,random,mse,nonzero,HLA-B*15:01,auc_gt_2h,0.7749152542372881,202,202,False
baseline_plus_conditional_all,random,mse,nonzero,HLA-B*15:02,spearman,0.44502377625951584,52,52,False
baseline_plus_conditional_all,random,mse,nonzero,HLA-B*15:02,pearson_log,0.4428970977720012,52,52,False
baseline_plus_conditional_all,random,mse,nonzero,HLA-B*15:02,auc_gt_2h,0.6266666666666667,52,52,False
baseline_plus_conditional_all,random,mse,nonzero,HLA-B*15:10,spearman,0.40343168504679494,59,59,False
baseline_plus_conditional_all,random,mse,nonzero,HLA-B*15:10,pearson_log,0.3720294411732601,59,59,False
baseline_plus_conditional_all,random,mse,nonzero,HLA-B*15:10,auc_gt_2h,0.6838235294117647,59,59,False
baseline_plus_conditional_all,random,mse,nonzero,HLA-B*15:17,spearman,0.035574234160997885,62,62,False
baseline_plus_conditional_all,random,mse,nonzero,HLA-B*15:17,pearson_log,-0.017970666560748985,62,62,False
baseline_plus_conditional_all,random,mse,nonzero,HLA-B*15:17,auc_gt_2h,0.456828885400314,62,62,False
baseline_plus_conditional_all,random,mse,nonzero,HLA-B*18:01,spearman,0.21310122574176155,67,67,False
baseline_plus_conditional_all,random,mse,nonzero,HLA-B*18:01,pearson_log,0.23512949760922722,67,67,False
baseline_plus_conditional_all,random,mse,nonzero,HLA-B*18:01,auc_gt_2h,0.6155913978494624,67,67,False
baseline_plus_conditional_all,random,mse,nonzero,HLA-B*27:02,spearman,0.6652936136752519,51,51,False
baseline_plus_conditional_all,random,mse,nonzero,HLA-B*27:02,pearson_log,0.6658532611415613,51,51,False
baseline_plus_conditional_all,random,mse,nonzero,HLA-B*27:02,auc_gt_2h,0.889273356401384,51,51,False
baseline_plus_conditional_all,random,mse,nonzero,HLA-B*27:03,spearman,0.6087068550307158,46,46,False
baseline_plus_conditional_all,random,mse,nonzero,HLA-B*27:03,pearson_log,0.6044955904452902,46,46,False
baseline_plus_conditional_all,random,mse,nonzero,HLA-B*27:03,auc_gt_2h,0.8031189083820663,46,46,False
baseline_plus_conditional_all,random,mse,nonzero,HLA-B*27:05,spearman,0.36951873037272936,59,59,False
baseline_plus_conditional_all,random,mse,nonzero,HLA-B*27:05,pearson_log,0.3485971899450583,59,59,False
baseline_plus_conditional_all,random,mse,nonzero,HLA-B*27:05,auc_gt_2h,0.6226190476190476,59,59,False
baseline_plus_conditional_all,random,mse,nonzero,HLA-B*27:20,spearman,0.5519385150232584,51,51,False
baseline_plus_conditional_all,random,mse,nonzero,HLA-B*27:20,pearson_log,0.5790935985165763,51,51,False
baseline_plus_conditional_all,random,mse,nonzero,HLA-B*27:20,auc_gt_2h,0.755892255892256,51,51,False
baseline_plus_conditional_all,random,mse,nonzero,HLA-B*35:01,spearman,0.42654622599762515,117,117,False
baseline_plus_conditional_all,random,mse,nonzero,HLA-B*35:01,pearson_log,0.42463160257680177,117,117,False
baseline_plus_conditional_all,random,mse,nonzero,HLA-B*35:01,auc_gt_2h,0.7337853773584906,117,117,False
baseline_plus_conditional_all,random,mse,nonzero,HLA-B*35:03,spearman,0.42949131370135796,72,72,False
baseline_plus_conditional_all,random,mse,nonzero,HLA-B*35:03,pearson_log,0.46840634149265226,72,72,False
baseline_plus_conditional_all,random,mse,nonzero,HLA-B*35:03,auc_gt_2h,0.7124999999999999,72,72,False
baseline_plus_conditional_all,random,mse,nonzero,HLA-B*35:08,spearman,1.0,4,4,False
baseline_plus_conditional_all,random,mse,nonzero,HLA-B*35:08,pearson_log,0.9762842969411594,4,4,False
baseline_plus_conditional_all,random,mse,nonzero,HLA-B*35:08,auc_gt_2h,1.0,4,4,False
baseline_plus_conditional_all,random,mse,nonzero,HLA-B*39:01,spearman,0.4890552857291776,110,110,False
baseline_plus_conditional_all,random,mse,nonzero,HLA-B*39:01,pearson_log,0.5556322441466145,110,110,False
baseline_plus_conditional_all,random,mse,nonzero,HLA-B*39:01,auc_gt_2h,0.8120939530234882,110,110,False
baseline_plus_conditional_all,random,mse,nonzero,HLA-B*39:02,spearman,0.2920689129272633,65,65,False
baseline_plus_conditional_all,random,mse,nonzero,HLA-B*39:02,pearson_log,0.24709273933243525,65,65,False
baseline_plus_conditional_all,random,mse,nonzero,HLA-B*39:02,auc_gt_2h,0.7056530214424952,65,65,False
baseline_plus_conditional_all,random,mse,nonzero,HLA-B*39:06(C67S),spearman,0.0,4,4,False
baseline_plus_conditional_all,random,mse,nonzero,HLA-B*39:06(C67S),pearson_log,0.32184281178770285,4,4,False
baseline_plus_conditional_all,random,mse,nonzero,HLA-B*39:06(C67S),auc_gt_2h,0.6666666666666667,4,4,False
baseline_plus_conditional_all,random,mse,nonzero,HLA-B*39:10,spearman,0.32604048510888145,68,68,False
baseline_plus_conditional_all,random,mse,nonzero,HLA-B*39:10,pearson_log,0.4299160721759654,68,68,False
baseline_plus_conditional_all,random,mse,nonzero,HLA-B*39:10,auc_gt_2h,0.6301925025329281,68,68,False
baseline_plus_conditional_all,random,mse,nonzero,HLA-B*40:01,spearman,0.022527697298835282,58,58,False
baseline_plus_conditional_all,random,mse,nonzero,HLA-B*40:01,pearson_log,0.10341294913033128,58,58,False
baseline_plus_conditional_all,random,mse,nonzero,HLA-B*40:01,auc_gt_2h,0.5622641509433962,58,58,False
baseline_plus_conditional_all,random,mse,nonzero,HLA-B*40:02,spearman,0.39999999999999997,4,4,False
baseline_plus_conditional_all,random,mse,nonzero,HLA-B*40:02,pearson_log,0.2266355290253969,4,4,False
baseline_plus_conditional_all,random,mse,nonzero,HLA-B*40:02,auc_gt_2h,0.3333333333333333,4,4,False
baseline_plus_conditional_all,random,mse,nonzero,HLA-B*41:01,spearman,0.5887788677791878,32,32,False
baseline_plus_conditional_all,random,mse,nonzero,HLA-B*41:01,pearson_log,0.6329244170087219,32,32,False
baseline_plus_conditional_all,random,mse,nonzero,HLA-B*41:01,auc_gt_2h,0.8839285714285714,32,32,False
baseline_plus_conditional_all,random,mse,nonzero,HLA-B*42:01,spearman,0.6251360126054061,68,68,False
baseline_plus_conditional_all,random,mse,nonzero,HLA-B*42:01,pearson_log,0.5612212517685166,68,68,False
baseline_plus_conditional_all,random,mse,nonzero,HLA-B*42:01,auc_gt_2h,0.7892271662763466,68,68,False
baseline_plus_conditional_all,random,mse,nonzero,HLA-B*42:02,spearman,0.7052674326365171,69,69,False
baseline_plus_conditional_all,random,mse,nonzero,HLA-B*42:02,pearson_log,0.6718423119465515,69,69,False
baseline_plus_conditional_all,random,mse,nonzero,HLA-B*42:02,auc_gt_2h,0.8623931623931623,69,69,False
baseline_plus_conditional_all,random,mse,nonzero,HLA-B*44:05,spearman,0.3562473730010278,61,61,False
baseline_plus_conditional_all,random,mse,nonzero,HLA-B*44:05,pearson_log,0.28683214169639454,61,61,False
baseline_plus_conditional_all,random,mse,nonzero,HLA-B*44:05,auc_gt_2h,0.6341463414634146,61,61,False
baseline_plus_conditional_all,random,mse,nonzero,HLA-B*45:01,spearman,0.3550859560044243,26,26,False
baseline_plus_conditional_all,random,mse,nonzero,HLA-B*45:01,pearson_log,0.3374833738194257,26,26,False
baseline_plus_conditional_all,random,mse,nonzero,HLA-B*45:01,auc_gt_2h,0.6597222222222222,26,26,False
baseline_plus_conditional_all,random,mse,nonzero,HLA-B*46:01,spearman,0.10953617342456266,36,36,False
baseline_plus_conditional_all,random,mse,nonzero,HLA-B*46:01,pearson_log,0.10572399497191258,36,36,False
baseline_plus_conditional_all,random,mse,nonzero,HLA-B*46:01,auc_gt_2h,0.6076388888888888,36,36,False
baseline_plus_conditional_all,random,mse,nonzero,HLA-B*51:01,spearman,0.6552691612397339,35,35,False
baseline_plus_conditional_all,random,mse,nonzero,HLA-B*51:01,pearson_log,0.652770223212016,35,35,False
baseline_plus_conditional_all,random,mse,nonzero,HLA-B*51:01,auc_gt_2h,0.8775510204081632,35,35,False
baseline_plus_conditional_all,random,mse,nonzero,HLA-B*54:01,spearman,0.5930195573213412,44,44,False
baseline_plus_conditional_all,random,mse,nonzero,HLA-B*54:01,pearson_log,0.600151483846464,44,44,False
baseline_plus_conditional_all,random,mse,nonzero,HLA-B*54:01,auc_gt_2h,0.8653846153846153,44,44,False
baseline_plus_conditional_all,random,mse,nonzero,HLA-B*55:01,spearman,0.5312520943934844,32,32,False
baseline_plus_conditional_all,random,mse,nonzero,HLA-B*55:01,pearson_log,0.5181673769459461,32,32,False
baseline_plus_conditional_all,random,mse,nonzero,HLA-B*55:01,auc_gt_2h,0.7227272727272727,32,32,False
baseline_plus_conditional_all,random,mse,nonzero,HLA-B*56:01,spearman,0.5558233882531499,42,42,False
baseline_plus_conditional_all,random,mse,nonzero,HLA-B*56:01,pearson_log,0.6049939610659043,42,42,False
baseline_plus_conditional_all,random,mse,nonzero,HLA-B*56:01,auc_gt_2h,0.8275862068965517,42,42,False
baseline_plus_conditional_all,random,mse,nonzero,HLA-B*57:01,spearman,0.6792369015964308,60,60,False
baseline_plus_conditional_all,random,mse,nonzero,HLA-B*57:01,pearson_log,0.648042601111167,60,60,False
baseline_plus_conditional_all,random,mse,nonzero,HLA-B*57:01,auc_gt_2h,0.9290123456790124,60,60,False
baseline_plus_conditional_all,random,mse,nonzero,HLA-B*57:02,spearman,0.44076846790252355,71,71,False
baseline_plus_conditional_all,random,mse,nonzero,HLA-B*57:02,pearson_log,0.44678442930391365,71,71,False
baseline_plus_conditional_all,random,mse,nonzero,HLA-B*57:02,auc_gt_2h,0.7307692307692307,71,71,False
baseline_plus_conditional_all,random,mse,nonzero,HLA-B*57:03,spearman,0.4006548186709557,74,74,False
baseline_plus_conditional_all,random,mse,nonzero,HLA-B*57:03,pearson_log,0.35481625573904196,74,74,False
baseline_plus_conditional_all,random,mse,nonzero,HLA-B*57:03,auc_gt_2h,0.7477931904161412,74,74,False
baseline_plus_conditional_all,random,mse,nonzero,HLA-B*58:01,spearman,0.644223447028729,65,65,False
baseline_plus_conditional_all,random,mse,nonzero,HLA-B*58:01,pearson_log,0.6392955520588608,65,65,False
baseline_plus_conditional_all,random,mse,nonzero,HLA-B*58:01,auc_gt_2h,0.8198757763975155,65,65,False
baseline_plus_conditional_all,random,mse,nonzero,HLA-B*81:01,spearman,0.3152252950539192,60,60,False
baseline_plus_conditional_all,random,mse,nonzero,HLA-B*81:01,pearson_log,0.2596710779042368,60,60,False
baseline_plus_conditional_all,random,mse,nonzero,HLA-B*81:01,auc_gt_2h,0.6226415094339622,60,60,False
baseline_plus_conditional_anchor_softmax,leave_one_allele_out,mse,all,HLA-A*01:01,spearman,0.07211049045541183,220,220,False
baseline_plus_conditional_anchor_softmax,leave_one_allele_out,mse,all,HLA-A*01:01,pearson_log,0.04115181592076885,220,220,False
baseline_plus_conditional_anchor_softmax,leave_one_allele_out,mse,all,HLA-A*01:01,auc_gt_2h,0.5526494565217391,220,220,False
baseline_plus_conditional_anchor_softmax,leave_one_allele_out,mse,all,HLA-A*02:01,spearman,0.6344985361579311,1023,1023,False
baseline_plus_conditional_anchor_softmax,leave_one_allele_out,mse,all,HLA-A*02:01,pearson_log,0.6056968315386347,1023,1023,False
baseline_plus_conditional_anchor_softmax,leave_one_allele_out,mse,all,HLA-A*02:01,auc_gt_2h,0.8060975609756098,1023,1023,False
baseline_plus_conditional_anchor_softmax,leave_one_allele_out,mse,all,HLA-A*02:03,spearman,0.6796373844031623,379,379,False
baseline_plus_conditional_anchor_softmax,leave_one_allele_out,mse,all,HLA-A*02:03,pearson_log,0.6484451298479297,379,379,False
baseline_plus_conditional_anchor_softmax,leave_one_allele_out,mse,all,HLA-A*02:03,auc_gt_2h,0.835617323852618,379,379,False
baseline_plus_conditional_anchor_softmax,leave_one_allele_out,mse,all,HLA-A*02:05,spearman,0.2897044647759731,21,21,False
baseline_plus_conditional_anchor_softmax,leave_one_allele_out,mse,all,HLA-A*02:05,pearson_log,0.2975226626789288,21,21,False
baseline_plus_conditional_anchor_softmax,leave_one_allele_out,mse,all,HLA-A*02:05,auc_gt_2h,0.6555555555555556,21,21,False
baseline_plus_conditional_anchor_softmax,leave_one_allele_out,mse,all,HLA-A*02:10,spearman,0.3606406091762292,370,370,False
baseline_plus_conditional_anchor_softmax,leave_one_allele_out,mse,all,HLA-A*02:10,pearson_log,0.36016614198861496,370,370,False
baseline_plus_conditional_anchor_softmax,leave_one_allele_out,mse,all,HLA-A*02:10,auc_gt_2h,0.692450495049505,370,370,False
baseline_plus_conditional_anchor_softmax,leave_one_allele_out,mse,all,HLA-A*02:11,spearman,0.6100087635885607,379,379,False
baseline_plus_conditional_anchor_softmax,leave_one_allele_out,mse,all,HLA-A*02:11,pearson_log,0.57494220586181,379,379,False
baseline_plus_conditional_anchor_softmax,leave_one_allele_out,mse,all,HLA-A*02:11,auc_gt_2h,0.8259920634920634,379,379,False
baseline_plus_conditional_anchor_softmax,leave_one_allele_out,mse,all,HLA-A*02:12,spearman,0.7831772429649951,372,372,False
baseline_plus_conditional_anchor_softmax,leave_one_allele_out,mse,all,HLA-A*02:12,pearson_log,0.7274119748121015,372,372,False
baseline_plus_conditional_anchor_softmax,leave_one_allele_out,mse,all,HLA-A*02:12,auc_gt_2h,0.9034893900862967,372,372,False
baseline_plus_conditional_anchor_softmax,leave_one_allele_out,mse,all,HLA-A*02:16,spearman,0.7263356541158986,373,373,False
baseline_plus_conditional_anchor_softmax,leave_one_allele_out,mse,all,HLA-A*02:16,pearson_log,0.7046313729368054,373,373,False
baseline_plus_conditional_anchor_softmax,leave_one_allele_out,mse,all,HLA-A*02:16,auc_gt_2h,0.8729010591578402,373,373,False
baseline_plus_conditional_anchor_softmax,leave_one_allele_out,mse,all,HLA-A*02:19,spearman,0.6897151235324648,354,354,False
baseline_plus_conditional_anchor_softmax,leave_one_allele_out,mse,all,HLA-A*02:19,pearson_log,0.6785407771680299,354,354,False
baseline_plus_conditional_anchor_softmax,leave_one_allele_out,mse,all,HLA-A*02:19,auc_gt_2h,0.8338450292397661,354,354,False
baseline_plus_conditional_anchor_softmax,leave_one_allele_out,mse,all,HLA-A*02:50,spearman,0.6764808292104807,375,375,False
baseline_plus_conditional_anchor_softmax,leave_one_allele_out,mse,all,HLA-A*02:50,pearson_log,0.6396779909472795,375,375,False
baseline_plus_conditional_anchor_softmax,leave_one_allele_out,mse,all,HLA-A*02:50,auc_gt_2h,0.8511705685618729,375,375,False
baseline_plus_conditional_anchor_softmax,leave_one_allele_out,mse,all,HLA-A*03:01,spearman,0.5838009794778055,861,861,False
baseline_plus_conditional_anchor_softmax,leave_one_allele_out,mse,all,HLA-A*03:01,pearson_log,0.5832962592483171,861,861,False
baseline_plus_conditional_anchor_softmax,leave_one_allele_out,mse,all,HLA-A*03:01,auc_gt_2h,0.7833147334138064,861,861,False
baseline_plus_conditional_anchor_softmax,leave_one_allele_out,mse,all,HLA-A*11:01,spearman,0.6668382565662613,577,577,False
baseline_plus_conditional_anchor_softmax,leave_one_allele_out,mse,all,HLA-A*11:01,pearson_log,0.6586898085241892,577,577,False
baseline_plus_conditional_anchor_softmax,leave_one_allele_out,mse,all,HLA-A*11:01,auc_gt_2h,0.8342665173572228,577,577,False
baseline_plus_conditional_anchor_softmax,leave_one_allele_out,mse,all,HLA-A*23:01,spearman,0.8099985412759115,372,372,False
baseline_plus_conditional_anchor_softmax,leave_one_allele_out,mse,all,HLA-A*23:01,pearson_log,0.7902747176218559,372,372,False
baseline_plus_conditional_anchor_softmax,leave_one_allele_out,mse,all,HLA-A*23:01,auc_gt_2h,0.9097704038880511,372,372,False
baseline_plus_conditional_anchor_softmax,leave_one_allele_out,mse,all,HLA-A*24:02,spearman,0.7393035318372416,573,573,False
baseline_plus_conditional_anchor_softmax,leave_one_allele_out,mse,all,HLA-A*24:02,pearson_log,0.7503673408427767,573,573,False
baseline_plus_conditional_anchor_softmax,leave_one_allele_out,mse,all,HLA-A*24:02,auc_gt_2h,0.8747830829490802,573,573,False
baseline_plus_conditional_anchor_softmax,leave_one_allele_out,mse,all,HLA-A*24:03,spearman,0.6395021726956577,512,512,False
baseline_plus_conditional_anchor_softmax,leave_one_allele_out,mse,all,HLA-A*24:03,pearson_log,0.6049073448648556,512,512,False
baseline_plus_conditional_anchor_softmax,leave_one_allele_out,mse,all,HLA-A*24:03,auc_gt_2h,0.8186848958333333,512,512,False
baseline_plus_conditional_anchor_softmax,leave_one_allele_out,mse,all,HLA-A*24:07,spearman,0.7720817399754724,352,352,False
baseline_plus_conditional_anchor_softmax,leave_one_allele_out,mse,all,HLA-A*24:07,pearson_log,0.762993772393752,352,352,False
baseline_plus_conditional_anchor_softmax,leave_one_allele_out,mse,all,HLA-A*24:07,auc_gt_2h,0.8773291925465839,352,352,False
baseline_plus_conditional_anchor_softmax,leave_one_allele_out,mse,all,HLA-A*24:19,spearman,0.29920569496141974,378,378,False
baseline_plus_conditional_anchor_softmax,leave_one_allele_out,mse,all,HLA-A*24:19,pearson_log,0.28472663014563915,378,378,False
baseline_plus_conditional_anchor_softmax,leave_one_allele_out,mse,all,HLA-A*24:19,auc_gt_2h,0.5829591836734693,378,378,False
baseline_plus_conditional_anchor_softmax,leave_one_allele_out,mse,all,HLA-A*25:01,spearman,0.5177806650638332,363,363,False
baseline_plus_conditional_anchor_softmax,leave_one_allele_out,mse,all,HLA-A*25:01,pearson_log,0.534021199767235,363,363,False
baseline_plus_conditional_anchor_softmax,leave_one_allele_out,mse,all,HLA-A*25:01,auc_gt_2h,0.8043956043956044,363,363,False
baseline_plus_conditional_anchor_softmax,leave_one_allele_out,mse,all,HLA-A*26:01,spearman,0.6509394466817062,272,272,False
baseline_plus_conditional_anchor_softmax,leave_one_allele_out,mse,all,HLA-A*26:01,pearson_log,0.6601386866409583,272,272,False
baseline_plus_conditional_anchor_softmax,leave_one_allele_out,mse,all,HLA-A*26:01,auc_gt_2h,0.8687637621893677,272,272,False
baseline_plus_conditional_anchor_softmax,leave_one_allele_out,mse,all,HLA-A*26:02,spearman,0.5383169506148568,343,343,False
baseline_plus_conditional_anchor_softmax,leave_one_allele_out,mse,all,HLA-A*26:02,pearson_log,0.5485609080320027,343,343,False
baseline_plus_conditional_anchor_softmax,leave_one_allele_out,mse,all,HLA-A*26:02,auc_gt_2h,0.7787139689578714,343,343,False
baseline_plus_conditional_anchor_softmax,leave_one_allele_out,mse,all,HLA-A*26:03,spearman,0.5009480488334407,341,341,False
baseline_plus_conditional_anchor_softmax,leave_one_allele_out,mse,all,HLA-A*26:03,pearson_log,0.5079418255369865,341,341,False
baseline_plus_conditional_anchor_softmax,leave_one_allele_out,mse,all,HLA-A*26:03,auc_gt_2h,0.7498563218390805,341,341,False
baseline_plus_conditional_anchor_softmax,leave_one_allele_out,mse,all,HLA-A*29:02,spearman,0.36211190218094286,383,383,False
baseline_plus_conditional_anchor_softmax,leave_one_allele_out,mse,all,HLA-A*29:02,pearson_log,0.37791035588053123,383,383,False
baseline_plus_conditional_anchor_softmax,leave_one_allele_out,mse,all,HLA-A*29:02,auc_gt_2h,0.6655099661318084,383,383,False
baseline_plus_conditional_anchor_softmax,leave_one_allele_out,mse,all,HLA-A*30:01,spearman,0.2641976195673912,386,386,False
baseline_plus_conditional_anchor_softmax,leave_one_allele_out,mse,all,HLA-A*30:01,pearson_log,0.25835039334673504,386,386,False
baseline_plus_conditional_anchor_softmax,leave_one_allele_out,mse,all,HLA-A*30:01,auc_gt_2h,0.6250293102870733,386,386,False
baseline_plus_conditional_anchor_softmax,leave_one_allele_out,mse,all,HLA-A*30:02,spearman,0.30657117070045753,367,367,False
baseline_plus_conditional_anchor_softmax,leave_one_allele_out,mse,all,HLA-A*30:02,pearson_log,0.364543157394543,367,367,False
baseline_plus_conditional_anchor_softmax,leave_one_allele_out,mse,all,HLA-A*30:02,auc_gt_2h,0.656344802071772,367,367,False
baseline_plus_conditional_anchor_softmax,leave_one_allele_out,mse,all,HLA-A*31:01,spearman,0.6356763290242871,382,382,False
baseline_plus_conditional_anchor_softmax,leave_one_allele_out,mse,all,HLA-A*31:01,pearson_log,0.6187504741091383,382,382,False
baseline_plus_conditional_anchor_softmax,leave_one_allele_out,mse,all,HLA-A*31:01,auc_gt_2h,0.8051357016769638,382,382,False
baseline_plus_conditional_anchor_softmax,leave_one_allele_out,mse,all,HLA-A*32:01,spearman,0.7063181681862704,32,32,False
baseline_plus_conditional_anchor_softmax,leave_one_allele_out,mse,all,HLA-A*32:01,pearson_log,0.689634281309379,32,32,False
baseline_plus_conditional_anchor_softmax,leave_one_allele_out,mse,all,HLA-A*32:01,auc_gt_2h,0.9523809523809523,32,32,False
baseline_plus_conditional_anchor_softmax,leave_one_allele_out,mse,all,HLA-A*32:07,spearman,0.6532764891752685,364,364,False
baseline_plus_conditional_anchor_softmax,leave_one_allele_out,mse,all,HLA-A*32:07,pearson_log,0.6550152165852119,364,364,False
baseline_plus_conditional_anchor_softmax,leave_one_allele_out,mse,all,HLA-A*32:07,auc_gt_2h,0.8241464621474517,364,364,False
baseline_plus_conditional_anchor_softmax,leave_one_allele_out,mse,all,HLA-A*33:03,spearman,0.48736628844833263,371,371,False
baseline_plus_conditional_anchor_softmax,leave_one_allele_out,mse,all,HLA-A*33:03,pearson_log,0.496061365121711,371,371,False
baseline_plus_conditional_anchor_softmax,leave_one_allele_out,mse,all,HLA-A*33:03,auc_gt_2h,0.7691630223517978,371,371,False
baseline_plus_conditional_anchor_softmax,leave_one_allele_out,mse,all,HLA-A*43:01,spearman,0.3685558153767101,359,359,False
baseline_plus_conditional_anchor_softmax,leave_one_allele_out,mse,all,HLA-A*43:01,pearson_log,0.37831797248525556,359,359,False
baseline_plus_conditional_anchor_softmax,leave_one_allele_out,mse,all,HLA-A*43:01,auc_gt_2h,0.742521859180856,359,359,False
baseline_plus_conditional_anchor_softmax,leave_one_allele_out,mse,all,HLA-A*66:01,spearman,0.36906666127302606,382,382,False
baseline_plus_conditional_anchor_softmax,leave_one_allele_out,mse,all,HLA-A*66:01,pearson_log,0.4306008898162666,382,382,False
baseline_plus_conditional_anchor_softmax,leave_one_allele_out,mse,all,HLA-A*66:01,auc_gt_2h,0.7695075757575756,382,382,False
baseline_plus_conditional_anchor_softmax,leave_one_allele_out,mse,all,HLA-A*68:01,spearman,0.6117461729834325,387,387,False
baseline_plus_conditional_anchor_softmax,leave_one_allele_out,mse,all,HLA-A*68:01,pearson_log,0.6051398902766987,387,387,False
baseline_plus_conditional_anchor_softmax,leave_one_allele_out,mse,all,HLA-A*68:01,auc_gt_2h,0.8015996878657823,387,387,False
baseline_plus_conditional_anchor_softmax,leave_one_allele_out,mse,all,HLA-A*68:02,spearman,-0.06484908994018368,16,16,False
baseline_plus_conditional_anchor_softmax,leave_one_allele_out,mse,all,HLA-A*68:02,pearson_log,-0.18576207092998653,16,16,False
baseline_plus_conditional_anchor_softmax,leave_one_allele_out,mse,all,HLA-A*68:02,auc_gt_2h,0.4285714285714286,16,16,False
baseline_plus_conditional_anchor_softmax,leave_one_allele_out,mse,all,HLA-A*68:23,spearman,0.3149101728597987,369,369,False
baseline_plus_conditional_anchor_softmax,leave_one_allele_out,mse,all,HLA-A*68:23,pearson_log,0.31124887132078827,369,369,False
baseline_plus_conditional_anchor_softmax,leave_one_allele_out,mse,all,HLA-A*68:23,auc_gt_2h,0.6819170053880329,369,369,False
baseline_plus_conditional_anchor_softmax,leave_one_allele_out,mse,all,HLA-A*69:01,spearman,0.24959473258940806,15,15,False
baseline_plus_conditional_anchor_softmax,leave_one_allele_out,mse,all,HLA-A*69:01,pearson_log,0.24450087442464563,15,15,False
baseline_plus_conditional_anchor_softmax,leave_one_allele_out,mse,all,HLA-A*69:01,auc_gt_2h,0.5384615384615384,15,15,False
baseline_plus_conditional_anchor_softmax,leave_one_allele_out,mse,all,HLA-A*74:01,spearman,0.5875526321407405,361,361,False
baseline_plus_conditional_anchor_softmax,leave_one_allele_out,mse,all,HLA-A*74:01,pearson_log,0.5854767035291994,361,361,False
baseline_plus_conditional_anchor_softmax,leave_one_allele_out,mse,all,HLA-A*74:01,auc_gt_2h,0.7882750153468385,361,361,False
baseline_plus_conditional_anchor_softmax,leave_one_allele_out,mse,all,HLA-A*80:01,spearman,0.4533313327282921,351,351,False
baseline_plus_conditional_anchor_softmax,leave_one_allele_out,mse,all,HLA-A*80:01,pearson_log,0.4840029085055241,351,351,False
baseline_plus_conditional_anchor_softmax,leave_one_allele_out,mse,all,HLA-A*80:01,auc_gt_2h,0.8578724903134907,351,351,False
baseline_plus_conditional_anchor_softmax,leave_one_allele_out,mse,all,HLA-B*07:02,spearman,0.5794028653059748,647,647,False
baseline_plus_conditional_anchor_softmax,leave_one_allele_out,mse,all,HLA-B*07:02,pearson_log,0.5344108557554558,647,647,False
baseline_plus_conditional_anchor_softmax,leave_one_allele_out,mse,all,HLA-B*07:02,auc_gt_2h,0.7728240374673073,647,647,False
baseline_plus_conditional_anchor_softmax,leave_one_allele_out,mse,all,HLA-B*08:01,spearman,0.27797351067708553,465,465,False
baseline_plus_conditional_anchor_softmax,leave_one_allele_out,mse,all,HLA-B*08:01,pearson_log,0.27239071814774185,465,465,False
baseline_plus_conditional_anchor_softmax,leave_one_allele_out,mse,all,HLA-B*08:01,auc_gt_2h,0.8057371096586783,465,465,False
baseline_plus_conditional_anchor_softmax,leave_one_allele_out,mse,all,HLA-B*08:03,spearman,0.2518063469850702,350,350,False
baseline_plus_conditional_anchor_softmax,leave_one_allele_out,mse,all,HLA-B*08:03,pearson_log,0.2426410750570389,350,350,False
baseline_plus_conditional_anchor_softmax,leave_one_allele_out,mse,all,HLA-B*08:03,auc_gt_2h,0.6875000000000001,350,350,False
baseline_plus_conditional_anchor_softmax,leave_one_allele_out,mse,all,HLA-B*13:02,spearman,-0.2594372608313854,7,7,False
baseline_plus_conditional_anchor_softmax,leave_one_allele_out,mse,all,HLA-B*13:02,pearson_log,-0.26220870898878046,7,7,False
baseline_plus_conditional_anchor_softmax,leave_one_allele_out,mse,all,HLA-B*13:02,auc_gt_2h,0.16666666666666666,7,7,False
baseline_plus_conditional_anchor_softmax,leave_one_allele_out,mse,all,HLA-B*14:01(C67S),spearman,0.4558839941864756,374,374,False
baseline_plus_conditional_anchor_softmax,leave_one_allele_out,mse,all,HLA-B*14:01(C67S),pearson_log,0.5650458032522792,374,374,False
baseline_plus_conditional_anchor_softmax,leave_one_allele_out,mse,all,HLA-B*14:01(C67S),auc_gt_2h,0.9664835164835165,374,374,False
baseline_plus_conditional_anchor_softmax,leave_one_allele_out,mse,all,HLA-B*14:02(C67S),spearman,0.3336621709360193,382,382,False
baseline_plus_conditional_anchor_softmax,leave_one_allele_out,mse,all,HLA-B*14:02(C67S),pearson_log,0.38582439208025576,382,382,False
baseline_plus_conditional_anchor_softmax,leave_one_allele_out,mse,all,HLA-B*14:02(C67S),auc_gt_2h,0.7638607167004733,382,382,False
baseline_plus_conditional_anchor_softmax,leave_one_allele_out,mse,all,HLA-B*15:01,spearman,0.0908153552215523,1070,1070,False
baseline_plus_conditional_anchor_softmax,leave_one_allele_out,mse,all,HLA-B*15:01,pearson_log,0.09130560877241635,1070,1070,False
baseline_plus_conditional_anchor_softmax,leave_one_allele_out,mse,all,HLA-B*15:01,auc_gt_2h,0.5513450292397661,1070,1070,False
baseline_plus_conditional_anchor_softmax,leave_one_allele_out,mse,all,HLA-B*15:02,spearman,0.4344975419892165,349,349,False
baseline_plus_conditional_anchor_softmax,leave_one_allele_out,mse,all,HLA-B*15:02,pearson_log,0.4152815279338431,349,349,False
baseline_plus_conditional_anchor_softmax,leave_one_allele_out,mse,all,HLA-B*15:02,auc_gt_2h,0.7081473968897903,349,349,False
baseline_plus_conditional_anchor_softmax,leave_one_allele_out,mse,all,HLA-B*15:10,spearman,0.4600405950682598,363,363,False
baseline_plus_conditional_anchor_softmax,leave_one_allele_out,mse,all,HLA-B*15:10,pearson_log,0.46652121128016594,363,363,False
baseline_plus_conditional_anchor_softmax,leave_one_allele_out,mse,all,HLA-B*15:10,auc_gt_2h,0.7484254001032524,363,363,False
baseline_plus_conditional_anchor_softmax,leave_one_allele_out,mse,all,HLA-B*15:17,spearman,0.0802944081179811,362,362,False
baseline_plus_conditional_anchor_softmax,leave_one_allele_out,mse,all,HLA-B*15:17,pearson_log,0.09466609405405992,362,362,False
baseline_plus_conditional_anchor_softmax,leave_one_allele_out,mse,all,HLA-B*15:17,auc_gt_2h,0.517547928262214,362,362,False
baseline_plus_conditional_anchor_softmax,leave_one_allele_out,mse,all,HLA-B*18:01,spearman,0.3123576933926656,359,359,False
baseline_plus_conditional_anchor_softmax,leave_one_allele_out,mse,all,HLA-B*18:01,pearson_log,0.28488485170848504,359,359,False
baseline_plus_conditional_anchor_softmax,leave_one_allele_out,mse,all,HLA-B*18:01,auc_gt_2h,0.6438521909744931,359,359,False
baseline_plus_conditional_anchor_softmax,leave_one_allele_out,mse,all,HLA-B*27:02,spearman,0.5621554843549044,359,359,False
baseline_plus_conditional_anchor_softmax,leave_one_allele_out,mse,all,HLA-B*27:02,pearson_log,0.5822738855596883,359,359,False
baseline_plus_conditional_anchor_softmax,leave_one_allele_out,mse,all,HLA-B*27:02,auc_gt_2h,0.7826357096141269,359,359,False
baseline_plus_conditional_anchor_softmax,leave_one_allele_out,mse,all,HLA-B*27:03,spearman,0.6820798609411213,368,368,False
baseline_plus_conditional_anchor_softmax,leave_one_allele_out,mse,all,HLA-B*27:03,pearson_log,0.6804833080712636,368,368,False
baseline_plus_conditional_anchor_softmax,leave_one_allele_out,mse,all,HLA-B*27:03,auc_gt_2h,0.8740645253697139,368,368,False
baseline_plus_conditional_anchor_softmax,leave_one_allele_out,mse,all,HLA-B*27:05,spearman,0.6185111739107639,366,366,False
baseline_plus_conditional_anchor_softmax,leave_one_allele_out,mse,all,HLA-B*27:05,pearson_log,0.6149647113973177,366,366,False
baseline_plus_conditional_anchor_softmax,leave_one_allele_out,mse,all,HLA-B*27:05,auc_gt_2h,0.8367840905374022,366,366,False
baseline_plus_conditional_anchor_softmax,leave_one_allele_out,mse,all,HLA-B*27:20,spearman,0.24448131118567562,368,368,False
baseline_plus_conditional_anchor_softmax,leave_one_allele_out,mse,all,HLA-B*27:20,pearson_log,0.25498552026263843,368,368,False
baseline_plus_conditional_anchor_softmax,leave_one_allele_out,mse,all,HLA-B*27:20,auc_gt_2h,0.7056824536499333,368,368,False
baseline_plus_conditional_anchor_softmax,leave_one_allele_out,mse,all,HLA-B*35:01,spearman,0.41594264273382064,650,650,False
baseline_plus_conditional_anchor_softmax,leave_one_allele_out,mse,all,HLA-B*35:01,pearson_log,0.3910487629173287,650,650,False
baseline_plus_conditional_anchor_softmax,leave_one_allele_out,mse,all,HLA-B*35:01,auc_gt_2h,0.7343812137119223,650,650,False
baseline_plus_conditional_anchor_softmax,leave_one_allele_out,mse,all,HLA-B*35:03,spearman,0.45451786377512726,376,376,False
baseline_plus_conditional_anchor_softmax,leave_one_allele_out,mse,all,HLA-B*35:03,pearson_log,0.4776938623037078,376,376,False
baseline_plus_conditional_anchor_softmax,leave_one_allele_out,mse,all,HLA-B*35:03,auc_gt_2h,0.7170634920634922,376,376,False
baseline_plus_conditional_anchor_softmax,leave_one_allele_out,mse,all,HLA-B*35:08,spearman,0.5728324714981173,27,27,False
baseline_plus_conditional_anchor_softmax,leave_one_allele_out,mse,all,HLA-B*35:08,pearson_log,0.6349666720917939,27,27,False
baseline_plus_conditional_anchor_softmax,leave_one_allele_out,mse,all,HLA-B*35:08,auc_gt_2h,0.9130434782608695,27,27,False
baseline_plus_conditional_anchor_softmax,leave_one_allele_out,mse,all,HLA-B*39:01,spearman,0.3421185550455626,680,680,False
baseline_plus_conditional_anchor_softmax,leave_one_allele_out,mse,all,HLA-B*39:01,pearson_log,0.370284857674695,680,680,False
baseline_plus_conditional_anchor_softmax,leave_one_allele_out,mse,all,HLA-B*39:01,auc_gt_2h,0.752764773729561,680,680,False
baseline_plus_conditional_anchor_softmax,leave_one_allele_out,mse,all,HLA-B*39:02,spearman,0.2362690617959814,375,375,False
baseline_plus_conditional_anchor_softmax,leave_one_allele_out,mse,all,HLA-B*39:02,pearson_log,0.24134101047405487,375,375,False
baseline_plus_conditional_anchor_softmax,leave_one_allele_out,mse,all,HLA-B*39:02,auc_gt_2h,0.6637099063298324,375,375,False
baseline_plus_conditional_anchor_softmax,leave_one_allele_out,mse,all,HLA-B*39:06(C67S),spearman,0.20904037453478597,379,379,False
baseline_plus_conditional_anchor_softmax,leave_one_allele_out,mse,all,HLA-B*39:06(C67S),pearson_log,0.30461883389435446,379,379,False
baseline_plus_conditional_anchor_softmax,leave_one_allele_out,mse,all,HLA-B*39:06(C67S),auc_gt_2h,0.8480786416443253,379,379,False
baseline_plus_conditional_anchor_softmax,leave_one_allele_out,mse,all,HLA-B*39:10,spearman,0.36844693186368166,376,376,False
baseline_plus_conditional_anchor_softmax,leave_one_allele_out,mse,all,HLA-B*39:10,pearson_log,0.3654534451583059,376,376,False
baseline_plus_conditional_anchor_softmax,leave_one_allele_out,mse,all,HLA-B*39:10,auc_gt_2h,0.6534711872826627,376,376,False
baseline_plus_conditional_anchor_softmax,leave_one_allele_out,mse,all,HLA-B*40:01,spearman,0.24828297391654502,302,302,False
baseline_plus_conditional_anchor_softmax,leave_one_allele_out,mse,all,HLA-B*40:01,pearson_log,0.16254109507319003,302,302,False
baseline_plus_conditional_anchor_softmax,leave_one_allele_out,mse,all,HLA-B*40:01,auc_gt_2h,0.6473039215686275,302,302,False
baseline_plus_conditional_anchor_softmax,leave_one_allele_out,mse,all,HLA-B*40:02,spearman,0.19649122807017544,19,19,False
baseline_plus_conditional_anchor_softmax,leave_one_allele_out,mse,all,HLA-B*40:02,pearson_log,0.05715585934160751,19,19,False
baseline_plus_conditional_anchor_softmax,leave_one_allele_out,mse,all,HLA-B*40:02,auc_gt_2h,0.5833333333333334,19,19,False
baseline_plus_conditional_anchor_softmax,leave_one_allele_out,mse,all,HLA-B*41:01,spearman,0.4603311187830841,368,368,False
baseline_plus_conditional_anchor_softmax,leave_one_allele_out,mse,all,HLA-B*41:01,pearson_log,0.5157599778014765,368,368,False
baseline_plus_conditional_anchor_softmax,leave_one_allele_out,mse,all,HLA-B*41:01,auc_gt_2h,0.9090193432298695,368,368,False
baseline_plus_conditional_anchor_softmax,leave_one_allele_out,mse,all,HLA-B*42:01,spearman,0.7518158607025022,350,350,False
baseline_plus_conditional_anchor_softmax,leave_one_allele_out,mse,all,HLA-B*42:01,pearson_log,0.7222077964243651,350,350,False
baseline_plus_conditional_anchor_softmax,leave_one_allele_out,mse,all,HLA-B*42:01,auc_gt_2h,0.906293036345129,350,350,False
baseline_plus_conditional_anchor_softmax,leave_one_allele_out,mse,all,HLA-B*42:02,spearman,0.7181381698496664,376,376,False
baseline_plus_conditional_anchor_softmax,leave_one_allele_out,mse,all,HLA-B*42:02,pearson_log,0.7136621999071981,376,376,False
baseline_plus_conditional_anchor_softmax,leave_one_allele_out,mse,all,HLA-B*42:02,auc_gt_2h,0.8460785160862928,376,376,False
baseline_plus_conditional_anchor_softmax,leave_one_allele_out,mse,all,HLA-B*44:05,spearman,0.02977764099894523,352,352,False
baseline_plus_conditional_anchor_softmax,leave_one_allele_out,mse,all,HLA-B*44:05,pearson_log,0.030036637912925594,352,352,False
baseline_plus_conditional_anchor_softmax,leave_one_allele_out,mse,all,HLA-B*44:05,auc_gt_2h,0.5038193855033102,352,352,False
baseline_plus_conditional_anchor_softmax,leave_one_allele_out,mse,all,HLA-B*45:01,spearman,0.3548449111117409,368,368,False
baseline_plus_conditional_anchor_softmax,leave_one_allele_out,mse,all,HLA-B*45:01,pearson_log,0.45642794173083195,368,368,False
baseline_plus_conditional_anchor_softmax,leave_one_allele_out,mse,all,HLA-B*45:01,auc_gt_2h,0.8172690763052209,368,368,False
baseline_plus_conditional_anchor_softmax,leave_one_allele_out,mse,all,HLA-B*46:01,spearman,0.0982104472959737,361,361,False
baseline_plus_conditional_anchor_softmax,leave_one_allele_out,mse,all,HLA-B*46:01,pearson_log,0.0797837041772616,361,361,False
baseline_plus_conditional_anchor_softmax,leave_one_allele_out,mse,all,HLA-B*46:01,auc_gt_2h,0.5601548540798094,361,361,False
baseline_plus_conditional_anchor_softmax,leave_one_allele_out,mse,all,HLA-B*51:01,spearman,0.2543466535890241,353,353,False
baseline_plus_conditional_anchor_softmax,leave_one_allele_out,mse,all,HLA-B*51:01,pearson_log,0.27108820581913307,353,353,False
baseline_plus_conditional_anchor_softmax,leave_one_allele_out,mse,all,HLA-B*51:01,auc_gt_2h,0.648582934427475,353,353,False
baseline_plus_conditional_anchor_softmax,leave_one_allele_out,mse,all,HLA-B*54:01,spearman,0.6104852959622897,357,357,False
baseline_plus_conditional_anchor_softmax,leave_one_allele_out,mse,all,HLA-B*54:01,pearson_log,0.6564914811495693,357,357,False
baseline_plus_conditional_anchor_softmax,leave_one_allele_out,mse,all,HLA-B*54:01,auc_gt_2h,0.8537675606641124,357,357,False
baseline_plus_conditional_anchor_softmax,leave_one_allele_out,mse,all,HLA-B*55:01,spearman,0.648701581232336,378,378,False
baseline_plus_conditional_anchor_softmax,leave_one_allele_out,mse,all,HLA-B*55:01,pearson_log,0.725189013559898,378,378,False
baseline_plus_conditional_anchor_softmax,leave_one_allele_out,mse,all,HLA-B*55:01,auc_gt_2h,0.9051559187050732,378,378,False
baseline_plus_conditional_anchor_softmax,leave_one_allele_out,mse,all,HLA-B*56:01,spearman,0.7883888656570611,368,368,False
baseline_plus_conditional_anchor_softmax,leave_one_allele_out,mse,all,HLA-B*56:01,pearson_log,0.8168337303555337,368,368,False
baseline_plus_conditional_anchor_softmax,leave_one_allele_out,mse,all,HLA-B*56:01,auc_gt_2h,0.9428571428571428,368,368,False
baseline_plus_conditional_anchor_softmax,leave_one_allele_out,mse,all,HLA-B*57:01,spearman,0.618858018254485,349,349,False
baseline_plus_conditional_anchor_softmax,leave_one_allele_out,mse,all,HLA-B*57:01,pearson_log,0.4742221437710808,349,349,False
baseline_plus_conditional_anchor_softmax,leave_one_allele_out,mse,all,HLA-B*57:01,auc_gt_2h,0.8134643734643735,349,349,False
baseline_plus_conditional_anchor_softmax,leave_one_allele_out,mse,all,HLA-B*57:02,spearman,0.5721052882342867,363,363,False
baseline_plus_conditional_anchor_softmax,leave_one_allele_out,mse,all,HLA-B*57:02,pearson_log,0.5820355740814538,363,363,False
baseline_plus_conditional_anchor_softmax,leave_one_allele_out,mse,all,HLA-B*57:02,auc_gt_2h,0.7822782311134509,363,363,False
baseline_plus_conditional_anchor_softmax,leave_one_allele_out,mse,all,HLA-B*57:03,spearman,0.6222649903972289,369,369,False
baseline_plus_conditional_anchor_softmax,leave_one_allele_out,mse,all,HLA-B*57:03,pearson_log,0.6422385116078065,369,369,False
baseline_plus_conditional_anchor_softmax,leave_one_allele_out,mse,all,HLA-B*57:03,auc_gt_2h,0.8972789115646259,369,369,False
baseline_plus_conditional_anchor_softmax,leave_one_allele_out,mse,all,HLA-B*58:01,spearman,0.5919659114931967,379,379,False
baseline_plus_conditional_anchor_softmax,leave_one_allele_out,mse,all,HLA-B*58:01,pearson_log,0.5362474576890964,379,379,False
baseline_plus_conditional_anchor_softmax,leave_one_allele_out,mse,all,HLA-B*58:01,auc_gt_2h,0.784217877094972,379,379,False
baseline_plus_conditional_anchor_softmax,leave_one_allele_out,mse,all,HLA-B*81:01,spearman,0.55340517217932,367,367,False
baseline_plus_conditional_anchor_softmax,leave_one_allele_out,mse,all,HLA-B*81:01,pearson_log,0.5123138488080994,367,367,False
baseline_plus_conditional_anchor_softmax,leave_one_allele_out,mse,all,HLA-B*81:01,auc_gt_2h,0.6240399385560677,367,367,False
baseline_plus_conditional_anchor_softmax,leave_one_allele_out,mse,nonzero,HLA-A*01:01,spearman,0.05408128383380198,207,207,False
baseline_plus_conditional_anchor_softmax,leave_one_allele_out,mse,nonzero,HLA-A*01:01,pearson_log,0.018466592113864675,207,207,False
baseline_plus_conditional_anchor_softmax,leave_one_allele_out,mse,nonzero,HLA-A*01:01,auc_gt_2h,0.5468809073724008,207,207,False
baseline_plus_conditional_anchor_softmax,leave_one_allele_out,mse,nonzero,HLA-A*02:01,spearman,0.6313405118664004,1007,1007,False
baseline_plus_conditional_anchor_softmax,leave_one_allele_out,mse,nonzero,HLA-A*02:01,pearson_log,0.60508474191342,1007,1007,False
baseline_plus_conditional_anchor_softmax,leave_one_allele_out,mse,nonzero,HLA-A*02:01,auc_gt_2h,0.80370831259333,1007,1007,False
baseline_plus_conditional_anchor_softmax,leave_one_allele_out,mse,nonzero,HLA-A*02:03,spearman,0.6662035059878925,365,365,False
baseline_plus_conditional_anchor_softmax,leave_one_allele_out,mse,nonzero,HLA-A*02:03,pearson_log,0.6514196396431556,365,365,False
baseline_plus_conditional_anchor_softmax,leave_one_allele_out,mse,nonzero,HLA-A*02:03,auc_gt_2h,0.8277655677655679,365,365,False
baseline_plus_conditional_anchor_softmax,leave_one_allele_out,mse,nonzero,HLA-A*02:05,spearman,0.2897044647759731,21,21,False
baseline_plus_conditional_anchor_softmax,leave_one_allele_out,mse,nonzero,HLA-A*02:05,pearson_log,0.2975226626789288,21,21,False
baseline_plus_conditional_anchor_softmax,leave_one_allele_out,mse,nonzero,HLA-A*02:05,auc_gt_2h,0.6555555555555556,21,21,False
baseline_plus_conditional_anchor_softmax,leave_one_allele_out,mse,nonzero,HLA-A*02:10,spearman,0.35877891929152134,352,352,False
baseline_plus_conditional_anchor_softmax,leave_one_allele_out,mse,nonzero,HLA-A*02:10,pearson_log,0.3705221756564342,352,352,False
baseline_plus_conditional_anchor_softmax,leave_one_allele_out,mse,nonzero,HLA-A*02:10,auc_gt_2h,0.6885351966873706,352,352,False
baseline_plus_conditional_anchor_softmax,leave_one_allele_out,mse,nonzero,HLA-A*02:11,spearman,0.6075659874075136,375,375,False
baseline_plus_conditional_anchor_softmax,leave_one_allele_out,mse,nonzero,HLA-A*02:11,pearson_log,0.5998808162378859,375,375,False
baseline_plus_conditional_anchor_softmax,leave_one_allele_out,mse,nonzero,HLA-A*02:11,auc_gt_2h,0.8269312169312169,375,375,False
baseline_plus_conditional_anchor_softmax,leave_one_allele_out,mse,nonzero,HLA-A*02:12,spearman,0.7862330426734876,363,363,False
baseline_plus_conditional_anchor_softmax,leave_one_allele_out,mse,nonzero,HLA-A*02:12,pearson_log,0.7765924644912017,363,363,False
baseline_plus_conditional_anchor_softmax,leave_one_allele_out,mse,nonzero,HLA-A*02:12,auc_gt_2h,0.9104086785747684,363,363,False
baseline_plus_conditional_anchor_softmax,leave_one_allele_out,mse,nonzero,HLA-A*02:16,spearman,0.7239740706412717,368,368,False
baseline_plus_conditional_anchor_softmax,leave_one_allele_out,mse,nonzero,HLA-A*02:16,pearson_log,0.7214007951194766,368,368,False
baseline_plus_conditional_anchor_softmax,leave_one_allele_out,mse,nonzero,HLA-A*02:16,auc_gt_2h,0.8729086229086229,368,368,False
baseline_plus_conditional_anchor_softmax,leave_one_allele_out,mse,nonzero,HLA-A*02:19,spearman,0.6683038092329793,338,338,False
baseline_plus_conditional_anchor_softmax,leave_one_allele_out,mse,nonzero,HLA-A*02:19,pearson_log,0.6631515335867979,338,338,False
baseline_plus_conditional_anchor_softmax,leave_one_allele_out,mse,nonzero,HLA-A*02:19,auc_gt_2h,0.8202806122448979,338,338,False
baseline_plus_conditional_anchor_softmax,leave_one_allele_out,mse,nonzero,HLA-A*02:50,spearman,0.676253062439714,373,373,False
baseline_plus_conditional_anchor_softmax,leave_one_allele_out,mse,nonzero,HLA-A*02:50,pearson_log,0.6510185219586286,373,373,False
baseline_plus_conditional_anchor_softmax,leave_one_allele_out,mse,nonzero,HLA-A*02:50,auc_gt_2h,0.8522552652987435,373,373,False
baseline_plus_conditional_anchor_softmax,leave_one_allele_out,mse,nonzero,HLA-A*03:01,spearman,0.5149558796231052,683,683,False
baseline_plus_conditional_anchor_softmax,leave_one_allele_out,mse,nonzero,HLA-A*03:01,pearson_log,0.5183439324679957,683,683,False
baseline_plus_conditional_anchor_softmax,leave_one_allele_out,mse,nonzero,HLA-A*03:01,auc_gt_2h,0.7385267565990458,683,683,False
baseline_plus_conditional_anchor_softmax,leave_one_allele_out,mse,nonzero,HLA-A*11:01,spearman,0.6731141178203977,548,548,False
baseline_plus_conditional_anchor_softmax,leave_one_allele_out,mse,nonzero,HLA-A*11:01,pearson_log,0.6759503938629712,548,548,False
baseline_plus_conditional_anchor_softmax,leave_one_allele_out,mse,nonzero,HLA-A*11:01,auc_gt_2h,0.8344688582297166,548,548,False
baseline_plus_conditional_anchor_softmax,leave_one_allele_out,mse,nonzero,HLA-A*23:01,spearman,0.8099985412759115,372,372,False
baseline_plus_conditional_anchor_softmax,leave_one_allele_out,mse,nonzero,HLA-A*23:01,pearson_log,0.7902747176218559,372,372,False
baseline_plus_conditional_anchor_softmax,leave_one_allele_out,mse,nonzero,HLA-A*23:01,auc_gt_2h,0.9097704038880511,372,372,False
baseline_plus_conditional_anchor_softmax,leave_one_allele_out,mse,nonzero,HLA-A*24:02,spearman,0.7497136863105044,563,563,False
baseline_plus_conditional_anchor_softmax,leave_one_allele_out,mse,nonzero,HLA-A*24:02,pearson_log,0.7673599253716319,563,563,False
baseline_plus_conditional_anchor_softmax,leave_one_allele_out,mse,nonzero,HLA-A*24:02,auc_gt_2h,0.8754124779372267,563,563,False
baseline_plus_conditional_anchor_softmax,leave_one_allele_out,mse,nonzero,HLA-A*24:03,spearman,0.6395021726956577,512,512,False
baseline_plus_conditional_anchor_softmax,leave_one_allele_out,mse,nonzero,HLA-A*24:03,pearson_log,0.6049073448648556,512,512,False
baseline_plus_conditional_anchor_softmax,leave_one_allele_out,mse,nonzero,HLA-A*24:03,auc_gt_2h,0.8186848958333333,512,512,False
baseline_plus_conditional_anchor_softmax,leave_one_allele_out,mse,nonzero,HLA-A*24:07,spearman,0.7690112855642127,348,348,False
baseline_plus_conditional_anchor_softmax,leave_one_allele_out,mse,nonzero,HLA-A*24:07,pearson_log,0.7653291841803463,348,348,False
baseline_plus_conditional_anchor_softmax,leave_one_allele_out,mse,nonzero,HLA-A*24:07,auc_gt_2h,0.8751653439153438,348,348,False
baseline_plus_conditional_anchor_softmax,leave_one_allele_out,mse,nonzero,HLA-A*24:19,spearman,0.3191135856584399,280,280,False
baseline_plus_conditional_anchor_softmax,leave_one_allele_out,mse,nonzero,HLA-A*24:19,pearson_log,0.2871719200253636,280,280,False
baseline_plus_conditional_anchor_softmax,leave_one_allele_out,mse,nonzero,HLA-A*24:19,auc_gt_2h,0.560515873015873,280,280,False
baseline_plus_conditional_anchor_softmax,leave_one_allele_out,mse,nonzero,HLA-A*25:01,spearman,0.5106157030288542,256,256,False
baseline_plus_conditional_anchor_softmax,leave_one_allele_out,mse,nonzero,HLA-A*25:01,pearson_log,0.5158424002141522,256,256,False
baseline_plus_conditional_anchor_softmax,leave_one_allele_out,mse,nonzero,HLA-A*25:01,auc_gt_2h,0.7670682730923694,256,256,False
baseline_plus_conditional_anchor_softmax,leave_one_allele_out,mse,nonzero,HLA-A*26:01,spearman,0.645948654546724,257,257,False
baseline_plus_conditional_anchor_softmax,leave_one_allele_out,mse,nonzero,HLA-A*26:01,pearson_log,0.6605314027924268,257,257,False
baseline_plus_conditional_anchor_softmax,leave_one_allele_out,mse,nonzero,HLA-A*26:01,auc_gt_2h,0.8649794801641587,257,257,False
baseline_plus_conditional_anchor_softmax,leave_one_allele_out,mse,nonzero,HLA-A*26:02,spearman,0.5597517210668583,315,315,False
baseline_plus_conditional_anchor_softmax,leave_one_allele_out,mse,nonzero,HLA-A*26:02,pearson_log,0.5887286721160463,315,315,False
baseline_plus_conditional_anchor_softmax,leave_one_allele_out,mse,nonzero,HLA-A*26:02,auc_gt_2h,0.7743055555555557,315,315,False
baseline_plus_conditional_anchor_softmax,leave_one_allele_out,mse,nonzero,HLA-A*26:03,spearman,0.4069556316794063,243,243,False
baseline_plus_conditional_anchor_softmax,leave_one_allele_out,mse,nonzero,HLA-A*26:03,pearson_log,0.4161774589009972,243,243,False
baseline_plus_conditional_anchor_softmax,leave_one_allele_out,mse,nonzero,HLA-A*26:03,auc_gt_2h,0.6894171779141104,243,243,False
baseline_plus_conditional_anchor_softmax,leave_one_allele_out,mse,nonzero,HLA-A*29:02,spearman,0.3023133669149425,367,367,False
baseline_plus_conditional_anchor_softmax,leave_one_allele_out,mse,nonzero,HLA-A*29:02,pearson_log,0.3063761476078283,367,367,False
baseline_plus_conditional_anchor_softmax,leave_one_allele_out,mse,nonzero,HLA-A*29:02,auc_gt_2h,0.64574716777558,367,367,False
baseline_plus_conditional_anchor_softmax,leave_one_allele_out,mse,nonzero,HLA-A*30:01,spearman,0.20259562997561834,268,268,False
baseline_plus_conditional_anchor_softmax,leave_one_allele_out,mse,nonzero,HLA-A*30:01,pearson_log,0.18805432050017454,268,268,False
baseline_plus_conditional_anchor_softmax,leave_one_allele_out,mse,nonzero,HLA-A*30:01,auc_gt_2h,0.5841992221512741,268,268,False
baseline_plus_conditional_anchor_softmax,leave_one_allele_out,mse,nonzero,HLA-A*30:02,spearman,0.3277956987801087,344,344,False
baseline_plus_conditional_anchor_softmax,leave_one_allele_out,mse,nonzero,HLA-A*30:02,pearson_log,0.3922911682390086,344,344,False
baseline_plus_conditional_anchor_softmax,leave_one_allele_out,mse,nonzero,HLA-A*30:02,auc_gt_2h,0.6558499432830983,344,344,False
baseline_plus_conditional_anchor_softmax,leave_one_allele_out,mse,nonzero,HLA-A*31:01,spearman,0.6270716283788085,348,348,False
baseline_plus_conditional_anchor_softmax,leave_one_allele_out,mse,nonzero,HLA-A*31:01,pearson_log,0.6123590555088917,348,348,False
baseline_plus_conditional_anchor_softmax,leave_one_allele_out,mse,nonzero,HLA-A*31:01,auc_gt_2h,0.793586763298236,348,348,False
baseline_plus_conditional_anchor_softmax,leave_one_allele_out,mse,nonzero,HLA-A*32:01,spearman,0.7969840681614442,28,28,False
baseline_plus_conditional_anchor_softmax,leave_one_allele_out,mse,nonzero,HLA-A*32:01,pearson_log,0.7780716057750688,28,28,False
baseline_plus_conditional_anchor_softmax,leave_one_allele_out,mse,nonzero,HLA-A*32:01,auc_gt_2h,0.9465240641711229,28,28,False
baseline_plus_conditional_anchor_softmax,leave_one_allele_out,mse,nonzero,HLA-A*32:07,spearman,0.5100428121720314,231,231,False
baseline_plus_conditional_anchor_softmax,leave_one_allele_out,mse,nonzero,HLA-A*32:07,pearson_log,0.5178929761595795,231,231,False
baseline_plus_conditional_anchor_softmax,leave_one_allele_out,mse,nonzero,HLA-A*32:07,auc_gt_2h,0.7289861681106551,231,231,False
baseline_plus_conditional_anchor_softmax,leave_one_allele_out,mse,nonzero,HLA-A*33:03,spearman,0.5398294331483653,235,235,False
baseline_plus_conditional_anchor_softmax,leave_one_allele_out,mse,nonzero,HLA-A*33:03,pearson_log,0.5452948935419087,235,235,False
baseline_plus_conditional_anchor_softmax,leave_one_allele_out,mse,nonzero,HLA-A*33:03,auc_gt_2h,0.7441249226963513,235,235,False
baseline_plus_conditional_anchor_softmax,leave_one_allele_out,mse,nonzero,HLA-A*43:01,spearman,0.3155947756702594,278,278,False
baseline_plus_conditional_anchor_softmax,leave_one_allele_out,mse,nonzero,HLA-A*43:01,pearson_log,0.31758990972987844,278,278,False
baseline_plus_conditional_anchor_softmax,leave_one_allele_out,mse,nonzero,HLA-A*43:01,auc_gt_2h,0.721518987341772,278,278,False
baseline_plus_conditional_anchor_softmax,leave_one_allele_out,mse,nonzero,HLA-A*66:01,spearman,0.43109020652042557,234,234,False
baseline_plus_conditional_anchor_softmax,leave_one_allele_out,mse,nonzero,HLA-A*66:01,pearson_log,0.4710453269978232,234,234,False
baseline_plus_conditional_anchor_softmax,leave_one_allele_out,mse,nonzero,HLA-A*66:01,auc_gt_2h,0.7320261437908496,234,234,False
baseline_plus_conditional_anchor_softmax,leave_one_allele_out,mse,nonzero,HLA-A*68:01,spearman,0.5025748961085861,287,287,False
baseline_plus_conditional_anchor_softmax,leave_one_allele_out,mse,nonzero,HLA-A*68:01,pearson_log,0.4945534372040624,287,287,False
baseline_plus_conditional_anchor_softmax,leave_one_allele_out,mse,nonzero,HLA-A*68:01,auc_gt_2h,0.7400156234742701,287,287,False
baseline_plus_conditional_anchor_softmax,leave_one_allele_out,mse,nonzero,HLA-A*68:02,spearman,-0.06484908994018368,16,16,False
baseline_plus_conditional_anchor_softmax,leave_one_allele_out,mse,nonzero,HLA-A*68:02,pearson_log,-0.18576207092998653,16,16,False
baseline_plus_conditional_anchor_softmax,leave_one_allele_out,mse,nonzero,HLA-A*68:02,auc_gt_2h,0.4285714285714286,16,16,False
baseline_plus_conditional_anchor_softmax,leave_one_allele_out,mse,nonzero,HLA-A*68:23,spearman,0.3174050802130855,313,313,False
baseline_plus_conditional_anchor_softmax,leave_one_allele_out,mse,nonzero,HLA-A*68:23,pearson_log,0.3471602162472621,313,313,False
baseline_plus_conditional_anchor_softmax,leave_one_allele_out,mse,nonzero,HLA-A*68:23,auc_gt_2h,0.6696542893725993,313,313,False
baseline_plus_conditional_anchor_softmax,leave_one_allele_out,mse,nonzero,HLA-A*69:01,spearman,0.19512557866211336,10,10,False
baseline_plus_conditional_anchor_softmax,leave_one_allele_out,mse,nonzero,HLA-A*69:01,pearson_log,0.18337330580728656,10,10,False
baseline_plus_conditional_anchor_softmax,leave_one_allele_out,mse,nonzero,HLA-A*69:01,auc_gt_2h,0.5,10,10,False
baseline_plus_conditional_anchor_softmax,leave_one_allele_out,mse,nonzero,HLA-A*74:01,spearman,0.5321008919551071,304,304,False
baseline_plus_conditional_anchor_softmax,leave_one_allele_out,mse,nonzero,HLA-A*74:01,pearson_log,0.5248143132789542,304,304,False
baseline_plus_conditional_anchor_softmax,leave_one_allele_out,mse,nonzero,HLA-A*74:01,auc_gt_2h,0.7578493464492657,304,304,False
baseline_plus_conditional_anchor_softmax,leave_one_allele_out,mse,nonzero,HLA-A*80:01,spearman,0.3192199132876546,182,182,False
baseline_plus_conditional_anchor_softmax,leave_one_allele_out,mse,nonzero,HLA-A*80:01,pearson_log,0.36803831582751845,182,182,False
baseline_plus_conditional_anchor_softmax,leave_one_allele_out,mse,nonzero,HLA-A*80:01,auc_gt_2h,0.7975044563279857,182,182,False
baseline_plus_conditional_anchor_softmax,leave_one_allele_out,mse,nonzero,HLA-B*07:02,spearman,0.5348532620680705,598,598,False
baseline_plus_conditional_anchor_softmax,leave_one_allele_out,mse,nonzero,HLA-B*07:02,pearson_log,0.5196899156884545,598,598,False
baseline_plus_conditional_anchor_softmax,leave_one_allele_out,mse,nonzero,HLA-B*07:02,auc_gt_2h,0.7467498765775916,598,598,False
baseline_plus_conditional_anchor_softmax,leave_one_allele_out,mse,nonzero,HLA-B*08:01,spearman,0.16166733966008787,331,331,False
baseline_plus_conditional_anchor_softmax,leave_one_allele_out,mse,nonzero,HLA-B*08:01,pearson_log,0.17813765988666827,331,331,False
baseline_plus_conditional_anchor_softmax,leave_one_allele_out,mse,nonzero,HLA-B*08:01,auc_gt_2h,0.7794871794871795,331,331,False
baseline_plus_conditional_anchor_softmax,leave_one_allele_out,mse,nonzero,HLA-B*08:03,spearman,0.225340431551002,203,203,False
baseline_plus_conditional_anchor_softmax,leave_one_allele_out,mse,nonzero,HLA-B*08:03,pearson_log,0.21877625064158948,203,203,False
baseline_plus_conditional_anchor_softmax,leave_one_allele_out,mse,nonzero,HLA-B*08:03,auc_gt_2h,0.6500668449197862,203,203,False
baseline_plus_conditional_anchor_softmax,leave_one_allele_out,mse,nonzero,HLA-B*13:02,spearman,-0.19999999999999998,4,4,False
baseline_plus_conditional_anchor_softmax,leave_one_allele_out,mse,nonzero,HLA-B*13:02,pearson_log,-0.460947847546987,4,4,False
baseline_plus_conditional_anchor_softmax,leave_one_allele_out,mse,nonzero,HLA-B*13:02,auc_gt_2h,0.0,4,4,False
baseline_plus_conditional_anchor_softmax,leave_one_allele_out,mse,nonzero,HLA-B*14:01(C67S),spearman,0.40307253843889024,41,41,False
baseline_plus_conditional_anchor_softmax,leave_one_allele_out,mse,nonzero,HLA-B*14:01(C67S),pearson_log,0.4045921058025498,41,41,False
baseline_plus_conditional_anchor_softmax,leave_one_allele_out,mse,nonzero,HLA-B*14:01(C67S),auc_gt_2h,0.8032258064516129,41,41,False
baseline_plus_conditional_anchor_softmax,leave_one_allele_out,mse,nonzero,HLA-B*14:02(C67S),spearman,0.1491805301923731,96,96,False
baseline_plus_conditional_anchor_softmax,leave_one_allele_out,mse,nonzero,HLA-B*14:02(C67S),pearson_log,0.1743058901299782,96,96,False
baseline_plus_conditional_anchor_softmax,leave_one_allele_out,mse,nonzero,HLA-B*14:02(C67S),auc_gt_2h,0.6162239089184061,96,96,False
baseline_plus_conditional_anchor_softmax,leave_one_allele_out,mse,nonzero,HLA-B*15:01,spearman,0.07957741235846233,1012,1012,False
baseline_plus_conditional_anchor_softmax,leave_one_allele_out,mse,nonzero,HLA-B*15:01,pearson_log,0.08236775878416502,1012,1012,False
baseline_plus_conditional_anchor_softmax,leave_one_allele_out,mse,nonzero,HLA-B*15:01,auc_gt_2h,0.5438075017692852,1012,1012,False
baseline_plus_conditional_anchor_softmax,leave_one_allele_out,mse,nonzero,HLA-B*15:02,spearman,0.3699350473297227,271,271,False
baseline_plus_conditional_anchor_softmax,leave_one_allele_out,mse,nonzero,HLA-B*15:02,pearson_log,0.35122685059746916,271,271,False
baseline_plus_conditional_anchor_softmax,leave_one_allele_out,mse,nonzero,HLA-B*15:02,auc_gt_2h,0.669184455391352,271,271,False
baseline_plus_conditional_anchor_softmax,leave_one_allele_out,mse,nonzero,HLA-B*15:10,spearman,0.4027052882220854,304,304,False
baseline_plus_conditional_anchor_softmax,leave_one_allele_out,mse,nonzero,HLA-B*15:10,pearson_log,0.4113731598733487,304,304,False
baseline_plus_conditional_anchor_softmax,leave_one_allele_out,mse,nonzero,HLA-B*15:10,auc_gt_2h,0.7214032829095591,304,304,False
baseline_plus_conditional_anchor_softmax,leave_one_allele_out,mse,nonzero,HLA-B*15:17,spearman,0.06404809947078252,335,335,False
baseline_plus_conditional_anchor_softmax,leave_one_allele_out,mse,nonzero,HLA-B*15:17,pearson_log,0.08066779630215705,335,335,False
baseline_plus_conditional_anchor_softmax,leave_one_allele_out,mse,nonzero,HLA-B*15:17,auc_gt_2h,0.5125290622578145,335,335,False
baseline_plus_conditional_anchor_softmax,leave_one_allele_out,mse,nonzero,HLA-B*18:01,spearman,0.26294240550652753,315,315,False
baseline_plus_conditional_anchor_softmax,leave_one_allele_out,mse,nonzero,HLA-B*18:01,pearson_log,0.24558561094199655,315,315,False
baseline_plus_conditional_anchor_softmax,leave_one_allele_out,mse,nonzero,HLA-B*18:01,auc_gt_2h,0.6215663832570307,315,315,False
baseline_plus_conditional_anchor_softmax,leave_one_allele_out,mse,nonzero,HLA-B*27:02,spearman,0.48698426753532675,239,239,False
baseline_plus_conditional_anchor_softmax,leave_one_allele_out,mse,nonzero,HLA-B*27:02,pearson_log,0.5210386181285959,239,239,False
baseline_plus_conditional_anchor_softmax,leave_one_allele_out,mse,nonzero,HLA-B*27:02,auc_gt_2h,0.7189208633093525,239,239,False
baseline_plus_conditional_anchor_softmax,leave_one_allele_out,mse,nonzero,HLA-B*27:03,spearman,0.6257092166853003,237,237,False
baseline_plus_conditional_anchor_softmax,leave_one_allele_out,mse,nonzero,HLA-B*27:03,pearson_log,0.6163882472170376,237,237,False
baseline_plus_conditional_anchor_softmax,leave_one_allele_out,mse,nonzero,HLA-B*27:03,auc_gt_2h,0.8118619698058951,237,237,False
baseline_plus_conditional_anchor_softmax,leave_one_allele_out,mse,nonzero,HLA-B*27:05,spearman,0.5735964941947563,307,307,False
baseline_plus_conditional_anchor_softmax,leave_one_allele_out,mse,nonzero,HLA-B*27:05,pearson_log,0.5848812179047629,307,307,False
baseline_plus_conditional_anchor_softmax,leave_one_allele_out,mse,nonzero,HLA-B*27:05,auc_gt_2h,0.8127340823970037,307,307,False
baseline_plus_conditional_anchor_softmax,leave_one_allele_out,mse,nonzero,HLA-B*27:20,spearman,0.35050745788249393,251,251,False
baseline_plus_conditional_anchor_softmax,leave_one_allele_out,mse,nonzero,HLA-B*27:20,pearson_log,0.38891780374288853,251,251,False
baseline_plus_conditional_anchor_softmax,leave_one_allele_out,mse,nonzero,HLA-B*27:20,auc_gt_2h,0.7101670297748729,251,251,False
baseline_plus_conditional_anchor_softmax,leave_one_allele_out,mse,nonzero,HLA-B*35:01,spearman,0.40437160290786095,565,565,False
baseline_plus_conditional_anchor_softmax,leave_one_allele_out,mse,nonzero,HLA-B*35:01,pearson_log,0.41096071985321614,565,565,False
baseline_plus_conditional_anchor_softmax,leave_one_allele_out,mse,nonzero,HLA-B*35:01,auc_gt_2h,0.7225612071802922,565,565,False
baseline_plus_conditional_anchor_softmax,leave_one_allele_out,mse,nonzero,HLA-B*35:03,spearman,0.40178168359056676,357,357,False
baseline_plus_conditional_anchor_softmax,leave_one_allele_out,mse,nonzero,HLA-B*35:03,pearson_log,0.40819281053531375,357,357,False
baseline_plus_conditional_anchor_softmax,leave_one_allele_out,mse,nonzero,HLA-B*35:03,auc_gt_2h,0.6958106223856002,357,357,False
baseline_plus_conditional_anchor_softmax,leave_one_allele_out,mse,nonzero,HLA-B*35:08,spearman,0.5280078557720492,25,25,False
baseline_plus_conditional_anchor_softmax,leave_one_allele_out,mse,nonzero,HLA-B*35:08,pearson_log,0.5992167469841464,25,25,False
baseline_plus_conditional_anchor_softmax,leave_one_allele_out,mse,nonzero,HLA-B*35:08,auc_gt_2h,0.9047619047619048,25,25,False
baseline_plus_conditional_anchor_softmax,leave_one_allele_out,mse,nonzero,HLA-B*39:01,spearman,0.3120712621182431,547,547,False
baseline_plus_conditional_anchor_softmax,leave_one_allele_out,mse,nonzero,HLA-B*39:01,pearson_log,0.3453393055265182,547,547,False
baseline_plus_conditional_anchor_softmax,leave_one_allele_out,mse,nonzero,HLA-B*39:01,auc_gt_2h,0.7324520819563781,547,547,False
baseline_plus_conditional_anchor_softmax,leave_one_allele_out,mse,nonzero,HLA-B*39:02,spearman,0.26280208035879127,306,306,False
baseline_plus_conditional_anchor_softmax,leave_one_allele_out,mse,nonzero,HLA-B*39:02,pearson_log,0.2674441318815318,306,306,False
baseline_plus_conditional_anchor_softmax,leave_one_allele_out,mse,nonzero,HLA-B*39:02,auc_gt_2h,0.6591298552932215,306,306,False
baseline_plus_conditional_anchor_softmax,leave_one_allele_out,mse,nonzero,HLA-B*39:06(C67S),spearman,0.22627987021233295,30,30,False
baseline_plus_conditional_anchor_softmax,leave_one_allele_out,mse,nonzero,HLA-B*39:06(C67S),pearson_log,0.27637372517896336,30,30,False
baseline_plus_conditional_anchor_softmax,leave_one_allele_out,mse,nonzero,HLA-B*39:06(C67S),auc_gt_2h,0.6944444444444444,30,30,False
baseline_plus_conditional_anchor_softmax,leave_one_allele_out,mse,nonzero,HLA-B*39:10,spearman,0.351275620711372,341,341,False
baseline_plus_conditional_anchor_softmax,leave_one_allele_out,mse,nonzero,HLA-B*39:10,pearson_log,0.33207373894337533,341,341,False
baseline_plus_conditional_anchor_softmax,leave_one_allele_out,mse,nonzero,HLA-B*39:10,auc_gt_2h,0.6354994084840291,341,341,False
baseline_plus_conditional_anchor_softmax,leave_one_allele_out,mse,nonzero,HLA-B*40:01,spearman,0.2598578596339197,283,283,False
baseline_plus_conditional_anchor_softmax,leave_one_allele_out,mse,nonzero,HLA-B*40:01,pearson_log,0.20355511127664977,283,283,False
baseline_plus_conditional_anchor_softmax,leave_one_allele_out,mse,nonzero,HLA-B*40:01,auc_gt_2h,0.6447957839262187,283,283,False
baseline_plus_conditional_anchor_softmax,leave_one_allele_out,mse,nonzero,HLA-B*40:02,spearman,0.19649122807017544,19,19,False
baseline_plus_conditional_anchor_softmax,leave_one_allele_out,mse,nonzero,HLA-B*40:02,pearson_log,0.05715585934160751,19,19,False
baseline_plus_conditional_anchor_softmax,leave_one_allele_out,mse,nonzero,HLA-B*40:02,auc_gt_2h,0.5833333333333334,19,19,False
baseline_plus_conditional_anchor_softmax,leave_one_allele_out,mse,nonzero,HLA-B*41:01,spearman,0.3183549039856702,148,148,False
baseline_plus_conditional_anchor_softmax,leave_one_allele_out,mse,nonzero,HLA-B*41:01,pearson_log,0.41525736987563433,148,148,False
baseline_plus_conditional_anchor_softmax,leave_one_allele_out,mse,nonzero,HLA-B*41:01,auc_gt_2h,0.8420554854981085,148,148,False
baseline_plus_conditional_anchor_softmax,leave_one_allele_out,mse,nonzero,HLA-B*42:01,spearman,0.7447696870194934,342,342,False
baseline_plus_conditional_anchor_softmax,leave_one_allele_out,mse,nonzero,HLA-B*42:01,pearson_log,0.7447582824825082,342,342,False
baseline_plus_conditional_anchor_softmax,leave_one_allele_out,mse,nonzero,HLA-B*42:01,auc_gt_2h,0.9073622623110678,342,342,False
baseline_plus_conditional_anchor_softmax,leave_one_allele_out,mse,nonzero,HLA-B*42:02,spearman,0.6605658339731114,340,340,False
baseline_plus_conditional_anchor_softmax,leave_one_allele_out,mse,nonzero,HLA-B*42:02,pearson_log,0.6509172982496483,340,340,False
baseline_plus_conditional_anchor_softmax,leave_one_allele_out,mse,nonzero,HLA-B*42:02,auc_gt_2h,0.8206647949811099,340,340,False
baseline_plus_conditional_anchor_softmax,leave_one_allele_out,mse,nonzero,HLA-B*44:05,spearman,0.0258411233419851,332,332,False
baseline_plus_conditional_anchor_softmax,leave_one_allele_out,mse,nonzero,HLA-B*44:05,pearson_log,0.028204172248608814,332,332,False
baseline_plus_conditional_anchor_softmax,leave_one_allele_out,mse,nonzero,HLA-B*44:05,auc_gt_2h,0.5006956867421983,332,332,False
baseline_plus_conditional_anchor_softmax,leave_one_allele_out,mse,nonzero,HLA-B*45:01,spearman,0.33675824451507985,121,121,False
baseline_plus_conditional_anchor_softmax,leave_one_allele_out,mse,nonzero,HLA-B*45:01,pearson_log,0.4260744961126783,121,121,False
baseline_plus_conditional_anchor_softmax,leave_one_allele_out,mse,nonzero,HLA-B*45:01,auc_gt_2h,0.7584967320261438,121,121,False
baseline_plus_conditional_anchor_softmax,leave_one_allele_out,mse,nonzero,HLA-B*46:01,spearman,0.12862267171738537,213,213,False
baseline_plus_conditional_anchor_softmax,leave_one_allele_out,mse,nonzero,HLA-B*46:01,pearson_log,0.12420109496377474,213,213,False
baseline_plus_conditional_anchor_softmax,leave_one_allele_out,mse,nonzero,HLA-B*46:01,auc_gt_2h,0.5499194847020934,213,213,False
baseline_plus_conditional_anchor_softmax,leave_one_allele_out,mse,nonzero,HLA-B*51:01,spearman,0.23160729142258107,174,174,False
baseline_plus_conditional_anchor_softmax,leave_one_allele_out,mse,nonzero,HLA-B*51:01,pearson_log,0.22662548176058356,174,174,False
baseline_plus_conditional_anchor_softmax,leave_one_allele_out,mse,nonzero,HLA-B*51:01,auc_gt_2h,0.6143116194727298,174,174,False
baseline_plus_conditional_anchor_softmax,leave_one_allele_out,mse,nonzero,HLA-B*54:01,spearman,0.5897756520403178,210,210,False
baseline_plus_conditional_anchor_softmax,leave_one_allele_out,mse,nonzero,HLA-B*54:01,pearson_log,0.6014102724127554,210,210,False
baseline_plus_conditional_anchor_softmax,leave_one_allele_out,mse,nonzero,HLA-B*54:01,auc_gt_2h,0.7954396785347165,210,210,False
baseline_plus_conditional_anchor_softmax,leave_one_allele_out,mse,nonzero,HLA-B*55:01,spearman,0.5868568421790546,168,168,False
baseline_plus_conditional_anchor_softmax,leave_one_allele_out,mse,nonzero,HLA-B*55:01,pearson_log,0.6236320100015682,168,168,False
baseline_plus_conditional_anchor_softmax,leave_one_allele_out,mse,nonzero,HLA-B*55:01,auc_gt_2h,0.8126244829171134,168,168,False
baseline_plus_conditional_anchor_softmax,leave_one_allele_out,mse,nonzero,HLA-B*56:01,spearman,0.705111982085808,190,190,False
baseline_plus_conditional_anchor_softmax,leave_one_allele_out,mse,nonzero,HLA-B*56:01,pearson_log,0.7301279956835135,190,190,False
baseline_plus_conditional_anchor_softmax,leave_one_allele_out,mse,nonzero,HLA-B*56:01,auc_gt_2h,0.8971428571428571,190,190,False
baseline_plus_conditional_anchor_softmax,leave_one_allele_out,mse,nonzero,HLA-B*57:01,spearman,0.5978498536722189,303,303,False
baseline_plus_conditional_anchor_softmax,leave_one_allele_out,mse,nonzero,HLA-B*57:01,pearson_log,0.5948890771447015,303,303,False
baseline_plus_conditional_anchor_softmax,leave_one_allele_out,mse,nonzero,HLA-B*57:01,auc_gt_2h,0.8431168831168832,303,303,False
baseline_plus_conditional_anchor_softmax,leave_one_allele_out,mse,nonzero,HLA-B*57:02,spearman,0.540145555877634,339,339,False
baseline_plus_conditional_anchor_softmax,leave_one_allele_out,mse,nonzero,HLA-B*57:02,pearson_log,0.540304861535517,339,339,False
baseline_plus_conditional_anchor_softmax,leave_one_allele_out,mse,nonzero,HLA-B*57:02,auc_gt_2h,0.769157369348209,339,339,False
baseline_plus_conditional_anchor_softmax,leave_one_allele_out,mse,nonzero,HLA-B*57:03,spearman,0.6161249364251857,367,367,False
baseline_plus_conditional_anchor_softmax,leave_one_allele_out,mse,nonzero,HLA-B*57:03,pearson_log,0.6396195404587076,367,367,False
baseline_plus_conditional_anchor_softmax,leave_one_allele_out,mse,nonzero,HLA-B*57:03,auc_gt_2h,0.8945578231292516,367,367,False
baseline_plus_conditional_anchor_softmax,leave_one_allele_out,mse,nonzero,HLA-B*58:01,spearman,0.5606892751884334,320,320,False
baseline_plus_conditional_anchor_softmax,leave_one_allele_out,mse,nonzero,HLA-B*58:01,pearson_log,0.538229244266903,320,320,False
baseline_plus_conditional_anchor_softmax,leave_one_allele_out,mse,nonzero,HLA-B*58:01,auc_gt_2h,0.7569166666666666,320,320,False
baseline_plus_conditional_anchor_softmax,leave_one_allele_out,mse,nonzero,HLA-B*81:01,spearman,0.4418075961490999,312,312,False
baseline_plus_conditional_anchor_softmax,leave_one_allele_out,mse,nonzero,HLA-B*81:01,pearson_log,0.35861623350031246,312,312,False
baseline_plus_conditional_anchor_softmax,leave_one_allele_out,mse,nonzero,HLA-B*81:01,auc_gt_2h,0.5816783377338997,312,312,False
baseline_plus_conditional_anchor_softmax,peptide_disjoint,mse,all,HLA-A*01:01,spearman,0.14801649423891008,37,37,False
baseline_plus_conditional_anchor_softmax,peptide_disjoint,mse,all,HLA-A*01:01,pearson_log,0.29782914780632763,37,37,False
baseline_plus_conditional_anchor_softmax,peptide_disjoint,mse,all,HLA-A*01:01,auc_gt_2h,0.7407407407407408,37,37,False
baseline_plus_conditional_anchor_softmax,peptide_disjoint,mse,all,HLA-A*02:01,spearman,0.6715320391391532,197,197,False
baseline_plus_conditional_anchor_softmax,peptide_disjoint,mse,all,HLA-A*02:01,pearson_log,0.6671282238476359,197,197,False
baseline_plus_conditional_anchor_softmax,peptide_disjoint,mse,all,HLA-A*02:01,auc_gt_2h,0.8263801095659503,197,197,False
baseline_plus_conditional_anchor_softmax,peptide_disjoint,mse,all,HLA-A*02:03,spearman,0.6241404928357391,71,71,False
baseline_plus_conditional_anchor_softmax,peptide_disjoint,mse,all,HLA-A*02:03,pearson_log,0.6194455975588098,71,71,False
baseline_plus_conditional_anchor_softmax,peptide_disjoint,mse,all,HLA-A*02:03,auc_gt_2h,0.7947454844006568,71,71,False
baseline_plus_conditional_anchor_softmax,peptide_disjoint,mse,all,HLA-A*02:05,spearman,,1,1,True
baseline_plus_conditional_anchor_softmax,peptide_disjoint,mse,all,HLA-A*02:05,pearson_log,,1,1,True
baseline_plus_conditional_anchor_softmax,peptide_disjoint,mse,all,HLA-A*02:05,auc_gt_2h,,1,1,True
baseline_plus_conditional_anchor_softmax,peptide_disjoint,mse,all,HLA-A*02:10,spearman,0.5409442488867874,68,68,False
baseline_plus_conditional_anchor_softmax,peptide_disjoint,mse,all,HLA-A*02:10,pearson_log,0.540352111666995,68,68,False
baseline_plus_conditional_anchor_softmax,peptide_disjoint,mse,all,HLA-A*02:10,auc_gt_2h,0.7750653879686138,68,68,False
baseline_plus_conditional_anchor_softmax,peptide_disjoint,mse,all,HLA-A*02:11,spearman,0.4078817578495509,69,69,False
baseline_plus_conditional_anchor_softmax,peptide_disjoint,mse,all,HLA-A*02:11,pearson_log,0.4583586911688611,69,69,False
baseline_plus_conditional_anchor_softmax,peptide_disjoint,mse,all,HLA-A*02:11,auc_gt_2h,0.719435736677116,69,69,False
baseline_plus_conditional_anchor_softmax,peptide_disjoint,mse,all,HLA-A*02:12,spearman,0.6707529870755948,69,69,False
baseline_plus_conditional_anchor_softmax,peptide_disjoint,mse,all,HLA-A*02:12,pearson_log,0.6612165917637206,69,69,False
baseline_plus_conditional_anchor_softmax,peptide_disjoint,mse,all,HLA-A*02:12,auc_gt_2h,0.88,69,69,False
baseline_plus_conditional_anchor_softmax,peptide_disjoint,mse,all,HLA-A*02:16,spearman,0.511358966269691,69,69,False
baseline_plus_conditional_anchor_softmax,peptide_disjoint,mse,all,HLA-A*02:16,pearson_log,0.5193292000539309,69,69,False
baseline_plus_conditional_anchor_softmax,peptide_disjoint,mse,all,HLA-A*02:16,auc_gt_2h,0.7660818713450293,69,69,False
baseline_plus_conditional_anchor_softmax,peptide_disjoint,mse,all,HLA-A*02:19,spearman,0.6664005748858384,67,67,False
baseline_plus_conditional_anchor_softmax,peptide_disjoint,mse,all,HLA-A*02:19,pearson_log,0.7227798100400054,67,67,False
baseline_plus_conditional_anchor_softmax,peptide_disjoint,mse,all,HLA-A*02:19,auc_gt_2h,0.8555555555555555,67,67,False
baseline_plus_conditional_anchor_softmax,peptide_disjoint,mse,all,HLA-A*02:50,spearman,0.6084327051035459,69,69,False
baseline_plus_conditional_anchor_softmax,peptide_disjoint,mse,all,HLA-A*02:50,pearson_log,0.5432183735049858,69,69,False
baseline_plus_conditional_anchor_softmax,peptide_disjoint,mse,all,HLA-A*02:50,auc_gt_2h,0.7907239819004525,69,69,False
baseline_plus_conditional_anchor_softmax,peptide_disjoint,mse,all,HLA-A*03:01,spearman,0.709676030893449,181,181,False
baseline_plus_conditional_anchor_softmax,peptide_disjoint,mse,all,HLA-A*03:01,pearson_log,0.7057262096091994,181,181,False
baseline_plus_conditional_anchor_softmax,peptide_disjoint,mse,all,HLA-A*03:01,auc_gt_2h,0.8791568473422362,181,181,False
baseline_plus_conditional_anchor_softmax,peptide_disjoint,mse,all,HLA-A*11:01,spearman,0.7507454040544805,121,121,False
baseline_plus_conditional_anchor_softmax,peptide_disjoint,mse,all,HLA-A*11:01,pearson_log,0.7100710871430307,121,121,False
baseline_plus_conditional_anchor_softmax,peptide_disjoint,mse,all,HLA-A*11:01,auc_gt_2h,0.8747165532879818,121,121,False
baseline_plus_conditional_anchor_softmax,peptide_disjoint,mse,all,HLA-A*23:01,spearman,0.7644674240127982,76,76,False
baseline_plus_conditional_anchor_softmax,peptide_disjoint,mse,all,HLA-A*23:01,pearson_log,0.7266846426458035,76,76,False
baseline_plus_conditional_anchor_softmax,peptide_disjoint,mse,all,HLA-A*23:01,auc_gt_2h,0.9160714285714286,76,76,False
baseline_plus_conditional_anchor_softmax,peptide_disjoint,mse,all,HLA-A*24:02,spearman,0.7117724054517688,114,114,False
baseline_plus_conditional_anchor_softmax,peptide_disjoint,mse,all,HLA-A*24:02,pearson_log,0.7294722589873521,114,114,False
baseline_plus_conditional_anchor_softmax,peptide_disjoint,mse,all,HLA-A*24:02,auc_gt_2h,0.8471875000000001,114,114,False
baseline_plus_conditional_anchor_softmax,peptide_disjoint,mse,all,HLA-A*24:03,spearman,0.6537715661896424,107,107,False
baseline_plus_conditional_anchor_softmax,peptide_disjoint,mse,all,HLA-A*24:03,pearson_log,0.5691890873412332,107,107,False
baseline_plus_conditional_anchor_softmax,peptide_disjoint,mse,all,HLA-A*24:03,auc_gt_2h,0.8243050605844618,107,107,False
baseline_plus_conditional_anchor_softmax,peptide_disjoint,mse,all,HLA-A*24:07,spearman,0.7428327028674829,74,74,False
baseline_plus_conditional_anchor_softmax,peptide_disjoint,mse,all,HLA-A*24:07,pearson_log,0.7574901477888545,74,74,False
baseline_plus_conditional_anchor_softmax,peptide_disjoint,mse,all,HLA-A*24:07,auc_gt_2h,0.888888888888889,74,74,False
baseline_plus_conditional_anchor_softmax,peptide_disjoint,mse,all,HLA-A*24:19,spearman,0.28527380550057796,80,80,False
baseline_plus_conditional_anchor_softmax,peptide_disjoint,mse,all,HLA-A*24:19,pearson_log,0.2758033615585991,80,80,False
baseline_plus_conditional_anchor_softmax,peptide_disjoint,mse,all,HLA-A*24:19,auc_gt_2h,0.5413333333333332,80,80,False
baseline_plus_conditional_anchor_softmax,peptide_disjoint,mse,all,HLA-A*25:01,spearman,0.5548996900075549,74,74,False
baseline_plus_conditional_anchor_softmax,peptide_disjoint,mse,all,HLA-A*25:01,pearson_log,0.5768481605419395,74,74,False
baseline_plus_conditional_anchor_softmax,peptide_disjoint,mse,all,HLA-A*25:01,auc_gt_2h,0.8622009569377991,74,74,False
baseline_plus_conditional_anchor_softmax,peptide_disjoint,mse,all,HLA-A*26:01,spearman,0.5662299171442686,45,45,False
baseline_plus_conditional_anchor_softmax,peptide_disjoint,mse,all,HLA-A*26:01,pearson_log,0.5698657901585098,45,45,False
baseline_plus_conditional_anchor_softmax,peptide_disjoint,mse,all,HLA-A*26:01,auc_gt_2h,0.808,45,45,False
baseline_plus_conditional_anchor_softmax,peptide_disjoint,mse,all,HLA-A*26:02,spearman,0.5756120211916119,68,68,False
baseline_plus_conditional_anchor_softmax,peptide_disjoint,mse,all,HLA-A*26:02,pearson_log,0.585060283398811,68,68,False
baseline_plus_conditional_anchor_softmax,peptide_disjoint,mse,all,HLA-A*26:02,auc_gt_2h,0.8018604651162791,68,68,False
baseline_plus_conditional_anchor_softmax,peptide_disjoint,mse,all,HLA-A*26:03,spearman,0.45992367176059273,75,75,False
baseline_plus_conditional_anchor_softmax,peptide_disjoint,mse,all,HLA-A*26:03,pearson_log,0.4919862062764433,75,75,False
baseline_plus_conditional_anchor_softmax,peptide_disjoint,mse,all,HLA-A*26:03,auc_gt_2h,0.747072599531616,75,75,False
baseline_plus_conditional_anchor_softmax,peptide_disjoint,mse,all,HLA-A*29:02,spearman,0.6845108502249463,73,73,False
baseline_plus_conditional_anchor_softmax,peptide_disjoint,mse,all,HLA-A*29:02,pearson_log,0.7084728482170299,73,73,False
baseline_plus_conditional_anchor_softmax,peptide_disjoint,mse,all,HLA-A*29:02,auc_gt_2h,0.8582202111613876,73,73,False
baseline_plus_conditional_anchor_softmax,peptide_disjoint,mse,all,HLA-A*30:01,spearman,0.5302793462287795,86,86,False
baseline_plus_conditional_anchor_softmax,peptide_disjoint,mse,all,HLA-A*30:01,pearson_log,0.539361995893251,86,86,False
baseline_plus_conditional_anchor_softmax,peptide_disjoint,mse,all,HLA-A*30:01,auc_gt_2h,0.6683006535947713,86,86,False
baseline_plus_conditional_anchor_softmax,peptide_disjoint,mse,all,HLA-A*30:02,spearman,0.39954627231648054,73,73,False
baseline_plus_conditional_anchor_softmax,peptide_disjoint,mse,all,HLA-A*30:02,pearson_log,0.38299436777511764,73,73,False
baseline_plus_conditional_anchor_softmax,peptide_disjoint,mse,all,HLA-A*30:02,auc_gt_2h,0.7095652173913044,73,73,False
baseline_plus_conditional_anchor_softmax,peptide_disjoint,mse,all,HLA-A*31:01,spearman,0.6608484189068031,85,85,False
baseline_plus_conditional_anchor_softmax,peptide_disjoint,mse,all,HLA-A*31:01,pearson_log,0.5748876226469894,85,85,False
baseline_plus_conditional_anchor_softmax,peptide_disjoint,mse,all,HLA-A*31:01,auc_gt_2h,0.8288288288288288,85,85,False
baseline_plus_conditional_anchor_softmax,peptide_disjoint,mse,all,HLA-A*32:01,spearman,0.8720815992723809,5,5,False
baseline_plus_conditional_anchor_softmax,peptide_disjoint,mse,all,HLA-A*32:01,pearson_log,0.858602369302928,5,5,False
baseline_plus_conditional_anchor_softmax,peptide_disjoint,mse,all,HLA-A*32:01,auc_gt_2h,1.0,5,5,False
baseline_plus_conditional_anchor_softmax,peptide_disjoint,mse,all,HLA-A*32:07,spearman,0.7406681964892209,76,76,False
baseline_plus_conditional_anchor_softmax,peptide_disjoint,mse,all,HLA-A*32:07,pearson_log,0.7665820143314012,76,76,False
baseline_plus_conditional_anchor_softmax,peptide_disjoint,mse,all,HLA-A*32:07,auc_gt_2h,0.8601662887377173,76,76,False
baseline_plus_conditional_anchor_softmax,peptide_disjoint,mse,all,HLA-A*33:03,spearman,0.571573559675798,84,84,False
baseline_plus_conditional_anchor_softmax,peptide_disjoint,mse,all,HLA-A*33:03,pearson_log,0.5605803767129249,84,84,False
baseline_plus_conditional_anchor_softmax,peptide_disjoint,mse,all,HLA-A*33:03,auc_gt_2h,0.8191609977324262,84,84,False
baseline_plus_conditional_anchor_softmax,peptide_disjoint,mse,all,HLA-A*43:01,spearman,0.42432841919855274,73,73,False
baseline_plus_conditional_anchor_softmax,peptide_disjoint,mse,all,HLA-A*43:01,pearson_log,0.5046971356656111,73,73,False
baseline_plus_conditional_anchor_softmax,peptide_disjoint,mse,all,HLA-A*43:01,auc_gt_2h,0.7430555555555556,73,73,False
baseline_plus_conditional_anchor_softmax,peptide_disjoint,mse,all,HLA-A*66:01,spearman,0.3111451187758959,79,79,False
baseline_plus_conditional_anchor_softmax,peptide_disjoint,mse,all,HLA-A*66:01,pearson_log,0.32726387840344795,79,79,False
baseline_plus_conditional_anchor_softmax,peptide_disjoint,mse,all,HLA-A*66:01,auc_gt_2h,0.4433333333333333,79,79,False
baseline_plus_conditional_anchor_softmax,peptide_disjoint,mse,all,HLA-A*68:01,spearman,0.7029380989996816,85,85,False
baseline_plus_conditional_anchor_softmax,peptide_disjoint,mse,all,HLA-A*68:01,pearson_log,0.7072463364929173,85,85,False
baseline_plus_conditional_anchor_softmax,peptide_disjoint,mse,all,HLA-A*68:01,auc_gt_2h,0.8266888150609081,85,85,False
baseline_plus_conditional_anchor_softmax,peptide_disjoint,mse,all,HLA-A*68:02,spearman,,1,1,True
baseline_plus_conditional_anchor_softmax,peptide_disjoint,mse,all,HLA-A*68:02,pearson_log,,1,1,True
baseline_plus_conditional_anchor_softmax,peptide_disjoint,mse,all,HLA-A*68:02,auc_gt_2h,,1,1,True
baseline_plus_conditional_anchor_softmax,peptide_disjoint,mse,all,HLA-A*68:23,spearman,0.4701037441264586,79,79,False
baseline_plus_conditional_anchor_softmax,peptide_disjoint,mse,all,HLA-A*68:23,pearson_log,0.5344833499829689,79,79,False
baseline_plus_conditional_anchor_softmax,peptide_disjoint,mse,all,HLA-A*68:23,auc_gt_2h,0.7736318407960199,79,79,False
baseline_plus_conditional_anchor_softmax,peptide_disjoint,mse,all,HLA-A*69:01,spearman,,1,1,True
baseline_plus_conditional_anchor_softmax,peptide_disjoint,mse,all,HLA-A*69:01,pearson_log,,1,1,True
baseline_plus_conditional_anchor_softmax,peptide_disjoint,mse,all,HLA-A*69:01,auc_gt_2h,,1,1,True
baseline_plus_conditional_anchor_softmax,peptide_disjoint,mse,all,HLA-A*74:01,spearman,0.7383295256270431,78,78,False
baseline_plus_conditional_anchor_softmax,peptide_disjoint,mse,all,HLA-A*74:01,pearson_log,0.7062790455871795,78,78,False
baseline_plus_conditional_anchor_softmax,peptide_disjoint,mse,all,HLA-A*74:01,auc_gt_2h,0.8905735003295979,78,78,False
baseline_plus_conditional_anchor_softmax,peptide_disjoint,mse,all,HLA-A*80:01,spearman,0.4178584085083524,68,68,False
baseline_plus_conditional_anchor_softmax,peptide_disjoint,mse,all,HLA-A*80:01,pearson_log,0.4146500765884945,68,68,False
baseline_plus_conditional_anchor_softmax,peptide_disjoint,mse,all,HLA-A*80:01,auc_gt_2h,0.85546875,68,68,False
baseline_plus_conditional_anchor_softmax,peptide_disjoint,mse,all,HLA-B*07:02,spearman,0.5943608650236903,142,142,False
baseline_plus_conditional_anchor_softmax,peptide_disjoint,mse,all,HLA-B*07:02,pearson_log,0.5722894764688526,142,142,False
baseline_plus_conditional_anchor_softmax,peptide_disjoint,mse,all,HLA-B*07:02,auc_gt_2h,0.7905056759545924,142,142,False
baseline_plus_conditional_anchor_softmax,peptide_disjoint,mse,all,HLA-B*08:01,spearman,0.45169798434240654,86,86,False
baseline_plus_conditional_anchor_softmax,peptide_disjoint,mse,all,HLA-B*08:01,pearson_log,0.4380182427034246,86,86,False
baseline_plus_conditional_anchor_softmax,peptide_disjoint,mse,all,HLA-B*08:01,auc_gt_2h,0.9647058823529412,86,86,False
baseline_plus_conditional_anchor_softmax,peptide_disjoint,mse,all,HLA-B*08:03,spearman,0.4052622334034115,72,72,False
baseline_plus_conditional_anchor_softmax,peptide_disjoint,mse,all,HLA-B*08:03,pearson_log,0.42709599724446823,72,72,False
baseline_plus_conditional_anchor_softmax,peptide_disjoint,mse,all,HLA-B*08:03,auc_gt_2h,0.5404411764705883,72,72,False
baseline_plus_conditional_anchor_softmax,peptide_disjoint,mse,all,HLA-B*13:02,spearman,,2,2,False
baseline_plus_conditional_anchor_softmax,peptide_disjoint,mse,all,HLA-B*13:02,pearson_log,,2,2,False
baseline_plus_conditional_anchor_softmax,peptide_disjoint,mse,all,HLA-B*13:02,auc_gt_2h,,2,2,False
baseline_plus_conditional_anchor_softmax,peptide_disjoint,mse,all,HLA-B*14:01(C67S),spearman,0.42664700595436345,75,75,False
baseline_plus_conditional_anchor_softmax,peptide_disjoint,mse,all,HLA-B*14:01(C67S),pearson_log,0.3956805771952193,75,75,False
baseline_plus_conditional_anchor_softmax,peptide_disjoint,mse,all,HLA-B*14:01(C67S),auc_gt_2h,0.9049295774647887,75,75,False
baseline_plus_conditional_anchor_softmax,peptide_disjoint,mse,all,HLA-B*14:02(C67S),spearman,0.5154472838045498,73,73,False
baseline_plus_conditional_anchor_softmax,peptide_disjoint,mse,all,HLA-B*14:02(C67S),pearson_log,0.4327669636320343,73,73,False
baseline_plus_conditional_anchor_softmax,peptide_disjoint,mse,all,HLA-B*14:02(C67S),auc_gt_2h,0.7795138888888888,73,73,False
baseline_plus_conditional_anchor_softmax,peptide_disjoint,mse,all,HLA-B*15:01,spearman,0.3871607326708812,206,206,False
baseline_plus_conditional_anchor_softmax,peptide_disjoint,mse,all,HLA-B*15:01,pearson_log,0.4495171638025982,206,206,False
baseline_plus_conditional_anchor_softmax,peptide_disjoint,mse,all,HLA-B*15:01,auc_gt_2h,0.783132530120482,206,206,False
baseline_plus_conditional_anchor_softmax,peptide_disjoint,mse,all,HLA-B*15:02,spearman,0.5485426121324287,69,69,False
baseline_plus_conditional_anchor_softmax,peptide_disjoint,mse,all,HLA-B*15:02,pearson_log,0.6314891177712174,69,69,False
baseline_plus_conditional_anchor_softmax,peptide_disjoint,mse,all,HLA-B*15:02,auc_gt_2h,0.7008547008547008,69,69,False
baseline_plus_conditional_anchor_softmax,peptide_disjoint,mse,all,HLA-B*15:10,spearman,0.5996818396034872,65,65,False
baseline_plus_conditional_anchor_softmax,peptide_disjoint,mse,all,HLA-B*15:10,pearson_log,0.5984744858993043,65,65,False
baseline_plus_conditional_anchor_softmax,peptide_disjoint,mse,all,HLA-B*15:10,auc_gt_2h,0.8851540616246499,65,65,False
baseline_plus_conditional_anchor_softmax,peptide_disjoint,mse,all,HLA-B*15:17,spearman,0.3122686542580417,67,67,False
baseline_plus_conditional_anchor_softmax,peptide_disjoint,mse,all,HLA-B*15:17,pearson_log,0.36083239442885034,67,67,False
baseline_plus_conditional_anchor_softmax,peptide_disjoint,mse,all,HLA-B*15:17,auc_gt_2h,0.6213235294117647,67,67,False
baseline_plus_conditional_anchor_softmax,peptide_disjoint,mse,all,HLA-B*18:01,spearman,0.5343689038089333,67,67,False
baseline_plus_conditional_anchor_softmax,peptide_disjoint,mse,all,HLA-B*18:01,pearson_log,0.5713114312001872,67,67,False
baseline_plus_conditional_anchor_softmax,peptide_disjoint,mse,all,HLA-B*18:01,auc_gt_2h,0.720952380952381,67,67,False
baseline_plus_conditional_anchor_softmax,peptide_disjoint,mse,all,HLA-B*27:02,spearman,0.8444174964478663,73,73,False
baseline_plus_conditional_anchor_softmax,peptide_disjoint,mse,all,HLA-B*27:02,pearson_log,0.8521735578338583,73,73,False
baseline_plus_conditional_anchor_softmax,peptide_disjoint,mse,all,HLA-B*27:02,auc_gt_2h,0.9744744744744744,73,73,False
baseline_plus_conditional_anchor_softmax,peptide_disjoint,mse,all,HLA-B*27:03,spearman,0.7861658149829734,78,78,False
baseline_plus_conditional_anchor_softmax,peptide_disjoint,mse,all,HLA-B*27:03,pearson_log,0.7714326001789846,78,78,False
baseline_plus_conditional_anchor_softmax,peptide_disjoint,mse,all,HLA-B*27:03,auc_gt_2h,0.9057002111189304,78,78,False
baseline_plus_conditional_anchor_softmax,peptide_disjoint,mse,all,HLA-B*27:05,spearman,0.6330150370104044,80,80,False
baseline_plus_conditional_anchor_softmax,peptide_disjoint,mse,all,HLA-B*27:05,pearson_log,0.6336253326107834,80,80,False
baseline_plus_conditional_anchor_softmax,peptide_disjoint,mse,all,HLA-B*27:05,auc_gt_2h,0.8317214700193423,80,80,False
baseline_plus_conditional_anchor_softmax,peptide_disjoint,mse,all,HLA-B*27:20,spearman,0.789515818942461,76,76,False
baseline_plus_conditional_anchor_softmax,peptide_disjoint,mse,all,HLA-B*27:20,pearson_log,0.7906561276776585,76,76,False
baseline_plus_conditional_anchor_softmax,peptide_disjoint,mse,all,HLA-B*27:20,auc_gt_2h,0.8857142857142857,76,76,False
baseline_plus_conditional_anchor_softmax,peptide_disjoint,mse,all,HLA-B*35:01,spearman,0.6286831343934927,128,128,False
baseline_plus_conditional_anchor_softmax,peptide_disjoint,mse,all,HLA-B*35:01,pearson_log,0.6233948526765131,128,128,False
baseline_plus_conditional_anchor_softmax,peptide_disjoint,mse,all,HLA-B*35:01,auc_gt_2h,0.8220098165848617,128,128,False
baseline_plus_conditional_anchor_softmax,peptide_disjoint,mse,all,HLA-B*35:03,spearman,0.5167416741843746,87,87,False
baseline_plus_conditional_anchor_softmax,peptide_disjoint,mse,all,HLA-B*35:03,pearson_log,0.5854856945670126,87,87,False
baseline_plus_conditional_anchor_softmax,peptide_disjoint,mse,all,HLA-B*35:03,auc_gt_2h,0.7140591966173362,87,87,False
baseline_plus_conditional_anchor_softmax,peptide_disjoint,mse,all,HLA-B*35:08,spearman,-0.09999999999999999,5,5,False
baseline_plus_conditional_anchor_softmax,peptide_disjoint,mse,all,HLA-B*35:08,pearson_log,-0.03896940021761361,5,5,False
baseline_plus_conditional_anchor_softmax,peptide_disjoint,mse,all,HLA-B*35:08,auc_gt_2h,,5,5,False
baseline_plus_conditional_anchor_softmax,peptide_disjoint,mse,all,HLA-B*39:01,spearman,0.44042817693948555,136,136,False
baseline_plus_conditional_anchor_softmax,peptide_disjoint,mse,all,HLA-B*39:01,pearson_log,0.5050031527067865,136,136,False
baseline_plus_conditional_anchor_softmax,peptide_disjoint,mse,all,HLA-B*39:01,auc_gt_2h,0.799370220422852,136,136,False
baseline_plus_conditional_anchor_softmax,peptide_disjoint,mse,all,HLA-B*39:02,spearman,0.5063244329397275,65,65,False
baseline_plus_conditional_anchor_softmax,peptide_disjoint,mse,all,HLA-B*39:02,pearson_log,0.5062912829385569,65,65,False
baseline_plus_conditional_anchor_softmax,peptide_disjoint,mse,all,HLA-B*39:02,auc_gt_2h,0.7688787185354691,65,65,False
baseline_plus_conditional_anchor_softmax,peptide_disjoint,mse,all,HLA-B*39:06(C67S),spearman,0.10371206038414706,67,67,False
baseline_plus_conditional_anchor_softmax,peptide_disjoint,mse,all,HLA-B*39:06(C67S),pearson_log,0.11770852431999282,67,67,False
baseline_plus_conditional_anchor_softmax,peptide_disjoint,mse,all,HLA-B*39:06(C67S),auc_gt_2h,,67,67,False
baseline_plus_conditional_anchor_softmax,peptide_disjoint,mse,all,HLA-B*39:10,spearman,0.5321878965056078,85,85,False
baseline_plus_conditional_anchor_softmax,peptide_disjoint,mse,all,HLA-B*39:10,pearson_log,0.5722999286533361,85,85,False
baseline_plus_conditional_anchor_softmax,peptide_disjoint,mse,all,HLA-B*39:10,auc_gt_2h,0.7697142857142858,85,85,False
baseline_plus_conditional_anchor_softmax,peptide_disjoint,mse,all,HLA-B*40:01,spearman,0.43494033229837653,57,57,False
baseline_plus_conditional_anchor_softmax,peptide_disjoint,mse,all,HLA-B*40:01,pearson_log,0.30050759247590336,57,57,False
baseline_plus_conditional_anchor_softmax,peptide_disjoint,mse,all,HLA-B*40:01,auc_gt_2h,0.8028571428571429,57,57,False
baseline_plus_conditional_anchor_softmax,peptide_disjoint,mse,all,HLA-B*40:02,spearman,-0.19999999999999998,5,5,False
baseline_plus_conditional_anchor_softmax,peptide_disjoint,mse,all,HLA-B*40:02,pearson_log,-0.10719234912145872,5,5,False
baseline_plus_conditional_anchor_softmax,peptide_disjoint,mse,all,HLA-B*40:02,auc_gt_2h,0.75,5,5,False
baseline_plus_conditional_anchor_softmax,peptide_disjoint,mse,all,HLA-B*41:01,spearman,0.4960421548295756,71,71,False
baseline_plus_conditional_anchor_softmax,peptide_disjoint,mse,all,HLA-B*41:01,pearson_log,0.578437422017206,71,71,False
baseline_plus_conditional_anchor_softmax,peptide_disjoint,mse,all,HLA-B*41:01,auc_gt_2h,0.805128205128205,71,71,False
baseline_plus_conditional_anchor_softmax,peptide_disjoint,mse,all,HLA-B*42:01,spearman,0.625481459462597,77,77,False
baseline_plus_conditional_anchor_softmax,peptide_disjoint,mse,all,HLA-B*42:01,pearson_log,0.6467313190599818,77,77,False
baseline_plus_conditional_anchor_softmax,peptide_disjoint,mse,all,HLA-B*42:01,auc_gt_2h,0.8545673076923076,77,77,False
baseline_plus_conditional_anchor_softmax,peptide_disjoint,mse,all,HLA-B*42:02,spearman,0.6901757353488412,86,86,False
baseline_plus_conditional_anchor_softmax,peptide_disjoint,mse,all,HLA-B*42:02,pearson_log,0.6726889696319678,86,86,False
baseline_plus_conditional_anchor_softmax,peptide_disjoint,mse,all,HLA-B*42:02,auc_gt_2h,0.8364145658263306,86,86,False
baseline_plus_conditional_anchor_softmax,peptide_disjoint,mse,all,HLA-B*44:05,spearman,0.37750116785586113,68,68,False
baseline_plus_conditional_anchor_softmax,peptide_disjoint,mse,all,HLA-B*44:05,pearson_log,0.3973642677024528,68,68,False
baseline_plus_conditional_anchor_softmax,peptide_disjoint,mse,all,HLA-B*44:05,auc_gt_2h,0.6531620553359684,68,68,False
baseline_plus_conditional_anchor_softmax,peptide_disjoint,mse,all,HLA-B*45:01,spearman,0.46842657857734443,68,68,False
baseline_plus_conditional_anchor_softmax,peptide_disjoint,mse,all,HLA-B*45:01,pearson_log,0.5720739385240567,68,68,False
baseline_plus_conditional_anchor_softmax,peptide_disjoint,mse,all,HLA-B*45:01,auc_gt_2h,0.8306451612903226,68,68,False
baseline_plus_conditional_anchor_softmax,peptide_disjoint,mse,all,HLA-B*46:01,spearman,0.1761129128287747,72,72,False
baseline_plus_conditional_anchor_softmax,peptide_disjoint,mse,all,HLA-B*46:01,pearson_log,0.21078197015598,72,72,False
baseline_plus_conditional_anchor_softmax,peptide_disjoint,mse,all,HLA-B*46:01,auc_gt_2h,0.634920634920635,72,72,False
baseline_plus_conditional_anchor_softmax,peptide_disjoint,mse,all,HLA-B*51:01,spearman,0.7498373249226908,78,78,False
baseline_plus_conditional_anchor_softmax,peptide_disjoint,mse,all,HLA-B*51:01,pearson_log,0.7438799238469164,78,78,False
baseline_plus_conditional_anchor_softmax,peptide_disjoint,mse,all,HLA-B*51:01,auc_gt_2h,0.9176389842141387,78,78,False
baseline_plus_conditional_anchor_softmax,peptide_disjoint,mse,all,HLA-B*54:01,spearman,0.7828947627857712,82,82,False
baseline_plus_conditional_anchor_softmax,peptide_disjoint,mse,all,HLA-B*54:01,pearson_log,0.7923157604748646,82,82,False
baseline_plus_conditional_anchor_softmax,peptide_disjoint,mse,all,HLA-B*54:01,auc_gt_2h,0.9249999999999999,82,82,False
baseline_plus_conditional_anchor_softmax,peptide_disjoint,mse,all,HLA-B*55:01,spearman,0.6886603761211039,87,87,False
baseline_plus_conditional_anchor_softmax,peptide_disjoint,mse,all,HLA-B*55:01,pearson_log,0.7177672287075052,87,87,False
baseline_plus_conditional_anchor_softmax,peptide_disjoint,mse,all,HLA-B*55:01,auc_gt_2h,0.8743961352657005,87,87,False
baseline_plus_conditional_anchor_softmax,peptide_disjoint,mse,all,HLA-B*56:01,spearman,0.7695691813951147,86,86,False
baseline_plus_conditional_anchor_softmax,peptide_disjoint,mse,all,HLA-B*56:01,pearson_log,0.791313709892103,86,86,False
baseline_plus_conditional_anchor_softmax,peptide_disjoint,mse,all,HLA-B*56:01,auc_gt_2h,0.9560810810810811,86,86,False
baseline_plus_conditional_anchor_softmax,peptide_disjoint,mse,all,HLA-B*57:01,spearman,0.601384334808159,63,63,False
baseline_plus_conditional_anchor_softmax,peptide_disjoint,mse,all,HLA-B*57:01,pearson_log,0.47000126221302974,63,63,False
baseline_plus_conditional_anchor_softmax,peptide_disjoint,mse,all,HLA-B*57:01,auc_gt_2h,0.8178191489361702,63,63,False
baseline_plus_conditional_anchor_softmax,peptide_disjoint,mse,all,HLA-B*57:02,spearman,0.5546439811198377,68,68,False
baseline_plus_conditional_anchor_softmax,peptide_disjoint,mse,all,HLA-B*57:02,pearson_log,0.5708675078467917,68,68,False
baseline_plus_conditional_anchor_softmax,peptide_disjoint,mse,all,HLA-B*57:02,auc_gt_2h,0.7261009667024705,68,68,False
baseline_plus_conditional_anchor_softmax,peptide_disjoint,mse,all,HLA-B*57:03,spearman,0.7213884369669498,70,70,False
baseline_plus_conditional_anchor_softmax,peptide_disjoint,mse,all,HLA-B*57:03,pearson_log,0.7292381425055018,70,70,False
baseline_plus_conditional_anchor_softmax,peptide_disjoint,mse,all,HLA-B*57:03,auc_gt_2h,0.881243063263041,70,70,False
baseline_plus_conditional_anchor_softmax,peptide_disjoint,mse,all,HLA-B*58:01,spearman,0.6038124034072507,70,70,False
baseline_plus_conditional_anchor_softmax,peptide_disjoint,mse,all,HLA-B*58:01,pearson_log,0.4929713766820317,70,70,False
baseline_plus_conditional_anchor_softmax,peptide_disjoint,mse,all,HLA-B*58:01,auc_gt_2h,0.8022875816993464,70,70,False
baseline_plus_conditional_anchor_softmax,peptide_disjoint,mse,all,HLA-B*81:01,spearman,0.5735480502330345,80,80,False
baseline_plus_conditional_anchor_softmax,peptide_disjoint,mse,all,HLA-B*81:01,pearson_log,0.5307755677254691,80,80,False
baseline_plus_conditional_anchor_softmax,peptide_disjoint,mse,all,HLA-B*81:01,auc_gt_2h,0.7335526315789473,80,80,False
baseline_plus_conditional_anchor_softmax,peptide_disjoint,mse,nonzero,HLA-A*01:01,spearman,0.1792010282145429,34,34,False
baseline_plus_conditional_anchor_softmax,peptide_disjoint,mse,nonzero,HLA-A*01:01,pearson_log,0.3443393162941015,34,34,False
baseline_plus_conditional_anchor_softmax,peptide_disjoint,mse,nonzero,HLA-A*01:01,auc_gt_2h,0.7458333333333333,34,34,False
baseline_plus_conditional_anchor_softmax,peptide_disjoint,mse,nonzero,HLA-A*02:01,spearman,0.678478161466285,196,196,False
baseline_plus_conditional_anchor_softmax,peptide_disjoint,mse,nonzero,HLA-A*02:01,pearson_log,0.6822772897413274,196,196,False
baseline_plus_conditional_anchor_softmax,peptide_disjoint,mse,nonzero,HLA-A*02:01,auc_gt_2h,0.8283399083057895,196,196,False
baseline_plus_conditional_anchor_softmax,peptide_disjoint,mse,nonzero,HLA-A*02:03,spearman,0.6249257862381636,69,69,False
baseline_plus_conditional_anchor_softmax,peptide_disjoint,mse,nonzero,HLA-A*02:03,pearson_log,0.631239732312565,69,69,False
baseline_plus_conditional_anchor_softmax,peptide_disjoint,mse,nonzero,HLA-A*02:03,auc_gt_2h,0.7927689594356261,69,69,False
baseline_plus_conditional_anchor_softmax,peptide_disjoint,mse,nonzero,HLA-A*02:05,spearman,,1,1,True
baseline_plus_conditional_anchor_softmax,peptide_disjoint,mse,nonzero,HLA-A*02:05,pearson_log,,1,1,True
baseline_plus_conditional_anchor_softmax,peptide_disjoint,mse,nonzero,HLA-A*02:05,auc_gt_2h,,1,1,True
baseline_plus_conditional_anchor_softmax,peptide_disjoint,mse,nonzero,HLA-A*02:10,spearman,0.5282034610744868,66,66,False
baseline_plus_conditional_anchor_softmax,peptide_disjoint,mse,nonzero,HLA-A*02:10,pearson_log,0.5435699931975615,66,66,False
baseline_plus_conditional_anchor_softmax,peptide_disjoint,mse,nonzero,HLA-A*02:10,auc_gt_2h,0.7677419354838708,66,66,False
baseline_plus_conditional_anchor_softmax,peptide_disjoint,mse,nonzero,HLA-A*02:11,spearman,0.4078817578495509,69,69,False
baseline_plus_conditional_anchor_softmax,peptide_disjoint,mse,nonzero,HLA-A*02:11,pearson_log,0.4583586911688611,69,69,False
baseline_plus_conditional_anchor_softmax,peptide_disjoint,mse,nonzero,HLA-A*02:11,auc_gt_2h,0.719435736677116,69,69,False
baseline_plus_conditional_anchor_softmax,peptide_disjoint,mse,nonzero,HLA-A*02:12,spearman,0.6736273514766864,68,68,False
baseline_plus_conditional_anchor_softmax,peptide_disjoint,mse,nonzero,HLA-A*02:12,pearson_log,0.7046295966614742,68,68,False
baseline_plus_conditional_anchor_softmax,peptide_disjoint,mse,nonzero,HLA-A*02:12,auc_gt_2h,0.8844444444444445,68,68,False
baseline_plus_conditional_anchor_softmax,peptide_disjoint,mse,nonzero,HLA-A*02:16,spearman,0.48454492932992854,67,67,False
baseline_plus_conditional_anchor_softmax,peptide_disjoint,mse,nonzero,HLA-A*02:16,pearson_log,0.4933722913895334,67,67,False
baseline_plus_conditional_anchor_softmax,peptide_disjoint,mse,nonzero,HLA-A*02:16,auc_gt_2h,0.743859649122807,67,67,False
baseline_plus_conditional_anchor_softmax,peptide_disjoint,mse,nonzero,HLA-A*02:19,spearman,0.6250420152209497,63,63,False
baseline_plus_conditional_anchor_softmax,peptide_disjoint,mse,nonzero,HLA-A*02:19,pearson_log,0.6940580130023664,63,63,False
baseline_plus_conditional_anchor_softmax,peptide_disjoint,mse,nonzero,HLA-A*02:19,auc_gt_2h,0.8370370370370371,63,63,False
baseline_plus_conditional_anchor_softmax,peptide_disjoint,mse,nonzero,HLA-A*02:50,spearman,0.6150644963841269,68,68,False
baseline_plus_conditional_anchor_softmax,peptide_disjoint,mse,nonzero,HLA-A*02:50,pearson_log,0.5946635442779172,68,68,False
baseline_plus_conditional_anchor_softmax,peptide_disjoint,mse,nonzero,HLA-A*02:50,auc_gt_2h,0.796875,68,68,False
baseline_plus_conditional_anchor_softmax,peptide_disjoint,mse,nonzero,HLA-A*03:01,spearman,0.7088046587569368,145,145,False
baseline_plus_conditional_anchor_softmax,peptide_disjoint,mse,nonzero,HLA-A*03:01,pearson_log,0.7087432267950606,145,145,False
baseline_plus_conditional_anchor_softmax,peptide_disjoint,mse,nonzero,HLA-A*03:01,auc_gt_2h,0.8568694986605434,145,145,False
baseline_plus_conditional_anchor_softmax,peptide_disjoint,mse,nonzero,HLA-A*11:01,spearman,0.746090470400099,115,115,False
baseline_plus_conditional_anchor_softmax,peptide_disjoint,mse,nonzero,HLA-A*11:01,pearson_log,0.7111531592064169,115,115,False
baseline_plus_conditional_anchor_softmax,peptide_disjoint,mse,nonzero,HLA-A*11:01,auc_gt_2h,0.8698320413436692,115,115,False
baseline_plus_conditional_anchor_softmax,peptide_disjoint,mse,nonzero,HLA-A*23:01,spearman,0.7644674240127982,76,76,False
baseline_plus_conditional_anchor_softmax,peptide_disjoint,mse,nonzero,HLA-A*23:01,pearson_log,0.7266846426458035,76,76,False
baseline_plus_conditional_anchor_softmax,peptide_disjoint,mse,nonzero,HLA-A*23:01,auc_gt_2h,0.9160714285714286,76,76,False
baseline_plus_conditional_anchor_softmax,peptide_disjoint,mse,nonzero,HLA-A*24:02,spearman,0.706709758646159,113,113,False
baseline_plus_conditional_anchor_softmax,peptide_disjoint,mse,nonzero,HLA-A*24:02,pearson_log,0.727891251306604,113,113,False
baseline_plus_conditional_anchor_softmax,peptide_disjoint,mse,nonzero,HLA-A*24:02,auc_gt_2h,0.8450793650793651,113,113,False
baseline_plus_conditional_anchor_softmax,peptide_disjoint,mse,nonzero,HLA-A*24:03,spearman,0.6537715661896424,107,107,False
baseline_plus_conditional_anchor_softmax,peptide_disjoint,mse,nonzero,HLA-A*24:03,pearson_log,0.5691890873412332,107,107,False
baseline_plus_conditional_anchor_softmax,peptide_disjoint,mse,nonzero,HLA-A*24:03,auc_gt_2h,0.8243050605844618,107,107,False
baseline_plus_conditional_anchor_softmax,peptide_disjoint,mse,nonzero,HLA-A*24:07,spearman,0.7428327028674829,74,74,False
baseline_plus_conditional_anchor_softmax,peptide_disjoint,mse,nonzero,HLA-A*24:07,pearson_log,0.7574901477888545,74,74,False
baseline_plus_conditional_anchor_softmax,peptide_disjoint,mse,nonzero,HLA-A*24:07,auc_gt_2h,0.888888888888889,74,74,False
baseline_plus_conditional_anchor_softmax,peptide_disjoint,mse,nonzero,HLA-A*24:19,spearman,0.2682614356523457,57,57,False
baseline_plus_conditional_anchor_softmax,peptide_disjoint,mse,nonzero,HLA-A*24:19,pearson_log,0.2114065715024675,57,57,False
baseline_plus_conditional_anchor_softmax,peptide_disjoint,mse,nonzero,HLA-A*24:19,auc_gt_2h,0.5115384615384615,57,57,False
baseline_plus_conditional_anchor_softmax,peptide_disjoint,mse,nonzero,HLA-A*25:01,spearman,0.5471666181747804,46,46,False
baseline_plus_conditional_anchor_softmax,peptide_disjoint,mse,nonzero,HLA-A*25:01,pearson_log,0.5514165426815656,46,46,False
baseline_plus_conditional_anchor_softmax,peptide_disjoint,mse,nonzero,HLA-A*25:01,auc_gt_2h,0.8323586744639376,46,46,False
baseline_plus_conditional_anchor_softmax,peptide_disjoint,mse,nonzero,HLA-A*26:01,spearman,0.5197788807019711,43,43,False
baseline_plus_conditional_anchor_softmax,peptide_disjoint,mse,nonzero,HLA-A*26:01,pearson_log,0.5124502031021041,43,43,False
baseline_plus_conditional_anchor_softmax,peptide_disjoint,mse,nonzero,HLA-A*26:01,auc_gt_2h,0.7956521739130434,43,43,False
baseline_plus_conditional_anchor_softmax,peptide_disjoint,mse,nonzero,HLA-A*26:02,spearman,0.6144825740865123,59,59,False
baseline_plus_conditional_anchor_softmax,peptide_disjoint,mse,nonzero,HLA-A*26:02,pearson_log,0.659275101639221,59,59,False
baseline_plus_conditional_anchor_softmax,peptide_disjoint,mse,nonzero,HLA-A*26:02,auc_gt_2h,0.7941176470588236,59,59,False
baseline_plus_conditional_anchor_softmax,peptide_disjoint,mse,nonzero,HLA-A*26:03,spearman,0.40071788231380523,49,49,False
baseline_plus_conditional_anchor_softmax,peptide_disjoint,mse,nonzero,HLA-A*26:03,pearson_log,0.4130706577828883,49,49,False
baseline_plus_conditional_anchor_softmax,peptide_disjoint,mse,nonzero,HLA-A*26:03,auc_gt_2h,0.6959183673469388,49,49,False
baseline_plus_conditional_anchor_softmax,peptide_disjoint,mse,nonzero,HLA-A*29:02,spearman,0.6575504836607715,71,71,False
baseline_plus_conditional_anchor_softmax,peptide_disjoint,mse,nonzero,HLA-A*29:02,pearson_log,0.6661107599300022,71,71,False
baseline_plus_conditional_anchor_softmax,peptide_disjoint,mse,nonzero,HLA-A*29:02,auc_gt_2h,0.8505564387917329,71,71,False
baseline_plus_conditional_anchor_softmax,peptide_disjoint,mse,nonzero,HLA-A*30:01,spearman,0.4152302085701364,57,57,False
baseline_plus_conditional_anchor_softmax,peptide_disjoint,mse,nonzero,HLA-A*30:01,pearson_log,0.42575261356603367,57,57,False
baseline_plus_conditional_anchor_softmax,peptide_disjoint,mse,nonzero,HLA-A*30:01,auc_gt_2h,0.5954415954415955,57,57,False
baseline_plus_conditional_anchor_softmax,peptide_disjoint,mse,nonzero,HLA-A*30:02,spearman,0.3927855438652903,70,70,False
baseline_plus_conditional_anchor_softmax,peptide_disjoint,mse,nonzero,HLA-A*30:02,pearson_log,0.3786992185260666,70,70,False
baseline_plus_conditional_anchor_softmax,peptide_disjoint,mse,nonzero,HLA-A*30:02,auc_gt_2h,0.7049028677150787,70,70,False
baseline_plus_conditional_anchor_softmax,peptide_disjoint,mse,nonzero,HLA-A*31:01,spearman,0.7430911902487051,76,76,False
baseline_plus_conditional_anchor_softmax,peptide_disjoint,mse,nonzero,HLA-A*31:01,pearson_log,0.69934562905064,76,76,False
baseline_plus_conditional_anchor_softmax,peptide_disjoint,mse,nonzero,HLA-A*31:01,auc_gt_2h,0.853422619047619,76,76,False
baseline_plus_conditional_anchor_softmax,peptide_disjoint,mse,nonzero,HLA-A*32:01,spearman,0.8720815992723809,5,5,False
baseline_plus_conditional_anchor_softmax,peptide_disjoint,mse,nonzero,HLA-A*32:01,pearson_log,0.858602369302928,5,5,False
baseline_plus_conditional_anchor_softmax,peptide_disjoint,mse,nonzero,HLA-A*32:01,auc_gt_2h,1.0,5,5,False
baseline_plus_conditional_anchor_softmax,peptide_disjoint,mse,nonzero,HLA-A*32:07,spearman,0.6316307907552102,47,47,False
baseline_plus_conditional_anchor_softmax,peptide_disjoint,mse,nonzero,HLA-A*32:07,pearson_log,0.7127071977252828,47,47,False
baseline_plus_conditional_anchor_softmax,peptide_disjoint,mse,nonzero,HLA-A*32:07,auc_gt_2h,0.7611111111111112,47,47,False
baseline_plus_conditional_anchor_softmax,peptide_disjoint,mse,nonzero,HLA-A*33:03,spearman,0.46976891700621215,62,62,False
baseline_plus_conditional_anchor_softmax,peptide_disjoint,mse,nonzero,HLA-A*33:03,pearson_log,0.4673563653563626,62,62,False
baseline_plus_conditional_anchor_softmax,peptide_disjoint,mse,nonzero,HLA-A*33:03,auc_gt_2h,0.7726190476190478,62,62,False
baseline_plus_conditional_anchor_softmax,peptide_disjoint,mse,nonzero,HLA-A*43:01,spearman,0.25034013992214127,54,54,False
baseline_plus_conditional_anchor_softmax,peptide_disjoint,mse,nonzero,HLA-A*43:01,pearson_log,0.33259825082586014,54,54,False
baseline_plus_conditional_anchor_softmax,peptide_disjoint,mse,nonzero,HLA-A*43:01,auc_gt_2h,0.7086419753086419,54,54,False
baseline_plus_conditional_anchor_softmax,peptide_disjoint,mse,nonzero,HLA-A*66:01,spearman,0.19041130065814357,40,40,False
baseline_plus_conditional_anchor_softmax,peptide_disjoint,mse,nonzero,HLA-A*66:01,pearson_log,0.12349647394828839,40,40,False
baseline_plus_conditional_anchor_softmax,peptide_disjoint,mse,nonzero,HLA-A*66:01,auc_gt_2h,0.35416666666666674,40,40,False
baseline_plus_conditional_anchor_softmax,peptide_disjoint,mse,nonzero,HLA-A*68:01,spearman,0.6494611109641095,67,67,False
baseline_plus_conditional_anchor_softmax,peptide_disjoint,mse,nonzero,HLA-A*68:01,pearson_log,0.6427182885250274,67,67,False
baseline_plus_conditional_anchor_softmax,peptide_disjoint,mse,nonzero,HLA-A*68:01,auc_gt_2h,0.7790697674418605,67,67,False
baseline_plus_conditional_anchor_softmax,peptide_disjoint,mse,nonzero,HLA-A*68:02,spearman,,1,1,True
baseline_plus_conditional_anchor_softmax,peptide_disjoint,mse,nonzero,HLA-A*68:02,pearson_log,,1,1,True
baseline_plus_conditional_anchor_softmax,peptide_disjoint,mse,nonzero,HLA-A*68:02,auc_gt_2h,,1,1,True
baseline_plus_conditional_anchor_softmax,peptide_disjoint,mse,nonzero,HLA-A*68:23,spearman,0.36541928234247506,61,61,False
baseline_plus_conditional_anchor_softmax,peptide_disjoint,mse,nonzero,HLA-A*68:23,pearson_log,0.4702605290830004,61,61,False
baseline_plus_conditional_anchor_softmax,peptide_disjoint,mse,nonzero,HLA-A*68:23,auc_gt_2h,0.7312925170068028,61,61,False
baseline_plus_conditional_anchor_softmax,peptide_disjoint,mse,nonzero,HLA-A*74:01,spearman,0.7174217200326328,62,62,False
baseline_plus_conditional_anchor_softmax,peptide_disjoint,mse,nonzero,HLA-A*74:01,pearson_log,0.7090737468651103,62,62,False
baseline_plus_conditional_anchor_softmax,peptide_disjoint,mse,nonzero,HLA-A*74:01,auc_gt_2h,0.8768873403019743,62,62,False
baseline_plus_conditional_anchor_softmax,peptide_disjoint,mse,nonzero,HLA-A*80:01,spearman,0.3185135356351094,38,38,False
baseline_plus_conditional_anchor_softmax,peptide_disjoint,mse,nonzero,HLA-A*80:01,pearson_log,0.3213708470058641,38,38,False
baseline_plus_conditional_anchor_softmax,peptide_disjoint,mse,nonzero,HLA-A*80:01,auc_gt_2h,0.8161764705882353,38,38,False
baseline_plus_conditional_anchor_softmax,peptide_disjoint,mse,nonzero,HLA-B*07:02,spearman,0.5676855697744506,136,136,False
baseline_plus_conditional_anchor_softmax,peptide_disjoint,mse,nonzero,HLA-B*07:02,pearson_log,0.5624381085170482,136,136,False
baseline_plus_conditional_anchor_softmax,peptide_disjoint,mse,nonzero,HLA-B*07:02,auc_gt_2h,0.7767012687427912,136,136,False
baseline_plus_conditional_anchor_softmax,peptide_disjoint,mse,nonzero,HLA-B*08:01,spearman,0.3545547595781172,64,64,False
baseline_plus_conditional_anchor_softmax,peptide_disjoint,mse,nonzero,HLA-B*08:01,pearson_log,0.3870221559637323,64,64,False
baseline_plus_conditional_anchor_softmax,peptide_disjoint,mse,nonzero,HLA-B*08:01,auc_gt_2h,0.9841269841269842,64,64,False
baseline_plus_conditional_anchor_softmax,peptide_disjoint,mse,nonzero,HLA-B*08:03,spearman,0.3139771563640536,42,42,False
baseline_plus_conditional_anchor_softmax,peptide_disjoint,mse,nonzero,HLA-B*08:03,pearson_log,0.3368491874042939,42,42,False
baseline_plus_conditional_anchor_softmax,peptide_disjoint,mse,nonzero,HLA-B*08:03,auc_gt_2h,0.4342105263157895,42,42,False
baseline_plus_conditional_anchor_softmax,peptide_disjoint,mse,nonzero,HLA-B*14:01(C67S),spearman,0.37038477179517215,12,12,False
baseline_plus_conditional_anchor_softmax,peptide_disjoint,mse,nonzero,HLA-B*14:01(C67S),pearson_log,0.4365675368132515,12,12,False
baseline_plus_conditional_anchor_softmax,peptide_disjoint,mse,nonzero,HLA-B*14:01(C67S),auc_gt_2h,0.8125,12,12,False
baseline_plus_conditional_anchor_softmax,peptide_disjoint,mse,nonzero,HLA-B*14:02(C67S),spearman,0.13526036668354408,25,25,False
baseline_plus_conditional_anchor_softmax,peptide_disjoint,mse,nonzero,HLA-B*14:02(C67S),pearson_log,0.2158733125055805,25,25,False
baseline_plus_conditional_anchor_softmax,peptide_disjoint,mse,nonzero,HLA-B*14:02(C67S),auc_gt_2h,0.5347222222222222,25,25,False
baseline_plus_conditional_anchor_softmax,peptide_disjoint,mse,nonzero,HLA-B*15:01,spearman,0.3218286636500803,195,195,False
baseline_plus_conditional_anchor_softmax,peptide_disjoint,mse,nonzero,HLA-B*15:01,pearson_log,0.3507652714995816,195,195,False
baseline_plus_conditional_anchor_softmax,peptide_disjoint,mse,nonzero,HLA-B*15:01,auc_gt_2h,0.750934773577067,195,195,False
baseline_plus_conditional_anchor_softmax,peptide_disjoint,mse,nonzero,HLA-B*15:02,spearman,0.21552029178910684,54,54,False
baseline_plus_conditional_anchor_softmax,peptide_disjoint,mse,nonzero,HLA-B*15:02,pearson_log,0.21334481962953655,54,54,False
baseline_plus_conditional_anchor_softmax,peptide_disjoint,mse,nonzero,HLA-B*15:02,auc_gt_2h,0.5652777777777778,54,54,False
baseline_plus_conditional_anchor_softmax,peptide_disjoint,mse,nonzero,HLA-B*15:10,spearman,0.5541068074596421,53,53,False
baseline_plus_conditional_anchor_softmax,peptide_disjoint,mse,nonzero,HLA-B*15:10,pearson_log,0.5534466465595748,53,53,False
baseline_plus_conditional_anchor_softmax,peptide_disjoint,mse,nonzero,HLA-B*15:10,auc_gt_2h,0.8608058608058609,53,53,False
baseline_plus_conditional_anchor_softmax,peptide_disjoint,mse,nonzero,HLA-B*15:17,spearman,0.30528299289514976,61,61,False
baseline_plus_conditional_anchor_softmax,peptide_disjoint,mse,nonzero,HLA-B*15:17,pearson_log,0.34393492201603104,61,61,False
baseline_plus_conditional_anchor_softmax,peptide_disjoint,mse,nonzero,HLA-B*15:17,auc_gt_2h,0.6138888888888889,61,61,False
baseline_plus_conditional_anchor_softmax,peptide_disjoint,mse,nonzero,HLA-B*18:01,spearman,0.40275516546139084,59,59,False
baseline_plus_conditional_anchor_softmax,peptide_disjoint,mse,nonzero,HLA-B*18:01,pearson_log,0.41503728864721323,59,59,False
baseline_plus_conditional_anchor_softmax,peptide_disjoint,mse,nonzero,HLA-B*18:01,auc_gt_2h,0.6788235294117647,59,59,False
baseline_plus_conditional_anchor_softmax,peptide_disjoint,mse,nonzero,HLA-B*27:02,spearman,0.7066208701937794,52,52,False
baseline_plus_conditional_anchor_softmax,peptide_disjoint,mse,nonzero,HLA-B*27:02,pearson_log,0.7397382879609384,52,52,False
baseline_plus_conditional_anchor_softmax,peptide_disjoint,mse,nonzero,HLA-B*27:02,auc_gt_2h,0.9513513513513514,52,52,False
baseline_plus_conditional_anchor_softmax,peptide_disjoint,mse,nonzero,HLA-B*27:03,spearman,0.6843231682562149,52,52,False
baseline_plus_conditional_anchor_softmax,peptide_disjoint,mse,nonzero,HLA-B*27:03,pearson_log,0.6763795684967564,52,52,False
baseline_plus_conditional_anchor_softmax,peptide_disjoint,mse,nonzero,HLA-B*27:03,auc_gt_2h,0.8530734632683659,52,52,False
baseline_plus_conditional_anchor_softmax,peptide_disjoint,mse,nonzero,HLA-B*27:05,spearman,0.508723282851951,68,68,False
baseline_plus_conditional_anchor_softmax,peptide_disjoint,mse,nonzero,HLA-B*27:05,pearson_log,0.509883984375103,68,68,False
baseline_plus_conditional_anchor_softmax,peptide_disjoint,mse,nonzero,HLA-B*27:05,auc_gt_2h,0.7904761904761907,68,68,False
baseline_plus_conditional_anchor_softmax,peptide_disjoint,mse,nonzero,HLA-B*27:20,spearman,0.6841820844246395,52,52,False
baseline_plus_conditional_anchor_softmax,peptide_disjoint,mse,nonzero,HLA-B*27:20,pearson_log,0.7046684240107228,52,52,False
baseline_plus_conditional_anchor_softmax,peptide_disjoint,mse,nonzero,HLA-B*27:20,auc_gt_2h,0.8234375,52,52,False
baseline_plus_conditional_anchor_softmax,peptide_disjoint,mse,nonzero,HLA-B*35:01,spearman,0.5409160518786282,111,111,False
baseline_plus_conditional_anchor_softmax,peptide_disjoint,mse,nonzero,HLA-B*35:01,pearson_log,0.531011275230415,111,111,False
baseline_plus_conditional_anchor_softmax,peptide_disjoint,mse,nonzero,HLA-B*35:01,auc_gt_2h,0.7886767610269914,111,111,False
baseline_plus_conditional_anchor_softmax,peptide_disjoint,mse,nonzero,HLA-B*35:03,spearman,0.41484179955726513,81,81,False
baseline_plus_conditional_anchor_softmax,peptide_disjoint,mse,nonzero,HLA-B*35:03,pearson_log,0.3697522802759865,81,81,False
baseline_plus_conditional_anchor_softmax,peptide_disjoint,mse,nonzero,HLA-B*35:03,auc_gt_2h,0.6731946144430845,81,81,False
baseline_plus_conditional_anchor_softmax,peptide_disjoint,mse,nonzero,HLA-B*35:08,spearman,-0.09999999999999999,5,5,False
baseline_plus_conditional_anchor_softmax,peptide_disjoint,mse,nonzero,HLA-B*35:08,pearson_log,-0.03896940021761361,5,5,False
baseline_plus_conditional_anchor_softmax,peptide_disjoint,mse,nonzero,HLA-B*35:08,auc_gt_2h,,5,5,False
baseline_plus_conditional_anchor_softmax,peptide_disjoint,mse,nonzero,HLA-B*39:01,spearman,0.40822453475734627,109,109,False
baseline_plus_conditional_anchor_softmax,peptide_disjoint,mse,nonzero,HLA-B*39:01,pearson_log,0.48375457164595537,109,109,False
baseline_plus_conditional_anchor_softmax,peptide_disjoint,mse,nonzero,HLA-B*39:01,auc_gt_2h,0.7742690058479532,109,109,False
baseline_plus_conditional_anchor_softmax,peptide_disjoint,mse,nonzero,HLA-B*39:02,spearman,0.42588415315166966,53,53,False
baseline_plus_conditional_anchor_softmax,peptide_disjoint,mse,nonzero,HLA-B*39:02,pearson_log,0.42005061384438713,53,53,False
baseline_plus_conditional_anchor_softmax,peptide_disjoint,mse,nonzero,HLA-B*39:02,auc_gt_2h,0.7414860681114551,53,53,False
baseline_plus_conditional_anchor_softmax,peptide_disjoint,mse,nonzero,HLA-B*39:06(C67S),spearman,0.2581988897471611,4,4,False
baseline_plus_conditional_anchor_softmax,peptide_disjoint,mse,nonzero,HLA-B*39:06(C67S),pearson_log,0.316189122684161,4,4,False
baseline_plus_conditional_anchor_softmax,peptide_disjoint,mse,nonzero,HLA-B*39:06(C67S),auc_gt_2h,,4,4,False
baseline_plus_conditional_anchor_softmax,peptide_disjoint,mse,nonzero,HLA-B*39:10,spearman,0.45070364424764703,75,75,False
baseline_plus_conditional_anchor_softmax,peptide_disjoint,mse,nonzero,HLA-B*39:10,pearson_log,0.49283504417704727,75,75,False
baseline_plus_conditional_anchor_softmax,peptide_disjoint,mse,nonzero,HLA-B*39:10,auc_gt_2h,0.7312000000000001,75,75,False
baseline_plus_conditional_anchor_softmax,peptide_disjoint,mse,nonzero,HLA-B*40:01,spearman,0.4874218025432507,56,56,False
baseline_plus_conditional_anchor_softmax,peptide_disjoint,mse,nonzero,HLA-B*40:01,pearson_log,0.5105205540092699,56,56,False
baseline_plus_conditional_anchor_softmax,peptide_disjoint,mse,nonzero,HLA-B*40:01,auc_gt_2h,0.8075801749271136,56,56,False
baseline_plus_conditional_anchor_softmax,peptide_disjoint,mse,nonzero,HLA-B*40:02,spearman,-0.19999999999999998,5,5,False
baseline_plus_conditional_anchor_softmax,peptide_disjoint,mse,nonzero,HLA-B*40:02,pearson_log,-0.10719234912145872,5,5,False
baseline_plus_conditional_anchor_softmax,peptide_disjoint,mse,nonzero,HLA-B*40:02,auc_gt_2h,0.75,5,5,False
baseline_plus_conditional_anchor_softmax,peptide_disjoint,mse,nonzero,HLA-B*41:01,spearman,0.13221596365710597,28,28,False
baseline_plus_conditional_anchor_softmax,peptide_disjoint,mse,nonzero,HLA-B*41:01,pearson_log,0.25852435696926895,28,28,False
baseline_plus_conditional_anchor_softmax,peptide_disjoint,mse,nonzero,HLA-B*41:01,auc_gt_2h,0.7045454545454545,28,28,False
baseline_plus_conditional_anchor_softmax,peptide_disjoint,mse,nonzero,HLA-B*42:01,spearman,0.611128581645196,76,76,False
baseline_plus_conditional_anchor_softmax,peptide_disjoint,mse,nonzero,HLA-B*42:01,pearson_log,0.6374730114216645,76,76,False
baseline_plus_conditional_anchor_softmax,peptide_disjoint,mse,nonzero,HLA-B*42:01,auc_gt_2h,0.8437499999999999,76,76,False
baseline_plus_conditional_anchor_softmax,peptide_disjoint,mse,nonzero,HLA-B*42:02,spearman,0.652604219347715,77,77,False
baseline_plus_conditional_anchor_softmax,peptide_disjoint,mse,nonzero,HLA-B*42:02,pearson_log,0.6582447865238167,77,77,False
baseline_plus_conditional_anchor_softmax,peptide_disjoint,mse,nonzero,HLA-B*42:02,auc_gt_2h,0.8136054421768707,77,77,False
baseline_plus_conditional_anchor_softmax,peptide_disjoint,mse,nonzero,HLA-B*44:05,spearman,0.3321326246312051,66,66,False
baseline_plus_conditional_anchor_softmax,peptide_disjoint,mse,nonzero,HLA-B*44:05,pearson_log,0.33151227984855225,66,66,False
baseline_plus_conditional_anchor_softmax,peptide_disjoint,mse,nonzero,HLA-B*44:05,auc_gt_2h,0.6249999999999999,66,66,False
baseline_plus_conditional_anchor_softmax,peptide_disjoint,mse,nonzero,HLA-B*45:01,spearman,0.3922983262423687,29,29,False
baseline_plus_conditional_anchor_softmax,peptide_disjoint,mse,nonzero,HLA-B*45:01,pearson_log,0.542799949458724,29,29,False
baseline_plus_conditional_anchor_softmax,peptide_disjoint,mse,nonzero,HLA-B*45:01,auc_gt_2h,0.7826086956521738,29,29,False
baseline_plus_conditional_anchor_softmax,peptide_disjoint,mse,nonzero,HLA-B*46:01,spearman,0.40665625595839694,40,40,False
baseline_plus_conditional_anchor_softmax,peptide_disjoint,mse,nonzero,HLA-B*46:01,pearson_log,0.4540268896343044,40,40,False
baseline_plus_conditional_anchor_softmax,peptide_disjoint,mse,nonzero,HLA-B*46:01,auc_gt_2h,0.6379928315412187,40,40,False
baseline_plus_conditional_anchor_softmax,peptide_disjoint,mse,nonzero,HLA-B*51:01,spearman,0.5841019491670009,46,46,False
baseline_plus_conditional_anchor_softmax,peptide_disjoint,mse,nonzero,HLA-B*51:01,pearson_log,0.6289981090709018,46,46,False
baseline_plus_conditional_anchor_softmax,peptide_disjoint,mse,nonzero,HLA-B*51:01,auc_gt_2h,0.853763440860215,46,46,False
baseline_plus_conditional_anchor_softmax,peptide_disjoint,mse,nonzero,HLA-B*54:01,spearman,0.7172144191139278,53,53,False
baseline_plus_conditional_anchor_softmax,peptide_disjoint,mse,nonzero,HLA-B*54:01,pearson_log,0.7080930854502966,53,53,False
baseline_plus_conditional_anchor_softmax,peptide_disjoint,mse,nonzero,HLA-B*54:01,auc_gt_2h,0.8742424242424242,53,53,False
baseline_plus_conditional_anchor_softmax,peptide_disjoint,mse,nonzero,HLA-B*55:01,spearman,0.6919073429148459,43,43,False
baseline_plus_conditional_anchor_softmax,peptide_disjoint,mse,nonzero,HLA-B*55:01,pearson_log,0.6687934146070685,43,43,False
baseline_plus_conditional_anchor_softmax,peptide_disjoint,mse,nonzero,HLA-B*55:01,auc_gt_2h,0.7666666666666667,43,43,False
baseline_plus_conditional_anchor_softmax,peptide_disjoint,mse,nonzero,HLA-B*56:01,spearman,0.691986408036282,45,45,False
baseline_plus_conditional_anchor_softmax,peptide_disjoint,mse,nonzero,HLA-B*56:01,pearson_log,0.7230524802408564,45,45,False
baseline_plus_conditional_anchor_softmax,peptide_disjoint,mse,nonzero,HLA-B*56:01,auc_gt_2h,0.9141414141414141,45,45,False
baseline_plus_conditional_anchor_softmax,peptide_disjoint,mse,nonzero,HLA-B*57:01,spearman,0.5966374462195481,55,55,False
baseline_plus_conditional_anchor_softmax,peptide_disjoint,mse,nonzero,HLA-B*57:01,pearson_log,0.6834403459172724,55,55,False
baseline_plus_conditional_anchor_softmax,peptide_disjoint,mse,nonzero,HLA-B*57:01,auc_gt_2h,0.8590425531914894,55,55,False
baseline_plus_conditional_anchor_softmax,peptide_disjoint,mse,nonzero,HLA-B*57:02,spearman,0.47951212870235177,63,63,False
baseline_plus_conditional_anchor_softmax,peptide_disjoint,mse,nonzero,HLA-B*57:02,pearson_log,0.4567822901745841,63,63,False
baseline_plus_conditional_anchor_softmax,peptide_disjoint,mse,nonzero,HLA-B*57:02,auc_gt_2h,0.7009569377990431,63,63,False
baseline_plus_conditional_anchor_softmax,peptide_disjoint,mse,nonzero,HLA-B*57:03,spearman,0.7213884369669498,70,70,False
baseline_plus_conditional_anchor_softmax,peptide_disjoint,mse,nonzero,HLA-B*57:03,pearson_log,0.7292381425055018,70,70,False
baseline_plus_conditional_anchor_softmax,peptide_disjoint,mse,nonzero,HLA-B*57:03,auc_gt_2h,0.881243063263041,70,70,False
baseline_plus_conditional_anchor_softmax,peptide_disjoint,mse,nonzero,HLA-B*58:01,spearman,0.6827682309287478,60,60,False
baseline_plus_conditional_anchor_softmax,peptide_disjoint,mse,nonzero,HLA-B*58:01,pearson_log,0.6233485700590957,60,60,False
baseline_plus_conditional_anchor_softmax,peptide_disjoint,mse,nonzero,HLA-B*58:01,auc_gt_2h,0.8194444444444444,60,60,False
baseline_plus_conditional_anchor_softmax,peptide_disjoint,mse,nonzero,HLA-B*81:01,spearman,0.4585914360408519,65,65,False
baseline_plus_conditional_anchor_softmax,peptide_disjoint,mse,nonzero,HLA-B*81:01,pearson_log,0.3844696785915771,65,65,False
baseline_plus_conditional_anchor_softmax,peptide_disjoint,mse,nonzero,HLA-B*81:01,auc_gt_2h,0.6885245901639344,65,65,False
baseline_plus_conditional_anchor_softmax,random,mse,all,HLA-A*01:01,spearman,0.1499171942930957,44,44,False
baseline_plus_conditional_anchor_softmax,random,mse,all,HLA-A*01:01,pearson_log,0.1438065786317667,44,44,False
baseline_plus_conditional_anchor_softmax,random,mse,all,HLA-A*01:01,auc_gt_2h,0.5947712418300654,44,44,False
baseline_plus_conditional_anchor_softmax,random,mse,all,HLA-A*02:01,spearman,0.6025274672404614,205,205,False
baseline_plus_conditional_anchor_softmax,random,mse,all,HLA-A*02:01,pearson_log,0.6217413822162735,205,205,False
baseline_plus_conditional_anchor_softmax,random,mse,all,HLA-A*02:01,auc_gt_2h,0.8265686274509806,205,205,False
baseline_plus_conditional_anchor_softmax,random,mse,all,HLA-A*02:03,spearman,0.6129114337667975,76,76,False
baseline_plus_conditional_anchor_softmax,random,mse,all,HLA-A*02:03,pearson_log,0.557611339769829,76,76,False
baseline_plus_conditional_anchor_softmax,random,mse,all,HLA-A*02:03,auc_gt_2h,0.7976470588235294,76,76,False
baseline_plus_conditional_anchor_softmax,random,mse,all,HLA-A*02:05,spearman,0.39999999999999997,4,4,False
baseline_plus_conditional_anchor_softmax,random,mse,all,HLA-A*02:05,pearson_log,0.1816453935734168,4,4,False
baseline_plus_conditional_anchor_softmax,random,mse,all,HLA-A*02:05,auc_gt_2h,0.5,4,4,False
baseline_plus_conditional_anchor_softmax,random,mse,all,HLA-A*02:10,spearman,0.3855825748061403,74,74,False
baseline_plus_conditional_anchor_softmax,random,mse,all,HLA-A*02:10,pearson_log,0.3777241675251059,74,74,False
baseline_plus_conditional_anchor_softmax,random,mse,all,HLA-A*02:10,auc_gt_2h,0.736764705882353,74,74,False
baseline_plus_conditional_anchor_softmax,random,mse,all,HLA-A*02:11,spearman,0.36196348442630066,76,76,False
baseline_plus_conditional_anchor_softmax,random,mse,all,HLA-A*02:11,pearson_log,0.3790542623752733,76,76,False
baseline_plus_conditional_anchor_softmax,random,mse,all,HLA-A*02:11,auc_gt_2h,0.7314685314685315,76,76,False
baseline_plus_conditional_anchor_softmax,random,mse,all,HLA-A*02:12,spearman,0.6701076760414859,74,74,False
baseline_plus_conditional_anchor_softmax,random,mse,all,HLA-A*02:12,pearson_log,0.663839538599966,74,74,False
baseline_plus_conditional_anchor_softmax,random,mse,all,HLA-A*02:12,auc_gt_2h,0.8488095238095238,74,74,False
baseline_plus_conditional_anchor_softmax,random,mse,all,HLA-A*02:16,spearman,0.6268520859382177,75,75,False
baseline_plus_conditional_anchor_softmax,random,mse,all,HLA-A*02:16,pearson_log,0.6439125635675613,75,75,False
baseline_plus_conditional_anchor_softmax,random,mse,all,HLA-A*02:16,auc_gt_2h,0.8122222222222222,75,75,False
baseline_plus_conditional_anchor_softmax,random,mse,all,HLA-A*02:19,spearman,0.6332780002030456,71,71,False
baseline_plus_conditional_anchor_softmax,random,mse,all,HLA-A*02:19,pearson_log,0.6366787014819568,71,71,False
baseline_plus_conditional_anchor_softmax,random,mse,all,HLA-A*02:19,auc_gt_2h,0.7675213675213676,71,71,False
baseline_plus_conditional_anchor_softmax,random,mse,all,HLA-A*02:50,spearman,0.6256206004872199,75,75,False
baseline_plus_conditional_anchor_softmax,random,mse,all,HLA-A*02:50,pearson_log,0.6239197665777693,75,75,False
baseline_plus_conditional_anchor_softmax,random,mse,all,HLA-A*02:50,auc_gt_2h,0.8477777777777777,75,75,False
baseline_plus_conditional_anchor_softmax,random,mse,all,HLA-A*03:01,spearman,0.6505999049373205,172,172,False
baseline_plus_conditional_anchor_softmax,random,mse,all,HLA-A*03:01,pearson_log,0.6495278786618597,172,172,False
baseline_plus_conditional_anchor_softmax,random,mse,all,HLA-A*03:01,auc_gt_2h,0.8173631630786548,172,172,False
baseline_plus_conditional_anchor_softmax,random,mse,all,HLA-A*11:01,spearman,0.675932681052321,116,116,False
baseline_plus_conditional_anchor_softmax,random,mse,all,HLA-A*11:01,pearson_log,0.6501044142696468,116,116,False
baseline_plus_conditional_anchor_softmax,random,mse,all,HLA-A*11:01,auc_gt_2h,0.8401206636500754,116,116,False
baseline_plus_conditional_anchor_softmax,random,mse,all,HLA-A*23:01,spearman,0.5021219368157865,74,74,False
baseline_plus_conditional_anchor_softmax,random,mse,all,HLA-A*23:01,pearson_log,0.5237353044308208,74,74,False
baseline_plus_conditional_anchor_softmax,random,mse,all,HLA-A*23:01,auc_gt_2h,0.7694099378881988,74,74,False
baseline_plus_conditional_anchor_softmax,random,mse,all,HLA-A*24:02,spearman,0.6503084407484765,115,115,False
baseline_plus_conditional_anchor_softmax,random,mse,all,HLA-A*24:02,pearson_log,0.639921504658344,115,115,False
baseline_plus_conditional_anchor_softmax,random,mse,all,HLA-A*24:02,auc_gt_2h,0.8266666666666667,115,115,False
baseline_plus_conditional_anchor_softmax,random,mse,all,HLA-A*24:03,spearman,0.470635856489696,102,102,False
baseline_plus_conditional_anchor_softmax,random,mse,all,HLA-A*24:03,pearson_log,0.4535945756011547,102,102,False
baseline_plus_conditional_anchor_softmax,random,mse,all,HLA-A*24:03,auc_gt_2h,0.7139498432601881,102,102,False
baseline_plus_conditional_anchor_softmax,random,mse,all,HLA-A*24:07,spearman,0.614933039087535,70,70,False
baseline_plus_conditional_anchor_softmax,random,mse,all,HLA-A*24:07,pearson_log,0.5922845214765484,70,70,False
baseline_plus_conditional_anchor_softmax,random,mse,all,HLA-A*24:07,auc_gt_2h,0.8146258503401361,70,70,False
baseline_plus_conditional_anchor_softmax,random,mse,all,HLA-A*24:19,spearman,0.238198456251174,76,76,False
baseline_plus_conditional_anchor_softmax,random,mse,all,HLA-A*24:19,pearson_log,0.16901581853456843,76,76,False
baseline_plus_conditional_anchor_softmax,random,mse,all,HLA-A*24:19,auc_gt_2h,0.5380281690140845,76,76,False
baseline_plus_conditional_anchor_softmax,random,mse,all,HLA-A*25:01,spearman,0.29330647237329377,73,73,False
baseline_plus_conditional_anchor_softmax,random,mse,all,HLA-A*25:01,pearson_log,0.23859473692381805,73,73,False
baseline_plus_conditional_anchor_softmax,random,mse,all,HLA-A*25:01,auc_gt_2h,0.7066276803118908,73,73,False
baseline_plus_conditional_anchor_softmax,random,mse,all,HLA-A*26:01,spearman,0.4507882671346221,54,54,False
baseline_plus_conditional_anchor_softmax,random,mse,all,HLA-A*26:01,pearson_log,0.48151374100939615,54,54,False
baseline_plus_conditional_anchor_softmax,random,mse,all,HLA-A*26:01,auc_gt_2h,0.7329093799682035,54,54,False
baseline_plus_conditional_anchor_softmax,random,mse,all,HLA-A*26:02,spearman,0.3881966192550612,69,69,False
baseline_plus_conditional_anchor_softmax,random,mse,all,HLA-A*26:02,pearson_log,0.413621820087792,69,69,False
baseline_plus_conditional_anchor_softmax,random,mse,all,HLA-A*26:02,auc_gt_2h,0.7589285714285714,69,69,False
baseline_plus_conditional_anchor_softmax,random,mse,all,HLA-A*26:03,spearman,0.489463486791968,68,68,False
baseline_plus_conditional_anchor_softmax,random,mse,all,HLA-A*26:03,pearson_log,0.521180021374172,68,68,False
baseline_plus_conditional_anchor_softmax,random,mse,all,HLA-A*26:03,auc_gt_2h,0.7344444444444445,68,68,False
baseline_plus_conditional_anchor_softmax,random,mse,all,HLA-A*29:02,spearman,0.29461048844882654,77,77,False
baseline_plus_conditional_anchor_softmax,random,mse,all,HLA-A*29:02,pearson_log,0.31864573474243924,77,77,False
baseline_plus_conditional_anchor_softmax,random,mse,all,HLA-A*29:02,auc_gt_2h,0.6322314049586777,77,77,False
baseline_plus_conditional_anchor_softmax,random,mse,all,HLA-A*30:01,spearman,0.13087588799778643,77,77,False
baseline_plus_conditional_anchor_softmax,random,mse,all,HLA-A*30:01,pearson_log,0.18474423427561987,77,77,False
baseline_plus_conditional_anchor_softmax,random,mse,all,HLA-A*30:01,auc_gt_2h,0.5545454545454546,77,77,False
baseline_plus_conditional_anchor_softmax,random,mse,all,HLA-A*30:02,spearman,0.31076841563245095,73,73,False
baseline_plus_conditional_anchor_softmax,random,mse,all,HLA-A*30:02,pearson_log,0.4026393252476071,73,73,False
baseline_plus_conditional_anchor_softmax,random,mse,all,HLA-A*30:02,auc_gt_2h,0.6858974358974359,73,73,False
baseline_plus_conditional_anchor_softmax,random,mse,all,HLA-A*31:01,spearman,0.5085158536983653,76,76,False
baseline_plus_conditional_anchor_softmax,random,mse,all,HLA-A*31:01,pearson_log,0.49934899829639656,76,76,False
baseline_plus_conditional_anchor_softmax,random,mse,all,HLA-A*31:01,auc_gt_2h,0.7784946236559139,76,76,False
baseline_plus_conditional_anchor_softmax,random,mse,all,HLA-A*32:01,spearman,0.6,6,6,False
baseline_plus_conditional_anchor_softmax,random,mse,all,HLA-A*32:01,pearson_log,0.5939676215649604,6,6,False
baseline_plus_conditional_anchor_softmax,random,mse,all,HLA-A*32:01,auc_gt_2h,0.888888888888889,6,6,False
baseline_plus_conditional_anchor_softmax,random,mse,all,HLA-A*32:07,spearman,0.6276766174312245,73,73,False
baseline_plus_conditional_anchor_softmax,random,mse,all,HLA-A*32:07,pearson_log,0.6880138356654641,73,73,False
baseline_plus_conditional_anchor_softmax,random,mse,all,HLA-A*32:07,auc_gt_2h,0.8681972789115646,73,73,False
baseline_plus_conditional_anchor_softmax,random,mse,all,HLA-A*33:03,spearman,0.13555586886671245,74,74,False
baseline_plus_conditional_anchor_softmax,random,mse,all,HLA-A*33:03,pearson_log,0.16516136700619216,74,74,False
baseline_plus_conditional_anchor_softmax,random,mse,all,HLA-A*33:03,auc_gt_2h,0.7062937062937062,74,74,False
baseline_plus_conditional_anchor_softmax,random,mse,all,HLA-A*43:01,spearman,0.20310020192531705,72,72,False
baseline_plus_conditional_anchor_softmax,random,mse,all,HLA-A*43:01,pearson_log,0.17741013715478474,72,72,False
baseline_plus_conditional_anchor_softmax,random,mse,all,HLA-A*43:01,auc_gt_2h,0.70703125,72,72,False
baseline_plus_conditional_anchor_softmax,random,mse,all,HLA-A*66:01,spearman,0.18413175277350727,76,76,False
baseline_plus_conditional_anchor_softmax,random,mse,all,HLA-A*66:01,pearson_log,0.27647811332709993,76,76,False
baseline_plus_conditional_anchor_softmax,random,mse,all,HLA-A*66:01,auc_gt_2h,0.5942028985507245,76,76,False
baseline_plus_conditional_anchor_softmax,random,mse,all,HLA-A*68:01,spearman,0.3978490550485243,77,77,False
baseline_plus_conditional_anchor_softmax,random,mse,all,HLA-A*68:01,pearson_log,0.3993230718586975,77,77,False
baseline_plus_conditional_anchor_softmax,random,mse,all,HLA-A*68:01,auc_gt_2h,0.6618075801749271,77,77,False
baseline_plus_conditional_anchor_softmax,random,mse,all,HLA-A*68:02,spearman,0.5,3,3,False
baseline_plus_conditional_anchor_softmax,random,mse,all,HLA-A*68:02,pearson_log,-0.06409119057851553,3,3,False
baseline_plus_conditional_anchor_softmax,random,mse,all,HLA-A*68:02,auc_gt_2h,,3,3,False
baseline_plus_conditional_anchor_softmax,random,mse,all,HLA-A*68:23,spearman,0.0646779189204746,74,74,False
baseline_plus_conditional_anchor_softmax,random,mse,all,HLA-A*68:23,pearson_log,0.08247364990959997,74,74,False
baseline_plus_conditional_anchor_softmax,random,mse,all,HLA-A*68:23,auc_gt_2h,0.5416666666666667,74,74,False
baseline_plus_conditional_anchor_softmax,random,mse,all,HLA-A*69:01,spearman,0.0,3,3,False
baseline_plus_conditional_anchor_softmax,random,mse,all,HLA-A*69:01,pearson_log,-0.2386433622140091,3,3,False
baseline_plus_conditional_anchor_softmax,random,mse,all,HLA-A*69:01,auc_gt_2h,,3,3,False
baseline_plus_conditional_anchor_softmax,random,mse,all,HLA-A*74:01,spearman,0.626374873812311,72,72,False
baseline_plus_conditional_anchor_softmax,random,mse,all,HLA-A*74:01,pearson_log,0.5777355544980737,72,72,False
baseline_plus_conditional_anchor_softmax,random,mse,all,HLA-A*74:01,auc_gt_2h,0.8078703703703703,72,72,False
baseline_plus_conditional_anchor_softmax,random,mse,all,HLA-A*80:01,spearman,0.3021570246735051,70,70,False
baseline_plus_conditional_anchor_softmax,random,mse,all,HLA-A*80:01,pearson_log,0.353560995003328,70,70,False
baseline_plus_conditional_anchor_softmax,random,mse,all,HLA-A*80:01,auc_gt_2h,0.9452736318407959,70,70,False
baseline_plus_conditional_anchor_softmax,random,mse,all,HLA-B*07:02,spearman,0.5118059268132736,130,130,False
baseline_plus_conditional_anchor_softmax,random,mse,all,HLA-B*07:02,pearson_log,0.4740113580779652,130,130,False
baseline_plus_conditional_anchor_softmax,random,mse,all,HLA-B*07:02,auc_gt_2h,0.7375000000000002,130,130,False
baseline_plus_conditional_anchor_softmax,random,mse,all,HLA-B*08:01,spearman,0.1708522675049257,93,93,False
baseline_plus_conditional_anchor_softmax,random,mse,all,HLA-B*08:01,pearson_log,0.19168878228099193,93,93,False
baseline_plus_conditional_anchor_softmax,random,mse,all,HLA-B*08:01,auc_gt_2h,0.9120879120879121,93,93,False
baseline_plus_conditional_anchor_softmax,random,mse,all,HLA-B*08:03,spearman,0.36277808699585595,70,70,False
baseline_plus_conditional_anchor_softmax,random,mse,all,HLA-B*08:03,pearson_log,0.32343255809986493,70,70,False
baseline_plus_conditional_anchor_softmax,random,mse,all,HLA-B*08:03,auc_gt_2h,0.8776041666666666,70,70,False
baseline_plus_conditional_anchor_softmax,random,mse,all,HLA-B*13:02,spearman,,1,1,True
baseline_plus_conditional_anchor_softmax,random,mse,all,HLA-B*13:02,pearson_log,,1,1,True
baseline_plus_conditional_anchor_softmax,random,mse,all,HLA-B*13:02,auc_gt_2h,,1,1,True
baseline_plus_conditional_anchor_softmax,random,mse,all,HLA-B*14:01(C67S),spearman,0.31338114155301516,75,75,False
baseline_plus_conditional_anchor_softmax,random,mse,all,HLA-B*14:01(C67S),pearson_log,0.3523605187447165,75,75,False
baseline_plus_conditional_anchor_softmax,random,mse,all,HLA-B*14:01(C67S),auc_gt_2h,,75,75,False
baseline_plus_conditional_anchor_softmax,random,mse,all,HLA-B*14:02(C67S),spearman,0.2706553980199813,76,76,False
baseline_plus_conditional_anchor_softmax,random,mse,all,HLA-B*14:02(C67S),pearson_log,0.3324861437802133,76,76,False
baseline_plus_conditional_anchor_softmax,random,mse,all,HLA-B*14:02(C67S),auc_gt_2h,0.6952380952380952,76,76,False
baseline_plus_conditional_anchor_softmax,random,mse,all,HLA-B*15:01,spearman,0.37747690769816306,214,214,False
baseline_plus_conditional_anchor_softmax,random,mse,all,HLA-B*15:01,pearson_log,0.3350149463034459,214,214,False
baseline_plus_conditional_anchor_softmax,random,mse,all,HLA-B*15:01,auc_gt_2h,0.735379447243854,214,214,False
baseline_plus_conditional_anchor_softmax,random,mse,all,HLA-B*15:02,spearman,0.3906068707445946,70,70,False
baseline_plus_conditional_anchor_softmax,random,mse,all,HLA-B*15:02,pearson_log,0.3971612871041453,70,70,False
baseline_plus_conditional_anchor_softmax,random,mse,all,HLA-B*15:02,auc_gt_2h,0.607111111111111,70,70,False
baseline_plus_conditional_anchor_softmax,random,mse,all,HLA-B*15:10,spearman,0.37417499660792075,73,73,False
baseline_plus_conditional_anchor_softmax,random,mse,all,HLA-B*15:10,pearson_log,0.34766443567129196,73,73,False
baseline_plus_conditional_anchor_softmax,random,mse,all,HLA-B*15:10,auc_gt_2h,0.5980769230769231,73,73,False
baseline_plus_conditional_anchor_softmax,random,mse,all,HLA-B*15:17,spearman,0.15408348111695117,72,72,False
baseline_plus_conditional_anchor_softmax,random,mse,all,HLA-B*15:17,pearson_log,0.0953786116034599,72,72,False
baseline_plus_conditional_anchor_softmax,random,mse,all,HLA-B*15:17,auc_gt_2h,0.5371577574967406,72,72,False
baseline_plus_conditional_anchor_softmax,random,mse,all,HLA-B*18:01,spearman,0.2430430530876228,72,72,False
baseline_plus_conditional_anchor_softmax,random,mse,all,HLA-B*18:01,pearson_log,0.28329089423585224,72,72,False
baseline_plus_conditional_anchor_softmax,random,mse,all,HLA-B*18:01,auc_gt_2h,0.6089693154996066,72,72,False
baseline_plus_conditional_anchor_softmax,random,mse,all,HLA-B*27:02,spearman,0.5744637178119066,72,72,False
baseline_plus_conditional_anchor_softmax,random,mse,all,HLA-B*27:02,pearson_log,0.5930728307771485,72,72,False
baseline_plus_conditional_anchor_softmax,random,mse,all,HLA-B*27:02,auc_gt_2h,0.7763157894736842,72,72,False
baseline_plus_conditional_anchor_softmax,random,mse,all,HLA-B*27:03,spearman,0.7661911517766109,74,74,False
baseline_plus_conditional_anchor_softmax,random,mse,all,HLA-B*27:03,pearson_log,0.7523700540035734,74,74,False
baseline_plus_conditional_anchor_softmax,random,mse,all,HLA-B*27:03,auc_gt_2h,0.8778565799842397,74,74,False
baseline_plus_conditional_anchor_softmax,random,mse,all,HLA-B*27:05,spearman,0.519944179076473,73,73,False
baseline_plus_conditional_anchor_softmax,random,mse,all,HLA-B*27:05,pearson_log,0.5145427480491371,73,73,False
baseline_plus_conditional_anchor_softmax,random,mse,all,HLA-B*27:05,auc_gt_2h,0.7508503401360545,73,73,False
baseline_plus_conditional_anchor_softmax,random,mse,all,HLA-B*27:20,spearman,0.3608553432857927,74,74,False
baseline_plus_conditional_anchor_softmax,random,mse,all,HLA-B*27:20,pearson_log,0.33531537339955986,74,74,False
baseline_plus_conditional_anchor_softmax,random,mse,all,HLA-B*27:20,auc_gt_2h,0.6587301587301587,74,74,False
baseline_plus_conditional_anchor_softmax,random,mse,all,HLA-B*35:01,spearman,0.24230505434631605,130,130,False
baseline_plus_conditional_anchor_softmax,random,mse,all,HLA-B*35:01,pearson_log,0.22166364079417455,130,130,False
baseline_plus_conditional_anchor_softmax,random,mse,all,HLA-B*35:01,auc_gt_2h,0.6346483704974271,130,130,False
baseline_plus_conditional_anchor_softmax,random,mse,all,HLA-B*35:03,spearman,0.14357315602293652,75,75,False
baseline_plus_conditional_anchor_softmax,random,mse,all,HLA-B*35:03,pearson_log,0.21319308205138654,75,75,False
baseline_plus_conditional_anchor_softmax,random,mse,all,HLA-B*35:03,auc_gt_2h,0.5574127906976745,75,75,False
baseline_plus_conditional_anchor_softmax,random,mse,all,HLA-B*35:08,spearman,0.7,5,5,False
baseline_plus_conditional_anchor_softmax,random,mse,all,HLA-B*35:08,pearson_log,0.46880530623555705,5,5,False
baseline_plus_conditional_anchor_softmax,random,mse,all,HLA-B*35:08,auc_gt_2h,1.0,5,5,False
baseline_plus_conditional_anchor_softmax,random,mse,all,HLA-B*39:01,spearman,0.4436992129487445,136,136,False
baseline_plus_conditional_anchor_softmax,random,mse,all,HLA-B*39:01,pearson_log,0.42925026067103444,136,136,False
baseline_plus_conditional_anchor_softmax,random,mse,all,HLA-B*39:01,auc_gt_2h,0.8314736437091189,136,136,False
baseline_plus_conditional_anchor_softmax,random,mse,all,HLA-B*39:02,spearman,0.1776878523461969,75,75,False
baseline_plus_conditional_anchor_softmax,random,mse,all,HLA-B*39:02,pearson_log,0.1937419829570424,75,75,False
baseline_plus_conditional_anchor_softmax,random,mse,all,HLA-B*39:02,auc_gt_2h,0.658179012345679,75,75,False
baseline_plus_conditional_anchor_softmax,random,mse,all,HLA-B*39:06(C67S),spearman,0.3677891498359437,76,76,False
baseline_plus_conditional_anchor_softmax,random,mse,all,HLA-B*39:06(C67S),pearson_log,0.47737380093699017,76,76,False
baseline_plus_conditional_anchor_softmax,random,mse,all,HLA-B*39:06(C67S),auc_gt_2h,1.0,76,76,False
baseline_plus_conditional_anchor_softmax,random,mse,all,HLA-B*39:10,spearman,0.4136184518838431,75,75,False
baseline_plus_conditional_anchor_softmax,random,mse,all,HLA-B*39:10,pearson_log,0.507828355585749,75,75,False
baseline_plus_conditional_anchor_softmax,random,mse,all,HLA-B*39:10,auc_gt_2h,0.6930091185410334,75,75,False
baseline_plus_conditional_anchor_softmax,random,mse,all,HLA-B*40:01,spearman,0.13807615004741447,60,60,False
baseline_plus_conditional_anchor_softmax,random,mse,all,HLA-B*40:01,pearson_log,0.17126468434264028,60,60,False
baseline_plus_conditional_anchor_softmax,random,mse,all,HLA-B*40:01,auc_gt_2h,0.5527272727272728,60,60,False
baseline_plus_conditional_anchor_softmax,random,mse,all,HLA-B*40:02,spearman,0.7999999999999999,4,4,False
baseline_plus_conditional_anchor_softmax,random,mse,all,HLA-B*40:02,pearson_log,0.6727567290026785,4,4,False
baseline_plus_conditional_anchor_softmax,random,mse,all,HLA-B*40:02,auc_gt_2h,1.0,4,4,False
baseline_plus_conditional_anchor_softmax,random,mse,all,HLA-B*41:01,spearman,0.48608932194865795,74,74,False
baseline_plus_conditional_anchor_softmax,random,mse,all,HLA-B*41:01,pearson_log,0.5682256687532727,74,74,False
baseline_plus_conditional_anchor_softmax,random,mse,all,HLA-B*41:01,auc_gt_2h,0.975,74,74,False
baseline_plus_conditional_anchor_softmax,random,mse,all,HLA-B*42:01,spearman,0.49694212773207647,70,70,False
baseline_plus_conditional_anchor_softmax,random,mse,all,HLA-B*42:01,pearson_log,0.45725502132525186,70,70,False
baseline_plus_conditional_anchor_softmax,random,mse,all,HLA-B*42:01,auc_gt_2h,0.7704918032786886,70,70,False
baseline_plus_conditional_anchor_softmax,random,mse,all,HLA-B*42:02,spearman,0.4921075302845088,75,75,False
baseline_plus_conditional_anchor_softmax,random,mse,all,HLA-B*42:02,pearson_log,0.4900757077119413,75,75,False
baseline_plus_conditional_anchor_softmax,random,mse,all,HLA-B*42:02,auc_gt_2h,0.7355555555555555,75,75,False
baseline_plus_conditional_anchor_softmax,random,mse,all,HLA-B*44:05,spearman,0.3629279554277293,70,70,False
baseline_plus_conditional_anchor_softmax,random,mse,all,HLA-B*44:05,pearson_log,0.3487537331804996,70,70,False
baseline_plus_conditional_anchor_softmax,random,mse,all,HLA-B*44:05,auc_gt_2h,0.6324642556770396,70,70,False
baseline_plus_conditional_anchor_softmax,random,mse,all,HLA-B*45:01,spearman,0.4323768627549411,74,74,False
baseline_plus_conditional_anchor_softmax,random,mse,all,HLA-B*45:01,pearson_log,0.5004947435374797,74,74,False
baseline_plus_conditional_anchor_softmax,random,mse,all,HLA-B*45:01,auc_gt_2h,0.7575757575757576,74,74,False
baseline_plus_conditional_anchor_softmax,random,mse,all,HLA-B*46:01,spearman,0.3263668016282551,72,72,False
baseline_plus_conditional_anchor_softmax,random,mse,all,HLA-B*46:01,pearson_log,0.27733462689432964,72,72,False
baseline_plus_conditional_anchor_softmax,random,mse,all,HLA-B*46:01,auc_gt_2h,0.6555555555555554,72,72,False
baseline_plus_conditional_anchor_softmax,random,mse,all,HLA-B*51:01,spearman,0.6136632496908122,71,71,False
baseline_plus_conditional_anchor_softmax,random,mse,all,HLA-B*51:01,pearson_log,0.6657512172139305,71,71,False
baseline_plus_conditional_anchor_softmax,random,mse,all,HLA-B*51:01,auc_gt_2h,0.9123809523809523,71,71,False
baseline_plus_conditional_anchor_softmax,random,mse,all,HLA-B*54:01,spearman,0.732365255440084,71,71,False
baseline_plus_conditional_anchor_softmax,random,mse,all,HLA-B*54:01,pearson_log,0.7542511203988926,71,71,False
baseline_plus_conditional_anchor_softmax,random,mse,all,HLA-B*54:01,auc_gt_2h,0.8763102725366877,71,71,False
baseline_plus_conditional_anchor_softmax,random,mse,all,HLA-B*55:01,spearman,0.6314562001039383,76,76,False
baseline_plus_conditional_anchor_softmax,random,mse,all,HLA-B*55:01,pearson_log,0.7050425556804853,76,76,False
baseline_plus_conditional_anchor_softmax,random,mse,all,HLA-B*55:01,auc_gt_2h,0.9015151515151516,76,76,False
baseline_plus_conditional_anchor_softmax,random,mse,all,HLA-B*56:01,spearman,0.7899856225759525,74,74,False
baseline_plus_conditional_anchor_softmax,random,mse,all,HLA-B*56:01,pearson_log,0.7969403827103072,74,74,False
baseline_plus_conditional_anchor_softmax,random,mse,all,HLA-B*56:01,auc_gt_2h,0.935687263556116,74,74,False
baseline_plus_conditional_anchor_softmax,random,mse,all,HLA-B*57:01,spearman,0.6718601921563919,70,70,False
baseline_plus_conditional_anchor_softmax,random,mse,all,HLA-B*57:01,pearson_log,0.5843661761839418,70,70,False
baseline_plus_conditional_anchor_softmax,random,mse,all,HLA-B*57:01,auc_gt_2h,0.8657407407407408,70,70,False
baseline_plus_conditional_anchor_softmax,random,mse,all,HLA-B*57:02,spearman,0.5196602028778524,73,73,False
baseline_plus_conditional_anchor_softmax,random,mse,all,HLA-B*57:02,pearson_log,0.5171829673469339,73,73,False
baseline_plus_conditional_anchor_softmax,random,mse,all,HLA-B*57:02,auc_gt_2h,0.7599085365853658,73,73,False
baseline_plus_conditional_anchor_softmax,random,mse,all,HLA-B*57:03,spearman,0.5270362665571425,74,74,False
baseline_plus_conditional_anchor_softmax,random,mse,all,HLA-B*57:03,pearson_log,0.4693738303883803,74,74,False
baseline_plus_conditional_anchor_softmax,random,mse,all,HLA-B*57:03,auc_gt_2h,0.7931904161412358,74,74,False
baseline_plus_conditional_anchor_softmax,random,mse,all,HLA-B*58:01,spearman,0.5149339964353644,76,76,False
baseline_plus_conditional_anchor_softmax,random,mse,all,HLA-B*58:01,pearson_log,0.4729316560927003,76,76,False
baseline_plus_conditional_anchor_softmax,random,mse,all,HLA-B*58:01,auc_gt_2h,0.7542016806722689,76,76,False
baseline_plus_conditional_anchor_softmax,random,mse,all,HLA-B*81:01,spearman,0.39860041140156793,73,73,False
baseline_plus_conditional_anchor_softmax,random,mse,all,HLA-B*81:01,pearson_log,0.29102245098971957,73,73,False
baseline_plus_conditional_anchor_softmax,random,mse,all,HLA-B*81:01,auc_gt_2h,0.6623376623376622,73,73,False
baseline_plus_conditional_anchor_softmax,random,mse,nonzero,HLA-A*01:01,spearman,0.15950036149343474,42,42,False
baseline_plus_conditional_anchor_softmax,random,mse,nonzero,HLA-A*01:01,pearson_log,0.15003386167415778,42,42,False
baseline_plus_conditional_anchor_softmax,random,mse,nonzero,HLA-A*01:01,auc_gt_2h,0.5952941176470589,42,42,False
baseline_plus_conditional_anchor_softmax,random,mse,nonzero,HLA-A*02:01,spearman,0.5966636265944399,204,204,False
baseline_plus_conditional_anchor_softmax,random,mse,nonzero,HLA-A*02:01,pearson_log,0.6099277676976662,204,204,False
baseline_plus_conditional_anchor_softmax,random,mse,nonzero,HLA-A*02:01,auc_gt_2h,0.8245039682539682,204,204,False
baseline_plus_conditional_anchor_softmax,random,mse,nonzero,HLA-A*02:03,spearman,0.5887008342045242,72,72,False
baseline_plus_conditional_anchor_softmax,random,mse,nonzero,HLA-A*02:03,pearson_log,0.5444880202653126,72,72,False
baseline_plus_conditional_anchor_softmax,random,mse,nonzero,HLA-A*02:03,auc_gt_2h,0.7843137254901962,72,72,False
baseline_plus_conditional_anchor_softmax,random,mse,nonzero,HLA-A*02:05,spearman,0.39999999999999997,4,4,False
baseline_plus_conditional_anchor_softmax,random,mse,nonzero,HLA-A*02:05,pearson_log,0.1816453935734168,4,4,False
baseline_plus_conditional_anchor_softmax,random,mse,nonzero,HLA-A*02:05,auc_gt_2h,0.5,4,4,False
baseline_plus_conditional_anchor_softmax,random,mse,nonzero,HLA-A*02:10,spearman,0.45355643944491253,71,71,False
baseline_plus_conditional_anchor_softmax,random,mse,nonzero,HLA-A*02:10,pearson_log,0.4617653719305988,71,71,False
baseline_plus_conditional_anchor_softmax,random,mse,nonzero,HLA-A*02:10,auc_gt_2h,0.7567567567567567,71,71,False
baseline_plus_conditional_anchor_softmax,random,mse,nonzero,HLA-A*02:11,spearman,0.36196348442630066,76,76,False
baseline_plus_conditional_anchor_softmax,random,mse,nonzero,HLA-A*02:11,pearson_log,0.3790542623752733,76,76,False
baseline_plus_conditional_anchor_softmax,random,mse,nonzero,HLA-A*02:11,auc_gt_2h,0.7314685314685315,76,76,False
baseline_plus_conditional_anchor_softmax,random,mse,nonzero,HLA-A*02:12,spearman,0.6701076760414859,74,74,False
baseline_plus_conditional_anchor_softmax,random,mse,nonzero,HLA-A*02:12,pearson_log,0.663839538599966,74,74,False
baseline_plus_conditional_anchor_softmax,random,mse,nonzero,HLA-A*02:12,auc_gt_2h,0.8488095238095238,74,74,False
baseline_plus_conditional_anchor_softmax,random,mse,nonzero,HLA-A*02:16,spearman,0.6116488355580053,74,74,False
baseline_plus_conditional_anchor_softmax,random,mse,nonzero,HLA-A*02:16,pearson_log,0.6125641794520184,74,74,False
baseline_plus_conditional_anchor_softmax,random,mse,nonzero,HLA-A*02:16,auc_gt_2h,0.7988095238095239,74,74,False
baseline_plus_conditional_anchor_softmax,random,mse,nonzero,HLA-A*02:19,spearman,0.6226682609682543,70,70,False
baseline_plus_conditional_anchor_softmax,random,mse,nonzero,HLA-A*02:19,pearson_log,0.6302024757143014,70,70,False
baseline_plus_conditional_anchor_softmax,random,mse,nonzero,HLA-A*02:19,auc_gt_2h,0.7608888888888888,70,70,False
baseline_plus_conditional_anchor_softmax,random,mse,nonzero,HLA-A*02:50,spearman,0.6256206004872199,75,75,False
baseline_plus_conditional_anchor_softmax,random,mse,nonzero,HLA-A*02:50,pearson_log,0.6239197665777693,75,75,False
baseline_plus_conditional_anchor_softmax,random,mse,nonzero,HLA-A*02:50,auc_gt_2h,0.8477777777777777,75,75,False
baseline_plus_conditional_anchor_softmax,random,mse,nonzero,HLA-A*03:01,spearman,0.5595320846043502,136,136,False
baseline_plus_conditional_anchor_softmax,random,mse,nonzero,HLA-A*03:01,pearson_log,0.5493336261033042,136,136,False
baseline_plus_conditional_anchor_softmax,random,mse,nonzero,HLA-A*03:01,auc_gt_2h,0.7698464200735453,136,136,False
baseline_plus_conditional_anchor_softmax,random,mse,nonzero,HLA-A*11:01,spearman,0.668707816154123,111,111,False
baseline_plus_conditional_anchor_softmax,random,mse,nonzero,HLA-A*11:01,pearson_log,0.6632404382680893,111,111,False
baseline_plus_conditional_anchor_softmax,random,mse,nonzero,HLA-A*11:01,auc_gt_2h,0.8334448160535117,111,111,False
baseline_plus_conditional_anchor_softmax,random,mse,nonzero,HLA-A*23:01,spearman,0.5021219368157865,74,74,False
baseline_plus_conditional_anchor_softmax,random,mse,nonzero,HLA-A*23:01,pearson_log,0.5237353044308208,74,74,False
baseline_plus_conditional_anchor_softmax,random,mse,nonzero,HLA-A*23:01,auc_gt_2h,0.7694099378881988,74,74,False
baseline_plus_conditional_anchor_softmax,random,mse,nonzero,HLA-A*24:02,spearman,0.6503084407484765,115,115,False
baseline_plus_conditional_anchor_softmax,random,mse,nonzero,HLA-A*24:02,pearson_log,0.639921504658344,115,115,False
baseline_plus_conditional_anchor_softmax,random,mse,nonzero,HLA-A*24:02,auc_gt_2h,0.8266666666666667,115,115,False
baseline_plus_conditional_anchor_softmax,random,mse,nonzero,HLA-A*24:03,spearman,0.470635856489696,102,102,False
baseline_plus_conditional_anchor_softmax,random,mse,nonzero,HLA-A*24:03,pearson_log,0.4535945756011547,102,102,False
baseline_plus_conditional_anchor_softmax,random,mse,nonzero,HLA-A*24:03,auc_gt_2h,0.7139498432601881,102,102,False
baseline_plus_conditional_anchor_softmax,random,mse,nonzero,HLA-A*24:07,spearman,0.6076119364769982,68,68,False
baseline_plus_conditional_anchor_softmax,random,mse,nonzero,HLA-A*24:07,pearson_log,0.6065230302425814,68,68,False
baseline_plus_conditional_anchor_softmax,random,mse,nonzero,HLA-A*24:07,auc_gt_2h,0.8080357142857143,68,68,False
baseline_plus_conditional_anchor_softmax,random,mse,nonzero,HLA-A*24:19,spearman,0.3581337452194636,57,57,False
baseline_plus_conditional_anchor_softmax,random,mse,nonzero,HLA-A*24:19,pearson_log,0.21205058434399104,57,57,False
baseline_plus_conditional_anchor_softmax,random,mse,nonzero,HLA-A*24:19,auc_gt_2h,0.5461538461538462,57,57,False
baseline_plus_conditional_anchor_softmax,random,mse,nonzero,HLA-A*25:01,spearman,0.5383524720506138,55,55,False
baseline_plus_conditional_anchor_softmax,random,mse,nonzero,HLA-A*25:01,pearson_log,0.44931240627800656,55,55,False
baseline_plus_conditional_anchor_softmax,random,mse,nonzero,HLA-A*25:01,auc_gt_2h,0.7529239766081871,55,55,False
baseline_plus_conditional_anchor_softmax,random,mse,nonzero,HLA-A*26:01,spearman,0.47431106172682563,52,52,False
baseline_plus_conditional_anchor_softmax,random,mse,nonzero,HLA-A*26:01,pearson_log,0.5161108043391647,52,52,False
baseline_plus_conditional_anchor_softmax,random,mse,nonzero,HLA-A*26:01,auc_gt_2h,0.7327731092436975,52,52,False
baseline_plus_conditional_anchor_softmax,random,mse,nonzero,HLA-A*26:02,spearman,0.4311246347689382,60,60,False
baseline_plus_conditional_anchor_softmax,random,mse,nonzero,HLA-A*26:02,pearson_log,0.47323710830418164,60,60,False
baseline_plus_conditional_anchor_softmax,random,mse,nonzero,HLA-A*26:02,auc_gt_2h,0.7655677655677656,60,60,False
baseline_plus_conditional_anchor_softmax,random,mse,nonzero,HLA-A*26:03,spearman,0.30590686898517816,52,52,False
baseline_plus_conditional_anchor_softmax,random,mse,nonzero,HLA-A*26:03,pearson_log,0.3491436630274758,52,52,False
baseline_plus_conditional_anchor_softmax,random,mse,nonzero,HLA-A*26:03,auc_gt_2h,0.6764705882352942,52,52,False
baseline_plus_conditional_anchor_softmax,random,mse,nonzero,HLA-A*29:02,spearman,0.228740386254337,74,74,False
baseline_plus_conditional_anchor_softmax,random,mse,nonzero,HLA-A*29:02,pearson_log,0.23048393344910673,74,74,False
baseline_plus_conditional_anchor_softmax,random,mse,nonzero,HLA-A*29:02,auc_gt_2h,0.6112342941611234,74,74,False
baseline_plus_conditional_anchor_softmax,random,mse,nonzero,HLA-A*30:01,spearman,0.1550620133467335,54,54,False
baseline_plus_conditional_anchor_softmax,random,mse,nonzero,HLA-A*30:01,pearson_log,0.18271764115050815,54,54,False
baseline_plus_conditional_anchor_softmax,random,mse,nonzero,HLA-A*30:01,auc_gt_2h,0.5426136363636364,54,54,False
baseline_plus_conditional_anchor_softmax,random,mse,nonzero,HLA-A*30:02,spearman,0.33266767431289074,67,67,False
baseline_plus_conditional_anchor_softmax,random,mse,nonzero,HLA-A*30:02,pearson_log,0.44425672998260135,67,67,False
baseline_plus_conditional_anchor_softmax,random,mse,nonzero,HLA-A*30:02,auc_gt_2h,0.6884057971014491,67,67,False
baseline_plus_conditional_anchor_softmax,random,mse,nonzero,HLA-A*31:01,spearman,0.49276692605727546,72,72,False
baseline_plus_conditional_anchor_softmax,random,mse,nonzero,HLA-A*31:01,pearson_log,0.47658754210154897,72,72,False
baseline_plus_conditional_anchor_softmax,random,mse,nonzero,HLA-A*31:01,auc_gt_2h,0.7720164609053498,72,72,False
baseline_plus_conditional_anchor_softmax,random,mse,nonzero,HLA-A*32:01,spearman,0.39999999999999997,5,5,False
baseline_plus_conditional_anchor_softmax,random,mse,nonzero,HLA-A*32:01,pearson_log,0.6646511995486832,5,5,False
baseline_plus_conditional_anchor_softmax,random,mse,nonzero,HLA-A*32:01,auc_gt_2h,0.8333333333333333,5,5,False
baseline_plus_conditional_anchor_softmax,random,mse,nonzero,HLA-A*32:07,spearman,0.685128891793612,44,44,False
baseline_plus_conditional_anchor_softmax,random,mse,nonzero,HLA-A*32:07,pearson_log,0.6935894711821665,44,44,False
baseline_plus_conditional_anchor_softmax,random,mse,nonzero,HLA-A*32:07,auc_gt_2h,0.8375,44,44,False
baseline_plus_conditional_anchor_softmax,random,mse,nonzero,HLA-A*33:03,spearman,0.5346033225986139,40,40,False
baseline_plus_conditional_anchor_softmax,random,mse,nonzero,HLA-A*33:03,pearson_log,0.511155834612117,40,40,False
baseline_plus_conditional_anchor_softmax,random,mse,nonzero,HLA-A*33:03,auc_gt_2h,0.8282828282828284,40,40,False
baseline_plus_conditional_anchor_softmax,random,mse,nonzero,HLA-A*43:01,spearman,0.20585759996367495,57,57,False
baseline_plus_conditional_anchor_softmax,random,mse,nonzero,HLA-A*43:01,pearson_log,0.24568426059189363,57,57,False
baseline_plus_conditional_anchor_softmax,random,mse,nonzero,HLA-A*43:01,auc_gt_2h,0.7015306122448979,57,57,False
baseline_plus_conditional_anchor_softmax,random,mse,nonzero,HLA-A*66:01,spearman,0.0263496149695016,48,48,False
baseline_plus_conditional_anchor_softmax,random,mse,nonzero,HLA-A*66:01,pearson_log,0.28838572451014,48,48,False
baseline_plus_conditional_anchor_softmax,random,mse,nonzero,HLA-A*66:01,auc_gt_2h,0.5853658536585367,48,48,False
baseline_plus_conditional_anchor_softmax,random,mse,nonzero,HLA-A*68:01,spearman,0.2842781762812064,57,57,False
baseline_plus_conditional_anchor_softmax,random,mse,nonzero,HLA-A*68:01,pearson_log,0.2796066444259141,57,57,False
baseline_plus_conditional_anchor_softmax,random,mse,nonzero,HLA-A*68:01,auc_gt_2h,0.5972906403940887,57,57,False
baseline_plus_conditional_anchor_softmax,random,mse,nonzero,HLA-A*68:02,spearman,0.5,3,3,False
baseline_plus_conditional_anchor_softmax,random,mse,nonzero,HLA-A*68:02,pearson_log,-0.06409119057851553,3,3,False
baseline_plus_conditional_anchor_softmax,random,mse,nonzero,HLA-A*68:02,auc_gt_2h,,3,3,False
baseline_plus_conditional_anchor_softmax,random,mse,nonzero,HLA-A*68:23,spearman,0.07865767939593865,64,64,False
baseline_plus_conditional_anchor_softmax,random,mse,nonzero,HLA-A*68:23,pearson_log,0.10192138341252954,64,64,False
baseline_plus_conditional_anchor_softmax,random,mse,nonzero,HLA-A*68:23,auc_gt_2h,0.5428571428571429,64,64,False
baseline_plus_conditional_anchor_softmax,random,mse,nonzero,HLA-A*69:01,spearman,,1,1,True
baseline_plus_conditional_anchor_softmax,random,mse,nonzero,HLA-A*69:01,pearson_log,,1,1,True
baseline_plus_conditional_anchor_softmax,random,mse,nonzero,HLA-A*69:01,auc_gt_2h,,1,1,True
baseline_plus_conditional_anchor_softmax,random,mse,nonzero,HLA-A*74:01,spearman,0.7062796356209831,60,60,False
baseline_plus_conditional_anchor_softmax,random,mse,nonzero,HLA-A*74:01,pearson_log,0.6874852404036615,60,60,False
baseline_plus_conditional_anchor_softmax,random,mse,nonzero,HLA-A*74:01,auc_gt_2h,0.8159722222222222,60,60,False
baseline_plus_conditional_anchor_softmax,random,mse,nonzero,HLA-A*80:01,spearman,0.2933615641311941,39,39,False
baseline_plus_conditional_anchor_softmax,random,mse,nonzero,HLA-A*80:01,pearson_log,0.34129515547529454,39,39,False
baseline_plus_conditional_anchor_softmax,random,mse,nonzero,HLA-A*80:01,auc_gt_2h,0.9074074074074076,39,39,False
baseline_plus_conditional_anchor_softmax,random,mse,nonzero,HLA-B*07:02,spearman,0.49615190612719484,124,124,False
baseline_plus_conditional_anchor_softmax,random,mse,nonzero,HLA-B*07:02,pearson_log,0.5001089412477802,124,124,False
baseline_plus_conditional_anchor_softmax,random,mse,nonzero,HLA-B*07:02,auc_gt_2h,0.7269886363636364,124,124,False
baseline_plus_conditional_anchor_softmax,random,mse,nonzero,HLA-B*08:01,spearman,0.25170771724763963,58,58,False
baseline_plus_conditional_anchor_softmax,random,mse,nonzero,HLA-B*08:01,pearson_log,0.3048918658641659,58,58,False
baseline_plus_conditional_anchor_softmax,random,mse,nonzero,HLA-B*08:01,auc_gt_2h,0.8839285714285715,58,58,False
baseline_plus_conditional_anchor_softmax,random,mse,nonzero,HLA-B*08:03,spearman,0.4416111149839492,47,47,False
baseline_plus_conditional_anchor_softmax,random,mse,nonzero,HLA-B*08:03,pearson_log,0.4647359285795263,47,47,False
baseline_plus_conditional_anchor_softmax,random,mse,nonzero,HLA-B*08:03,auc_gt_2h,0.8780487804878049,47,47,False
baseline_plus_conditional_anchor_softmax,random,mse,nonzero,HLA-B*14:01(C67S),spearman,0.08827348295047496,6,6,False
baseline_plus_conditional_anchor_softmax,random,mse,nonzero,HLA-B*14:01(C67S),pearson_log,0.10943538632632153,6,6,False
baseline_plus_conditional_anchor_softmax,random,mse,nonzero,HLA-B*14:01(C67S),auc_gt_2h,,6,6,False
baseline_plus_conditional_anchor_softmax,random,mse,nonzero,HLA-B*14:02(C67S),spearman,0.12221727118819935,18,18,False
baseline_plus_conditional_anchor_softmax,random,mse,nonzero,HLA-B*14:02(C67S),pearson_log,0.22381574835436885,18,18,False
baseline_plus_conditional_anchor_softmax,random,mse,nonzero,HLA-B*14:02(C67S),auc_gt_2h,0.5972222222222222,18,18,False
baseline_plus_conditional_anchor_softmax,random,mse,nonzero,HLA-B*15:01,spearman,0.3372348269427381,202,202,False
baseline_plus_conditional_anchor_softmax,random,mse,nonzero,HLA-B*15:01,pearson_log,0.34888049924203024,202,202,False
baseline_plus_conditional_anchor_softmax,random,mse,nonzero,HLA-B*15:01,auc_gt_2h,0.7172881355932204,202,202,False
baseline_plus_conditional_anchor_softmax,random,mse,nonzero,HLA-B*15:02,spearman,0.1773515452432076,52,52,False
baseline_plus_conditional_anchor_softmax,random,mse,nonzero,HLA-B*15:02,pearson_log,0.12625831266062038,52,52,False
baseline_plus_conditional_anchor_softmax,random,mse,nonzero,HLA-B*15:02,auc_gt_2h,0.5111111111111112,52,52,False
baseline_plus_conditional_anchor_softmax,random,mse,nonzero,HLA-B*15:10,spearman,0.23327442150545846,59,59,False
baseline_plus_conditional_anchor_softmax,random,mse,nonzero,HLA-B*15:10,pearson_log,0.18163629337759932,59,59,False
baseline_plus_conditional_anchor_softmax,random,mse,nonzero,HLA-B*15:10,auc_gt_2h,0.5490196078431373,59,59,False
baseline_plus_conditional_anchor_softmax,random,mse,nonzero,HLA-B*15:17,spearman,0.1565518602616964,62,62,False
baseline_plus_conditional_anchor_softmax,random,mse,nonzero,HLA-B*15:17,pearson_log,0.11822182887744301,62,62,False
baseline_plus_conditional_anchor_softmax,random,mse,nonzero,HLA-B*15:17,auc_gt_2h,0.5259026687598116,62,62,False
baseline_plus_conditional_anchor_softmax,random,mse,nonzero,HLA-B*18:01,spearman,0.19888382762255857,67,67,False
baseline_plus_conditional_anchor_softmax,random,mse,nonzero,HLA-B*18:01,pearson_log,0.2212316473774417,67,67,False
baseline_plus_conditional_anchor_softmax,random,mse,nonzero,HLA-B*18:01,auc_gt_2h,0.5931899641577061,67,67,False
baseline_plus_conditional_anchor_softmax,random,mse,nonzero,HLA-B*27:02,spearman,0.38803135717658427,51,51,False
baseline_plus_conditional_anchor_softmax,random,mse,nonzero,HLA-B*27:02,pearson_log,0.4299438059872214,51,51,False
baseline_plus_conditional_anchor_softmax,random,mse,nonzero,HLA-B*27:02,auc_gt_2h,0.6799307958477508,51,51,False
baseline_plus_conditional_anchor_softmax,random,mse,nonzero,HLA-B*27:03,spearman,0.5860455225295722,46,46,False
baseline_plus_conditional_anchor_softmax,random,mse,nonzero,HLA-B*27:03,pearson_log,0.5891672132268679,46,46,False
baseline_plus_conditional_anchor_softmax,random,mse,nonzero,HLA-B*27:03,auc_gt_2h,0.7680311890838207,46,46,False
baseline_plus_conditional_anchor_softmax,random,mse,nonzero,HLA-B*27:05,spearman,0.4849530794346587,59,59,False
baseline_plus_conditional_anchor_softmax,random,mse,nonzero,HLA-B*27:05,pearson_log,0.4999004587523562,59,59,False
baseline_plus_conditional_anchor_softmax,random,mse,nonzero,HLA-B*27:05,auc_gt_2h,0.7166666666666667,59,59,False
baseline_plus_conditional_anchor_softmax,random,mse,nonzero,HLA-B*27:20,spearman,0.3090819396259437,51,51,False
baseline_plus_conditional_anchor_softmax,random,mse,nonzero,HLA-B*27:20,pearson_log,0.33384251286798955,51,51,False
baseline_plus_conditional_anchor_softmax,random,mse,nonzero,HLA-B*27:20,auc_gt_2h,0.5976430976430976,51,51,False
baseline_plus_conditional_anchor_softmax,random,mse,nonzero,HLA-B*35:01,spearman,0.25991764519557203,117,117,False
baseline_plus_conditional_anchor_softmax,random,mse,nonzero,HLA-B*35:01,pearson_log,0.2674531686226626,117,117,False
baseline_plus_conditional_anchor_softmax,random,mse,nonzero,HLA-B*35:01,auc_gt_2h,0.6341391509433963,117,117,False
baseline_plus_conditional_anchor_softmax,random,mse,nonzero,HLA-B*35:03,spearman,0.10124896404463923,72,72,False
baseline_plus_conditional_anchor_softmax,random,mse,nonzero,HLA-B*35:03,pearson_log,0.11874731683170221,72,72,False
baseline_plus_conditional_anchor_softmax,random,mse,nonzero,HLA-B*35:03,auc_gt_2h,0.54453125,72,72,False
baseline_plus_conditional_anchor_softmax,random,mse,nonzero,HLA-B*35:08,spearman,1.0,4,4,False
baseline_plus_conditional_anchor_softmax,random,mse,nonzero,HLA-B*35:08,pearson_log,0.9775945079682187,4,4,False
baseline_plus_conditional_anchor_softmax,random,mse,nonzero,HLA-B*35:08,auc_gt_2h,1.0,4,4,False
baseline_plus_conditional_anchor_softmax,random,mse,nonzero,HLA-B*39:01,spearman,0.4903552780140397,110,110,False
baseline_plus_conditional_anchor_softmax,random,mse,nonzero,HLA-B*39:01,pearson_log,0.4735148812489846,110,110,False
baseline_plus_conditional_anchor_softmax,random,mse,nonzero,HLA-B*39:01,auc_gt_2h,0.8265867066466767,110,110,False
baseline_plus_conditional_anchor_softmax,random,mse,nonzero,HLA-B*39:02,spearman,0.18520962977970515,65,65,False
baseline_plus_conditional_anchor_softmax,random,mse,nonzero,HLA-B*39:02,pearson_log,0.18178968132133083,65,65,False
baseline_plus_conditional_anchor_softmax,random,mse,nonzero,HLA-B*39:02,auc_gt_2h,0.658869395711501,65,65,False
baseline_plus_conditional_anchor_softmax,random,mse,nonzero,HLA-B*39:06(C67S),spearman,0.19999999999999998,4,4,False
baseline_plus_conditional_anchor_softmax,random,mse,nonzero,HLA-B*39:06(C67S),pearson_log,0.4214720151972387,4,4,False
baseline_plus_conditional_anchor_softmax,random,mse,nonzero,HLA-B*39:06(C67S),auc_gt_2h,1.0,4,4,False
baseline_plus_conditional_anchor_softmax,random,mse,nonzero,HLA-B*39:10,spearman,0.24551356356131954,68,68,False
baseline_plus_conditional_anchor_softmax,random,mse,nonzero,HLA-B*39:10,pearson_log,0.2546031409122471,68,68,False
baseline_plus_conditional_anchor_softmax,random,mse,nonzero,HLA-B*39:10,auc_gt_2h,0.6068895643363729,68,68,False
baseline_plus_conditional_anchor_softmax,random,mse,nonzero,HLA-B*40:01,spearman,0.11898692102709031,58,58,False
baseline_plus_conditional_anchor_softmax,random,mse,nonzero,HLA-B*40:01,pearson_log,0.21683350357565914,58,58,False
baseline_plus_conditional_anchor_softmax,random,mse,nonzero,HLA-B*40:01,auc_gt_2h,0.5433962264150943,58,58,False
baseline_plus_conditional_anchor_softmax,random,mse,nonzero,HLA-B*40:02,spearman,0.7999999999999999,4,4,False
baseline_plus_conditional_anchor_softmax,random,mse,nonzero,HLA-B*40:02,pearson_log,0.6727567290026785,4,4,False
baseline_plus_conditional_anchor_softmax,random,mse,nonzero,HLA-B*40:02,auc_gt_2h,1.0,4,4,False
baseline_plus_conditional_anchor_softmax,random,mse,nonzero,HLA-B*41:01,spearman,0.5742069597107179,32,32,False
baseline_plus_conditional_anchor_softmax,random,mse,nonzero,HLA-B*41:01,pearson_log,0.6353716986621994,32,32,False
baseline_plus_conditional_anchor_softmax,random,mse,nonzero,HLA-B*41:01,auc_gt_2h,0.9375,32,32,False
baseline_plus_conditional_anchor_softmax,random,mse,nonzero,HLA-B*42:01,spearman,0.4741825304324068,68,68,False
baseline_plus_conditional_anchor_softmax,random,mse,nonzero,HLA-B*42:01,pearson_log,0.45984185821417395,68,68,False
baseline_plus_conditional_anchor_softmax,random,mse,nonzero,HLA-B*42:01,auc_gt_2h,0.7611241217798596,68,68,False
baseline_plus_conditional_anchor_softmax,random,mse,nonzero,HLA-B*42:02,spearman,0.44436749502650386,69,69,False
baseline_plus_conditional_anchor_softmax,random,mse,nonzero,HLA-B*42:02,pearson_log,0.4651349983916132,69,69,False
baseline_plus_conditional_anchor_softmax,random,mse,nonzero,HLA-B*42:02,auc_gt_2h,0.7128205128205128,69,69,False
baseline_plus_conditional_anchor_softmax,random,mse,nonzero,HLA-B*44:05,spearman,0.23373361312718713,61,61,False
baseline_plus_conditional_anchor_softmax,random,mse,nonzero,HLA-B*44:05,pearson_log,0.1892992409115278,61,61,False
baseline_plus_conditional_anchor_softmax,random,mse,nonzero,HLA-B*44:05,auc_gt_2h,0.5560975609756098,61,61,False
baseline_plus_conditional_anchor_softmax,random,mse,nonzero,HLA-B*45:01,spearman,0.2815962126920966,26,26,False
baseline_plus_conditional_anchor_softmax,random,mse,nonzero,HLA-B*45:01,pearson_log,0.25404882767379183,26,26,False
baseline_plus_conditional_anchor_softmax,random,mse,nonzero,HLA-B*45:01,auc_gt_2h,0.6458333333333334,26,26,False
baseline_plus_conditional_anchor_softmax,random,mse,nonzero,HLA-B*46:01,spearman,0.10206194041441603,36,36,False
baseline_plus_conditional_anchor_softmax,random,mse,nonzero,HLA-B*46:01,pearson_log,0.03850689060169195,36,36,False
baseline_plus_conditional_anchor_softmax,random,mse,nonzero,HLA-B*46:01,auc_gt_2h,0.5555555555555556,36,36,False
baseline_plus_conditional_anchor_softmax,random,mse,nonzero,HLA-B*51:01,spearman,0.7089406943352895,35,35,False
baseline_plus_conditional_anchor_softmax,random,mse,nonzero,HLA-B*51:01,pearson_log,0.7224450286159892,35,35,False
baseline_plus_conditional_anchor_softmax,random,mse,nonzero,HLA-B*51:01,auc_gt_2h,0.9047619047619048,35,35,False
baseline_plus_conditional_anchor_softmax,random,mse,nonzero,HLA-B*54:01,spearman,0.5799605621892797,44,44,False
baseline_plus_conditional_anchor_softmax,random,mse,nonzero,HLA-B*54:01,pearson_log,0.595741817784506,44,44,False
baseline_plus_conditional_anchor_softmax,random,mse,nonzero,HLA-B*54:01,auc_gt_2h,0.8311965811965812,44,44,False
baseline_plus_conditional_anchor_softmax,random,mse,nonzero,HLA-B*55:01,spearman,0.6216349004735956,32,32,False
baseline_plus_conditional_anchor_softmax,random,mse,nonzero,HLA-B*55:01,pearson_log,0.66130156817354,32,32,False
baseline_plus_conditional_anchor_softmax,random,mse,nonzero,HLA-B*55:01,auc_gt_2h,0.7818181818181817,32,32,False
baseline_plus_conditional_anchor_softmax,random,mse,nonzero,HLA-B*56:01,spearman,0.6818847500197565,42,42,False
baseline_plus_conditional_anchor_softmax,random,mse,nonzero,HLA-B*56:01,pearson_log,0.7183892777346705,42,42,False
baseline_plus_conditional_anchor_softmax,random,mse,nonzero,HLA-B*56:01,auc_gt_2h,0.870026525198939,42,42,False
baseline_plus_conditional_anchor_softmax,random,mse,nonzero,HLA-B*57:01,spearman,0.6267976563091194,60,60,False
baseline_plus_conditional_anchor_softmax,random,mse,nonzero,HLA-B*57:01,pearson_log,0.6009340166799988,60,60,False
baseline_plus_conditional_anchor_softmax,random,mse,nonzero,HLA-B*57:01,auc_gt_2h,0.8888888888888887,60,60,False
baseline_plus_conditional_anchor_softmax,random,mse,nonzero,HLA-B*57:02,spearman,0.49187157209067395,71,71,False
baseline_plus_conditional_anchor_softmax,random,mse,nonzero,HLA-B*57:02,pearson_log,0.49415340597277857,71,71,False
baseline_plus_conditional_anchor_softmax,random,mse,nonzero,HLA-B*57:02,auc_gt_2h,0.75,71,71,False
baseline_plus_conditional_anchor_softmax,random,mse,nonzero,HLA-B*57:03,spearman,0.5270362665571425,74,74,False
baseline_plus_conditional_anchor_softmax,random,mse,nonzero,HLA-B*57:03,pearson_log,0.4693738303883803,74,74,False
baseline_plus_conditional_anchor_softmax,random,mse,nonzero,HLA-B*57:03,auc_gt_2h,0.7931904161412358,74,74,False
baseline_plus_conditional_anchor_softmax,random,mse,nonzero,HLA-B*58:01,spearman,0.5442125114957654,65,65,False
baseline_plus_conditional_anchor_softmax,random,mse,nonzero,HLA-B*58:01,pearson_log,0.5430944688217392,65,65,False
baseline_plus_conditional_anchor_softmax,random,mse,nonzero,HLA-B*58:01,auc_gt_2h,0.7577639751552795,65,65,False
baseline_plus_conditional_anchor_softmax,random,mse,nonzero,HLA-B*81:01,spearman,0.41111248322104194,60,60,False
baseline_plus_conditional_anchor_softmax,random,mse,nonzero,HLA-B*81:01,pearson_log,0.3213807333045371,60,60,False
baseline_plus_conditional_anchor_softmax,random,mse,nonzero,HLA-B*81:01,auc_gt_2h,0.6415094339622641,60,60,False
baseline_plus_conditional_logp_per_position,leave_one_allele_out,mse,all,HLA-A*01:01,spearman,0.13087917289920156,220,220,False
baseline_plus_conditional_logp_per_position,leave_one_allele_out,mse,all,HLA-A*01:01,pearson_log,0.1237545447290351,220,220,False
baseline_plus_conditional_logp_per_position,leave_one_allele_out,mse,all,HLA-A*01:01,auc_gt_2h,0.6188858695652175,220,220,False
baseline_plus_conditional_logp_per_position,leave_one_allele_out,mse,all,HLA-A*02:01,spearman,0.650621672229728,1023,1023,False
baseline_plus_conditional_logp_per_position,leave_one_allele_out,mse,all,HLA-A*02:01,pearson_log,0.6265013500588372,1023,1023,False
baseline_plus_conditional_logp_per_position,leave_one_allele_out,mse,all,HLA-A*02:01,auc_gt_2h,0.8199744938625857,1023,1023,False
baseline_plus_conditional_logp_per_position,leave_one_allele_out,mse,all,HLA-A*02:03,spearman,0.6957977485388757,379,379,False
baseline_plus_conditional_logp_per_position,leave_one_allele_out,mse,all,HLA-A*02:03,pearson_log,0.6553168642627285,379,379,False
baseline_plus_conditional_logp_per_position,leave_one_allele_out,mse,all,HLA-A*02:03,auc_gt_2h,0.8339689722042662,379,379,False
baseline_plus_conditional_logp_per_position,leave_one_allele_out,mse,all,HLA-A*02:05,spearman,0.5092562788887061,21,21,False
baseline_plus_conditional_logp_per_position,leave_one_allele_out,mse,all,HLA-A*02:05,pearson_log,0.4755420788626765,21,21,False
baseline_plus_conditional_logp_per_position,leave_one_allele_out,mse,all,HLA-A*02:05,auc_gt_2h,0.7777777777777778,21,21,False
baseline_plus_conditional_logp_per_position,leave_one_allele_out,mse,all,HLA-A*02:10,spearman,0.34200724975036934,370,370,False
baseline_plus_conditional_logp_per_position,leave_one_allele_out,mse,all,HLA-A*02:10,pearson_log,0.33897777162141596,370,370,False
baseline_plus_conditional_logp_per_position,leave_one_allele_out,mse,all,HLA-A*02:10,auc_gt_2h,0.678424092409241,370,370,False
baseline_plus_conditional_logp_per_position,leave_one_allele_out,mse,all,HLA-A*02:11,spearman,0.6158580909749117,379,379,False
baseline_plus_conditional_logp_per_position,leave_one_allele_out,mse,all,HLA-A*02:11,pearson_log,0.5834004038465925,379,379,False
baseline_plus_conditional_logp_per_position,leave_one_allele_out,mse,all,HLA-A*02:11,auc_gt_2h,0.8081845238095238,379,379,False
baseline_plus_conditional_logp_per_position,leave_one_allele_out,mse,all,HLA-A*02:12,spearman,0.741307132562669,372,372,False
baseline_plus_conditional_logp_per_position,leave_one_allele_out,mse,all,HLA-A*02:12,pearson_log,0.6896313576166386,372,372,False
baseline_plus_conditional_logp_per_position,leave_one_allele_out,mse,all,HLA-A*02:12,auc_gt_2h,0.8852711885604703,372,372,False
baseline_plus_conditional_logp_per_position,leave_one_allele_out,mse,all,HLA-A*02:16,spearman,0.748782401253174,373,373,False
baseline_plus_conditional_logp_per_position,leave_one_allele_out,mse,all,HLA-A*02:16,pearson_log,0.7412581134081707,373,373,False
baseline_plus_conditional_logp_per_position,leave_one_allele_out,mse,all,HLA-A*02:16,auc_gt_2h,0.904804959958667,373,373,False
baseline_plus_conditional_logp_per_position,leave_one_allele_out,mse,all,HLA-A*02:19,spearman,0.7100191792691344,354,354,False
baseline_plus_conditional_logp_per_position,leave_one_allele_out,mse,all,HLA-A*02:19,pearson_log,0.6808355255182219,354,354,False
baseline_plus_conditional_logp_per_position,leave_one_allele_out,mse,all,HLA-A*02:19,auc_gt_2h,0.8379020467836258,354,354,False
baseline_plus_conditional_logp_per_position,leave_one_allele_out,mse,all,HLA-A*02:50,spearman,0.6501220896331898,375,375,False
baseline_plus_conditional_logp_per_position,leave_one_allele_out,mse,all,HLA-A*02:50,pearson_log,0.6114614431050902,375,375,False
baseline_plus_conditional_logp_per_position,leave_one_allele_out,mse,all,HLA-A*02:50,auc_gt_2h,0.8213342721351875,375,375,False
baseline_plus_conditional_logp_per_position,leave_one_allele_out,mse,all,HLA-A*03:01,spearman,0.626454471216187,861,861,False
baseline_plus_conditional_logp_per_position,leave_one_allele_out,mse,all,HLA-A*03:01,pearson_log,0.6226614473399241,861,861,False
baseline_plus_conditional_logp_per_position,leave_one_allele_out,mse,all,HLA-A*03:01,auc_gt_2h,0.8007379233379642,861,861,False
baseline_plus_conditional_logp_per_position,leave_one_allele_out,mse,all,HLA-A*11:01,spearman,0.6888017693721783,577,577,False
baseline_plus_conditional_logp_per_position,leave_one_allele_out,mse,all,HLA-A*11:01,pearson_log,0.6805049830355248,577,577,False
baseline_plus_conditional_logp_per_position,leave_one_allele_out,mse,all,HLA-A*11:01,auc_gt_2h,0.8459250964290159,577,577,False
baseline_plus_conditional_logp_per_position,leave_one_allele_out,mse,all,HLA-A*23:01,spearman,0.8054981530548214,372,372,False
baseline_plus_conditional_logp_per_position,leave_one_allele_out,mse,all,HLA-A*23:01,pearson_log,0.7888688757850445,372,372,False
baseline_plus_conditional_logp_per_position,leave_one_allele_out,mse,all,HLA-A*23:01,auc_gt_2h,0.9130886542651249,372,372,False
baseline_plus_conditional_logp_per_position,leave_one_allele_out,mse,all,HLA-A*24:02,spearman,0.7118757071509821,573,573,False
baseline_plus_conditional_logp_per_position,leave_one_allele_out,mse,all,HLA-A*24:02,pearson_log,0.7218872474588932,573,573,False
baseline_plus_conditional_logp_per_position,leave_one_allele_out,mse,all,HLA-A*24:02,auc_gt_2h,0.862672913877733,573,573,False
baseline_plus_conditional_logp_per_position,leave_one_allele_out,mse,all,HLA-A*24:03,spearman,0.6545506936109236,512,512,False
baseline_plus_conditional_logp_per_position,leave_one_allele_out,mse,all,HLA-A*24:03,pearson_log,0.6218363588327385,512,512,False
baseline_plus_conditional_logp_per_position,leave_one_allele_out,mse,all,HLA-A*24:03,auc_gt_2h,0.8151661706349207,512,512,False
baseline_plus_conditional_logp_per_position,leave_one_allele_out,mse,all,HLA-A*24:07,spearman,0.7467549378543017,352,352,False
baseline_plus_conditional_logp_per_position,leave_one_allele_out,mse,all,HLA-A*24:07,pearson_log,0.743607557386857,352,352,False
baseline_plus_conditional_logp_per_position,leave_one_allele_out,mse,all,HLA-A*24:07,auc_gt_2h,0.8599249482401656,352,352,False
baseline_plus_conditional_logp_per_position,leave_one_allele_out,mse,all,HLA-A*24:19,spearman,0.2822527796893658,378,378,False
baseline_plus_conditional_logp_per_position,leave_one_allele_out,mse,all,HLA-A*24:19,pearson_log,0.2795836174983467,378,378,False
baseline_plus_conditional_logp_per_position,leave_one_allele_out,mse,all,HLA-A*24:19,auc_gt_2h,0.5760204081632654,378,378,False
baseline_plus_conditional_logp_per_position,leave_one_allele_out,mse,all,HLA-A*25:01,spearman,0.4302928979717335,363,363,False
baseline_plus_conditional_logp_per_position,leave_one_allele_out,mse,all,HLA-A*25:01,pearson_log,0.43318326081646985,363,363,False
baseline_plus_conditional_logp_per_position,leave_one_allele_out,mse,all,HLA-A*25:01,auc_gt_2h,0.7702889702889704,363,363,False
baseline_plus_conditional_logp_per_position,leave_one_allele_out,mse,all,HLA-A*26:01,spearman,0.6162576770023305,272,272,False
baseline_plus_conditional_logp_per_position,leave_one_allele_out,mse,all,HLA-A*26:01,pearson_log,0.6314427964073295,272,272,False
baseline_plus_conditional_logp_per_position,leave_one_allele_out,mse,all,HLA-A*26:01,auc_gt_2h,0.8429065743944637,272,272,False
baseline_plus_conditional_logp_per_position,leave_one_allele_out,mse,all,HLA-A*26:02,spearman,0.5723149365576072,343,343,False
baseline_plus_conditional_logp_per_position,leave_one_allele_out,mse,all,HLA-A*26:02,pearson_log,0.6027606131814045,343,343,False
baseline_plus_conditional_logp_per_position,leave_one_allele_out,mse,all,HLA-A*26:02,auc_gt_2h,0.8031042128603104,343,343,False
baseline_plus_conditional_logp_per_position,leave_one_allele_out,mse,all,HLA-A*26:03,spearman,0.5668965313032955,341,341,False
baseline_plus_conditional_logp_per_position,leave_one_allele_out,mse,all,HLA-A*26:03,pearson_log,0.5698991825150621,341,341,False
baseline_plus_conditional_logp_per_position,leave_one_allele_out,mse,all,HLA-A*26:03,auc_gt_2h,0.7935823754789272,341,341,False
baseline_plus_conditional_logp_per_position,leave_one_allele_out,mse,all,HLA-A*29:02,spearman,0.41519598119214646,383,383,False
baseline_plus_conditional_logp_per_position,leave_one_allele_out,mse,all,HLA-A*29:02,pearson_log,0.41885157452212507,383,383,False
baseline_plus_conditional_logp_per_position,leave_one_allele_out,mse,all,HLA-A*29:02,auc_gt_2h,0.7128143912053746,383,383,False
baseline_plus_conditional_logp_per_position,leave_one_allele_out,mse,all,HLA-A*30:01,spearman,0.26385811832792344,386,386,False
baseline_plus_conditional_logp_per_position,leave_one_allele_out,mse,all,HLA-A*30:01,pearson_log,0.2580293546203307,386,386,False
baseline_plus_conditional_logp_per_position,leave_one_allele_out,mse,all,HLA-A*30:01,auc_gt_2h,0.6444913409037617,386,386,False
baseline_plus_conditional_logp_per_position,leave_one_allele_out,mse,all,HLA-A*30:02,spearman,0.36017169626667317,367,367,False
baseline_plus_conditional_logp_per_position,leave_one_allele_out,mse,all,HLA-A*30:02,pearson_log,0.39397083722228265,367,367,False
baseline_plus_conditional_logp_per_position,leave_one_allele_out,mse,all,HLA-A*30:02,auc_gt_2h,0.6796152423233444,367,367,False
baseline_plus_conditional_logp_per_position,leave_one_allele_out,mse,all,HLA-A*31:01,spearman,0.5380697018531176,382,382,False
baseline_plus_conditional_logp_per_position,leave_one_allele_out,mse,all,HLA-A*31:01,pearson_log,0.545082707422819,382,382,False
baseline_plus_conditional_logp_per_position,leave_one_allele_out,mse,all,HLA-A*31:01,auc_gt_2h,0.7489794792586053,382,382,False
baseline_plus_conditional_logp_per_position,leave_one_allele_out,mse,all,HLA-A*32:01,spearman,0.6829703266038506,32,32,False
baseline_plus_conditional_logp_per_position,leave_one_allele_out,mse,all,HLA-A*32:01,pearson_log,0.7486184256752946,32,32,False
baseline_plus_conditional_logp_per_position,leave_one_allele_out,mse,all,HLA-A*32:01,auc_gt_2h,0.961038961038961,32,32,False
baseline_plus_conditional_logp_per_position,leave_one_allele_out,mse,all,HLA-A*32:07,spearman,0.5374697446073333,364,364,False
baseline_plus_conditional_logp_per_position,leave_one_allele_out,mse,all,HLA-A*32:07,pearson_log,0.5479648911334807,364,364,False
baseline_plus_conditional_logp_per_position,leave_one_allele_out,mse,all,HLA-A*32:07,auc_gt_2h,0.7642421243608775,364,364,False
baseline_plus_conditional_logp_per_position,leave_one_allele_out,mse,all,HLA-A*33:03,spearman,0.3781954695396249,371,371,False
baseline_plus_conditional_logp_per_position,leave_one_allele_out,mse,all,HLA-A*33:03,pearson_log,0.41324040787883304,371,371,False
baseline_plus_conditional_logp_per_position,leave_one_allele_out,mse,all,HLA-A*33:03,auc_gt_2h,0.699495869776482,371,371,False
baseline_plus_conditional_logp_per_position,leave_one_allele_out,mse,all,HLA-A*43:01,spearman,0.33827467358272956,359,359,False
baseline_plus_conditional_logp_per_position,leave_one_allele_out,mse,all,HLA-A*43:01,pearson_log,0.32972302309487506,359,359,False
baseline_plus_conditional_logp_per_position,leave_one_allele_out,mse,all,HLA-A*43:01,auc_gt_2h,0.732627703635527,359,359,False
baseline_plus_conditional_logp_per_position,leave_one_allele_out,mse,all,HLA-A*66:01,spearman,0.38013432074351966,382,382,False
baseline_plus_conditional_logp_per_position,leave_one_allele_out,mse,all,HLA-A*66:01,pearson_log,0.43706613248991366,382,382,False
baseline_plus_conditional_logp_per_position,leave_one_allele_out,mse,all,HLA-A*66:01,auc_gt_2h,0.7754734848484848,382,382,False
baseline_plus_conditional_logp_per_position,leave_one_allele_out,mse,all,HLA-A*68:01,spearman,0.5131018869293004,387,387,False
baseline_plus_conditional_logp_per_position,leave_one_allele_out,mse,all,HLA-A*68:01,pearson_log,0.5118062321914185,387,387,False
baseline_plus_conditional_logp_per_position,leave_one_allele_out,mse,all,HLA-A*68:01,auc_gt_2h,0.7634189844490274,387,387,False
baseline_plus_conditional_logp_per_position,leave_one_allele_out,mse,all,HLA-A*68:02,spearman,0.007369214765929963,16,16,False
baseline_plus_conditional_logp_per_position,leave_one_allele_out,mse,all,HLA-A*68:02,pearson_log,-0.0005005761396810401,16,16,False
baseline_plus_conditional_logp_per_position,leave_one_allele_out,mse,all,HLA-A*68:02,auc_gt_2h,0.5,16,16,False
baseline_plus_conditional_logp_per_position,leave_one_allele_out,mse,all,HLA-A*68:23,spearman,0.24863149796951664,369,369,False
baseline_plus_conditional_logp_per_position,leave_one_allele_out,mse,all,HLA-A*68:23,pearson_log,0.17247518555090435,369,369,False
baseline_plus_conditional_logp_per_position,leave_one_allele_out,mse,all,HLA-A*68:23,auc_gt_2h,0.6767652897249268,369,369,False
baseline_plus_conditional_logp_per_position,leave_one_allele_out,mse,all,HLA-A*69:01,spearman,0.23501985769367623,15,15,False
baseline_plus_conditional_logp_per_position,leave_one_allele_out,mse,all,HLA-A*69:01,pearson_log,0.10244127562909011,15,15,False
baseline_plus_conditional_logp_per_position,leave_one_allele_out,mse,all,HLA-A*69:01,auc_gt_2h,0.3846153846153846,15,15,False
baseline_plus_conditional_logp_per_position,leave_one_allele_out,mse,all,HLA-A*74:01,spearman,0.5871157829081952,361,361,False
baseline_plus_conditional_logp_per_position,leave_one_allele_out,mse,all,HLA-A*74:01,pearson_log,0.5779101757966638,361,361,False
baseline_plus_conditional_logp_per_position,leave_one_allele_out,mse,all,HLA-A*74:01,auc_gt_2h,0.7803867403314916,361,361,False
baseline_plus_conditional_logp_per_position,leave_one_allele_out,mse,all,HLA-A*80:01,spearman,0.4740398227263719,351,351,False
baseline_plus_conditional_logp_per_position,leave_one_allele_out,mse,all,HLA-A*80:01,pearson_log,0.49205663090574786,351,351,False
baseline_plus_conditional_logp_per_position,leave_one_allele_out,mse,all,HLA-A*80:01,auc_gt_2h,0.8127861923212398,351,351,False
baseline_plus_conditional_logp_per_position,leave_one_allele_out,mse,all,HLA-B*07:02,spearman,0.537936754733692,647,647,False
baseline_plus_conditional_logp_per_position,leave_one_allele_out,mse,all,HLA-B*07:02,pearson_log,0.5156276583832655,647,647,False
baseline_plus_conditional_logp_per_position,leave_one_allele_out,mse,all,HLA-B*07:02,auc_gt_2h,0.7722867627678771,647,647,False
baseline_plus_conditional_logp_per_position,leave_one_allele_out,mse,all,HLA-B*08:01,spearman,0.4117624356626269,465,465,False
baseline_plus_conditional_logp_per_position,leave_one_allele_out,mse,all,HLA-B*08:01,pearson_log,0.3838284845673763,465,465,False
baseline_plus_conditional_logp_per_position,leave_one_allele_out,mse,all,HLA-B*08:01,auc_gt_2h,0.7806826434277414,465,465,False
baseline_plus_conditional_logp_per_position,leave_one_allele_out,mse,all,HLA-B*08:03,spearman,0.26345649613387345,350,350,False
baseline_plus_conditional_logp_per_position,leave_one_allele_out,mse,all,HLA-B*08:03,pearson_log,0.20250820385111562,350,350,False
baseline_plus_conditional_logp_per_position,leave_one_allele_out,mse,all,HLA-B*08:03,auc_gt_2h,0.6951721556886227,350,350,False
baseline_plus_conditional_logp_per_position,leave_one_allele_out,mse,all,HLA-B*13:02,spearman,0.18531232916527532,7,7,False
baseline_plus_conditional_logp_per_position,leave_one_allele_out,mse,all,HLA-B*13:02,pearson_log,0.32724703996872045,7,7,False
baseline_plus_conditional_logp_per_position,leave_one_allele_out,mse,all,HLA-B*13:02,auc_gt_2h,0.41666666666666663,7,7,False
baseline_plus_conditional_logp_per_position,leave_one_allele_out,mse,all,HLA-B*14:01(C67S),spearman,0.44080312105417796,374,374,False
baseline_plus_conditional_logp_per_position,leave_one_allele_out,mse,all,HLA-B*14:01(C67S),pearson_log,0.5449802934528569,374,374,False
baseline_plus_conditional_logp_per_position,leave_one_allele_out,mse,all,HLA-B*14:01(C67S),auc_gt_2h,0.9337912087912088,374,374,False
baseline_plus_conditional_logp_per_position,leave_one_allele_out,mse,all,HLA-B*14:02(C67S),spearman,0.36735487859908467,382,382,False
baseline_plus_conditional_logp_per_position,leave_one_allele_out,mse,all,HLA-B*14:02(C67S),pearson_log,0.41821509721268857,382,382,False
baseline_plus_conditional_logp_per_position,leave_one_allele_out,mse,all,HLA-B*14:02(C67S),auc_gt_2h,0.7483096686950642,382,382,False
baseline_plus_conditional_logp_per_position,leave_one_allele_out,mse,all,HLA-B*15:01,spearman,0.2128447842650529,1070,1070,False
baseline_plus_conditional_logp_per_position,leave_one_allele_out,mse,all,HLA-B*15:01,pearson_log,0.21914905796891648,1070,1070,False
baseline_plus_conditional_logp_per_position,leave_one_allele_out,mse,all,HLA-B*15:01,auc_gt_2h,0.652234462124303,1070,1070,False
baseline_plus_conditional_logp_per_position,leave_one_allele_out,mse,all,HLA-B*15:02,spearman,0.3322953199797296,349,349,False
baseline_plus_conditional_logp_per_position,leave_one_allele_out,mse,all,HLA-B*15:02,pearson_log,0.3323478276816284,349,349,False
baseline_plus_conditional_logp_per_position,leave_one_allele_out,mse,all,HLA-B*15:02,auc_gt_2h,0.6618661257606492,349,349,False
baseline_plus_conditional_logp_per_position,leave_one_allele_out,mse,all,HLA-B*15:10,spearman,0.45703105674232686,363,363,False
baseline_plus_conditional_logp_per_position,leave_one_allele_out,mse,all,HLA-B*15:10,pearson_log,0.43593480988124994,363,363,False
baseline_plus_conditional_logp_per_position,leave_one_allele_out,mse,all,HLA-B*15:10,auc_gt_2h,0.7315436241610739,363,363,False
baseline_plus_conditional_logp_per_position,leave_one_allele_out,mse,all,HLA-B*15:17,spearman,0.09656475539013085,362,362,False
baseline_plus_conditional_logp_per_position,leave_one_allele_out,mse,all,HLA-B*15:17,pearson_log,0.12445283689639076,362,362,False
baseline_plus_conditional_logp_per_position,leave_one_allele_out,mse,all,HLA-B*15:17,auc_gt_2h,0.5289888682745826,362,362,False
baseline_plus_conditional_logp_per_position,leave_one_allele_out,mse,all,HLA-B*18:01,spearman,0.1716776734216697,359,359,False
baseline_plus_conditional_logp_per_position,leave_one_allele_out,mse,all,HLA-B*18:01,pearson_log,0.1732322336152916,359,359,False
baseline_plus_conditional_logp_per_position,leave_one_allele_out,mse,all,HLA-B*18:01,auc_gt_2h,0.5790058862001308,359,359,False
baseline_plus_conditional_logp_per_position,leave_one_allele_out,mse,all,HLA-B*27:02,spearman,0.6130091438618755,359,359,False
baseline_plus_conditional_logp_per_position,leave_one_allele_out,mse,all,HLA-B*27:02,pearson_log,0.6289917993953882,359,359,False
baseline_plus_conditional_logp_per_position,leave_one_allele_out,mse,all,HLA-B*27:02,auc_gt_2h,0.8047416612164814,359,359,False
baseline_plus_conditional_logp_per_position,leave_one_allele_out,mse,all,HLA-B*27:03,spearman,0.7056059559855573,368,368,False
baseline_plus_conditional_logp_per_position,leave_one_allele_out,mse,all,HLA-B*27:03,pearson_log,0.7059017170606454,368,368,False
baseline_plus_conditional_logp_per_position,leave_one_allele_out,mse,all,HLA-B*27:03,auc_gt_2h,0.8918609231209941,368,368,False
baseline_plus_conditional_logp_per_position,leave_one_allele_out,mse,all,HLA-B*27:05,spearman,0.5822271183391325,366,366,False
baseline_plus_conditional_logp_per_position,leave_one_allele_out,mse,all,HLA-B*27:05,pearson_log,0.5842765429933734,366,366,False
baseline_plus_conditional_logp_per_position,leave_one_allele_out,mse,all,HLA-B*27:05,auc_gt_2h,0.7953750040885749,366,366,False
baseline_plus_conditional_logp_per_position,leave_one_allele_out,mse,all,HLA-B*27:20,spearman,0.5524751408392852,368,368,False
baseline_plus_conditional_logp_per_position,leave_one_allele_out,mse,all,HLA-B*27:20,pearson_log,0.5754969434445045,368,368,False
baseline_plus_conditional_logp_per_position,leave_one_allele_out,mse,all,HLA-B*27:20,auc_gt_2h,0.8219125048393341,368,368,False
baseline_plus_conditional_logp_per_position,leave_one_allele_out,mse,all,HLA-B*35:01,spearman,0.5161204416971734,650,650,False
baseline_plus_conditional_logp_per_position,leave_one_allele_out,mse,all,HLA-B*35:01,pearson_log,0.4851332327765578,650,650,False
baseline_plus_conditional_logp_per_position,leave_one_allele_out,mse,all,HLA-B*35:01,auc_gt_2h,0.7677065934939951,650,650,False
baseline_plus_conditional_logp_per_position,leave_one_allele_out,mse,all,HLA-B*35:03,spearman,0.5657498401617203,376,376,False
baseline_plus_conditional_logp_per_position,leave_one_allele_out,mse,all,HLA-B*35:03,pearson_log,0.5681869891037983,376,376,False
baseline_plus_conditional_logp_per_position,leave_one_allele_out,mse,all,HLA-B*35:03,auc_gt_2h,0.8000566893424037,376,376,False
baseline_plus_conditional_logp_per_position,leave_one_allele_out,mse,all,HLA-B*35:08,spearman,0.36146647934105797,27,27,False
baseline_plus_conditional_logp_per_position,leave_one_allele_out,mse,all,HLA-B*35:08,pearson_log,0.49698244043302453,27,27,False
baseline_plus_conditional_logp_per_position,leave_one_allele_out,mse,all,HLA-B*35:08,auc_gt_2h,0.9021739130434783,27,27,False
baseline_plus_conditional_logp_per_position,leave_one_allele_out,mse,all,HLA-B*39:01,spearman,0.3723010898711194,680,680,False
baseline_plus_conditional_logp_per_position,leave_one_allele_out,mse,all,HLA-B*39:01,pearson_log,0.3912618723207346,680,680,False
baseline_plus_conditional_logp_per_position,leave_one_allele_out,mse,all,HLA-B*39:01,auc_gt_2h,0.7428590813488025,680,680,False
baseline_plus_conditional_logp_per_position,leave_one_allele_out,mse,all,HLA-B*39:02,spearman,0.3201786147116453,375,375,False
baseline_plus_conditional_logp_per_position,leave_one_allele_out,mse,all,HLA-B*39:02,pearson_log,0.3150791481017455,375,375,False
baseline_plus_conditional_logp_per_position,leave_one_allele_out,mse,all,HLA-B*39:02,auc_gt_2h,0.6915271075787681,375,375,False
baseline_plus_conditional_logp_per_position,leave_one_allele_out,mse,all,HLA-B*39:06(C67S),spearman,0.17320944230001306,379,379,False
baseline_plus_conditional_logp_per_position,leave_one_allele_out,mse,all,HLA-B*39:06(C67S),pearson_log,0.35632855717119916,379,379,False
baseline_plus_conditional_logp_per_position,leave_one_allele_out,mse,all,HLA-B*39:06(C67S),auc_gt_2h,0.7846291331546023,379,379,False
baseline_plus_conditional_logp_per_position,leave_one_allele_out,mse,all,HLA-B*39:10,spearman,0.5001784267963938,376,376,False
baseline_plus_conditional_logp_per_position,leave_one_allele_out,mse,all,HLA-B*39:10,pearson_log,0.4785806522609276,376,376,False
baseline_plus_conditional_logp_per_position,leave_one_allele_out,mse,all,HLA-B*39:10,auc_gt_2h,0.7318678589170393,376,376,False
baseline_plus_conditional_logp_per_position,leave_one_allele_out,mse,all,HLA-B*40:01,spearman,0.3217657332614297,302,302,False
baseline_plus_conditional_logp_per_position,leave_one_allele_out,mse,all,HLA-B*40:01,pearson_log,0.2682839486538074,302,302,False
baseline_plus_conditional_logp_per_position,leave_one_allele_out,mse,all,HLA-B*40:01,auc_gt_2h,0.6692401960784314,302,302,False
baseline_plus_conditional_logp_per_position,leave_one_allele_out,mse,all,HLA-B*40:02,spearman,0.22807017543859648,19,19,False
baseline_plus_conditional_logp_per_position,leave_one_allele_out,mse,all,HLA-B*40:02,pearson_log,0.1958000350842024,19,19,False
baseline_plus_conditional_logp_per_position,leave_one_allele_out,mse,all,HLA-B*40:02,auc_gt_2h,0.7333333333333334,19,19,False
baseline_plus_conditional_logp_per_position,leave_one_allele_out,mse,all,HLA-B*41:01,spearman,0.5121606880432246,368,368,False
baseline_plus_conditional_logp_per_position,leave_one_allele_out,mse,all,HLA-B*41:01,pearson_log,0.5692877417090361,368,368,False
baseline_plus_conditional_logp_per_position,leave_one_allele_out,mse,all,HLA-B*41:01,auc_gt_2h,0.9073324336482231,368,368,False
baseline_plus_conditional_logp_per_position,leave_one_allele_out,mse,all,HLA-B*42:01,spearman,0.7628646496816953,350,350,False
baseline_plus_conditional_logp_per_position,leave_one_allele_out,mse,all,HLA-B*42:01,pearson_log,0.7064649837974712,350,350,False
baseline_plus_conditional_logp_per_position,leave_one_allele_out,mse,all,HLA-B*42:01,auc_gt_2h,0.9041374767977965,350,350,False
baseline_plus_conditional_logp_per_position,leave_one_allele_out,mse,all,HLA-B*42:02,spearman,0.7105380225783771,376,376,False
baseline_plus_conditional_logp_per_position,leave_one_allele_out,mse,all,HLA-B*42:02,pearson_log,0.7022863343567862,376,376,False
baseline_plus_conditional_logp_per_position,leave_one_allele_out,mse,all,HLA-B*42:02,auc_gt_2h,0.8389066505371698,376,376,False
baseline_plus_conditional_logp_per_position,leave_one_allele_out,mse,all,HLA-B*44:05,spearman,0.2127924208972837,352,352,False
baseline_plus_conditional_logp_per_position,leave_one_allele_out,mse,all,HLA-B*44:05,pearson_log,0.17094553017561046,352,352,False
baseline_plus_conditional_logp_per_position,leave_one_allele_out,mse,all,HLA-B*44:05,auc_gt_2h,0.5880156170429468,352,352,False
baseline_plus_conditional_logp_per_position,leave_one_allele_out,mse,all,HLA-B*45:01,spearman,0.44828659133591386,368,368,False
baseline_plus_conditional_logp_per_position,leave_one_allele_out,mse,all,HLA-B*45:01,pearson_log,0.5418394484373914,368,368,False
baseline_plus_conditional_logp_per_position,leave_one_allele_out,mse,all,HLA-B*45:01,auc_gt_2h,0.8427878179384203,368,368,False
baseline_plus_conditional_logp_per_position,leave_one_allele_out,mse,all,HLA-B*46:01,spearman,0.02332353039453742,361,361,False
baseline_plus_conditional_logp_per_position,leave_one_allele_out,mse,all,HLA-B*46:01,pearson_log,0.018804532696607063,361,361,False
baseline_plus_conditional_logp_per_position,leave_one_allele_out,mse,all,HLA-B*46:01,auc_gt_2h,0.5659618820726623,361,361,False
baseline_plus_conditional_logp_per_position,leave_one_allele_out,mse,all,HLA-B*51:01,spearman,0.40613539716076513,353,353,False
baseline_plus_conditional_logp_per_position,leave_one_allele_out,mse,all,HLA-B*51:01,pearson_log,0.40098675107757015,353,353,False
baseline_plus_conditional_logp_per_position,leave_one_allele_out,mse,all,HLA-B*51:01,auc_gt_2h,0.7148772889598055,353,353,False
baseline_plus_conditional_logp_per_position,leave_one_allele_out,mse,all,HLA-B*54:01,spearman,0.5876378413045336,357,357,False
baseline_plus_conditional_logp_per_position,leave_one_allele_out,mse,all,HLA-B*54:01,pearson_log,0.6282829688283189,357,357,False
baseline_plus_conditional_logp_per_position,leave_one_allele_out,mse,all,HLA-B*54:01,auc_gt_2h,0.8357173265219242,357,357,False
baseline_plus_conditional_logp_per_position,leave_one_allele_out,mse,all,HLA-B*55:01,spearman,0.6595683238549371,378,378,False
baseline_plus_conditional_logp_per_position,leave_one_allele_out,mse,all,HLA-B*55:01,pearson_log,0.7288851568913188,378,378,False
baseline_plus_conditional_logp_per_position,leave_one_allele_out,mse,all,HLA-B*55:01,auc_gt_2h,0.9011222009618866,378,378,False
baseline_plus_conditional_logp_per_position,leave_one_allele_out,mse,all,HLA-B*56:01,spearman,0.7712041988932744,368,368,False
baseline_plus_conditional_logp_per_position,leave_one_allele_out,mse,all,HLA-B*56:01,pearson_log,0.8132964942435631,368,368,False
baseline_plus_conditional_logp_per_position,leave_one_allele_out,mse,all,HLA-B*56:01,auc_gt_2h,0.9364333652924257,368,368,False
baseline_plus_conditional_logp_per_position,leave_one_allele_out,mse,all,HLA-B*57:01,spearman,0.6529265182434639,349,349,False
baseline_plus_conditional_logp_per_position,leave_one_allele_out,mse,all,HLA-B*57:01,pearson_log,0.5455716245868343,349,349,False
baseline_plus_conditional_logp_per_position,leave_one_allele_out,mse,all,HLA-B*57:01,auc_gt_2h,0.8473710073710073,349,349,False
baseline_plus_conditional_logp_per_position,leave_one_allele_out,mse,all,HLA-B*57:02,spearman,0.5738561883295157,363,363,False
baseline_plus_conditional_logp_per_position,leave_one_allele_out,mse,all,HLA-B*57:02,pearson_log,0.5816656469483804,363,363,False
baseline_plus_conditional_logp_per_position,leave_one_allele_out,mse,all,HLA-B*57:02,auc_gt_2h,0.7694130034219532,363,363,False
baseline_plus_conditional_logp_per_position,leave_one_allele_out,mse,all,HLA-B*57:03,spearman,0.6269080227640681,369,369,False
baseline_plus_conditional_logp_per_position,leave_one_allele_out,mse,all,HLA-B*57:03,pearson_log,0.6212149931545521,369,369,False
baseline_plus_conditional_logp_per_position,leave_one_allele_out,mse,all,HLA-B*57:03,auc_gt_2h,0.874920634920635,369,369,False
baseline_plus_conditional_logp_per_position,leave_one_allele_out,mse,all,HLA-B*58:01,spearman,0.5931499550725813,379,379,False
baseline_plus_conditional_logp_per_position,leave_one_allele_out,mse,all,HLA-B*58:01,pearson_log,0.5239625545201029,379,379,False
baseline_plus_conditional_logp_per_position,leave_one_allele_out,mse,all,HLA-B*58:01,auc_gt_2h,0.799804469273743,379,379,False
baseline_plus_conditional_logp_per_position,leave_one_allele_out,mse,all,HLA-B*81:01,spearman,0.5560715929001715,367,367,False
baseline_plus_conditional_logp_per_position,leave_one_allele_out,mse,all,HLA-B*81:01,pearson_log,0.5229896416329389,367,367,False
baseline_plus_conditional_logp_per_position,leave_one_allele_out,mse,all,HLA-B*81:01,auc_gt_2h,0.5662442396313364,367,367,False
baseline_plus_conditional_logp_per_position,leave_one_allele_out,mse,nonzero,HLA-A*01:01,spearman,0.11655430430053859,207,207,False
baseline_plus_conditional_logp_per_position,leave_one_allele_out,mse,nonzero,HLA-A*01:01,pearson_log,0.1151483154672732,207,207,False
baseline_plus_conditional_logp_per_position,leave_one_allele_out,mse,nonzero,HLA-A*01:01,auc_gt_2h,0.6159735349716446,207,207,False
baseline_plus_conditional_logp_per_position,leave_one_allele_out,mse,nonzero,HLA-A*02:01,spearman,0.6510587461000443,1007,1007,False
baseline_plus_conditional_logp_per_position,leave_one_allele_out,mse,nonzero,HLA-A*02:01,pearson_log,0.6313101116321119,1007,1007,False
baseline_plus_conditional_logp_per_position,leave_one_allele_out,mse,nonzero,HLA-A*02:01,auc_gt_2h,0.8191969470715115,1007,1007,False
baseline_plus_conditional_logp_per_position,leave_one_allele_out,mse,nonzero,HLA-A*02:03,spearman,0.6795954365852785,365,365,False
baseline_plus_conditional_logp_per_position,leave_one_allele_out,mse,nonzero,HLA-A*02:03,pearson_log,0.6504747763159747,365,365,False
baseline_plus_conditional_logp_per_position,leave_one_allele_out,mse,nonzero,HLA-A*02:03,auc_gt_2h,0.8234798534798534,365,365,False
baseline_plus_conditional_logp_per_position,leave_one_allele_out,mse,nonzero,HLA-A*02:05,spearman,0.5092562788887061,21,21,False
baseline_plus_conditional_logp_per_position,leave_one_allele_out,mse,nonzero,HLA-A*02:05,pearson_log,0.4755420788626765,21,21,False
baseline_plus_conditional_logp_per_position,leave_one_allele_out,mse,nonzero,HLA-A*02:05,auc_gt_2h,0.7777777777777778,21,21,False
baseline_plus_conditional_logp_per_position,leave_one_allele_out,mse,nonzero,HLA-A*02:10,spearman,0.333221194182092,352,352,False
baseline_plus_conditional_logp_per_position,leave_one_allele_out,mse,nonzero,HLA-A*02:10,pearson_log,0.3289354414832666,352,352,False
baseline_plus_conditional_logp_per_position,leave_one_allele_out,mse,nonzero,HLA-A*02:10,auc_gt_2h,0.673233695652174,352,352,False
baseline_plus_conditional_logp_per_position,leave_one_allele_out,mse,nonzero,HLA-A*02:11,spearman,0.6120957535172027,375,375,False
baseline_plus_conditional_logp_per_position,leave_one_allele_out,mse,nonzero,HLA-A*02:11,pearson_log,0.6064975758502579,375,375,False
baseline_plus_conditional_logp_per_position,leave_one_allele_out,mse,nonzero,HLA-A*02:11,auc_gt_2h,0.8071428571428572,375,375,False
baseline_plus_conditional_logp_per_position,leave_one_allele_out,mse,nonzero,HLA-A*02:12,spearman,0.7466119536846603,363,363,False
baseline_plus_conditional_logp_per_position,leave_one_allele_out,mse,nonzero,HLA-A*02:12,pearson_log,0.7416079456258229,363,363,False
baseline_plus_conditional_logp_per_position,leave_one_allele_out,mse,nonzero,HLA-A*02:12,auc_gt_2h,0.8944169082577387,363,363,False
baseline_plus_conditional_logp_per_position,leave_one_allele_out,mse,nonzero,HLA-A*02:16,spearman,0.7414435861430956,368,368,False
baseline_plus_conditional_logp_per_position,leave_one_allele_out,mse,nonzero,HLA-A*02:16,pearson_log,0.7421133009864551,368,368,False
baseline_plus_conditional_logp_per_position,leave_one_allele_out,mse,nonzero,HLA-A*02:16,auc_gt_2h,0.9012226512226512,368,368,False
baseline_plus_conditional_logp_per_position,leave_one_allele_out,mse,nonzero,HLA-A*02:19,spearman,0.7015357032373589,338,338,False
baseline_plus_conditional_logp_per_position,leave_one_allele_out,mse,nonzero,HLA-A*02:19,pearson_log,0.6997443016686311,338,338,False
baseline_plus_conditional_logp_per_position,leave_one_allele_out,mse,nonzero,HLA-A*02:19,auc_gt_2h,0.8306122448979592,338,338,False
baseline_plus_conditional_logp_per_position,leave_one_allele_out,mse,nonzero,HLA-A*02:50,spearman,0.6504183338518822,373,373,False
baseline_plus_conditional_logp_per_position,leave_one_allele_out,mse,nonzero,HLA-A*02:50,pearson_log,0.6226417901057896,373,373,False
baseline_plus_conditional_logp_per_position,leave_one_allele_out,mse,nonzero,HLA-A*02:50,auc_gt_2h,0.822290517942692,373,373,False
baseline_plus_conditional_logp_per_position,leave_one_allele_out,mse,nonzero,HLA-A*03:01,spearman,0.5585048630712757,683,683,False
baseline_plus_conditional_logp_per_position,leave_one_allele_out,mse,nonzero,HLA-A*03:01,pearson_log,0.5586132109866901,683,683,False
baseline_plus_conditional_logp_per_position,leave_one_allele_out,mse,nonzero,HLA-A*03:01,auc_gt_2h,0.7534239522191329,683,683,False
baseline_plus_conditional_logp_per_position,leave_one_allele_out,mse,nonzero,HLA-A*11:01,spearman,0.6882050015703899,548,548,False
baseline_plus_conditional_logp_per_position,leave_one_allele_out,mse,nonzero,HLA-A*11:01,pearson_log,0.6910488945800914,548,548,False
baseline_plus_conditional_logp_per_position,leave_one_allele_out,mse,nonzero,HLA-A*11:01,auc_gt_2h,0.8427581899733152,548,548,False
baseline_plus_conditional_logp_per_position,leave_one_allele_out,mse,nonzero,HLA-A*23:01,spearman,0.8054981530548214,372,372,False
baseline_plus_conditional_logp_per_position,leave_one_allele_out,mse,nonzero,HLA-A*23:01,pearson_log,0.7888688757850445,372,372,False
baseline_plus_conditional_logp_per_position,leave_one_allele_out,mse,nonzero,HLA-A*23:01,auc_gt_2h,0.9130886542651249,372,372,False
baseline_plus_conditional_logp_per_position,leave_one_allele_out,mse,nonzero,HLA-A*24:02,spearman,0.7121114807690805,563,563,False
baseline_plus_conditional_logp_per_position,leave_one_allele_out,mse,nonzero,HLA-A*24:02,pearson_log,0.7268272196097099,563,563,False
baseline_plus_conditional_logp_per_position,leave_one_allele_out,mse,nonzero,HLA-A*24:02,auc_gt_2h,0.8613434630240708,563,563,False
baseline_plus_conditional_logp_per_position,leave_one_allele_out,mse,nonzero,HLA-A*24:03,spearman,0.6545506936109236,512,512,False
baseline_plus_conditional_logp_per_position,leave_one_allele_out,mse,nonzero,HLA-A*24:03,pearson_log,0.6218363588327385,512,512,False
baseline_plus_conditional_logp_per_position,leave_one_allele_out,mse,nonzero,HLA-A*24:03,auc_gt_2h,0.8151661706349207,512,512,False
baseline_plus_conditional_logp_per_position,leave_one_allele_out,mse,nonzero,HLA-A*24:07,spearman,0.7413933527351996,348,348,False
baseline_plus_conditional_logp_per_position,leave_one_allele_out,mse,nonzero,HLA-A*24:07,pearson_log,0.7416549883939592,348,348,False
baseline_plus_conditional_logp_per_position,leave_one_allele_out,mse,nonzero,HLA-A*24:07,auc_gt_2h,0.8569775132275131,348,348,False
baseline_plus_conditional_logp_per_position,leave_one_allele_out,mse,nonzero,HLA-A*24:19,spearman,0.3348564540448192,280,280,False
baseline_plus_conditional_logp_per_position,leave_one_allele_out,mse,nonzero,HLA-A*24:19,pearson_log,0.30054415601750833,280,280,False
baseline_plus_conditional_logp_per_position,leave_one_allele_out,mse,nonzero,HLA-A*24:19,auc_gt_2h,0.5571145124716553,280,280,False
baseline_plus_conditional_logp_per_position,leave_one_allele_out,mse,nonzero,HLA-A*25:01,spearman,0.4460992188828885,256,256,False
baseline_plus_conditional_logp_per_position,leave_one_allele_out,mse,nonzero,HLA-A*25:01,pearson_log,0.44682722101341144,256,256,False
baseline_plus_conditional_logp_per_position,leave_one_allele_out,mse,nonzero,HLA-A*25:01,auc_gt_2h,0.742904953145917,256,256,False
baseline_plus_conditional_logp_per_position,leave_one_allele_out,mse,nonzero,HLA-A*26:01,spearman,0.6164930070852722,257,257,False
baseline_plus_conditional_logp_per_position,leave_one_allele_out,mse,nonzero,HLA-A*26:01,pearson_log,0.6366846677183521,257,257,False
baseline_plus_conditional_logp_per_position,leave_one_allele_out,mse,nonzero,HLA-A*26:01,auc_gt_2h,0.8378248974008208,257,257,False
baseline_plus_conditional_logp_per_position,leave_one_allele_out,mse,nonzero,HLA-A*26:02,spearman,0.5963236200660559,315,315,False
baseline_plus_conditional_logp_per_position,leave_one_allele_out,mse,nonzero,HLA-A*26:02,pearson_log,0.6447138744827837,315,315,False
baseline_plus_conditional_logp_per_position,leave_one_allele_out,mse,nonzero,HLA-A*26:02,auc_gt_2h,0.7992462737127372,315,315,False
baseline_plus_conditional_logp_per_position,leave_one_allele_out,mse,nonzero,HLA-A*26:03,spearman,0.42793555965634705,243,243,False
baseline_plus_conditional_logp_per_position,leave_one_allele_out,mse,nonzero,HLA-A*26:03,pearson_log,0.44015442262912363,243,243,False
baseline_plus_conditional_logp_per_position,leave_one_allele_out,mse,nonzero,HLA-A*26:03,auc_gt_2h,0.7237730061349694,243,243,False
baseline_plus_conditional_logp_per_position,leave_one_allele_out,mse,nonzero,HLA-A*29:02,spearman,0.4076734557818175,367,367,False
baseline_plus_conditional_logp_per_position,leave_one_allele_out,mse,nonzero,HLA-A*29:02,pearson_log,0.41454382426094405,367,367,False
baseline_plus_conditional_logp_per_position,leave_one_allele_out,mse,nonzero,HLA-A*29:02,auc_gt_2h,0.7079961637595156,367,367,False
baseline_plus_conditional_logp_per_position,leave_one_allele_out,mse,nonzero,HLA-A*30:01,spearman,0.2718365304187953,268,268,False
baseline_plus_conditional_logp_per_position,leave_one_allele_out,mse,nonzero,HLA-A*30:01,pearson_log,0.258404827396335,268,268,False
baseline_plus_conditional_logp_per_position,leave_one_allele_out,mse,nonzero,HLA-A*30:01,auc_gt_2h,0.6218726417832472,268,268,False
baseline_plus_conditional_logp_per_position,leave_one_allele_out,mse,nonzero,HLA-A*30:02,spearman,0.3787142814948789,344,344,False
baseline_plus_conditional_logp_per_position,leave_one_allele_out,mse,nonzero,HLA-A*30:02,pearson_log,0.42044057714669303,344,344,False
baseline_plus_conditional_logp_per_position,leave_one_allele_out,mse,nonzero,HLA-A*30:02,auc_gt_2h,0.6778885107762114,344,344,False
baseline_plus_conditional_logp_per_position,leave_one_allele_out,mse,nonzero,HLA-A*31:01,spearman,0.5385396858414092,348,348,False
baseline_plus_conditional_logp_per_position,leave_one_allele_out,mse,nonzero,HLA-A*31:01,pearson_log,0.5663509590112354,348,348,False
baseline_plus_conditional_logp_per_position,leave_one_allele_out,mse,nonzero,HLA-A*31:01,auc_gt_2h,0.7397784766853548,348,348,False
baseline_plus_conditional_logp_per_position,leave_one_allele_out,mse,nonzero,HLA-A*32:01,spearman,0.9400184117756751,28,28,False
baseline_plus_conditional_logp_per_position,leave_one_allele_out,mse,nonzero,HLA-A*32:01,pearson_log,0.9457204797645244,28,28,False
baseline_plus_conditional_logp_per_position,leave_one_allele_out,mse,nonzero,HLA-A*32:01,auc_gt_2h,0.9839572192513368,28,28,False
baseline_plus_conditional_logp_per_position,leave_one_allele_out,mse,nonzero,HLA-A*32:07,spearman,0.4069624988248681,231,231,False
baseline_plus_conditional_logp_per_position,leave_one_allele_out,mse,nonzero,HLA-A*32:07,pearson_log,0.42664080689560513,231,231,False
baseline_plus_conditional_logp_per_position,leave_one_allele_out,mse,nonzero,HLA-A*32:07,auc_gt_2h,0.67312661498708,231,231,False
baseline_plus_conditional_logp_per_position,leave_one_allele_out,mse,nonzero,HLA-A*33:03,spearman,0.42596640173708744,235,235,False
baseline_plus_conditional_logp_per_position,leave_one_allele_out,mse,nonzero,HLA-A*33:03,pearson_log,0.44212937168917243,235,235,False
baseline_plus_conditional_logp_per_position,leave_one_allele_out,mse,nonzero,HLA-A*33:03,auc_gt_2h,0.6778756957328386,235,235,False
baseline_plus_conditional_logp_per_position,leave_one_allele_out,mse,nonzero,HLA-A*43:01,spearman,0.3036604485571658,278,278,False
baseline_plus_conditional_logp_per_position,leave_one_allele_out,mse,nonzero,HLA-A*43:01,pearson_log,0.2980210662299182,278,278,False
baseline_plus_conditional_logp_per_position,leave_one_allele_out,mse,nonzero,HLA-A*43:01,auc_gt_2h,0.7101986209735515,278,278,False
baseline_plus_conditional_logp_per_position,leave_one_allele_out,mse,nonzero,HLA-A*66:01,spearman,0.4530491067838844,234,234,False
baseline_plus_conditional_logp_per_position,leave_one_allele_out,mse,nonzero,HLA-A*66:01,pearson_log,0.4776910426754486,234,234,False
baseline_plus_conditional_logp_per_position,leave_one_allele_out,mse,nonzero,HLA-A*66:01,auc_gt_2h,0.7343137254901961,234,234,False
baseline_plus_conditional_logp_per_position,leave_one_allele_out,mse,nonzero,HLA-A*68:01,spearman,0.4305362421971205,287,287,False
baseline_plus_conditional_logp_per_position,leave_one_allele_out,mse,nonzero,HLA-A*68:01,pearson_log,0.43557396846770746,287,287,False
baseline_plus_conditional_logp_per_position,leave_one_allele_out,mse,nonzero,HLA-A*68:01,auc_gt_2h,0.710916902646226,287,287,False
baseline_plus_conditional_logp_per_position,leave_one_allele_out,mse,nonzero,HLA-A*68:02,spearman,0.007369214765929963,16,16,False
baseline_plus_conditional_logp_per_position,leave_one_allele_out,mse,nonzero,HLA-A*68:02,pearson_log,-0.0005005761396810401,16,16,False
baseline_plus_conditional_logp_per_position,leave_one_allele_out,mse,nonzero,HLA-A*68:02,auc_gt_2h,0.5,16,16,False
baseline_plus_conditional_logp_per_position,leave_one_allele_out,mse,nonzero,HLA-A*68:23,spearman,0.314109151156901,313,313,False
baseline_plus_conditional_logp_per_position,leave_one_allele_out,mse,nonzero,HLA-A*68:23,pearson_log,0.2670751781439176,313,313,False
baseline_plus_conditional_logp_per_position,leave_one_allele_out,mse,nonzero,HLA-A*68:23,auc_gt_2h,0.6816435804912118,313,313,False
baseline_plus_conditional_logp_per_position,leave_one_allele_out,mse,nonzero,HLA-A*69:01,spearman,0.23171162466125958,10,10,False
baseline_plus_conditional_logp_per_position,leave_one_allele_out,mse,nonzero,HLA-A*69:01,pearson_log,0.05014893161363623,10,10,False
baseline_plus_conditional_logp_per_position,leave_one_allele_out,mse,nonzero,HLA-A*69:01,auc_gt_2h,0.3125,10,10,False
baseline_plus_conditional_logp_per_position,leave_one_allele_out,mse,nonzero,HLA-A*74:01,spearman,0.5275829322656246,304,304,False
baseline_plus_conditional_logp_per_position,leave_one_allele_out,mse,nonzero,HLA-A*74:01,pearson_log,0.5284041500088905,304,304,False
baseline_plus_conditional_logp_per_position,leave_one_allele_out,mse,nonzero,HLA-A*74:01,auc_gt_2h,0.7442842384224947,304,304,False
baseline_plus_conditional_logp_per_position,leave_one_allele_out,mse,nonzero,HLA-A*80:01,spearman,0.2763823846257221,182,182,False
baseline_plus_conditional_logp_per_position,leave_one_allele_out,mse,nonzero,HLA-A*80:01,pearson_log,0.31746137358501675,182,182,False
baseline_plus_conditional_logp_per_position,leave_one_allele_out,mse,nonzero,HLA-A*80:01,auc_gt_2h,0.7383244206773619,182,182,False
baseline_plus_conditional_logp_per_position,leave_one_allele_out,mse,nonzero,HLA-B*07:02,spearman,0.46961510993141575,598,598,False
baseline_plus_conditional_logp_per_position,leave_one_allele_out,mse,nonzero,HLA-B*07:02,pearson_log,0.4534468388723978,598,598,False
baseline_plus_conditional_logp_per_position,leave_one_allele_out,mse,nonzero,HLA-B*07:02,auc_gt_2h,0.7383571528032709,598,598,False
baseline_plus_conditional_logp_per_position,leave_one_allele_out,mse,nonzero,HLA-B*08:01,spearman,0.29791123731634545,331,331,False
baseline_plus_conditional_logp_per_position,leave_one_allele_out,mse,nonzero,HLA-B*08:01,pearson_log,0.28523954880115154,331,331,False
baseline_plus_conditional_logp_per_position,leave_one_allele_out,mse,nonzero,HLA-B*08:01,auc_gt_2h,0.7302564102564102,331,331,False
baseline_plus_conditional_logp_per_position,leave_one_allele_out,mse,nonzero,HLA-B*08:03,spearman,0.3190219639385576,203,203,False
baseline_plus_conditional_logp_per_position,leave_one_allele_out,mse,nonzero,HLA-B*08:03,pearson_log,0.3038379001580467,203,203,False
baseline_plus_conditional_logp_per_position,leave_one_allele_out,mse,nonzero,HLA-B*08:03,auc_gt_2h,0.6751336898395722,203,203,False
baseline_plus_conditional_logp_per_position,leave_one_allele_out,mse,nonzero,HLA-B*13:02,spearman,-0.39999999999999997,4,4,False
baseline_plus_conditional_logp_per_position,leave_one_allele_out,mse,nonzero,HLA-B*13:02,pearson_log,-0.5979786827541028,4,4,False
baseline_plus_conditional_logp_per_position,leave_one_allele_out,mse,nonzero,HLA-B*13:02,auc_gt_2h,0.0,4,4,False
baseline_plus_conditional_logp_per_position,leave_one_allele_out,mse,nonzero,HLA-B*14:01(C67S),spearman,0.2070855633456799,41,41,False
baseline_plus_conditional_logp_per_position,leave_one_allele_out,mse,nonzero,HLA-B*14:01(C67S),pearson_log,0.32548461804387047,41,41,False
baseline_plus_conditional_logp_per_position,leave_one_allele_out,mse,nonzero,HLA-B*14:01(C67S),auc_gt_2h,0.6774193548387097,41,41,False
baseline_plus_conditional_logp_per_position,leave_one_allele_out,mse,nonzero,HLA-B*14:02(C67S),spearman,0.07039163281369787,96,96,False
baseline_plus_conditional_logp_per_position,leave_one_allele_out,mse,nonzero,HLA-B*14:02(C67S),pearson_log,0.15593348339282026,96,96,False
baseline_plus_conditional_logp_per_position,leave_one_allele_out,mse,nonzero,HLA-B*14:02(C67S),auc_gt_2h,0.5621442125237192,96,96,False
baseline_plus_conditional_logp_per_position,leave_one_allele_out,mse,nonzero,HLA-B*15:01,spearman,0.18200299379793478,1012,1012,False
baseline_plus_conditional_logp_per_position,leave_one_allele_out,mse,nonzero,HLA-B*15:01,pearson_log,0.19470908624695182,1012,1012,False
baseline_plus_conditional_logp_per_position,leave_one_allele_out,mse,nonzero,HLA-B*15:01,auc_gt_2h,0.6402726561626997,1012,1012,False
baseline_plus_conditional_logp_per_position,leave_one_allele_out,mse,nonzero,HLA-B*15:02,spearman,0.2214072697145885,271,271,False
baseline_plus_conditional_logp_per_position,leave_one_allele_out,mse,nonzero,HLA-B*15:02,pearson_log,0.23163331374069918,271,271,False
baseline_plus_conditional_logp_per_position,leave_one_allele_out,mse,nonzero,HLA-B*15:02,auc_gt_2h,0.6121510673234811,271,271,False
baseline_plus_conditional_logp_per_position,leave_one_allele_out,mse,nonzero,HLA-B*15:10,spearman,0.40057131855908557,304,304,False
baseline_plus_conditional_logp_per_position,leave_one_allele_out,mse,nonzero,HLA-B*15:10,pearson_log,0.3735039781120348,304,304,False
baseline_plus_conditional_logp_per_position,leave_one_allele_out,mse,nonzero,HLA-B*15:10,auc_gt_2h,0.7024782748632121,304,304,False
baseline_plus_conditional_logp_per_position,leave_one_allele_out,mse,nonzero,HLA-B*15:17,spearman,0.0698327387141951,335,335,False
baseline_plus_conditional_logp_per_position,leave_one_allele_out,mse,nonzero,HLA-B*15:17,pearson_log,0.0959353493349426,335,335,False
baseline_plus_conditional_logp_per_position,leave_one_allele_out,mse,nonzero,HLA-B*15:17,auc_gt_2h,0.5204512184620684,335,335,False
baseline_plus_conditional_logp_per_position,leave_one_allele_out,mse,nonzero,HLA-B*18:01,spearman,0.13620428743322519,315,315,False
baseline_plus_conditional_logp_per_position,leave_one_allele_out,mse,nonzero,HLA-B*18:01,pearson_log,0.14795316780629386,315,315,False
baseline_plus_conditional_logp_per_position,leave_one_allele_out,mse,nonzero,HLA-B*18:01,auc_gt_2h,0.5652387181164159,315,315,False
baseline_plus_conditional_logp_per_position,leave_one_allele_out,mse,nonzero,HLA-B*27:02,spearman,0.602821658560425,239,239,False
baseline_plus_conditional_logp_per_position,leave_one_allele_out,mse,nonzero,HLA-B*27:02,pearson_log,0.6154434860015114,239,239,False
baseline_plus_conditional_logp_per_position,leave_one_allele_out,mse,nonzero,HLA-B*27:02,auc_gt_2h,0.7524460431654676,239,239,False
baseline_plus_conditional_logp_per_position,leave_one_allele_out,mse,nonzero,HLA-B*27:03,spearman,0.6542191651885607,237,237,False
baseline_plus_conditional_logp_per_position,leave_one_allele_out,mse,nonzero,HLA-B*27:03,pearson_log,0.6501109861689842,237,237,False
baseline_plus_conditional_logp_per_position,leave_one_allele_out,mse,nonzero,HLA-B*27:03,auc_gt_2h,0.8338605319913731,237,237,False
baseline_plus_conditional_logp_per_position,leave_one_allele_out,mse,nonzero,HLA-B*27:05,spearman,0.49457630637685407,307,307,False
baseline_plus_conditional_logp_per_position,leave_one_allele_out,mse,nonzero,HLA-B*27:05,pearson_log,0.5010689122492001,307,307,False
baseline_plus_conditional_logp_per_position,leave_one_allele_out,mse,nonzero,HLA-B*27:05,auc_gt_2h,0.7586011671457189,307,307,False
baseline_plus_conditional_logp_per_position,leave_one_allele_out,mse,nonzero,HLA-B*27:20,spearman,0.4620474978777112,251,251,False
baseline_plus_conditional_logp_per_position,leave_one_allele_out,mse,nonzero,HLA-B*27:20,pearson_log,0.507141320856987,251,251,False
baseline_plus_conditional_logp_per_position,leave_one_allele_out,mse,nonzero,HLA-B*27:20,auc_gt_2h,0.7743645606390703,251,251,False
baseline_plus_conditional_logp_per_position,leave_one_allele_out,mse,nonzero,HLA-B*35:01,spearman,0.48576143776392106,565,565,False
baseline_plus_conditional_logp_per_position,leave_one_allele_out,mse,nonzero,HLA-B*35:01,pearson_log,0.4863840559437443,565,565,False
baseline_plus_conditional_logp_per_position,leave_one_allele_out,mse,nonzero,HLA-B*35:01,auc_gt_2h,0.7468415322682735,565,565,False
baseline_plus_conditional_logp_per_position,leave_one_allele_out,mse,nonzero,HLA-B*35:03,spearman,0.5274987515365449,357,357,False
baseline_plus_conditional_logp_per_position,leave_one_allele_out,mse,nonzero,HLA-B*35:03,pearson_log,0.5347075566794578,357,357,False
baseline_plus_conditional_logp_per_position,leave_one_allele_out,mse,nonzero,HLA-B*35:03,auc_gt_2h,0.7856825960197744,357,357,False
baseline_plus_conditional_logp_per_position,leave_one_allele_out,mse,nonzero,HLA-B*35:08,spearman,0.3070711377752591,25,25,False
baseline_plus_conditional_logp_per_position,leave_one_allele_out,mse,nonzero,HLA-B*35:08,pearson_log,0.4785126073681061,25,25,False
baseline_plus_conditional_logp_per_position,leave_one_allele_out,mse,nonzero,HLA-B*35:08,auc_gt_2h,0.8928571428571429,25,25,False
baseline_plus_conditional_logp_per_position,leave_one_allele_out,mse,nonzero,HLA-B*39:01,spearman,0.29354609140159266,547,547,False
baseline_plus_conditional_logp_per_position,leave_one_allele_out,mse,nonzero,HLA-B*39:01,pearson_log,0.3216996138689966,547,547,False
baseline_plus_conditional_logp_per_position,leave_one_allele_out,mse,nonzero,HLA-B*39:01,auc_gt_2h,0.7138356466181978,547,547,False
baseline_plus_conditional_logp_per_position,leave_one_allele_out,mse,nonzero,HLA-B*39:02,spearman,0.3092694281030594,306,306,False
baseline_plus_conditional_logp_per_position,leave_one_allele_out,mse,nonzero,HLA-B*39:02,pearson_log,0.29387985151456364,306,306,False
baseline_plus_conditional_logp_per_position,leave_one_allele_out,mse,nonzero,HLA-B*39:02,auc_gt_2h,0.6738385376999239,306,306,False
baseline_plus_conditional_logp_per_position,leave_one_allele_out,mse,nonzero,HLA-B*39:06(C67S),spearman,0.28894887482108983,30,30,False
baseline_plus_conditional_logp_per_position,leave_one_allele_out,mse,nonzero,HLA-B*39:06(C67S),pearson_log,0.31879329985117466,30,30,False
baseline_plus_conditional_logp_per_position,leave_one_allele_out,mse,nonzero,HLA-B*39:06(C67S),auc_gt_2h,0.6944444444444445,30,30,False
baseline_plus_conditional_logp_per_position,leave_one_allele_out,mse,nonzero,HLA-B*39:10,spearman,0.43045126129685524,341,341,False
baseline_plus_conditional_logp_per_position,leave_one_allele_out,mse,nonzero,HLA-B*39:10,pearson_log,0.40424459311971717,341,341,False
baseline_plus_conditional_logp_per_position,leave_one_allele_out,mse,nonzero,HLA-B*39:10,auc_gt_2h,0.689707622105797,341,341,False
baseline_plus_conditional_logp_per_position,leave_one_allele_out,mse,nonzero,HLA-B*40:01,spearman,0.2864185287818425,283,283,False
baseline_plus_conditional_logp_per_position,leave_one_allele_out,mse,nonzero,HLA-B*40:01,pearson_log,0.2365625529379307,283,283,False
baseline_plus_conditional_logp_per_position,leave_one_allele_out,mse,nonzero,HLA-B*40:01,auc_gt_2h,0.658893280632411,283,283,False
baseline_plus_conditional_logp_per_position,leave_one_allele_out,mse,nonzero,HLA-B*40:02,spearman,0.22807017543859648,19,19,False
baseline_plus_conditional_logp_per_position,leave_one_allele_out,mse,nonzero,HLA-B*40:02,pearson_log,0.1958000350842024,19,19,False
baseline_plus_conditional_logp_per_position,leave_one_allele_out,mse,nonzero,HLA-B*40:02,auc_gt_2h,0.7333333333333334,19,19,False
baseline_plus_conditional_logp_per_position,leave_one_allele_out,mse,nonzero,HLA-B*41:01,spearman,0.41934837981665163,148,148,False
baseline_plus_conditional_logp_per_position,leave_one_allele_out,mse,nonzero,HLA-B*41:01,pearson_log,0.4705296237168309,148,148,False
baseline_plus_conditional_logp_per_position,leave_one_allele_out,mse,nonzero,HLA-B*41:01,auc_gt_2h,0.8335435056746533,148,148,False
baseline_plus_conditional_logp_per_position,leave_one_allele_out,mse,nonzero,HLA-B*42:01,spearman,0.7529886996946623,342,342,False
baseline_plus_conditional_logp_per_position,leave_one_allele_out,mse,nonzero,HLA-B*42:01,pearson_log,0.7129464609744842,342,342,False
baseline_plus_conditional_logp_per_position,leave_one_allele_out,mse,nonzero,HLA-B*42:01,auc_gt_2h,0.8993522323605211,342,342,False
baseline_plus_conditional_logp_per_position,leave_one_allele_out,mse,nonzero,HLA-B*42:02,spearman,0.6584886357596845,340,340,False
baseline_plus_conditional_logp_per_position,leave_one_allele_out,mse,nonzero,HLA-B*42:02,pearson_log,0.6372867849320702,340,340,False
baseline_plus_conditional_logp_per_position,leave_one_allele_out,mse,nonzero,HLA-B*42:02,auc_gt_2h,0.814703129874181,340,340,False
baseline_plus_conditional_logp_per_position,leave_one_allele_out,mse,nonzero,HLA-B*44:05,spearman,0.21122210408303402,332,332,False
baseline_plus_conditional_logp_per_position,leave_one_allele_out,mse,nonzero,HLA-B*44:05,pearson_log,0.18835344573357377,332,332,False
baseline_plus_conditional_logp_per_position,leave_one_allele_out,mse,nonzero,HLA-B*44:05,auc_gt_2h,0.5846153846153845,332,332,False
baseline_plus_conditional_logp_per_position,leave_one_allele_out,mse,nonzero,HLA-B*45:01,spearman,0.39534819592568654,121,121,False
baseline_plus_conditional_logp_per_position,leave_one_allele_out,mse,nonzero,HLA-B*45:01,pearson_log,0.45768218105550623,121,121,False
baseline_plus_conditional_logp_per_position,leave_one_allele_out,mse,nonzero,HLA-B*45:01,auc_gt_2h,0.7725490196078432,121,121,False
baseline_plus_conditional_logp_per_position,leave_one_allele_out,mse,nonzero,HLA-B*46:01,spearman,0.16134988204020018,213,213,False
baseline_plus_conditional_logp_per_position,leave_one_allele_out,mse,nonzero,HLA-B*46:01,pearson_log,0.15127081777742538,213,213,False
baseline_plus_conditional_logp_per_position,leave_one_allele_out,mse,nonzero,HLA-B*46:01,auc_gt_2h,0.5941022544283414,213,213,False
baseline_plus_conditional_logp_per_position,leave_one_allele_out,mse,nonzero,HLA-B*51:01,spearman,0.22622316839438525,174,174,False
baseline_plus_conditional_logp_per_position,leave_one_allele_out,mse,nonzero,HLA-B*51:01,pearson_log,0.2035769042905957,174,174,False
baseline_plus_conditional_logp_per_position,leave_one_allele_out,mse,nonzero,HLA-B*51:01,auc_gt_2h,0.6219835402427116,174,174,False
baseline_plus_conditional_logp_per_position,leave_one_allele_out,mse,nonzero,HLA-B*54:01,spearman,0.539222656292116,210,210,False
baseline_plus_conditional_logp_per_position,leave_one_allele_out,mse,nonzero,HLA-B*54:01,pearson_log,0.5424815121879067,210,210,False
baseline_plus_conditional_logp_per_position,leave_one_allele_out,mse,nonzero,HLA-B*54:01,auc_gt_2h,0.7731053172600691,210,210,False
baseline_plus_conditional_logp_per_position,leave_one_allele_out,mse,nonzero,HLA-B*55:01,spearman,0.5719489497968708,168,168,False
baseline_plus_conditional_logp_per_position,leave_one_allele_out,mse,nonzero,HLA-B*55:01,pearson_log,0.5947958829122434,168,168,False
baseline_plus_conditional_logp_per_position,leave_one_allele_out,mse,nonzero,HLA-B*55:01,auc_gt_2h,0.8003677033859354,168,168,False
baseline_plus_conditional_logp_per_position,leave_one_allele_out,mse,nonzero,HLA-B*56:01,spearman,0.683440498900716,190,190,False
baseline_plus_conditional_logp_per_position,leave_one_allele_out,mse,nonzero,HLA-B*56:01,pearson_log,0.706947507301757,190,190,False
baseline_plus_conditional_logp_per_position,leave_one_allele_out,mse,nonzero,HLA-B*56:01,auc_gt_2h,0.880357142857143,190,190,False
baseline_plus_conditional_logp_per_position,leave_one_allele_out,mse,nonzero,HLA-B*57:01,spearman,0.6023494611014089,303,303,False
baseline_plus_conditional_logp_per_position,leave_one_allele_out,mse,nonzero,HLA-B*57:01,pearson_log,0.6087003292811026,303,303,False
baseline_plus_conditional_logp_per_position,leave_one_allele_out,mse,nonzero,HLA-B*57:01,auc_gt_2h,0.8477922077922078,303,303,False
baseline_plus_conditional_logp_per_position,leave_one_allele_out,mse,nonzero,HLA-B*57:02,spearman,0.5251091055934525,339,339,False
baseline_plus_conditional_logp_per_position,leave_one_allele_out,mse,nonzero,HLA-B*57:02,pearson_log,0.5316599246412212,339,339,False
baseline_plus_conditional_logp_per_position,leave_one_allele_out,mse,nonzero,HLA-B*57:02,auc_gt_2h,0.7512477980035231,339,339,False
baseline_plus_conditional_logp_per_position,leave_one_allele_out,mse,nonzero,HLA-B*57:03,spearman,0.6224476105230238,367,367,False
baseline_plus_conditional_logp_per_position,leave_one_allele_out,mse,nonzero,HLA-B*57:03,pearson_log,0.6436326783467176,367,367,False
baseline_plus_conditional_logp_per_position,leave_one_allele_out,mse,nonzero,HLA-B*57:03,auc_gt_2h,0.8730314043425591,367,367,False
baseline_plus_conditional_logp_per_position,leave_one_allele_out,mse,nonzero,HLA-B*58:01,spearman,0.5968163559355546,320,320,False
baseline_plus_conditional_logp_per_position,leave_one_allele_out,mse,nonzero,HLA-B*58:01,pearson_log,0.5588081115030464,320,320,False
baseline_plus_conditional_logp_per_position,leave_one_allele_out,mse,nonzero,HLA-B*58:01,auc_gt_2h,0.7882916666666667,320,320,False
baseline_plus_conditional_logp_per_position,leave_one_allele_out,mse,nonzero,HLA-B*81:01,spearman,0.42819319262409156,312,312,False
baseline_plus_conditional_logp_per_position,leave_one_allele_out,mse,nonzero,HLA-B*81:01,pearson_log,0.3303927128833638,312,312,False
baseline_plus_conditional_logp_per_position,leave_one_allele_out,mse,nonzero,HLA-B*81:01,auc_gt_2h,0.5140626793709103,312,312,False
baseline_plus_conditional_logp_per_position,peptide_disjoint,mse,all,HLA-A*01:01,spearman,0.45723554279740364,37,37,False
baseline_plus_conditional_logp_per_position,peptide_disjoint,mse,all,HLA-A*01:01,pearson_log,0.476454335436476,37,37,False
baseline_plus_conditional_logp_per_position,peptide_disjoint,mse,all,HLA-A*01:01,auc_gt_2h,0.8555555555555556,37,37,False
baseline_plus_conditional_logp_per_position,peptide_disjoint,mse,all,HLA-A*02:01,spearman,0.7149677752761994,197,197,False
baseline_plus_conditional_logp_per_position,peptide_disjoint,mse,all,HLA-A*02:01,pearson_log,0.6848038540201703,197,197,False
baseline_plus_conditional_logp_per_position,peptide_disjoint,mse,all,HLA-A*02:01,auc_gt_2h,0.8458702064896754,197,197,False
baseline_plus_conditional_logp_per_position,peptide_disjoint,mse,all,HLA-A*02:03,spearman,0.5267333187825355,71,71,False
baseline_plus_conditional_logp_per_position,peptide_disjoint,mse,all,HLA-A*02:03,pearson_log,0.4893593949334193,71,71,False
baseline_plus_conditional_logp_per_position,peptide_disjoint,mse,all,HLA-A*02:03,auc_gt_2h,0.7282430213464696,71,71,False
baseline_plus_conditional_logp_per_position,peptide_disjoint,mse,all,HLA-A*02:05,spearman,,1,1,True
baseline_plus_conditional_logp_per_position,peptide_disjoint,mse,all,HLA-A*02:05,pearson_log,,1,1,True
baseline_plus_conditional_logp_per_position,peptide_disjoint,mse,all,HLA-A*02:05,auc_gt_2h,,1,1,True
baseline_plus_conditional_logp_per_position,peptide_disjoint,mse,all,HLA-A*02:10,spearman,0.5009167425086646,68,68,False
baseline_plus_conditional_logp_per_position,peptide_disjoint,mse,all,HLA-A*02:10,pearson_log,0.5017070522841166,68,68,False
baseline_plus_conditional_logp_per_position,peptide_disjoint,mse,all,HLA-A*02:10,auc_gt_2h,0.7410636442894507,68,68,False
baseline_plus_conditional_logp_per_position,peptide_disjoint,mse,all,HLA-A*02:11,spearman,0.44509811353777184,69,69,False
baseline_plus_conditional_logp_per_position,peptide_disjoint,mse,all,HLA-A*02:11,pearson_log,0.5067179871598128,69,69,False
baseline_plus_conditional_logp_per_position,peptide_disjoint,mse,all,HLA-A*02:11,auc_gt_2h,0.8918495297805642,69,69,False
baseline_plus_conditional_logp_per_position,peptide_disjoint,mse,all,HLA-A*02:12,spearman,0.6317289531813456,69,69,False
baseline_plus_conditional_logp_per_position,peptide_disjoint,mse,all,HLA-A*02:12,pearson_log,0.6255309973212095,69,69,False
baseline_plus_conditional_logp_per_position,peptide_disjoint,mse,all,HLA-A*02:12,auc_gt_2h,0.9305263157894736,69,69,False
baseline_plus_conditional_logp_per_position,peptide_disjoint,mse,all,HLA-A*02:16,spearman,0.6064143682525849,69,69,False
baseline_plus_conditional_logp_per_position,peptide_disjoint,mse,all,HLA-A*02:16,pearson_log,0.6028281604846608,69,69,False
baseline_plus_conditional_logp_per_position,peptide_disjoint,mse,all,HLA-A*02:16,auc_gt_2h,0.8611111111111112,69,69,False
baseline_plus_conditional_logp_per_position,peptide_disjoint,mse,all,HLA-A*02:19,spearman,0.6106576337161425,67,67,False
baseline_plus_conditional_logp_per_position,peptide_disjoint,mse,all,HLA-A*02:19,pearson_log,0.6256711754885136,67,67,False
baseline_plus_conditional_logp_per_position,peptide_disjoint,mse,all,HLA-A*02:19,auc_gt_2h,0.805050505050505,67,67,False
baseline_plus_conditional_logp_per_position,peptide_disjoint,mse,all,HLA-A*02:50,spearman,0.4620163658040469,69,69,False
baseline_plus_conditional_logp_per_position,peptide_disjoint,mse,all,HLA-A*02:50,pearson_log,0.4675568287430134,69,69,False
baseline_plus_conditional_logp_per_position,peptide_disjoint,mse,all,HLA-A*02:50,auc_gt_2h,0.7115384615384616,69,69,False
baseline_plus_conditional_logp_per_position,peptide_disjoint,mse,all,HLA-A*03:01,spearman,0.7155675206543368,181,181,False
baseline_plus_conditional_logp_per_position,peptide_disjoint,mse,all,HLA-A*03:01,pearson_log,0.7090535633791036,181,181,False
baseline_plus_conditional_logp_per_position,peptide_disjoint,mse,all,HLA-A*03:01,auc_gt_2h,0.8719560094265515,181,181,False
baseline_plus_conditional_logp_per_position,peptide_disjoint,mse,all,HLA-A*11:01,spearman,0.7621132989407282,121,121,False
baseline_plus_conditional_logp_per_position,peptide_disjoint,mse,all,HLA-A*11:01,pearson_log,0.723173401605885,121,121,False
baseline_plus_conditional_logp_per_position,peptide_disjoint,mse,all,HLA-A*11:01,auc_gt_2h,0.8764172335600907,121,121,False
baseline_plus_conditional_logp_per_position,peptide_disjoint,mse,all,HLA-A*23:01,spearman,0.674651525666467,76,76,False
baseline_plus_conditional_logp_per_position,peptide_disjoint,mse,all,HLA-A*23:01,pearson_log,0.6699480202996351,76,76,False
baseline_plus_conditional_logp_per_position,peptide_disjoint,mse,all,HLA-A*23:01,auc_gt_2h,0.8785714285714286,76,76,False
baseline_plus_conditional_logp_per_position,peptide_disjoint,mse,all,HLA-A*24:02,spearman,0.7037432210270144,114,114,False
baseline_plus_conditional_logp_per_position,peptide_disjoint,mse,all,HLA-A*24:02,pearson_log,0.7073283643909596,114,114,False
baseline_plus_conditional_logp_per_position,peptide_disjoint,mse,all,HLA-A*24:02,auc_gt_2h,0.84375,114,114,False
baseline_plus_conditional_logp_per_position,peptide_disjoint,mse,all,HLA-A*24:03,spearman,0.6525906682376273,107,107,False
baseline_plus_conditional_logp_per_position,peptide_disjoint,mse,all,HLA-A*24:03,pearson_log,0.5886580966585397,107,107,False
baseline_plus_conditional_logp_per_position,peptide_disjoint,mse,all,HLA-A*24:03,auc_gt_2h,0.8175338560228083,107,107,False
baseline_plus_conditional_logp_per_position,peptide_disjoint,mse,all,HLA-A*24:07,spearman,0.6820894639553391,74,74,False
baseline_plus_conditional_logp_per_position,peptide_disjoint,mse,all,HLA-A*24:07,pearson_log,0.6857298124114901,74,74,False
baseline_plus_conditional_logp_per_position,peptide_disjoint,mse,all,HLA-A*24:07,auc_gt_2h,0.8472222222222222,74,74,False
baseline_plus_conditional_logp_per_position,peptide_disjoint,mse,all,HLA-A*24:19,spearman,0.33855020038209815,80,80,False
baseline_plus_conditional_logp_per_position,peptide_disjoint,mse,all,HLA-A*24:19,pearson_log,0.328550176640376,80,80,False
baseline_plus_conditional_logp_per_position,peptide_disjoint,mse,all,HLA-A*24:19,auc_gt_2h,0.5893333333333334,80,80,False
baseline_plus_conditional_logp_per_position,peptide_disjoint,mse,all,HLA-A*25:01,spearman,0.4595224980107579,74,74,False
baseline_plus_conditional_logp_per_position,peptide_disjoint,mse,all,HLA-A*25:01,pearson_log,0.46345554667384525,74,74,False
baseline_plus_conditional_logp_per_position,peptide_disjoint,mse,all,HLA-A*25:01,auc_gt_2h,0.7722488038277512,74,74,False
baseline_plus_conditional_logp_per_position,peptide_disjoint,mse,all,HLA-A*26:01,spearman,0.48951233821971557,45,45,False
baseline_plus_conditional_logp_per_position,peptide_disjoint,mse,all,HLA-A*26:01,pearson_log,0.5002892259398203,45,45,False
baseline_plus_conditional_logp_per_position,peptide_disjoint,mse,all,HLA-A*26:01,auc_gt_2h,0.74,45,45,False
baseline_plus_conditional_logp_per_position,peptide_disjoint,mse,all,HLA-A*26:02,spearman,0.4961572539728767,68,68,False
baseline_plus_conditional_logp_per_position,peptide_disjoint,mse,all,HLA-A*26:02,pearson_log,0.5075869419341896,68,68,False
baseline_plus_conditional_logp_per_position,peptide_disjoint,mse,all,HLA-A*26:02,auc_gt_2h,0.7293023255813953,68,68,False
baseline_plus_conditional_logp_per_position,peptide_disjoint,mse,all,HLA-A*26:03,spearman,0.3895543465748492,75,75,False
baseline_plus_conditional_logp_per_position,peptide_disjoint,mse,all,HLA-A*26:03,pearson_log,0.4056205640659049,75,75,False
baseline_plus_conditional_logp_per_position,peptide_disjoint,mse,all,HLA-A*26:03,auc_gt_2h,0.7014051522248244,75,75,False
baseline_plus_conditional_logp_per_position,peptide_disjoint,mse,all,HLA-A*29:02,spearman,0.6011254039984234,73,73,False
baseline_plus_conditional_logp_per_position,peptide_disjoint,mse,all,HLA-A*29:02,pearson_log,0.6400594658797474,73,73,False
baseline_plus_conditional_logp_per_position,peptide_disjoint,mse,all,HLA-A*29:02,auc_gt_2h,0.8197586726998491,73,73,False
baseline_plus_conditional_logp_per_position,peptide_disjoint,mse,all,HLA-A*30:01,spearman,0.6038987652153295,86,86,False
baseline_plus_conditional_logp_per_position,peptide_disjoint,mse,all,HLA-A*30:01,pearson_log,0.5990653721790609,86,86,False
baseline_plus_conditional_logp_per_position,peptide_disjoint,mse,all,HLA-A*30:01,auc_gt_2h,0.7320261437908496,86,86,False
baseline_plus_conditional_logp_per_position,peptide_disjoint,mse,all,HLA-A*30:02,spearman,0.30322928920429676,73,73,False
baseline_plus_conditional_logp_per_position,peptide_disjoint,mse,all,HLA-A*30:02,pearson_log,0.351227405532299,73,73,False
baseline_plus_conditional_logp_per_position,peptide_disjoint,mse,all,HLA-A*30:02,auc_gt_2h,0.6513043478260869,73,73,False
baseline_plus_conditional_logp_per_position,peptide_disjoint,mse,all,HLA-A*31:01,spearman,0.6065852916555292,85,85,False
baseline_plus_conditional_logp_per_position,peptide_disjoint,mse,all,HLA-A*31:01,pearson_log,0.5529889200547183,85,85,False
baseline_plus_conditional_logp_per_position,peptide_disjoint,mse,all,HLA-A*31:01,auc_gt_2h,0.8001126126126126,85,85,False
baseline_plus_conditional_logp_per_position,peptide_disjoint,mse,all,HLA-A*32:01,spearman,0.9746794344808963,5,5,False
baseline_plus_conditional_logp_per_position,peptide_disjoint,mse,all,HLA-A*32:01,pearson_log,0.8533509328009895,5,5,False
baseline_plus_conditional_logp_per_position,peptide_disjoint,mse,all,HLA-A*32:01,auc_gt_2h,1.0,5,5,False
baseline_plus_conditional_logp_per_position,peptide_disjoint,mse,all,HLA-A*32:07,spearman,0.7490669754229708,76,76,False
baseline_plus_conditional_logp_per_position,peptide_disjoint,mse,all,HLA-A*32:07,pearson_log,0.7743605482485374,76,76,False
baseline_plus_conditional_logp_per_position,peptide_disjoint,mse,all,HLA-A*32:07,auc_gt_2h,0.8458049886621315,76,76,False
baseline_plus_conditional_logp_per_position,peptide_disjoint,mse,all,HLA-A*33:03,spearman,0.509206333343393,84,84,False
baseline_plus_conditional_logp_per_position,peptide_disjoint,mse,all,HLA-A*33:03,pearson_log,0.4933696453992029,84,84,False
baseline_plus_conditional_logp_per_position,peptide_disjoint,mse,all,HLA-A*33:03,auc_gt_2h,0.7874149659863947,84,84,False
baseline_plus_conditional_logp_per_position,peptide_disjoint,mse,all,HLA-A*43:01,spearman,0.33977790796024715,73,73,False
baseline_plus_conditional_logp_per_position,peptide_disjoint,mse,all,HLA-A*43:01,pearson_log,0.3682222200017708,73,73,False
baseline_plus_conditional_logp_per_position,peptide_disjoint,mse,all,HLA-A*43:01,auc_gt_2h,0.703125,73,73,False
baseline_plus_conditional_logp_per_position,peptide_disjoint,mse,all,HLA-A*66:01,spearman,0.18780690722346716,79,79,False
baseline_plus_conditional_logp_per_position,peptide_disjoint,mse,all,HLA-A*66:01,pearson_log,0.21089564081925197,79,79,False
baseline_plus_conditional_logp_per_position,peptide_disjoint,mse,all,HLA-A*66:01,auc_gt_2h,0.5366666666666666,79,79,False
baseline_plus_conditional_logp_per_position,peptide_disjoint,mse,all,HLA-A*68:01,spearman,0.6131781296906534,85,85,False
baseline_plus_conditional_logp_per_position,peptide_disjoint,mse,all,HLA-A*68:01,pearson_log,0.6129353039493458,85,85,False
baseline_plus_conditional_logp_per_position,peptide_disjoint,mse,all,HLA-A*68:01,auc_gt_2h,0.8062015503875968,85,85,False
baseline_plus_conditional_logp_per_position,peptide_disjoint,mse,all,HLA-A*68:02,spearman,,1,1,True
baseline_plus_conditional_logp_per_position,peptide_disjoint,mse,all,HLA-A*68:02,pearson_log,,1,1,True
baseline_plus_conditional_logp_per_position,peptide_disjoint,mse,all,HLA-A*68:02,auc_gt_2h,,1,1,True
baseline_plus_conditional_logp_per_position,peptide_disjoint,mse,all,HLA-A*68:23,spearman,0.49443575313224664,79,79,False
baseline_plus_conditional_logp_per_position,peptide_disjoint,mse,all,HLA-A*68:23,pearson_log,0.48122670552030045,79,79,False
baseline_plus_conditional_logp_per_position,peptide_disjoint,mse,all,HLA-A*68:23,auc_gt_2h,0.7014925373134329,79,79,False
baseline_plus_conditional_logp_per_position,peptide_disjoint,mse,all,HLA-A*69:01,spearman,,1,1,True
baseline_plus_conditional_logp_per_position,peptide_disjoint,mse,all,HLA-A*69:01,pearson_log,,1,1,True
baseline_plus_conditional_logp_per_position,peptide_disjoint,mse,all,HLA-A*69:01,auc_gt_2h,,1,1,True
baseline_plus_conditional_logp_per_position,peptide_disjoint,mse,all,HLA-A*74:01,spearman,0.692310156463887,78,78,False
baseline_plus_conditional_logp_per_position,peptide_disjoint,mse,all,HLA-A*74:01,pearson_log,0.6861435620426946,78,78,False
baseline_plus_conditional_logp_per_position,peptide_disjoint,mse,all,HLA-A*74:01,auc_gt_2h,0.8411338167435728,78,78,False
baseline_plus_conditional_logp_per_position,peptide_disjoint,mse,all,HLA-A*80:01,spearman,0.37637760309164103,68,68,False
baseline_plus_conditional_logp_per_position,peptide_disjoint,mse,all,HLA-A*80:01,pearson_log,0.46966822651958073,68,68,False
baseline_plus_conditional_logp_per_position,peptide_disjoint,mse,all,HLA-A*80:01,auc_gt_2h,0.9453125,68,68,False
baseline_plus_conditional_logp_per_position,peptide_disjoint,mse,all,HLA-B*07:02,spearman,0.6328258717710902,142,142,False
baseline_plus_conditional_logp_per_position,peptide_disjoint,mse,all,HLA-B*07:02,pearson_log,0.6107601270792383,142,142,False
baseline_plus_conditional_logp_per_position,peptide_disjoint,mse,all,HLA-B*07:02,auc_gt_2h,0.8497420020639835,142,142,False
baseline_plus_conditional_logp_per_position,peptide_disjoint,mse,all,HLA-B*08:01,spearman,0.30531596675547523,86,86,False
baseline_plus_conditional_logp_per_position,peptide_disjoint,mse,all,HLA-B*08:01,pearson_log,0.312786033034139,86,86,False
baseline_plus_conditional_logp_per_position,peptide_disjoint,mse,all,HLA-B*08:01,auc_gt_2h,0.8,86,86,False
baseline_plus_conditional_logp_per_position,peptide_disjoint,mse,all,HLA-B*08:03,spearman,0.11976466134294206,72,72,False
baseline_plus_conditional_logp_per_position,peptide_disjoint,mse,all,HLA-B*08:03,pearson_log,0.10004620605364303,72,72,False
baseline_plus_conditional_logp_per_position,peptide_disjoint,mse,all,HLA-B*08:03,auc_gt_2h,0.3014705882352941,72,72,False
baseline_plus_conditional_logp_per_position,peptide_disjoint,mse,all,HLA-B*13:02,spearman,,2,2,False
baseline_plus_conditional_logp_per_position,peptide_disjoint,mse,all,HLA-B*13:02,pearson_log,,2,2,False
baseline_plus_conditional_logp_per_position,peptide_disjoint,mse,all,HLA-B*13:02,auc_gt_2h,,2,2,False
baseline_plus_conditional_logp_per_position,peptide_disjoint,mse,all,HLA-B*14:01(C67S),spearman,0.42905429275458656,75,75,False
baseline_plus_conditional_logp_per_position,peptide_disjoint,mse,all,HLA-B*14:01(C67S),pearson_log,0.5508277148182845,75,75,False
baseline_plus_conditional_logp_per_position,peptide_disjoint,mse,all,HLA-B*14:01(C67S),auc_gt_2h,0.9471830985915494,75,75,False
baseline_plus_conditional_logp_per_position,peptide_disjoint,mse,all,HLA-B*14:02(C67S),spearman,0.5612368588994775,73,73,False
baseline_plus_conditional_logp_per_position,peptide_disjoint,mse,all,HLA-B*14:02(C67S),pearson_log,0.5671430217794939,73,73,False
baseline_plus_conditional_logp_per_position,peptide_disjoint,mse,all,HLA-B*14:02(C67S),auc_gt_2h,0.8628472222222222,73,73,False
baseline_plus_conditional_logp_per_position,peptide_disjoint,mse,all,HLA-B*15:01,spearman,0.44503528226067257,206,206,False
baseline_plus_conditional_logp_per_position,peptide_disjoint,mse,all,HLA-B*15:01,pearson_log,0.43144890520247525,206,206,False
baseline_plus_conditional_logp_per_position,peptide_disjoint,mse,all,HLA-B*15:01,auc_gt_2h,0.7900602409638553,206,206,False
baseline_plus_conditional_logp_per_position,peptide_disjoint,mse,all,HLA-B*15:02,spearman,0.485237928897052,69,69,False
baseline_plus_conditional_logp_per_position,peptide_disjoint,mse,all,HLA-B*15:02,pearson_log,0.5357746664311408,69,69,False
baseline_plus_conditional_logp_per_position,peptide_disjoint,mse,all,HLA-B*15:02,auc_gt_2h,0.6803418803418804,69,69,False
baseline_plus_conditional_logp_per_position,peptide_disjoint,mse,all,HLA-B*15:10,spearman,0.6558930918236522,65,65,False
baseline_plus_conditional_logp_per_position,peptide_disjoint,mse,all,HLA-B*15:10,pearson_log,0.6506971472889969,65,65,False
baseline_plus_conditional_logp_per_position,peptide_disjoint,mse,all,HLA-B*15:10,auc_gt_2h,0.8473389355742298,65,65,False
baseline_plus_conditional_logp_per_position,peptide_disjoint,mse,all,HLA-B*15:17,spearman,0.45306630818407745,67,67,False
baseline_plus_conditional_logp_per_position,peptide_disjoint,mse,all,HLA-B*15:17,pearson_log,0.4046483406323589,67,67,False
baseline_plus_conditional_logp_per_position,peptide_disjoint,mse,all,HLA-B*15:17,auc_gt_2h,0.7843137254901962,67,67,False
baseline_plus_conditional_logp_per_position,peptide_disjoint,mse,all,HLA-B*18:01,spearman,0.48988978105237324,67,67,False
baseline_plus_conditional_logp_per_position,peptide_disjoint,mse,all,HLA-B*18:01,pearson_log,0.5052814439314912,67,67,False
baseline_plus_conditional_logp_per_position,peptide_disjoint,mse,all,HLA-B*18:01,auc_gt_2h,0.6666666666666667,67,67,False
baseline_plus_conditional_logp_per_position,peptide_disjoint,mse,all,HLA-B*27:02,spearman,0.8022887489827911,73,73,False
baseline_plus_conditional_logp_per_position,peptide_disjoint,mse,all,HLA-B*27:02,pearson_log,0.7820802773776118,73,73,False
baseline_plus_conditional_logp_per_position,peptide_disjoint,mse,all,HLA-B*27:02,auc_gt_2h,0.9294294294294294,73,73,False
baseline_plus_conditional_logp_per_position,peptide_disjoint,mse,all,HLA-B*27:03,spearman,0.7676325695826459,78,78,False
baseline_plus_conditional_logp_per_position,peptide_disjoint,mse,all,HLA-B*27:03,pearson_log,0.7747685742615487,78,78,False
baseline_plus_conditional_logp_per_position,peptide_disjoint,mse,all,HLA-B*27:03,auc_gt_2h,0.9078114004222378,78,78,False
baseline_plus_conditional_logp_per_position,peptide_disjoint,mse,all,HLA-B*27:05,spearman,0.6986690447824169,80,80,False
baseline_plus_conditional_logp_per_position,peptide_disjoint,mse,all,HLA-B*27:05,pearson_log,0.7166150970418607,80,80,False
baseline_plus_conditional_logp_per_position,peptide_disjoint,mse,all,HLA-B*27:05,auc_gt_2h,0.8446163765312702,80,80,False
baseline_plus_conditional_logp_per_position,peptide_disjoint,mse,all,HLA-B*27:20,spearman,0.7029052011944031,76,76,False
baseline_plus_conditional_logp_per_position,peptide_disjoint,mse,all,HLA-B*27:20,pearson_log,0.715231129855731,76,76,False
baseline_plus_conditional_logp_per_position,peptide_disjoint,mse,all,HLA-B*27:20,auc_gt_2h,0.8375,76,76,False
baseline_plus_conditional_logp_per_position,peptide_disjoint,mse,all,HLA-B*35:01,spearman,0.45763180320882835,128,128,False
baseline_plus_conditional_logp_per_position,peptide_disjoint,mse,all,HLA-B*35:01,pearson_log,0.4534491288860554,128,128,False
baseline_plus_conditional_logp_per_position,peptide_disjoint,mse,all,HLA-B*35:01,auc_gt_2h,0.7698269181090157,128,128,False
baseline_plus_conditional_logp_per_position,peptide_disjoint,mse,all,HLA-B*35:03,spearman,0.38896525264970805,87,87,False
baseline_plus_conditional_logp_per_position,peptide_disjoint,mse,all,HLA-B*35:03,pearson_log,0.4802883289565346,87,87,False
baseline_plus_conditional_logp_per_position,peptide_disjoint,mse,all,HLA-B*35:03,auc_gt_2h,0.6823467230443975,87,87,False
baseline_plus_conditional_logp_per_position,peptide_disjoint,mse,all,HLA-B*35:08,spearman,-0.09999999999999999,5,5,False
baseline_plus_conditional_logp_per_position,peptide_disjoint,mse,all,HLA-B*35:08,pearson_log,0.11370373929417979,5,5,False
baseline_plus_conditional_logp_per_position,peptide_disjoint,mse,all,HLA-B*35:08,auc_gt_2h,,5,5,False
baseline_plus_conditional_logp_per_position,peptide_disjoint,mse,all,HLA-B*39:01,spearman,0.4141421810527443,136,136,False
baseline_plus_conditional_logp_per_position,peptide_disjoint,mse,all,HLA-B*39:01,pearson_log,0.4653711278369952,136,136,False
baseline_plus_conditional_logp_per_position,peptide_disjoint,mse,all,HLA-B*39:01,auc_gt_2h,0.8344579397210976,136,136,False
baseline_plus_conditional_logp_per_position,peptide_disjoint,mse,all,HLA-B*39:02,spearman,0.4684236622200654,65,65,False
baseline_plus_conditional_logp_per_position,peptide_disjoint,mse,all,HLA-B*39:02,pearson_log,0.4285655991759947,65,65,False
baseline_plus_conditional_logp_per_position,peptide_disjoint,mse,all,HLA-B*39:02,auc_gt_2h,0.7070938215102974,65,65,False
baseline_plus_conditional_logp_per_position,peptide_disjoint,mse,all,HLA-B*39:06(C67S),spearman,0.13131676998967448,67,67,False
baseline_plus_conditional_logp_per_position,peptide_disjoint,mse,all,HLA-B*39:06(C67S),pearson_log,0.23948108690448203,67,67,False
baseline_plus_conditional_logp_per_position,peptide_disjoint,mse,all,HLA-B*39:06(C67S),auc_gt_2h,,67,67,False
baseline_plus_conditional_logp_per_position,peptide_disjoint,mse,all,HLA-B*39:10,spearman,0.6290026844931192,85,85,False
baseline_plus_conditional_logp_per_position,peptide_disjoint,mse,all,HLA-B*39:10,pearson_log,0.6504588968064965,85,85,False
baseline_plus_conditional_logp_per_position,peptide_disjoint,mse,all,HLA-B*39:10,auc_gt_2h,0.8325714285714286,85,85,False
baseline_plus_conditional_logp_per_position,peptide_disjoint,mse,all,HLA-B*40:01,spearman,0.4561482203651955,57,57,False
baseline_plus_conditional_logp_per_position,peptide_disjoint,mse,all,HLA-B*40:01,pearson_log,0.4634317552904136,57,57,False
baseline_plus_conditional_logp_per_position,peptide_disjoint,mse,all,HLA-B*40:01,auc_gt_2h,0.7342857142857143,57,57,False
baseline_plus_conditional_logp_per_position,peptide_disjoint,mse,all,HLA-B*40:02,spearman,0.9999999999999999,5,5,False
baseline_plus_conditional_logp_per_position,peptide_disjoint,mse,all,HLA-B*40:02,pearson_log,0.9941053235490229,5,5,False
baseline_plus_conditional_logp_per_position,peptide_disjoint,mse,all,HLA-B*40:02,auc_gt_2h,1.0,5,5,False
baseline_plus_conditional_logp_per_position,peptide_disjoint,mse,all,HLA-B*41:01,spearman,0.43999015213468456,71,71,False
baseline_plus_conditional_logp_per_position,peptide_disjoint,mse,all,HLA-B*41:01,pearson_log,0.5979031191239417,71,71,False
baseline_plus_conditional_logp_per_position,peptide_disjoint,mse,all,HLA-B*41:01,auc_gt_2h,0.8256410256410257,71,71,False
baseline_plus_conditional_logp_per_position,peptide_disjoint,mse,all,HLA-B*42:01,spearman,0.701423671507645,77,77,False
baseline_plus_conditional_logp_per_position,peptide_disjoint,mse,all,HLA-B*42:01,pearson_log,0.6397729755923083,77,77,False
baseline_plus_conditional_logp_per_position,peptide_disjoint,mse,all,HLA-B*42:01,auc_gt_2h,0.8377403846153846,77,77,False
baseline_plus_conditional_logp_per_position,peptide_disjoint,mse,all,HLA-B*42:02,spearman,0.7146572197004375,86,86,False
baseline_plus_conditional_logp_per_position,peptide_disjoint,mse,all,HLA-B*42:02,pearson_log,0.6776146207863376,86,86,False
baseline_plus_conditional_logp_per_position,peptide_disjoint,mse,all,HLA-B*42:02,auc_gt_2h,0.8313725490196079,86,86,False
baseline_plus_conditional_logp_per_position,peptide_disjoint,mse,all,HLA-B*44:05,spearman,0.4125744859496916,68,68,False
baseline_plus_conditional_logp_per_position,peptide_disjoint,mse,all,HLA-B*44:05,pearson_log,0.45673712427974433,68,68,False
baseline_plus_conditional_logp_per_position,peptide_disjoint,mse,all,HLA-B*44:05,auc_gt_2h,0.6719367588932806,68,68,False
baseline_plus_conditional_logp_per_position,peptide_disjoint,mse,all,HLA-B*45:01,spearman,0.531539022634863,68,68,False
baseline_plus_conditional_logp_per_position,peptide_disjoint,mse,all,HLA-B*45:01,pearson_log,0.6587735956852921,68,68,False
baseline_plus_conditional_logp_per_position,peptide_disjoint,mse,all,HLA-B*45:01,auc_gt_2h,0.8091397849462365,68,68,False
baseline_plus_conditional_logp_per_position,peptide_disjoint,mse,all,HLA-B*46:01,spearman,0.08189300966593338,72,72,False
baseline_plus_conditional_logp_per_position,peptide_disjoint,mse,all,HLA-B*46:01,pearson_log,0.07069432275393228,72,72,False
baseline_plus_conditional_logp_per_position,peptide_disjoint,mse,all,HLA-B*46:01,auc_gt_2h,0.6102292768959435,72,72,False
baseline_plus_conditional_logp_per_position,peptide_disjoint,mse,all,HLA-B*51:01,spearman,0.7312912697790864,78,78,False
baseline_plus_conditional_logp_per_position,peptide_disjoint,mse,all,HLA-B*51:01,pearson_log,0.7427798156526514,78,78,False
baseline_plus_conditional_logp_per_position,peptide_disjoint,mse,all,HLA-B*51:01,auc_gt_2h,0.907343857240906,78,78,False
baseline_plus_conditional_logp_per_position,peptide_disjoint,mse,all,HLA-B*54:01,spearman,0.7008684064416815,82,82,False
baseline_plus_conditional_logp_per_position,peptide_disjoint,mse,all,HLA-B*54:01,pearson_log,0.7111057190785506,82,82,False
baseline_plus_conditional_logp_per_position,peptide_disjoint,mse,all,HLA-B*54:01,auc_gt_2h,0.8637096774193548,82,82,False
baseline_plus_conditional_logp_per_position,peptide_disjoint,mse,all,HLA-B*55:01,spearman,0.648072219538177,87,87,False
baseline_plus_conditional_logp_per_position,peptide_disjoint,mse,all,HLA-B*55:01,pearson_log,0.6837803631502952,87,87,False
baseline_plus_conditional_logp_per_position,peptide_disjoint,mse,all,HLA-B*55:01,auc_gt_2h,0.8776167471819646,87,87,False
baseline_plus_conditional_logp_per_position,peptide_disjoint,mse,all,HLA-B*56:01,spearman,0.7507809201000973,86,86,False
baseline_plus_conditional_logp_per_position,peptide_disjoint,mse,all,HLA-B*56:01,pearson_log,0.7726236102741458,86,86,False
baseline_plus_conditional_logp_per_position,peptide_disjoint,mse,all,HLA-B*56:01,auc_gt_2h,0.9324324324324325,86,86,False
baseline_plus_conditional_logp_per_position,peptide_disjoint,mse,all,HLA-B*57:01,spearman,0.6084484202463945,63,63,False
baseline_plus_conditional_logp_per_position,peptide_disjoint,mse,all,HLA-B*57:01,pearson_log,0.45485445656487045,63,63,False
baseline_plus_conditional_logp_per_position,peptide_disjoint,mse,all,HLA-B*57:01,auc_gt_2h,0.7819148936170213,63,63,False
baseline_plus_conditional_logp_per_position,peptide_disjoint,mse,all,HLA-B*57:02,spearman,0.5240608619210322,68,68,False
baseline_plus_conditional_logp_per_position,peptide_disjoint,mse,all,HLA-B*57:02,pearson_log,0.5328491779731849,68,68,False
baseline_plus_conditional_logp_per_position,peptide_disjoint,mse,all,HLA-B*57:02,auc_gt_2h,0.7175080558539205,68,68,False
baseline_plus_conditional_logp_per_position,peptide_disjoint,mse,all,HLA-B*57:03,spearman,0.6310879821139267,70,70,False
baseline_plus_conditional_logp_per_position,peptide_disjoint,mse,all,HLA-B*57:03,pearson_log,0.6757577278727119,70,70,False
baseline_plus_conditional_logp_per_position,peptide_disjoint,mse,all,HLA-B*57:03,auc_gt_2h,0.8834628190899001,70,70,False
baseline_plus_conditional_logp_per_position,peptide_disjoint,mse,all,HLA-B*58:01,spearman,0.6442067609708471,70,70,False
baseline_plus_conditional_logp_per_position,peptide_disjoint,mse,all,HLA-B*58:01,pearson_log,0.581437057532967,70,70,False
baseline_plus_conditional_logp_per_position,peptide_disjoint,mse,all,HLA-B*58:01,auc_gt_2h,0.8529411764705883,70,70,False
baseline_plus_conditional_logp_per_position,peptide_disjoint,mse,all,HLA-B*81:01,spearman,0.6390189344380345,80,80,False
baseline_plus_conditional_logp_per_position,peptide_disjoint,mse,all,HLA-B*81:01,pearson_log,0.5375438846591392,80,80,False
baseline_plus_conditional_logp_per_position,peptide_disjoint,mse,all,HLA-B*81:01,auc_gt_2h,0.8157894736842105,80,80,False
baseline_plus_conditional_logp_per_position,peptide_disjoint,mse,nonzero,HLA-A*01:01,spearman,0.39286379262419024,34,34,False
baseline_plus_conditional_logp_per_position,peptide_disjoint,mse,nonzero,HLA-A*01:01,pearson_log,0.42492211031307836,34,34,False
baseline_plus_conditional_logp_per_position,peptide_disjoint,mse,nonzero,HLA-A*01:01,auc_gt_2h,0.8374999999999999,34,34,False
baseline_plus_conditional_logp_per_position,peptide_disjoint,mse,nonzero,HLA-A*02:01,spearman,0.720890917599006,196,196,False
baseline_plus_conditional_logp_per_position,peptide_disjoint,mse,nonzero,HLA-A*02:01,pearson_log,0.6974138935495107,196,196,False
baseline_plus_conditional_logp_per_position,peptide_disjoint,mse,nonzero,HLA-A*02:01,auc_gt_2h,0.8474250986245869,196,196,False
baseline_plus_conditional_logp_per_position,peptide_disjoint,mse,nonzero,HLA-A*02:03,spearman,0.52393266283061,69,69,False
baseline_plus_conditional_logp_per_position,peptide_disjoint,mse,nonzero,HLA-A*02:03,pearson_log,0.48771773536830054,69,69,False
baseline_plus_conditional_logp_per_position,peptide_disjoint,mse,nonzero,HLA-A*02:03,auc_gt_2h,0.7231040564373897,69,69,False
baseline_plus_conditional_logp_per_position,peptide_disjoint,mse,nonzero,HLA-A*02:05,spearman,,1,1,True
baseline_plus_conditional_logp_per_position,peptide_disjoint,mse,nonzero,HLA-A*02:05,pearson_log,,1,1,True
baseline_plus_conditional_logp_per_position,peptide_disjoint,mse,nonzero,HLA-A*02:05,auc_gt_2h,,1,1,True
baseline_plus_conditional_logp_per_position,peptide_disjoint,mse,nonzero,HLA-A*02:10,spearman,0.46529026806767115,66,66,False
baseline_plus_conditional_logp_per_position,peptide_disjoint,mse,nonzero,HLA-A*02:10,pearson_log,0.4555715850573373,66,66,False
baseline_plus_conditional_logp_per_position,peptide_disjoint,mse,nonzero,HLA-A*02:10,auc_gt_2h,0.7290322580645162,66,66,False
baseline_plus_conditional_logp_per_position,peptide_disjoint,mse,nonzero,HLA-A*02:11,spearman,0.44509811353777184,69,69,False
baseline_plus_conditional_logp_per_position,peptide_disjoint,mse,nonzero,HLA-A*02:11,pearson_log,0.5067179871598128,69,69,False
baseline_plus_conditional_logp_per_position,peptide_disjoint,mse,nonzero,HLA-A*02:11,auc_gt_2h,0.8918495297805642,69,69,False
baseline_plus_conditional_logp_per_position,peptide_disjoint,mse,nonzero,HLA-A*02:12,spearman,0.6432014072344195,68,68,False
baseline_plus_conditional_logp_per_position,peptide_disjoint,mse,nonzero,HLA-A*02:12,pearson_log,0.6673151629822034,68,68,False
baseline_plus_conditional_logp_per_position,peptide_disjoint,mse,nonzero,HLA-A*02:12,auc_gt_2h,0.9422222222222222,68,68,False
baseline_plus_conditional_logp_per_position,peptide_disjoint,mse,nonzero,HLA-A*02:16,spearman,0.5747610410793976,67,67,False
baseline_plus_conditional_logp_per_position,peptide_disjoint,mse,nonzero,HLA-A*02:16,pearson_log,0.5509673071411464,67,67,False
baseline_plus_conditional_logp_per_position,peptide_disjoint,mse,nonzero,HLA-A*02:16,auc_gt_2h,0.8385964912280701,67,67,False
baseline_plus_conditional_logp_per_position,peptide_disjoint,mse,nonzero,HLA-A*02:19,spearman,0.5904988298801807,63,63,False
baseline_plus_conditional_logp_per_position,peptide_disjoint,mse,nonzero,HLA-A*02:19,pearson_log,0.6028901122796975,63,63,False
baseline_plus_conditional_logp_per_position,peptide_disjoint,mse,nonzero,HLA-A*02:19,auc_gt_2h,0.7925925925925925,63,63,False
baseline_plus_conditional_logp_per_position,peptide_disjoint,mse,nonzero,HLA-A*02:50,spearman,0.4548552576462911,68,68,False
baseline_plus_conditional_logp_per_position,peptide_disjoint,mse,nonzero,HLA-A*02:50,pearson_log,0.4825684212144726,68,68,False
baseline_plus_conditional_logp_per_position,peptide_disjoint,mse,nonzero,HLA-A*02:50,auc_gt_2h,0.7055288461538463,68,68,False
baseline_plus_conditional_logp_per_position,peptide_disjoint,mse,nonzero,HLA-A*03:01,spearman,0.7110521559033078,145,145,False
baseline_plus_conditional_logp_per_position,peptide_disjoint,mse,nonzero,HLA-A*03:01,pearson_log,0.7238239928738506,145,145,False
baseline_plus_conditional_logp_per_position,peptide_disjoint,mse,nonzero,HLA-A*03:01,auc_gt_2h,0.8461538461538461,145,145,False
baseline_plus_conditional_logp_per_position,peptide_disjoint,mse,nonzero,HLA-A*11:01,spearman,0.767470061217728,115,115,False
baseline_plus_conditional_logp_per_position,peptide_disjoint,mse,nonzero,HLA-A*11:01,pearson_log,0.7506187641908719,115,115,False
baseline_plus_conditional_logp_per_position,peptide_disjoint,mse,nonzero,HLA-A*11:01,auc_gt_2h,0.8737080103359173,115,115,False
baseline_plus_conditional_logp_per_position,peptide_disjoint,mse,nonzero,HLA-A*23:01,spearman,0.674651525666467,76,76,False
baseline_plus_conditional_logp_per_position,peptide_disjoint,mse,nonzero,HLA-A*23:01,pearson_log,0.6699480202996351,76,76,False
baseline_plus_conditional_logp_per_position,peptide_disjoint,mse,nonzero,HLA-A*23:01,auc_gt_2h,0.8785714285714286,76,76,False
baseline_plus_conditional_logp_per_position,peptide_disjoint,mse,nonzero,HLA-A*24:02,spearman,0.7061437615836845,113,113,False
baseline_plus_conditional_logp_per_position,peptide_disjoint,mse,nonzero,HLA-A*24:02,pearson_log,0.7137648528923822,113,113,False
baseline_plus_conditional_logp_per_position,peptide_disjoint,mse,nonzero,HLA-A*24:02,auc_gt_2h,0.8428571428571429,113,113,False
baseline_plus_conditional_logp_per_position,peptide_disjoint,mse,nonzero,HLA-A*24:03,spearman,0.6525906682376273,107,107,False
baseline_plus_conditional_logp_per_position,peptide_disjoint,mse,nonzero,HLA-A*24:03,pearson_log,0.5886580966585397,107,107,False
baseline_plus_conditional_logp_per_position,peptide_disjoint,mse,nonzero,HLA-A*24:03,auc_gt_2h,0.8175338560228083,107,107,False
baseline_plus_conditional_logp_per_position,peptide_disjoint,mse,nonzero,HLA-A*24:07,spearman,0.6820894639553391,74,74,False
baseline_plus_conditional_logp_per_position,peptide_disjoint,mse,nonzero,HLA-A*24:07,pearson_log,0.6857298124114901,74,74,False
baseline_plus_conditional_logp_per_position,peptide_disjoint,mse,nonzero,HLA-A*24:07,auc_gt_2h,0.8472222222222222,74,74,False
baseline_plus_conditional_logp_per_position,peptide_disjoint,mse,nonzero,HLA-A*24:19,spearman,0.3408196415190788,57,57,False
baseline_plus_conditional_logp_per_position,peptide_disjoint,mse,nonzero,HLA-A*24:19,pearson_log,0.26450425732486293,57,57,False
baseline_plus_conditional_logp_per_position,peptide_disjoint,mse,nonzero,HLA-A*24:19,auc_gt_2h,0.55,57,57,False
baseline_plus_conditional_logp_per_position,peptide_disjoint,mse,nonzero,HLA-A*25:01,spearman,0.3340537708387382,46,46,False
baseline_plus_conditional_logp_per_position,peptide_disjoint,mse,nonzero,HLA-A*25:01,pearson_log,0.3547359935320667,46,46,False
baseline_plus_conditional_logp_per_position,peptide_disjoint,mse,nonzero,HLA-A*25:01,auc_gt_2h,0.7037037037037037,46,46,False
baseline_plus_conditional_logp_per_position,peptide_disjoint,mse,nonzero,HLA-A*26:01,spearman,0.4481009184360724,43,43,False
baseline_plus_conditional_logp_per_position,peptide_disjoint,mse,nonzero,HLA-A*26:01,pearson_log,0.46154019733133655,43,43,False
baseline_plus_conditional_logp_per_position,peptide_disjoint,mse,nonzero,HLA-A*26:01,auc_gt_2h,0.7239130434782608,43,43,False
baseline_plus_conditional_logp_per_position,peptide_disjoint,mse,nonzero,HLA-A*26:02,spearman,0.5574901418472834,59,59,False
baseline_plus_conditional_logp_per_position,peptide_disjoint,mse,nonzero,HLA-A*26:02,pearson_log,0.585359758474276,59,59,False
baseline_plus_conditional_logp_per_position,peptide_disjoint,mse,nonzero,HLA-A*26:02,auc_gt_2h,0.7247058823529412,59,59,False
baseline_plus_conditional_logp_per_position,peptide_disjoint,mse,nonzero,HLA-A*26:03,spearman,0.39503865798581334,49,49,False
baseline_plus_conditional_logp_per_position,peptide_disjoint,mse,nonzero,HLA-A*26:03,pearson_log,0.4246415591967022,49,49,False
baseline_plus_conditional_logp_per_position,peptide_disjoint,mse,nonzero,HLA-A*26:03,auc_gt_2h,0.6571428571428571,49,49,False
baseline_plus_conditional_logp_per_position,peptide_disjoint,mse,nonzero,HLA-A*29:02,spearman,0.5664430805916725,71,71,False
baseline_plus_conditional_logp_per_position,peptide_disjoint,mse,nonzero,HLA-A*29:02,pearson_log,0.5824612545220347,71,71,False
baseline_plus_conditional_logp_per_position,peptide_disjoint,mse,nonzero,HLA-A*29:02,auc_gt_2h,0.8100158982511925,71,71,False
baseline_plus_conditional_logp_per_position,peptide_disjoint,mse,nonzero,HLA-A*30:01,spearman,0.4492233836632227,57,57,False
baseline_plus_conditional_logp_per_position,peptide_disjoint,mse,nonzero,HLA-A*30:01,pearson_log,0.45350976116789676,57,57,False
baseline_plus_conditional_logp_per_position,peptide_disjoint,mse,nonzero,HLA-A*30:01,auc_gt_2h,0.6452991452991452,57,57,False
baseline_plus_conditional_logp_per_position,peptide_disjoint,mse,nonzero,HLA-A*30:02,spearman,0.2752846958923782,70,70,False
baseline_plus_conditional_logp_per_position,peptide_disjoint,mse,nonzero,HLA-A*30:02,pearson_log,0.33106261654493313,70,70,False
baseline_plus_conditional_logp_per_position,peptide_disjoint,mse,nonzero,HLA-A*30:02,auc_gt_2h,0.6429232192414431,70,70,False
baseline_plus_conditional_logp_per_position,peptide_disjoint,mse,nonzero,HLA-A*31:01,spearman,0.6594877907827098,76,76,False
baseline_plus_conditional_logp_per_position,peptide_disjoint,mse,nonzero,HLA-A*31:01,pearson_log,0.6414497578000597,76,76,False
baseline_plus_conditional_logp_per_position,peptide_disjoint,mse,nonzero,HLA-A*31:01,auc_gt_2h,0.8125,76,76,False
baseline_plus_conditional_logp_per_position,peptide_disjoint,mse,nonzero,HLA-A*32:01,spearman,0.9746794344808963,5,5,False
baseline_plus_conditional_logp_per_position,peptide_disjoint,mse,nonzero,HLA-A*32:01,pearson_log,0.8533509328009895,5,5,False
baseline_plus_conditional_logp_per_position,peptide_disjoint,mse,nonzero,HLA-A*32:01,auc_gt_2h,1.0,5,5,False
baseline_plus_conditional_logp_per_position,peptide_disjoint,mse,nonzero,HLA-A*32:07,spearman,0.5679991514264501,47,47,False
baseline_plus_conditional_logp_per_position,peptide_disjoint,mse,nonzero,HLA-A*32:07,pearson_log,0.6290869895365961,47,47,False
baseline_plus_conditional_logp_per_position,peptide_disjoint,mse,nonzero,HLA-A*32:07,auc_gt_2h,0.7240740740740741,47,47,False
baseline_plus_conditional_logp_per_position,peptide_disjoint,mse,nonzero,HLA-A*33:03,spearman,0.38838864941481915,62,62,False
baseline_plus_conditional_logp_per_position,peptide_disjoint,mse,nonzero,HLA-A*33:03,pearson_log,0.37093690730681667,62,62,False
baseline_plus_conditional_logp_per_position,peptide_disjoint,mse,nonzero,HLA-A*33:03,auc_gt_2h,0.7321428571428572,62,62,False
baseline_plus_conditional_logp_per_position,peptide_disjoint,mse,nonzero,HLA-A*43:01,spearman,0.21084100632535732,54,54,False
baseline_plus_conditional_logp_per_position,peptide_disjoint,mse,nonzero,HLA-A*43:01,pearson_log,0.23982912923905472,54,54,False
baseline_plus_conditional_logp_per_position,peptide_disjoint,mse,nonzero,HLA-A*43:01,auc_gt_2h,0.6765432098765433,54,54,False
baseline_plus_conditional_logp_per_position,peptide_disjoint,mse,nonzero,HLA-A*66:01,spearman,0.1416075969576709,40,40,False
baseline_plus_conditional_logp_per_position,peptide_disjoint,mse,nonzero,HLA-A*66:01,pearson_log,0.17788864251797132,40,40,False
baseline_plus_conditional_logp_per_position,peptide_disjoint,mse,nonzero,HLA-A*66:01,auc_gt_2h,0.47916666666666663,40,40,False
baseline_plus_conditional_logp_per_position,peptide_disjoint,mse,nonzero,HLA-A*68:01,spearman,0.549980067966841,67,67,False
baseline_plus_conditional_logp_per_position,peptide_disjoint,mse,nonzero,HLA-A*68:01,pearson_log,0.5366219242175878,67,67,False
baseline_plus_conditional_logp_per_position,peptide_disjoint,mse,nonzero,HLA-A*68:01,auc_gt_2h,0.7664728682170542,67,67,False
baseline_plus_conditional_logp_per_position,peptide_disjoint,mse,nonzero,HLA-A*68:02,spearman,,1,1,True
baseline_plus_conditional_logp_per_position,peptide_disjoint,mse,nonzero,HLA-A*68:02,pearson_log,,1,1,True
baseline_plus_conditional_logp_per_position,peptide_disjoint,mse,nonzero,HLA-A*68:02,auc_gt_2h,,1,1,True
baseline_plus_conditional_logp_per_position,peptide_disjoint,mse,nonzero,HLA-A*68:23,spearman,0.5399514670461839,61,61,False
baseline_plus_conditional_logp_per_position,peptide_disjoint,mse,nonzero,HLA-A*68:23,pearson_log,0.5057718717683363,61,61,False
baseline_plus_conditional_logp_per_position,peptide_disjoint,mse,nonzero,HLA-A*68:23,auc_gt_2h,0.6700680272108843,61,61,False
baseline_plus_conditional_logp_per_position,peptide_disjoint,mse,nonzero,HLA-A*74:01,spearman,0.6344756585177301,62,62,False
baseline_plus_conditional_logp_per_position,peptide_disjoint,mse,nonzero,HLA-A*74:01,pearson_log,0.6580967494974387,62,62,False
baseline_plus_conditional_logp_per_position,peptide_disjoint,mse,nonzero,HLA-A*74:01,auc_gt_2h,0.7990708478513356,62,62,False
baseline_plus_conditional_logp_per_position,peptide_disjoint,mse,nonzero,HLA-A*80:01,spearman,0.3897822058567511,38,38,False
baseline_plus_conditional_logp_per_position,peptide_disjoint,mse,nonzero,HLA-A*80:01,pearson_log,0.5836734334153502,38,38,False
baseline_plus_conditional_logp_per_position,peptide_disjoint,mse,nonzero,HLA-A*80:01,auc_gt_2h,0.926470588235294,38,38,False
baseline_plus_conditional_logp_per_position,peptide_disjoint,mse,nonzero,HLA-B*07:02,spearman,0.5987900594855696,136,136,False
baseline_plus_conditional_logp_per_position,peptide_disjoint,mse,nonzero,HLA-B*07:02,pearson_log,0.5828217954934278,136,136,False
baseline_plus_conditional_logp_per_position,peptide_disjoint,mse,nonzero,HLA-B*07:02,auc_gt_2h,0.8359861591695502,136,136,False
baseline_plus_conditional_logp_per_position,peptide_disjoint,mse,nonzero,HLA-B*08:01,spearman,0.13797819276326653,64,64,False
baseline_plus_conditional_logp_per_position,peptide_disjoint,mse,nonzero,HLA-B*08:01,pearson_log,0.17364404166697128,64,64,False
baseline_plus_conditional_logp_per_position,peptide_disjoint,mse,nonzero,HLA-B*08:01,auc_gt_2h,0.7777777777777778,64,64,False
baseline_plus_conditional_logp_per_position,peptide_disjoint,mse,nonzero,HLA-B*08:03,spearman,0.050636233086928654,42,42,False
baseline_plus_conditional_logp_per_position,peptide_disjoint,mse,nonzero,HLA-B*08:03,pearson_log,-0.0373052960792924,42,42,False
baseline_plus_conditional_logp_per_position,peptide_disjoint,mse,nonzero,HLA-B*08:03,auc_gt_2h,0.2368421052631579,42,42,False
baseline_plus_conditional_logp_per_position,peptide_disjoint,mse,nonzero,HLA-B*14:01(C67S),spearman,0.6455277451287287,12,12,False
baseline_plus_conditional_logp_per_position,peptide_disjoint,mse,nonzero,HLA-B*14:01(C67S),pearson_log,0.7096887216672612,12,12,False
baseline_plus_conditional_logp_per_position,peptide_disjoint,mse,nonzero,HLA-B*14:01(C67S),auc_gt_2h,0.875,12,12,False
baseline_plus_conditional_logp_per_position,peptide_disjoint,mse,nonzero,HLA-B*14:02(C67S),spearman,0.3549139536055387,25,25,False
baseline_plus_conditional_logp_per_position,peptide_disjoint,mse,nonzero,HLA-B*14:02(C67S),pearson_log,0.35950284196228277,25,25,False
baseline_plus_conditional_logp_per_position,peptide_disjoint,mse,nonzero,HLA-B*14:02(C67S),auc_gt_2h,0.75,25,25,False
baseline_plus_conditional_logp_per_position,peptide_disjoint,mse,nonzero,HLA-B*15:01,spearman,0.40620965151474,195,195,False
baseline_plus_conditional_logp_per_position,peptide_disjoint,mse,nonzero,HLA-B*15:01,pearson_log,0.44855108037334507,195,195,False
baseline_plus_conditional_logp_per_position,peptide_disjoint,mse,nonzero,HLA-B*15:01,auc_gt_2h,0.7804320731200665,195,195,False
baseline_plus_conditional_logp_per_position,peptide_disjoint,mse,nonzero,HLA-B*15:02,spearman,0.1476479959681082,54,54,False
baseline_plus_conditional_logp_per_position,peptide_disjoint,mse,nonzero,HLA-B*15:02,pearson_log,0.14775512795072862,54,54,False
baseline_plus_conditional_logp_per_position,peptide_disjoint,mse,nonzero,HLA-B*15:02,auc_gt_2h,0.5347222222222222,54,54,False
baseline_plus_conditional_logp_per_position,peptide_disjoint,mse,nonzero,HLA-B*15:10,spearman,0.5734760813976971,53,53,False
baseline_plus_conditional_logp_per_position,peptide_disjoint,mse,nonzero,HLA-B*15:10,pearson_log,0.5724882894155159,53,53,False
baseline_plus_conditional_logp_per_position,peptide_disjoint,mse,nonzero,HLA-B*15:10,auc_gt_2h,0.804029304029304,53,53,False
baseline_plus_conditional_logp_per_position,peptide_disjoint,mse,nonzero,HLA-B*15:17,spearman,0.5254871189178808,61,61,False
baseline_plus_conditional_logp_per_position,peptide_disjoint,mse,nonzero,HLA-B*15:17,pearson_log,0.5512928751322295,61,61,False
baseline_plus_conditional_logp_per_position,peptide_disjoint,mse,nonzero,HLA-B*15:17,auc_gt_2h,0.7916666666666666,61,61,False
baseline_plus_conditional_logp_per_position,peptide_disjoint,mse,nonzero,HLA-B*18:01,spearman,0.3377399354257601,59,59,False
baseline_plus_conditional_logp_per_position,peptide_disjoint,mse,nonzero,HLA-B*18:01,pearson_log,0.3430781600612405,59,59,False
baseline_plus_conditional_logp_per_position,peptide_disjoint,mse,nonzero,HLA-B*18:01,auc_gt_2h,0.6129411764705883,59,59,False
baseline_plus_conditional_logp_per_position,peptide_disjoint,mse,nonzero,HLA-B*27:02,spearman,0.7354015365287206,52,52,False
baseline_plus_conditional_logp_per_position,peptide_disjoint,mse,nonzero,HLA-B*27:02,pearson_log,0.7262886948874423,52,52,False
baseline_plus_conditional_logp_per_position,peptide_disjoint,mse,nonzero,HLA-B*27:02,auc_gt_2h,0.8954954954954956,52,52,False
baseline_plus_conditional_logp_per_position,peptide_disjoint,mse,nonzero,HLA-B*27:03,spearman,0.6820063374671342,52,52,False
baseline_plus_conditional_logp_per_position,peptide_disjoint,mse,nonzero,HLA-B*27:03,pearson_log,0.6894441056580509,52,52,False
baseline_plus_conditional_logp_per_position,peptide_disjoint,mse,nonzero,HLA-B*27:03,auc_gt_2h,0.8500749625187406,52,52,False
baseline_plus_conditional_logp_per_position,peptide_disjoint,mse,nonzero,HLA-B*27:05,spearman,0.5922213566826651,68,68,False
baseline_plus_conditional_logp_per_position,peptide_disjoint,mse,nonzero,HLA-B*27:05,pearson_log,0.6094520779259062,68,68,False
baseline_plus_conditional_logp_per_position,peptide_disjoint,mse,nonzero,HLA-B*27:05,auc_gt_2h,0.8051948051948051,68,68,False
baseline_plus_conditional_logp_per_position,peptide_disjoint,mse,nonzero,HLA-B*27:20,spearman,0.5325359022429111,52,52,False
baseline_plus_conditional_logp_per_position,peptide_disjoint,mse,nonzero,HLA-B*27:20,pearson_log,0.5590260378801108,52,52,False
baseline_plus_conditional_logp_per_position,peptide_disjoint,mse,nonzero,HLA-B*27:20,auc_gt_2h,0.7640625,52,52,False
baseline_plus_conditional_logp_per_position,peptide_disjoint,mse,nonzero,HLA-B*35:01,spearman,0.374482032117804,111,111,False
baseline_plus_conditional_logp_per_position,peptide_disjoint,mse,nonzero,HLA-B*35:01,pearson_log,0.4012334845656336,111,111,False
baseline_plus_conditional_logp_per_position,peptide_disjoint,mse,nonzero,HLA-B*35:01,auc_gt_2h,0.73963133640553,111,111,False
baseline_plus_conditional_logp_per_position,peptide_disjoint,mse,nonzero,HLA-B*35:03,spearman,0.2618144331111186,81,81,False
baseline_plus_conditional_logp_per_position,peptide_disjoint,mse,nonzero,HLA-B*35:03,pearson_log,0.27561071301132933,81,81,False
baseline_plus_conditional_logp_per_position,peptide_disjoint,mse,nonzero,HLA-B*35:03,auc_gt_2h,0.6383108935128519,81,81,False
baseline_plus_conditional_logp_per_position,peptide_disjoint,mse,nonzero,HLA-B*35:08,spearman,-0.09999999999999999,5,5,False
baseline_plus_conditional_logp_per_position,peptide_disjoint,mse,nonzero,HLA-B*35:08,pearson_log,0.11370373929417979,5,5,False
baseline_plus_conditional_logp_per_position,peptide_disjoint,mse,nonzero,HLA-B*35:08,auc_gt_2h,,5,5,False
baseline_plus_conditional_logp_per_position,peptide_disjoint,mse,nonzero,HLA-B*39:01,spearman,0.37534400181635025,109,109,False
baseline_plus_conditional_logp_per_position,peptide_disjoint,mse,nonzero,HLA-B*39:01,pearson_log,0.43599605562776456,109,109,False
baseline_plus_conditional_logp_per_position,peptide_disjoint,mse,nonzero,HLA-B*39:01,auc_gt_2h,0.8122807017543859,109,109,False
baseline_plus_conditional_logp_per_position,peptide_disjoint,mse,nonzero,HLA-B*39:02,spearman,0.3766674582142865,53,53,False
baseline_plus_conditional_logp_per_position,peptide_disjoint,mse,nonzero,HLA-B*39:02,pearson_log,0.32417760577073085,53,53,False
baseline_plus_conditional_logp_per_position,peptide_disjoint,mse,nonzero,HLA-B*39:02,auc_gt_2h,0.6671826625386996,53,53,False
baseline_plus_conditional_logp_per_position,peptide_disjoint,mse,nonzero,HLA-B*39:06(C67S),spearman,0.7745966692414834,4,4,False
baseline_plus_conditional_logp_per_position,peptide_disjoint,mse,nonzero,HLA-B*39:06(C67S),pearson_log,0.8972625524472908,4,4,False
baseline_plus_conditional_logp_per_position,peptide_disjoint,mse,nonzero,HLA-B*39:06(C67S),auc_gt_2h,,4,4,False
baseline_plus_conditional_logp_per_position,peptide_disjoint,mse,nonzero,HLA-B*39:10,spearman,0.5504062625662979,75,75,False
baseline_plus_conditional_logp_per_position,peptide_disjoint,mse,nonzero,HLA-B*39:10,pearson_log,0.5839792247502362,75,75,False
baseline_plus_conditional_logp_per_position,peptide_disjoint,mse,nonzero,HLA-B*39:10,auc_gt_2h,0.7968000000000001,75,75,False
baseline_plus_conditional_logp_per_position,peptide_disjoint,mse,nonzero,HLA-B*40:01,spearman,0.4272390824400539,56,56,False
baseline_plus_conditional_logp_per_position,peptide_disjoint,mse,nonzero,HLA-B*40:01,pearson_log,0.46491506527763193,56,56,False
baseline_plus_conditional_logp_per_position,peptide_disjoint,mse,nonzero,HLA-B*40:01,auc_gt_2h,0.7288629737609329,56,56,False
baseline_plus_conditional_logp_per_position,peptide_disjoint,mse,nonzero,HLA-B*40:02,spearman,0.9999999999999999,5,5,False
baseline_plus_conditional_logp_per_position,peptide_disjoint,mse,nonzero,HLA-B*40:02,pearson_log,0.9941053235490229,5,5,False
baseline_plus_conditional_logp_per_position,peptide_disjoint,mse,nonzero,HLA-B*40:02,auc_gt_2h,1.0,5,5,False
baseline_plus_conditional_logp_per_position,peptide_disjoint,mse,nonzero,HLA-B*41:01,spearman,0.2793062232256363,28,28,False
baseline_plus_conditional_logp_per_position,peptide_disjoint,mse,nonzero,HLA-B*41:01,pearson_log,0.35880405533118287,28,28,False
baseline_plus_conditional_logp_per_position,peptide_disjoint,mse,nonzero,HLA-B*41:01,auc_gt_2h,0.7803030303030303,28,28,False
baseline_plus_conditional_logp_per_position,peptide_disjoint,mse,nonzero,HLA-B*42:01,spearman,0.6923644831269471,76,76,False
baseline_plus_conditional_logp_per_position,peptide_disjoint,mse,nonzero,HLA-B*42:01,pearson_log,0.64813207031074,76,76,False
baseline_plus_conditional_logp_per_position,peptide_disjoint,mse,nonzero,HLA-B*42:01,auc_gt_2h,0.8294270833333334,76,76,False
baseline_plus_conditional_logp_per_position,peptide_disjoint,mse,nonzero,HLA-B*42:02,spearman,0.656484931410195,77,77,False
baseline_plus_conditional_logp_per_position,peptide_disjoint,mse,nonzero,HLA-B*42:02,pearson_log,0.632806097540406,77,77,False
baseline_plus_conditional_logp_per_position,peptide_disjoint,mse,nonzero,HLA-B*42:02,auc_gt_2h,0.806122448979592,77,77,False
baseline_plus_conditional_logp_per_position,peptide_disjoint,mse,nonzero,HLA-B*44:05,spearman,0.37312453548634844,66,66,False
baseline_plus_conditional_logp_per_position,peptide_disjoint,mse,nonzero,HLA-B*44:05,pearson_log,0.35454701460506877,66,66,False
baseline_plus_conditional_logp_per_position,peptide_disjoint,mse,nonzero,HLA-B*44:05,auc_gt_2h,0.6478260869565218,66,66,False
baseline_plus_conditional_logp_per_position,peptide_disjoint,mse,nonzero,HLA-B*45:01,spearman,0.4434032686792286,29,29,False
baseline_plus_conditional_logp_per_position,peptide_disjoint,mse,nonzero,HLA-B*45:01,pearson_log,0.5035953887816927,29,29,False
baseline_plus_conditional_logp_per_position,peptide_disjoint,mse,nonzero,HLA-B*45:01,auc_gt_2h,0.7681159420289855,29,29,False
baseline_plus_conditional_logp_per_position,peptide_disjoint,mse,nonzero,HLA-B*46:01,spearman,0.3716872020479662,40,40,False
baseline_plus_conditional_logp_per_position,peptide_disjoint,mse,nonzero,HLA-B*46:01,pearson_log,0.3969556198972453,40,40,False
baseline_plus_conditional_logp_per_position,peptide_disjoint,mse,nonzero,HLA-B*46:01,auc_gt_2h,0.6379928315412187,40,40,False
baseline_plus_conditional_logp_per_position,peptide_disjoint,mse,nonzero,HLA-B*51:01,spearman,0.5566489107872676,46,46,False
baseline_plus_conditional_logp_per_position,peptide_disjoint,mse,nonzero,HLA-B*51:01,pearson_log,0.6110811464310368,46,46,False
baseline_plus_conditional_logp_per_position,peptide_disjoint,mse,nonzero,HLA-B*51:01,auc_gt_2h,0.8021505376344087,46,46,False
baseline_plus_conditional_logp_per_position,peptide_disjoint,mse,nonzero,HLA-B*54:01,spearman,0.6017331426461794,53,53,False
baseline_plus_conditional_logp_per_position,peptide_disjoint,mse,nonzero,HLA-B*54:01,pearson_log,0.6206724518534693,53,53,False
baseline_plus_conditional_logp_per_position,peptide_disjoint,mse,nonzero,HLA-B*54:01,auc_gt_2h,0.7954545454545454,53,53,False
baseline_plus_conditional_logp_per_position,peptide_disjoint,mse,nonzero,HLA-B*55:01,spearman,0.654161441076592,43,43,False
baseline_plus_conditional_logp_per_position,peptide_disjoint,mse,nonzero,HLA-B*55:01,pearson_log,0.6217535454718395,43,43,False
baseline_plus_conditional_logp_per_position,peptide_disjoint,mse,nonzero,HLA-B*55:01,auc_gt_2h,0.7844444444444444,43,43,False
baseline_plus_conditional_logp_per_position,peptide_disjoint,mse,nonzero,HLA-B*56:01,spearman,0.5768313172463418,45,45,False
baseline_plus_conditional_logp_per_position,peptide_disjoint,mse,nonzero,HLA-B*56:01,pearson_log,0.6436980300105428,45,45,False
baseline_plus_conditional_logp_per_position,peptide_disjoint,mse,nonzero,HLA-B*56:01,auc_gt_2h,0.8585858585858586,45,45,False
baseline_plus_conditional_logp_per_position,peptide_disjoint,mse,nonzero,HLA-B*57:01,spearman,0.6334018870309237,55,55,False
baseline_plus_conditional_logp_per_position,peptide_disjoint,mse,nonzero,HLA-B*57:01,pearson_log,0.6267710605613762,55,55,False
baseline_plus_conditional_logp_per_position,peptide_disjoint,mse,nonzero,HLA-B*57:01,auc_gt_2h,0.8218085106382979,55,55,False
baseline_plus_conditional_logp_per_position,peptide_disjoint,mse,nonzero,HLA-B*57:02,spearman,0.476867671961288,63,63,False
baseline_plus_conditional_logp_per_position,peptide_disjoint,mse,nonzero,HLA-B*57:02,pearson_log,0.4845847034475137,63,63,False
baseline_plus_conditional_logp_per_position,peptide_disjoint,mse,nonzero,HLA-B*57:02,auc_gt_2h,0.6973684210526315,63,63,False
baseline_plus_conditional_logp_per_position,peptide_disjoint,mse,nonzero,HLA-B*57:03,spearman,0.6310879821139267,70,70,False
baseline_plus_conditional_logp_per_position,peptide_disjoint,mse,nonzero,HLA-B*57:03,pearson_log,0.6757577278727119,70,70,False
baseline_plus_conditional_logp_per_position,peptide_disjoint,mse,nonzero,HLA-B*57:03,auc_gt_2h,0.8834628190899001,70,70,False
baseline_plus_conditional_logp_per_position,peptide_disjoint,mse,nonzero,HLA-B*58:01,spearman,0.648999469202035,60,60,False
baseline_plus_conditional_logp_per_position,peptide_disjoint,mse,nonzero,HLA-B*58:01,pearson_log,0.6345855152769522,60,60,False
baseline_plus_conditional_logp_per_position,peptide_disjoint,mse,nonzero,HLA-B*58:01,auc_gt_2h,0.849537037037037,60,60,False
baseline_plus_conditional_logp_per_position,peptide_disjoint,mse,nonzero,HLA-B*81:01,spearman,0.5733819874557688,65,65,False
baseline_plus_conditional_logp_per_position,peptide_disjoint,mse,nonzero,HLA-B*81:01,pearson_log,0.4874913096303507,65,65,False
baseline_plus_conditional_logp_per_position,peptide_disjoint,mse,nonzero,HLA-B*81:01,auc_gt_2h,0.7704918032786885,65,65,False
baseline_plus_conditional_logp_per_position,random,mse,all,HLA-A*01:01,spearman,0.35655599997990856,44,44,False
baseline_plus_conditional_logp_per_position,random,mse,all,HLA-A*01:01,pearson_log,0.393089364876647,44,44,False
baseline_plus_conditional_logp_per_position,random,mse,all,HLA-A*01:01,auc_gt_2h,0.7712418300653594,44,44,False
baseline_plus_conditional_logp_per_position,random,mse,all,HLA-A*02:01,spearman,0.6448016751760571,205,205,False
baseline_plus_conditional_logp_per_position,random,mse,all,HLA-A*02:01,pearson_log,0.656333544664363,205,205,False
baseline_plus_conditional_logp_per_position,random,mse,all,HLA-A*02:01,auc_gt_2h,0.8511764705882352,205,205,False
baseline_plus_conditional_logp_per_position,random,mse,all,HLA-A*02:03,spearman,0.6384169299841943,76,76,False
baseline_plus_conditional_logp_per_position,random,mse,all,HLA-A*02:03,pearson_log,0.6165940160634862,76,76,False
baseline_plus_conditional_logp_per_position,random,mse,all,HLA-A*02:03,auc_gt_2h,0.8627450980392157,76,76,False
baseline_plus_conditional_logp_per_position,random,mse,all,HLA-A*02:05,spearman,1.0,4,4,False
baseline_plus_conditional_logp_per_position,random,mse,all,HLA-A*02:05,pearson_log,0.8587045717367061,4,4,False
baseline_plus_conditional_logp_per_position,random,mse,all,HLA-A*02:05,auc_gt_2h,1.0,4,4,False
baseline_plus_conditional_logp_per_position,random,mse,all,HLA-A*02:10,spearman,0.4080608149867918,74,74,False
baseline_plus_conditional_logp_per_position,random,mse,all,HLA-A*02:10,pearson_log,0.37278776185453366,74,74,False
baseline_plus_conditional_logp_per_position,random,mse,all,HLA-A*02:10,auc_gt_2h,0.7683823529411765,74,74,False
baseline_plus_conditional_logp_per_position,random,mse,all,HLA-A*02:11,spearman,0.39707159093811284,76,76,False
baseline_plus_conditional_logp_per_position,random,mse,all,HLA-A*02:11,pearson_log,0.3908666056607109,76,76,False
baseline_plus_conditional_logp_per_position,random,mse,all,HLA-A*02:11,auc_gt_2h,0.7636363636363636,76,76,False
baseline_plus_conditional_logp_per_position,random,mse,all,HLA-A*02:12,spearman,0.6560819943261298,74,74,False
baseline_plus_conditional_logp_per_position,random,mse,all,HLA-A*02:12,pearson_log,0.6425572291103991,74,74,False
baseline_plus_conditional_logp_per_position,random,mse,all,HLA-A*02:12,auc_gt_2h,0.7988095238095239,74,74,False
baseline_plus_conditional_logp_per_position,random,mse,all,HLA-A*02:16,spearman,0.6460006438592137,75,75,False
baseline_plus_conditional_logp_per_position,random,mse,all,HLA-A*02:16,pearson_log,0.662393754660125,75,75,False
baseline_plus_conditional_logp_per_position,random,mse,all,HLA-A*02:16,auc_gt_2h,0.821111111111111,75,75,False
baseline_plus_conditional_logp_per_position,random,mse,all,HLA-A*02:19,spearman,0.6460230490644792,71,71,False
baseline_plus_conditional_logp_per_position,random,mse,all,HLA-A*02:19,pearson_log,0.6255866082557422,71,71,False
baseline_plus_conditional_logp_per_position,random,mse,all,HLA-A*02:19,auc_gt_2h,0.7897435897435897,71,71,False
baseline_plus_conditional_logp_per_position,random,mse,all,HLA-A*02:50,spearman,0.5803115456745455,75,75,False
baseline_plus_conditional_logp_per_position,random,mse,all,HLA-A*02:50,pearson_log,0.5631973438207455,75,75,False
baseline_plus_conditional_logp_per_position,random,mse,all,HLA-A*02:50,auc_gt_2h,0.8022222222222222,75,75,False
baseline_plus_conditional_logp_per_position,random,mse,all,HLA-A*03:01,spearman,0.687008737246933,172,172,False
baseline_plus_conditional_logp_per_position,random,mse,all,HLA-A*03:01,pearson_log,0.6895926929667593,172,172,False
baseline_plus_conditional_logp_per_position,random,mse,all,HLA-A*03:01,auc_gt_2h,0.846489376670888,172,172,False
baseline_plus_conditional_logp_per_position,random,mse,all,HLA-A*11:01,spearman,0.7330321400499301,116,116,False
baseline_plus_conditional_logp_per_position,random,mse,all,HLA-A*11:01,pearson_log,0.7261161139659567,116,116,False
baseline_plus_conditional_logp_per_position,random,mse,all,HLA-A*11:01,auc_gt_2h,0.8570135746606334,116,116,False
baseline_plus_conditional_logp_per_position,random,mse,all,HLA-A*23:01,spearman,0.6595220105842846,74,74,False
baseline_plus_conditional_logp_per_position,random,mse,all,HLA-A*23:01,pearson_log,0.6544755569844309,74,74,False
baseline_plus_conditional_logp_per_position,random,mse,all,HLA-A*23:01,auc_gt_2h,0.8509316770186335,74,74,False
baseline_plus_conditional_logp_per_position,random,mse,all,HLA-A*24:02,spearman,0.6896303712888583,115,115,False
baseline_plus_conditional_logp_per_position,random,mse,all,HLA-A*24:02,pearson_log,0.7019857286908779,115,115,False
baseline_plus_conditional_logp_per_position,random,mse,all,HLA-A*24:02,auc_gt_2h,0.8487878787878786,115,115,False
baseline_plus_conditional_logp_per_position,random,mse,all,HLA-A*24:03,spearman,0.5607648376246895,102,102,False
baseline_plus_conditional_logp_per_position,random,mse,all,HLA-A*24:03,pearson_log,0.5411252289578141,102,102,False
baseline_plus_conditional_logp_per_position,random,mse,all,HLA-A*24:03,auc_gt_2h,0.7594043887147334,102,102,False
baseline_plus_conditional_logp_per_position,random,mse,all,HLA-A*24:07,spearman,0.694921334526682,70,70,False
baseline_plus_conditional_logp_per_position,random,mse,all,HLA-A*24:07,pearson_log,0.7171619792874323,70,70,False
baseline_plus_conditional_logp_per_position,random,mse,all,HLA-A*24:07,auc_gt_2h,0.8664965986394557,70,70,False
baseline_plus_conditional_logp_per_position,random,mse,all,HLA-A*24:19,spearman,0.30978808059391877,76,76,False
baseline_plus_conditional_logp_per_position,random,mse,all,HLA-A*24:19,pearson_log,0.3015530440812455,76,76,False
baseline_plus_conditional_logp_per_position,random,mse,all,HLA-A*24:19,auc_gt_2h,0.6985915492957746,76,76,False
baseline_plus_conditional_logp_per_position,random,mse,all,HLA-A*25:01,spearman,0.3367102900338826,73,73,False
baseline_plus_conditional_logp_per_position,random,mse,all,HLA-A*25:01,pearson_log,0.28955354256199817,73,73,False
baseline_plus_conditional_logp_per_position,random,mse,all,HLA-A*25:01,auc_gt_2h,0.6988304093567251,73,73,False
baseline_plus_conditional_logp_per_position,random,mse,all,HLA-A*26:01,spearman,0.5456264455479657,54,54,False
baseline_plus_conditional_logp_per_position,random,mse,all,HLA-A*26:01,pearson_log,0.5757460179267173,54,54,False
baseline_plus_conditional_logp_per_position,random,mse,all,HLA-A*26:01,auc_gt_2h,0.809220985691574,54,54,False
baseline_plus_conditional_logp_per_position,random,mse,all,HLA-A*26:02,spearman,0.3074351785246923,69,69,False
baseline_plus_conditional_logp_per_position,random,mse,all,HLA-A*26:02,pearson_log,0.3783171220335262,69,69,False
baseline_plus_conditional_logp_per_position,random,mse,all,HLA-A*26:02,auc_gt_2h,0.7043650793650793,69,69,False
baseline_plus_conditional_logp_per_position,random,mse,all,HLA-A*26:03,spearman,0.4691428699208324,68,68,False
baseline_plus_conditional_logp_per_position,random,mse,all,HLA-A*26:03,pearson_log,0.4708105416965276,68,68,False
baseline_plus_conditional_logp_per_position,random,mse,all,HLA-A*26:03,auc_gt_2h,0.7622222222222221,68,68,False
baseline_plus_conditional_logp_per_position,random,mse,all,HLA-A*29:02,spearman,0.5292099211951399,77,77,False
baseline_plus_conditional_logp_per_position,random,mse,all,HLA-A*29:02,pearson_log,0.5715013185696575,77,77,False
baseline_plus_conditional_logp_per_position,random,mse,all,HLA-A*29:02,auc_gt_2h,0.7451790633608816,77,77,False
baseline_plus_conditional_logp_per_position,random,mse,all,HLA-A*30:01,spearman,0.33169532705733545,77,77,False
baseline_plus_conditional_logp_per_position,random,mse,all,HLA-A*30:01,pearson_log,0.317929661943952,77,77,False
baseline_plus_conditional_logp_per_position,random,mse,all,HLA-A*30:01,auc_gt_2h,0.6173553719008265,77,77,False
baseline_plus_conditional_logp_per_position,random,mse,all,HLA-A*30:02,spearman,0.30940749895787245,73,73,False
baseline_plus_conditional_logp_per_position,random,mse,all,HLA-A*30:02,pearson_log,0.41746012184347037,73,73,False
baseline_plus_conditional_logp_per_position,random,mse,all,HLA-A*30:02,auc_gt_2h,0.6968864468864469,73,73,False
baseline_plus_conditional_logp_per_position,random,mse,all,HLA-A*31:01,spearman,0.47382349559384623,76,76,False
baseline_plus_conditional_logp_per_position,random,mse,all,HLA-A*31:01,pearson_log,0.48998651097879553,76,76,False
baseline_plus_conditional_logp_per_position,random,mse,all,HLA-A*31:01,auc_gt_2h,0.7426523297491039,76,76,False
baseline_plus_conditional_logp_per_position,random,mse,all,HLA-A*32:01,spearman,0.08571428571428573,6,6,False
baseline_plus_conditional_logp_per_position,random,mse,all,HLA-A*32:01,pearson_log,-0.017554036653163796,6,6,False
baseline_plus_conditional_logp_per_position,random,mse,all,HLA-A*32:01,auc_gt_2h,0.6666666666666667,6,6,False
baseline_plus_conditional_logp_per_position,random,mse,all,HLA-A*32:07,spearman,0.6386607988141899,73,73,False
baseline_plus_conditional_logp_per_position,random,mse,all,HLA-A*32:07,pearson_log,0.6450274884128919,73,73,False
baseline_plus_conditional_logp_per_position,random,mse,all,HLA-A*32:07,auc_gt_2h,0.8962585034013606,73,73,False
baseline_plus_conditional_logp_per_position,random,mse,all,HLA-A*33:03,spearman,0.4131196794572101,74,74,False
baseline_plus_conditional_logp_per_position,random,mse,all,HLA-A*33:03,pearson_log,0.45044661895827737,74,74,False
baseline_plus_conditional_logp_per_position,random,mse,all,HLA-A*33:03,auc_gt_2h,0.8199300699300699,74,74,False
baseline_plus_conditional_logp_per_position,random,mse,all,HLA-A*43:01,spearman,0.258542868456174,72,72,False
baseline_plus_conditional_logp_per_position,random,mse,all,HLA-A*43:01,pearson_log,0.2325457122485983,72,72,False
baseline_plus_conditional_logp_per_position,random,mse,all,HLA-A*43:01,auc_gt_2h,0.68359375,72,72,False
baseline_plus_conditional_logp_per_position,random,mse,all,HLA-A*66:01,spearman,0.2838227170818632,76,76,False
baseline_plus_conditional_logp_per_position,random,mse,all,HLA-A*66:01,pearson_log,0.33557808937821804,76,76,False
baseline_plus_conditional_logp_per_position,random,mse,all,HLA-A*66:01,auc_gt_2h,0.6190476190476191,76,76,False
baseline_plus_conditional_logp_per_position,random,mse,all,HLA-A*68:01,spearman,0.6060522613980605,77,77,False
baseline_plus_conditional_logp_per_position,random,mse,all,HLA-A*68:01,pearson_log,0.6036508923130385,77,77,False
baseline_plus_conditional_logp_per_position,random,mse,all,HLA-A*68:01,auc_gt_2h,0.8104956268221574,77,77,False
baseline_plus_conditional_logp_per_position,random,mse,all,HLA-A*68:02,spearman,-0.5,3,3,False
baseline_plus_conditional_logp_per_position,random,mse,all,HLA-A*68:02,pearson_log,-0.13175307745839682,3,3,False
baseline_plus_conditional_logp_per_position,random,mse,all,HLA-A*68:02,auc_gt_2h,,3,3,False
baseline_plus_conditional_logp_per_position,random,mse,all,HLA-A*68:23,spearman,0.30557865643387294,74,74,False
baseline_plus_conditional_logp_per_position,random,mse,all,HLA-A*68:23,pearson_log,0.279437239286366,74,74,False
baseline_plus_conditional_logp_per_position,random,mse,all,HLA-A*68:23,auc_gt_2h,0.7154761904761904,74,74,False
baseline_plus_conditional_logp_per_position,random,mse,all,HLA-A*69:01,spearman,0.0,3,3,False
baseline_plus_conditional_logp_per_position,random,mse,all,HLA-A*69:01,pearson_log,0.06249151825591792,3,3,False
baseline_plus_conditional_logp_per_position,random,mse,all,HLA-A*69:01,auc_gt_2h,,3,3,False
baseline_plus_conditional_logp_per_position,random,mse,all,HLA-A*74:01,spearman,0.5280258148101054,72,72,False
baseline_plus_conditional_logp_per_position,random,mse,all,HLA-A*74:01,pearson_log,0.5218930042548482,72,72,False
baseline_plus_conditional_logp_per_position,random,mse,all,HLA-A*74:01,auc_gt_2h,0.7530864197530864,72,72,False
baseline_plus_conditional_logp_per_position,random,mse,all,HLA-A*80:01,spearman,0.41145371703901534,70,70,False
baseline_plus_conditional_logp_per_position,random,mse,all,HLA-A*80:01,pearson_log,0.4273334747571403,70,70,False
baseline_plus_conditional_logp_per_position,random,mse,all,HLA-A*80:01,auc_gt_2h,0.8706467661691542,70,70,False
baseline_plus_conditional_logp_per_position,random,mse,all,HLA-B*07:02,spearman,0.5518041247818357,130,130,False
baseline_plus_conditional_logp_per_position,random,mse,all,HLA-B*07:02,pearson_log,0.5131219621484175,130,130,False
baseline_plus_conditional_logp_per_position,random,mse,all,HLA-B*07:02,auc_gt_2h,0.7850000000000001,130,130,False
baseline_plus_conditional_logp_per_position,random,mse,all,HLA-B*08:01,spearman,0.5000164824580414,93,93,False
baseline_plus_conditional_logp_per_position,random,mse,all,HLA-B*08:01,pearson_log,0.47178115317601854,93,93,False
baseline_plus_conditional_logp_per_position,random,mse,all,HLA-B*08:01,auc_gt_2h,0.8186813186813187,93,93,False
baseline_plus_conditional_logp_per_position,random,mse,all,HLA-B*08:03,spearman,0.398478132717725,70,70,False
baseline_plus_conditional_logp_per_position,random,mse,all,HLA-B*08:03,pearson_log,0.4229100554578187,70,70,False
baseline_plus_conditional_logp_per_position,random,mse,all,HLA-B*08:03,auc_gt_2h,0.7552083333333333,70,70,False
baseline_plus_conditional_logp_per_position,random,mse,all,HLA-B*13:02,spearman,,1,1,True
baseline_plus_conditional_logp_per_position,random,mse,all,HLA-B*13:02,pearson_log,,1,1,True
baseline_plus_conditional_logp_per_position,random,mse,all,HLA-B*13:02,auc_gt_2h,,1,1,True
baseline_plus_conditional_logp_per_position,random,mse,all,HLA-B*14:01(C67S),spearman,0.10259573651962373,75,75,False
baseline_plus_conditional_logp_per_position,random,mse,all,HLA-B*14:01(C67S),pearson_log,0.12134936711573878,75,75,False
baseline_plus_conditional_logp_per_position,random,mse,all,HLA-B*14:01(C67S),auc_gt_2h,,75,75,False
baseline_plus_conditional_logp_per_position,random,mse,all,HLA-B*14:02(C67S),spearman,0.34215273750777525,76,76,False
baseline_plus_conditional_logp_per_position,random,mse,all,HLA-B*14:02(C67S),pearson_log,0.3522972364937667,76,76,False
baseline_plus_conditional_logp_per_position,random,mse,all,HLA-B*14:02(C67S),auc_gt_2h,0.6928571428571428,76,76,False
baseline_plus_conditional_logp_per_position,random,mse,all,HLA-B*15:01,spearman,0.4222485311362174,214,214,False
baseline_plus_conditional_logp_per_position,random,mse,all,HLA-B*15:01,pearson_log,0.47944389253669034,214,214,False
baseline_plus_conditional_logp_per_position,random,mse,all,HLA-B*15:01,auc_gt_2h,0.7845472591235304,214,214,False
baseline_plus_conditional_logp_per_position,random,mse,all,HLA-B*15:02,spearman,0.44700805265036486,70,70,False
baseline_plus_conditional_logp_per_position,random,mse,all,HLA-B*15:02,pearson_log,0.47093961898990777,70,70,False
baseline_plus_conditional_logp_per_position,random,mse,all,HLA-B*15:02,auc_gt_2h,0.6284444444444445,70,70,False
baseline_plus_conditional_logp_per_position,random,mse,all,HLA-B*15:10,spearman,0.4957399086974355,73,73,False
baseline_plus_conditional_logp_per_position,random,mse,all,HLA-B*15:10,pearson_log,0.449969931252401,73,73,False
baseline_plus_conditional_logp_per_position,random,mse,all,HLA-B*15:10,auc_gt_2h,0.65,73,73,False
baseline_plus_conditional_logp_per_position,random,mse,all,HLA-B*15:17,spearman,0.2051168843198246,72,72,False
baseline_plus_conditional_logp_per_position,random,mse,all,HLA-B*15:17,pearson_log,0.18486037832888255,72,72,False
baseline_plus_conditional_logp_per_position,random,mse,all,HLA-B*15:17,auc_gt_2h,0.5880052151238593,72,72,False
baseline_plus_conditional_logp_per_position,random,mse,all,HLA-B*18:01,spearman,0.4084667954771527,72,72,False
baseline_plus_conditional_logp_per_position,random,mse,all,HLA-B*18:01,pearson_log,0.3972835526120589,72,72,False
baseline_plus_conditional_logp_per_position,random,mse,all,HLA-B*18:01,auc_gt_2h,0.6845003933910306,72,72,False
baseline_plus_conditional_logp_per_position,random,mse,all,HLA-B*27:02,spearman,0.7715585572459982,72,72,False
baseline_plus_conditional_logp_per_position,random,mse,all,HLA-B*27:02,pearson_log,0.7469310249153476,72,72,False
baseline_plus_conditional_logp_per_position,random,mse,all,HLA-B*27:02,auc_gt_2h,0.8800309597523219,72,72,False
baseline_plus_conditional_logp_per_position,random,mse,all,HLA-B*27:03,spearman,0.7469228959021446,74,74,False
baseline_plus_conditional_logp_per_position,random,mse,all,HLA-B*27:03,pearson_log,0.7474749226243618,74,74,False
baseline_plus_conditional_logp_per_position,random,mse,all,HLA-B*27:03,auc_gt_2h,0.8920409771473601,74,74,False
baseline_plus_conditional_logp_per_position,random,mse,all,HLA-B*27:05,spearman,0.5305432676646683,73,73,False
baseline_plus_conditional_logp_per_position,random,mse,all,HLA-B*27:05,pearson_log,0.522365084599514,73,73,False
baseline_plus_conditional_logp_per_position,random,mse,all,HLA-B*27:05,auc_gt_2h,0.7253401360544218,73,73,False
baseline_plus_conditional_logp_per_position,random,mse,all,HLA-B*27:20,spearman,0.6245706373239192,74,74,False
baseline_plus_conditional_logp_per_position,random,mse,all,HLA-B*27:20,pearson_log,0.6285050341917984,74,74,False
baseline_plus_conditional_logp_per_position,random,mse,all,HLA-B*27:20,auc_gt_2h,0.7748015873015873,74,74,False
baseline_plus_conditional_logp_per_position,random,mse,all,HLA-B*35:01,spearman,0.4899187325141635,130,130,False
baseline_plus_conditional_logp_per_position,random,mse,all,HLA-B*35:01,pearson_log,0.4606732028537982,130,130,False
baseline_plus_conditional_logp_per_position,random,mse,all,HLA-B*35:01,auc_gt_2h,0.7552070570938496,130,130,False
baseline_plus_conditional_logp_per_position,random,mse,all,HLA-B*35:03,spearman,0.44471514561448056,75,75,False
baseline_plus_conditional_logp_per_position,random,mse,all,HLA-B*35:03,pearson_log,0.47401710863989116,75,75,False
baseline_plus_conditional_logp_per_position,random,mse,all,HLA-B*35:03,auc_gt_2h,0.7114825581395349,75,75,False
baseline_plus_conditional_logp_per_position,random,mse,all,HLA-B*35:08,spearman,0.6,5,5,False
baseline_plus_conditional_logp_per_position,random,mse,all,HLA-B*35:08,pearson_log,0.6970854892447909,5,5,False
baseline_plus_conditional_logp_per_position,random,mse,all,HLA-B*35:08,auc_gt_2h,1.0,5,5,False
baseline_plus_conditional_logp_per_position,random,mse,all,HLA-B*39:01,spearman,0.4544141507009371,136,136,False
baseline_plus_conditional_logp_per_position,random,mse,all,HLA-B*39:01,pearson_log,0.47293671198339904,136,136,False
baseline_plus_conditional_logp_per_position,random,mse,all,HLA-B*39:01,auc_gt_2h,0.7872258560984995,136,136,False
baseline_plus_conditional_logp_per_position,random,mse,all,HLA-B*39:02,spearman,0.436159754351353,75,75,False
baseline_plus_conditional_logp_per_position,random,mse,all,HLA-B*39:02,pearson_log,0.4038424189346393,75,75,False
baseline_plus_conditional_logp_per_position,random,mse,all,HLA-B*39:02,auc_gt_2h,0.7924382716049382,75,75,False
baseline_plus_conditional_logp_per_position,random,mse,all,HLA-B*39:06(C67S),spearman,0.36178356387185673,76,76,False
baseline_plus_conditional_logp_per_position,random,mse,all,HLA-B*39:06(C67S),pearson_log,0.4511768883546767,76,76,False
baseline_plus_conditional_logp_per_position,random,mse,all,HLA-B*39:06(C67S),auc_gt_2h,0.96,76,76,False
baseline_plus_conditional_logp_per_position,random,mse,all,HLA-B*39:10,spearman,0.5826099136600603,75,75,False
baseline_plus_conditional_logp_per_position,random,mse,all,HLA-B*39:10,pearson_log,0.6800743103089133,75,75,False
baseline_plus_conditional_logp_per_position,random,mse,all,HLA-B*39:10,auc_gt_2h,0.743920972644377,75,75,False
baseline_plus_conditional_logp_per_position,random,mse,all,HLA-B*40:01,spearman,0.17281088805571385,60,60,False
baseline_plus_conditional_logp_per_position,random,mse,all,HLA-B*40:01,pearson_log,0.18811415739450238,60,60,False
baseline_plus_conditional_logp_per_position,random,mse,all,HLA-B*40:01,auc_gt_2h,0.6763636363636364,60,60,False
baseline_plus_conditional_logp_per_position,random,mse,all,HLA-B*40:02,spearman,1.0,4,4,False
baseline_plus_conditional_logp_per_position,random,mse,all,HLA-B*40:02,pearson_log,0.7893288970667584,4,4,False
baseline_plus_conditional_logp_per_position,random,mse,all,HLA-B*40:02,auc_gt_2h,1.0,4,4,False
baseline_plus_conditional_logp_per_position,random,mse,all,HLA-B*41:01,spearman,0.4408637051935373,74,74,False
baseline_plus_conditional_logp_per_position,random,mse,all,HLA-B*41:01,pearson_log,0.5124365265065491,74,74,False
baseline_plus_conditional_logp_per_position,random,mse,all,HLA-B*41:01,auc_gt_2h,0.907142857142857,74,74,False
baseline_plus_conditional_logp_per_position,random,mse,all,HLA-B*42:01,spearman,0.6218994760237332,70,70,False
baseline_plus_conditional_logp_per_position,random,mse,all,HLA-B*42:01,pearson_log,0.575938522256061,70,70,False
baseline_plus_conditional_logp_per_position,random,mse,all,HLA-B*42:01,auc_gt_2h,0.8014571948998178,70,70,False
baseline_plus_conditional_logp_per_position,random,mse,all,HLA-B*42:02,spearman,0.7236004264359391,75,75,False
baseline_plus_conditional_logp_per_position,random,mse,all,HLA-B*42:02,pearson_log,0.6939275693222886,75,75,False
baseline_plus_conditional_logp_per_position,random,mse,all,HLA-B*42:02,auc_gt_2h,0.8770370370370371,75,75,False
baseline_plus_conditional_logp_per_position,random,mse,all,HLA-B*44:05,spearman,0.44330221132879716,70,70,False
baseline_plus_conditional_logp_per_position,random,mse,all,HLA-B*44:05,pearson_log,0.4633644736081951,70,70,False
baseline_plus_conditional_logp_per_position,random,mse,all,HLA-B*44:05,auc_gt_2h,0.6896551724137931,70,70,False
baseline_plus_conditional_logp_per_position,random,mse,all,HLA-B*45:01,spearman,0.47592723619514343,74,74,False
baseline_plus_conditional_logp_per_position,random,mse,all,HLA-B*45:01,pearson_log,0.5786263015974089,74,74,False
baseline_plus_conditional_logp_per_position,random,mse,all,HLA-B*45:01,auc_gt_2h,0.7424242424242424,74,74,False
baseline_plus_conditional_logp_per_position,random,mse,all,HLA-B*46:01,spearman,0.0012205447940798583,72,72,False
baseline_plus_conditional_logp_per_position,random,mse,all,HLA-B*46:01,pearson_log,0.07463946960467842,72,72,False
baseline_plus_conditional_logp_per_position,random,mse,all,HLA-B*46:01,auc_gt_2h,0.5847222222222223,72,72,False
baseline_plus_conditional_logp_per_position,random,mse,all,HLA-B*51:01,spearman,0.6271128119624501,71,71,False
baseline_plus_conditional_logp_per_position,random,mse,all,HLA-B*51:01,pearson_log,0.6174324758625437,71,71,False
baseline_plus_conditional_logp_per_position,random,mse,all,HLA-B*51:01,auc_gt_2h,0.8885714285714286,71,71,False
baseline_plus_conditional_logp_per_position,random,mse,all,HLA-B*54:01,spearman,0.607077720812093,71,71,False
baseline_plus_conditional_logp_per_position,random,mse,all,HLA-B*54:01,pearson_log,0.6488834130989798,71,71,False
baseline_plus_conditional_logp_per_position,random,mse,all,HLA-B*54:01,auc_gt_2h,0.8438155136268344,71,71,False
baseline_plus_conditional_logp_per_position,random,mse,all,HLA-B*55:01,spearman,0.6178987731844752,76,76,False
baseline_plus_conditional_logp_per_position,random,mse,all,HLA-B*55:01,pearson_log,0.7078049364197136,76,76,False
baseline_plus_conditional_logp_per_position,random,mse,all,HLA-B*55:01,auc_gt_2h,0.8363636363636364,76,76,False
baseline_plus_conditional_logp_per_position,random,mse,all,HLA-B*56:01,spearman,0.6662311503525478,74,74,False
baseline_plus_conditional_logp_per_position,random,mse,all,HLA-B*56:01,pearson_log,0.6843060189215302,74,74,False
baseline_plus_conditional_logp_per_position,random,mse,all,HLA-B*56:01,auc_gt_2h,0.8562421185372004,74,74,False
baseline_plus_conditional_logp_per_position,random,mse,all,HLA-B*57:01,spearman,0.6068488123566941,70,70,False
baseline_plus_conditional_logp_per_position,random,mse,all,HLA-B*57:01,pearson_log,0.5275467541438015,70,70,False
baseline_plus_conditional_logp_per_position,random,mse,all,HLA-B*57:01,auc_gt_2h,0.8449074074074074,70,70,False
baseline_plus_conditional_logp_per_position,random,mse,all,HLA-B*57:02,spearman,0.37301378528421825,73,73,False
baseline_plus_conditional_logp_per_position,random,mse,all,HLA-B*57:02,pearson_log,0.36712696171681575,73,73,False
baseline_plus_conditional_logp_per_position,random,mse,all,HLA-B*57:02,auc_gt_2h,0.6592987804878049,73,73,False
baseline_plus_conditional_logp_per_position,random,mse,all,HLA-B*57:03,spearman,0.30690944272161913,74,74,False
baseline_plus_conditional_logp_per_position,random,mse,all,HLA-B*57:03,pearson_log,0.2865072699965891,74,74,False
baseline_plus_conditional_logp_per_position,random,mse,all,HLA-B*57:03,auc_gt_2h,0.6481715006305171,74,74,False
baseline_plus_conditional_logp_per_position,random,mse,all,HLA-B*58:01,spearman,0.589634550927158,76,76,False
baseline_plus_conditional_logp_per_position,random,mse,all,HLA-B*58:01,pearson_log,0.5371948259440291,76,76,False
baseline_plus_conditional_logp_per_position,random,mse,all,HLA-B*58:01,auc_gt_2h,0.8242296918767507,76,76,False
baseline_plus_conditional_logp_per_position,random,mse,all,HLA-B*81:01,spearman,0.4828851413058361,73,73,False
baseline_plus_conditional_logp_per_position,random,mse,all,HLA-B*81:01,pearson_log,0.44033531296606265,73,73,False
baseline_plus_conditional_logp_per_position,random,mse,all,HLA-B*81:01,auc_gt_2h,0.6385281385281385,73,73,False
baseline_plus_conditional_logp_per_position,random,mse,nonzero,HLA-A*01:01,spearman,0.3434206664301675,42,42,False
baseline_plus_conditional_logp_per_position,random,mse,nonzero,HLA-A*01:01,pearson_log,0.3962348061804035,42,42,False
baseline_plus_conditional_logp_per_position,random,mse,nonzero,HLA-A*01:01,auc_gt_2h,0.7623529411764706,42,42,False
baseline_plus_conditional_logp_per_position,random,mse,nonzero,HLA-A*02:01,spearman,0.6399678791389034,204,204,False
baseline_plus_conditional_logp_per_position,random,mse,nonzero,HLA-A*02:01,pearson_log,0.6482939152567577,204,204,False
baseline_plus_conditional_logp_per_position,random,mse,nonzero,HLA-A*02:01,auc_gt_2h,0.8495039682539682,204,204,False
baseline_plus_conditional_logp_per_position,random,mse,nonzero,HLA-A*02:03,spearman,0.6052193926244593,72,72,False
baseline_plus_conditional_logp_per_position,random,mse,nonzero,HLA-A*02:03,pearson_log,0.6130266621492262,72,72,False
baseline_plus_conditional_logp_per_position,random,mse,nonzero,HLA-A*02:03,auc_gt_2h,0.8496732026143792,72,72,False
baseline_plus_conditional_logp_per_position,random,mse,nonzero,HLA-A*02:05,spearman,1.0,4,4,False
baseline_plus_conditional_logp_per_position,random,mse,nonzero,HLA-A*02:05,pearson_log,0.8587045717367061,4,4,False
baseline_plus_conditional_logp_per_position,random,mse,nonzero,HLA-A*02:05,auc_gt_2h,1.0,4,4,False
baseline_plus_conditional_logp_per_position,random,mse,nonzero,HLA-A*02:10,spearman,0.4779841296066271,71,71,False
baseline_plus_conditional_logp_per_position,random,mse,nonzero,HLA-A*02:10,pearson_log,0.4709153627163186,71,71,False
baseline_plus_conditional_logp_per_position,random,mse,nonzero,HLA-A*02:10,auc_gt_2h,0.7901430842607313,71,71,False
baseline_plus_conditional_logp_per_position,random,mse,nonzero,HLA-A*02:11,spearman,0.39707159093811284,76,76,False
baseline_plus_conditional_logp_per_position,random,mse,nonzero,HLA-A*02:11,pearson_log,0.3908666056607109,76,76,False
baseline_plus_conditional_logp_per_position,random,mse,nonzero,HLA-A*02:11,auc_gt_2h,0.7636363636363636,76,76,False
baseline_plus_conditional_logp_per_position,random,mse,nonzero,HLA-A*02:12,spearman,0.6560819943261298,74,74,False
baseline_plus_conditional_logp_per_position,random,mse,nonzero,HLA-A*02:12,pearson_log,0.6425572291103991,74,74,False
baseline_plus_conditional_logp_per_position,random,mse,nonzero,HLA-A*02:12,auc_gt_2h,0.7988095238095239,74,74,False
baseline_plus_conditional_logp_per_position,random,mse,nonzero,HLA-A*02:16,spearman,0.6314511091648303,74,74,False
baseline_plus_conditional_logp_per_position,random,mse,nonzero,HLA-A*02:16,pearson_log,0.6053271424661486,74,74,False
baseline_plus_conditional_logp_per_position,random,mse,nonzero,HLA-A*02:16,auc_gt_2h,0.8083333333333333,74,74,False
baseline_plus_conditional_logp_per_position,random,mse,nonzero,HLA-A*02:19,spearman,0.6629685449524573,70,70,False
baseline_plus_conditional_logp_per_position,random,mse,nonzero,HLA-A*02:19,pearson_log,0.668141957644186,70,70,False
baseline_plus_conditional_logp_per_position,random,mse,nonzero,HLA-A*02:19,auc_gt_2h,0.7964444444444444,70,70,False
baseline_plus_conditional_logp_per_position,random,mse,nonzero,HLA-A*02:50,spearman,0.5803115456745455,75,75,False
baseline_plus_conditional_logp_per_position,random,mse,nonzero,HLA-A*02:50,pearson_log,0.5631973438207455,75,75,False
baseline_plus_conditional_logp_per_position,random,mse,nonzero,HLA-A*02:50,auc_gt_2h,0.8022222222222222,75,75,False
baseline_plus_conditional_logp_per_position,random,mse,nonzero,HLA-A*03:01,spearman,0.6027588353993426,136,136,False
baseline_plus_conditional_logp_per_position,random,mse,nonzero,HLA-A*03:01,pearson_log,0.6007550963950512,136,136,False
baseline_plus_conditional_logp_per_position,random,mse,nonzero,HLA-A*03:01,auc_gt_2h,0.8029418126757517,136,136,False
baseline_plus_conditional_logp_per_position,random,mse,nonzero,HLA-A*11:01,spearman,0.715736176404051,111,111,False
baseline_plus_conditional_logp_per_position,random,mse,nonzero,HLA-A*11:01,pearson_log,0.7174214677678352,111,111,False
baseline_plus_conditional_logp_per_position,random,mse,nonzero,HLA-A*11:01,auc_gt_2h,0.8441471571906355,111,111,False
baseline_plus_conditional_logp_per_position,random,mse,nonzero,HLA-A*23:01,spearman,0.6595220105842846,74,74,False
baseline_plus_conditional_logp_per_position,random,mse,nonzero,HLA-A*23:01,pearson_log,0.6544755569844309,74,74,False
baseline_plus_conditional_logp_per_position,random,mse,nonzero,HLA-A*23:01,auc_gt_2h,0.8509316770186335,74,74,False
baseline_plus_conditional_logp_per_position,random,mse,nonzero,HLA-A*24:02,spearman,0.6896303712888583,115,115,False
baseline_plus_conditional_logp_per_position,random,mse,nonzero,HLA-A*24:02,pearson_log,0.7019857286908779,115,115,False
baseline_plus_conditional_logp_per_position,random,mse,nonzero,HLA-A*24:02,auc_gt_2h,0.8487878787878786,115,115,False
baseline_plus_conditional_logp_per_position,random,mse,nonzero,HLA-A*24:03,spearman,0.5607648376246895,102,102,False
baseline_plus_conditional_logp_per_position,random,mse,nonzero,HLA-A*24:03,pearson_log,0.5411252289578141,102,102,False
baseline_plus_conditional_logp_per_position,random,mse,nonzero,HLA-A*24:03,auc_gt_2h,0.7594043887147334,102,102,False
baseline_plus_conditional_logp_per_position,random,mse,nonzero,HLA-A*24:07,spearman,0.6815686075887825,68,68,False
baseline_plus_conditional_logp_per_position,random,mse,nonzero,HLA-A*24:07,pearson_log,0.7115163123546783,68,68,False
baseline_plus_conditional_logp_per_position,random,mse,nonzero,HLA-A*24:07,auc_gt_2h,0.8607142857142858,68,68,False
baseline_plus_conditional_logp_per_position,random,mse,nonzero,HLA-A*24:19,spearman,0.36392963741145823,57,57,False
baseline_plus_conditional_logp_per_position,random,mse,nonzero,HLA-A*24:19,pearson_log,0.2983127703013286,57,57,False
baseline_plus_conditional_logp_per_position,random,mse,nonzero,HLA-A*24:19,auc_gt_2h,0.6730769230769231,57,57,False
baseline_plus_conditional_logp_per_position,random,mse,nonzero,HLA-A*25:01,spearman,0.3165353345410497,55,55,False
baseline_plus_conditional_logp_per_position,random,mse,nonzero,HLA-A*25:01,pearson_log,0.27968803931868214,55,55,False
baseline_plus_conditional_logp_per_position,random,mse,nonzero,HLA-A*25:01,auc_gt_2h,0.6783625730994152,55,55,False
baseline_plus_conditional_logp_per_position,random,mse,nonzero,HLA-A*26:01,spearman,0.5107733752382342,52,52,False
baseline_plus_conditional_logp_per_position,random,mse,nonzero,HLA-A*26:01,pearson_log,0.5388682476595081,52,52,False
baseline_plus_conditional_logp_per_position,random,mse,nonzero,HLA-A*26:01,auc_gt_2h,0.7983193277310924,52,52,False
baseline_plus_conditional_logp_per_position,random,mse,nonzero,HLA-A*26:02,spearman,0.3964399625394629,60,60,False
baseline_plus_conditional_logp_per_position,random,mse,nonzero,HLA-A*26:02,pearson_log,0.49654826205643077,60,60,False
baseline_plus_conditional_logp_per_position,random,mse,nonzero,HLA-A*26:02,auc_gt_2h,0.7167277167277167,60,60,False
baseline_plus_conditional_logp_per_position,random,mse,nonzero,HLA-A*26:03,spearman,0.4271580053152922,52,52,False
baseline_plus_conditional_logp_per_position,random,mse,nonzero,HLA-A*26:03,pearson_log,0.45484880197271726,52,52,False
baseline_plus_conditional_logp_per_position,random,mse,nonzero,HLA-A*26:03,auc_gt_2h,0.7369281045751634,52,52,False
baseline_plus_conditional_logp_per_position,random,mse,nonzero,HLA-A*29:02,spearman,0.4718539133175558,74,74,False
baseline_plus_conditional_logp_per_position,random,mse,nonzero,HLA-A*29:02,pearson_log,0.48378254278458005,74,74,False
baseline_plus_conditional_logp_per_position,random,mse,nonzero,HLA-A*29:02,auc_gt_2h,0.7265336289726534,74,74,False
baseline_plus_conditional_logp_per_position,random,mse,nonzero,HLA-A*30:01,spearman,0.18655540601316756,54,54,False
baseline_plus_conditional_logp_per_position,random,mse,nonzero,HLA-A*30:01,pearson_log,0.15231941840901925,54,54,False
baseline_plus_conditional_logp_per_position,random,mse,nonzero,HLA-A*30:01,auc_gt_2h,0.5525568181818181,54,54,False
baseline_plus_conditional_logp_per_position,random,mse,nonzero,HLA-A*30:02,spearman,0.2963471841253368,67,67,False
baseline_plus_conditional_logp_per_position,random,mse,nonzero,HLA-A*30:02,pearson_log,0.419148034542074,67,67,False
baseline_plus_conditional_logp_per_position,random,mse,nonzero,HLA-A*30:02,auc_gt_2h,0.6904761904761904,67,67,False
baseline_plus_conditional_logp_per_position,random,mse,nonzero,HLA-A*31:01,spearman,0.48112321670788033,72,72,False
baseline_plus_conditional_logp_per_position,random,mse,nonzero,HLA-A*31:01,pearson_log,0.4985918479500214,72,72,False
baseline_plus_conditional_logp_per_position,random,mse,nonzero,HLA-A*31:01,auc_gt_2h,0.7440329218106996,72,72,False
baseline_plus_conditional_logp_per_position,random,mse,nonzero,HLA-A*32:01,spearman,0.8999999999999998,5,5,False
baseline_plus_conditional_logp_per_position,random,mse,nonzero,HLA-A*32:01,pearson_log,0.9260833404630889,5,5,False
baseline_plus_conditional_logp_per_position,random,mse,nonzero,HLA-A*32:01,auc_gt_2h,1.0,5,5,False
baseline_plus_conditional_logp_per_position,random,mse,nonzero,HLA-A*32:07,spearman,0.636387894233287,44,44,False
baseline_plus_conditional_logp_per_position,random,mse,nonzero,HLA-A*32:07,pearson_log,0.6081689344395593,44,44,False
baseline_plus_conditional_logp_per_position,random,mse,nonzero,HLA-A*32:07,auc_gt_2h,0.8479166666666667,44,44,False
baseline_plus_conditional_logp_per_position,random,mse,nonzero,HLA-A*33:03,spearman,0.5865903755597569,40,40,False
baseline_plus_conditional_logp_per_position,random,mse,nonzero,HLA-A*33:03,pearson_log,0.5856290798595796,40,40,False
baseline_plus_conditional_logp_per_position,random,mse,nonzero,HLA-A*33:03,auc_gt_2h,0.8308080808080809,40,40,False
baseline_plus_conditional_logp_per_position,random,mse,nonzero,HLA-A*43:01,spearman,0.22642695696402942,57,57,False
baseline_plus_conditional_logp_per_position,random,mse,nonzero,HLA-A*43:01,pearson_log,0.24266861241728804,57,57,False
baseline_plus_conditional_logp_per_position,random,mse,nonzero,HLA-A*43:01,auc_gt_2h,0.6709183673469388,57,57,False
baseline_plus_conditional_logp_per_position,random,mse,nonzero,HLA-A*66:01,spearman,0.24204878867332866,48,48,False
baseline_plus_conditional_logp_per_position,random,mse,nonzero,HLA-A*66:01,pearson_log,0.33156055685214,48,48,False
baseline_plus_conditional_logp_per_position,random,mse,nonzero,HLA-A*66:01,auc_gt_2h,0.5714285714285714,48,48,False
baseline_plus_conditional_logp_per_position,random,mse,nonzero,HLA-A*68:01,spearman,0.4172396778501028,57,57,False
baseline_plus_conditional_logp_per_position,random,mse,nonzero,HLA-A*68:01,pearson_log,0.4590873882158176,57,57,False
baseline_plus_conditional_logp_per_position,random,mse,nonzero,HLA-A*68:01,auc_gt_2h,0.7216748768472907,57,57,False
baseline_plus_conditional_logp_per_position,random,mse,nonzero,HLA-A*68:02,spearman,-0.5,3,3,False
baseline_plus_conditional_logp_per_position,random,mse,nonzero,HLA-A*68:02,pearson_log,-0.13175307745839682,3,3,False
baseline_plus_conditional_logp_per_position,random,mse,nonzero,HLA-A*68:02,auc_gt_2h,,3,3,False
baseline_plus_conditional_logp_per_position,random,mse,nonzero,HLA-A*68:23,spearman,0.35928605512756684,64,64,False
baseline_plus_conditional_logp_per_position,random,mse,nonzero,HLA-A*68:23,pearson_log,0.33057832016714184,64,64,False
baseline_plus_conditional_logp_per_position,random,mse,nonzero,HLA-A*68:23,auc_gt_2h,0.7171428571428572,64,64,False
baseline_plus_conditional_logp_per_position,random,mse,nonzero,HLA-A*69:01,spearman,,1,1,True
baseline_plus_conditional_logp_per_position,random,mse,nonzero,HLA-A*69:01,pearson_log,,1,1,True
baseline_plus_conditional_logp_per_position,random,mse,nonzero,HLA-A*69:01,auc_gt_2h,,1,1,True
baseline_plus_conditional_logp_per_position,random,mse,nonzero,HLA-A*74:01,spearman,0.5944165917704161,60,60,False
baseline_plus_conditional_logp_per_position,random,mse,nonzero,HLA-A*74:01,pearson_log,0.6021204976880836,60,60,False
baseline_plus_conditional_logp_per_position,random,mse,nonzero,HLA-A*74:01,auc_gt_2h,0.7615740740740741,60,60,False
baseline_plus_conditional_logp_per_position,random,mse,nonzero,HLA-A*80:01,spearman,0.2624007302991663,39,39,False
baseline_plus_conditional_logp_per_position,random,mse,nonzero,HLA-A*80:01,pearson_log,0.3222215291765403,39,39,False
baseline_plus_conditional_logp_per_position,random,mse,nonzero,HLA-A*80:01,auc_gt_2h,0.8055555555555555,39,39,False
baseline_plus_conditional_logp_per_position,random,mse,nonzero,HLA-B*07:02,spearman,0.5335123442248189,124,124,False
baseline_plus_conditional_logp_per_position,random,mse,nonzero,HLA-B*07:02,pearson_log,0.5250468565512489,124,124,False
baseline_plus_conditional_logp_per_position,random,mse,nonzero,HLA-B*07:02,auc_gt_2h,0.7769886363636364,124,124,False
baseline_plus_conditional_logp_per_position,random,mse,nonzero,HLA-B*08:01,spearman,0.35184119701139027,58,58,False
baseline_plus_conditional_logp_per_position,random,mse,nonzero,HLA-B*08:01,pearson_log,0.33857441140972205,58,58,False
baseline_plus_conditional_logp_per_position,random,mse,nonzero,HLA-B*08:01,auc_gt_2h,0.7321428571428571,58,58,False
baseline_plus_conditional_logp_per_position,random,mse,nonzero,HLA-B*08:03,spearman,0.2980614026664717,47,47,False
baseline_plus_conditional_logp_per_position,random,mse,nonzero,HLA-B*08:03,pearson_log,0.3225772963339232,47,47,False
baseline_plus_conditional_logp_per_position,random,mse,nonzero,HLA-B*08:03,auc_gt_2h,0.7073170731707317,47,47,False
baseline_plus_conditional_logp_per_position,random,mse,nonzero,HLA-B*14:01(C67S),spearman,0.029424494316824982,6,6,False
baseline_plus_conditional_logp_per_position,random,mse,nonzero,HLA-B*14:01(C67S),pearson_log,0.1549546536098918,6,6,False
baseline_plus_conditional_logp_per_position,random,mse,nonzero,HLA-B*14:01(C67S),auc_gt_2h,,6,6,False
baseline_plus_conditional_logp_per_position,random,mse,nonzero,HLA-B*14:02(C67S),spearman,-0.03107218759022017,18,18,False
baseline_plus_conditional_logp_per_position,random,mse,nonzero,HLA-B*14:02(C67S),pearson_log,0.11591131906779747,18,18,False
baseline_plus_conditional_logp_per_position,random,mse,nonzero,HLA-B*14:02(C67S),auc_gt_2h,0.5138888888888888,18,18,False
baseline_plus_conditional_logp_per_position,random,mse,nonzero,HLA-B*15:01,spearman,0.3434536264966087,202,202,False
baseline_plus_conditional_logp_per_position,random,mse,nonzero,HLA-B*15:01,pearson_log,0.3691277202456969,202,202,False
baseline_plus_conditional_logp_per_position,random,mse,nonzero,HLA-B*15:01,auc_gt_2h,0.7242937853107345,202,202,False
baseline_plus_conditional_logp_per_position,random,mse,nonzero,HLA-B*15:02,spearman,0.32253115274415184,52,52,False
baseline_plus_conditional_logp_per_position,random,mse,nonzero,HLA-B*15:02,pearson_log,0.33413407426675895,52,52,False
baseline_plus_conditional_logp_per_position,random,mse,nonzero,HLA-B*15:02,auc_gt_2h,0.5451851851851852,52,52,False
baseline_plus_conditional_logp_per_position,random,mse,nonzero,HLA-B*15:10,spearman,0.27640251684941314,59,59,False
baseline_plus_conditional_logp_per_position,random,mse,nonzero,HLA-B*15:10,pearson_log,0.19605862625205894,59,59,False
baseline_plus_conditional_logp_per_position,random,mse,nonzero,HLA-B*15:10,auc_gt_2h,0.5808823529411765,59,59,False
baseline_plus_conditional_logp_per_position,random,mse,nonzero,HLA-B*15:17,spearman,0.17259811056410393,62,62,False
baseline_plus_conditional_logp_per_position,random,mse,nonzero,HLA-B*15:17,pearson_log,0.14790717972050801,62,62,False
baseline_plus_conditional_logp_per_position,random,mse,nonzero,HLA-B*15:17,auc_gt_2h,0.5777080062794349,62,62,False
baseline_plus_conditional_logp_per_position,random,mse,nonzero,HLA-B*18:01,spearman,0.3404587611410264,67,67,False
baseline_plus_conditional_logp_per_position,random,mse,nonzero,HLA-B*18:01,pearson_log,0.29879867406093324,67,67,False
baseline_plus_conditional_logp_per_position,random,mse,nonzero,HLA-B*18:01,auc_gt_2h,0.6612903225806452,67,67,False
baseline_plus_conditional_logp_per_position,random,mse,nonzero,HLA-B*27:02,spearman,0.6721289770599538,51,51,False
baseline_plus_conditional_logp_per_position,random,mse,nonzero,HLA-B*27:02,pearson_log,0.6678061487764766,51,51,False
baseline_plus_conditional_logp_per_position,random,mse,nonzero,HLA-B*27:02,auc_gt_2h,0.8079584775086505,51,51,False
baseline_plus_conditional_logp_per_position,random,mse,nonzero,HLA-B*27:03,spearman,0.6249464475315352,46,46,False
baseline_plus_conditional_logp_per_position,random,mse,nonzero,HLA-B*27:03,pearson_log,0.6391671872697908,46,46,False
baseline_plus_conditional_logp_per_position,random,mse,nonzero,HLA-B*27:03,auc_gt_2h,0.8304093567251463,46,46,False
baseline_plus_conditional_logp_per_position,random,mse,nonzero,HLA-B*27:05,spearman,0.39124134944550426,59,59,False
baseline_plus_conditional_logp_per_position,random,mse,nonzero,HLA-B*27:05,pearson_log,0.3949514445864467,59,59,False
baseline_plus_conditional_logp_per_position,random,mse,nonzero,HLA-B*27:05,auc_gt_2h,0.6583333333333334,59,59,False
baseline_plus_conditional_logp_per_position,random,mse,nonzero,HLA-B*27:20,spearman,0.41372708707488004,51,51,False
baseline_plus_conditional_logp_per_position,random,mse,nonzero,HLA-B*27:20,pearson_log,0.44781714358776503,51,51,False
baseline_plus_conditional_logp_per_position,random,mse,nonzero,HLA-B*27:20,auc_gt_2h,0.6767676767676767,51,51,False
baseline_plus_conditional_logp_per_position,random,mse,nonzero,HLA-B*35:01,spearman,0.48583259407926993,117,117,False
baseline_plus_conditional_logp_per_position,random,mse,nonzero,HLA-B*35:01,pearson_log,0.4991813232397977,117,117,False
baseline_plus_conditional_logp_per_position,random,mse,nonzero,HLA-B*35:01,auc_gt_2h,0.745872641509434,117,117,False
baseline_plus_conditional_logp_per_position,random,mse,nonzero,HLA-B*35:03,spearman,0.3958704130672375,72,72,False
baseline_plus_conditional_logp_per_position,random,mse,nonzero,HLA-B*35:03,pearson_log,0.38966100322144154,72,72,False
baseline_plus_conditional_logp_per_position,random,mse,nonzero,HLA-B*35:03,auc_gt_2h,0.69375,72,72,False
baseline_plus_conditional_logp_per_position,random,mse,nonzero,HLA-B*35:08,spearman,0.7999999999999999,4,4,False
baseline_plus_conditional_logp_per_position,random,mse,nonzero,HLA-B*35:08,pearson_log,0.9880834373065622,4,4,False
baseline_plus_conditional_logp_per_position,random,mse,nonzero,HLA-B*35:08,auc_gt_2h,1.0,4,4,False
baseline_plus_conditional_logp_per_position,random,mse,nonzero,HLA-B*39:01,spearman,0.41168536162559155,110,110,False
baseline_plus_conditional_logp_per_position,random,mse,nonzero,HLA-B*39:01,pearson_log,0.4639469507452816,110,110,False
baseline_plus_conditional_logp_per_position,random,mse,nonzero,HLA-B*39:01,auc_gt_2h,0.7671164417791105,110,110,False
baseline_plus_conditional_logp_per_position,random,mse,nonzero,HLA-B*39:02,spearman,0.3900670147327328,65,65,False
baseline_plus_conditional_logp_per_position,random,mse,nonzero,HLA-B*39:02,pearson_log,0.3277898192661719,65,65,False
baseline_plus_conditional_logp_per_position,random,mse,nonzero,HLA-B*39:02,auc_gt_2h,0.7758284600389864,65,65,False
baseline_plus_conditional_logp_per_position,random,mse,nonzero,HLA-B*39:06(C67S),spearman,-0.7999999999999999,4,4,False
baseline_plus_conditional_logp_per_position,random,mse,nonzero,HLA-B*39:06(C67S),pearson_log,-0.5217422640757295,4,4,False
baseline_plus_conditional_logp_per_position,random,mse,nonzero,HLA-B*39:06(C67S),auc_gt_2h,0.33333333333333337,4,4,False
baseline_plus_conditional_logp_per_position,random,mse,nonzero,HLA-B*39:10,spearman,0.44730814885238857,68,68,False
baseline_plus_conditional_logp_per_position,random,mse,nonzero,HLA-B*39:10,pearson_log,0.4854409213648737,68,68,False
baseline_plus_conditional_logp_per_position,random,mse,nonzero,HLA-B*39:10,auc_gt_2h,0.6585612968591692,68,68,False
baseline_plus_conditional_logp_per_position,random,mse,nonzero,HLA-B*40:01,spearman,0.13513536614964802,58,58,False
baseline_plus_conditional_logp_per_position,random,mse,nonzero,HLA-B*40:01,pearson_log,0.13252871527198723,58,58,False
baseline_plus_conditional_logp_per_position,random,mse,nonzero,HLA-B*40:01,auc_gt_2h,0.6679245283018868,58,58,False
baseline_plus_conditional_logp_per_position,random,mse,nonzero,HLA-B*40:02,spearman,1.0,4,4,False
baseline_plus_conditional_logp_per_position,random,mse,nonzero,HLA-B*40:02,pearson_log,0.7893288970667584,4,4,False
baseline_plus_conditional_logp_per_position,random,mse,nonzero,HLA-B*40:02,auc_gt_2h,1.0,4,4,False
baseline_plus_conditional_logp_per_position,random,mse,nonzero,HLA-B*41:01,spearman,0.5179483272944735,32,32,False
baseline_plus_conditional_logp_per_position,random,mse,nonzero,HLA-B*41:01,pearson_log,0.5343844518376993,32,32,False
baseline_plus_conditional_logp_per_position,random,mse,nonzero,HLA-B*41:01,auc_gt_2h,0.8482142857142857,32,32,False
baseline_plus_conditional_logp_per_position,random,mse,nonzero,HLA-B*42:01,spearman,0.5901273269320019,68,68,False
baseline_plus_conditional_logp_per_position,random,mse,nonzero,HLA-B*42:01,pearson_log,0.5290213288073311,68,68,False
baseline_plus_conditional_logp_per_position,random,mse,nonzero,HLA-B*42:01,auc_gt_2h,0.7517564402810304,68,68,False
baseline_plus_conditional_logp_per_position,random,mse,nonzero,HLA-B*42:02,spearman,0.7139177670322507,69,69,False
baseline_plus_conditional_logp_per_position,random,mse,nonzero,HLA-B*42:02,pearson_log,0.7036272935883687,69,69,False
baseline_plus_conditional_logp_per_position,random,mse,nonzero,HLA-B*42:02,auc_gt_2h,0.8666666666666667,69,69,False
baseline_plus_conditional_logp_per_position,random,mse,nonzero,HLA-B*44:05,spearman,0.32678270795364905,61,61,False
baseline_plus_conditional_logp_per_position,random,mse,nonzero,HLA-B*44:05,pearson_log,0.2199067318306491,61,61,False
baseline_plus_conditional_logp_per_position,random,mse,nonzero,HLA-B*44:05,auc_gt_2h,0.624390243902439,61,61,False
baseline_plus_conditional_logp_per_position,random,mse,nonzero,HLA-B*45:01,spearman,0.3080387838839155,26,26,False
baseline_plus_conditional_logp_per_position,random,mse,nonzero,HLA-B*45:01,pearson_log,0.3180149179877482,26,26,False
baseline_plus_conditional_logp_per_position,random,mse,nonzero,HLA-B*45:01,auc_gt_2h,0.6249999999999999,26,26,False
baseline_plus_conditional_logp_per_position,random,mse,nonzero,HLA-B*46:01,spearman,0.07474233010146629,36,36,False
baseline_plus_conditional_logp_per_position,random,mse,nonzero,HLA-B*46:01,pearson_log,0.0692383450597363,36,36,False
baseline_plus_conditional_logp_per_position,random,mse,nonzero,HLA-B*46:01,auc_gt_2h,0.6145833333333333,36,36,False
baseline_plus_conditional_logp_per_position,random,mse,nonzero,HLA-B*51:01,spearman,0.6339687094629076,35,35,False
baseline_plus_conditional_logp_per_position,random,mse,nonzero,HLA-B*51:01,pearson_log,0.5645433112883396,35,35,False
baseline_plus_conditional_logp_per_position,random,mse,nonzero,HLA-B*51:01,auc_gt_2h,0.8673469387755102,35,35,False
baseline_plus_conditional_logp_per_position,random,mse,nonzero,HLA-B*54:01,spearman,0.4980771332531107,44,44,False
baseline_plus_conditional_logp_per_position,random,mse,nonzero,HLA-B*54:01,pearson_log,0.5177124909429629,44,44,False
baseline_plus_conditional_logp_per_position,random,mse,nonzero,HLA-B*54:01,auc_gt_2h,0.7970085470085468,44,44,False
baseline_plus_conditional_logp_per_position,random,mse,nonzero,HLA-B*55:01,spearman,0.45817271758329264,32,32,False
baseline_plus_conditional_logp_per_position,random,mse,nonzero,HLA-B*55:01,pearson_log,0.5994386534774805,32,32,False
baseline_plus_conditional_logp_per_position,random,mse,nonzero,HLA-B*55:01,auc_gt_2h,0.7181818181818181,32,32,False
baseline_plus_conditional_logp_per_position,random,mse,nonzero,HLA-B*56:01,spearman,0.5545237865854531,42,42,False
baseline_plus_conditional_logp_per_position,random,mse,nonzero,HLA-B*56:01,pearson_log,0.5565025938936048,42,42,False
baseline_plus_conditional_logp_per_position,random,mse,nonzero,HLA-B*56:01,auc_gt_2h,0.7692307692307693,42,42,False
baseline_plus_conditional_logp_per_position,random,mse,nonzero,HLA-B*57:01,spearman,0.5465408781481468,60,60,False
baseline_plus_conditional_logp_per_position,random,mse,nonzero,HLA-B*57:01,pearson_log,0.5165245165169323,60,60,False
baseline_plus_conditional_logp_per_position,random,mse,nonzero,HLA-B*57:01,auc_gt_2h,0.8611111111111112,60,60,False
baseline_plus_conditional_logp_per_position,random,mse,nonzero,HLA-B*57:02,spearman,0.3364147883062349,71,71,False
baseline_plus_conditional_logp_per_position,random,mse,nonzero,HLA-B*57:02,pearson_log,0.29971920713273914,71,71,False
baseline_plus_conditional_logp_per_position,random,mse,nonzero,HLA-B*57:02,auc_gt_2h,0.6474358974358975,71,71,False
baseline_plus_conditional_logp_per_position,random,mse,nonzero,HLA-B*57:03,spearman,0.30690944272161913,74,74,False
baseline_plus_conditional_logp_per_position,random,mse,nonzero,HLA-B*57:03,pearson_log,0.2865072699965891,74,74,False
baseline_plus_conditional_logp_per_position,random,mse,nonzero,HLA-B*57:03,auc_gt_2h,0.6481715006305171,74,74,False
baseline_plus_conditional_logp_per_position,random,mse,nonzero,HLA-B*58:01,spearman,0.6257514818865751,65,65,False
baseline_plus_conditional_logp_per_position,random,mse,nonzero,HLA-B*58:01,pearson_log,0.6090629209262354,65,65,False
baseline_plus_conditional_logp_per_position,random,mse,nonzero,HLA-B*58:01,auc_gt_2h,0.8374741200828156,65,65,False
baseline_plus_conditional_logp_per_position,random,mse,nonzero,HLA-B*81:01,spearman,0.26592862310416476,60,60,False
baseline_plus_conditional_logp_per_position,random,mse,nonzero,HLA-B*81:01,pearson_log,0.1613866458289018,60,60,False
baseline_plus_conditional_logp_per_position,random,mse,nonzero,HLA-B*81:01,auc_gt_2h,0.582210242587601,60,60,False
baseline_plus_conditional_mean_logp,leave_one_allele_out,mse,all,HLA-A*01:01,spearman,0.1491471262261912,220,220,False
baseline_plus_conditional_mean_logp,leave_one_allele_out,mse,all,HLA-A*01:01,pearson_log,0.14454298913252359,220,220,False
baseline_plus_conditional_mean_logp,leave_one_allele_out,mse,all,HLA-A*01:01,auc_gt_2h,0.6174422554347826,220,220,False
baseline_plus_conditional_mean_logp,leave_one_allele_out,mse,all,HLA-A*02:01,spearman,0.6167410988275848,1023,1023,False
baseline_plus_conditional_mean_logp,leave_one_allele_out,mse,all,HLA-A*02:01,pearson_log,0.5839738417625377,1023,1023,False
baseline_plus_conditional_mean_logp,leave_one_allele_out,mse,all,HLA-A*02:01,auc_gt_2h,0.8001633986928105,1023,1023,False
baseline_plus_conditional_mean_logp,leave_one_allele_out,mse,all,HLA-A*02:03,spearman,0.6974348271219535,379,379,False
baseline_plus_conditional_mean_logp,leave_one_allele_out,mse,all,HLA-A*02:03,pearson_log,0.6720912687055071,379,379,False
baseline_plus_conditional_mean_logp,leave_one_allele_out,mse,all,HLA-A*02:03,auc_gt_2h,0.8376212023270847,379,379,False
baseline_plus_conditional_mean_logp,leave_one_allele_out,mse,all,HLA-A*02:05,spearman,0.40142905657298517,21,21,False
baseline_plus_conditional_mean_logp,leave_one_allele_out,mse,all,HLA-A*02:05,pearson_log,0.4531786390280854,21,21,False
baseline_plus_conditional_mean_logp,leave_one_allele_out,mse,all,HLA-A*02:05,auc_gt_2h,0.811111111111111,21,21,False
baseline_plus_conditional_mean_logp,leave_one_allele_out,mse,all,HLA-A*02:10,spearman,0.3291902978299679,370,370,False
baseline_plus_conditional_mean_logp,leave_one_allele_out,mse,all,HLA-A*02:10,pearson_log,0.31107332137242016,370,370,False
baseline_plus_conditional_mean_logp,leave_one_allele_out,mse,all,HLA-A*02:10,auc_gt_2h,0.6739450730787364,370,370,False
baseline_plus_conditional_mean_logp,leave_one_allele_out,mse,all,HLA-A*02:11,spearman,0.5749133503555476,379,379,False
baseline_plus_conditional_mean_logp,leave_one_allele_out,mse,all,HLA-A*02:11,pearson_log,0.5373487216628465,379,379,False
baseline_plus_conditional_mean_logp,leave_one_allele_out,mse,all,HLA-A*02:11,auc_gt_2h,0.8111607142857145,379,379,False
baseline_plus_conditional_mean_logp,leave_one_allele_out,mse,all,HLA-A*02:12,spearman,0.7802862689786164,372,372,False
baseline_plus_conditional_mean_logp,leave_one_allele_out,mse,all,HLA-A*02:12,pearson_log,0.7268692478481322,372,372,False
baseline_plus_conditional_mean_logp,leave_one_allele_out,mse,all,HLA-A*02:12,auc_gt_2h,0.9038645933213825,372,372,False
baseline_plus_conditional_mean_logp,leave_one_allele_out,mse,all,HLA-A*02:16,spearman,0.7378871086016311,373,373,False
baseline_plus_conditional_mean_logp,leave_one_allele_out,mse,all,HLA-A*02:16,pearson_log,0.7293043300417509,373,373,False
baseline_plus_conditional_mean_logp,leave_one_allele_out,mse,all,HLA-A*02:16,auc_gt_2h,0.9015327650047361,373,373,False
baseline_plus_conditional_mean_logp,leave_one_allele_out,mse,all,HLA-A*02:19,spearman,0.6998327258251282,354,354,False
baseline_plus_conditional_mean_logp,leave_one_allele_out,mse,all,HLA-A*02:19,pearson_log,0.6952571520177451,354,354,False
baseline_plus_conditional_mean_logp,leave_one_allele_out,mse,all,HLA-A*02:19,auc_gt_2h,0.8308479532163743,354,354,False
baseline_plus_conditional_mean_logp,leave_one_allele_out,mse,all,HLA-A*02:50,spearman,0.5781410367225761,375,375,False
baseline_plus_conditional_mean_logp,leave_one_allele_out,mse,all,HLA-A*02:50,pearson_log,0.5688563500511593,375,375,False
baseline_plus_conditional_mean_logp,leave_one_allele_out,mse,all,HLA-A*02:50,auc_gt_2h,0.8447456433726457,375,375,False
baseline_plus_conditional_mean_logp,leave_one_allele_out,mse,all,HLA-A*03:01,spearman,0.5790095437621849,861,861,False
baseline_plus_conditional_mean_logp,leave_one_allele_out,mse,all,HLA-A*03:01,pearson_log,0.5750693533831603,861,861,False
baseline_plus_conditional_mean_logp,leave_one_allele_out,mse,all,HLA-A*03:01,auc_gt_2h,0.7764479467966384,861,861,False
baseline_plus_conditional_mean_logp,leave_one_allele_out,mse,all,HLA-A*11:01,spearman,0.6603264074589569,577,577,False
baseline_plus_conditional_mean_logp,leave_one_allele_out,mse,all,HLA-A*11:01,pearson_log,0.6509372834585593,577,577,False
baseline_plus_conditional_mean_logp,leave_one_allele_out,mse,all,HLA-A*11:01,auc_gt_2h,0.8219733731491851,577,577,False
baseline_plus_conditional_mean_logp,leave_one_allele_out,mse,all,HLA-A*23:01,spearman,0.8250897856046364,372,372,False
baseline_plus_conditional_mean_logp,leave_one_allele_out,mse,all,HLA-A*23:01,pearson_log,0.811991929546275,372,372,False
baseline_plus_conditional_mean_logp,leave_one_allele_out,mse,all,HLA-A*23:01,auc_gt_2h,0.9209317915200269,372,372,False
baseline_plus_conditional_mean_logp,leave_one_allele_out,mse,all,HLA-A*24:02,spearman,0.7074888980406888,573,573,False
baseline_plus_conditional_mean_logp,leave_one_allele_out,mse,all,HLA-A*24:02,pearson_log,0.7089335140960714,573,573,False
baseline_plus_conditional_mean_logp,leave_one_allele_out,mse,all,HLA-A*24:02,auc_gt_2h,0.857231394714661,573,573,False
baseline_plus_conditional_mean_logp,leave_one_allele_out,mse,all,HLA-A*24:03,spearman,0.6431520619327549,512,512,False
baseline_plus_conditional_mean_logp,leave_one_allele_out,mse,all,HLA-A*24:03,pearson_log,0.6147486275807018,512,512,False
baseline_plus_conditional_mean_logp,leave_one_allele_out,mse,all,HLA-A*24:03,auc_gt_2h,0.8185763888888888,512,512,False
baseline_plus_conditional_mean_logp,leave_one_allele_out,mse,all,HLA-A*24:07,spearman,0.7551511430669647,352,352,False
baseline_plus_conditional_mean_logp,leave_one_allele_out,mse,all,HLA-A*24:07,pearson_log,0.7492551877647173,352,352,False
baseline_plus_conditional_mean_logp,leave_one_allele_out,mse,all,HLA-A*24:07,auc_gt_2h,0.8522580227743272,352,352,False
baseline_plus_conditional_mean_logp,leave_one_allele_out,mse,all,HLA-A*24:19,spearman,0.3083509852438928,378,378,False
baseline_plus_conditional_mean_logp,leave_one_allele_out,mse,all,HLA-A*24:19,pearson_log,0.31361309363499584,378,378,False
baseline_plus_conditional_mean_logp,leave_one_allele_out,mse,all,HLA-A*24:19,auc_gt_2h,0.5742857142857143,378,378,False
baseline_plus_conditional_mean_logp,leave_one_allele_out,mse,all,HLA-A*25:01,spearman,0.4021959780402376,363,363,False
baseline_plus_conditional_mean_logp,leave_one_allele_out,mse,all,HLA-A*25:01,pearson_log,0.40364364116839646,363,363,False
baseline_plus_conditional_mean_logp,leave_one_allele_out,mse,all,HLA-A*25:01,auc_gt_2h,0.7518518518518519,363,363,False
baseline_plus_conditional_mean_logp,leave_one_allele_out,mse,all,HLA-A*26:01,spearman,0.5942659927345715,272,272,False
baseline_plus_conditional_mean_logp,leave_one_allele_out,mse,all,HLA-A*26:01,pearson_log,0.614209501037892,272,272,False
baseline_plus_conditional_mean_logp,leave_one_allele_out,mse,all,HLA-A*26:01,auc_gt_2h,0.8373073293488518,272,272,False
baseline_plus_conditional_mean_logp,leave_one_allele_out,mse,all,HLA-A*26:02,spearman,0.5554964394942628,343,343,False
baseline_plus_conditional_mean_logp,leave_one_allele_out,mse,all,HLA-A*26:02,pearson_log,0.5716060322256755,343,343,False
baseline_plus_conditional_mean_logp,leave_one_allele_out,mse,all,HLA-A*26:02,auc_gt_2h,0.7946415373244642,343,343,False
baseline_plus_conditional_mean_logp,leave_one_allele_out,mse,all,HLA-A*26:03,spearman,0.5344100372940939,341,341,False
baseline_plus_conditional_mean_logp,leave_one_allele_out,mse,all,HLA-A*26:03,pearson_log,0.5414752983401454,341,341,False
baseline_plus_conditional_mean_logp,leave_one_allele_out,mse,all,HLA-A*26:03,auc_gt_2h,0.764655172413793,341,341,False
baseline_plus_conditional_mean_logp,leave_one_allele_out,mse,all,HLA-A*29:02,spearman,0.3960442160635851,383,383,False
baseline_plus_conditional_mean_logp,leave_one_allele_out,mse,all,HLA-A*29:02,pearson_log,0.407416137023468,383,383,False
baseline_plus_conditional_mean_logp,leave_one_allele_out,mse,all,HLA-A*29:02,auc_gt_2h,0.7069568596968518,383,383,False
baseline_plus_conditional_mean_logp,leave_one_allele_out,mse,all,HLA-A*30:01,spearman,0.4588075451243026,386,386,False
baseline_plus_conditional_mean_logp,leave_one_allele_out,mse,all,HLA-A*30:01,pearson_log,0.4517437836567491,386,386,False
baseline_plus_conditional_mean_logp,leave_one_allele_out,mse,all,HLA-A*30:01,auc_gt_2h,0.7169798680199645,386,386,False
baseline_plus_conditional_mean_logp,leave_one_allele_out,mse,all,HLA-A*30:02,spearman,0.31512744292905104,367,367,False
baseline_plus_conditional_mean_logp,leave_one_allele_out,mse,all,HLA-A*30:02,pearson_log,0.37675323819817536,367,367,False
baseline_plus_conditional_mean_logp,leave_one_allele_out,mse,all,HLA-A*30:02,auc_gt_2h,0.6545320014798371,367,367,False
baseline_plus_conditional_mean_logp,leave_one_allele_out,mse,all,HLA-A*31:01,spearman,0.5711153525777888,382,382,False
baseline_plus_conditional_mean_logp,leave_one_allele_out,mse,all,HLA-A*31:01,pearson_log,0.545711862007386,382,382,False
baseline_plus_conditional_mean_logp,leave_one_allele_out,mse,all,HLA-A*31:01,auc_gt_2h,0.7704655781112092,382,382,False
baseline_plus_conditional_mean_logp,leave_one_allele_out,mse,all,HLA-A*32:01,spearman,0.67561667571175,32,32,False
baseline_plus_conditional_mean_logp,leave_one_allele_out,mse,all,HLA-A*32:01,pearson_log,0.6679350518905935,32,32,False
baseline_plus_conditional_mean_logp,leave_one_allele_out,mse,all,HLA-A*32:01,auc_gt_2h,0.922077922077922,32,32,False
baseline_plus_conditional_mean_logp,leave_one_allele_out,mse,all,HLA-A*32:07,spearman,0.5959428962442405,364,364,False
baseline_plus_conditional_mean_logp,leave_one_allele_out,mse,all,HLA-A*32:07,pearson_log,0.6047929760549315,364,364,False
baseline_plus_conditional_mean_logp,leave_one_allele_out,mse,all,HLA-A*32:07,auc_gt_2h,0.8148111495959097,364,364,False
baseline_plus_conditional_mean_logp,leave_one_allele_out,mse,all,HLA-A*33:03,spearman,0.41038872039509405,371,371,False
baseline_plus_conditional_mean_logp,leave_one_allele_out,mse,all,HLA-A*33:03,pearson_log,0.45165058122218377,371,371,False
baseline_plus_conditional_mean_logp,leave_one_allele_out,mse,all,HLA-A*33:03,auc_gt_2h,0.7166545189504373,371,371,False
baseline_plus_conditional_mean_logp,leave_one_allele_out,mse,all,HLA-A*43:01,spearman,0.3384873073479628,359,359,False
baseline_plus_conditional_mean_logp,leave_one_allele_out,mse,all,HLA-A*43:01,pearson_log,0.34108995312676704,359,359,False
baseline_plus_conditional_mean_logp,leave_one_allele_out,mse,all,HLA-A*43:01,auc_gt_2h,0.7563276576161988,359,359,False
baseline_plus_conditional_mean_logp,leave_one_allele_out,mse,all,HLA-A*66:01,spearman,0.3686854744047713,382,382,False
baseline_plus_conditional_mean_logp,leave_one_allele_out,mse,all,HLA-A*66:01,pearson_log,0.4262752226902866,382,382,False
baseline_plus_conditional_mean_logp,leave_one_allele_out,mse,all,HLA-A*66:01,auc_gt_2h,0.7671401515151515,382,382,False
baseline_plus_conditional_mean_logp,leave_one_allele_out,mse,all,HLA-A*68:01,spearman,0.421500040641201,387,387,False
baseline_plus_conditional_mean_logp,leave_one_allele_out,mse,all,HLA-A*68:01,pearson_log,0.4295688565867208,387,387,False
baseline_plus_conditional_mean_logp,leave_one_allele_out,mse,all,HLA-A*68:01,auc_gt_2h,0.713198818349033,387,387,False
baseline_plus_conditional_mean_logp,leave_one_allele_out,mse,all,HLA-A*68:02,spearman,-0.01031690067230195,16,16,False
baseline_plus_conditional_mean_logp,leave_one_allele_out,mse,all,HLA-A*68:02,pearson_log,-0.013130181626995724,16,16,False
baseline_plus_conditional_mean_logp,leave_one_allele_out,mse,all,HLA-A*68:02,auc_gt_2h,0.6428571428571428,16,16,False
baseline_plus_conditional_mean_logp,leave_one_allele_out,mse,all,HLA-A*68:23,spearman,0.28083456788151173,369,369,False
baseline_plus_conditional_mean_logp,leave_one_allele_out,mse,all,HLA-A*68:23,pearson_log,0.24171563847693173,369,369,False
baseline_plus_conditional_mean_logp,leave_one_allele_out,mse,all,HLA-A*68:23,auc_gt_2h,0.7057377823990925,369,369,False
baseline_plus_conditional_mean_logp,leave_one_allele_out,mse,all,HLA-A*69:01,spearman,0.2878537791907042,15,15,False
baseline_plus_conditional_mean_logp,leave_one_allele_out,mse,all,HLA-A*69:01,pearson_log,0.33776646788427517,15,15,False
baseline_plus_conditional_mean_logp,leave_one_allele_out,mse,all,HLA-A*69:01,auc_gt_2h,0.3076923076923077,15,15,False
baseline_plus_conditional_mean_logp,leave_one_allele_out,mse,all,HLA-A*74:01,spearman,0.5696852684744546,361,361,False
baseline_plus_conditional_mean_logp,leave_one_allele_out,mse,all,HLA-A*74:01,pearson_log,0.5714147966520546,361,361,False
baseline_plus_conditional_mean_logp,leave_one_allele_out,mse,all,HLA-A*74:01,auc_gt_2h,0.7741866175567833,361,361,False
baseline_plus_conditional_mean_logp,leave_one_allele_out,mse,all,HLA-A*80:01,spearman,0.45471994652706155,351,351,False
baseline_plus_conditional_mean_logp,leave_one_allele_out,mse,all,HLA-A*80:01,pearson_log,0.47060533382129166,351,351,False
baseline_plus_conditional_mean_logp,leave_one_allele_out,mse,all,HLA-A*80:01,auc_gt_2h,0.8277562522014794,351,351,False
baseline_plus_conditional_mean_logp,leave_one_allele_out,mse,all,HLA-B*07:02,spearman,0.5344209006498604,647,647,False
baseline_plus_conditional_mean_logp,leave_one_allele_out,mse,all,HLA-B*07:02,pearson_log,0.523914866092567,647,647,False
baseline_plus_conditional_mean_logp,leave_one_allele_out,mse,all,HLA-B*07:02,auc_gt_2h,0.7706039778602275,647,647,False
baseline_plus_conditional_mean_logp,leave_one_allele_out,mse,all,HLA-B*08:01,spearman,0.37087463979725116,465,465,False
baseline_plus_conditional_mean_logp,leave_one_allele_out,mse,all,HLA-B*08:01,pearson_log,0.33763400827233236,465,465,False
baseline_plus_conditional_mean_logp,leave_one_allele_out,mse,all,HLA-B*08:01,auc_gt_2h,0.793754538852578,465,465,False
baseline_plus_conditional_mean_logp,leave_one_allele_out,mse,all,HLA-B*08:03,spearman,0.22911838727874723,350,350,False
baseline_plus_conditional_mean_logp,leave_one_allele_out,mse,all,HLA-B*08:03,pearson_log,0.19880418365501423,350,350,False
baseline_plus_conditional_mean_logp,leave_one_allele_out,mse,all,HLA-B*08:03,auc_gt_2h,0.7127619760479043,350,350,False
baseline_plus_conditional_mean_logp,leave_one_allele_out,mse,all,HLA-B*13:02,spearman,-0.29649972666444047,7,7,False
baseline_plus_conditional_mean_logp,leave_one_allele_out,mse,all,HLA-B*13:02,pearson_log,-0.1281875001270188,7,7,False
baseline_plus_conditional_mean_logp,leave_one_allele_out,mse,all,HLA-B*13:02,auc_gt_2h,0.16666666666666666,7,7,False
baseline_plus_conditional_mean_logp,leave_one_allele_out,mse,all,HLA-B*14:01(C67S),spearman,0.43843680138236557,374,374,False
baseline_plus_conditional_mean_logp,leave_one_allele_out,mse,all,HLA-B*14:01(C67S),pearson_log,0.5466502577071831,374,374,False
baseline_plus_conditional_mean_logp,leave_one_allele_out,mse,all,HLA-B*14:01(C67S),auc_gt_2h,0.9266483516483517,374,374,False
baseline_plus_conditional_mean_logp,leave_one_allele_out,mse,all,HLA-B*14:02(C67S),spearman,0.4428092993650187,382,382,False
baseline_plus_conditional_mean_logp,leave_one_allele_out,mse,all,HLA-B*14:02(C67S),pearson_log,0.5394743159874329,382,382,False
baseline_plus_conditional_mean_logp,leave_one_allele_out,mse,all,HLA-B*14:02(C67S),auc_gt_2h,0.8428837052062205,382,382,False
baseline_plus_conditional_mean_logp,leave_one_allele_out,mse,all,HLA-B*15:01,spearman,0.19117629523265386,1070,1070,False
baseline_plus_conditional_mean_logp,leave_one_allele_out,mse,all,HLA-B*15:01,pearson_log,0.19244987080522413,1070,1070,False
baseline_plus_conditional_mean_logp,leave_one_allele_out,mse,all,HLA-B*15:01,auc_gt_2h,0.6440038079695363,1070,1070,False
baseline_plus_conditional_mean_logp,leave_one_allele_out,mse,all,HLA-B*15:02,spearman,0.48468672764161574,349,349,False
baseline_plus_conditional_mean_logp,leave_one_allele_out,mse,all,HLA-B*15:02,pearson_log,0.46498716670143453,349,349,False
baseline_plus_conditional_mean_logp,leave_one_allele_out,mse,all,HLA-B*15:02,auc_gt_2h,0.7317106152805951,349,349,False
baseline_plus_conditional_mean_logp,leave_one_allele_out,mse,all,HLA-B*15:10,spearman,0.3992248268314151,363,363,False
baseline_plus_conditional_mean_logp,leave_one_allele_out,mse,all,HLA-B*15:10,pearson_log,0.3923301724039863,363,363,False
baseline_plus_conditional_mean_logp,leave_one_allele_out,mse,all,HLA-B*15:10,auc_gt_2h,0.7105317501290656,363,363,False
baseline_plus_conditional_mean_logp,leave_one_allele_out,mse,all,HLA-B*15:17,spearman,0.17544888613449694,362,362,False
baseline_plus_conditional_mean_logp,leave_one_allele_out,mse,all,HLA-B*15:17,pearson_log,0.16477954848319473,362,362,False
baseline_plus_conditional_mean_logp,leave_one_allele_out,mse,all,HLA-B*15:17,auc_gt_2h,0.58634817563389,362,362,False
baseline_plus_conditional_mean_logp,leave_one_allele_out,mse,all,HLA-B*18:01,spearman,0.1624921832517555,359,359,False
baseline_plus_conditional_mean_logp,leave_one_allele_out,mse,all,HLA-B*18:01,pearson_log,0.1853473610490489,359,359,False
baseline_plus_conditional_mean_logp,leave_one_allele_out,mse,all,HLA-B*18:01,auc_gt_2h,0.5601700457815566,359,359,False
baseline_plus_conditional_mean_logp,leave_one_allele_out,mse,all,HLA-B*27:02,spearman,0.6269488363657696,359,359,False
baseline_plus_conditional_mean_logp,leave_one_allele_out,mse,all,HLA-B*27:02,pearson_log,0.6308824434359351,359,359,False
baseline_plus_conditional_mean_logp,leave_one_allele_out,mse,all,HLA-B*27:02,auc_gt_2h,0.8163178548070634,359,359,False
baseline_plus_conditional_mean_logp,leave_one_allele_out,mse,all,HLA-B*27:03,spearman,0.6345975747773304,368,368,False
baseline_plus_conditional_mean_logp,leave_one_allele_out,mse,all,HLA-B*27:03,pearson_log,0.6422477816696601,368,368,False
baseline_plus_conditional_mean_logp,leave_one_allele_out,mse,all,HLA-B*27:03,auc_gt_2h,0.8722025280194793,368,368,False
baseline_plus_conditional_mean_logp,leave_one_allele_out,mse,all,HLA-B*27:05,spearman,0.5110460395806131,366,366,False
baseline_plus_conditional_mean_logp,leave_one_allele_out,mse,all,HLA-B*27:05,pearson_log,0.5257634190150877,366,366,False
baseline_plus_conditional_mean_logp,leave_one_allele_out,mse,all,HLA-B*27:05,auc_gt_2h,0.7565171883688222,366,366,False
baseline_plus_conditional_mean_logp,leave_one_allele_out,mse,all,HLA-B*27:20,spearman,0.33873559484227245,368,368,False
baseline_plus_conditional_mean_logp,leave_one_allele_out,mse,all,HLA-B*27:20,pearson_log,0.35507490609617387,368,368,False
baseline_plus_conditional_mean_logp,leave_one_allele_out,mse,all,HLA-B*27:20,auc_gt_2h,0.7882307394502517,368,368,False
baseline_plus_conditional_mean_logp,leave_one_allele_out,mse,all,HLA-B*35:01,spearman,0.5034121113300217,650,650,False
baseline_plus_conditional_mean_logp,leave_one_allele_out,mse,all,HLA-B*35:01,pearson_log,0.4788237337004805,650,650,False
baseline_plus_conditional_mean_logp,leave_one_allele_out,mse,all,HLA-B*35:01,auc_gt_2h,0.7638590630716614,650,650,False
baseline_plus_conditional_mean_logp,leave_one_allele_out,mse,all,HLA-B*35:03,spearman,0.5312338036833496,376,376,False
baseline_plus_conditional_mean_logp,leave_one_allele_out,mse,all,HLA-B*35:03,pearson_log,0.565281900657258,376,376,False
baseline_plus_conditional_mean_logp,leave_one_allele_out,mse,all,HLA-B*35:03,auc_gt_2h,0.770578231292517,376,376,False
baseline_plus_conditional_mean_logp,leave_one_allele_out,mse,all,HLA-B*35:08,spearman,0.5691565411997337,27,27,False
baseline_plus_conditional_mean_logp,leave_one_allele_out,mse,all,HLA-B*35:08,pearson_log,0.6130079025961305,27,27,False
baseline_plus_conditional_mean_logp,leave_one_allele_out,mse,all,HLA-B*35:08,auc_gt_2h,0.8152173913043479,27,27,False
baseline_plus_conditional_mean_logp,leave_one_allele_out,mse,all,HLA-B*39:01,spearman,0.38116008602413803,680,680,False
baseline_plus_conditional_mean_logp,leave_one_allele_out,mse,all,HLA-B*39:01,pearson_log,0.40376684786689376,680,680,False
baseline_plus_conditional_mean_logp,leave_one_allele_out,mse,all,HLA-B*39:01,auc_gt_2h,0.7512551733496168,680,680,False
baseline_plus_conditional_mean_logp,leave_one_allele_out,mse,all,HLA-B*39:02,spearman,0.22826159116993544,375,375,False
baseline_plus_conditional_mean_logp,leave_one_allele_out,mse,all,HLA-B*39:02,pearson_log,0.23688953053631082,375,375,False
baseline_plus_conditional_mean_logp,leave_one_allele_out,mse,all,HLA-B*39:02,auc_gt_2h,0.6623261424921941,375,375,False
baseline_plus_conditional_mean_logp,leave_one_allele_out,mse,all,HLA-B*39:06(C67S),spearman,0.17183219878787465,379,379,False
baseline_plus_conditional_mean_logp,leave_one_allele_out,mse,all,HLA-B*39:06(C67S),pearson_log,0.27256582283016073,379,379,False
baseline_plus_conditional_mean_logp,leave_one_allele_out,mse,all,HLA-B*39:06(C67S),auc_gt_2h,0.7484361036639856,379,379,False
baseline_plus_conditional_mean_logp,leave_one_allele_out,mse,all,HLA-B*39:10,spearman,0.5510864768585032,376,376,False
baseline_plus_conditional_mean_logp,leave_one_allele_out,mse,all,HLA-B*39:10,pearson_log,0.5345828589118632,376,376,False
baseline_plus_conditional_mean_logp,leave_one_allele_out,mse,all,HLA-B*39:10,auc_gt_2h,0.7610221063089916,376,376,False
baseline_plus_conditional_mean_logp,leave_one_allele_out,mse,all,HLA-B*40:01,spearman,0.3088010365739488,302,302,False
baseline_plus_conditional_mean_logp,leave_one_allele_out,mse,all,HLA-B*40:01,pearson_log,0.26288211935038447,302,302,False
baseline_plus_conditional_mean_logp,leave_one_allele_out,mse,all,HLA-B*40:01,auc_gt_2h,0.6037990196078432,302,302,False
baseline_plus_conditional_mean_logp,leave_one_allele_out,mse,all,HLA-B*40:02,spearman,0.2771929824561403,19,19,False
baseline_plus_conditional_mean_logp,leave_one_allele_out,mse,all,HLA-B*40:02,pearson_log,0.03743944275243588,19,19,False
baseline_plus_conditional_mean_logp,leave_one_allele_out,mse,all,HLA-B*40:02,auc_gt_2h,0.5833333333333333,19,19,False
baseline_plus_conditional_mean_logp,leave_one_allele_out,mse,all,HLA-B*41:01,spearman,0.49011063845114927,368,368,False
baseline_plus_conditional_mean_logp,leave_one_allele_out,mse,all,HLA-B*41:01,pearson_log,0.4985699434523359,368,368,False
baseline_plus_conditional_mean_logp,leave_one_allele_out,mse,all,HLA-B*41:01,auc_gt_2h,0.8257984705353127,368,368,False
baseline_plus_conditional_mean_logp,leave_one_allele_out,mse,all,HLA-B*42:01,spearman,0.7671911007430223,350,350,False
baseline_plus_conditional_mean_logp,leave_one_allele_out,mse,all,HLA-B*42:01,pearson_log,0.7052891483370777,350,350,False
baseline_plus_conditional_mean_logp,leave_one_allele_out,mse,all,HLA-B*42:01,auc_gt_2h,0.9177294772768098,350,350,False
baseline_plus_conditional_mean_logp,leave_one_allele_out,mse,all,HLA-B*42:02,spearman,0.6846185548854595,376,376,False
baseline_plus_conditional_mean_logp,leave_one_allele_out,mse,all,HLA-B*42:02,pearson_log,0.681984477677539,376,376,False
baseline_plus_conditional_mean_logp,leave_one_allele_out,mse,all,HLA-B*42:02,auc_gt_2h,0.8345286442581872,376,376,False
baseline_plus_conditional_mean_logp,leave_one_allele_out,mse,all,HLA-B*44:05,spearman,0.03349167596242786,352,352,False
baseline_plus_conditional_mean_logp,leave_one_allele_out,mse,all,HLA-B*44:05,pearson_log,-0.017871423659978597,352,352,False
baseline_plus_conditional_mean_logp,leave_one_allele_out,mse,all,HLA-B*44:05,auc_gt_2h,0.4979120692581904,352,352,False
baseline_plus_conditional_mean_logp,leave_one_allele_out,mse,all,HLA-B*45:01,spearman,0.33411712514984415,368,368,False
baseline_plus_conditional_mean_logp,leave_one_allele_out,mse,all,HLA-B*45:01,pearson_log,0.43396960866215484,368,368,False
baseline_plus_conditional_mean_logp,leave_one_allele_out,mse,all,HLA-B*45:01,auc_gt_2h,0.8377677376171352,368,368,False
baseline_plus_conditional_mean_logp,leave_one_allele_out,mse,all,HLA-B*46:01,spearman,0.1493510747373818,361,361,False
baseline_plus_conditional_mean_logp,leave_one_allele_out,mse,all,HLA-B*46:01,pearson_log,0.15835749969744836,361,361,False
baseline_plus_conditional_mean_logp,leave_one_allele_out,mse,all,HLA-B*46:01,auc_gt_2h,0.6071570379193965,361,361,False
baseline_plus_conditional_mean_logp,leave_one_allele_out,mse,all,HLA-B*51:01,spearman,0.3212271845629641,353,353,False
baseline_plus_conditional_mean_logp,leave_one_allele_out,mse,all,HLA-B*51:01,pearson_log,0.34219787936604107,353,353,False
baseline_plus_conditional_mean_logp,leave_one_allele_out,mse,all,HLA-B*51:01,auc_gt_2h,0.6704657700782615,353,353,False
baseline_plus_conditional_mean_logp,leave_one_allele_out,mse,all,HLA-B*54:01,spearman,0.5547554068611483,357,357,False
baseline_plus_conditional_mean_logp,leave_one_allele_out,mse,all,HLA-B*54:01,pearson_log,0.6014917460647338,357,357,False
baseline_plus_conditional_mean_logp,leave_one_allele_out,mse,all,HLA-B*54:01,auc_gt_2h,0.8295019157088122,357,357,False
baseline_plus_conditional_mean_logp,leave_one_allele_out,mse,all,HLA-B*55:01,spearman,0.7165942188373093,378,378,False
baseline_plus_conditional_mean_logp,leave_one_allele_out,mse,all,HLA-B*55:01,pearson_log,0.7805909306857498,378,378,False
baseline_plus_conditional_mean_logp,leave_one_allele_out,mse,all,HLA-B*55:01,auc_gt_2h,0.933650514557584,378,378,False
baseline_plus_conditional_mean_logp,leave_one_allele_out,mse,all,HLA-B*56:01,spearman,0.764930241246443,368,368,False
baseline_plus_conditional_mean_logp,leave_one_allele_out,mse,all,HLA-B*56:01,pearson_log,0.8040869636624747,368,368,False
baseline_plus_conditional_mean_logp,leave_one_allele_out,mse,all,HLA-B*56:01,auc_gt_2h,0.9367209971236816,368,368,False
baseline_plus_conditional_mean_logp,leave_one_allele_out,mse,all,HLA-B*57:01,spearman,0.6556234294120519,349,349,False
baseline_plus_conditional_mean_logp,leave_one_allele_out,mse,all,HLA-B*57:01,pearson_log,0.4642508611201199,349,349,False
baseline_plus_conditional_mean_logp,leave_one_allele_out,mse,all,HLA-B*57:01,auc_gt_2h,0.7986240786240786,349,349,False
baseline_plus_conditional_mean_logp,leave_one_allele_out,mse,all,HLA-B*57:02,spearman,0.5434943255527284,363,363,False
baseline_plus_conditional_mean_logp,leave_one_allele_out,mse,all,HLA-B*57:02,pearson_log,0.5414398984258321,363,363,False
baseline_plus_conditional_mean_logp,leave_one_allele_out,mse,all,HLA-B*57:02,auc_gt_2h,0.7578968149513029,363,363,False
baseline_plus_conditional_mean_logp,leave_one_allele_out,mse,all,HLA-B*57:03,spearman,0.5510808248693803,369,369,False
baseline_plus_conditional_mean_logp,leave_one_allele_out,mse,all,HLA-B*57:03,pearson_log,0.5549878518387859,369,369,False
baseline_plus_conditional_mean_logp,leave_one_allele_out,mse,all,HLA-B*57:03,auc_gt_2h,0.8445351473922902,369,369,False
baseline_plus_conditional_mean_logp,leave_one_allele_out,mse,all,HLA-B*58:01,spearman,0.6568912990564602,379,379,False
baseline_plus_conditional_mean_logp,leave_one_allele_out,mse,all,HLA-B*58:01,pearson_log,0.5817199175002434,379,379,False
baseline_plus_conditional_mean_logp,leave_one_allele_out,mse,all,HLA-B*58:01,auc_gt_2h,0.8215642458100558,379,379,False
baseline_plus_conditional_mean_logp,leave_one_allele_out,mse,all,HLA-B*81:01,spearman,0.4749209974604793,367,367,False
baseline_plus_conditional_mean_logp,leave_one_allele_out,mse,all,HLA-B*81:01,pearson_log,0.479715167761927,367,367,False
baseline_plus_conditional_mean_logp,leave_one_allele_out,mse,all,HLA-B*81:01,auc_gt_2h,0.4952956989247312,367,367,False
baseline_plus_conditional_mean_logp,leave_one_allele_out,mse,nonzero,HLA-A*01:01,spearman,0.12264538656862851,207,207,False
baseline_plus_conditional_mean_logp,leave_one_allele_out,mse,nonzero,HLA-A*01:01,pearson_log,0.11952387334089752,207,207,False
baseline_plus_conditional_mean_logp,leave_one_allele_out,mse,nonzero,HLA-A*01:01,auc_gt_2h,0.6102079395085066,207,207,False
baseline_plus_conditional_mean_logp,leave_one_allele_out,mse,nonzero,HLA-A*02:01,spearman,0.6180930182541929,1007,1007,False
baseline_plus_conditional_mean_logp,leave_one_allele_out,mse,nonzero,HLA-A*02:01,pearson_log,0.5878272134221996,1007,1007,False
baseline_plus_conditional_mean_logp,leave_one_allele_out,mse,nonzero,HLA-A*02:01,auc_gt_2h,0.7998672639787621,1007,1007,False
baseline_plus_conditional_mean_logp,leave_one_allele_out,mse,nonzero,HLA-A*02:03,spearman,0.684781841906475,365,365,False
baseline_plus_conditional_mean_logp,leave_one_allele_out,mse,nonzero,HLA-A*02:03,pearson_log,0.6640751559371257,365,365,False
baseline_plus_conditional_mean_logp,leave_one_allele_out,mse,nonzero,HLA-A*02:03,auc_gt_2h,0.8293040293040294,365,365,False
baseline_plus_conditional_mean_logp,leave_one_allele_out,mse,nonzero,HLA-A*02:05,spearman,0.40142905657298517,21,21,False
baseline_plus_conditional_mean_logp,leave_one_allele_out,mse,nonzero,HLA-A*02:05,pearson_log,0.4531786390280854,21,21,False
baseline_plus_conditional_mean_logp,leave_one_allele_out,mse,nonzero,HLA-A*02:05,auc_gt_2h,0.811111111111111,21,21,False
baseline_plus_conditional_mean_logp,leave_one_allele_out,mse,nonzero,HLA-A*02:10,spearman,0.3216771223450134,352,352,False
baseline_plus_conditional_mean_logp,leave_one_allele_out,mse,nonzero,HLA-A*02:10,pearson_log,0.3049649895372344,352,352,False
baseline_plus_conditional_mean_logp,leave_one_allele_out,mse,nonzero,HLA-A*02:10,auc_gt_2h,0.6692223084886127,352,352,False
baseline_plus_conditional_mean_logp,leave_one_allele_out,mse,nonzero,HLA-A*02:11,spearman,0.5726563744953547,375,375,False
baseline_plus_conditional_mean_logp,leave_one_allele_out,mse,nonzero,HLA-A*02:11,pearson_log,0.5615268441615193,375,375,False
baseline_plus_conditional_mean_logp,leave_one_allele_out,mse,nonzero,HLA-A*02:11,auc_gt_2h,0.8128042328042328,375,375,False
baseline_plus_conditional_mean_logp,leave_one_allele_out,mse,nonzero,HLA-A*02:12,spearman,0.7832515102225809,363,363,False
baseline_plus_conditional_mean_logp,leave_one_allele_out,mse,nonzero,HLA-A*02:12,pearson_log,0.779806927820975,363,363,False
baseline_plus_conditional_mean_logp,leave_one_allele_out,mse,nonzero,HLA-A*02:12,auc_gt_2h,0.9104554381370991,363,363,False
baseline_plus_conditional_mean_logp,leave_one_allele_out,mse,nonzero,HLA-A*02:16,spearman,0.7319345927573617,368,368,False
baseline_plus_conditional_mean_logp,leave_one_allele_out,mse,nonzero,HLA-A*02:16,pearson_log,0.7361760605224796,368,368,False
baseline_plus_conditional_mean_logp,leave_one_allele_out,mse,nonzero,HLA-A*02:16,auc_gt_2h,0.8997058282772569,368,368,False
baseline_plus_conditional_mean_logp,leave_one_allele_out,mse,nonzero,HLA-A*02:19,spearman,0.677986331343947,338,338,False
baseline_plus_conditional_mean_logp,leave_one_allele_out,mse,nonzero,HLA-A*02:19,pearson_log,0.675084063043782,338,338,False
baseline_plus_conditional_mean_logp,leave_one_allele_out,mse,nonzero,HLA-A*02:19,auc_gt_2h,0.815858843537415,338,338,False
baseline_plus_conditional_mean_logp,leave_one_allele_out,mse,nonzero,HLA-A*02:50,spearman,0.5751368881757147,373,373,False
baseline_plus_conditional_mean_logp,leave_one_allele_out,mse,nonzero,HLA-A*02:50,pearson_log,0.5746682957282887,373,373,False
baseline_plus_conditional_mean_logp,leave_one_allele_out,mse,nonzero,HLA-A*02:50,auc_gt_2h,0.8441200397722137,373,373,False
baseline_plus_conditional_mean_logp,leave_one_allele_out,mse,nonzero,HLA-A*03:01,spearman,0.4972524590211541,683,683,False
baseline_plus_conditional_mean_logp,leave_one_allele_out,mse,nonzero,HLA-A*03:01,pearson_log,0.4989739178596721,683,683,False
baseline_plus_conditional_mean_logp,leave_one_allele_out,mse,nonzero,HLA-A*03:01,auc_gt_2h,0.7272337212096248,683,683,False
baseline_plus_conditional_mean_logp,leave_one_allele_out,mse,nonzero,HLA-A*11:01,spearman,0.6585397384004474,548,548,False
baseline_plus_conditional_mean_logp,leave_one_allele_out,mse,nonzero,HLA-A*11:01,pearson_log,0.6612853309769195,548,548,False
baseline_plus_conditional_mean_logp,leave_one_allele_out,mse,nonzero,HLA-A*11:01,auc_gt_2h,0.8173508204167376,548,548,False
baseline_plus_conditional_mean_logp,leave_one_allele_out,mse,nonzero,HLA-A*23:01,spearman,0.8250897856046364,372,372,False
baseline_plus_conditional_mean_logp,leave_one_allele_out,mse,nonzero,HLA-A*23:01,pearson_log,0.811991929546275,372,372,False
baseline_plus_conditional_mean_logp,leave_one_allele_out,mse,nonzero,HLA-A*23:01,auc_gt_2h,0.9209317915200269,372,372,False
baseline_plus_conditional_mean_logp,leave_one_allele_out,mse,nonzero,HLA-A*24:02,spearman,0.7146679598633479,563,563,False
baseline_plus_conditional_mean_logp,leave_one_allele_out,mse,nonzero,HLA-A*24:02,pearson_log,0.723065005953428,563,563,False
baseline_plus_conditional_mean_logp,leave_one_allele_out,mse,nonzero,HLA-A*24:02,auc_gt_2h,0.8576343590924207,563,563,False
baseline_plus_conditional_mean_logp,leave_one_allele_out,mse,nonzero,HLA-A*24:03,spearman,0.6431520619327549,512,512,False
baseline_plus_conditional_mean_logp,leave_one_allele_out,mse,nonzero,HLA-A*24:03,pearson_log,0.6147486275807018,512,512,False
baseline_plus_conditional_mean_logp,leave_one_allele_out,mse,nonzero,HLA-A*24:03,auc_gt_2h,0.8185763888888888,512,512,False
baseline_plus_conditional_mean_logp,leave_one_allele_out,mse,nonzero,HLA-A*24:07,spearman,0.7497522453725707,348,348,False
baseline_plus_conditional_mean_logp,leave_one_allele_out,mse,nonzero,HLA-A*24:07,pearson_log,0.746984710529002,348,348,False
baseline_plus_conditional_mean_logp,leave_one_allele_out,mse,nonzero,HLA-A*24:07,auc_gt_2h,0.849239417989418,348,348,False
baseline_plus_conditional_mean_logp,leave_one_allele_out,mse,nonzero,HLA-A*24:19,spearman,0.36538448653627753,280,280,False
baseline_plus_conditional_mean_logp,leave_one_allele_out,mse,nonzero,HLA-A*24:19,pearson_log,0.33401540287750975,280,280,False
baseline_plus_conditional_mean_logp,leave_one_allele_out,mse,nonzero,HLA-A*24:19,auc_gt_2h,0.5520124716553289,280,280,False
baseline_plus_conditional_mean_logp,leave_one_allele_out,mse,nonzero,HLA-A*25:01,spearman,0.38930616085331987,256,256,False
baseline_plus_conditional_mean_logp,leave_one_allele_out,mse,nonzero,HLA-A*25:01,pearson_log,0.3909376166599304,256,256,False
baseline_plus_conditional_mean_logp,leave_one_allele_out,mse,nonzero,HLA-A*25:01,auc_gt_2h,0.7183400267737616,256,256,False
baseline_plus_conditional_mean_logp,leave_one_allele_out,mse,nonzero,HLA-A*26:01,spearman,0.6005324142935508,257,257,False
baseline_plus_conditional_mean_logp,leave_one_allele_out,mse,nonzero,HLA-A*26:01,pearson_log,0.6269475598871688,257,257,False
baseline_plus_conditional_mean_logp,leave_one_allele_out,mse,nonzero,HLA-A*26:01,auc_gt_2h,0.8340629274965801,257,257,False
baseline_plus_conditional_mean_logp,leave_one_allele_out,mse,nonzero,HLA-A*26:02,spearman,0.5691147068597519,315,315,False
baseline_plus_conditional_mean_logp,leave_one_allele_out,mse,nonzero,HLA-A*26:02,pearson_log,0.59502209613936,315,315,False
baseline_plus_conditional_mean_logp,leave_one_allele_out,mse,nonzero,HLA-A*26:02,auc_gt_2h,0.7893800813008129,315,315,False
baseline_plus_conditional_mean_logp,leave_one_allele_out,mse,nonzero,HLA-A*26:03,spearman,0.4148606563661824,243,243,False
baseline_plus_conditional_mean_logp,leave_one_allele_out,mse,nonzero,HLA-A*26:03,pearson_log,0.4362071944996634,243,243,False
baseline_plus_conditional_mean_logp,leave_one_allele_out,mse,nonzero,HLA-A*26:03,auc_gt_2h,0.6980828220858896,243,243,False
baseline_plus_conditional_mean_logp,leave_one_allele_out,mse,nonzero,HLA-A*29:02,spearman,0.3702563513859469,367,367,False
baseline_plus_conditional_mean_logp,leave_one_allele_out,mse,nonzero,HLA-A*29:02,pearson_log,0.38208805592520506,367,367,False
baseline_plus_conditional_mean_logp,leave_one_allele_out,mse,nonzero,HLA-A*29:02,auc_gt_2h,0.6976263262003237,367,367,False
baseline_plus_conditional_mean_logp,leave_one_allele_out,mse,nonzero,HLA-A*30:01,spearman,0.373360158770247,268,268,False
baseline_plus_conditional_mean_logp,leave_one_allele_out,mse,nonzero,HLA-A*30:01,pearson_log,0.3619697797545024,268,268,False
baseline_plus_conditional_mean_logp,leave_one_allele_out,mse,nonzero,HLA-A*30:01,auc_gt_2h,0.6555407209612817,268,268,False
baseline_plus_conditional_mean_logp,leave_one_allele_out,mse,nonzero,HLA-A*30:02,spearman,0.34947149216293133,344,344,False
baseline_plus_conditional_mean_logp,leave_one_allele_out,mse,nonzero,HLA-A*30:02,pearson_log,0.4098024520468838,344,344,False
baseline_plus_conditional_mean_logp,leave_one_allele_out,mse,nonzero,HLA-A*30:02,auc_gt_2h,0.6563766002268676,344,344,False
baseline_plus_conditional_mean_logp,leave_one_allele_out,mse,nonzero,HLA-A*31:01,spearman,0.5788670608654499,348,348,False
baseline_plus_conditional_mean_logp,leave_one_allele_out,mse,nonzero,HLA-A*31:01,pearson_log,0.5643521711050654,348,348,False
baseline_plus_conditional_mean_logp,leave_one_allele_out,mse,nonzero,HLA-A*31:01,auc_gt_2h,0.764734035279639,348,348,False
baseline_plus_conditional_mean_logp,leave_one_allele_out,mse,nonzero,HLA-A*32:01,spearman,0.8477736143584359,28,28,False
baseline_plus_conditional_mean_logp,leave_one_allele_out,mse,nonzero,HLA-A*32:01,pearson_log,0.8174864005599309,28,28,False
baseline_plus_conditional_mean_logp,leave_one_allele_out,mse,nonzero,HLA-A*32:01,auc_gt_2h,0.9358288770053476,28,28,False
baseline_plus_conditional_mean_logp,leave_one_allele_out,mse,nonzero,HLA-A*32:07,spearman,0.5043680634494336,231,231,False
baseline_plus_conditional_mean_logp,leave_one_allele_out,mse,nonzero,HLA-A*32:07,pearson_log,0.5172899214425057,231,231,False
baseline_plus_conditional_mean_logp,leave_one_allele_out,mse,nonzero,HLA-A*32:07,auc_gt_2h,0.7428940568475453,231,231,False
baseline_plus_conditional_mean_logp,leave_one_allele_out,mse,nonzero,HLA-A*33:03,spearman,0.4776534677022283,235,235,False
baseline_plus_conditional_mean_logp,leave_one_allele_out,mse,nonzero,HLA-A*33:03,pearson_log,0.5019376374555691,235,235,False
baseline_plus_conditional_mean_logp,leave_one_allele_out,mse,nonzero,HLA-A*33:03,auc_gt_2h,0.7007575757575758,235,235,False
baseline_plus_conditional_mean_logp,leave_one_allele_out,mse,nonzero,HLA-A*43:01,spearman,0.3194081026413643,278,278,False
baseline_plus_conditional_mean_logp,leave_one_allele_out,mse,nonzero,HLA-A*43:01,pearson_log,0.32156452297782234,278,278,False
baseline_plus_conditional_mean_logp,leave_one_allele_out,mse,nonzero,HLA-A*43:01,auc_gt_2h,0.7330451785530514,278,278,False
baseline_plus_conditional_mean_logp,leave_one_allele_out,mse,nonzero,HLA-A*66:01,spearman,0.37278603113366626,234,234,False
baseline_plus_conditional_mean_logp,leave_one_allele_out,mse,nonzero,HLA-A*66:01,pearson_log,0.4208430726168679,234,234,False
baseline_plus_conditional_mean_logp,leave_one_allele_out,mse,nonzero,HLA-A*66:01,auc_gt_2h,0.7240196078431372,234,234,False
baseline_plus_conditional_mean_logp,leave_one_allele_out,mse,nonzero,HLA-A*68:01,spearman,0.3464330915002226,287,287,False
baseline_plus_conditional_mean_logp,leave_one_allele_out,mse,nonzero,HLA-A*68:01,pearson_log,0.3688433446682782,287,287,False
baseline_plus_conditional_mean_logp,leave_one_allele_out,mse,nonzero,HLA-A*68:01,auc_gt_2h,0.6664388243335612,287,287,False
baseline_plus_conditional_mean_logp,leave_one_allele_out,mse,nonzero,HLA-A*68:02,spearman,-0.01031690067230195,16,16,False
baseline_plus_conditional_mean_logp,leave_one_allele_out,mse,nonzero,HLA-A*68:02,pearson_log,-0.013130181626995724,16,16,False
baseline_plus_conditional_mean_logp,leave_one_allele_out,mse,nonzero,HLA-A*68:02,auc_gt_2h,0.6428571428571428,16,16,False
baseline_plus_conditional_mean_logp,leave_one_allele_out,mse,nonzero,HLA-A*68:23,spearman,0.31633512136473185,313,313,False
baseline_plus_conditional_mean_logp,leave_one_allele_out,mse,nonzero,HLA-A*68:23,pearson_log,0.31992940224614014,313,313,False
baseline_plus_conditional_mean_logp,leave_one_allele_out,mse,nonzero,HLA-A*68:23,auc_gt_2h,0.7035851472471191,313,313,False
baseline_plus_conditional_mean_logp,leave_one_allele_out,mse,nonzero,HLA-A*69:01,spearman,-0.018293022999573125,10,10,False
baseline_plus_conditional_mean_logp,leave_one_allele_out,mse,nonzero,HLA-A*69:01,pearson_log,-0.10742146903203759,10,10,False
baseline_plus_conditional_mean_logp,leave_one_allele_out,mse,nonzero,HLA-A*69:01,auc_gt_2h,0.125,10,10,False
baseline_plus_conditional_mean_logp,leave_one_allele_out,mse,nonzero,HLA-A*74:01,spearman,0.492392450462775,304,304,False
baseline_plus_conditional_mean_logp,leave_one_allele_out,mse,nonzero,HLA-A*74:01,pearson_log,0.503183472936026,304,304,False
baseline_plus_conditional_mean_logp,leave_one_allele_out,mse,nonzero,HLA-A*74:01,auc_gt_2h,0.7330099267843507,304,304,False
baseline_plus_conditional_mean_logp,leave_one_allele_out,mse,nonzero,HLA-A*80:01,spearman,0.31012279598309206,182,182,False
baseline_plus_conditional_mean_logp,leave_one_allele_out,mse,nonzero,HLA-A*80:01,pearson_log,0.3729794171474003,182,182,False
baseline_plus_conditional_mean_logp,leave_one_allele_out,mse,nonzero,HLA-A*80:01,auc_gt_2h,0.7661319073083779,182,182,False
baseline_plus_conditional_mean_logp,leave_one_allele_out,mse,nonzero,HLA-B*07:02,spearman,0.48228984909972755,598,598,False
baseline_plus_conditional_mean_logp,leave_one_allele_out,mse,nonzero,HLA-B*07:02,pearson_log,0.48474083295085735,598,598,False
baseline_plus_conditional_mean_logp,leave_one_allele_out,mse,nonzero,HLA-B*07:02,auc_gt_2h,0.7445725787055204,598,598,False
baseline_plus_conditional_mean_logp,leave_one_allele_out,mse,nonzero,HLA-B*08:01,spearman,0.24264276230430606,331,331,False
baseline_plus_conditional_mean_logp,leave_one_allele_out,mse,nonzero,HLA-B*08:01,pearson_log,0.23270197273346976,331,331,False
baseline_plus_conditional_mean_logp,leave_one_allele_out,mse,nonzero,HLA-B*08:01,auc_gt_2h,0.7543589743589744,331,331,False
baseline_plus_conditional_mean_logp,leave_one_allele_out,mse,nonzero,HLA-B*08:03,spearman,0.3209257589853501,203,203,False
baseline_plus_conditional_mean_logp,leave_one_allele_out,mse,nonzero,HLA-B*08:03,pearson_log,0.3255779886224952,203,203,False
baseline_plus_conditional_mean_logp,leave_one_allele_out,mse,nonzero,HLA-B*08:03,auc_gt_2h,0.688168449197861,203,203,False
baseline_plus_conditional_mean_logp,leave_one_allele_out,mse,nonzero,HLA-B*13:02,spearman,-0.19999999999999998,4,4,False
baseline_plus_conditional_mean_logp,leave_one_allele_out,mse,nonzero,HLA-B*13:02,pearson_log,-0.6736799386371582,4,4,False
baseline_plus_conditional_mean_logp,leave_one_allele_out,mse,nonzero,HLA-B*13:02,auc_gt_2h,0.0,4,4,False
baseline_plus_conditional_mean_logp,leave_one_allele_out,mse,nonzero,HLA-B*14:01(C67S),spearman,0.19986267257819973,41,41,False
baseline_plus_conditional_mean_logp,leave_one_allele_out,mse,nonzero,HLA-B*14:01(C67S),pearson_log,0.3302485525443003,41,41,False
baseline_plus_conditional_mean_logp,leave_one_allele_out,mse,nonzero,HLA-B*14:01(C67S),auc_gt_2h,0.7451612903225806,41,41,False
baseline_plus_conditional_mean_logp,leave_one_allele_out,mse,nonzero,HLA-B*14:02(C67S),spearman,0.2347021858104436,96,96,False
baseline_plus_conditional_mean_logp,leave_one_allele_out,mse,nonzero,HLA-B*14:02(C67S),pearson_log,0.278659759908473,96,96,False
baseline_plus_conditional_mean_logp,leave_one_allele_out,mse,nonzero,HLA-B*14:02(C67S),auc_gt_2h,0.6636622390891841,96,96,False
baseline_plus_conditional_mean_logp,leave_one_allele_out,mse,nonzero,HLA-B*15:01,spearman,0.1641351966399868,1012,1012,False
baseline_plus_conditional_mean_logp,leave_one_allele_out,mse,nonzero,HLA-B*15:01,pearson_log,0.18033593005778042,1012,1012,False
baseline_plus_conditional_mean_logp,leave_one_allele_out,mse,nonzero,HLA-B*15:01,auc_gt_2h,0.6358848288449361,1012,1012,False
baseline_plus_conditional_mean_logp,leave_one_allele_out,mse,nonzero,HLA-B*15:02,spearman,0.3779078816119095,271,271,False
baseline_plus_conditional_mean_logp,leave_one_allele_out,mse,nonzero,HLA-B*15:02,pearson_log,0.36804569840814694,271,271,False
baseline_plus_conditional_mean_logp,leave_one_allele_out,mse,nonzero,HLA-B*15:02,auc_gt_2h,0.6786535303776683,271,271,False
baseline_plus_conditional_mean_logp,leave_one_allele_out,mse,nonzero,HLA-B*15:10,spearman,0.3597078916397594,304,304,False
baseline_plus_conditional_mean_logp,leave_one_allele_out,mse,nonzero,HLA-B*15:10,pearson_log,0.35289833324725134,304,304,False
baseline_plus_conditional_mean_logp,leave_one_allele_out,mse,nonzero,HLA-B*15:10,auc_gt_2h,0.6865786932732538,304,304,False
baseline_plus_conditional_mean_logp,leave_one_allele_out,mse,nonzero,HLA-B*15:17,spearman,0.1883654501608037,335,335,False
baseline_plus_conditional_mean_logp,leave_one_allele_out,mse,nonzero,HLA-B*15:17,pearson_log,0.19988283550126051,335,335,False
baseline_plus_conditional_mean_logp,leave_one_allele_out,mse,nonzero,HLA-B*15:17,auc_gt_2h,0.5860242831309739,335,335,False
baseline_plus_conditional_mean_logp,leave_one_allele_out,mse,nonzero,HLA-B*18:01,spearman,0.09610193877107678,315,315,False
baseline_plus_conditional_mean_logp,leave_one_allele_out,mse,nonzero,HLA-B*18:01,pearson_log,0.12055555333725773,315,315,False
baseline_plus_conditional_mean_logp,leave_one_allele_out,mse,nonzero,HLA-B*18:01,auc_gt_2h,0.5373610202746893,315,315,False
baseline_plus_conditional_mean_logp,leave_one_allele_out,mse,nonzero,HLA-B*27:02,spearman,0.6143251235502303,239,239,False
baseline_plus_conditional_mean_logp,leave_one_allele_out,mse,nonzero,HLA-B*27:02,pearson_log,0.6269811094796987,239,239,False
baseline_plus_conditional_mean_logp,leave_one_allele_out,mse,nonzero,HLA-B*27:02,auc_gt_2h,0.7597122302158273,239,239,False
baseline_plus_conditional_mean_logp,leave_one_allele_out,mse,nonzero,HLA-B*27:03,spearman,0.5818318130069975,237,237,False
baseline_plus_conditional_mean_logp,leave_one_allele_out,mse,nonzero,HLA-B*27:03,pearson_log,0.5819706945363767,237,237,False
baseline_plus_conditional_mean_logp,leave_one_allele_out,mse,nonzero,HLA-B*27:03,auc_gt_2h,0.824586628324946,237,237,False
baseline_plus_conditional_mean_logp,leave_one_allele_out,mse,nonzero,HLA-B*27:05,spearman,0.4016395905253034,307,307,False
baseline_plus_conditional_mean_logp,leave_one_allele_out,mse,nonzero,HLA-B*27:05,pearson_log,0.42262000714930104,307,307,False
baseline_plus_conditional_mean_logp,leave_one_allele_out,mse,nonzero,HLA-B*27:05,auc_gt_2h,0.7158348575908022,307,307,False
baseline_plus_conditional_mean_logp,leave_one_allele_out,mse,nonzero,HLA-B*27:20,spearman,0.4057681270609426,251,251,False
baseline_plus_conditional_mean_logp,leave_one_allele_out,mse,nonzero,HLA-B*27:20,pearson_log,0.4623340569170147,251,251,False
baseline_plus_conditional_mean_logp,leave_one_allele_out,mse,nonzero,HLA-B*27:20,auc_gt_2h,0.784313725490196,251,251,False
baseline_plus_conditional_mean_logp,leave_one_allele_out,mse,nonzero,HLA-B*35:01,spearman,0.4595271503815359,565,565,False
baseline_plus_conditional_mean_logp,leave_one_allele_out,mse,nonzero,HLA-B*35:01,pearson_log,0.45734797624201995,565,565,False
baseline_plus_conditional_mean_logp,leave_one_allele_out,mse,nonzero,HLA-B*35:01,auc_gt_2h,0.7421956097931488,565,565,False
baseline_plus_conditional_mean_logp,leave_one_allele_out,mse,nonzero,HLA-B*35:03,spearman,0.4703030540781301,357,357,False
baseline_plus_conditional_mean_logp,leave_one_allele_out,mse,nonzero,HLA-B*35:03,pearson_log,0.4691025528472136,357,357,False
baseline_plus_conditional_mean_logp,leave_one_allele_out,mse,nonzero,HLA-B*35:03,auc_gt_2h,0.748257066801876,357,357,False
baseline_plus_conditional_mean_logp,leave_one_allele_out,mse,nonzero,HLA-B*35:08,spearman,0.4940175914648507,25,25,False
baseline_plus_conditional_mean_logp,leave_one_allele_out,mse,nonzero,HLA-B*35:08,pearson_log,0.5809690016882182,25,25,False
baseline_plus_conditional_mean_logp,leave_one_allele_out,mse,nonzero,HLA-B*35:08,auc_gt_2h,0.7976190476190476,25,25,False
baseline_plus_conditional_mean_logp,leave_one_allele_out,mse,nonzero,HLA-B*39:01,spearman,0.294260620111661,547,547,False
baseline_plus_conditional_mean_logp,leave_one_allele_out,mse,nonzero,HLA-B*39:01,pearson_log,0.33084319080013674,547,547,False
baseline_plus_conditional_mean_logp,leave_one_allele_out,mse,nonzero,HLA-B*39:01,auc_gt_2h,0.7213042520378938,547,547,False
baseline_plus_conditional_mean_logp,leave_one_allele_out,mse,nonzero,HLA-B*39:02,spearman,0.2582043261779926,306,306,False
baseline_plus_conditional_mean_logp,leave_one_allele_out,mse,nonzero,HLA-B*39:02,pearson_log,0.2693901899756044,306,306,False
baseline_plus_conditional_mean_logp,leave_one_allele_out,mse,nonzero,HLA-B*39:02,auc_gt_2h,0.6561785986290938,306,306,False
baseline_plus_conditional_mean_logp,leave_one_allele_out,mse,nonzero,HLA-B*39:06(C67S),spearman,0.2634336372303817,30,30,False
baseline_plus_conditional_mean_logp,leave_one_allele_out,mse,nonzero,HLA-B*39:06(C67S),pearson_log,0.21733932983510865,30,30,False
baseline_plus_conditional_mean_logp,leave_one_allele_out,mse,nonzero,HLA-B*39:06(C67S),auc_gt_2h,0.6180555555555556,30,30,False
baseline_plus_conditional_mean_logp,leave_one_allele_out,mse,nonzero,HLA-B*39:10,spearman,0.474691246730806,341,341,False
baseline_plus_conditional_mean_logp,leave_one_allele_out,mse,nonzero,HLA-B*39:10,pearson_log,0.45260711549375465,341,341,False
baseline_plus_conditional_mean_logp,leave_one_allele_out,mse,nonzero,HLA-B*39:10,auc_gt_2h,0.7147625485888119,341,341,False
baseline_plus_conditional_mean_logp,leave_one_allele_out,mse,nonzero,HLA-B*40:01,spearman,0.27523351201892843,283,283,False
baseline_plus_conditional_mean_logp,leave_one_allele_out,mse,nonzero,HLA-B*40:01,pearson_log,0.2526224128284826,283,283,False
baseline_plus_conditional_mean_logp,leave_one_allele_out,mse,nonzero,HLA-B*40:01,auc_gt_2h,0.5895915678524375,283,283,False
baseline_plus_conditional_mean_logp,leave_one_allele_out,mse,nonzero,HLA-B*40:02,spearman,0.2771929824561403,19,19,False
baseline_plus_conditional_mean_logp,leave_one_allele_out,mse,nonzero,HLA-B*40:02,pearson_log,0.03743944275243588,19,19,False
baseline_plus_conditional_mean_logp,leave_one_allele_out,mse,nonzero,HLA-B*40:02,auc_gt_2h,0.5833333333333333,19,19,False
baseline_plus_conditional_mean_logp,leave_one_allele_out,mse,nonzero,HLA-B*41:01,spearman,0.29252801570678294,148,148,False
baseline_plus_conditional_mean_logp,leave_one_allele_out,mse,nonzero,HLA-B*41:01,pearson_log,0.3267216518836532,148,148,False
baseline_plus_conditional_mean_logp,leave_one_allele_out,mse,nonzero,HLA-B*41:01,auc_gt_2h,0.7046027742749054,148,148,False
baseline_plus_conditional_mean_logp,leave_one_allele_out,mse,nonzero,HLA-B*42:01,spearman,0.7639160835941049,342,342,False
baseline_plus_conditional_mean_logp,leave_one_allele_out,mse,nonzero,HLA-B*42:01,pearson_log,0.7308529033483182,342,342,False
baseline_plus_conditional_mean_logp,leave_one_allele_out,mse,nonzero,HLA-B*42:01,auc_gt_2h,0.9231733649091036,342,342,False
baseline_plus_conditional_mean_logp,leave_one_allele_out,mse,nonzero,HLA-B*42:02,spearman,0.6228275461136863,340,340,False
baseline_plus_conditional_mean_logp,leave_one_allele_out,mse,nonzero,HLA-B*42:02,pearson_log,0.6034915956482139,340,340,False
baseline_plus_conditional_mean_logp,leave_one_allele_out,mse,nonzero,HLA-B*42:02,auc_gt_2h,0.8083948563308031,340,340,False
baseline_plus_conditional_mean_logp,leave_one_allele_out,mse,nonzero,HLA-B*44:05,spearman,0.05881164106579014,332,332,False
baseline_plus_conditional_mean_logp,leave_one_allele_out,mse,nonzero,HLA-B*44:05,pearson_log,0.048875846495031995,332,332,False
baseline_plus_conditional_mean_logp,leave_one_allele_out,mse,nonzero,HLA-B*44:05,auc_gt_2h,0.506936990657921,332,332,False
baseline_plus_conditional_mean_logp,leave_one_allele_out,mse,nonzero,HLA-B*45:01,spearman,0.3594154678231065,121,121,False
baseline_plus_conditional_mean_logp,leave_one_allele_out,mse,nonzero,HLA-B*45:01,pearson_log,0.4455127711931227,121,121,False
baseline_plus_conditional_mean_logp,leave_one_allele_out,mse,nonzero,HLA-B*45:01,auc_gt_2h,0.7908496732026145,121,121,False
baseline_plus_conditional_mean_logp,leave_one_allele_out,mse,nonzero,HLA-B*46:01,spearman,0.19729537782729661,213,213,False
baseline_plus_conditional_mean_logp,leave_one_allele_out,mse,nonzero,HLA-B*46:01,pearson_log,0.18950510425839906,213,213,False
baseline_plus_conditional_mean_logp,leave_one_allele_out,mse,nonzero,HLA-B*46:01,auc_gt_2h,0.6007447665056361,213,213,False
baseline_plus_conditional_mean_logp,leave_one_allele_out,mse,nonzero,HLA-B*51:01,spearman,0.14414662174958268,174,174,False
baseline_plus_conditional_mean_logp,leave_one_allele_out,mse,nonzero,HLA-B*51:01,pearson_log,0.14329605247414426,174,174,False
baseline_plus_conditional_mean_logp,leave_one_allele_out,mse,nonzero,HLA-B*51:01,auc_gt_2h,0.583205467987167,174,174,False
baseline_plus_conditional_mean_logp,leave_one_allele_out,mse,nonzero,HLA-B*54:01,spearman,0.5523949660007823,210,210,False
baseline_plus_conditional_mean_logp,leave_one_allele_out,mse,nonzero,HLA-B*54:01,pearson_log,0.557454799572824,210,210,False
baseline_plus_conditional_mean_logp,leave_one_allele_out,mse,nonzero,HLA-B*54:01,auc_gt_2h,0.7786188206709652,210,210,False
baseline_plus_conditional_mean_logp,leave_one_allele_out,mse,nonzero,HLA-B*55:01,spearman,0.6177938545084971,168,168,False
baseline_plus_conditional_mean_logp,leave_one_allele_out,mse,nonzero,HLA-B*55:01,pearson_log,0.6593856878781992,168,168,False
baseline_plus_conditional_mean_logp,leave_one_allele_out,mse,nonzero,HLA-B*55:01,auc_gt_2h,0.8549103722996783,168,168,False
baseline_plus_conditional_mean_logp,leave_one_allele_out,mse,nonzero,HLA-B*56:01,spearman,0.6970796672720457,190,190,False
baseline_plus_conditional_mean_logp,leave_one_allele_out,mse,nonzero,HLA-B*56:01,pearson_log,0.7178180290929881,190,190,False
baseline_plus_conditional_mean_logp,leave_one_allele_out,mse,nonzero,HLA-B*56:01,auc_gt_2h,0.8855952380952381,190,190,False
baseline_plus_conditional_mean_logp,leave_one_allele_out,mse,nonzero,HLA-B*57:01,spearman,0.6587675494196978,303,303,False
baseline_plus_conditional_mean_logp,leave_one_allele_out,mse,nonzero,HLA-B*57:01,pearson_log,0.6282642921338369,303,303,False
baseline_plus_conditional_mean_logp,leave_one_allele_out,mse,nonzero,HLA-B*57:01,auc_gt_2h,0.8384415584415584,303,303,False
baseline_plus_conditional_mean_logp,leave_one_allele_out,mse,nonzero,HLA-B*57:02,spearman,0.49455897235689145,339,339,False
baseline_plus_conditional_mean_logp,leave_one_allele_out,mse,nonzero,HLA-B*57:02,pearson_log,0.47744670193658567,339,339,False
baseline_plus_conditional_mean_logp,leave_one_allele_out,mse,nonzero,HLA-B*57:02,auc_gt_2h,0.739430416911333,339,339,False
baseline_plus_conditional_mean_logp,leave_one_allele_out,mse,nonzero,HLA-B*57:03,spearman,0.5444414579879999,367,367,False
baseline_plus_conditional_mean_logp,leave_one_allele_out,mse,nonzero,HLA-B*57:03,pearson_log,0.5578230492017682,367,367,False
baseline_plus_conditional_mean_logp,leave_one_allele_out,mse,nonzero,HLA-B*57:03,auc_gt_2h,0.8408349641226353,367,367,False
baseline_plus_conditional_mean_logp,leave_one_allele_out,mse,nonzero,HLA-B*58:01,spearman,0.6522969552428334,320,320,False
baseline_plus_conditional_mean_logp,leave_one_allele_out,mse,nonzero,HLA-B*58:01,pearson_log,0.6184655216353258,320,320,False
baseline_plus_conditional_mean_logp,leave_one_allele_out,mse,nonzero,HLA-B*58:01,auc_gt_2h,0.8040833333333333,320,320,False
baseline_plus_conditional_mean_logp,leave_one_allele_out,mse,nonzero,HLA-B*81:01,spearman,0.31924785983665444,312,312,False
baseline_plus_conditional_mean_logp,leave_one_allele_out,mse,nonzero,HLA-B*81:01,pearson_log,0.25993542042374096,312,312,False
baseline_plus_conditional_mean_logp,leave_one_allele_out,mse,nonzero,HLA-B*81:01,auc_gt_2h,0.43829640684192395,312,312,False
baseline_plus_conditional_mean_logp,peptide_disjoint,mse,all,HLA-A*01:01,spearman,0.32442459531818896,37,37,False
baseline_plus_conditional_mean_logp,peptide_disjoint,mse,all,HLA-A*01:01,pearson_log,0.45051808498946994,37,37,False
baseline_plus_conditional_mean_logp,peptide_disjoint,mse,all,HLA-A*01:01,auc_gt_2h,0.8111111111111112,37,37,False
baseline_plus_conditional_mean_logp,peptide_disjoint,mse,all,HLA-A*02:01,spearman,0.738763898841855,197,197,False
baseline_plus_conditional_mean_logp,peptide_disjoint,mse,all,HLA-A*02:01,pearson_log,0.7136471813112285,197,197,False
baseline_plus_conditional_mean_logp,peptide_disjoint,mse,all,HLA-A*02:01,auc_gt_2h,0.8790560471976401,197,197,False
baseline_plus_conditional_mean_logp,peptide_disjoint,mse,all,HLA-A*02:03,spearman,0.5080669646638689,71,71,False
baseline_plus_conditional_mean_logp,peptide_disjoint,mse,all,HLA-A*02:03,pearson_log,0.48912961177943803,71,71,False
baseline_plus_conditional_mean_logp,peptide_disjoint,mse,all,HLA-A*02:03,auc_gt_2h,0.7101806239737274,71,71,False
baseline_plus_conditional_mean_logp,peptide_disjoint,mse,all,HLA-A*02:05,spearman,,1,1,True
baseline_plus_conditional_mean_logp,peptide_disjoint,mse,all,HLA-A*02:05,pearson_log,,1,1,True
baseline_plus_conditional_mean_logp,peptide_disjoint,mse,all,HLA-A*02:05,auc_gt_2h,,1,1,True
baseline_plus_conditional_mean_logp,peptide_disjoint,mse,all,HLA-A*02:10,spearman,0.4305439557704096,68,68,False
baseline_plus_conditional_mean_logp,peptide_disjoint,mse,all,HLA-A*02:10,pearson_log,0.4313873280525504,68,68,False
baseline_plus_conditional_mean_logp,peptide_disjoint,mse,all,HLA-A*02:10,auc_gt_2h,0.7114210985178726,68,68,False
baseline_plus_conditional_mean_logp,peptide_disjoint,mse,all,HLA-A*02:11,spearman,0.5770636202319401,69,69,False
baseline_plus_conditional_mean_logp,peptide_disjoint,mse,all,HLA-A*02:11,pearson_log,0.6145147757972137,69,69,False
baseline_plus_conditional_mean_logp,peptide_disjoint,mse,all,HLA-A*02:11,auc_gt_2h,0.90282131661442,69,69,False
baseline_plus_conditional_mean_logp,peptide_disjoint,mse,all,HLA-A*02:12,spearman,0.6350540347210241,69,69,False
baseline_plus_conditional_mean_logp,peptide_disjoint,mse,all,HLA-A*02:12,pearson_log,0.6555546242185214,69,69,False
baseline_plus_conditional_mean_logp,peptide_disjoint,mse,all,HLA-A*02:12,auc_gt_2h,0.9168421052631579,69,69,False
baseline_plus_conditional_mean_logp,peptide_disjoint,mse,all,HLA-A*02:16,spearman,0.6646935787706383,69,69,False
baseline_plus_conditional_mean_logp,peptide_disjoint,mse,all,HLA-A*02:16,pearson_log,0.6631381573431827,69,69,False
baseline_plus_conditional_mean_logp,peptide_disjoint,mse,all,HLA-A*02:16,auc_gt_2h,0.8216374269005848,69,69,False
baseline_plus_conditional_mean_logp,peptide_disjoint,mse,all,HLA-A*02:19,spearman,0.7050593923028455,67,67,False
baseline_plus_conditional_mean_logp,peptide_disjoint,mse,all,HLA-A*02:19,pearson_log,0.7223538198844125,67,67,False
baseline_plus_conditional_mean_logp,peptide_disjoint,mse,all,HLA-A*02:19,auc_gt_2h,0.8606060606060605,67,67,False
baseline_plus_conditional_mean_logp,peptide_disjoint,mse,all,HLA-A*02:50,spearman,0.498853423089432,69,69,False
baseline_plus_conditional_mean_logp,peptide_disjoint,mse,all,HLA-A*02:50,pearson_log,0.4769890657473135,69,69,False
baseline_plus_conditional_mean_logp,peptide_disjoint,mse,all,HLA-A*02:50,auc_gt_2h,0.7296380090497738,69,69,False
baseline_plus_conditional_mean_logp,peptide_disjoint,mse,all,HLA-A*03:01,spearman,0.6991847683780714,181,181,False
baseline_plus_conditional_mean_logp,peptide_disjoint,mse,all,HLA-A*03:01,pearson_log,0.6964797103648017,181,181,False
baseline_plus_conditional_mean_logp,peptide_disjoint,mse,all,HLA-A*03:01,auc_gt_2h,0.8545430741031684,181,181,False
baseline_plus_conditional_mean_logp,peptide_disjoint,mse,all,HLA-A*11:01,spearman,0.7143776306109991,121,121,False
baseline_plus_conditional_mean_logp,peptide_disjoint,mse,all,HLA-A*11:01,pearson_log,0.7043869590410388,121,121,False
baseline_plus_conditional_mean_logp,peptide_disjoint,mse,all,HLA-A*11:01,auc_gt_2h,0.8772675736961452,121,121,False
baseline_plus_conditional_mean_logp,peptide_disjoint,mse,all,HLA-A*23:01,spearman,0.7111302616670776,76,76,False
baseline_plus_conditional_mean_logp,peptide_disjoint,mse,all,HLA-A*23:01,pearson_log,0.7079593777636847,76,76,False
baseline_plus_conditional_mean_logp,peptide_disjoint,mse,all,HLA-A*23:01,auc_gt_2h,0.8937499999999999,76,76,False
baseline_plus_conditional_mean_logp,peptide_disjoint,mse,all,HLA-A*24:02,spearman,0.7257839605029427,114,114,False
baseline_plus_conditional_mean_logp,peptide_disjoint,mse,all,HLA-A*24:02,pearson_log,0.7345278510001436,114,114,False
baseline_plus_conditional_mean_logp,peptide_disjoint,mse,all,HLA-A*24:02,auc_gt_2h,0.8603125,114,114,False
baseline_plus_conditional_mean_logp,peptide_disjoint,mse,all,HLA-A*24:03,spearman,0.6730971326740711,107,107,False
baseline_plus_conditional_mean_logp,peptide_disjoint,mse,all,HLA-A*24:03,pearson_log,0.6219418370828004,107,107,False
baseline_plus_conditional_mean_logp,peptide_disjoint,mse,all,HLA-A*24:03,auc_gt_2h,0.8392729864575909,107,107,False
baseline_plus_conditional_mean_logp,peptide_disjoint,mse,all,HLA-A*24:07,spearman,0.7254923252635034,74,74,False
baseline_plus_conditional_mean_logp,peptide_disjoint,mse,all,HLA-A*24:07,pearson_log,0.7292546689025176,74,74,False
baseline_plus_conditional_mean_logp,peptide_disjoint,mse,all,HLA-A*24:07,auc_gt_2h,0.8552631578947368,74,74,False
baseline_plus_conditional_mean_logp,peptide_disjoint,mse,all,HLA-A*24:19,spearman,0.2798591013868081,80,80,False
baseline_plus_conditional_mean_logp,peptide_disjoint,mse,all,HLA-A*24:19,pearson_log,0.32782496806960004,80,80,False
baseline_plus_conditional_mean_logp,peptide_disjoint,mse,all,HLA-A*24:19,auc_gt_2h,0.7066666666666667,80,80,False
baseline_plus_conditional_mean_logp,peptide_disjoint,mse,all,HLA-A*25:01,spearman,0.5969527764181517,74,74,False
baseline_plus_conditional_mean_logp,peptide_disjoint,mse,all,HLA-A*25:01,pearson_log,0.594838652813279,74,74,False
baseline_plus_conditional_mean_logp,peptide_disjoint,mse,all,HLA-A*25:01,auc_gt_2h,0.8507177033492822,74,74,False
baseline_plus_conditional_mean_logp,peptide_disjoint,mse,all,HLA-A*26:01,spearman,0.6610531090105338,45,45,False
baseline_plus_conditional_mean_logp,peptide_disjoint,mse,all,HLA-A*26:01,pearson_log,0.6687658726718236,45,45,False
baseline_plus_conditional_mean_logp,peptide_disjoint,mse,all,HLA-A*26:01,auc_gt_2h,0.84,45,45,False
baseline_plus_conditional_mean_logp,peptide_disjoint,mse,all,HLA-A*26:02,spearman,0.5849821381440019,68,68,False
baseline_plus_conditional_mean_logp,peptide_disjoint,mse,all,HLA-A*26:02,pearson_log,0.5934376890961988,68,68,False
baseline_plus_conditional_mean_logp,peptide_disjoint,mse,all,HLA-A*26:02,auc_gt_2h,0.7906976744186047,68,68,False
baseline_plus_conditional_mean_logp,peptide_disjoint,mse,all,HLA-A*26:03,spearman,0.5509573513767849,75,75,False
baseline_plus_conditional_mean_logp,peptide_disjoint,mse,all,HLA-A*26:03,pearson_log,0.5482337042460215,75,75,False
baseline_plus_conditional_mean_logp,peptide_disjoint,mse,all,HLA-A*26:03,auc_gt_2h,0.7622950819672132,75,75,False
baseline_plus_conditional_mean_logp,peptide_disjoint,mse,all,HLA-A*29:02,spearman,0.515393680869562,73,73,False
baseline_plus_conditional_mean_logp,peptide_disjoint,mse,all,HLA-A*29:02,pearson_log,0.562914398921507,73,73,False
baseline_plus_conditional_mean_logp,peptide_disjoint,mse,all,HLA-A*29:02,auc_gt_2h,0.7978883861236802,73,73,False
baseline_plus_conditional_mean_logp,peptide_disjoint,mse,all,HLA-A*30:01,spearman,0.484534399903237,86,86,False
baseline_plus_conditional_mean_logp,peptide_disjoint,mse,all,HLA-A*30:01,pearson_log,0.5157903020411773,86,86,False
baseline_plus_conditional_mean_logp,peptide_disjoint,mse,all,HLA-A*30:01,auc_gt_2h,0.6413398692810458,86,86,False
baseline_plus_conditional_mean_logp,peptide_disjoint,mse,all,HLA-A*30:02,spearman,0.3412739566874023,73,73,False
baseline_plus_conditional_mean_logp,peptide_disjoint,mse,all,HLA-A*30:02,pearson_log,0.399571229220285,73,73,False
baseline_plus_conditional_mean_logp,peptide_disjoint,mse,all,HLA-A*30:02,auc_gt_2h,0.6756521739130434,73,73,False
baseline_plus_conditional_mean_logp,peptide_disjoint,mse,all,HLA-A*31:01,spearman,0.601715398454748,85,85,False
baseline_plus_conditional_mean_logp,peptide_disjoint,mse,all,HLA-A*31:01,pearson_log,0.5024575523045989,85,85,False
baseline_plus_conditional_mean_logp,peptide_disjoint,mse,all,HLA-A*31:01,auc_gt_2h,0.7972972972972973,85,85,False
baseline_plus_conditional_mean_logp,peptide_disjoint,mse,all,HLA-A*32:01,spearman,0.9746794344808963,5,5,False
baseline_plus_conditional_mean_logp,peptide_disjoint,mse,all,HLA-A*32:01,pearson_log,0.8753275722530083,5,5,False
baseline_plus_conditional_mean_logp,peptide_disjoint,mse,all,HLA-A*32:01,auc_gt_2h,1.0,5,5,False
baseline_plus_conditional_mean_logp,peptide_disjoint,mse,all,HLA-A*32:07,spearman,0.7942121707301792,76,76,False
baseline_plus_conditional_mean_logp,peptide_disjoint,mse,all,HLA-A*32:07,pearson_log,0.7984627639433747,76,76,False
baseline_plus_conditional_mean_logp,peptide_disjoint,mse,all,HLA-A*32:07,auc_gt_2h,0.8972033257747544,76,76,False
baseline_plus_conditional_mean_logp,peptide_disjoint,mse,all,HLA-A*33:03,spearman,0.4997347706287568,84,84,False
baseline_plus_conditional_mean_logp,peptide_disjoint,mse,all,HLA-A*33:03,pearson_log,0.4200457436388922,84,84,False
baseline_plus_conditional_mean_logp,peptide_disjoint,mse,all,HLA-A*33:03,auc_gt_2h,0.8061224489795918,84,84,False
baseline_plus_conditional_mean_logp,peptide_disjoint,mse,all,HLA-A*43:01,spearman,0.48751896551985496,73,73,False
baseline_plus_conditional_mean_logp,peptide_disjoint,mse,all,HLA-A*43:01,pearson_log,0.5036606262594269,73,73,False
baseline_plus_conditional_mean_logp,peptide_disjoint,mse,all,HLA-A*43:01,auc_gt_2h,0.7378472222222221,73,73,False
baseline_plus_conditional_mean_logp,peptide_disjoint,mse,all,HLA-A*66:01,spearman,0.31765579294990504,79,79,False
baseline_plus_conditional_mean_logp,peptide_disjoint,mse,all,HLA-A*66:01,pearson_log,0.28592195317339736,79,79,False
baseline_plus_conditional_mean_logp,peptide_disjoint,mse,all,HLA-A*66:01,auc_gt_2h,0.5633333333333332,79,79,False
baseline_plus_conditional_mean_logp,peptide_disjoint,mse,all,HLA-A*68:01,spearman,0.5818735916579238,85,85,False
baseline_plus_conditional_mean_logp,peptide_disjoint,mse,all,HLA-A*68:01,pearson_log,0.5914027771602333,85,85,False
baseline_plus_conditional_mean_logp,peptide_disjoint,mse,all,HLA-A*68:01,auc_gt_2h,0.7934662236987818,85,85,False
baseline_plus_conditional_mean_logp,peptide_disjoint,mse,all,HLA-A*68:02,spearman,,1,1,True
baseline_plus_conditional_mean_logp,peptide_disjoint,mse,all,HLA-A*68:02,pearson_log,,1,1,True
baseline_plus_conditional_mean_logp,peptide_disjoint,mse,all,HLA-A*68:02,auc_gt_2h,,1,1,True
baseline_plus_conditional_mean_logp,peptide_disjoint,mse,all,HLA-A*68:23,spearman,0.5449657980706036,79,79,False
baseline_plus_conditional_mean_logp,peptide_disjoint,mse,all,HLA-A*68:23,pearson_log,0.5834479537511773,79,79,False
baseline_plus_conditional_mean_logp,peptide_disjoint,mse,all,HLA-A*68:23,auc_gt_2h,0.7649253731343284,79,79,False
baseline_plus_conditional_mean_logp,peptide_disjoint,mse,all,HLA-A*69:01,spearman,,1,1,True
baseline_plus_conditional_mean_logp,peptide_disjoint,mse,all,HLA-A*69:01,pearson_log,,1,1,True
baseline_plus_conditional_mean_logp,peptide_disjoint,mse,all,HLA-A*69:01,auc_gt_2h,,1,1,True
baseline_plus_conditional_mean_logp,peptide_disjoint,mse,all,HLA-A*74:01,spearman,0.7295524392092289,78,78,False
baseline_plus_conditional_mean_logp,peptide_disjoint,mse,all,HLA-A*74:01,pearson_log,0.7187340772396824,78,78,False
baseline_plus_conditional_mean_logp,peptide_disjoint,mse,all,HLA-A*74:01,auc_gt_2h,0.8483849703361899,78,78,False
baseline_plus_conditional_mean_logp,peptide_disjoint,mse,all,HLA-A*80:01,spearman,0.4078042800546648,68,68,False
baseline_plus_conditional_mean_logp,peptide_disjoint,mse,all,HLA-A*80:01,pearson_log,0.4820356427779649,68,68,False
baseline_plus_conditional_mean_logp,peptide_disjoint,mse,all,HLA-A*80:01,auc_gt_2h,0.98046875,68,68,False
baseline_plus_conditional_mean_logp,peptide_disjoint,mse,all,HLA-B*07:02,spearman,0.6170227281270222,142,142,False
baseline_plus_conditional_mean_logp,peptide_disjoint,mse,all,HLA-B*07:02,pearson_log,0.5665764003419282,142,142,False
baseline_plus_conditional_mean_logp,peptide_disjoint,mse,all,HLA-B*07:02,auc_gt_2h,0.8024767801857585,142,142,False
baseline_plus_conditional_mean_logp,peptide_disjoint,mse,all,HLA-B*08:01,spearman,0.3574393637333337,86,86,False
baseline_plus_conditional_mean_logp,peptide_disjoint,mse,all,HLA-B*08:01,pearson_log,0.35246010689101376,86,86,False
baseline_plus_conditional_mean_logp,peptide_disjoint,mse,all,HLA-B*08:01,auc_gt_2h,0.8941176470588236,86,86,False
baseline_plus_conditional_mean_logp,peptide_disjoint,mse,all,HLA-B*08:03,spearman,0.3412541187219395,72,72,False
baseline_plus_conditional_mean_logp,peptide_disjoint,mse,all,HLA-B*08:03,pearson_log,0.3446645177754718,72,72,False
baseline_plus_conditional_mean_logp,peptide_disjoint,mse,all,HLA-B*08:03,auc_gt_2h,0.40441176470588236,72,72,False
baseline_plus_conditional_mean_logp,peptide_disjoint,mse,all,HLA-B*13:02,spearman,,2,2,False
baseline_plus_conditional_mean_logp,peptide_disjoint,mse,all,HLA-B*13:02,pearson_log,,2,2,False
baseline_plus_conditional_mean_logp,peptide_disjoint,mse,all,HLA-B*13:02,auc_gt_2h,,2,2,False
baseline_plus_conditional_mean_logp,peptide_disjoint,mse,all,HLA-B*14:01(C67S),spearman,0.4110888005232916,75,75,False
baseline_plus_conditional_mean_logp,peptide_disjoint,mse,all,HLA-B*14:01(C67S),pearson_log,0.5643918025708681,75,75,False
baseline_plus_conditional_mean_logp,peptide_disjoint,mse,all,HLA-B*14:01(C67S),auc_gt_2h,0.8450704225352113,75,75,False
baseline_plus_conditional_mean_logp,peptide_disjoint,mse,all,HLA-B*14:02(C67S),spearman,0.5152649278702809,73,73,False
baseline_plus_conditional_mean_logp,peptide_disjoint,mse,all,HLA-B*14:02(C67S),pearson_log,0.5453372899741934,73,73,False
baseline_plus_conditional_mean_logp,peptide_disjoint,mse,all,HLA-B*14:02(C67S),auc_gt_2h,0.8385416666666666,73,73,False
baseline_plus_conditional_mean_logp,peptide_disjoint,mse,all,HLA-B*15:01,spearman,0.45262914589507897,206,206,False
baseline_plus_conditional_mean_logp,peptide_disjoint,mse,all,HLA-B*15:01,pearson_log,0.4593012189448061,206,206,False
baseline_plus_conditional_mean_logp,peptide_disjoint,mse,all,HLA-B*15:01,auc_gt_2h,0.8289156626506023,206,206,False
baseline_plus_conditional_mean_logp,peptide_disjoint,mse,all,HLA-B*15:02,spearman,0.5037002639671487,69,69,False
baseline_plus_conditional_mean_logp,peptide_disjoint,mse,all,HLA-B*15:02,pearson_log,0.474365388976949,69,69,False
baseline_plus_conditional_mean_logp,peptide_disjoint,mse,all,HLA-B*15:02,auc_gt_2h,0.7282051282051283,69,69,False
baseline_plus_conditional_mean_logp,peptide_disjoint,mse,all,HLA-B*15:10,spearman,0.5782293421741508,65,65,False
baseline_plus_conditional_mean_logp,peptide_disjoint,mse,all,HLA-B*15:10,pearson_log,0.5778264588071804,65,65,False
baseline_plus_conditional_mean_logp,peptide_disjoint,mse,all,HLA-B*15:10,auc_gt_2h,0.8599439775910364,65,65,False
baseline_plus_conditional_mean_logp,peptide_disjoint,mse,all,HLA-B*15:17,spearman,0.3329506826164645,67,67,False
baseline_plus_conditional_mean_logp,peptide_disjoint,mse,all,HLA-B*15:17,pearson_log,0.33128249805090243,67,67,False
baseline_plus_conditional_mean_logp,peptide_disjoint,mse,all,HLA-B*15:17,auc_gt_2h,0.7132352941176471,67,67,False
baseline_plus_conditional_mean_logp,peptide_disjoint,mse,all,HLA-B*18:01,spearman,0.47959923827625983,67,67,False
baseline_plus_conditional_mean_logp,peptide_disjoint,mse,all,HLA-B*18:01,pearson_log,0.4938487351450914,67,67,False
baseline_plus_conditional_mean_logp,peptide_disjoint,mse,all,HLA-B*18:01,auc_gt_2h,0.6952380952380953,67,67,False
baseline_plus_conditional_mean_logp,peptide_disjoint,mse,all,HLA-B*27:02,spearman,0.7859244319541036,73,73,False
baseline_plus_conditional_mean_logp,peptide_disjoint,mse,all,HLA-B*27:02,pearson_log,0.7681860152717287,73,73,False
baseline_plus_conditional_mean_logp,peptide_disjoint,mse,all,HLA-B*27:02,auc_gt_2h,0.9414414414414415,73,73,False
baseline_plus_conditional_mean_logp,peptide_disjoint,mse,all,HLA-B*27:03,spearman,0.7992784732884975,78,78,False
baseline_plus_conditional_mean_logp,peptide_disjoint,mse,all,HLA-B*27:03,pearson_log,0.8128654659164253,78,78,False
baseline_plus_conditional_mean_logp,peptide_disjoint,mse,all,HLA-B*27:03,auc_gt_2h,0.9415904292751583,78,78,False
baseline_plus_conditional_mean_logp,peptide_disjoint,mse,all,HLA-B*27:05,spearman,0.6832714769489449,80,80,False
baseline_plus_conditional_mean_logp,peptide_disjoint,mse,all,HLA-B*27:05,pearson_log,0.6500438113095434,80,80,False
baseline_plus_conditional_mean_logp,peptide_disjoint,mse,all,HLA-B*27:05,auc_gt_2h,0.8568665377176016,80,80,False
baseline_plus_conditional_mean_logp,peptide_disjoint,mse,all,HLA-B*27:20,spearman,0.6860055684630748,76,76,False
baseline_plus_conditional_mean_logp,peptide_disjoint,mse,all,HLA-B*27:20,pearson_log,0.7011814906573316,76,76,False
baseline_plus_conditional_mean_logp,peptide_disjoint,mse,all,HLA-B*27:20,auc_gt_2h,0.8428571428571429,76,76,False
baseline_plus_conditional_mean_logp,peptide_disjoint,mse,all,HLA-B*35:01,spearman,0.5776256445674386,128,128,False
baseline_plus_conditional_mean_logp,peptide_disjoint,mse,all,HLA-B*35:01,pearson_log,0.5798892598679525,128,128,False
baseline_plus_conditional_mean_logp,peptide_disjoint,mse,all,HLA-B*35:01,auc_gt_2h,0.7972100232498063,128,128,False
baseline_plus_conditional_mean_logp,peptide_disjoint,mse,all,HLA-B*35:03,spearman,0.4839745139121558,87,87,False
baseline_plus_conditional_mean_logp,peptide_disjoint,mse,all,HLA-B*35:03,pearson_log,0.5536906453507929,87,87,False
baseline_plus_conditional_mean_logp,peptide_disjoint,mse,all,HLA-B*35:03,auc_gt_2h,0.7325581395348837,87,87,False
baseline_plus_conditional_mean_logp,peptide_disjoint,mse,all,HLA-B*35:08,spearman,0.09999999999999999,5,5,False
baseline_plus_conditional_mean_logp,peptide_disjoint,mse,all,HLA-B*35:08,pearson_log,0.1963009780693669,5,5,False
baseline_plus_conditional_mean_logp,peptide_disjoint,mse,all,HLA-B*35:08,auc_gt_2h,,5,5,False
baseline_plus_conditional_mean_logp,peptide_disjoint,mse,all,HLA-B*39:01,spearman,0.41002303918014915,136,136,False
baseline_plus_conditional_mean_logp,peptide_disjoint,mse,all,HLA-B*39:01,pearson_log,0.42831805175684934,136,136,False
baseline_plus_conditional_mean_logp,peptide_disjoint,mse,all,HLA-B*39:01,auc_gt_2h,0.7822762033288349,136,136,False
baseline_plus_conditional_mean_logp,peptide_disjoint,mse,all,HLA-B*39:02,spearman,0.45177894367689975,65,65,False
baseline_plus_conditional_mean_logp,peptide_disjoint,mse,all,HLA-B*39:02,pearson_log,0.41611038867769884,65,65,False
baseline_plus_conditional_mean_logp,peptide_disjoint,mse,all,HLA-B*39:02,auc_gt_2h,0.7334096109839816,65,65,False
baseline_plus_conditional_mean_logp,peptide_disjoint,mse,all,HLA-B*39:06(C67S),spearman,0.11187683364775376,67,67,False
baseline_plus_conditional_mean_logp,peptide_disjoint,mse,all,HLA-B*39:06(C67S),pearson_log,0.13522343370156983,67,67,False
baseline_plus_conditional_mean_logp,peptide_disjoint,mse,all,HLA-B*39:06(C67S),auc_gt_2h,,67,67,False
baseline_plus_conditional_mean_logp,peptide_disjoint,mse,all,HLA-B*39:10,spearman,0.6795815154370898,85,85,False
baseline_plus_conditional_mean_logp,peptide_disjoint,mse,all,HLA-B*39:10,pearson_log,0.6633312553664468,85,85,False
baseline_plus_conditional_mean_logp,peptide_disjoint,mse,all,HLA-B*39:10,auc_gt_2h,0.8371428571428572,85,85,False
baseline_plus_conditional_mean_logp,peptide_disjoint,mse,all,HLA-B*40:01,spearman,0.5691053944791258,57,57,False
baseline_plus_conditional_mean_logp,peptide_disjoint,mse,all,HLA-B*40:01,pearson_log,0.429121487814075,57,57,False
baseline_plus_conditional_mean_logp,peptide_disjoint,mse,all,HLA-B*40:01,auc_gt_2h,0.8171428571428572,57,57,False
baseline_plus_conditional_mean_logp,peptide_disjoint,mse,all,HLA-B*40:02,spearman,0.3,5,5,False
baseline_plus_conditional_mean_logp,peptide_disjoint,mse,all,HLA-B*40:02,pearson_log,0.7141638607022062,5,5,False
baseline_plus_conditional_mean_logp,peptide_disjoint,mse,all,HLA-B*40:02,auc_gt_2h,1.0,5,5,False
baseline_plus_conditional_mean_logp,peptide_disjoint,mse,all,HLA-B*41:01,spearman,0.48788256570296945,71,71,False
baseline_plus_conditional_mean_logp,peptide_disjoint,mse,all,HLA-B*41:01,pearson_log,0.6188118659317603,71,71,False
baseline_plus_conditional_mean_logp,peptide_disjoint,mse,all,HLA-B*41:01,auc_gt_2h,0.8538461538461538,71,71,False
baseline_plus_conditional_mean_logp,peptide_disjoint,mse,all,HLA-B*42:01,spearman,0.7490765222369679,77,77,False
baseline_plus_conditional_mean_logp,peptide_disjoint,mse,all,HLA-B*42:01,pearson_log,0.6808796801621265,77,77,False
baseline_plus_conditional_mean_logp,peptide_disjoint,mse,all,HLA-B*42:01,auc_gt_2h,0.8617788461538461,77,77,False
baseline_plus_conditional_mean_logp,peptide_disjoint,mse,all,HLA-B*42:02,spearman,0.7028603933288543,86,86,False
baseline_plus_conditional_mean_logp,peptide_disjoint,mse,all,HLA-B*42:02,pearson_log,0.6804493263995698,86,86,False
baseline_plus_conditional_mean_logp,peptide_disjoint,mse,all,HLA-B*42:02,auc_gt_2h,0.8218487394957983,86,86,False
baseline_plus_conditional_mean_logp,peptide_disjoint,mse,all,HLA-B*44:05,spearman,0.4299106714854555,68,68,False
baseline_plus_conditional_mean_logp,peptide_disjoint,mse,all,HLA-B*44:05,pearson_log,0.4203730721923462,68,68,False
baseline_plus_conditional_mean_logp,peptide_disjoint,mse,all,HLA-B*44:05,auc_gt_2h,0.6907114624505929,68,68,False
baseline_plus_conditional_mean_logp,peptide_disjoint,mse,all,HLA-B*45:01,spearman,0.5657443566539478,68,68,False
baseline_plus_conditional_mean_logp,peptide_disjoint,mse,all,HLA-B*45:01,pearson_log,0.6531666030275038,68,68,False
baseline_plus_conditional_mean_logp,peptide_disjoint,mse,all,HLA-B*45:01,auc_gt_2h,0.8575268817204301,68,68,False
baseline_plus_conditional_mean_logp,peptide_disjoint,mse,all,HLA-B*46:01,spearman,0.28964831714045947,72,72,False
baseline_plus_conditional_mean_logp,peptide_disjoint,mse,all,HLA-B*46:01,pearson_log,0.27953226556411537,72,72,False
baseline_plus_conditional_mean_logp,peptide_disjoint,mse,all,HLA-B*46:01,auc_gt_2h,0.744268077601411,72,72,False
baseline_plus_conditional_mean_logp,peptide_disjoint,mse,all,HLA-B*51:01,spearman,0.7650673716201242,78,78,False
baseline_plus_conditional_mean_logp,peptide_disjoint,mse,all,HLA-B*51:01,pearson_log,0.7546124554509381,78,78,False
baseline_plus_conditional_mean_logp,peptide_disjoint,mse,all,HLA-B*51:01,auc_gt_2h,0.9094028826355525,78,78,False
baseline_plus_conditional_mean_logp,peptide_disjoint,mse,all,HLA-B*54:01,spearman,0.7301683100868733,82,82,False
baseline_plus_conditional_mean_logp,peptide_disjoint,mse,all,HLA-B*54:01,pearson_log,0.7381301273679257,82,82,False
baseline_plus_conditional_mean_logp,peptide_disjoint,mse,all,HLA-B*54:01,auc_gt_2h,0.8701612903225807,82,82,False
baseline_plus_conditional_mean_logp,peptide_disjoint,mse,all,HLA-B*55:01,spearman,0.6911806515479137,87,87,False
baseline_plus_conditional_mean_logp,peptide_disjoint,mse,all,HLA-B*55:01,pearson_log,0.6986595772828964,87,87,False
baseline_plus_conditional_mean_logp,peptide_disjoint,mse,all,HLA-B*55:01,auc_gt_2h,0.8687600644122384,87,87,False
baseline_plus_conditional_mean_logp,peptide_disjoint,mse,all,HLA-B*56:01,spearman,0.7899464498954022,86,86,False
baseline_plus_conditional_mean_logp,peptide_disjoint,mse,all,HLA-B*56:01,pearson_log,0.7870703884729306,86,86,False
baseline_plus_conditional_mean_logp,peptide_disjoint,mse,all,HLA-B*56:01,auc_gt_2h,0.9177927927927928,86,86,False
baseline_plus_conditional_mean_logp,peptide_disjoint,mse,all,HLA-B*57:01,spearman,0.4999882785178385,63,63,False
baseline_plus_conditional_mean_logp,peptide_disjoint,mse,all,HLA-B*57:01,pearson_log,0.3423842595689748,63,63,False
baseline_plus_conditional_mean_logp,peptide_disjoint,mse,all,HLA-B*57:01,auc_gt_2h,0.7460106382978724,63,63,False
baseline_plus_conditional_mean_logp,peptide_disjoint,mse,all,HLA-B*57:02,spearman,0.5570141728577451,68,68,False
baseline_plus_conditional_mean_logp,peptide_disjoint,mse,all,HLA-B*57:02,pearson_log,0.5612785397036124,68,68,False
baseline_plus_conditional_mean_logp,peptide_disjoint,mse,all,HLA-B*57:02,auc_gt_2h,0.757250268528464,68,68,False
baseline_plus_conditional_mean_logp,peptide_disjoint,mse,all,HLA-B*57:03,spearman,0.6559254206555899,70,70,False
baseline_plus_conditional_mean_logp,peptide_disjoint,mse,all,HLA-B*57:03,pearson_log,0.6835371718425829,70,70,False
baseline_plus_conditional_mean_logp,peptide_disjoint,mse,all,HLA-B*57:03,auc_gt_2h,0.876803551609323,70,70,False
baseline_plus_conditional_mean_logp,peptide_disjoint,mse,all,HLA-B*58:01,spearman,0.59736332593072,70,70,False
baseline_plus_conditional_mean_logp,peptide_disjoint,mse,all,HLA-B*58:01,pearson_log,0.5683599333244491,70,70,False
baseline_plus_conditional_mean_logp,peptide_disjoint,mse,all,HLA-B*58:01,auc_gt_2h,0.8137254901960784,70,70,False
baseline_plus_conditional_mean_logp,peptide_disjoint,mse,all,HLA-B*81:01,spearman,0.6790158213857415,80,80,False
baseline_plus_conditional_mean_logp,peptide_disjoint,mse,all,HLA-B*81:01,pearson_log,0.5718018771376683,80,80,False
baseline_plus_conditional_mean_logp,peptide_disjoint,mse,all,HLA-B*81:01,auc_gt_2h,0.7927631578947367,80,80,False
baseline_plus_conditional_mean_logp,peptide_disjoint,mse,nonzero,HLA-A*01:01,spearman,0.2648192972503801,34,34,False
baseline_plus_conditional_mean_logp,peptide_disjoint,mse,nonzero,HLA-A*01:01,pearson_log,0.40695403331994257,34,34,False
baseline_plus_conditional_mean_logp,peptide_disjoint,mse,nonzero,HLA-A*01:01,auc_gt_2h,0.7999999999999999,34,34,False
baseline_plus_conditional_mean_logp,peptide_disjoint,mse,nonzero,HLA-A*02:01,spearman,0.7446538895143019,196,196,False
baseline_plus_conditional_mean_logp,peptide_disjoint,mse,nonzero,HLA-A*02:01,pearson_log,0.7261778301075348,196,196,False
baseline_plus_conditional_mean_logp,peptide_disjoint,mse,nonzero,HLA-A*02:01,auc_gt_2h,0.8805842840388101,196,196,False
baseline_plus_conditional_mean_logp,peptide_disjoint,mse,nonzero,HLA-A*02:03,spearman,0.5223063939716862,69,69,False
baseline_plus_conditional_mean_logp,peptide_disjoint,mse,nonzero,HLA-A*02:03,pearson_log,0.5261447366407951,69,69,False
baseline_plus_conditional_mean_logp,peptide_disjoint,mse,nonzero,HLA-A*02:03,auc_gt_2h,0.7125220458553791,69,69,False
baseline_plus_conditional_mean_logp,peptide_disjoint,mse,nonzero,HLA-A*02:05,spearman,,1,1,True
baseline_plus_conditional_mean_logp,peptide_disjoint,mse,nonzero,HLA-A*02:05,pearson_log,,1,1,True
baseline_plus_conditional_mean_logp,peptide_disjoint,mse,nonzero,HLA-A*02:05,auc_gt_2h,,1,1,True
baseline_plus_conditional_mean_logp,peptide_disjoint,mse,nonzero,HLA-A*02:10,spearman,0.38410050006717567,66,66,False
baseline_plus_conditional_mean_logp,peptide_disjoint,mse,nonzero,HLA-A*02:10,pearson_log,0.37325469803794054,66,66,False
baseline_plus_conditional_mean_logp,peptide_disjoint,mse,nonzero,HLA-A*02:10,auc_gt_2h,0.695852534562212,66,66,False
baseline_plus_conditional_mean_logp,peptide_disjoint,mse,nonzero,HLA-A*02:11,spearman,0.5770636202319401,69,69,False
baseline_plus_conditional_mean_logp,peptide_disjoint,mse,nonzero,HLA-A*02:11,pearson_log,0.6145147757972137,69,69,False
baseline_plus_conditional_mean_logp,peptide_disjoint,mse,nonzero,HLA-A*02:11,auc_gt_2h,0.90282131661442,69,69,False
baseline_plus_conditional_mean_logp,peptide_disjoint,mse,nonzero,HLA-A*02:12,spearman,0.6417316470671331,68,68,False
baseline_plus_conditional_mean_logp,peptide_disjoint,mse,nonzero,HLA-A*02:12,pearson_log,0.698414413787662,68,68,False
baseline_plus_conditional_mean_logp,peptide_disjoint,mse,nonzero,HLA-A*02:12,auc_gt_2h,0.9255555555555557,68,68,False
baseline_plus_conditional_mean_logp,peptide_disjoint,mse,nonzero,HLA-A*02:16,spearman,0.6587113136142386,67,67,False
baseline_plus_conditional_mean_logp,peptide_disjoint,mse,nonzero,HLA-A*02:16,pearson_log,0.6773456083689199,67,67,False
baseline_plus_conditional_mean_logp,peptide_disjoint,mse,nonzero,HLA-A*02:16,auc_gt_2h,0.8210526315789473,67,67,False
baseline_plus_conditional_mean_logp,peptide_disjoint,mse,nonzero,HLA-A*02:19,spearman,0.6762206609099837,63,63,False
baseline_plus_conditional_mean_logp,peptide_disjoint,mse,nonzero,HLA-A*02:19,pearson_log,0.7012450500337102,63,63,False
baseline_plus_conditional_mean_logp,peptide_disjoint,mse,nonzero,HLA-A*02:19,auc_gt_2h,0.845679012345679,63,63,False
baseline_plus_conditional_mean_logp,peptide_disjoint,mse,nonzero,HLA-A*02:50,spearman,0.49145214881173804,68,68,False
baseline_plus_conditional_mean_logp,peptide_disjoint,mse,nonzero,HLA-A*02:50,pearson_log,0.4908623239815757,68,68,False
baseline_plus_conditional_mean_logp,peptide_disjoint,mse,nonzero,HLA-A*02:50,auc_gt_2h,0.7235576923076923,68,68,False
baseline_plus_conditional_mean_logp,peptide_disjoint,mse,nonzero,HLA-A*03:01,spearman,0.6766837683398677,145,145,False
baseline_plus_conditional_mean_logp,peptide_disjoint,mse,nonzero,HLA-A*03:01,pearson_log,0.6853600624446567,145,145,False
baseline_plus_conditional_mean_logp,peptide_disjoint,mse,nonzero,HLA-A*03:01,auc_gt_2h,0.8239571373899732,145,145,False
baseline_plus_conditional_mean_logp,peptide_disjoint,mse,nonzero,HLA-A*11:01,spearman,0.7129649363354809,115,115,False
baseline_plus_conditional_mean_logp,peptide_disjoint,mse,nonzero,HLA-A*11:01,pearson_log,0.7133759327755038,115,115,False
baseline_plus_conditional_mean_logp,peptide_disjoint,mse,nonzero,HLA-A*11:01,auc_gt_2h,0.8762919896640826,115,115,False
baseline_plus_conditional_mean_logp,peptide_disjoint,mse,nonzero,HLA-A*23:01,spearman,0.7111302616670776,76,76,False
baseline_plus_conditional_mean_logp,peptide_disjoint,mse,nonzero,HLA-A*23:01,pearson_log,0.7079593777636847,76,76,False
baseline_plus_conditional_mean_logp,peptide_disjoint,mse,nonzero,HLA-A*23:01,auc_gt_2h,0.8937499999999999,76,76,False
baseline_plus_conditional_mean_logp,peptide_disjoint,mse,nonzero,HLA-A*24:02,spearman,0.7207639651165767,113,113,False
baseline_plus_conditional_mean_logp,peptide_disjoint,mse,nonzero,HLA-A*24:02,pearson_log,0.73304855045524,113,113,False
baseline_plus_conditional_mean_logp,peptide_disjoint,mse,nonzero,HLA-A*24:02,auc_gt_2h,0.8584126984126983,113,113,False
baseline_plus_conditional_mean_logp,peptide_disjoint,mse,nonzero,HLA-A*24:03,spearman,0.6730971326740711,107,107,False
baseline_plus_conditional_mean_logp,peptide_disjoint,mse,nonzero,HLA-A*24:03,pearson_log,0.6219418370828004,107,107,False
baseline_plus_conditional_mean_logp,peptide_disjoint,mse,nonzero,HLA-A*24:03,auc_gt_2h,0.8392729864575909,107,107,False
baseline_plus_conditional_mean_logp,peptide_disjoint,mse,nonzero,HLA-A*24:07,spearman,0.7254923252635034,74,74,False
baseline_plus_conditional_mean_logp,peptide_disjoint,mse,nonzero,HLA-A*24:07,pearson_log,0.7292546689025176,74,74,False
baseline_plus_conditional_mean_logp,peptide_disjoint,mse,nonzero,HLA-A*24:07,auc_gt_2h,0.8552631578947368,74,74,False
baseline_plus_conditional_mean_logp,peptide_disjoint,mse,nonzero,HLA-A*24:19,spearman,0.3378594245979519,57,57,False
baseline_plus_conditional_mean_logp,peptide_disjoint,mse,nonzero,HLA-A*24:19,pearson_log,0.3300749295003304,57,57,False
baseline_plus_conditional_mean_logp,peptide_disjoint,mse,nonzero,HLA-A*24:19,auc_gt_2h,0.6807692307692308,57,57,False
baseline_plus_conditional_mean_logp,peptide_disjoint,mse,nonzero,HLA-A*25:01,spearman,0.5607485493491515,46,46,False
baseline_plus_conditional_mean_logp,peptide_disjoint,mse,nonzero,HLA-A*25:01,pearson_log,0.5279113415887923,46,46,False
baseline_plus_conditional_mean_logp,peptide_disjoint,mse,nonzero,HLA-A*25:01,auc_gt_2h,0.7992202729044834,46,46,False
baseline_plus_conditional_mean_logp,peptide_disjoint,mse,nonzero,HLA-A*26:01,spearman,0.6188096382934399,43,43,False
baseline_plus_conditional_mean_logp,peptide_disjoint,mse,nonzero,HLA-A*26:01,pearson_log,0.6276860266796267,43,43,False
baseline_plus_conditional_mean_logp,peptide_disjoint,mse,nonzero,HLA-A*26:01,auc_gt_2h,0.8260869565217391,43,43,False
baseline_plus_conditional_mean_logp,peptide_disjoint,mse,nonzero,HLA-A*26:02,spearman,0.5709483137312902,59,59,False
baseline_plus_conditional_mean_logp,peptide_disjoint,mse,nonzero,HLA-A*26:02,pearson_log,0.6114489947265935,59,59,False
baseline_plus_conditional_mean_logp,peptide_disjoint,mse,nonzero,HLA-A*26:02,auc_gt_2h,0.7694117647058824,59,59,False
baseline_plus_conditional_mean_logp,peptide_disjoint,mse,nonzero,HLA-A*26:03,spearman,0.4552077373526462,49,49,False
baseline_plus_conditional_mean_logp,peptide_disjoint,mse,nonzero,HLA-A*26:03,pearson_log,0.4424033432599904,49,49,False
baseline_plus_conditional_mean_logp,peptide_disjoint,mse,nonzero,HLA-A*26:03,auc_gt_2h,0.6918367346938776,49,49,False
baseline_plus_conditional_mean_logp,peptide_disjoint,mse,nonzero,HLA-A*29:02,spearman,0.47505044255900547,71,71,False
baseline_plus_conditional_mean_logp,peptide_disjoint,mse,nonzero,HLA-A*29:02,pearson_log,0.5097246743663326,71,71,False
baseline_plus_conditional_mean_logp,peptide_disjoint,mse,nonzero,HLA-A*29:02,auc_gt_2h,0.7869634340222574,71,71,False
baseline_plus_conditional_mean_logp,peptide_disjoint,mse,nonzero,HLA-A*30:01,spearman,0.34594392817007924,57,57,False
baseline_plus_conditional_mean_logp,peptide_disjoint,mse,nonzero,HLA-A*30:01,pearson_log,0.3837965744471671,57,57,False
baseline_plus_conditional_mean_logp,peptide_disjoint,mse,nonzero,HLA-A*30:01,auc_gt_2h,0.5655270655270656,57,57,False
baseline_plus_conditional_mean_logp,peptide_disjoint,mse,nonzero,HLA-A*30:02,spearman,0.3327291653548924,70,70,False
baseline_plus_conditional_mean_logp,peptide_disjoint,mse,nonzero,HLA-A*30:02,pearson_log,0.397834707511341,70,70,False
baseline_plus_conditional_mean_logp,peptide_disjoint,mse,nonzero,HLA-A*30:02,auc_gt_2h,0.6725254394079556,70,70,False
baseline_plus_conditional_mean_logp,peptide_disjoint,mse,nonzero,HLA-A*31:01,spearman,0.6568897132723175,76,76,False
baseline_plus_conditional_mean_logp,peptide_disjoint,mse,nonzero,HLA-A*31:01,pearson_log,0.5964151181216237,76,76,False
baseline_plus_conditional_mean_logp,peptide_disjoint,mse,nonzero,HLA-A*31:01,auc_gt_2h,0.8132440476190477,76,76,False
baseline_plus_conditional_mean_logp,peptide_disjoint,mse,nonzero,HLA-A*32:01,spearman,0.9746794344808963,5,5,False
baseline_plus_conditional_mean_logp,peptide_disjoint,mse,nonzero,HLA-A*32:01,pearson_log,0.8753275722530083,5,5,False
baseline_plus_conditional_mean_logp,peptide_disjoint,mse,nonzero,HLA-A*32:01,auc_gt_2h,1.0,5,5,False
baseline_plus_conditional_mean_logp,peptide_disjoint,mse,nonzero,HLA-A*32:07,spearman,0.7036502370863975,47,47,False
baseline_plus_conditional_mean_logp,peptide_disjoint,mse,nonzero,HLA-A*32:07,pearson_log,0.717864339330966,47,47,False
baseline_plus_conditional_mean_logp,peptide_disjoint,mse,nonzero,HLA-A*32:07,auc_gt_2h,0.8092592592592592,47,47,False
baseline_plus_conditional_mean_logp,peptide_disjoint,mse,nonzero,HLA-A*33:03,spearman,0.45312009098395567,62,62,False
baseline_plus_conditional_mean_logp,peptide_disjoint,mse,nonzero,HLA-A*33:03,pearson_log,0.410018779548449,62,62,False
baseline_plus_conditional_mean_logp,peptide_disjoint,mse,nonzero,HLA-A*33:03,auc_gt_2h,0.7857142857142857,62,62,False
baseline_plus_conditional_mean_logp,peptide_disjoint,mse,nonzero,HLA-A*43:01,spearman,0.24336068136426292,54,54,False
baseline_plus_conditional_mean_logp,peptide_disjoint,mse,nonzero,HLA-A*43:01,pearson_log,0.28621778394026576,54,54,False
baseline_plus_conditional_mean_logp,peptide_disjoint,mse,nonzero,HLA-A*43:01,auc_gt_2h,0.6888888888888889,54,54,False
baseline_plus_conditional_mean_logp,peptide_disjoint,mse,nonzero,HLA-A*66:01,spearman,0.29013225428233785,40,40,False
baseline_plus_conditional_mean_logp,peptide_disjoint,mse,nonzero,HLA-A*66:01,pearson_log,0.22579800968237967,40,40,False
baseline_plus_conditional_mean_logp,peptide_disjoint,mse,nonzero,HLA-A*66:01,auc_gt_2h,0.46527777777777773,40,40,False
baseline_plus_conditional_mean_logp,peptide_disjoint,mse,nonzero,HLA-A*68:01,spearman,0.4726746748030327,67,67,False
baseline_plus_conditional_mean_logp,peptide_disjoint,mse,nonzero,HLA-A*68:01,pearson_log,0.46974514238372417,67,67,False
baseline_plus_conditional_mean_logp,peptide_disjoint,mse,nonzero,HLA-A*68:01,auc_gt_2h,0.7422480620155039,67,67,False
baseline_plus_conditional_mean_logp,peptide_disjoint,mse,nonzero,HLA-A*68:02,spearman,,1,1,True
baseline_plus_conditional_mean_logp,peptide_disjoint,mse,nonzero,HLA-A*68:02,pearson_log,,1,1,True
baseline_plus_conditional_mean_logp,peptide_disjoint,mse,nonzero,HLA-A*68:02,auc_gt_2h,,1,1,True
baseline_plus_conditional_mean_logp,peptide_disjoint,mse,nonzero,HLA-A*68:23,spearman,0.4387105669750245,61,61,False
baseline_plus_conditional_mean_logp,peptide_disjoint,mse,nonzero,HLA-A*68:23,pearson_log,0.5172651403991291,61,61,False
baseline_plus_conditional_mean_logp,peptide_disjoint,mse,nonzero,HLA-A*68:23,auc_gt_2h,0.7227891156462585,61,61,False
baseline_plus_conditional_mean_logp,peptide_disjoint,mse,nonzero,HLA-A*74:01,spearman,0.6833919207290696,62,62,False
baseline_plus_conditional_mean_logp,peptide_disjoint,mse,nonzero,HLA-A*74:01,pearson_log,0.6777694175049013,62,62,False
baseline_plus_conditional_mean_logp,peptide_disjoint,mse,nonzero,HLA-A*74:01,auc_gt_2h,0.8118466898954705,62,62,False
baseline_plus_conditional_mean_logp,peptide_disjoint,mse,nonzero,HLA-A*80:01,spearman,0.4464143403298723,38,38,False
baseline_plus_conditional_mean_logp,peptide_disjoint,mse,nonzero,HLA-A*80:01,pearson_log,0.5596920278222242,38,38,False
baseline_plus_conditional_mean_logp,peptide_disjoint,mse,nonzero,HLA-A*80:01,auc_gt_2h,0.9705882352941176,38,38,False
baseline_plus_conditional_mean_logp,peptide_disjoint,mse,nonzero,HLA-B*07:02,spearman,0.5979955063194294,136,136,False
baseline_plus_conditional_mean_logp,peptide_disjoint,mse,nonzero,HLA-B*07:02,pearson_log,0.5781767155129702,136,136,False
baseline_plus_conditional_mean_logp,peptide_disjoint,mse,nonzero,HLA-B*07:02,auc_gt_2h,0.7910034602076124,136,136,False
baseline_plus_conditional_mean_logp,peptide_disjoint,mse,nonzero,HLA-B*08:01,spearman,0.2335882067090222,64,64,False
baseline_plus_conditional_mean_logp,peptide_disjoint,mse,nonzero,HLA-B*08:01,pearson_log,0.2425352750930429,64,64,False
baseline_plus_conditional_mean_logp,peptide_disjoint,mse,nonzero,HLA-B*08:01,auc_gt_2h,0.9047619047619048,64,64,False
baseline_plus_conditional_mean_logp,peptide_disjoint,mse,nonzero,HLA-B*08:03,spearman,0.13345857901883926,42,42,False
baseline_plus_conditional_mean_logp,peptide_disjoint,mse,nonzero,HLA-B*08:03,pearson_log,0.10599656739931365,42,42,False
baseline_plus_conditional_mean_logp,peptide_disjoint,mse,nonzero,HLA-B*08:03,auc_gt_2h,0.3223684210526316,42,42,False
baseline_plus_conditional_mean_logp,peptide_disjoint,mse,nonzero,HLA-B*14:01(C67S),spearman,0.5044287844448535,12,12,False
baseline_plus_conditional_mean_logp,peptide_disjoint,mse,nonzero,HLA-B*14:01(C67S),pearson_log,0.665538094164916,12,12,False
baseline_plus_conditional_mean_logp,peptide_disjoint,mse,nonzero,HLA-B*14:01(C67S),auc_gt_2h,0.75,12,12,False
baseline_plus_conditional_mean_logp,peptide_disjoint,mse,nonzero,HLA-B*14:02(C67S),spearman,0.24855537467488864,25,25,False
baseline_plus_conditional_mean_logp,peptide_disjoint,mse,nonzero,HLA-B*14:02(C67S),pearson_log,0.43163263419900005,25,25,False
baseline_plus_conditional_mean_logp,peptide_disjoint,mse,nonzero,HLA-B*14:02(C67S),auc_gt_2h,0.7291666666666667,25,25,False
baseline_plus_conditional_mean_logp,peptide_disjoint,mse,nonzero,HLA-B*15:01,spearman,0.3962497718065862,195,195,False
baseline_plus_conditional_mean_logp,peptide_disjoint,mse,nonzero,HLA-B*15:01,pearson_log,0.4432930798017169,195,195,False
baseline_plus_conditional_mean_logp,peptide_disjoint,mse,nonzero,HLA-B*15:01,auc_gt_2h,0.8082675529705027,195,195,False
baseline_plus_conditional_mean_logp,peptide_disjoint,mse,nonzero,HLA-B*15:02,spearman,0.3894168203737677,54,54,False
baseline_plus_conditional_mean_logp,peptide_disjoint,mse,nonzero,HLA-B*15:02,pearson_log,0.34389117521850276,54,54,False
baseline_plus_conditional_mean_logp,peptide_disjoint,mse,nonzero,HLA-B*15:02,auc_gt_2h,0.6708333333333333,54,54,False
baseline_plus_conditional_mean_logp,peptide_disjoint,mse,nonzero,HLA-B*15:10,spearman,0.5224851535565961,53,53,False
baseline_plus_conditional_mean_logp,peptide_disjoint,mse,nonzero,HLA-B*15:10,pearson_log,0.5148604520444038,53,53,False
baseline_plus_conditional_mean_logp,peptide_disjoint,mse,nonzero,HLA-B*15:10,auc_gt_2h,0.8351648351648351,53,53,False
baseline_plus_conditional_mean_logp,peptide_disjoint,mse,nonzero,HLA-B*15:17,spearman,0.3540318861139867,61,61,False
baseline_plus_conditional_mean_logp,peptide_disjoint,mse,nonzero,HLA-B*15:17,pearson_log,0.38175780634966827,61,61,False
baseline_plus_conditional_mean_logp,peptide_disjoint,mse,nonzero,HLA-B*15:17,auc_gt_2h,0.7097222222222223,61,61,False
baseline_plus_conditional_mean_logp,peptide_disjoint,mse,nonzero,HLA-B*18:01,spearman,0.40825352949499355,59,59,False
baseline_plus_conditional_mean_logp,peptide_disjoint,mse,nonzero,HLA-B*18:01,pearson_log,0.4264126040277133,59,59,False
baseline_plus_conditional_mean_logp,peptide_disjoint,mse,nonzero,HLA-B*18:01,auc_gt_2h,0.676470588235294,59,59,False
baseline_plus_conditional_mean_logp,peptide_disjoint,mse,nonzero,HLA-B*27:02,spearman,0.6924867447384894,52,52,False
baseline_plus_conditional_mean_logp,peptide_disjoint,mse,nonzero,HLA-B*27:02,pearson_log,0.6973427621000516,52,52,False
baseline_plus_conditional_mean_logp,peptide_disjoint,mse,nonzero,HLA-B*27:02,auc_gt_2h,0.9171171171171171,52,52,False
baseline_plus_conditional_mean_logp,peptide_disjoint,mse,nonzero,HLA-B*27:03,spearman,0.7122967548206695,52,52,False
baseline_plus_conditional_mean_logp,peptide_disjoint,mse,nonzero,HLA-B*27:03,pearson_log,0.7336885364708795,52,52,False
baseline_plus_conditional_mean_logp,peptide_disjoint,mse,nonzero,HLA-B*27:03,auc_gt_2h,0.9055472263868066,52,52,False
baseline_plus_conditional_mean_logp,peptide_disjoint,mse,nonzero,HLA-B*27:05,spearman,0.6309337527610862,68,68,False
baseline_plus_conditional_mean_logp,peptide_disjoint,mse,nonzero,HLA-B*27:05,pearson_log,0.6073719778867424,68,68,False
baseline_plus_conditional_mean_logp,peptide_disjoint,mse,nonzero,HLA-B*27:05,auc_gt_2h,0.8268398268398268,68,68,False
baseline_plus_conditional_mean_logp,peptide_disjoint,mse,nonzero,HLA-B*27:20,spearman,0.6129549799660098,52,52,False
baseline_plus_conditional_mean_logp,peptide_disjoint,mse,nonzero,HLA-B*27:20,pearson_log,0.6149874399852033,52,52,False
baseline_plus_conditional_mean_logp,peptide_disjoint,mse,nonzero,HLA-B*27:20,auc_gt_2h,0.7890625,52,52,False
baseline_plus_conditional_mean_logp,peptide_disjoint,mse,nonzero,HLA-B*35:01,spearman,0.47989331772032445,111,111,False
baseline_plus_conditional_mean_logp,peptide_disjoint,mse,nonzero,HLA-B*35:01,pearson_log,0.47980966838417793,111,111,False
baseline_plus_conditional_mean_logp,peptide_disjoint,mse,nonzero,HLA-B*35:01,auc_gt_2h,0.7613561553653719,111,111,False
baseline_plus_conditional_mean_logp,peptide_disjoint,mse,nonzero,HLA-B*35:03,spearman,0.38015017239808113,81,81,False
baseline_plus_conditional_mean_logp,peptide_disjoint,mse,nonzero,HLA-B*35:03,pearson_log,0.3574318695998944,81,81,False
baseline_plus_conditional_mean_logp,peptide_disjoint,mse,nonzero,HLA-B*35:03,auc_gt_2h,0.6964504283965729,81,81,False
baseline_plus_conditional_mean_logp,peptide_disjoint,mse,nonzero,HLA-B*35:08,spearman,0.09999999999999999,5,5,False
baseline_plus_conditional_mean_logp,peptide_disjoint,mse,nonzero,HLA-B*35:08,pearson_log,0.1963009780693669,5,5,False
baseline_plus_conditional_mean_logp,peptide_disjoint,mse,nonzero,HLA-B*35:08,auc_gt_2h,,5,5,False
baseline_plus_conditional_mean_logp,peptide_disjoint,mse,nonzero,HLA-B*39:01,spearman,0.4432185490534803,109,109,False
baseline_plus_conditional_mean_logp,peptide_disjoint,mse,nonzero,HLA-B*39:01,pearson_log,0.463957318765165,109,109,False
baseline_plus_conditional_mean_logp,peptide_disjoint,mse,nonzero,HLA-B*39:01,auc_gt_2h,0.7672514619883041,109,109,False
baseline_plus_conditional_mean_logp,peptide_disjoint,mse,nonzero,HLA-B*39:02,spearman,0.39547252242618725,53,53,False
baseline_plus_conditional_mean_logp,peptide_disjoint,mse,nonzero,HLA-B*39:02,pearson_log,0.35692324604988585,53,53,False
baseline_plus_conditional_mean_logp,peptide_disjoint,mse,nonzero,HLA-B*39:02,auc_gt_2h,0.6981424148606811,53,53,False
baseline_plus_conditional_mean_logp,peptide_disjoint,mse,nonzero,HLA-B*39:06(C67S),spearman,0.7745966692414834,4,4,False
baseline_plus_conditional_mean_logp,peptide_disjoint,mse,nonzero,HLA-B*39:06(C67S),pearson_log,0.9574839549994569,4,4,False
baseline_plus_conditional_mean_logp,peptide_disjoint,mse,nonzero,HLA-B*39:06(C67S),auc_gt_2h,,4,4,False
baseline_plus_conditional_mean_logp,peptide_disjoint,mse,nonzero,HLA-B*39:10,spearman,0.6384126410878983,75,75,False
baseline_plus_conditional_mean_logp,peptide_disjoint,mse,nonzero,HLA-B*39:10,pearson_log,0.6200504185154241,75,75,False
baseline_plus_conditional_mean_logp,peptide_disjoint,mse,nonzero,HLA-B*39:10,auc_gt_2h,0.8104,75,75,False
baseline_plus_conditional_mean_logp,peptide_disjoint,mse,nonzero,HLA-B*40:01,spearman,0.6139870562605599,56,56,False
baseline_plus_conditional_mean_logp,peptide_disjoint,mse,nonzero,HLA-B*40:01,pearson_log,0.6245145853822225,56,56,False
baseline_plus_conditional_mean_logp,peptide_disjoint,mse,nonzero,HLA-B*40:01,auc_gt_2h,0.8221574344023325,56,56,False
baseline_plus_conditional_mean_logp,peptide_disjoint,mse,nonzero,HLA-B*40:02,spearman,0.3,5,5,False
baseline_plus_conditional_mean_logp,peptide_disjoint,mse,nonzero,HLA-B*40:02,pearson_log,0.7141638607022062,5,5,False
baseline_plus_conditional_mean_logp,peptide_disjoint,mse,nonzero,HLA-B*40:02,auc_gt_2h,1.0,5,5,False
baseline_plus_conditional_mean_logp,peptide_disjoint,mse,nonzero,HLA-B*41:01,spearman,0.3126356640641985,28,28,False
baseline_plus_conditional_mean_logp,peptide_disjoint,mse,nonzero,HLA-B*41:01,pearson_log,0.3928124237919194,28,28,False
baseline_plus_conditional_mean_logp,peptide_disjoint,mse,nonzero,HLA-B*41:01,auc_gt_2h,0.7954545454545454,28,28,False
baseline_plus_conditional_mean_logp,peptide_disjoint,mse,nonzero,HLA-B*42:01,spearman,0.7400095717610606,76,76,False
baseline_plus_conditional_mean_logp,peptide_disjoint,mse,nonzero,HLA-B*42:01,pearson_log,0.6678183182462252,76,76,False
baseline_plus_conditional_mean_logp,peptide_disjoint,mse,nonzero,HLA-B*42:01,auc_gt_2h,0.8528645833333334,76,76,False
baseline_plus_conditional_mean_logp,peptide_disjoint,mse,nonzero,HLA-B*42:02,spearman,0.659234317244291,77,77,False
baseline_plus_conditional_mean_logp,peptide_disjoint,mse,nonzero,HLA-B*42:02,pearson_log,0.6467017817816659,77,77,False
baseline_plus_conditional_mean_logp,peptide_disjoint,mse,nonzero,HLA-B*42:02,auc_gt_2h,0.7972789115646259,77,77,False
baseline_plus_conditional_mean_logp,peptide_disjoint,mse,nonzero,HLA-B*44:05,spearman,0.3817906806747766,66,66,False
baseline_plus_conditional_mean_logp,peptide_disjoint,mse,nonzero,HLA-B*44:05,pearson_log,0.3561057628958072,66,66,False
baseline_plus_conditional_mean_logp,peptide_disjoint,mse,nonzero,HLA-B*44:05,auc_gt_2h,0.6641304347826087,66,66,False
baseline_plus_conditional_mean_logp,peptide_disjoint,mse,nonzero,HLA-B*45:01,spearman,0.5117900757082632,29,29,False
baseline_plus_conditional_mean_logp,peptide_disjoint,mse,nonzero,HLA-B*45:01,pearson_log,0.617221107333773,29,29,False
baseline_plus_conditional_mean_logp,peptide_disjoint,mse,nonzero,HLA-B*45:01,auc_gt_2h,0.7898550724637681,29,29,False
baseline_plus_conditional_mean_logp,peptide_disjoint,mse,nonzero,HLA-B*46:01,spearman,0.4647500068095965,40,40,False
baseline_plus_conditional_mean_logp,peptide_disjoint,mse,nonzero,HLA-B*46:01,pearson_log,0.47944958137868826,40,40,False
baseline_plus_conditional_mean_logp,peptide_disjoint,mse,nonzero,HLA-B*46:01,auc_gt_2h,0.7204301075268817,40,40,False
baseline_plus_conditional_mean_logp,peptide_disjoint,mse,nonzero,HLA-B*51:01,spearman,0.6322835738289599,46,46,False
baseline_plus_conditional_mean_logp,peptide_disjoint,mse,nonzero,HLA-B*51:01,pearson_log,0.6263266231010642,46,46,False
baseline_plus_conditional_mean_logp,peptide_disjoint,mse,nonzero,HLA-B*51:01,auc_gt_2h,0.8258064516129032,46,46,False
baseline_plus_conditional_mean_logp,peptide_disjoint,mse,nonzero,HLA-B*54:01,spearman,0.6165477753791607,53,53,False
baseline_plus_conditional_mean_logp,peptide_disjoint,mse,nonzero,HLA-B*54:01,pearson_log,0.6214214499817736,53,53,False
baseline_plus_conditional_mean_logp,peptide_disjoint,mse,nonzero,HLA-B*54:01,auc_gt_2h,0.8,53,53,False
baseline_plus_conditional_mean_logp,peptide_disjoint,mse,nonzero,HLA-B*55:01,spearman,0.5854775154871441,43,43,False
baseline_plus_conditional_mean_logp,peptide_disjoint,mse,nonzero,HLA-B*55:01,pearson_log,0.5343896152515782,43,43,False
baseline_plus_conditional_mean_logp,peptide_disjoint,mse,nonzero,HLA-B*55:01,auc_gt_2h,0.7511111111111112,43,43,False
baseline_plus_conditional_mean_logp,peptide_disjoint,mse,nonzero,HLA-B*56:01,spearman,0.5929332325201214,45,45,False
baseline_plus_conditional_mean_logp,peptide_disjoint,mse,nonzero,HLA-B*56:01,pearson_log,0.6262231015102282,45,45,False
baseline_plus_conditional_mean_logp,peptide_disjoint,mse,nonzero,HLA-B*56:01,auc_gt_2h,0.8308080808080808,45,45,False
baseline_plus_conditional_mean_logp,peptide_disjoint,mse,nonzero,HLA-B*57:01,spearman,0.5427715874056286,55,55,False
baseline_plus_conditional_mean_logp,peptide_disjoint,mse,nonzero,HLA-B*57:01,pearson_log,0.5618257096044107,55,55,False
baseline_plus_conditional_mean_logp,peptide_disjoint,mse,nonzero,HLA-B*57:01,auc_gt_2h,0.8085106382978724,55,55,False
baseline_plus_conditional_mean_logp,peptide_disjoint,mse,nonzero,HLA-B*57:02,spearman,0.48357497587725895,63,63,False
baseline_plus_conditional_mean_logp,peptide_disjoint,mse,nonzero,HLA-B*57:02,pearson_log,0.4603257234538823,63,63,False
baseline_plus_conditional_mean_logp,peptide_disjoint,mse,nonzero,HLA-B*57:02,auc_gt_2h,0.7356459330143541,63,63,False
baseline_plus_conditional_mean_logp,peptide_disjoint,mse,nonzero,HLA-B*57:03,spearman,0.6559254206555899,70,70,False
baseline_plus_conditional_mean_logp,peptide_disjoint,mse,nonzero,HLA-B*57:03,pearson_log,0.6835371718425829,70,70,False
baseline_plus_conditional_mean_logp,peptide_disjoint,mse,nonzero,HLA-B*57:03,auc_gt_2h,0.876803551609323,70,70,False
baseline_plus_conditional_mean_logp,peptide_disjoint,mse,nonzero,HLA-B*58:01,spearman,0.6096998567892186,60,60,False
baseline_plus_conditional_mean_logp,peptide_disjoint,mse,nonzero,HLA-B*58:01,pearson_log,0.6261332561223754,60,60,False
baseline_plus_conditional_mean_logp,peptide_disjoint,mse,nonzero,HLA-B*58:01,auc_gt_2h,0.806712962962963,60,60,False
baseline_plus_conditional_mean_logp,peptide_disjoint,mse,nonzero,HLA-B*81:01,spearman,0.6186703614410383,65,65,False
baseline_plus_conditional_mean_logp,peptide_disjoint,mse,nonzero,HLA-B*81:01,pearson_log,0.5653506176564179,65,65,False
baseline_plus_conditional_mean_logp,peptide_disjoint,mse,nonzero,HLA-B*81:01,auc_gt_2h,0.7459016393442623,65,65,False
baseline_plus_conditional_mean_logp,random,mse,all,HLA-A*01:01,spearman,0.2137642817449788,44,44,False
baseline_plus_conditional_mean_logp,random,mse,all,HLA-A*01:01,pearson_log,0.1951285059299218,44,44,False
baseline_plus_conditional_mean_logp,random,mse,all,HLA-A*01:01,auc_gt_2h,0.6666666666666666,44,44,False
baseline_plus_conditional_mean_logp,random,mse,all,HLA-A*02:01,spearman,0.6132209001843706,205,205,False
baseline_plus_conditional_mean_logp,random,mse,all,HLA-A*02:01,pearson_log,0.6259141602924053,205,205,False
baseline_plus_conditional_mean_logp,random,mse,all,HLA-A*02:01,auc_gt_2h,0.8358823529411764,205,205,False
baseline_plus_conditional_mean_logp,random,mse,all,HLA-A*02:03,spearman,0.6196126097166765,76,76,False
baseline_plus_conditional_mean_logp,random,mse,all,HLA-A*02:03,pearson_log,0.5644937323479942,76,76,False
baseline_plus_conditional_mean_logp,random,mse,all,HLA-A*02:03,auc_gt_2h,0.8164705882352942,76,76,False
baseline_plus_conditional_mean_logp,random,mse,all,HLA-A*02:05,spearman,0.7999999999999999,4,4,False
baseline_plus_conditional_mean_logp,random,mse,all,HLA-A*02:05,pearson_log,0.7901878368505642,4,4,False
baseline_plus_conditional_mean_logp,random,mse,all,HLA-A*02:05,auc_gt_2h,0.75,4,4,False
baseline_plus_conditional_mean_logp,random,mse,all,HLA-A*02:10,spearman,0.3306094231448237,74,74,False
baseline_plus_conditional_mean_logp,random,mse,all,HLA-A*02:10,pearson_log,0.3086325807648986,74,74,False
baseline_plus_conditional_mean_logp,random,mse,all,HLA-A*02:10,auc_gt_2h,0.7058823529411765,74,74,False
baseline_plus_conditional_mean_logp,random,mse,all,HLA-A*02:11,spearman,0.34722573566472215,76,76,False
baseline_plus_conditional_mean_logp,random,mse,all,HLA-A*02:11,pearson_log,0.34905003689217123,76,76,False
baseline_plus_conditional_mean_logp,random,mse,all,HLA-A*02:11,auc_gt_2h,0.7272727272727273,76,76,False
baseline_plus_conditional_mean_logp,random,mse,all,HLA-A*02:12,spearman,0.6308446536260592,74,74,False
baseline_plus_conditional_mean_logp,random,mse,all,HLA-A*02:12,pearson_log,0.636752727735425,74,74,False
baseline_plus_conditional_mean_logp,random,mse,all,HLA-A*02:12,auc_gt_2h,0.8095238095238094,74,74,False
baseline_plus_conditional_mean_logp,random,mse,all,HLA-A*02:16,spearman,0.6558167693907792,75,75,False
baseline_plus_conditional_mean_logp,random,mse,all,HLA-A*02:16,pearson_log,0.6699789045795504,75,75,False
baseline_plus_conditional_mean_logp,random,mse,all,HLA-A*02:16,auc_gt_2h,0.861111111111111,75,75,False
baseline_plus_conditional_mean_logp,random,mse,all,HLA-A*02:19,spearman,0.5607653801019421,71,71,False
baseline_plus_conditional_mean_logp,random,mse,all,HLA-A*02:19,pearson_log,0.5543978904379583,71,71,False
baseline_plus_conditional_mean_logp,random,mse,all,HLA-A*02:19,auc_gt_2h,0.741025641025641,71,71,False
baseline_plus_conditional_mean_logp,random,mse,all,HLA-A*02:50,spearman,0.6162458227410496,75,75,False
baseline_plus_conditional_mean_logp,random,mse,all,HLA-A*02:50,pearson_log,0.6152513566594883,75,75,False
baseline_plus_conditional_mean_logp,random,mse,all,HLA-A*02:50,auc_gt_2h,0.8122222222222222,75,75,False
baseline_plus_conditional_mean_logp,random,mse,all,HLA-A*03:01,spearman,0.6448679194575132,172,172,False
baseline_plus_conditional_mean_logp,random,mse,all,HLA-A*03:01,pearson_log,0.6420279536791239,172,172,False
baseline_plus_conditional_mean_logp,random,mse,all,HLA-A*03:01,auc_gt_2h,0.8137047980863937,172,172,False
baseline_plus_conditional_mean_logp,random,mse,all,HLA-A*11:01,spearman,0.6381086641302837,116,116,False
baseline_plus_conditional_mean_logp,random,mse,all,HLA-A*11:01,pearson_log,0.6260714168310486,116,116,False
baseline_plus_conditional_mean_logp,random,mse,all,HLA-A*11:01,auc_gt_2h,0.8271493212669683,116,116,False
baseline_plus_conditional_mean_logp,random,mse,all,HLA-A*23:01,spearman,0.6444870891768851,74,74,False
baseline_plus_conditional_mean_logp,random,mse,all,HLA-A*23:01,pearson_log,0.6422602584105336,74,74,False
baseline_plus_conditional_mean_logp,random,mse,all,HLA-A*23:01,auc_gt_2h,0.8408385093167702,74,74,False
baseline_plus_conditional_mean_logp,random,mse,all,HLA-A*24:02,spearman,0.6281044624969633,115,115,False
baseline_plus_conditional_mean_logp,random,mse,all,HLA-A*24:02,pearson_log,0.6508063978402026,115,115,False
baseline_plus_conditional_mean_logp,random,mse,all,HLA-A*24:02,auc_gt_2h,0.7972727272727272,115,115,False
baseline_plus_conditional_mean_logp,random,mse,all,HLA-A*24:03,spearman,0.5675699066201956,102,102,False
baseline_plus_conditional_mean_logp,random,mse,all,HLA-A*24:03,pearson_log,0.5305517831354789,102,102,False
baseline_plus_conditional_mean_logp,random,mse,all,HLA-A*24:03,auc_gt_2h,0.7746865203761756,102,102,False
baseline_plus_conditional_mean_logp,random,mse,all,HLA-A*24:07,spearman,0.6810316765596124,70,70,False
baseline_plus_conditional_mean_logp,random,mse,all,HLA-A*24:07,pearson_log,0.6953830617311891,70,70,False
baseline_plus_conditional_mean_logp,random,mse,all,HLA-A*24:07,auc_gt_2h,0.8562925170068026,70,70,False
baseline_plus_conditional_mean_logp,random,mse,all,HLA-A*24:19,spearman,0.3434309139164033,76,76,False
baseline_plus_conditional_mean_logp,random,mse,all,HLA-A*24:19,pearson_log,0.3077713302573376,76,76,False
baseline_plus_conditional_mean_logp,random,mse,all,HLA-A*24:19,auc_gt_2h,0.695774647887324,76,76,False
baseline_plus_conditional_mean_logp,random,mse,all,HLA-A*25:01,spearman,0.2865523465702477,73,73,False
baseline_plus_conditional_mean_logp,random,mse,all,HLA-A*25:01,pearson_log,0.2508662690728138,73,73,False
baseline_plus_conditional_mean_logp,random,mse,all,HLA-A*25:01,auc_gt_2h,0.6910331384015594,73,73,False
baseline_plus_conditional_mean_logp,random,mse,all,HLA-A*26:01,spearman,0.4952916194645082,54,54,False
baseline_plus_conditional_mean_logp,random,mse,all,HLA-A*26:01,pearson_log,0.5336709868025813,54,54,False
baseline_plus_conditional_mean_logp,random,mse,all,HLA-A*26:01,auc_gt_2h,0.7503974562798092,54,54,False
baseline_plus_conditional_mean_logp,random,mse,all,HLA-A*26:02,spearman,0.4518651105990344,69,69,False
baseline_plus_conditional_mean_logp,random,mse,all,HLA-A*26:02,pearson_log,0.47384169877274407,69,69,False
baseline_plus_conditional_mean_logp,random,mse,all,HLA-A*26:02,auc_gt_2h,0.7410714285714286,69,69,False
baseline_plus_conditional_mean_logp,random,mse,all,HLA-A*26:03,spearman,0.500940694239525,68,68,False
baseline_plus_conditional_mean_logp,random,mse,all,HLA-A*26:03,pearson_log,0.536397342216983,68,68,False
baseline_plus_conditional_mean_logp,random,mse,all,HLA-A*26:03,auc_gt_2h,0.7833333333333333,68,68,False
baseline_plus_conditional_mean_logp,random,mse,all,HLA-A*29:02,spearman,0.40091541135994047,77,77,False
baseline_plus_conditional_mean_logp,random,mse,all,HLA-A*29:02,pearson_log,0.44915940556841216,77,77,False
baseline_plus_conditional_mean_logp,random,mse,all,HLA-A*29:02,auc_gt_2h,0.7148760330578512,77,77,False
baseline_plus_conditional_mean_logp,random,mse,all,HLA-A*30:01,spearman,0.34974441570563475,77,77,False
baseline_plus_conditional_mean_logp,random,mse,all,HLA-A*30:01,pearson_log,0.33749601406716134,77,77,False
baseline_plus_conditional_mean_logp,random,mse,all,HLA-A*30:01,auc_gt_2h,0.6338842975206612,77,77,False
baseline_plus_conditional_mean_logp,random,mse,all,HLA-A*30:02,spearman,0.2733586720437523,73,73,False
baseline_plus_conditional_mean_logp,random,mse,all,HLA-A*30:02,pearson_log,0.36661025939273634,73,73,False
baseline_plus_conditional_mean_logp,random,mse,all,HLA-A*30:02,auc_gt_2h,0.652014652014652,73,73,False
baseline_plus_conditional_mean_logp,random,mse,all,HLA-A*31:01,spearman,0.42574374348683425,76,76,False
baseline_plus_conditional_mean_logp,random,mse,all,HLA-A*31:01,pearson_log,0.44189288705943985,76,76,False
baseline_plus_conditional_mean_logp,random,mse,all,HLA-A*31:01,auc_gt_2h,0.6989247311827957,76,76,False
baseline_plus_conditional_mean_logp,random,mse,all,HLA-A*32:01,spearman,0.8285714285714287,6,6,False
baseline_plus_conditional_mean_logp,random,mse,all,HLA-A*32:01,pearson_log,0.4956009358843583,6,6,False
baseline_plus_conditional_mean_logp,random,mse,all,HLA-A*32:01,auc_gt_2h,1.0,6,6,False
baseline_plus_conditional_mean_logp,random,mse,all,HLA-A*32:07,spearman,0.6687756299207526,73,73,False
baseline_plus_conditional_mean_logp,random,mse,all,HLA-A*32:07,pearson_log,0.7025433236576815,73,73,False
baseline_plus_conditional_mean_logp,random,mse,all,HLA-A*32:07,auc_gt_2h,0.9039115646258503,73,73,False
baseline_plus_conditional_mean_logp,random,mse,all,HLA-A*33:03,spearman,0.33825069876789227,74,74,False
baseline_plus_conditional_mean_logp,random,mse,all,HLA-A*33:03,pearson_log,0.3349193384410644,74,74,False
baseline_plus_conditional_mean_logp,random,mse,all,HLA-A*33:03,auc_gt_2h,0.7814685314685316,74,74,False
baseline_plus_conditional_mean_logp,random,mse,all,HLA-A*43:01,spearman,0.256154218989575,72,72,False
baseline_plus_conditional_mean_logp,random,mse,all,HLA-A*43:01,pearson_log,0.22184124984323328,72,72,False
baseline_plus_conditional_mean_logp,random,mse,all,HLA-A*43:01,auc_gt_2h,0.666015625,72,72,False
baseline_plus_conditional_mean_logp,random,mse,all,HLA-A*66:01,spearman,0.26346090822454743,76,76,False
baseline_plus_conditional_mean_logp,random,mse,all,HLA-A*66:01,pearson_log,0.35897822818519903,76,76,False
baseline_plus_conditional_mean_logp,random,mse,all,HLA-A*66:01,auc_gt_2h,0.6086956521739131,76,76,False
baseline_plus_conditional_mean_logp,random,mse,all,HLA-A*68:01,spearman,0.5446100307780902,77,77,False
baseline_plus_conditional_mean_logp,random,mse,all,HLA-A*68:01,pearson_log,0.5427500676448218,77,77,False
baseline_plus_conditional_mean_logp,random,mse,all,HLA-A*68:01,auc_gt_2h,0.7419825072886297,77,77,False
baseline_plus_conditional_mean_logp,random,mse,all,HLA-A*68:02,spearman,-0.5,3,3,False
baseline_plus_conditional_mean_logp,random,mse,all,HLA-A*68:02,pearson_log,-0.15893250421975363,3,3,False
baseline_plus_conditional_mean_logp,random,mse,all,HLA-A*68:02,auc_gt_2h,,3,3,False
baseline_plus_conditional_mean_logp,random,mse,all,HLA-A*68:23,spearman,0.1345698822922782,74,74,False
baseline_plus_conditional_mean_logp,random,mse,all,HLA-A*68:23,pearson_log,0.1509729239359908,74,74,False
baseline_plus_conditional_mean_logp,random,mse,all,HLA-A*68:23,auc_gt_2h,0.6583333333333332,74,74,False
baseline_plus_conditional_mean_logp,random,mse,all,HLA-A*69:01,spearman,0.0,3,3,False
baseline_plus_conditional_mean_logp,random,mse,all,HLA-A*69:01,pearson_log,-0.3576082444006764,3,3,False
baseline_plus_conditional_mean_logp,random,mse,all,HLA-A*69:01,auc_gt_2h,,3,3,False
baseline_plus_conditional_mean_logp,random,mse,all,HLA-A*74:01,spearman,0.51068337176088,72,72,False
baseline_plus_conditional_mean_logp,random,mse,all,HLA-A*74:01,pearson_log,0.523666273530405,72,72,False
baseline_plus_conditional_mean_logp,random,mse,all,HLA-A*74:01,auc_gt_2h,0.7422839506172839,72,72,False
baseline_plus_conditional_mean_logp,random,mse,all,HLA-A*80:01,spearman,0.40710679371452707,70,70,False
baseline_plus_conditional_mean_logp,random,mse,all,HLA-A*80:01,pearson_log,0.45100714317031576,70,70,False
baseline_plus_conditional_mean_logp,random,mse,all,HLA-A*80:01,auc_gt_2h,0.9651741293532339,70,70,False
baseline_plus_conditional_mean_logp,random,mse,all,HLA-B*07:02,spearman,0.5074433313921705,130,130,False
baseline_plus_conditional_mean_logp,random,mse,all,HLA-B*07:02,pearson_log,0.472101826139373,130,130,False
baseline_plus_conditional_mean_logp,random,mse,all,HLA-B*07:02,auc_gt_2h,0.75325,130,130,False
baseline_plus_conditional_mean_logp,random,mse,all,HLA-B*08:01,spearman,0.36952501249189945,93,93,False
baseline_plus_conditional_mean_logp,random,mse,all,HLA-B*08:01,pearson_log,0.3695986516715633,93,93,False
baseline_plus_conditional_mean_logp,random,mse,all,HLA-B*08:01,auc_gt_2h,0.8571428571428572,93,93,False
baseline_plus_conditional_mean_logp,random,mse,all,HLA-B*08:03,spearman,0.4333578976687618,70,70,False
baseline_plus_conditional_mean_logp,random,mse,all,HLA-B*08:03,pearson_log,0.4493998152360694,70,70,False
baseline_plus_conditional_mean_logp,random,mse,all,HLA-B*08:03,auc_gt_2h,0.8723958333333333,70,70,False
baseline_plus_conditional_mean_logp,random,mse,all,HLA-B*13:02,spearman,,1,1,True
baseline_plus_conditional_mean_logp,random,mse,all,HLA-B*13:02,pearson_log,,1,1,True
baseline_plus_conditional_mean_logp,random,mse,all,HLA-B*13:02,auc_gt_2h,,1,1,True
baseline_plus_conditional_mean_logp,random,mse,all,HLA-B*14:01(C67S),spearman,0.18629305414011255,75,75,False
baseline_plus_conditional_mean_logp,random,mse,all,HLA-B*14:01(C67S),pearson_log,0.20553667455554603,75,75,False
baseline_plus_conditional_mean_logp,random,mse,all,HLA-B*14:01(C67S),auc_gt_2h,,75,75,False
baseline_plus_conditional_mean_logp,random,mse,all,HLA-B*14:02(C67S),spearman,0.34721514533194936,76,76,False
baseline_plus_conditional_mean_logp,random,mse,all,HLA-B*14:02(C67S),pearson_log,0.3900477027070991,76,76,False
baseline_plus_conditional_mean_logp,random,mse,all,HLA-B*14:02(C67S),auc_gt_2h,0.730952380952381,76,76,False
baseline_plus_conditional_mean_logp,random,mse,all,HLA-B*15:01,spearman,0.3414004679794092,214,214,False
baseline_plus_conditional_mean_logp,random,mse,all,HLA-B*15:01,pearson_log,0.392040257704182,214,214,False
baseline_plus_conditional_mean_logp,random,mse,all,HLA-B*15:01,auc_gt_2h,0.7411818598259275,214,214,False
baseline_plus_conditional_mean_logp,random,mse,all,HLA-B*15:02,spearman,0.5833241486367056,70,70,False
baseline_plus_conditional_mean_logp,random,mse,all,HLA-B*15:02,pearson_log,0.5666408236327549,70,70,False
baseline_plus_conditional_mean_logp,random,mse,all,HLA-B*15:02,auc_gt_2h,0.7217777777777779,70,70,False
baseline_plus_conditional_mean_logp,random,mse,all,HLA-B*15:10,spearman,0.4333100631510815,73,73,False
baseline_plus_conditional_mean_logp,random,mse,all,HLA-B*15:10,pearson_log,0.3954768188697432,73,73,False
baseline_plus_conditional_mean_logp,random,mse,all,HLA-B*15:10,auc_gt_2h,0.5923076923076922,73,73,False
baseline_plus_conditional_mean_logp,random,mse,all,HLA-B*15:17,spearman,0.2349374136708404,72,72,False
baseline_plus_conditional_mean_logp,random,mse,all,HLA-B*15:17,pearson_log,0.21615448911154495,72,72,False
baseline_plus_conditional_mean_logp,random,mse,all,HLA-B*15:17,auc_gt_2h,0.5814863102998696,72,72,False
baseline_plus_conditional_mean_logp,random,mse,all,HLA-B*18:01,spearman,0.42215958847136437,72,72,False
baseline_plus_conditional_mean_logp,random,mse,all,HLA-B*18:01,pearson_log,0.43885050384283864,72,72,False
baseline_plus_conditional_mean_logp,random,mse,all,HLA-B*18:01,auc_gt_2h,0.6900078678206137,72,72,False
baseline_plus_conditional_mean_logp,random,mse,all,HLA-B*27:02,spearman,0.7498690061780695,72,72,False
baseline_plus_conditional_mean_logp,random,mse,all,HLA-B*27:02,pearson_log,0.7361549325124788,72,72,False
baseline_plus_conditional_mean_logp,random,mse,all,HLA-B*27:02,auc_gt_2h,0.8769349845201238,72,72,False
baseline_plus_conditional_mean_logp,random,mse,all,HLA-B*27:03,spearman,0.7949183696258156,74,74,False
baseline_plus_conditional_mean_logp,random,mse,all,HLA-B*27:03,pearson_log,0.791106476862713,74,74,False
baseline_plus_conditional_mean_logp,random,mse,all,HLA-B*27:03,auc_gt_2h,0.905437352245863,74,74,False
baseline_plus_conditional_mean_logp,random,mse,all,HLA-B*27:05,spearman,0.5057345822411291,73,73,False
baseline_plus_conditional_mean_logp,random,mse,all,HLA-B*27:05,pearson_log,0.483061525373593,73,73,False
baseline_plus_conditional_mean_logp,random,mse,all,HLA-B*27:05,auc_gt_2h,0.7142857142857143,73,73,False
baseline_plus_conditional_mean_logp,random,mse,all,HLA-B*27:20,spearman,0.3850237273433841,74,74,False
baseline_plus_conditional_mean_logp,random,mse,all,HLA-B*27:20,pearson_log,0.36388675552931127,74,74,False
baseline_plus_conditional_mean_logp,random,mse,all,HLA-B*27:20,auc_gt_2h,0.673611111111111,74,74,False
baseline_plus_conditional_mean_logp,random,mse,all,HLA-B*35:01,spearman,0.4185475382008968,130,130,False
baseline_plus_conditional_mean_logp,random,mse,all,HLA-B*35:01,pearson_log,0.3548106943414178,130,130,False
baseline_plus_conditional_mean_logp,random,mse,all,HLA-B*35:01,auc_gt_2h,0.7311933349669199,130,130,False
baseline_plus_conditional_mean_logp,random,mse,all,HLA-B*35:03,spearman,0.3154508969500378,75,75,False
baseline_plus_conditional_mean_logp,random,mse,all,HLA-B*35:03,pearson_log,0.3786010542006376,75,75,False
baseline_plus_conditional_mean_logp,random,mse,all,HLA-B*35:03,auc_gt_2h,0.653343023255814,75,75,False
baseline_plus_conditional_mean_logp,random,mse,all,HLA-B*35:08,spearman,0.6,5,5,False
baseline_plus_conditional_mean_logp,random,mse,all,HLA-B*35:08,pearson_log,0.6019735393927207,5,5,False
baseline_plus_conditional_mean_logp,random,mse,all,HLA-B*35:08,auc_gt_2h,1.0,5,5,False
baseline_plus_conditional_mean_logp,random,mse,all,HLA-B*39:01,spearman,0.43245632753574964,136,136,False
baseline_plus_conditional_mean_logp,random,mse,all,HLA-B*39:01,pearson_log,0.4316257550975504,136,136,False
baseline_plus_conditional_mean_logp,random,mse,all,HLA-B*39:01,auc_gt_2h,0.7787610619469026,136,136,False
baseline_plus_conditional_mean_logp,random,mse,all,HLA-B*39:02,spearman,0.2277431773995252,75,75,False
baseline_plus_conditional_mean_logp,random,mse,all,HLA-B*39:02,pearson_log,0.24093634342875003,75,75,False
baseline_plus_conditional_mean_logp,random,mse,all,HLA-B*39:02,auc_gt_2h,0.6774691358024691,75,75,False
baseline_plus_conditional_mean_logp,random,mse,all,HLA-B*39:06(C67S),spearman,0.3455331547925623,76,76,False
baseline_plus_conditional_mean_logp,random,mse,all,HLA-B*39:06(C67S),pearson_log,0.35541315970532816,76,76,False
baseline_plus_conditional_mean_logp,random,mse,all,HLA-B*39:06(C67S),auc_gt_2h,0.96,76,76,False
baseline_plus_conditional_mean_logp,random,mse,all,HLA-B*39:10,spearman,0.4499844238233896,75,75,False
baseline_plus_conditional_mean_logp,random,mse,all,HLA-B*39:10,pearson_log,0.5436450303408941,75,75,False
baseline_plus_conditional_mean_logp,random,mse,all,HLA-B*39:10,auc_gt_2h,0.708966565349544,75,75,False
baseline_plus_conditional_mean_logp,random,mse,all,HLA-B*40:01,spearman,0.24331015999082792,60,60,False
baseline_plus_conditional_mean_logp,random,mse,all,HLA-B*40:01,pearson_log,0.2900084353562392,60,60,False
baseline_plus_conditional_mean_logp,random,mse,all,HLA-B*40:01,auc_gt_2h,0.7236363636363636,60,60,False
baseline_plus_conditional_mean_logp,random,mse,all,HLA-B*40:02,spearman,1.0,4,4,False
baseline_plus_conditional_mean_logp,random,mse,all,HLA-B*40:02,pearson_log,0.5965148981112581,4,4,False
baseline_plus_conditional_mean_logp,random,mse,all,HLA-B*40:02,auc_gt_2h,1.0,4,4,False
baseline_plus_conditional_mean_logp,random,mse,all,HLA-B*41:01,spearman,0.43786396330655397,74,74,False
baseline_plus_conditional_mean_logp,random,mse,all,HLA-B*41:01,pearson_log,0.4953724499186668,74,74,False
baseline_plus_conditional_mean_logp,random,mse,all,HLA-B*41:01,auc_gt_2h,0.8892857142857142,74,74,False
baseline_plus_conditional_mean_logp,random,mse,all,HLA-B*42:01,spearman,0.6746401912948509,70,70,False
baseline_plus_conditional_mean_logp,random,mse,all,HLA-B*42:01,pearson_log,0.5527750102803565,70,70,False
baseline_plus_conditional_mean_logp,random,mse,all,HLA-B*42:01,auc_gt_2h,0.8105646630236795,70,70,False
baseline_plus_conditional_mean_logp,random,mse,all,HLA-B*42:02,spearman,0.6920008486455833,75,75,False
baseline_plus_conditional_mean_logp,random,mse,all,HLA-B*42:02,pearson_log,0.652027302889943,75,75,False
baseline_plus_conditional_mean_logp,random,mse,all,HLA-B*42:02,auc_gt_2h,0.8585185185185186,75,75,False
baseline_plus_conditional_mean_logp,random,mse,all,HLA-B*44:05,spearman,0.31706487740920364,70,70,False
baseline_plus_conditional_mean_logp,random,mse,all,HLA-B*44:05,pearson_log,0.344212945028649,70,70,False
baseline_plus_conditional_mean_logp,random,mse,all,HLA-B*44:05,auc_gt_2h,0.6215306980656014,70,70,False
baseline_plus_conditional_mean_logp,random,mse,all,HLA-B*45:01,spearman,0.5166286821346704,74,74,False
baseline_plus_conditional_mean_logp,random,mse,all,HLA-B*45:01,pearson_log,0.5693373598934033,74,74,False
baseline_plus_conditional_mean_logp,random,mse,all,HLA-B*45:01,auc_gt_2h,0.7727272727272727,74,74,False
baseline_plus_conditional_mean_logp,random,mse,all,HLA-B*46:01,spearman,0.2459311806212177,72,72,False
baseline_plus_conditional_mean_logp,random,mse,all,HLA-B*46:01,pearson_log,0.22065379623294895,72,72,False
baseline_plus_conditional_mean_logp,random,mse,all,HLA-B*46:01,auc_gt_2h,0.6527777777777778,72,72,False
baseline_plus_conditional_mean_logp,random,mse,all,HLA-B*51:01,spearman,0.6636495907538512,71,71,False
baseline_plus_conditional_mean_logp,random,mse,all,HLA-B*51:01,pearson_log,0.6806317472382044,71,71,False
baseline_plus_conditional_mean_logp,random,mse,all,HLA-B*51:01,auc_gt_2h,0.8914285714285715,71,71,False
baseline_plus_conditional_mean_logp,random,mse,all,HLA-B*54:01,spearman,0.6191561224426664,71,71,False
baseline_plus_conditional_mean_logp,random,mse,all,HLA-B*54:01,pearson_log,0.65862680380282,71,71,False
baseline_plus_conditional_mean_logp,random,mse,all,HLA-B*54:01,auc_gt_2h,0.8637316561844863,71,71,False
baseline_plus_conditional_mean_logp,random,mse,all,HLA-B*55:01,spearman,0.7290392077961639,76,76,False
baseline_plus_conditional_mean_logp,random,mse,all,HLA-B*55:01,pearson_log,0.7526397595044012,76,76,False
baseline_plus_conditional_mean_logp,random,mse,all,HLA-B*55:01,auc_gt_2h,0.9045454545454545,76,76,False
baseline_plus_conditional_mean_logp,random,mse,all,HLA-B*56:01,spearman,0.7703746803617291,74,74,False
baseline_plus_conditional_mean_logp,random,mse,all,HLA-B*56:01,pearson_log,0.7691521748777491,74,74,False
baseline_plus_conditional_mean_logp,random,mse,all,HLA-B*56:01,auc_gt_2h,0.8953341740226987,74,74,False
baseline_plus_conditional_mean_logp,random,mse,all,HLA-B*57:01,spearman,0.7435128961997787,70,70,False
baseline_plus_conditional_mean_logp,random,mse,all,HLA-B*57:01,pearson_log,0.6086281622063145,70,70,False
baseline_plus_conditional_mean_logp,random,mse,all,HLA-B*57:01,auc_gt_2h,0.8796296296296298,70,70,False
baseline_plus_conditional_mean_logp,random,mse,all,HLA-B*57:02,spearman,0.44565014368813805,73,73,False
baseline_plus_conditional_mean_logp,random,mse,all,HLA-B*57:02,pearson_log,0.4641424460594886,73,73,False
baseline_plus_conditional_mean_logp,random,mse,all,HLA-B*57:02,auc_gt_2h,0.6859756097560976,73,73,False
baseline_plus_conditional_mean_logp,random,mse,all,HLA-B*57:03,spearman,0.5708127497951782,74,74,False
baseline_plus_conditional_mean_logp,random,mse,all,HLA-B*57:03,pearson_log,0.5208115110951174,74,74,False
baseline_plus_conditional_mean_logp,random,mse,all,HLA-B*57:03,auc_gt_2h,0.7906683480453972,74,74,False
baseline_plus_conditional_mean_logp,random,mse,all,HLA-B*58:01,spearman,0.5938112088776616,76,76,False
baseline_plus_conditional_mean_logp,random,mse,all,HLA-B*58:01,pearson_log,0.5349832751778794,76,76,False
baseline_plus_conditional_mean_logp,random,mse,all,HLA-B*58:01,auc_gt_2h,0.8333333333333334,76,76,False
baseline_plus_conditional_mean_logp,random,mse,all,HLA-B*81:01,spearman,0.5172285329059012,73,73,False
baseline_plus_conditional_mean_logp,random,mse,all,HLA-B*81:01,pearson_log,0.4634793746244432,73,73,False
baseline_plus_conditional_mean_logp,random,mse,all,HLA-B*81:01,auc_gt_2h,0.7402597402597404,73,73,False
baseline_plus_conditional_mean_logp,random,mse,nonzero,HLA-A*01:01,spearman,0.1952784181661737,42,42,False
baseline_plus_conditional_mean_logp,random,mse,nonzero,HLA-A*01:01,pearson_log,0.17504229057680487,42,42,False
baseline_plus_conditional_mean_logp,random,mse,nonzero,HLA-A*01:01,auc_gt_2h,0.6611764705882353,42,42,False
baseline_plus_conditional_mean_logp,random,mse,nonzero,HLA-A*02:01,spearman,0.6076296727842325,204,204,False
baseline_plus_conditional_mean_logp,random,mse,nonzero,HLA-A*02:01,pearson_log,0.6153452966618183,204,204,False
baseline_plus_conditional_mean_logp,random,mse,nonzero,HLA-A*02:01,auc_gt_2h,0.8339285714285715,204,204,False
baseline_plus_conditional_mean_logp,random,mse,nonzero,HLA-A*02:03,spearman,0.5972094197976553,72,72,False
baseline_plus_conditional_mean_logp,random,mse,nonzero,HLA-A*02:03,pearson_log,0.5744317353669728,72,72,False
baseline_plus_conditional_mean_logp,random,mse,nonzero,HLA-A*02:03,auc_gt_2h,0.8048552754435108,72,72,False
baseline_plus_conditional_mean_logp,random,mse,nonzero,HLA-A*02:05,spearman,0.7999999999999999,4,4,False
baseline_plus_conditional_mean_logp,random,mse,nonzero,HLA-A*02:05,pearson_log,0.7901878368505642,4,4,False
baseline_plus_conditional_mean_logp,random,mse,nonzero,HLA-A*02:05,auc_gt_2h,0.75,4,4,False
baseline_plus_conditional_mean_logp,random,mse,nonzero,HLA-A*02:10,spearman,0.40045641241069085,71,71,False
baseline_plus_conditional_mean_logp,random,mse,nonzero,HLA-A*02:10,pearson_log,0.4065413159731902,71,71,False
baseline_plus_conditional_mean_logp,random,mse,nonzero,HLA-A*02:10,auc_gt_2h,0.724960254372019,71,71,False
baseline_plus_conditional_mean_logp,random,mse,nonzero,HLA-A*02:11,spearman,0.34722573566472215,76,76,False
baseline_plus_conditional_mean_logp,random,mse,nonzero,HLA-A*02:11,pearson_log,0.34905003689217123,76,76,False
baseline_plus_conditional_mean_logp,random,mse,nonzero,HLA-A*02:11,auc_gt_2h,0.7272727272727273,76,76,False
baseline_plus_conditional_mean_logp,random,mse,nonzero,HLA-A*02:12,spearman,0.6308446536260592,74,74,False
baseline_plus_conditional_mean_logp,random,mse,nonzero,HLA-A*02:12,pearson_log,0.636752727735425,74,74,False
baseline_plus_conditional_mean_logp,random,mse,nonzero,HLA-A*02:12,auc_gt_2h,0.8095238095238094,74,74,False
baseline_plus_conditional_mean_logp,random,mse,nonzero,HLA-A*02:16,spearman,0.6418039807064688,74,74,False
baseline_plus_conditional_mean_logp,random,mse,nonzero,HLA-A*02:16,pearson_log,0.6379785986866409,74,74,False
baseline_plus_conditional_mean_logp,random,mse,nonzero,HLA-A*02:16,auc_gt_2h,0.8511904761904762,74,74,False
baseline_plus_conditional_mean_logp,random,mse,nonzero,HLA-A*02:19,spearman,0.5729884927393565,70,70,False
baseline_plus_conditional_mean_logp,random,mse,nonzero,HLA-A*02:19,pearson_log,0.5880804247144372,70,70,False
baseline_plus_conditional_mean_logp,random,mse,nonzero,HLA-A*02:19,auc_gt_2h,0.7457777777777778,70,70,False
baseline_plus_conditional_mean_logp,random,mse,nonzero,HLA-A*02:50,spearman,0.6162458227410496,75,75,False
baseline_plus_conditional_mean_logp,random,mse,nonzero,HLA-A*02:50,pearson_log,0.6152513566594883,75,75,False
baseline_plus_conditional_mean_logp,random,mse,nonzero,HLA-A*02:50,auc_gt_2h,0.8122222222222222,75,75,False
baseline_plus_conditional_mean_logp,random,mse,nonzero,HLA-A*03:01,spearman,0.5355471935563584,136,136,False
baseline_plus_conditional_mean_logp,random,mse,nonzero,HLA-A*03:01,pearson_log,0.5329081033945716,136,136,False
baseline_plus_conditional_mean_logp,random,mse,nonzero,HLA-A*03:01,auc_gt_2h,0.7590309322950465,136,136,False
baseline_plus_conditional_mean_logp,random,mse,nonzero,HLA-A*11:01,spearman,0.6331490382574768,111,111,False
baseline_plus_conditional_mean_logp,random,mse,nonzero,HLA-A*11:01,pearson_log,0.6403344520884802,111,111,False
baseline_plus_conditional_mean_logp,random,mse,nonzero,HLA-A*11:01,auc_gt_2h,0.8224080267558529,111,111,False
baseline_plus_conditional_mean_logp,random,mse,nonzero,HLA-A*23:01,spearman,0.6444870891768851,74,74,False
baseline_plus_conditional_mean_logp,random,mse,nonzero,HLA-A*23:01,pearson_log,0.6422602584105336,74,74,False
baseline_plus_conditional_mean_logp,random,mse,nonzero,HLA-A*23:01,auc_gt_2h,0.8408385093167702,74,74,False
baseline_plus_conditional_mean_logp,random,mse,nonzero,HLA-A*24:02,spearman,0.6281044624969633,115,115,False
baseline_plus_conditional_mean_logp,random,mse,nonzero,HLA-A*24:02,pearson_log,0.6508063978402026,115,115,False
baseline_plus_conditional_mean_logp,random,mse,nonzero,HLA-A*24:02,auc_gt_2h,0.7972727272727272,115,115,False
baseline_plus_conditional_mean_logp,random,mse,nonzero,HLA-A*24:03,spearman,0.5675699066201956,102,102,False
baseline_plus_conditional_mean_logp,random,mse,nonzero,HLA-A*24:03,pearson_log,0.5305517831354789,102,102,False
baseline_plus_conditional_mean_logp,random,mse,nonzero,HLA-A*24:03,auc_gt_2h,0.7746865203761756,102,102,False
baseline_plus_conditional_mean_logp,random,mse,nonzero,HLA-A*24:07,spearman,0.6699154089582323,68,68,False
baseline_plus_conditional_mean_logp,random,mse,nonzero,HLA-A*24:07,pearson_log,0.6896231123899379,68,68,False
baseline_plus_conditional_mean_logp,random,mse,nonzero,HLA-A*24:07,auc_gt_2h,0.8508928571428571,68,68,False
baseline_plus_conditional_mean_logp,random,mse,nonzero,HLA-A*24:19,spearman,0.4341025016343082,57,57,False
baseline_plus_conditional_mean_logp,random,mse,nonzero,HLA-A*24:19,pearson_log,0.34005190972230964,57,57,False
baseline_plus_conditional_mean_logp,random,mse,nonzero,HLA-A*24:19,auc_gt_2h,0.6807692307692308,57,57,False
baseline_plus_conditional_mean_logp,random,mse,nonzero,HLA-A*25:01,spearman,0.2969621700666289,55,55,False
baseline_plus_conditional_mean_logp,random,mse,nonzero,HLA-A*25:01,pearson_log,0.2402669463860294,55,55,False
baseline_plus_conditional_mean_logp,random,mse,nonzero,HLA-A*25:01,auc_gt_2h,0.6798245614035087,55,55,False
baseline_plus_conditional_mean_logp,random,mse,nonzero,HLA-A*26:01,spearman,0.5173520709543257,52,52,False
baseline_plus_conditional_mean_logp,random,mse,nonzero,HLA-A*26:01,pearson_log,0.5412751979546989,52,52,False
baseline_plus_conditional_mean_logp,random,mse,nonzero,HLA-A*26:01,auc_gt_2h,0.7529411764705882,52,52,False
baseline_plus_conditional_mean_logp,random,mse,nonzero,HLA-A*26:02,spearman,0.4543775505538951,60,60,False
baseline_plus_conditional_mean_logp,random,mse,nonzero,HLA-A*26:02,pearson_log,0.49510193416948894,60,60,False
baseline_plus_conditional_mean_logp,random,mse,nonzero,HLA-A*26:02,auc_gt_2h,0.7277167277167278,60,60,False
baseline_plus_conditional_mean_logp,random,mse,nonzero,HLA-A*26:03,spearman,0.3832493603889779,52,52,False
baseline_plus_conditional_mean_logp,random,mse,nonzero,HLA-A*26:03,pearson_log,0.43382669547023534,52,52,False
baseline_plus_conditional_mean_logp,random,mse,nonzero,HLA-A*26:03,auc_gt_2h,0.7467320261437909,52,52,False
baseline_plus_conditional_mean_logp,random,mse,nonzero,HLA-A*29:02,spearman,0.33113049242894793,74,74,False
baseline_plus_conditional_mean_logp,random,mse,nonzero,HLA-A*29:02,pearson_log,0.35454384556464325,74,74,False
baseline_plus_conditional_mean_logp,random,mse,nonzero,HLA-A*29:02,auc_gt_2h,0.6940133037694013,74,74,False
baseline_plus_conditional_mean_logp,random,mse,nonzero,HLA-A*30:01,spearman,0.23679213904229146,54,54,False
baseline_plus_conditional_mean_logp,random,mse,nonzero,HLA-A*30:01,pearson_log,0.21010186278938703,54,54,False
baseline_plus_conditional_mean_logp,random,mse,nonzero,HLA-A*30:01,auc_gt_2h,0.5681818181818181,54,54,False
baseline_plus_conditional_mean_logp,random,mse,nonzero,HLA-A*30:02,spearman,0.2551039167553375,67,67,False
baseline_plus_conditional_mean_logp,random,mse,nonzero,HLA-A*30:02,pearson_log,0.3697041952289159,67,67,False
baseline_plus_conditional_mean_logp,random,mse,nonzero,HLA-A*30:02,auc_gt_2h,0.6438923395445134,67,67,False
baseline_plus_conditional_mean_logp,random,mse,nonzero,HLA-A*31:01,spearman,0.434387554595529,72,72,False
baseline_plus_conditional_mean_logp,random,mse,nonzero,HLA-A*31:01,pearson_log,0.4567459872514943,72,72,False
baseline_plus_conditional_mean_logp,random,mse,nonzero,HLA-A*31:01,auc_gt_2h,0.6987654320987654,72,72,False
baseline_plus_conditional_mean_logp,random,mse,nonzero,HLA-A*32:01,spearman,0.9999999999999999,5,5,False
baseline_plus_conditional_mean_logp,random,mse,nonzero,HLA-A*32:01,pearson_log,0.7935698453610993,5,5,False
baseline_plus_conditional_mean_logp,random,mse,nonzero,HLA-A*32:01,auc_gt_2h,1.0,5,5,False
baseline_plus_conditional_mean_logp,random,mse,nonzero,HLA-A*32:07,spearman,0.688307652504068,44,44,False
baseline_plus_conditional_mean_logp,random,mse,nonzero,HLA-A*32:07,pearson_log,0.6799916015320602,44,44,False
baseline_plus_conditional_mean_logp,random,mse,nonzero,HLA-A*32:07,auc_gt_2h,0.8583333333333333,44,44,False
baseline_plus_conditional_mean_logp,random,mse,nonzero,HLA-A*33:03,spearman,0.514803199539406,40,40,False
baseline_plus_conditional_mean_logp,random,mse,nonzero,HLA-A*33:03,pearson_log,0.49681580883199583,40,40,False
baseline_plus_conditional_mean_logp,random,mse,nonzero,HLA-A*33:03,auc_gt_2h,0.803030303030303,40,40,False
baseline_plus_conditional_mean_logp,random,mse,nonzero,HLA-A*43:01,spearman,0.20467658425073595,57,57,False
baseline_plus_conditional_mean_logp,random,mse,nonzero,HLA-A*43:01,pearson_log,0.2049933769392446,57,57,False
baseline_plus_conditional_mean_logp,random,mse,nonzero,HLA-A*43:01,auc_gt_2h,0.6505102040816327,57,57,False
baseline_plus_conditional_mean_logp,random,mse,nonzero,HLA-A*66:01,spearman,0.2062846178267747,48,48,False
baseline_plus_conditional_mean_logp,random,mse,nonzero,HLA-A*66:01,pearson_log,0.33030683741483097,48,48,False
baseline_plus_conditional_mean_logp,random,mse,nonzero,HLA-A*66:01,auc_gt_2h,0.5853658536585366,48,48,False
baseline_plus_conditional_mean_logp,random,mse,nonzero,HLA-A*68:01,spearman,0.39424706696904244,57,57,False
baseline_plus_conditional_mean_logp,random,mse,nonzero,HLA-A*68:01,pearson_log,0.3981223816717704,57,57,False
baseline_plus_conditional_mean_logp,random,mse,nonzero,HLA-A*68:01,auc_gt_2h,0.6588669950738917,57,57,False
baseline_plus_conditional_mean_logp,random,mse,nonzero,HLA-A*68:02,spearman,-0.5,3,3,False
baseline_plus_conditional_mean_logp,random,mse,nonzero,HLA-A*68:02,pearson_log,-0.15893250421975363,3,3,False
baseline_plus_conditional_mean_logp,random,mse,nonzero,HLA-A*68:02,auc_gt_2h,,3,3,False
baseline_plus_conditional_mean_logp,random,mse,nonzero,HLA-A*68:23,spearman,0.23303428075562677,64,64,False
baseline_plus_conditional_mean_logp,random,mse,nonzero,HLA-A*68:23,pearson_log,0.2589566012213366,64,64,False
baseline_plus_conditional_mean_logp,random,mse,nonzero,HLA-A*68:23,auc_gt_2h,0.6757142857142857,64,64,False
baseline_plus_conditional_mean_logp,random,mse,nonzero,HLA-A*69:01,spearman,,1,1,True
baseline_plus_conditional_mean_logp,random,mse,nonzero,HLA-A*69:01,pearson_log,,1,1,True
baseline_plus_conditional_mean_logp,random,mse,nonzero,HLA-A*69:01,auc_gt_2h,,1,1,True
baseline_plus_conditional_mean_logp,random,mse,nonzero,HLA-A*74:01,spearman,0.5803260170543323,60,60,False
baseline_plus_conditional_mean_logp,random,mse,nonzero,HLA-A*74:01,pearson_log,0.6212069102081239,60,60,False
baseline_plus_conditional_mean_logp,random,mse,nonzero,HLA-A*74:01,auc_gt_2h,0.7488425925925927,60,60,False
baseline_plus_conditional_mean_logp,random,mse,nonzero,HLA-A*80:01,spearman,0.3243223979632219,39,39,False
baseline_plus_conditional_mean_logp,random,mse,nonzero,HLA-A*80:01,pearson_log,0.43885453362495075,39,39,False
baseline_plus_conditional_mean_logp,random,mse,nonzero,HLA-A*80:01,auc_gt_2h,0.9629629629629629,39,39,False
baseline_plus_conditional_mean_logp,random,mse,nonzero,HLA-B*07:02,spearman,0.4776904544933113,124,124,False
baseline_plus_conditional_mean_logp,random,mse,nonzero,HLA-B*07:02,pearson_log,0.4834595839366479,124,124,False
baseline_plus_conditional_mean_logp,random,mse,nonzero,HLA-B*07:02,auc_gt_2h,0.7374999999999999,124,124,False
baseline_plus_conditional_mean_logp,random,mse,nonzero,HLA-B*08:01,spearman,0.32426820983006766,58,58,False
baseline_plus_conditional_mean_logp,random,mse,nonzero,HLA-B*08:01,pearson_log,0.3430259544217047,58,58,False
baseline_plus_conditional_mean_logp,random,mse,nonzero,HLA-B*08:01,auc_gt_2h,0.8214285714285714,58,58,False
baseline_plus_conditional_mean_logp,random,mse,nonzero,HLA-B*08:03,spearman,0.3865692252913084,47,47,False
baseline_plus_conditional_mean_logp,random,mse,nonzero,HLA-B*08:03,pearson_log,0.4264817877524886,47,47,False
baseline_plus_conditional_mean_logp,random,mse,nonzero,HLA-B*08:03,auc_gt_2h,0.8414634146341463,47,47,False
baseline_plus_conditional_mean_logp,random,mse,nonzero,HLA-B*14:01(C67S),spearman,-0.029424494316824982,6,6,False
baseline_plus_conditional_mean_logp,random,mse,nonzero,HLA-B*14:01(C67S),pearson_log,-0.023257695946308,6,6,False
baseline_plus_conditional_mean_logp,random,mse,nonzero,HLA-B*14:01(C67S),auc_gt_2h,,6,6,False
baseline_plus_conditional_mean_logp,random,mse,nonzero,HLA-B*14:02(C67S),spearman,0.06525159393946237,18,18,False
baseline_plus_conditional_mean_logp,random,mse,nonzero,HLA-B*14:02(C67S),pearson_log,0.2458981008991685,18,18,False
baseline_plus_conditional_mean_logp,random,mse,nonzero,HLA-B*14:02(C67S),auc_gt_2h,0.5833333333333334,18,18,False
baseline_plus_conditional_mean_logp,random,mse,nonzero,HLA-B*15:01,spearman,0.2929460828476586,202,202,False
baseline_plus_conditional_mean_logp,random,mse,nonzero,HLA-B*15:01,pearson_log,0.3327372117755018,202,202,False
baseline_plus_conditional_mean_logp,random,mse,nonzero,HLA-B*15:01,auc_gt_2h,0.7181920903954802,202,202,False
baseline_plus_conditional_mean_logp,random,mse,nonzero,HLA-B*15:02,spearman,0.4463055267671757,52,52,False
baseline_plus_conditional_mean_logp,random,mse,nonzero,HLA-B*15:02,pearson_log,0.44683639310991785,52,52,False
baseline_plus_conditional_mean_logp,random,mse,nonzero,HLA-B*15:02,auc_gt_2h,0.6311111111111111,52,52,False
baseline_plus_conditional_mean_logp,random,mse,nonzero,HLA-B*15:10,spearman,0.31732268922354073,59,59,False
baseline_plus_conditional_mean_logp,random,mse,nonzero,HLA-B*15:10,pearson_log,0.2522605380777776,59,59,False
baseline_plus_conditional_mean_logp,random,mse,nonzero,HLA-B*15:10,auc_gt_2h,0.536764705882353,59,59,False
baseline_plus_conditional_mean_logp,random,mse,nonzero,HLA-B*15:17,spearman,0.17895605879713336,62,62,False
baseline_plus_conditional_mean_logp,random,mse,nonzero,HLA-B*15:17,pearson_log,0.13681495264425655,62,62,False
baseline_plus_conditional_mean_logp,random,mse,nonzero,HLA-B*15:17,auc_gt_2h,0.5667189952904239,62,62,False
baseline_plus_conditional_mean_logp,random,mse,nonzero,HLA-B*18:01,spearman,0.3496641270580947,67,67,False
baseline_plus_conditional_mean_logp,random,mse,nonzero,HLA-B*18:01,pearson_log,0.3285599239883483,67,67,False
baseline_plus_conditional_mean_logp,random,mse,nonzero,HLA-B*18:01,auc_gt_2h,0.6648745519713262,67,67,False
baseline_plus_conditional_mean_logp,random,mse,nonzero,HLA-B*27:02,spearman,0.5977547913575357,51,51,False
baseline_plus_conditional_mean_logp,random,mse,nonzero,HLA-B*27:02,pearson_log,0.605108863064362,51,51,False
baseline_plus_conditional_mean_logp,random,mse,nonzero,HLA-B*27:02,auc_gt_2h,0.7958477508650519,51,51,False
baseline_plus_conditional_mean_logp,random,mse,nonzero,HLA-B*27:03,spearman,0.6836065725344953,46,46,False
baseline_plus_conditional_mean_logp,random,mse,nonzero,HLA-B*27:03,pearson_log,0.6756020506417594,46,46,False
baseline_plus_conditional_mean_logp,random,mse,nonzero,HLA-B*27:03,auc_gt_2h,0.8226120857699806,46,46,False
baseline_plus_conditional_mean_logp,random,mse,nonzero,HLA-B*27:05,spearman,0.3559933260443978,59,59,False
baseline_plus_conditional_mean_logp,random,mse,nonzero,HLA-B*27:05,pearson_log,0.35200524382949433,59,59,False
baseline_plus_conditional_mean_logp,random,mse,nonzero,HLA-B*27:05,auc_gt_2h,0.65,59,59,False
baseline_plus_conditional_mean_logp,random,mse,nonzero,HLA-B*27:20,spearman,0.23224237318532898,51,51,False
baseline_plus_conditional_mean_logp,random,mse,nonzero,HLA-B*27:20,pearson_log,0.24069563801042804,51,51,False
baseline_plus_conditional_mean_logp,random,mse,nonzero,HLA-B*27:20,auc_gt_2h,0.5909090909090908,51,51,False
baseline_plus_conditional_mean_logp,random,mse,nonzero,HLA-B*35:01,spearman,0.3985973665883723,117,117,False
baseline_plus_conditional_mean_logp,random,mse,nonzero,HLA-B*35:01,pearson_log,0.37038816205419534,117,117,False
baseline_plus_conditional_mean_logp,random,mse,nonzero,HLA-B*35:01,auc_gt_2h,0.7181603773584907,117,117,False
baseline_plus_conditional_mean_logp,random,mse,nonzero,HLA-B*35:03,spearman,0.25520661625430685,72,72,False
baseline_plus_conditional_mean_logp,random,mse,nonzero,HLA-B*35:03,pearson_log,0.28703877775204023,72,72,False
baseline_plus_conditional_mean_logp,random,mse,nonzero,HLA-B*35:03,auc_gt_2h,0.634375,72,72,False
baseline_plus_conditional_mean_logp,random,mse,nonzero,HLA-B*35:08,spearman,0.7999999999999999,4,4,False
baseline_plus_conditional_mean_logp,random,mse,nonzero,HLA-B*35:08,pearson_log,0.9187184823780007,4,4,False
baseline_plus_conditional_mean_logp,random,mse,nonzero,HLA-B*35:08,auc_gt_2h,1.0,4,4,False
baseline_plus_conditional_mean_logp,random,mse,nonzero,HLA-B*39:01,spearman,0.4022502259831953,110,110,False
baseline_plus_conditional_mean_logp,random,mse,nonzero,HLA-B*39:01,pearson_log,0.41849118140782376,110,110,False
baseline_plus_conditional_mean_logp,random,mse,nonzero,HLA-B*39:01,auc_gt_2h,0.7611194402798601,110,110,False
baseline_plus_conditional_mean_logp,random,mse,nonzero,HLA-B*39:02,spearman,0.22590542557300125,65,65,False
baseline_plus_conditional_mean_logp,random,mse,nonzero,HLA-B*39:02,pearson_log,0.18359585191077638,65,65,False
baseline_plus_conditional_mean_logp,random,mse,nonzero,HLA-B*39:02,auc_gt_2h,0.6832358674463938,65,65,False
baseline_plus_conditional_mean_logp,random,mse,nonzero,HLA-B*39:06(C67S),spearman,-0.6000000000000001,4,4,False
baseline_plus_conditional_mean_logp,random,mse,nonzero,HLA-B*39:06(C67S),pearson_log,-0.18820624097862884,4,4,False
baseline_plus_conditional_mean_logp,random,mse,nonzero,HLA-B*39:06(C67S),auc_gt_2h,0.33333333333333337,4,4,False
baseline_plus_conditional_mean_logp,random,mse,nonzero,HLA-B*39:10,spearman,0.29364262217236825,68,68,False
baseline_plus_conditional_mean_logp,random,mse,nonzero,HLA-B*39:10,pearson_log,0.3326727629120713,68,68,False
baseline_plus_conditional_mean_logp,random,mse,nonzero,HLA-B*39:10,auc_gt_2h,0.6271529888551166,68,68,False
baseline_plus_conditional_mean_logp,random,mse,nonzero,HLA-B*40:01,spearman,0.20980651601979564,58,58,False
baseline_plus_conditional_mean_logp,random,mse,nonzero,HLA-B*40:01,pearson_log,0.2386387838911705,58,58,False
baseline_plus_conditional_mean_logp,random,mse,nonzero,HLA-B*40:01,auc_gt_2h,0.7169811320754718,58,58,False
baseline_plus_conditional_mean_logp,random,mse,nonzero,HLA-B*40:02,spearman,1.0,4,4,False
baseline_plus_conditional_mean_logp,random,mse,nonzero,HLA-B*40:02,pearson_log,0.5965148981112581,4,4,False
baseline_plus_conditional_mean_logp,random,mse,nonzero,HLA-B*40:02,auc_gt_2h,1.0,4,4,False
baseline_plus_conditional_mean_logp,random,mse,nonzero,HLA-B*41:01,spearman,0.33994970342012626,32,32,False
baseline_plus_conditional_mean_logp,random,mse,nonzero,HLA-B*41:01,pearson_log,0.40806697004330716,32,32,False
baseline_plus_conditional_mean_logp,random,mse,nonzero,HLA-B*41:01,auc_gt_2h,0.8303571428571428,32,32,False
baseline_plus_conditional_mean_logp,random,mse,nonzero,HLA-B*42:01,spearman,0.6547616833606533,68,68,False
baseline_plus_conditional_mean_logp,random,mse,nonzero,HLA-B*42:01,pearson_log,0.5305380471810428,68,68,False
baseline_plus_conditional_mean_logp,random,mse,nonzero,HLA-B*42:01,auc_gt_2h,0.7845433255269321,68,68,False
baseline_plus_conditional_mean_logp,random,mse,nonzero,HLA-B*42:02,spearman,0.6603332431855286,69,69,False
baseline_plus_conditional_mean_logp,random,mse,nonzero,HLA-B*42:02,pearson_log,0.6396830922816016,69,69,False
baseline_plus_conditional_mean_logp,random,mse,nonzero,HLA-B*42:02,auc_gt_2h,0.8427350427350427,69,69,False
baseline_plus_conditional_mean_logp,random,mse,nonzero,HLA-B*44:05,spearman,0.23801842079116856,61,61,False
baseline_plus_conditional_mean_logp,random,mse,nonzero,HLA-B*44:05,pearson_log,0.18912227682866983,61,61,False
baseline_plus_conditional_mean_logp,random,mse,nonzero,HLA-B*44:05,auc_gt_2h,0.5719512195121952,61,61,False
baseline_plus_conditional_mean_logp,random,mse,nonzero,HLA-B*45:01,spearman,0.23970019080376034,26,26,False
baseline_plus_conditional_mean_logp,random,mse,nonzero,HLA-B*45:01,pearson_log,0.1881198287614123,26,26,False
baseline_plus_conditional_mean_logp,random,mse,nonzero,HLA-B*45:01,auc_gt_2h,0.6041666666666666,26,26,False
baseline_plus_conditional_mean_logp,random,mse,nonzero,HLA-B*46:01,spearman,0.12822175594992924,36,36,False
baseline_plus_conditional_mean_logp,random,mse,nonzero,HLA-B*46:01,pearson_log,0.06073439745673387,36,36,False
baseline_plus_conditional_mean_logp,random,mse,nonzero,HLA-B*46:01,auc_gt_2h,0.5729166666666667,36,36,False
baseline_plus_conditional_mean_logp,random,mse,nonzero,HLA-B*51:01,spearman,0.5518498624811959,35,35,False
baseline_plus_conditional_mean_logp,random,mse,nonzero,HLA-B*51:01,pearson_log,0.5638972167780111,35,35,False
baseline_plus_conditional_mean_logp,random,mse,nonzero,HLA-B*51:01,auc_gt_2h,0.8401360544217686,35,35,False
baseline_plus_conditional_mean_logp,random,mse,nonzero,HLA-B*54:01,spearman,0.5172773855553848,44,44,False
baseline_plus_conditional_mean_logp,random,mse,nonzero,HLA-B*54:01,pearson_log,0.5215512835338229,44,44,False
baseline_plus_conditional_mean_logp,random,mse,nonzero,HLA-B*54:01,auc_gt_2h,0.8205128205128205,44,44,False
baseline_plus_conditional_mean_logp,random,mse,nonzero,HLA-B*55:01,spearman,0.4872572050795403,32,32,False
baseline_plus_conditional_mean_logp,random,mse,nonzero,HLA-B*55:01,pearson_log,0.5499280714468682,32,32,False
baseline_plus_conditional_mean_logp,random,mse,nonzero,HLA-B*55:01,auc_gt_2h,0.7454545454545454,32,32,False
baseline_plus_conditional_mean_logp,random,mse,nonzero,HLA-B*56:01,spearman,0.5997661696421539,42,42,False
baseline_plus_conditional_mean_logp,random,mse,nonzero,HLA-B*56:01,pearson_log,0.6395976579159734,42,42,False
baseline_plus_conditional_mean_logp,random,mse,nonzero,HLA-B*56:01,auc_gt_2h,0.790450928381963,42,42,False
baseline_plus_conditional_mean_logp,random,mse,nonzero,HLA-B*57:01,spearman,0.7009684807245058,60,60,False
baseline_plus_conditional_mean_logp,random,mse,nonzero,HLA-B*57:01,pearson_log,0.6425318408612707,60,60,False
baseline_plus_conditional_mean_logp,random,mse,nonzero,HLA-B*57:01,auc_gt_2h,0.882716049382716,60,60,False
baseline_plus_conditional_mean_logp,random,mse,nonzero,HLA-B*57:02,spearman,0.4131197759451789,71,71,False
baseline_plus_conditional_mean_logp,random,mse,nonzero,HLA-B*57:02,pearson_log,0.4340634115781765,71,71,False
baseline_plus_conditional_mean_logp,random,mse,nonzero,HLA-B*57:02,auc_gt_2h,0.6746794871794871,71,71,False
baseline_plus_conditional_mean_logp,random,mse,nonzero,HLA-B*57:03,spearman,0.5708127497951782,74,74,False
baseline_plus_conditional_mean_logp,random,mse,nonzero,HLA-B*57:03,pearson_log,0.5208115110951174,74,74,False
baseline_plus_conditional_mean_logp,random,mse,nonzero,HLA-B*57:03,auc_gt_2h,0.7906683480453972,74,74,False
baseline_plus_conditional_mean_logp,random,mse,nonzero,HLA-B*58:01,spearman,0.6409443999620745,65,65,False
baseline_plus_conditional_mean_logp,random,mse,nonzero,HLA-B*58:01,pearson_log,0.6544806290094625,65,65,False
baseline_plus_conditional_mean_logp,random,mse,nonzero,HLA-B*58:01,auc_gt_2h,0.849896480331263,65,65,False
baseline_plus_conditional_mean_logp,random,mse,nonzero,HLA-B*81:01,spearman,0.401096917159943,60,60,False
baseline_plus_conditional_mean_logp,random,mse,nonzero,HLA-B*81:01,pearson_log,0.27224967602464833,60,60,False
baseline_plus_conditional_mean_logp,random,mse,nonzero,HLA-B*81:01,auc_gt_2h,0.7250673854447439,60,60,False
