representation,split,loss,subset,allele,metric,value,n,n_total,constant_prediction
baseline_plus_conditional_all,leave_one_allele_out,mse,all,HLA-A*01:01,spearman,0.3867462340768809,14,14,False
baseline_plus_conditional_all,leave_one_allele_out,mse,all,HLA-A*01:01,pearson_log,0.3019649619943452,14,14,False
baseline_plus_conditional_all,leave_one_allele_out,mse,all,HLA-A*01:01,auc_gt_2h,0.75,14,14,False
baseline_plus_conditional_all,leave_one_allele_out,mse,all,HLA-A*02:01,spearman,0.44884515609416886,14,14,False
baseline_plus_conditional_all,leave_one_allele_out,mse,all,HLA-A*02:01,pearson_log,0.6862483951539649,14,14,False
baseline_plus_conditional_all,leave_one_allele_out,mse,all,HLA-A*02:01,auc_gt_2h,1.0,14,14,False
baseline_plus_conditional_all,leave_one_allele_out,mse,all,HLA-A*02:03,spearman,0.3421666902363703,14,14,False
baseline_plus_conditional_all,leave_one_allele_out,mse,all,HLA-A*02:03,pearson_log,0.40362151306519656,14,14,False
baseline_plus_conditional_all,leave_one_allele_out,mse,all,HLA-A*02:03,auc_gt_2h,0.5833333333333334,14,14,False
baseline_plus_conditional_all,leave_one_allele_out,mse,all,HLA-A*02:05,spearman,0.05054945054945055,14,14,False
baseline_plus_conditional_all,leave_one_allele_out,mse,all,HLA-A*02:05,pearson_log,-0.02099177835695193,14,14,False
baseline_plus_conditional_all,leave_one_allele_out,mse,all,HLA-A*02:05,auc_gt_2h,0.525,14,14,False
baseline_plus_conditional_all,leave_one_allele_out,mse,all,HLA-A*02:10,spearman,0.24395604395604395,14,14,False
baseline_plus_conditional_all,leave_one_allele_out,mse,all,HLA-A*02:10,pearson_log,0.2873834628833403,14,14,False
baseline_plus_conditional_all,leave_one_allele_out,mse,all,HLA-A*02:10,auc_gt_2h,0.5555555555555556,14,14,False
baseline_plus_conditional_all,leave_one_allele_out,mse,all,HLA-A*02:11,spearman,0.21436791260261398,14,14,False
baseline_plus_conditional_all,leave_one_allele_out,mse,all,HLA-A*02:11,pearson_log,0.47145129384461637,14,14,False
baseline_plus_conditional_all,leave_one_allele_out,mse,all,HLA-A*02:11,auc_gt_2h,0.875,14,14,False
baseline_plus_conditional_all,leave_one_allele_out,mse,all,HLA-A*02:12,spearman,0.4461538461538462,14,14,False
baseline_plus_conditional_all,leave_one_allele_out,mse,all,HLA-A*02:12,pearson_log,0.7130267777640616,14,14,False
baseline_plus_conditional_all,leave_one_allele_out,mse,all,HLA-A*02:12,auc_gt_2h,1.0,14,14,False
baseline_plus_conditional_all,leave_one_allele_out,mse,all,HLA-A*02:16,spearman,0.3520354165444462,14,14,False
baseline_plus_conditional_all,leave_one_allele_out,mse,all,HLA-A*02:16,pearson_log,0.3366573220591612,14,14,False
baseline_plus_conditional_all,leave_one_allele_out,mse,all,HLA-A*02:16,auc_gt_2h,0.5757575757575757,14,14,False
baseline_plus_conditional_all,leave_one_allele_out,mse,all,HLA-A*02:19,spearman,0.4708473696281968,14,14,False
baseline_plus_conditional_all,leave_one_allele_out,mse,all,HLA-A*02:19,pearson_log,0.5172363277820108,14,14,False
baseline_plus_conditional_all,leave_one_allele_out,mse,all,HLA-A*02:19,auc_gt_2h,0.7,14,14,False
baseline_plus_conditional_all,leave_one_allele_out,mse,all,HLA-A*02:50,spearman,0.4813186813186813,14,14,False
baseline_plus_conditional_all,leave_one_allele_out,mse,all,HLA-A*02:50,pearson_log,0.44914809073699824,14,14,False
baseline_plus_conditional_all,leave_one_allele_out,mse,all,HLA-A*02:50,auc_gt_2h,0.9230769230769231,14,14,False
baseline_plus_conditional_all,leave_one_allele_out,mse,all,HLA-A*03:01,spearman,0.1233483168421337,14,14,False
baseline_plus_conditional_all,leave_one_allele_out,mse,all,HLA-A*03:01,pearson_log,-0.01282861518321413,14,14,False
baseline_plus_conditional_all,leave_one_allele_out,mse,all,HLA-A*03:01,auc_gt_2h,0.6888888888888889,14,14,False
baseline_plus_conditional_all,leave_one_allele_out,mse,all,HLA-A*11:01,spearman,-0.2,14,14,False
baseline_plus_conditional_all,leave_one_allele_out,mse,all,HLA-A*11:01,pearson_log,-0.17098831937270162,14,14,False
baseline_plus_conditional_all,leave_one_allele_out,mse,all,HLA-A*11:01,auc_gt_2h,0.33333333333333326,14,14,False
baseline_plus_conditional_all,leave_one_allele_out,mse,all,HLA-A*23:01,spearman,-0.16043956043956045,14,14,False
baseline_plus_conditional_all,leave_one_allele_out,mse,all,HLA-A*23:01,pearson_log,-0.21660114056236654,14,14,False
baseline_plus_conditional_all,leave_one_allele_out,mse,all,HLA-A*23:01,auc_gt_2h,0.3125,14,14,False
baseline_plus_conditional_all,leave_one_allele_out,mse,all,HLA-A*24:02,spearman,0.024309763284832517,14,14,False
baseline_plus_conditional_all,leave_one_allele_out,mse,all,HLA-A*24:02,pearson_log,0.05478276862267235,14,14,False
baseline_plus_conditional_all,leave_one_allele_out,mse,all,HLA-A*24:02,auc_gt_2h,0.6000000000000001,14,14,False
baseline_plus_conditional_all,leave_one_allele_out,mse,all,HLA-A*24:03,spearman,0.008800885413611155,14,14,False
baseline_plus_conditional_all,leave_one_allele_out,mse,all,HLA-A*24:03,pearson_log,0.08935222479029187,14,14,False
baseline_plus_conditional_all,leave_one_allele_out,mse,all,HLA-A*24:03,auc_gt_2h,0.5111111111111111,14,14,False
baseline_plus_conditional_all,leave_one_allele_out,mse,all,HLA-A*24:07,spearman,-0.367032967032967,14,14,False
baseline_plus_conditional_all,leave_one_allele_out,mse,all,HLA-A*24:07,pearson_log,-0.31713713159783985,14,14,False
baseline_plus_conditional_all,leave_one_allele_out,mse,all,HLA-A*24:07,auc_gt_2h,0.22916666666666666,14,14,False
baseline_plus_conditional_all,leave_one_allele_out,mse,all,HLA-A*24:19,spearman,0.6633880657639325,14,14,False
baseline_plus_conditional_all,leave_one_allele_out,mse,all,HLA-A*24:19,pearson_log,0.6978259433747587,14,14,False
baseline_plus_conditional_all,leave_one_allele_out,mse,all,HLA-A*24:19,auc_gt_2h,0.8461538461538461,14,14,False
baseline_plus_conditional_all,leave_one_allele_out,mse,all,HLA-A*25:01,spearman,-0.10114913821769637,14,14,False
baseline_plus_conditional_all,leave_one_allele_out,mse,all,HLA-A*25:01,pearson_log,-0.07922432809080379,14,14,False
baseline_plus_conditional_all,leave_one_allele_out,mse,all,HLA-A*25:01,auc_gt_2h,0.3333333333333333,14,14,False
baseline_plus_conditional_all,leave_one_allele_out,mse,all,HLA-A*26:01,spearman,-0.09955971505037524,14,14,False
baseline_plus_conditional_all,leave_one_allele_out,mse,all,HLA-A*26:01,pearson_log,-0.19584794258659355,14,14,False
baseline_plus_conditional_all,leave_one_allele_out,mse,all,HLA-A*26:01,auc_gt_2h,0.4242424242424242,14,14,False
baseline_plus_conditional_all,leave_one_allele_out,mse,all,HLA-A*26:02,spearman,0.3149787376504485,14,14,False
baseline_plus_conditional_all,leave_one_allele_out,mse,all,HLA-A*26:02,pearson_log,0.28435744344473535,14,14,False
baseline_plus_conditional_all,leave_one_allele_out,mse,all,HLA-A*26:02,auc_gt_2h,0.5208333333333333,14,14,False
baseline_plus_conditional_all,leave_one_allele_out,mse,all,HLA-A*26:03,spearman,0.06191130022998218,14,14,False
baseline_plus_conditional_all,leave_one_allele_out,mse,all,HLA-A*26:03,pearson_log,0.13514710110441863,14,14,False
baseline_plus_conditional_all,leave_one_allele_out,mse,all,HLA-A*26:03,auc_gt_2h,0.6666666666666666,14,14,False
baseline_plus_conditional_all,leave_one_allele_out,mse,all,HLA-A*29:02,spearman,0.3054945054945055,14,14,False
baseline_plus_conditional_all,leave_one_allele_out,mse,all,HLA-A*29:02,pearson_log,0.21581221149745988,14,14,False
baseline_plus_conditional_all,leave_one_allele_out,mse,all,HLA-A*29:02,auc_gt_2h,0.5625,14,14,False
baseline_plus_conditional_all,leave_one_allele_out,mse,all,HLA-A*30:01,spearman,0.11504678183598917,14,14,False
baseline_plus_conditional_all,leave_one_allele_out,mse,all,HLA-A*30:01,pearson_log,0.09524791604433107,14,14,False
baseline_plus_conditional_all,leave_one_allele_out,mse,all,HLA-A*30:01,auc_gt_2h,0.4166666666666667,14,14,False
baseline_plus_conditional_all,leave_one_allele_out,mse,all,HLA-A*30:02,spearman,0.13126677885499904,14,14,False
baseline_plus_conditional_all,leave_one_allele_out,mse,all,HLA-A*30:02,pearson_log,0.06081818972739206,14,14,False
baseline_plus_conditional_all,leave_one_allele_out,mse,all,HLA-A*30:02,auc_gt_2h,0.55,14,14,False
baseline_plus_conditional_all,leave_one_allele_out,mse,all,HLA-A*31:01,spearman,-0.4402751843338816,14,14,False
baseline_plus_conditional_all,leave_one_allele_out,mse,all,HLA-A*31:01,pearson_log,-0.3766485107308543,14,14,False
baseline_plus_conditional_all,leave_one_allele_out,mse,all,HLA-A*31:01,auc_gt_2h,0.3636363636363636,14,14,False
baseline_plus_conditional_all,leave_one_allele_out,mse,all,HLA-A*32:01,spearman,-0.05082950505010435,14,14,False
baseline_plus_conditional_all,leave_one_allele_out,mse,all,HLA-A*32:01,pearson_log,-0.12115349910509228,14,14,False
baseline_plus_conditional_all,leave_one_allele_out,mse,all,HLA-A*32:01,auc_gt_2h,0.4666666666666666,14,14,False
baseline_plus_conditional_all,leave_one_allele_out,mse,all,HLA-A*32:07,spearman,0.5127150074619221,14,14,False
baseline_plus_conditional_all,leave_one_allele_out,mse,all,HLA-A*32:07,pearson_log,0.5316278524118405,14,14,False
baseline_plus_conditional_all,leave_one_allele_out,mse,all,HLA-A*32:07,auc_gt_2h,0.7551020408163265,14,14,False
baseline_plus_conditional_all,leave_one_allele_out,mse,all,HLA-A*33:03,spearman,-0.43003505116635876,14,14,False
baseline_plus_conditional_all,leave_one_allele_out,mse,all,HLA-A*33:03,pearson_log,-0.4268060826013995,14,14,False
baseline_plus_conditional_all,leave_one_allele_out,mse,all,HLA-A*33:03,auc_gt_2h,0.36363636363636365,14,14,False
baseline_plus_conditional_all,leave_one_allele_out,mse,all,HLA-A*43:01,spearman,0.12068734219227203,14,14,False
baseline_plus_conditional_all,leave_one_allele_out,mse,all,HLA-A*43:01,pearson_log,0.07954997257632722,14,14,False
baseline_plus_conditional_all,leave_one_allele_out,mse,all,HLA-A*43:01,auc_gt_2h,0.23076923076923073,14,14,False
baseline_plus_conditional_all,leave_one_allele_out,mse,all,HLA-A*66:01,spearman,0.32781443704743046,14,14,False
baseline_plus_conditional_all,leave_one_allele_out,mse,all,HLA-A*66:01,pearson_log,0.4085214126278841,14,14,False
baseline_plus_conditional_all,leave_one_allele_out,mse,all,HLA-A*66:01,auc_gt_2h,0.9230769230769231,14,14,False
baseline_plus_conditional_all,leave_one_allele_out,mse,all,HLA-A*68:01,spearman,0.2870070249541505,14,14,False
baseline_plus_conditional_all,leave_one_allele_out,mse,all,HLA-A*68:01,pearson_log,0.19000282756989753,14,14,False
baseline_plus_conditional_all,leave_one_allele_out,mse,all,HLA-A*68:01,auc_gt_2h,0.5102040816326531,14,14,False
baseline_plus_conditional_all,leave_one_allele_out,mse,all,HLA-A*68:02,spearman,-0.013774156949597716,13,13,False
baseline_plus_conditional_all,leave_one_allele_out,mse,all,HLA-A*68:02,pearson_log,-0.1471568705213788,13,13,False
baseline_plus_conditional_all,leave_one_allele_out,mse,all,HLA-A*68:02,auc_gt_2h,0.16666666666666663,13,13,False
baseline_plus_conditional_all,leave_one_allele_out,mse,all,HLA-A*68:23,spearman,-0.050502060728753316,13,13,False
baseline_plus_conditional_all,leave_one_allele_out,mse,all,HLA-A*68:23,pearson_log,-0.05724399944856774,13,13,False
baseline_plus_conditional_all,leave_one_allele_out,mse,all,HLA-A*68:23,auc_gt_2h,0.9166666666666666,13,13,False
baseline_plus_conditional_all,leave_one_allele_out,mse,all,HLA-A*69:01,spearman,-0.08939803125353483,13,13,False
baseline_plus_conditional_all,leave_one_allele_out,mse,all,HLA-A*69:01,pearson_log,-0.1138804814427859,13,13,False
baseline_plus_conditional_all,leave_one_allele_out,mse,all,HLA-A*69:01,auc_gt_2h,0.33333333333333337,13,13,False
baseline_plus_conditional_all,leave_one_allele_out,mse,all,HLA-A*74:01,spearman,-0.011019325559678172,13,13,False
baseline_plus_conditional_all,leave_one_allele_out,mse,all,HLA-A*74:01,pearson_log,-0.1035172958335743,13,13,False
baseline_plus_conditional_all,leave_one_allele_out,mse,all,HLA-A*74:01,auc_gt_2h,0.45,13,13,False
baseline_plus_conditional_all,leave_one_allele_out,mse,all,HLA-A*80:01,spearman,0.5797776721876751,13,13,False
baseline_plus_conditional_all,leave_one_allele_out,mse,all,HLA-A*80:01,pearson_log,0.579314732972857,13,13,False
baseline_plus_conditional_all,leave_one_allele_out,mse,all,HLA-A*80:01,auc_gt_2h,0.6818181818181818,13,13,False
baseline_plus_conditional_all,leave_one_allele_out,mse,all,HLA-B*07:02,spearman,0.07192426489454565,13,13,False
baseline_plus_conditional_all,leave_one_allele_out,mse,all,HLA-B*07:02,pearson_log,0.13015032407735705,13,13,False
baseline_plus_conditional_all,leave_one_allele_out,mse,all,HLA-B*07:02,auc_gt_2h,0.6428571428571428,13,13,False
baseline_plus_conditional_all,leave_one_allele_out,mse,all,HLA-B*08:01,spearman,0.19723439756082825,13,13,False
baseline_plus_conditional_all,leave_one_allele_out,mse,all,HLA-B*08:01,pearson_log,0.2057916462000384,13,13,False
baseline_plus_conditional_all,leave_one_allele_out,mse,all,HLA-B*08:01,auc_gt_2h,,13,13,False
baseline_plus_conditional_all,leave_one_allele_out,mse,all,HLA-B*08:03,spearman,0.061636499614857836,13,13,False
baseline_plus_conditional_all,leave_one_allele_out,mse,all,HLA-B*08:03,pearson_log,0.045672168666258464,13,13,False
baseline_plus_conditional_all,leave_one_allele_out,mse,all,HLA-B*08:03,auc_gt_2h,0.6,13,13,False
baseline_plus_conditional_all,leave_one_allele_out,mse,all,HLA-B*13:02,spearman,-0.18531232916527532,7,7,False
baseline_plus_conditional_all,leave_one_allele_out,mse,all,HLA-B*13:02,pearson_log,-0.23913874413950129,7,7,False
baseline_plus_conditional_all,leave_one_allele_out,mse,all,HLA-B*13:02,auc_gt_2h,0.25,7,7,False
baseline_plus_conditional_all,leave_one_allele_out,mse,all,HLA-B*14:01(C67S),spearman,-0.23145502494313785,13,13,False
baseline_plus_conditional_all,leave_one_allele_out,mse,all,HLA-B*14:01(C67S),pearson_log,-0.1484751881900976,13,13,False
baseline_plus_conditional_all,leave_one_allele_out,mse,all,HLA-B*14:01(C67S),auc_gt_2h,,13,13,False
baseline_plus_conditional_all,leave_one_allele_out,mse,all,HLA-B*14:02(C67S),spearman,0.38214670841234843,13,13,False
baseline_plus_conditional_all,leave_one_allele_out,mse,all,HLA-B*14:02(C67S),pearson_log,0.330825329372324,13,13,False
baseline_plus_conditional_all,leave_one_allele_out,mse,all,HLA-B*14:02(C67S),auc_gt_2h,0.6666666666666667,13,13,False
baseline_plus_conditional_all,leave_one_allele_out,mse,all,HLA-B*15:01,spearman,0.17606619132183343,13,13,False
baseline_plus_conditional_all,leave_one_allele_out,mse,all,HLA-B*15:01,pearson_log,-0.10632467894603906,13,13,False
baseline_plus_conditional_all,leave_one_allele_out,mse,all,HLA-B*15:01,auc_gt_2h,0.5277777777777778,13,13,False
baseline_plus_conditional_all,leave_one_allele_out,mse,all,HLA-B*15:02,spearman,-0.21477497599659237,13,13,False
baseline_plus_conditional_all,leave_one_allele_out,mse,all,HLA-B*15:02,pearson_log,-0.4812539092286422,13,13,False
baseline_plus_conditional_all,leave_one_allele_out,mse,all,HLA-B*15:02,auc_gt_2h,0.47500000000000003,13,13,False
baseline_plus_conditional_all,leave_one_allele_out,mse,all,HLA-B*15:10,spearman,0.34663031416485957,13,13,False
baseline_plus_conditional_all,leave_one_allele_out,mse,all,HLA-B*15:10,pearson_log,0.36687992712207673,13,13,False
baseline_plus_conditional_all,leave_one_allele_out,mse,all,HLA-B*15:10,auc_gt_2h,0.6363636363636364,13,13,False
baseline_plus_conditional_all,leave_one_allele_out,mse,all,HLA-B*15:17,spearman,-0.18837215559530573,13,13,False
baseline_plus_conditional_all,leave_one_allele_out,mse,all,HLA-B*15:17,pearson_log,-0.3349006674025154,13,13,False
baseline_plus_conditional_all,leave_one_allele_out,mse,all,HLA-B*15:17,auc_gt_2h,0.49999999999999994,13,13,False
baseline_plus_conditional_all,leave_one_allele_out,mse,all,HLA-B*18:01,spearman,0.6574971832174716,13,13,False
baseline_plus_conditional_all,leave_one_allele_out,mse,all,HLA-B*18:01,pearson_log,0.6456200976971364,13,13,False
baseline_plus_conditional_all,leave_one_allele_out,mse,all,HLA-B*18:01,auc_gt_2h,0.7857142857142857,13,13,False
baseline_plus_conditional_all,leave_one_allele_out,mse,all,HLA-B*27:02,spearman,0.2572675628920287,13,13,False
baseline_plus_conditional_all,leave_one_allele_out,mse,all,HLA-B*27:02,pearson_log,0.26525205312754957,13,13,False
baseline_plus_conditional_all,leave_one_allele_out,mse,all,HLA-B*27:02,auc_gt_2h,0.8611111111111112,13,13,False
baseline_plus_conditional_all,leave_one_allele_out,mse,all,HLA-B*27:03,spearman,0.3710339043866501,13,13,False
baseline_plus_conditional_all,leave_one_allele_out,mse,all,HLA-B*27:03,pearson_log,0.48437353633937763,13,13,False
baseline_plus_conditional_all,leave_one_allele_out,mse,all,HLA-B*27:03,auc_gt_2h,0.625,13,13,False
baseline_plus_conditional_all,leave_one_allele_out,mse,all,HLA-B*27:05,spearman,0.30069222948076074,13,13,False
baseline_plus_conditional_all,leave_one_allele_out,mse,all,HLA-B*27:05,pearson_log,0.40062179904309103,13,13,False
baseline_plus_conditional_all,leave_one_allele_out,mse,all,HLA-B*27:05,auc_gt_2h,0.55,13,13,False
baseline_plus_conditional_all,leave_one_allele_out,mse,all,HLA-B*27:20,spearman,0.2809928017717934,13,13,False
baseline_plus_conditional_all,leave_one_allele_out,mse,all,HLA-B*27:20,pearson_log,0.211067300874327,13,13,False
baseline_plus_conditional_all,leave_one_allele_out,mse,all,HLA-B*27:20,auc_gt_2h,0.6666666666666667,13,13,False
baseline_plus_conditional_all,leave_one_allele_out,mse,all,HLA-B*35:01,spearman,0.345926346946952,13,13,False
baseline_plus_conditional_all,leave_one_allele_out,mse,all,HLA-B*35:01,pearson_log,0.3143101535557265,13,13,False
baseline_plus_conditional_all,leave_one_allele_out,mse,all,HLA-B*35:01,auc_gt_2h,0.7666666666666666,13,13,False
baseline_plus_conditional_all,leave_one_allele_out,mse,all,HLA-B*35:03,spearman,0.19559302868428755,13,13,False
baseline_plus_conditional_all,leave_one_allele_out,mse,all,HLA-B*35:03,pearson_log,0.286270321826004,13,13,False
baseline_plus_conditional_all,leave_one_allele_out,mse,all,HLA-B*35:03,auc_gt_2h,0.5,13,13,False
baseline_plus_conditional_all,leave_one_allele_out,mse,all,HLA-B*35:08,spearman,0.32411091477427606,13,13,False
baseline_plus_conditional_all,leave_one_allele_out,mse,all,HLA-B*35:08,pearson_log,0.30410290849155885,13,13,False
baseline_plus_conditional_all,leave_one_allele_out,mse,all,HLA-B*35:08,auc_gt_2h,0.7727272727272727,13,13,False
baseline_plus_conditional_all,leave_one_allele_out,mse,all,HLA-B*39:01,spearman,0.38840090235091373,13,13,False
baseline_plus_conditional_all,leave_one_allele_out,mse,all,HLA-B*39:01,pearson_log,0.5027384108070728,13,13,False
baseline_plus_conditional_all,leave_one_allele_out,mse,all,HLA-B*39:01,auc_gt_2h,0.9090909090909091,13,13,False
baseline_plus_conditional_all,leave_one_allele_out,mse,all,HLA-B*39:02,spearman,0.09525640849568938,13,13,False
baseline_plus_conditional_all,leave_one_allele_out,mse,all,HLA-B*39:02,pearson_log,0.13823207000522425,13,13,False
baseline_plus_conditional_all,leave_one_allele_out,mse,all,HLA-B*39:02,auc_gt_2h,0.7272727272727273,13,13,False
baseline_plus_conditional_all,leave_one_allele_out,mse,all,HLA-B*39:06(C67S),spearman,0.3857583749052298,13,13,False
baseline_plus_conditional_all,leave_one_allele_out,mse,all,HLA-B*39:06(C67S),pearson_log,0.38171934348502123,13,13,False
baseline_plus_conditional_all,leave_one_allele_out,mse,all,HLA-B*39:06(C67S),auc_gt_2h,0.9166666666666666,13,13,False
baseline_plus_conditional_all,leave_one_allele_out,mse,all,HLA-B*39:10,spearman,0.09628619837912766,13,13,False
baseline_plus_conditional_all,leave_one_allele_out,mse,all,HLA-B*39:10,pearson_log,0.09652598496266851,13,13,False
baseline_plus_conditional_all,leave_one_allele_out,mse,all,HLA-B*39:10,auc_gt_2h,0.40476190476190477,13,13,False
baseline_plus_conditional_all,leave_one_allele_out,mse,all,HLA-B*40:01,spearman,-0.013774156949597716,13,13,False
baseline_plus_conditional_all,leave_one_allele_out,mse,all,HLA-B*40:01,pearson_log,0.10838629379238143,13,13,False
baseline_plus_conditional_all,leave_one_allele_out,mse,all,HLA-B*40:01,auc_gt_2h,0.8333333333333334,13,13,False
baseline_plus_conditional_all,leave_one_allele_out,mse,all,HLA-B*40:02,spearman,0.3186813186813187,13,13,False
baseline_plus_conditional_all,leave_one_allele_out,mse,all,HLA-B*40:02,pearson_log,0.3337942668451123,13,13,False
baseline_plus_conditional_all,leave_one_allele_out,mse,all,HLA-B*40:02,auc_gt_2h,0.7666666666666666,13,13,False
baseline_plus_conditional_all,leave_one_allele_out,mse,all,HLA-B*41:01,spearman,-0.22846838336584385,13,13,False
baseline_plus_conditional_all,leave_one_allele_out,mse,all,HLA-B*41:01,pearson_log,-0.22919170146992923,13,13,False
baseline_plus_conditional_all,leave_one_allele_out,mse,all,HLA-B*41:01,auc_gt_2h,,13,13,False
baseline_plus_conditional_all,leave_one_allele_out,mse,all,HLA-B*42:01,spearman,-0.2857142857142857,13,13,False
baseline_plus_conditional_all,leave_one_allele_out,mse,all,HLA-B*42:01,pearson_log,-0.08214905529837548,13,13,False
baseline_plus_conditional_all,leave_one_allele_out,mse,all,HLA-B*42:01,auc_gt_2h,0.40909090909090906,13,13,False
baseline_plus_conditional_all,leave_one_allele_out,mse,all,HLA-B*42:02,spearman,-0.5013793129653569,13,13,False
baseline_plus_conditional_all,leave_one_allele_out,mse,all,HLA-B*42:02,pearson_log,-0.5084598466146486,13,13,False
baseline_plus_conditional_all,leave_one_allele_out,mse,all,HLA-B*42:02,auc_gt_2h,0.33333333333333337,13,13,False
baseline_plus_conditional_all,leave_one_allele_out,mse,all,HLA-B*44:05,spearman,-0.3443539237399429,13,13,False
baseline_plus_conditional_all,leave_one_allele_out,mse,all,HLA-B*44:05,pearson_log,-0.5771891407188801,13,13,False
baseline_plus_conditional_all,leave_one_allele_out,mse,all,HLA-B*44:05,auc_gt_2h,0.2666666666666667,13,13,False
baseline_plus_conditional_all,leave_one_allele_out,mse,all,HLA-B*45:01,spearman,0.2570193398539127,13,13,False
baseline_plus_conditional_all,leave_one_allele_out,mse,all,HLA-B*45:01,pearson_log,0.23404830614754213,13,13,False
baseline_plus_conditional_all,leave_one_allele_out,mse,all,HLA-B*45:01,auc_gt_2h,0.75,13,13,False
baseline_plus_conditional_all,leave_one_allele_out,mse,all,HLA-B*46:01,spearman,-0.11269793703016664,13,13,False
baseline_plus_conditional_all,leave_one_allele_out,mse,all,HLA-B*46:01,pearson_log,0.026440657286880526,13,13,False
baseline_plus_conditional_all,leave_one_allele_out,mse,all,HLA-B*46:01,auc_gt_2h,0.5454545454545454,13,13,False
baseline_plus_conditional_all,leave_one_allele_out,mse,all,HLA-B*51:01,spearman,0.0,13,13,False
baseline_plus_conditional_all,leave_one_allele_out,mse,all,HLA-B*51:01,pearson_log,-0.06617242804136124,13,13,False
baseline_plus_conditional_all,leave_one_allele_out,mse,all,HLA-B*51:01,auc_gt_2h,0.4722222222222222,13,13,False
baseline_plus_conditional_all,leave_one_allele_out,mse,all,HLA-B*54:01,spearman,0.4804177094660619,13,13,False
baseline_plus_conditional_all,leave_one_allele_out,mse,all,HLA-B*54:01,pearson_log,0.3705422496557893,13,13,False
baseline_plus_conditional_all,leave_one_allele_out,mse,all,HLA-B*54:01,auc_gt_2h,0.9090909090909091,13,13,False
baseline_plus_conditional_all,leave_one_allele_out,mse,all,HLA-B*55:01,spearman,0.274950484751538,13,13,False
baseline_plus_conditional_all,leave_one_allele_out,mse,all,HLA-B*55:01,pearson_log,0.3241937840769062,13,13,False
baseline_plus_conditional_all,leave_one_allele_out,mse,all,HLA-B*55:01,auc_gt_2h,0.6666666666666667,13,13,False
baseline_plus_conditional_all,leave_one_allele_out,mse,all,HLA-B*56:01,spearman,-0.1303749295715252,13,13,False
baseline_plus_conditional_all,leave_one_allele_out,mse,all,HLA-B*56:01,pearson_log,-0.02027080580835426,13,13,False
baseline_plus_conditional_all,leave_one_allele_out,mse,all,HLA-B*56:01,auc_gt_2h,,13,13,False
baseline_plus_conditional_all,leave_one_allele_out,mse,all,HLA-B*57:01,spearman,-0.05502068478807295,13,13,False
baseline_plus_conditional_all,leave_one_allele_out,mse,all,HLA-B*57:01,pearson_log,0.1403811119240057,13,13,False
baseline_plus_conditional_all,leave_one_allele_out,mse,all,HLA-B*57:01,auc_gt_2h,0.8333333333333334,13,13,False
baseline_plus_conditional_all,leave_one_allele_out,mse,all,HLA-B*57:02,spearman,-0.47724546513918914,13,13,False
baseline_plus_conditional_all,leave_one_allele_out,mse,all,HLA-B*57:02,pearson_log,-0.5045986868624381,13,13,False
baseline_plus_conditional_all,leave_one_allele_out,mse,all,HLA-B*57:02,auc_gt_2h,0.0,13,13,False
baseline_plus_conditional_all,leave_one_allele_out,mse,all,HLA-B*57:03,spearman,0.34615384615384615,13,13,False
baseline_plus_conditional_all,leave_one_allele_out,mse,all,HLA-B*57:03,pearson_log,0.21522711883160944,13,13,False
baseline_plus_conditional_all,leave_one_allele_out,mse,all,HLA-B*57:03,auc_gt_2h,0.5333333333333333,13,13,False
baseline_plus_conditional_all,leave_one_allele_out,mse,all,HLA-B*58:01,spearman,0.12379654077316414,13,13,False
baseline_plus_conditional_all,leave_one_allele_out,mse,all,HLA-B*58:01,pearson_log,-0.09183367307205303,13,13,False
baseline_plus_conditional_all,leave_one_allele_out,mse,all,HLA-B*58:01,auc_gt_2h,0.6190476190476191,13,13,False
baseline_plus_conditional_all,leave_one_allele_out,mse,all,HLA-B*81:01,spearman,0.39946404208146036,13,13,False
baseline_plus_conditional_all,leave_one_allele_out,mse,all,HLA-B*81:01,pearson_log,0.5106057261776851,13,13,False
baseline_plus_conditional_all,leave_one_allele_out,mse,all,HLA-B*81:01,auc_gt_2h,0.5833333333333333,13,13,False
baseline_plus_conditional_all,leave_one_allele_out,mse,nonzero,HLA-A*01:01,spearman,0.36515396023384716,13,13,False
baseline_plus_conditional_all,leave_one_allele_out,mse,nonzero,HLA-A*01:01,pearson_log,0.27338087196469424,13,13,False
baseline_plus_conditional_all,leave_one_allele_out,mse,nonzero,HLA-A*01:01,auc_gt_2h,0.7222222222222223,13,13,False
baseline_plus_conditional_all,leave_one_allele_out,mse,nonzero,HLA-A*02:01,spearman,0.44884515609416886,14,14,False
baseline_plus_conditional_all,leave_one_allele_out,mse,nonzero,HLA-A*02:01,pearson_log,0.6862483951539649,14,14,False
baseline_plus_conditional_all,leave_one_allele_out,mse,nonzero,HLA-A*02:01,auc_gt_2h,1.0,14,14,False
baseline_plus_conditional_all,leave_one_allele_out,mse,nonzero,HLA-A*02:03,spearman,0.16363636363636366,11,11,False
baseline_plus_conditional_all,leave_one_allele_out,mse,nonzero,HLA-A*02:03,pearson_log,0.20676503033282556,11,11,False
baseline_plus_conditional_all,leave_one_allele_out,mse,nonzero,HLA-A*02:03,auc_gt_2h,0.41666666666666674,11,11,False
baseline_plus_conditional_all,leave_one_allele_out,mse,nonzero,HLA-A*02:05,spearman,0.05054945054945055,14,14,False
baseline_plus_conditional_all,leave_one_allele_out,mse,nonzero,HLA-A*02:05,pearson_log,-0.02099177835695193,14,14,False
baseline_plus_conditional_all,leave_one_allele_out,mse,nonzero,HLA-A*02:05,auc_gt_2h,0.525,14,14,False
baseline_plus_conditional_all,leave_one_allele_out,mse,nonzero,HLA-A*02:10,spearman,0.24395604395604395,14,14,False
baseline_plus_conditional_all,leave_one_allele_out,mse,nonzero,HLA-A*02:10,pearson_log,0.2873834628833403,14,14,False
baseline_plus_conditional_all,leave_one_allele_out,mse,nonzero,HLA-A*02:10,auc_gt_2h,0.5555555555555556,14,14,False
baseline_plus_conditional_all,leave_one_allele_out,mse,nonzero,HLA-A*02:11,spearman,0.21436791260261398,14,14,False
baseline_plus_conditional_all,leave_one_allele_out,mse,nonzero,HLA-A*02:11,pearson_log,0.47145129384461637,14,14,False
baseline_plus_conditional_all,leave_one_allele_out,mse,nonzero,HLA-A*02:11,auc_gt_2h,0.875,14,14,False
baseline_plus_conditional_all,leave_one_allele_out,mse,nonzero,HLA-A*02:12,spearman,0.4461538461538462,14,14,False
baseline_plus_conditional_all,leave_one_allele_out,mse,nonzero,HLA-A*02:12,pearson_log,0.7130267777640616,14,14,False
baseline_plus_conditional_all,leave_one_allele_out,mse,nonzero,HLA-A*02:12,auc_gt_2h,1.0,14,14,False
baseline_plus_conditional_all,leave_one_allele_out,mse,nonzero,HLA-A*02:16,spearman,0.3520354165444462,14,14,False
baseline_plus_conditional_all,leave_one_allele_out,mse,nonzero,HLA-A*02:16,pearson_log,0.3366573220591612,14,14,False
baseline_plus_conditional_all,leave_one_allele_out,mse,nonzero,HLA-A*02:16,auc_gt_2h,0.5757575757575757,14,14,False
baseline_plus_conditional_all,leave_one_allele_out,mse,nonzero,HLA-A*02:19,spearman,0.4895104895104896,12,12,False
baseline_plus_conditional_all,leave_one_allele_out,mse,nonzero,HLA-A*02:19,pearson_log,0.40703370150244417,12,12,False
baseline_plus_conditional_all,leave_one_allele_out,mse,nonzero,HLA-A*02:19,auc_gt_2h,0.7,12,12,False
baseline_plus_conditional_all,leave_one_allele_out,mse,nonzero,HLA-A*02:50,spearman,0.4813186813186813,14,14,False
baseline_plus_conditional_all,leave_one_allele_out,mse,nonzero,HLA-A*02:50,pearson_log,0.44914809073699824,14,14,False
baseline_plus_conditional_all,leave_one_allele_out,mse,nonzero,HLA-A*02:50,auc_gt_2h,0.9230769230769231,14,14,False
baseline_plus_conditional_all,leave_one_allele_out,mse,nonzero,HLA-A*03:01,spearman,0.234676366893346,12,12,False
baseline_plus_conditional_all,leave_one_allele_out,mse,nonzero,HLA-A*03:01,pearson_log,0.32342103714598125,12,12,False
baseline_plus_conditional_all,leave_one_allele_out,mse,nonzero,HLA-A*03:01,auc_gt_2h,0.7428571428571429,12,12,False
baseline_plus_conditional_all,leave_one_allele_out,mse,nonzero,HLA-A*11:01,spearman,-0.2,14,14,False
baseline_plus_conditional_all,leave_one_allele_out,mse,nonzero,HLA-A*11:01,pearson_log,-0.17098831937270162,14,14,False
baseline_plus_conditional_all,leave_one_allele_out,mse,nonzero,HLA-A*11:01,auc_gt_2h,0.33333333333333326,14,14,False
baseline_plus_conditional_all,leave_one_allele_out,mse,nonzero,HLA-A*23:01,spearman,-0.16043956043956045,14,14,False
baseline_plus_conditional_all,leave_one_allele_out,mse,nonzero,HLA-A*23:01,pearson_log,-0.21660114056236654,14,14,False
baseline_plus_conditional_all,leave_one_allele_out,mse,nonzero,HLA-A*23:01,auc_gt_2h,0.3125,14,14,False
baseline_plus_conditional_all,leave_one_allele_out,mse,nonzero,HLA-A*24:02,spearman,0.04702740396951061,13,13,False
baseline_plus_conditional_all,leave_one_allele_out,mse,nonzero,HLA-A*24:02,pearson_log,0.12412138966813438,13,13,False
baseline_plus_conditional_all,leave_one_allele_out,mse,nonzero,HLA-A*24:02,auc_gt_2h,0.6111111111111112,13,13,False
baseline_plus_conditional_all,leave_one_allele_out,mse,nonzero,HLA-A*24:03,spearman,0.008800885413611155,14,14,False
baseline_plus_conditional_all,leave_one_allele_out,mse,nonzero,HLA-A*24:03,pearson_log,0.08935222479029187,14,14,False
baseline_plus_conditional_all,leave_one_allele_out,mse,nonzero,HLA-A*24:03,auc_gt_2h,0.5111111111111111,14,14,False
baseline_plus_conditional_all,leave_one_allele_out,mse,nonzero,HLA-A*24:07,spearman,-0.367032967032967,14,14,False
baseline_plus_conditional_all,leave_one_allele_out,mse,nonzero,HLA-A*24:07,pearson_log,-0.31713713159783985,14,14,False
baseline_plus_conditional_all,leave_one_allele_out,mse,nonzero,HLA-A*24:07,auc_gt_2h,0.22916666666666666,14,14,False
baseline_plus_conditional_all,leave_one_allele_out,mse,nonzero,HLA-A*24:19,spearman,0.09523809523809526,8,8,False
baseline_plus_conditional_all,leave_one_allele_out,mse,nonzero,HLA-A*24:19,pearson_log,0.4092934431424186,8,8,False
baseline_plus_conditional_all,leave_one_allele_out,mse,nonzero,HLA-A*24:19,auc_gt_2h,0.7142857142857143,8,8,False
baseline_plus_conditional_all,leave_one_allele_out,mse,nonzero,HLA-A*25:01,spearman,-0.15,9,9,False
baseline_plus_conditional_all,leave_one_allele_out,mse,nonzero,HLA-A*25:01,pearson_log,-0.1936227207686962,9,9,False
baseline_plus_conditional_all,leave_one_allele_out,mse,nonzero,HLA-A*25:01,auc_gt_2h,0.27777777777777773,9,9,False
baseline_plus_conditional_all,leave_one_allele_out,mse,nonzero,HLA-A*26:01,spearman,0.0720246477276169,13,13,False
baseline_plus_conditional_all,leave_one_allele_out,mse,nonzero,HLA-A*26:01,pearson_log,-0.00034255296615251854,13,13,False
baseline_plus_conditional_all,leave_one_allele_out,mse,nonzero,HLA-A*26:01,auc_gt_2h,0.4666666666666666,13,13,False
baseline_plus_conditional_all,leave_one_allele_out,mse,nonzero,HLA-A*26:02,spearman,0.2920121273314715,13,13,False
baseline_plus_conditional_all,leave_one_allele_out,mse,nonzero,HLA-A*26:02,pearson_log,0.3085833546678435,13,13,False
baseline_plus_conditional_all,leave_one_allele_out,mse,nonzero,HLA-A*26:02,auc_gt_2h,0.49999999999999994,13,13,False
baseline_plus_conditional_all,leave_one_allele_out,mse,nonzero,HLA-A*26:03,spearman,0.10844160586017297,8,8,False
baseline_plus_conditional_all,leave_one_allele_out,mse,nonzero,HLA-A*26:03,pearson_log,0.3918803243157186,8,8,False
baseline_plus_conditional_all,leave_one_allele_out,mse,nonzero,HLA-A*26:03,auc_gt_2h,0.6666666666666666,8,8,False
baseline_plus_conditional_all,leave_one_allele_out,mse,nonzero,HLA-A*29:02,spearman,0.3054945054945055,14,14,False
baseline_plus_conditional_all,leave_one_allele_out,mse,nonzero,HLA-A*29:02,pearson_log,0.21581221149745988,14,14,False
baseline_plus_conditional_all,leave_one_allele_out,mse,nonzero,HLA-A*29:02,auc_gt_2h,0.5625,14,14,False
baseline_plus_conditional_all,leave_one_allele_out,mse,nonzero,HLA-A*30:01,spearman,0.15981901774202809,11,11,False
baseline_plus_conditional_all,leave_one_allele_out,mse,nonzero,HLA-A*30:01,pearson_log,0.23455760629305333,11,11,False
baseline_plus_conditional_all,leave_one_allele_out,mse,nonzero,HLA-A*30:01,auc_gt_2h,0.4444444444444445,11,11,False
baseline_plus_conditional_all,leave_one_allele_out,mse,nonzero,HLA-A*30:02,spearman,-0.013948643022054516,13,13,False
baseline_plus_conditional_all,leave_one_allele_out,mse,nonzero,HLA-A*30:02,pearson_log,-0.03614211459861046,13,13,False
baseline_plus_conditional_all,leave_one_allele_out,mse,nonzero,HLA-A*30:02,auc_gt_2h,0.5,13,13,False
baseline_plus_conditional_all,leave_one_allele_out,mse,nonzero,HLA-A*31:01,spearman,-0.4402751843338816,14,14,False
baseline_plus_conditional_all,leave_one_allele_out,mse,nonzero,HLA-A*31:01,pearson_log,-0.3766485107308543,14,14,False
baseline_plus_conditional_all,leave_one_allele_out,mse,nonzero,HLA-A*31:01,auc_gt_2h,0.3636363636363636,14,14,False
baseline_plus_conditional_all,leave_one_allele_out,mse,nonzero,HLA-A*32:01,spearman,0.06085899337230786,13,13,False
baseline_plus_conditional_all,leave_one_allele_out,mse,nonzero,HLA-A*32:01,pearson_log,-0.04931765447699335,13,13,False
baseline_plus_conditional_all,leave_one_allele_out,mse,nonzero,HLA-A*32:01,auc_gt_2h,0.5,13,13,False
baseline_plus_conditional_all,leave_one_allele_out,mse,nonzero,HLA-A*32:07,spearman,0.5968124823274489,11,11,False
baseline_plus_conditional_all,leave_one_allele_out,mse,nonzero,HLA-A*32:07,pearson_log,0.5452587936806815,11,11,False
baseline_plus_conditional_all,leave_one_allele_out,mse,nonzero,HLA-A*32:07,auc_gt_2h,0.75,11,11,False
baseline_plus_conditional_all,leave_one_allele_out,mse,nonzero,HLA-A*33:03,spearman,0.01801874925391118,7,7,False
baseline_plus_conditional_all,leave_one_allele_out,mse,nonzero,HLA-A*33:03,pearson_log,-0.08831475162826852,7,7,False
baseline_plus_conditional_all,leave_one_allele_out,mse,nonzero,HLA-A*33:03,auc_gt_2h,0.5,7,7,False
baseline_plus_conditional_all,leave_one_allele_out,mse,nonzero,HLA-A*43:01,spearman,-0.09321930900941347,12,12,False
baseline_plus_conditional_all,leave_one_allele_out,mse,nonzero,HLA-A*43:01,pearson_log,-0.09591025791524294,12,12,False
baseline_plus_conditional_all,leave_one_allele_out,mse,nonzero,HLA-A*43:01,auc_gt_2h,0.18181818181818177,12,12,False
baseline_plus_conditional_all,leave_one_allele_out,mse,nonzero,HLA-A*66:01,spearman,0.7661308776828737,9,9,False
baseline_plus_conditional_all,leave_one_allele_out,mse,nonzero,HLA-A*66:01,pearson_log,0.7190448102686559,9,9,False
baseline_plus_conditional_all,leave_one_allele_out,mse,nonzero,HLA-A*66:01,auc_gt_2h,0.875,9,9,False
baseline_plus_conditional_all,leave_one_allele_out,mse,nonzero,HLA-A*68:01,spearman,-0.3039527718400323,10,10,False
baseline_plus_conditional_all,leave_one_allele_out,mse,nonzero,HLA-A*68:01,pearson_log,-0.21120639807646996,10,10,False
baseline_plus_conditional_all,leave_one_allele_out,mse,nonzero,HLA-A*68:01,auc_gt_2h,0.1904761904761905,10,10,False
baseline_plus_conditional_all,leave_one_allele_out,mse,nonzero,HLA-A*68:02,spearman,-0.013774156949597716,13,13,False
baseline_plus_conditional_all,leave_one_allele_out,mse,nonzero,HLA-A*68:02,pearson_log,-0.1471568705213788,13,13,False
baseline_plus_conditional_all,leave_one_allele_out,mse,nonzero,HLA-A*68:02,auc_gt_2h,0.16666666666666663,13,13,False
baseline_plus_conditional_all,leave_one_allele_out,mse,nonzero,HLA-A*68:23,spearman,-0.21329299106945493,10,10,False
baseline_plus_conditional_all,leave_one_allele_out,mse,nonzero,HLA-A*68:23,pearson_log,0.1707759697104722,10,10,False
baseline_plus_conditional_all,leave_one_allele_out,mse,nonzero,HLA-A*68:23,auc_gt_2h,1.0,10,10,False
baseline_plus_conditional_all,leave_one_allele_out,mse,nonzero,HLA-A*69:01,spearman,-0.2605134001129656,9,9,False
baseline_plus_conditional_all,leave_one_allele_out,mse,nonzero,HLA-A*69:01,pearson_log,-0.14505271520000096,9,9,False
baseline_plus_conditional_all,leave_one_allele_out,mse,nonzero,HLA-A*69:01,auc_gt_2h,0.25,9,9,False
baseline_plus_conditional_all,leave_one_allele_out,mse,nonzero,HLA-A*74:01,spearman,-0.24210675350876382,12,12,False
baseline_plus_conditional_all,leave_one_allele_out,mse,nonzero,HLA-A*74:01,pearson_log,-0.2710747768331052,12,12,False
baseline_plus_conditional_all,leave_one_allele_out,mse,nonzero,HLA-A*74:01,auc_gt_2h,0.37142857142857144,12,12,False
baseline_plus_conditional_all,leave_one_allele_out,mse,nonzero,HLA-A*80:01,spearman,0.5198995557541147,10,10,False
baseline_plus_conditional_all,leave_one_allele_out,mse,nonzero,HLA-A*80:01,pearson_log,0.33792465347462125,10,10,False
baseline_plus_conditional_all,leave_one_allele_out,mse,nonzero,HLA-A*80:01,auc_gt_2h,0.625,10,10,False
baseline_plus_conditional_all,leave_one_allele_out,mse,nonzero,HLA-B*07:02,spearman,0.07192426489454565,13,13,False
baseline_plus_conditional_all,leave_one_allele_out,mse,nonzero,HLA-B*07:02,pearson_log,0.13015032407735705,13,13,False
baseline_plus_conditional_all,leave_one_allele_out,mse,nonzero,HLA-B*07:02,auc_gt_2h,0.6428571428571428,13,13,False
baseline_plus_conditional_all,leave_one_allele_out,mse,nonzero,HLA-B*08:01,spearman,0.1472503485935637,10,10,False
baseline_plus_conditional_all,leave_one_allele_out,mse,nonzero,HLA-B*08:01,pearson_log,0.13347928787365484,10,10,False
baseline_plus_conditional_all,leave_one_allele_out,mse,nonzero,HLA-B*08:01,auc_gt_2h,,10,10,False
baseline_plus_conditional_all,leave_one_allele_out,mse,nonzero,HLA-B*08:03,spearman,-0.01695158759052026,9,9,False
baseline_plus_conditional_all,leave_one_allele_out,mse,nonzero,HLA-B*08:03,pearson_log,0.12220214587074663,9,9,False
baseline_plus_conditional_all,leave_one_allele_out,mse,nonzero,HLA-B*08:03,auc_gt_2h,0.5555555555555556,9,9,False
baseline_plus_conditional_all,leave_one_allele_out,mse,nonzero,HLA-B*13:02,spearman,0.39999999999999997,4,4,False
baseline_plus_conditional_all,leave_one_allele_out,mse,nonzero,HLA-B*13:02,pearson_log,0.20804443591789049,4,4,False
baseline_plus_conditional_all,leave_one_allele_out,mse,nonzero,HLA-B*13:02,auc_gt_2h,0.3333333333333333,4,4,False
baseline_plus_conditional_all,leave_one_allele_out,mse,nonzero,HLA-B*14:01(C67S),spearman,,1,1,True
baseline_plus_conditional_all,leave_one_allele_out,mse,nonzero,HLA-B*14:01(C67S),pearson_log,,1,1,True
baseline_plus_conditional_all,leave_one_allele_out,mse,nonzero,HLA-B*14:01(C67S),auc_gt_2h,,1,1,True
baseline_plus_conditional_all,leave_one_allele_out,mse,nonzero,HLA-B*14:02(C67S),spearman,0.6,5,5,False
baseline_plus_conditional_all,leave_one_allele_out,mse,nonzero,HLA-B*14:02(C67S),pearson_log,0.18190862005203554,5,5,False
baseline_plus_conditional_all,leave_one_allele_out,mse,nonzero,HLA-B*14:02(C67S),auc_gt_2h,0.5,5,5,False
baseline_plus_conditional_all,leave_one_allele_out,mse,nonzero,HLA-B*15:01,spearman,0.19090909090909092,11,11,False
baseline_plus_conditional_all,leave_one_allele_out,mse,nonzero,HLA-B*15:01,pearson_log,0.10590309084463286,11,11,False
baseline_plus_conditional_all,leave_one_allele_out,mse,nonzero,HLA-B*15:01,auc_gt_2h,0.5555555555555556,11,11,False
baseline_plus_conditional_all,leave_one_allele_out,mse,nonzero,HLA-B*15:02,spearman,0.4285714285714286,8,8,False
baseline_plus_conditional_all,leave_one_allele_out,mse,nonzero,HLA-B*15:02,pearson_log,0.5279056762108091,8,8,False
baseline_plus_conditional_all,leave_one_allele_out,mse,nonzero,HLA-B*15:02,auc_gt_2h,0.7333333333333334,8,8,False
baseline_plus_conditional_all,leave_one_allele_out,mse,nonzero,HLA-B*15:10,spearman,0.1751316170845866,12,12,False
baseline_plus_conditional_all,leave_one_allele_out,mse,nonzero,HLA-B*15:10,pearson_log,0.19272027276268064,12,12,False
baseline_plus_conditional_all,leave_one_allele_out,mse,nonzero,HLA-B*15:10,auc_gt_2h,0.6,12,12,False
baseline_plus_conditional_all,leave_one_allele_out,mse,nonzero,HLA-B*15:17,spearman,0.3292744139923163,10,10,False
baseline_plus_conditional_all,leave_one_allele_out,mse,nonzero,HLA-B*15:17,pearson_log,0.33681165209574365,10,10,False
baseline_plus_conditional_all,leave_one_allele_out,mse,nonzero,HLA-B*15:17,auc_gt_2h,0.6190476190476191,10,10,False
baseline_plus_conditional_all,leave_one_allele_out,mse,nonzero,HLA-B*18:01,spearman,0.6574971832174716,13,13,False
baseline_plus_conditional_all,leave_one_allele_out,mse,nonzero,HLA-B*18:01,pearson_log,0.6456200976971364,13,13,False
baseline_plus_conditional_all,leave_one_allele_out,mse,nonzero,HLA-B*18:01,auc_gt_2h,0.7857142857142857,13,13,False
baseline_plus_conditional_all,leave_one_allele_out,mse,nonzero,HLA-B*27:02,spearman,0.3486385256233476,11,11,False
baseline_plus_conditional_all,leave_one_allele_out,mse,nonzero,HLA-B*27:02,pearson_log,0.4688586420011912,11,11,False
baseline_plus_conditional_all,leave_one_allele_out,mse,nonzero,HLA-B*27:02,auc_gt_2h,0.8571428571428572,11,11,False
baseline_plus_conditional_all,leave_one_allele_out,mse,nonzero,HLA-B*27:03,spearman,0.24267994853915967,9,9,False
baseline_plus_conditional_all,leave_one_allele_out,mse,nonzero,HLA-B*27:03,pearson_log,0.12166865675620867,9,9,False
baseline_plus_conditional_all,leave_one_allele_out,mse,nonzero,HLA-B*27:03,auc_gt_2h,0.55,9,9,False
baseline_plus_conditional_all,leave_one_allele_out,mse,nonzero,HLA-B*27:05,spearman,0.09132515299544462,11,11,False
baseline_plus_conditional_all,leave_one_allele_out,mse,nonzero,HLA-B*27:05,pearson_log,0.354140467610454,11,11,False
baseline_plus_conditional_all,leave_one_allele_out,mse,nonzero,HLA-B*27:05,auc_gt_2h,0.4666666666666667,11,11,False
baseline_plus_conditional_all,leave_one_allele_out,mse,nonzero,HLA-B*27:20,spearman,0.086560589039859,11,11,False
baseline_plus_conditional_all,leave_one_allele_out,mse,nonzero,HLA-B*27:20,pearson_log,-0.10023030430001605,11,11,False
baseline_plus_conditional_all,leave_one_allele_out,mse,nonzero,HLA-B*27:20,auc_gt_2h,0.6071428571428572,11,11,False
baseline_plus_conditional_all,leave_one_allele_out,mse,nonzero,HLA-B*35:01,spearman,0.2928895930645031,9,9,False
baseline_plus_conditional_all,leave_one_allele_out,mse,nonzero,HLA-B*35:01,pearson_log,0.16541780919399765,9,9,False
baseline_plus_conditional_all,leave_one_allele_out,mse,nonzero,HLA-B*35:01,auc_gt_2h,0.7222222222222222,9,9,False
baseline_plus_conditional_all,leave_one_allele_out,mse,nonzero,HLA-B*35:03,spearman,0.07017587058225039,12,12,False
baseline_plus_conditional_all,leave_one_allele_out,mse,nonzero,HLA-B*35:03,pearson_log,0.05033815633133304,12,12,False
baseline_plus_conditional_all,leave_one_allele_out,mse,nonzero,HLA-B*35:03,auc_gt_2h,0.4571428571428572,12,12,False
baseline_plus_conditional_all,leave_one_allele_out,mse,nonzero,HLA-B*35:08,spearman,0.3862324114922305,11,11,False
baseline_plus_conditional_all,leave_one_allele_out,mse,nonzero,HLA-B*35:08,pearson_log,0.43664025573477266,11,11,False
baseline_plus_conditional_all,leave_one_allele_out,mse,nonzero,HLA-B*35:08,auc_gt_2h,0.7222222222222222,11,11,False
baseline_plus_conditional_all,leave_one_allele_out,mse,nonzero,HLA-B*39:01,spearman,0.2932457723547819,11,11,False
baseline_plus_conditional_all,leave_one_allele_out,mse,nonzero,HLA-B*39:01,pearson_log,0.48290473087440594,11,11,False
baseline_plus_conditional_all,leave_one_allele_out,mse,nonzero,HLA-B*39:01,auc_gt_2h,0.8888888888888888,11,11,False
baseline_plus_conditional_all,leave_one_allele_out,mse,nonzero,HLA-B*39:02,spearman,0.5933055656682091,9,9,False
baseline_plus_conditional_all,leave_one_allele_out,mse,nonzero,HLA-B*39:02,pearson_log,0.42642594361176456,9,9,False
baseline_plus_conditional_all,leave_one_allele_out,mse,nonzero,HLA-B*39:02,auc_gt_2h,0.8571428571428572,9,9,False
baseline_plus_conditional_all,leave_one_allele_out,mse,nonzero,HLA-B*39:06(C67S),spearman,,1,1,True
baseline_plus_conditional_all,leave_one_allele_out,mse,nonzero,HLA-B*39:06(C67S),pearson_log,,1,1,True
baseline_plus_conditional_all,leave_one_allele_out,mse,nonzero,HLA-B*39:06(C67S),auc_gt_2h,,1,1,True
baseline_plus_conditional_all,leave_one_allele_out,mse,nonzero,HLA-B*39:10,spearman,0.0,11,11,False
baseline_plus_conditional_all,leave_one_allele_out,mse,nonzero,HLA-B*39:10,pearson_log,-0.009089823183460632,11,11,False
baseline_plus_conditional_all,leave_one_allele_out,mse,nonzero,HLA-B*39:10,auc_gt_2h,0.36666666666666664,11,11,False
baseline_plus_conditional_all,leave_one_allele_out,mse,nonzero,HLA-B*40:01,spearman,-0.2666683082125515,12,12,False
baseline_plus_conditional_all,leave_one_allele_out,mse,nonzero,HLA-B*40:01,pearson_log,-0.27719116504352675,12,12,False
baseline_plus_conditional_all,leave_one_allele_out,mse,nonzero,HLA-B*40:01,auc_gt_2h,0.8181818181818181,12,12,False
baseline_plus_conditional_all,leave_one_allele_out,mse,nonzero,HLA-B*40:02,spearman,0.3186813186813187,13,13,False
baseline_plus_conditional_all,leave_one_allele_out,mse,nonzero,HLA-B*40:02,pearson_log,0.3337942668451123,13,13,False
baseline_plus_conditional_all,leave_one_allele_out,mse,nonzero,HLA-B*40:02,auc_gt_2h,0.7666666666666666,13,13,False
baseline_plus_conditional_all,leave_one_allele_out,mse,nonzero,HLA-B*41:01,spearman,-0.030358837035945815,6,6,False
baseline_plus_conditional_all,leave_one_allele_out,mse,nonzero,HLA-B*41:01,pearson_log,0.05153883622273728,6,6,False
baseline_plus_conditional_all,leave_one_allele_out,mse,nonzero,HLA-B*41:01,auc_gt_2h,,6,6,False
baseline_plus_conditional_all,leave_one_allele_out,mse,nonzero,HLA-B*42:01,spearman,-0.22377622377622378,12,12,False
baseline_plus_conditional_all,leave_one_allele_out,mse,nonzero,HLA-B*42:01,pearson_log,0.0627292734567258,12,12,False
baseline_plus_conditional_all,leave_one_allele_out,mse,nonzero,HLA-B*42:01,auc_gt_2h,0.45454545454545453,12,12,False
baseline_plus_conditional_all,leave_one_allele_out,mse,nonzero,HLA-B*42:02,spearman,-0.4601378680539873,11,11,False
baseline_plus_conditional_all,leave_one_allele_out,mse,nonzero,HLA-B*42:02,pearson_log,-0.5574423631994112,11,11,False
baseline_plus_conditional_all,leave_one_allele_out,mse,nonzero,HLA-B*42:02,auc_gt_2h,0.36666666666666664,11,11,False
baseline_plus_conditional_all,leave_one_allele_out,mse,nonzero,HLA-B*44:05,spearman,-0.1649132958682884,12,12,False
baseline_plus_conditional_all,leave_one_allele_out,mse,nonzero,HLA-B*44:05,pearson_log,-0.08318836979616107,12,12,False
baseline_plus_conditional_all,leave_one_allele_out,mse,nonzero,HLA-B*44:05,auc_gt_2h,0.4,12,12,False
baseline_plus_conditional_all,leave_one_allele_out,mse,nonzero,HLA-B*45:01,spearman,0.0,3,3,False
baseline_plus_conditional_all,leave_one_allele_out,mse,nonzero,HLA-B*45:01,pearson_log,0.2266796909221641,3,3,False
baseline_plus_conditional_all,leave_one_allele_out,mse,nonzero,HLA-B*45:01,auc_gt_2h,0.5,3,3,False
baseline_plus_conditional_all,leave_one_allele_out,mse,nonzero,HLA-B*46:01,spearman,-0.5357142857142858,7,7,False
baseline_plus_conditional_all,leave_one_allele_out,mse,nonzero,HLA-B*46:01,pearson_log,-0.37988584238435064,7,7,False
baseline_plus_conditional_all,leave_one_allele_out,mse,nonzero,HLA-B*46:01,auc_gt_2h,0.5,7,7,False
baseline_plus_conditional_all,leave_one_allele_out,mse,nonzero,HLA-B*51:01,spearman,0.39999999999999997,4,4,False
baseline_plus_conditional_all,leave_one_allele_out,mse,nonzero,HLA-B*51:01,pearson_log,0.789990567305045,4,4,False
baseline_plus_conditional_all,leave_one_allele_out,mse,nonzero,HLA-B*51:01,auc_gt_2h,,4,4,False
baseline_plus_conditional_all,leave_one_allele_out,mse,nonzero,HLA-B*54:01,spearman,0.4285714285714286,8,8,False
baseline_plus_conditional_all,leave_one_allele_out,mse,nonzero,HLA-B*54:01,pearson_log,0.4870505064547871,8,8,False
baseline_plus_conditional_all,leave_one_allele_out,mse,nonzero,HLA-B*54:01,auc_gt_2h,0.9166666666666667,8,8,False
baseline_plus_conditional_all,leave_one_allele_out,mse,nonzero,HLA-B*55:01,spearman,-0.5,3,3,False
baseline_plus_conditional_all,leave_one_allele_out,mse,nonzero,HLA-B*55:01,pearson_log,-0.4234267950695907,3,3,False
baseline_plus_conditional_all,leave_one_allele_out,mse,nonzero,HLA-B*55:01,auc_gt_2h,0.5,3,3,False
baseline_plus_conditional_all,leave_one_allele_out,mse,nonzero,HLA-B*56:01,spearman,-0.4578645580762859,8,8,False
baseline_plus_conditional_all,leave_one_allele_out,mse,nonzero,HLA-B*56:01,pearson_log,-0.6363950015628983,8,8,False
baseline_plus_conditional_all,leave_one_allele_out,mse,nonzero,HLA-B*56:01,auc_gt_2h,,8,8,False
baseline_plus_conditional_all,leave_one_allele_out,mse,nonzero,HLA-B*57:01,spearman,-0.23817899923503774,12,12,False
baseline_plus_conditional_all,leave_one_allele_out,mse,nonzero,HLA-B*57:01,pearson_log,-0.12117862162565031,12,12,False
baseline_plus_conditional_all,leave_one_allele_out,mse,nonzero,HLA-B*57:01,auc_gt_2h,,12,12,False
baseline_plus_conditional_all,leave_one_allele_out,mse,nonzero,HLA-B*57:02,spearman,-0.47724546513918914,13,13,False
baseline_plus_conditional_all,leave_one_allele_out,mse,nonzero,HLA-B*57:02,pearson_log,-0.5045986868624381,13,13,False
baseline_plus_conditional_all,leave_one_allele_out,mse,nonzero,HLA-B*57:02,auc_gt_2h,0.0,13,13,False
baseline_plus_conditional_all,leave_one_allele_out,mse,nonzero,HLA-B*57:03,spearman,0.34615384615384615,13,13,False
baseline_plus_conditional_all,leave_one_allele_out,mse,nonzero,HLA-B*57:03,pearson_log,0.21522711883160944,13,13,False
baseline_plus_conditional_all,leave_one_allele_out,mse,nonzero,HLA-B*57:03,auc_gt_2h,0.5333333333333333,13,13,False
baseline_plus_conditional_all,leave_one_allele_out,mse,nonzero,HLA-B*58:01,spearman,0.3537658665108649,12,12,False
baseline_plus_conditional_all,leave_one_allele_out,mse,nonzero,HLA-B*58:01,pearson_log,0.20619683827455224,12,12,False
baseline_plus_conditional_all,leave_one_allele_out,mse,nonzero,HLA-B*58:01,auc_gt_2h,0.7142857142857143,12,12,False
baseline_plus_conditional_all,leave_one_allele_out,mse,nonzero,HLA-B*81:01,spearman,0.11060964911564061,11,11,False
baseline_plus_conditional_all,leave_one_allele_out,mse,nonzero,HLA-B*81:01,pearson_log,0.10075468211272748,11,11,False
baseline_plus_conditional_all,leave_one_allele_out,mse,nonzero,HLA-B*81:01,auc_gt_2h,0.5,11,11,False
baseline_plus_conditional_all,peptide_disjoint,mse,all,HLA-A*01:01,spearman,,2,2,False
baseline_plus_conditional_all,peptide_disjoint,mse,all,HLA-A*01:01,pearson_log,,2,2,False
baseline_plus_conditional_all,peptide_disjoint,mse,all,HLA-A*01:01,auc_gt_2h,1.0,2,2,False
baseline_plus_conditional_all,peptide_disjoint,mse,all,HLA-A*02:01,spearman,0.5,3,3,False
baseline_plus_conditional_all,peptide_disjoint,mse,all,HLA-A*02:01,pearson_log,0.06259417335135994,3,3,False
baseline_plus_conditional_all,peptide_disjoint,mse,all,HLA-A*02:01,auc_gt_2h,,3,3,False
baseline_plus_conditional_all,peptide_disjoint,mse,all,HLA-A*02:03,spearman,,2,2,False
baseline_plus_conditional_all,peptide_disjoint,mse,all,HLA-A*02:03,pearson_log,,2,2,False
baseline_plus_conditional_all,peptide_disjoint,mse,all,HLA-A*02:03,auc_gt_2h,0.0,2,2,False
baseline_plus_conditional_all,peptide_disjoint,mse,all,HLA-A*02:05,spearman,0.19999999999999998,5,5,False
baseline_plus_conditional_all,peptide_disjoint,mse,all,HLA-A*02:05,pearson_log,-0.05039879295123301,5,5,False
baseline_plus_conditional_all,peptide_disjoint,mse,all,HLA-A*02:05,auc_gt_2h,0.3333333333333333,5,5,False
baseline_plus_conditional_all,peptide_disjoint,mse,all,HLA-A*02:10,spearman,,2,2,False
baseline_plus_conditional_all,peptide_disjoint,mse,all,HLA-A*02:10,pearson_log,,2,2,False
baseline_plus_conditional_all,peptide_disjoint,mse,all,HLA-A*02:10,auc_gt_2h,1.0,2,2,False
baseline_plus_conditional_all,peptide_disjoint,mse,all,HLA-A*02:11,spearman,,2,2,False
baseline_plus_conditional_all,peptide_disjoint,mse,all,HLA-A*02:11,pearson_log,,2,2,False
baseline_plus_conditional_all,peptide_disjoint,mse,all,HLA-A*02:11,auc_gt_2h,,2,2,False
baseline_plus_conditional_all,peptide_disjoint,mse,all,HLA-A*02:12,spearman,1.0,4,4,False
baseline_plus_conditional_all,peptide_disjoint,mse,all,HLA-A*02:12,pearson_log,0.8520529760349559,4,4,False
baseline_plus_conditional_all,peptide_disjoint,mse,all,HLA-A*02:12,auc_gt_2h,1.0,4,4,False
baseline_plus_conditional_all,peptide_disjoint,mse,all,HLA-A*02:19,spearman,0.19999999999999998,5,5,False
baseline_plus_conditional_all,peptide_disjoint,mse,all,HLA-A*02:19,pearson_log,-0.24027525422052542,5,5,False
baseline_plus_conditional_all,peptide_disjoint,mse,all,HLA-A*02:19,auc_gt_2h,0.5,5,5,False
baseline_plus_conditional_all,peptide_disjoint,mse,all,HLA-A*02:50,spearman,0.7999999999999999,4,4,False
baseline_plus_conditional_all,peptide_disjoint,mse,all,HLA-A*02:50,pearson_log,0.619582094677445,4,4,False
baseline_plus_conditional_all,peptide_disjoint,mse,all,HLA-A*02:50,auc_gt_2h,,4,4,False
baseline_plus_conditional_all,peptide_disjoint,mse,all,HLA-A*03:01,spearman,-0.3,5,5,False
baseline_plus_conditional_all,peptide_disjoint,mse,all,HLA-A*03:01,pearson_log,-0.14072732769563592,5,5,False
baseline_plus_conditional_all,peptide_disjoint,mse,all,HLA-A*03:01,auc_gt_2h,0.25,5,5,False
baseline_plus_conditional_all,peptide_disjoint,mse,all,HLA-A*11:01,spearman,,1,1,True
baseline_plus_conditional_all,peptide_disjoint,mse,all,HLA-A*11:01,pearson_log,,1,1,True
baseline_plus_conditional_all,peptide_disjoint,mse,all,HLA-A*11:01,auc_gt_2h,,1,1,True
baseline_plus_conditional_all,peptide_disjoint,mse,all,HLA-A*23:01,spearman,,2,2,False
baseline_plus_conditional_all,peptide_disjoint,mse,all,HLA-A*23:01,pearson_log,,2,2,False
baseline_plus_conditional_all,peptide_disjoint,mse,all,HLA-A*23:01,auc_gt_2h,0.0,2,2,False
baseline_plus_conditional_all,peptide_disjoint,mse,all,HLA-A*24:02,spearman,-0.39999999999999997,4,4,False
baseline_plus_conditional_all,peptide_disjoint,mse,all,HLA-A*24:02,pearson_log,0.16593229047892152,4,4,False
baseline_plus_conditional_all,peptide_disjoint,mse,all,HLA-A*24:02,auc_gt_2h,0.5,4,4,False
baseline_plus_conditional_all,peptide_disjoint,mse,all,HLA-A*24:03,spearman,,2,2,False
baseline_plus_conditional_all,peptide_disjoint,mse,all,HLA-A*24:03,pearson_log,,2,2,False
baseline_plus_conditional_all,peptide_disjoint,mse,all,HLA-A*24:03,auc_gt_2h,,2,2,False
baseline_plus_conditional_all,peptide_disjoint,mse,all,HLA-A*24:07,spearman,,2,2,False
baseline_plus_conditional_all,peptide_disjoint,mse,all,HLA-A*24:07,pearson_log,,2,2,False
baseline_plus_conditional_all,peptide_disjoint,mse,all,HLA-A*24:07,auc_gt_2h,0.0,2,2,False
baseline_plus_conditional_all,peptide_disjoint,mse,all,HLA-A*24:19,spearman,0.5,3,3,False
baseline_plus_conditional_all,peptide_disjoint,mse,all,HLA-A*24:19,pearson_log,0.6407009496706104,3,3,False
baseline_plus_conditional_all,peptide_disjoint,mse,all,HLA-A*24:19,auc_gt_2h,,3,3,False
baseline_plus_conditional_all,peptide_disjoint,mse,all,HLA-A*25:01,spearman,,1,1,True
baseline_plus_conditional_all,peptide_disjoint,mse,all,HLA-A*25:01,pearson_log,,1,1,True
baseline_plus_conditional_all,peptide_disjoint,mse,all,HLA-A*25:01,auc_gt_2h,,1,1,True
baseline_plus_conditional_all,peptide_disjoint,mse,all,HLA-A*26:01,spearman,-0.5,3,3,False
baseline_plus_conditional_all,peptide_disjoint,mse,all,HLA-A*26:01,pearson_log,-0.5484031767309125,3,3,False
baseline_plus_conditional_all,peptide_disjoint,mse,all,HLA-A*26:01,auc_gt_2h,,3,3,False
baseline_plus_conditional_all,peptide_disjoint,mse,all,HLA-A*26:02,spearman,,2,2,False
baseline_plus_conditional_all,peptide_disjoint,mse,all,HLA-A*26:02,pearson_log,,2,2,False
baseline_plus_conditional_all,peptide_disjoint,mse,all,HLA-A*26:02,auc_gt_2h,,2,2,False
baseline_plus_conditional_all,peptide_disjoint,mse,all,HLA-A*26:03,spearman,,1,1,True
baseline_plus_conditional_all,peptide_disjoint,mse,all,HLA-A*26:03,pearson_log,,1,1,True
baseline_plus_conditional_all,peptide_disjoint,mse,all,HLA-A*26:03,auc_gt_2h,,1,1,True
baseline_plus_conditional_all,peptide_disjoint,mse,all,HLA-A*29:02,spearman,0.8999999999999998,5,5,False
baseline_plus_conditional_all,peptide_disjoint,mse,all,HLA-A*29:02,pearson_log,0.8253318709905619,5,5,False
baseline_plus_conditional_all,peptide_disjoint,mse,all,HLA-A*29:02,auc_gt_2h,1.0,5,5,False
baseline_plus_conditional_all,peptide_disjoint,mse,all,HLA-A*30:01,spearman,,2,2,False
baseline_plus_conditional_all,peptide_disjoint,mse,all,HLA-A*30:01,pearson_log,,2,2,False
baseline_plus_conditional_all,peptide_disjoint,mse,all,HLA-A*30:01,auc_gt_2h,,2,2,False
baseline_plus_conditional_all,peptide_disjoint,mse,all,HLA-A*30:02,spearman,,2,2,False
baseline_plus_conditional_all,peptide_disjoint,mse,all,HLA-A*30:02,pearson_log,,2,2,False
baseline_plus_conditional_all,peptide_disjoint,mse,all,HLA-A*30:02,auc_gt_2h,1.0,2,2,False
baseline_plus_conditional_all,peptide_disjoint,mse,all,HLA-A*31:01,spearman,0.0,3,3,False
baseline_plus_conditional_all,peptide_disjoint,mse,all,HLA-A*31:01,pearson_log,0.10187395566134091,3,3,False
baseline_plus_conditional_all,peptide_disjoint,mse,all,HLA-A*31:01,auc_gt_2h,,3,3,False
baseline_plus_conditional_all,peptide_disjoint,mse,all,HLA-A*32:01,spearman,-1.0,3,3,False
baseline_plus_conditional_all,peptide_disjoint,mse,all,HLA-A*32:01,pearson_log,-0.9394218031996049,3,3,False
baseline_plus_conditional_all,peptide_disjoint,mse,all,HLA-A*32:01,auc_gt_2h,0.0,3,3,False
baseline_plus_conditional_all,peptide_disjoint,mse,all,HLA-A*32:07,spearman,0.5,3,3,False
baseline_plus_conditional_all,peptide_disjoint,mse,all,HLA-A*32:07,pearson_log,0.32114627278843033,3,3,False
baseline_plus_conditional_all,peptide_disjoint,mse,all,HLA-A*32:07,auc_gt_2h,1.0,3,3,False
baseline_plus_conditional_all,peptide_disjoint,mse,all,HLA-A*33:03,spearman,,2,2,False
baseline_plus_conditional_all,peptide_disjoint,mse,all,HLA-A*33:03,pearson_log,,2,2,False
baseline_plus_conditional_all,peptide_disjoint,mse,all,HLA-A*33:03,auc_gt_2h,1.0,2,2,False
baseline_plus_conditional_all,peptide_disjoint,mse,all,HLA-A*43:01,spearman,0.6377481392176932,6,6,False
baseline_plus_conditional_all,peptide_disjoint,mse,all,HLA-A*43:01,pearson_log,0.5836171276837719,6,6,False
baseline_plus_conditional_all,peptide_disjoint,mse,all,HLA-A*43:01,auc_gt_2h,0.8,6,6,False
baseline_plus_conditional_all,peptide_disjoint,mse,all,HLA-A*66:01,spearman,,1,1,True
baseline_plus_conditional_all,peptide_disjoint,mse,all,HLA-A*66:01,pearson_log,,1,1,True
baseline_plus_conditional_all,peptide_disjoint,mse,all,HLA-A*66:01,auc_gt_2h,,1,1,True
baseline_plus_conditional_all,peptide_disjoint,mse,all,HLA-A*68:01,spearman,0.15389675281277312,5,5,False
baseline_plus_conditional_all,peptide_disjoint,mse,all,HLA-A*68:01,pearson_log,-0.20658896702474022,5,5,False
baseline_plus_conditional_all,peptide_disjoint,mse,all,HLA-A*68:01,auc_gt_2h,0.33333333333333337,5,5,False
baseline_plus_conditional_all,peptide_disjoint,mse,all,HLA-A*68:02,spearman,0.49999999999999994,5,5,False
baseline_plus_conditional_all,peptide_disjoint,mse,all,HLA-A*68:02,pearson_log,0.46927394558715807,5,5,False
baseline_plus_conditional_all,peptide_disjoint,mse,all,HLA-A*68:02,auc_gt_2h,,5,5,False
baseline_plus_conditional_all,peptide_disjoint,mse,all,HLA-A*68:23,spearman,-0.632455532033676,4,4,False
baseline_plus_conditional_all,peptide_disjoint,mse,all,HLA-A*68:23,pearson_log,-0.6465063644812992,4,4,False
baseline_plus_conditional_all,peptide_disjoint,mse,all,HLA-A*68:23,auc_gt_2h,,4,4,False
baseline_plus_conditional_all,peptide_disjoint,mse,all,HLA-A*69:01,spearman,0.7181848464596079,5,5,False
baseline_plus_conditional_all,peptide_disjoint,mse,all,HLA-A*69:01,pearson_log,0.6191185590054031,5,5,False
baseline_plus_conditional_all,peptide_disjoint,mse,all,HLA-A*69:01,auc_gt_2h,,5,5,False
baseline_plus_conditional_all,peptide_disjoint,mse,all,HLA-A*74:01,spearman,,1,1,True
baseline_plus_conditional_all,peptide_disjoint,mse,all,HLA-A*74:01,pearson_log,,1,1,True
baseline_plus_conditional_all,peptide_disjoint,mse,all,HLA-A*74:01,auc_gt_2h,,1,1,True
baseline_plus_conditional_all,peptide_disjoint,mse,all,HLA-A*80:01,spearman,,2,2,False
baseline_plus_conditional_all,peptide_disjoint,mse,all,HLA-A*80:01,pearson_log,,2,2,False
baseline_plus_conditional_all,peptide_disjoint,mse,all,HLA-A*80:01,auc_gt_2h,,2,2,False
baseline_plus_conditional_all,peptide_disjoint,mse,all,HLA-B*07:02,spearman,0.47434164902525683,5,5,False
baseline_plus_conditional_all,peptide_disjoint,mse,all,HLA-B*07:02,pearson_log,0.5631667242941658,5,5,False
baseline_plus_conditional_all,peptide_disjoint,mse,all,HLA-B*07:02,auc_gt_2h,0.8333333333333333,5,5,False
baseline_plus_conditional_all,peptide_disjoint,mse,all,HLA-B*08:01,spearman,,2,2,False
baseline_plus_conditional_all,peptide_disjoint,mse,all,HLA-B*08:01,pearson_log,,2,2,False
baseline_plus_conditional_all,peptide_disjoint,mse,all,HLA-B*08:01,auc_gt_2h,,2,2,False
baseline_plus_conditional_all,peptide_disjoint,mse,all,HLA-B*08:03,spearman,,2,2,False
baseline_plus_conditional_all,peptide_disjoint,mse,all,HLA-B*08:03,pearson_log,,2,2,False
baseline_plus_conditional_all,peptide_disjoint,mse,all,HLA-B*08:03,auc_gt_2h,1.0,2,2,False
baseline_plus_conditional_all,peptide_disjoint,mse,all,HLA-B*13:02,spearman,,2,2,False
baseline_plus_conditional_all,peptide_disjoint,mse,all,HLA-B*13:02,pearson_log,,2,2,False
baseline_plus_conditional_all,peptide_disjoint,mse,all,HLA-B*13:02,auc_gt_2h,1.0,2,2,False
baseline_plus_conditional_all,peptide_disjoint,mse,all,HLA-B*14:01(C67S),spearman,,1,1,True
baseline_plus_conditional_all,peptide_disjoint,mse,all,HLA-B*14:01(C67S),pearson_log,,1,1,True
baseline_plus_conditional_all,peptide_disjoint,mse,all,HLA-B*14:01(C67S),auc_gt_2h,,1,1,True
baseline_plus_conditional_all,peptide_disjoint,mse,all,HLA-B*14:02(C67S),spearman,,1,1,True
baseline_plus_conditional_all,peptide_disjoint,mse,all,HLA-B*14:02(C67S),pearson_log,,1,1,True
baseline_plus_conditional_all,peptide_disjoint,mse,all,HLA-B*14:02(C67S),auc_gt_2h,,1,1,True
baseline_plus_conditional_all,peptide_disjoint,mse,all,HLA-B*15:01,spearman,-0.39999999999999997,4,4,False
baseline_plus_conditional_all,peptide_disjoint,mse,all,HLA-B*15:01,pearson_log,-0.3628381541230036,4,4,False
baseline_plus_conditional_all,peptide_disjoint,mse,all,HLA-B*15:01,auc_gt_2h,0.0,4,4,False
baseline_plus_conditional_all,peptide_disjoint,mse,all,HLA-B*15:10,spearman,,2,2,False
baseline_plus_conditional_all,peptide_disjoint,mse,all,HLA-B*15:10,pearson_log,,2,2,False
baseline_plus_conditional_all,peptide_disjoint,mse,all,HLA-B*15:10,auc_gt_2h,0.0,2,2,False
baseline_plus_conditional_all,peptide_disjoint,mse,all,HLA-B*18:01,spearman,,2,2,False
baseline_plus_conditional_all,peptide_disjoint,mse,all,HLA-B*18:01,pearson_log,,2,2,False
baseline_plus_conditional_all,peptide_disjoint,mse,all,HLA-B*18:01,auc_gt_2h,,2,2,False
baseline_plus_conditional_all,peptide_disjoint,mse,all,HLA-B*27:02,spearman,0.5,3,3,False
baseline_plus_conditional_all,peptide_disjoint,mse,all,HLA-B*27:02,pearson_log,0.7884905027281776,3,3,False
baseline_plus_conditional_all,peptide_disjoint,mse,all,HLA-B*27:02,auc_gt_2h,1.0,3,3,False
baseline_plus_conditional_all,peptide_disjoint,mse,all,HLA-B*27:03,spearman,0.5,3,3,False
baseline_plus_conditional_all,peptide_disjoint,mse,all,HLA-B*27:03,pearson_log,0.9917603866507181,3,3,False
baseline_plus_conditional_all,peptide_disjoint,mse,all,HLA-B*27:03,auc_gt_2h,1.0,3,3,False
baseline_plus_conditional_all,peptide_disjoint,mse,all,HLA-B*27:05,spearman,,2,2,False
baseline_plus_conditional_all,peptide_disjoint,mse,all,HLA-B*27:05,pearson_log,,2,2,False
baseline_plus_conditional_all,peptide_disjoint,mse,all,HLA-B*27:05,auc_gt_2h,,2,2,False
baseline_plus_conditional_all,peptide_disjoint,mse,all,HLA-B*27:20,spearman,-1.0,3,3,False
baseline_plus_conditional_all,peptide_disjoint,mse,all,HLA-B*27:20,pearson_log,-0.8130071027107114,3,3,False
baseline_plus_conditional_all,peptide_disjoint,mse,all,HLA-B*27:20,auc_gt_2h,0.0,3,3,False
baseline_plus_conditional_all,peptide_disjoint,mse,all,HLA-B*35:01,spearman,,2,2,False
baseline_plus_conditional_all,peptide_disjoint,mse,all,HLA-B*35:01,pearson_log,,2,2,False
baseline_plus_conditional_all,peptide_disjoint,mse,all,HLA-B*35:01,auc_gt_2h,0.0,2,2,False
baseline_plus_conditional_all,peptide_disjoint,mse,all,HLA-B*35:03,spearman,,2,2,False
baseline_plus_conditional_all,peptide_disjoint,mse,all,HLA-B*35:03,pearson_log,,2,2,False
baseline_plus_conditional_all,peptide_disjoint,mse,all,HLA-B*35:03,auc_gt_2h,1.0,2,2,False
baseline_plus_conditional_all,peptide_disjoint,mse,all,HLA-B*35:08,spearman,0.8660254037844387,3,3,False
baseline_plus_conditional_all,peptide_disjoint,mse,all,HLA-B*35:08,pearson_log,0.8261739241381221,3,3,False
baseline_plus_conditional_all,peptide_disjoint,mse,all,HLA-B*35:08,auc_gt_2h,1.0,3,3,False
baseline_plus_conditional_all,peptide_disjoint,mse,all,HLA-B*39:01,spearman,0.15389675281277312,5,5,False
baseline_plus_conditional_all,peptide_disjoint,mse,all,HLA-B*39:01,pearson_log,-0.10088971486652665,5,5,False
baseline_plus_conditional_all,peptide_disjoint,mse,all,HLA-B*39:01,auc_gt_2h,0.5,5,5,False
baseline_plus_conditional_all,peptide_disjoint,mse,all,HLA-B*39:02,spearman,,1,1,True
baseline_plus_conditional_all,peptide_disjoint,mse,all,HLA-B*39:02,pearson_log,,1,1,True
baseline_plus_conditional_all,peptide_disjoint,mse,all,HLA-B*39:02,auc_gt_2h,,1,1,True
baseline_plus_conditional_all,peptide_disjoint,mse,all,HLA-B*39:06(C67S),spearman,0.8660254037844387,3,3,False
baseline_plus_conditional_all,peptide_disjoint,mse,all,HLA-B*39:06(C67S),pearson_log,0.6649674692659764,3,3,False
baseline_plus_conditional_all,peptide_disjoint,mse,all,HLA-B*39:06(C67S),auc_gt_2h,1.0,3,3,False
baseline_plus_conditional_all,peptide_disjoint,mse,all,HLA-B*39:10,spearman,,1,1,True
baseline_plus_conditional_all,peptide_disjoint,mse,all,HLA-B*39:10,pearson_log,,1,1,True
baseline_plus_conditional_all,peptide_disjoint,mse,all,HLA-B*39:10,auc_gt_2h,,1,1,True
baseline_plus_conditional_all,peptide_disjoint,mse,all,HLA-B*40:01,spearman,,2,2,False
baseline_plus_conditional_all,peptide_disjoint,mse,all,HLA-B*40:01,pearson_log,,2,2,False
baseline_plus_conditional_all,peptide_disjoint,mse,all,HLA-B*40:01,auc_gt_2h,,2,2,False
baseline_plus_conditional_all,peptide_disjoint,mse,all,HLA-B*40:02,spearman,,2,2,False
baseline_plus_conditional_all,peptide_disjoint,mse,all,HLA-B*40:02,pearson_log,,2,2,False
baseline_plus_conditional_all,peptide_disjoint,mse,all,HLA-B*40:02,auc_gt_2h,0.0,2,2,False
baseline_plus_conditional_all,peptide_disjoint,mse,all,HLA-B*41:01,spearman,0.8660254037844387,3,3,False
baseline_plus_conditional_all,peptide_disjoint,mse,all,HLA-B*41:01,pearson_log,0.7661975685303848,3,3,False
baseline_plus_conditional_all,peptide_disjoint,mse,all,HLA-B*41:01,auc_gt_2h,,3,3,False
baseline_plus_conditional_all,peptide_disjoint,mse,all,HLA-B*42:01,spearman,,1,1,True
baseline_plus_conditional_all,peptide_disjoint,mse,all,HLA-B*42:01,pearson_log,,1,1,True
baseline_plus_conditional_all,peptide_disjoint,mse,all,HLA-B*42:01,auc_gt_2h,,1,1,True
baseline_plus_conditional_all,peptide_disjoint,mse,all,HLA-B*42:02,spearman,0.5,3,3,False
baseline_plus_conditional_all,peptide_disjoint,mse,all,HLA-B*42:02,pearson_log,-0.037228655080204676,3,3,False
baseline_plus_conditional_all,peptide_disjoint,mse,all,HLA-B*42:02,auc_gt_2h,1.0,3,3,False
baseline_plus_conditional_all,peptide_disjoint,mse,all,HLA-B*44:05,spearman,,1,1,True
baseline_plus_conditional_all,peptide_disjoint,mse,all,HLA-B*44:05,pearson_log,,1,1,True
baseline_plus_conditional_all,peptide_disjoint,mse,all,HLA-B*44:05,auc_gt_2h,,1,1,True
baseline_plus_conditional_all,peptide_disjoint,mse,all,HLA-B*45:01,spearman,,2,2,False
baseline_plus_conditional_all,peptide_disjoint,mse,all,HLA-B*45:01,pearson_log,,2,2,False
baseline_plus_conditional_all,peptide_disjoint,mse,all,HLA-B*45:01,auc_gt_2h,,2,2,False
baseline_plus_conditional_all,peptide_disjoint,mse,all,HLA-B*51:01,spearman,,1,1,True
baseline_plus_conditional_all,peptide_disjoint,mse,all,HLA-B*51:01,pearson_log,,1,1,True
baseline_plus_conditional_all,peptide_disjoint,mse,all,HLA-B*51:01,auc_gt_2h,,1,1,True
baseline_plus_conditional_all,peptide_disjoint,mse,all,HLA-B*54:01,spearman,0.4058397249567139,6,6,False
baseline_plus_conditional_all,peptide_disjoint,mse,all,HLA-B*54:01,pearson_log,0.5285794088768065,6,6,False
baseline_plus_conditional_all,peptide_disjoint,mse,all,HLA-B*54:01,auc_gt_2h,1.0,6,6,False
baseline_plus_conditional_all,peptide_disjoint,mse,all,HLA-B*55:01,spearman,,1,1,True
baseline_plus_conditional_all,peptide_disjoint,mse,all,HLA-B*55:01,pearson_log,,1,1,True
baseline_plus_conditional_all,peptide_disjoint,mse,all,HLA-B*55:01,auc_gt_2h,,1,1,True
baseline_plus_conditional_all,peptide_disjoint,mse,all,HLA-B*56:01,spearman,0.8660254037844387,3,3,False
baseline_plus_conditional_all,peptide_disjoint,mse,all,HLA-B*56:01,pearson_log,0.9489326132754303,3,3,False
baseline_plus_conditional_all,peptide_disjoint,mse,all,HLA-B*56:01,auc_gt_2h,,3,3,False
baseline_plus_conditional_all,peptide_disjoint,mse,all,HLA-B*57:01,spearman,,1,1,True
baseline_plus_conditional_all,peptide_disjoint,mse,all,HLA-B*57:01,pearson_log,,1,1,True
baseline_plus_conditional_all,peptide_disjoint,mse,all,HLA-B*57:01,auc_gt_2h,,1,1,True
baseline_plus_conditional_all,peptide_disjoint,mse,all,HLA-B*57:02,spearman,-0.5,3,3,False
baseline_plus_conditional_all,peptide_disjoint,mse,all,HLA-B*57:02,pearson_log,-0.2608913314479088,3,3,False
baseline_plus_conditional_all,peptide_disjoint,mse,all,HLA-B*57:02,auc_gt_2h,,3,3,False
baseline_plus_conditional_all,peptide_disjoint,mse,all,HLA-B*57:03,spearman,,2,2,False
baseline_plus_conditional_all,peptide_disjoint,mse,all,HLA-B*57:03,pearson_log,,2,2,False
baseline_plus_conditional_all,peptide_disjoint,mse,all,HLA-B*57:03,auc_gt_2h,1.0,2,2,False
baseline_plus_conditional_all,peptide_disjoint,mse,all,HLA-B*58:01,spearman,0.7,5,5,False
baseline_plus_conditional_all,peptide_disjoint,mse,all,HLA-B*58:01,pearson_log,0.8334058818482938,5,5,False
baseline_plus_conditional_all,peptide_disjoint,mse,all,HLA-B*58:01,auc_gt_2h,1.0,5,5,False
baseline_plus_conditional_all,peptide_disjoint,mse,all,HLA-B*81:01,spearman,0.3714285714285715,6,6,False
baseline_plus_conditional_all,peptide_disjoint,mse,all,HLA-B*81:01,pearson_log,0.9047777514045708,6,6,False
baseline_plus_conditional_all,peptide_disjoint,mse,all,HLA-B*81:01,auc_gt_2h,,6,6,False
baseline_plus_conditional_all,peptide_disjoint,mse,nonzero,HLA-A*01:01,spearman,,2,2,False
baseline_plus_conditional_all,peptide_disjoint,mse,nonzero,HLA-A*01:01,pearson_log,,2,2,False
baseline_plus_conditional_all,peptide_disjoint,mse,nonzero,HLA-A*01:01,auc_gt_2h,1.0,2,2,False
baseline_plus_conditional_all,peptide_disjoint,mse,nonzero,HLA-A*02:01,spearman,0.5,3,3,False
baseline_plus_conditional_all,peptide_disjoint,mse,nonzero,HLA-A*02:01,pearson_log,0.06259417335135994,3,3,False
baseline_plus_conditional_all,peptide_disjoint,mse,nonzero,HLA-A*02:01,auc_gt_2h,,3,3,False
baseline_plus_conditional_all,peptide_disjoint,mse,nonzero,HLA-A*02:03,spearman,,1,1,True
baseline_plus_conditional_all,peptide_disjoint,mse,nonzero,HLA-A*02:03,pearson_log,,1,1,True
baseline_plus_conditional_all,peptide_disjoint,mse,nonzero,HLA-A*02:03,auc_gt_2h,,1,1,True
baseline_plus_conditional_all,peptide_disjoint,mse,nonzero,HLA-A*02:05,spearman,0.19999999999999998,5,5,False
baseline_plus_conditional_all,peptide_disjoint,mse,nonzero,HLA-A*02:05,pearson_log,-0.05039879295123301,5,5,False
baseline_plus_conditional_all,peptide_disjoint,mse,nonzero,HLA-A*02:05,auc_gt_2h,0.3333333333333333,5,5,False
baseline_plus_conditional_all,peptide_disjoint,mse,nonzero,HLA-A*02:10,spearman,,2,2,False
baseline_plus_conditional_all,peptide_disjoint,mse,nonzero,HLA-A*02:10,pearson_log,,2,2,False
baseline_plus_conditional_all,peptide_disjoint,mse,nonzero,HLA-A*02:10,auc_gt_2h,1.0,2,2,False
baseline_plus_conditional_all,peptide_disjoint,mse,nonzero,HLA-A*02:11,spearman,,2,2,False
baseline_plus_conditional_all,peptide_disjoint,mse,nonzero,HLA-A*02:11,pearson_log,,2,2,False
baseline_plus_conditional_all,peptide_disjoint,mse,nonzero,HLA-A*02:11,auc_gt_2h,,2,2,False
baseline_plus_conditional_all,peptide_disjoint,mse,nonzero,HLA-A*02:12,spearman,1.0,4,4,False
baseline_plus_conditional_all,peptide_disjoint,mse,nonzero,HLA-A*02:12,pearson_log,0.8520529760349559,4,4,False
baseline_plus_conditional_all,peptide_disjoint,mse,nonzero,HLA-A*02:12,auc_gt_2h,1.0,4,4,False
baseline_plus_conditional_all,peptide_disjoint,mse,nonzero,HLA-A*02:19,spearman,0.19999999999999998,5,5,False
baseline_plus_conditional_all,peptide_disjoint,mse,nonzero,HLA-A*02:19,pearson_log,-0.24027525422052542,5,5,False
baseline_plus_conditional_all,peptide_disjoint,mse,nonzero,HLA-A*02:19,auc_gt_2h,0.5,5,5,False
baseline_plus_conditional_all,peptide_disjoint,mse,nonzero,HLA-A*02:50,spearman,0.7999999999999999,4,4,False
baseline_plus_conditional_all,peptide_disjoint,mse,nonzero,HLA-A*02:50,pearson_log,0.619582094677445,4,4,False
baseline_plus_conditional_all,peptide_disjoint,mse,nonzero,HLA-A*02:50,auc_gt_2h,,4,4,False
baseline_plus_conditional_all,peptide_disjoint,mse,nonzero,HLA-A*03:01,spearman,-0.3,5,5,False
baseline_plus_conditional_all,peptide_disjoint,mse,nonzero,HLA-A*03:01,pearson_log,-0.14072732769563592,5,5,False
baseline_plus_conditional_all,peptide_disjoint,mse,nonzero,HLA-A*03:01,auc_gt_2h,0.25,5,5,False
baseline_plus_conditional_all,peptide_disjoint,mse,nonzero,HLA-A*11:01,spearman,,1,1,True
baseline_plus_conditional_all,peptide_disjoint,mse,nonzero,HLA-A*11:01,pearson_log,,1,1,True
baseline_plus_conditional_all,peptide_disjoint,mse,nonzero,HLA-A*11:01,auc_gt_2h,,1,1,True
baseline_plus_conditional_all,peptide_disjoint,mse,nonzero,HLA-A*23:01,spearman,,2,2,False
baseline_plus_conditional_all,peptide_disjoint,mse,nonzero,HLA-A*23:01,pearson_log,,2,2,False
baseline_plus_conditional_all,peptide_disjoint,mse,nonzero,HLA-A*23:01,auc_gt_2h,0.0,2,2,False
baseline_plus_conditional_all,peptide_disjoint,mse,nonzero,HLA-A*24:02,spearman,-0.39999999999999997,4,4,False
baseline_plus_conditional_all,peptide_disjoint,mse,nonzero,HLA-A*24:02,pearson_log,0.16593229047892152,4,4,False
baseline_plus_conditional_all,peptide_disjoint,mse,nonzero,HLA-A*24:02,auc_gt_2h,0.5,4,4,False
baseline_plus_conditional_all,peptide_disjoint,mse,nonzero,HLA-A*24:03,spearman,,2,2,False
baseline_plus_conditional_all,peptide_disjoint,mse,nonzero,HLA-A*24:03,pearson_log,,2,2,False
baseline_plus_conditional_all,peptide_disjoint,mse,nonzero,HLA-A*24:03,auc_gt_2h,,2,2,False
baseline_plus_conditional_all,peptide_disjoint,mse,nonzero,HLA-A*24:07,spearman,,2,2,False
baseline_plus_conditional_all,peptide_disjoint,mse,nonzero,HLA-A*24:07,pearson_log,,2,2,False
baseline_plus_conditional_all,peptide_disjoint,mse,nonzero,HLA-A*24:07,auc_gt_2h,0.0,2,2,False
baseline_plus_conditional_all,peptide_disjoint,mse,nonzero,HLA-A*24:19,spearman,,2,2,False
baseline_plus_conditional_all,peptide_disjoint,mse,nonzero,HLA-A*24:19,pearson_log,,2,2,False
baseline_plus_conditional_all,peptide_disjoint,mse,nonzero,HLA-A*24:19,auc_gt_2h,,2,2,False
baseline_plus_conditional_all,peptide_disjoint,mse,nonzero,HLA-A*26:01,spearman,-0.5,3,3,False
baseline_plus_conditional_all,peptide_disjoint,mse,nonzero,HLA-A*26:01,pearson_log,-0.5484031767309125,3,3,False
baseline_plus_conditional_all,peptide_disjoint,mse,nonzero,HLA-A*26:01,auc_gt_2h,,3,3,False
baseline_plus_conditional_all,peptide_disjoint,mse,nonzero,HLA-A*26:02,spearman,,2,2,False
baseline_plus_conditional_all,peptide_disjoint,mse,nonzero,HLA-A*26:02,pearson_log,,2,2,False
baseline_plus_conditional_all,peptide_disjoint,mse,nonzero,HLA-A*26:02,auc_gt_2h,,2,2,False
baseline_plus_conditional_all,peptide_disjoint,mse,nonzero,HLA-A*29:02,spearman,0.8999999999999998,5,5,False
baseline_plus_conditional_all,peptide_disjoint,mse,nonzero,HLA-A*29:02,pearson_log,0.8253318709905619,5,5,False
baseline_plus_conditional_all,peptide_disjoint,mse,nonzero,HLA-A*29:02,auc_gt_2h,1.0,5,5,False
baseline_plus_conditional_all,peptide_disjoint,mse,nonzero,HLA-A*30:01,spearman,,2,2,False
baseline_plus_conditional_all,peptide_disjoint,mse,nonzero,HLA-A*30:01,pearson_log,,2,2,False
baseline_plus_conditional_all,peptide_disjoint,mse,nonzero,HLA-A*30:01,auc_gt_2h,,2,2,False
baseline_plus_conditional_all,peptide_disjoint,mse,nonzero,HLA-A*30:02,spearman,,1,1,True
baseline_plus_conditional_all,peptide_disjoint,mse,nonzero,HLA-A*30:02,pearson_log,,1,1,True
baseline_plus_conditional_all,peptide_disjoint,mse,nonzero,HLA-A*30:02,auc_gt_2h,,1,1,True
baseline_plus_conditional_all,peptide_disjoint,mse,nonzero,HLA-A*31:01,spearman,0.0,3,3,False
baseline_plus_conditional_all,peptide_disjoint,mse,nonzero,HLA-A*31:01,pearson_log,0.10187395566134091,3,3,False
baseline_plus_conditional_all,peptide_disjoint,mse,nonzero,HLA-A*31:01,auc_gt_2h,,3,3,False
baseline_plus_conditional_all,peptide_disjoint,mse,nonzero,HLA-A*32:01,spearman,-1.0,3,3,False
baseline_plus_conditional_all,peptide_disjoint,mse,nonzero,HLA-A*32:01,pearson_log,-0.9394218031996049,3,3,False
baseline_plus_conditional_all,peptide_disjoint,mse,nonzero,HLA-A*32:01,auc_gt_2h,0.0,3,3,False
baseline_plus_conditional_all,peptide_disjoint,mse,nonzero,HLA-A*32:07,spearman,,2,2,False
baseline_plus_conditional_all,peptide_disjoint,mse,nonzero,HLA-A*32:07,pearson_log,,2,2,False
baseline_plus_conditional_all,peptide_disjoint,mse,nonzero,HLA-A*32:07,auc_gt_2h,1.0,2,2,False
baseline_plus_conditional_all,peptide_disjoint,mse,nonzero,HLA-A*33:03,spearman,,1,1,True
baseline_plus_conditional_all,peptide_disjoint,mse,nonzero,HLA-A*33:03,pearson_log,,1,1,True
baseline_plus_conditional_all,peptide_disjoint,mse,nonzero,HLA-A*33:03,auc_gt_2h,,1,1,True
baseline_plus_conditional_all,peptide_disjoint,mse,nonzero,HLA-A*43:01,spearman,0.6000000000000001,4,4,False
baseline_plus_conditional_all,peptide_disjoint,mse,nonzero,HLA-A*43:01,pearson_log,0.7799140996013028,4,4,False
baseline_plus_conditional_all,peptide_disjoint,mse,nonzero,HLA-A*43:01,auc_gt_2h,0.6666666666666667,4,4,False
baseline_plus_conditional_all,peptide_disjoint,mse,nonzero,HLA-A*66:01,spearman,,1,1,True
baseline_plus_conditional_all,peptide_disjoint,mse,nonzero,HLA-A*66:01,pearson_log,,1,1,True
baseline_plus_conditional_all,peptide_disjoint,mse,nonzero,HLA-A*66:01,auc_gt_2h,,1,1,True
baseline_plus_conditional_all,peptide_disjoint,mse,nonzero,HLA-A*68:01,spearman,-0.5,3,3,False
baseline_plus_conditional_all,peptide_disjoint,mse,nonzero,HLA-A*68:01,pearson_log,-0.4392234748218603,3,3,False
baseline_plus_conditional_all,peptide_disjoint,mse,nonzero,HLA-A*68:01,auc_gt_2h,0.0,3,3,False
baseline_plus_conditional_all,peptide_disjoint,mse,nonzero,HLA-A*68:02,spearman,0.49999999999999994,5,5,False
baseline_plus_conditional_all,peptide_disjoint,mse,nonzero,HLA-A*68:02,pearson_log,0.46927394558715807,5,5,False
baseline_plus_conditional_all,peptide_disjoint,mse,nonzero,HLA-A*68:02,auc_gt_2h,,5,5,False
baseline_plus_conditional_all,peptide_disjoint,mse,nonzero,HLA-A*68:23,spearman,-0.632455532033676,4,4,False
baseline_plus_conditional_all,peptide_disjoint,mse,nonzero,HLA-A*68:23,pearson_log,-0.6465063644812992,4,4,False
baseline_plus_conditional_all,peptide_disjoint,mse,nonzero,HLA-A*68:23,auc_gt_2h,,4,4,False
baseline_plus_conditional_all,peptide_disjoint,mse,nonzero,HLA-A*69:01,spearman,0.7378647873726218,4,4,False
baseline_plus_conditional_all,peptide_disjoint,mse,nonzero,HLA-A*69:01,pearson_log,0.6422256714282693,4,4,False
baseline_plus_conditional_all,peptide_disjoint,mse,nonzero,HLA-A*69:01,auc_gt_2h,,4,4,False
baseline_plus_conditional_all,peptide_disjoint,mse,nonzero,HLA-A*80:01,spearman,,2,2,False
baseline_plus_conditional_all,peptide_disjoint,mse,nonzero,HLA-A*80:01,pearson_log,,2,2,False
baseline_plus_conditional_all,peptide_disjoint,mse,nonzero,HLA-A*80:01,auc_gt_2h,,2,2,False
baseline_plus_conditional_all,peptide_disjoint,mse,nonzero,HLA-B*07:02,spearman,0.47434164902525683,5,5,False
baseline_plus_conditional_all,peptide_disjoint,mse,nonzero,HLA-B*07:02,pearson_log,0.5631667242941658,5,5,False
baseline_plus_conditional_all,peptide_disjoint,mse,nonzero,HLA-B*07:02,auc_gt_2h,0.8333333333333333,5,5,False
baseline_plus_conditional_all,peptide_disjoint,mse,nonzero,HLA-B*08:01,spearman,,2,2,False
baseline_plus_conditional_all,peptide_disjoint,mse,nonzero,HLA-B*08:01,pearson_log,,2,2,False
baseline_plus_conditional_all,peptide_disjoint,mse,nonzero,HLA-B*08:01,auc_gt_2h,,2,2,False
baseline_plus_conditional_all,peptide_disjoint,mse,nonzero,HLA-B*08:03,spearman,,2,2,False
baseline_plus_conditional_all,peptide_disjoint,mse,nonzero,HLA-B*08:03,pearson_log,,2,2,False
baseline_plus_conditional_all,peptide_disjoint,mse,nonzero,HLA-B*08:03,auc_gt_2h,1.0,2,2,False
baseline_plus_conditional_all,peptide_disjoint,mse,nonzero,HLA-B*13:02,spearman,,1,1,True
baseline_plus_conditional_all,peptide_disjoint,mse,nonzero,HLA-B*13:02,pearson_log,,1,1,True
baseline_plus_conditional_all,peptide_disjoint,mse,nonzero,HLA-B*13:02,auc_gt_2h,,1,1,True
baseline_plus_conditional_all,peptide_disjoint,mse,nonzero,HLA-B*15:01,spearman,-0.39999999999999997,4,4,False
baseline_plus_conditional_all,peptide_disjoint,mse,nonzero,HLA-B*15:01,pearson_log,-0.3628381541230036,4,4,False
baseline_plus_conditional_all,peptide_disjoint,mse,nonzero,HLA-B*15:01,auc_gt_2h,0.0,4,4,False
baseline_plus_conditional_all,peptide_disjoint,mse,nonzero,HLA-B*15:10,spearman,,2,2,False
baseline_plus_conditional_all,peptide_disjoint,mse,nonzero,HLA-B*15:10,pearson_log,,2,2,False
baseline_plus_conditional_all,peptide_disjoint,mse,nonzero,HLA-B*15:10,auc_gt_2h,0.0,2,2,False
baseline_plus_conditional_all,peptide_disjoint,mse,nonzero,HLA-B*18:01,spearman,,2,2,False
baseline_plus_conditional_all,peptide_disjoint,mse,nonzero,HLA-B*18:01,pearson_log,,2,2,False
baseline_plus_conditional_all,peptide_disjoint,mse,nonzero,HLA-B*18:01,auc_gt_2h,,2,2,False
baseline_plus_conditional_all,peptide_disjoint,mse,nonzero,HLA-B*27:02,spearman,0.5,3,3,False
baseline_plus_conditional_all,peptide_disjoint,mse,nonzero,HLA-B*27:02,pearson_log,0.7884905027281776,3,3,False
baseline_plus_conditional_all,peptide_disjoint,mse,nonzero,HLA-B*27:02,auc_gt_2h,1.0,3,3,False
baseline_plus_conditional_all,peptide_disjoint,mse,nonzero,HLA-B*27:03,spearman,,2,2,False
baseline_plus_conditional_all,peptide_disjoint,mse,nonzero,HLA-B*27:03,pearson_log,,2,2,False
baseline_plus_conditional_all,peptide_disjoint,mse,nonzero,HLA-B*27:03,auc_gt_2h,,2,2,False
baseline_plus_conditional_all,peptide_disjoint,mse,nonzero,HLA-B*27:05,spearman,,1,1,True
baseline_plus_conditional_all,peptide_disjoint,mse,nonzero,HLA-B*27:05,pearson_log,,1,1,True
baseline_plus_conditional_all,peptide_disjoint,mse,nonzero,HLA-B*27:05,auc_gt_2h,,1,1,True
baseline_plus_conditional_all,peptide_disjoint,mse,nonzero,HLA-B*27:20,spearman,-1.0,3,3,False
baseline_plus_conditional_all,peptide_disjoint,mse,nonzero,HLA-B*27:20,pearson_log,-0.8130071027107114,3,3,False
baseline_plus_conditional_all,peptide_disjoint,mse,nonzero,HLA-B*27:20,auc_gt_2h,0.0,3,3,False
baseline_plus_conditional_all,peptide_disjoint,mse,nonzero,HLA-B*35:01,spearman,,1,1,True
baseline_plus_conditional_all,peptide_disjoint,mse,nonzero,HLA-B*35:01,pearson_log,,1,1,True
baseline_plus_conditional_all,peptide_disjoint,mse,nonzero,HLA-B*35:01,auc_gt_2h,,1,1,True
baseline_plus_conditional_all,peptide_disjoint,mse,nonzero,HLA-B*35:03,spearman,,2,2,False
baseline_plus_conditional_all,peptide_disjoint,mse,nonzero,HLA-B*35:03,pearson_log,,2,2,False
baseline_plus_conditional_all,peptide_disjoint,mse,nonzero,HLA-B*35:03,auc_gt_2h,1.0,2,2,False
baseline_plus_conditional_all,peptide_disjoint,mse,nonzero,HLA-B*35:08,spearman,0.8660254037844387,3,3,False
baseline_plus_conditional_all,peptide_disjoint,mse,nonzero,HLA-B*35:08,pearson_log,0.8261739241381221,3,3,False
baseline_plus_conditional_all,peptide_disjoint,mse,nonzero,HLA-B*35:08,auc_gt_2h,1.0,3,3,False
baseline_plus_conditional_all,peptide_disjoint,mse,nonzero,HLA-B*39:01,spearman,0.7378647873726218,4,4,False
baseline_plus_conditional_all,peptide_disjoint,mse,nonzero,HLA-B*39:01,pearson_log,0.15454714314194706,4,4,False
baseline_plus_conditional_all,peptide_disjoint,mse,nonzero,HLA-B*39:01,auc_gt_2h,0.6666666666666667,4,4,False
baseline_plus_conditional_all,peptide_disjoint,mse,nonzero,HLA-B*39:02,spearman,,1,1,True
baseline_plus_conditional_all,peptide_disjoint,mse,nonzero,HLA-B*39:02,pearson_log,,1,1,True
baseline_plus_conditional_all,peptide_disjoint,mse,nonzero,HLA-B*39:02,auc_gt_2h,,1,1,True
baseline_plus_conditional_all,peptide_disjoint,mse,nonzero,HLA-B*39:06(C67S),spearman,,1,1,True
baseline_plus_conditional_all,peptide_disjoint,mse,nonzero,HLA-B*39:06(C67S),pearson_log,,1,1,True
baseline_plus_conditional_all,peptide_disjoint,mse,nonzero,HLA-B*39:06(C67S),auc_gt_2h,,1,1,True
baseline_plus_conditional_all,peptide_disjoint,mse,nonzero,HLA-B*39:10,spearman,,1,1,True
baseline_plus_conditional_all,peptide_disjoint,mse,nonzero,HLA-B*39:10,pearson_log,,1,1,True
baseline_plus_conditional_all,peptide_disjoint,mse,nonzero,HLA-B*39:10,auc_gt_2h,,1,1,True
baseline_plus_conditional_all,peptide_disjoint,mse,nonzero,HLA-B*40:01,spearman,,2,2,False
baseline_plus_conditional_all,peptide_disjoint,mse,nonzero,HLA-B*40:01,pearson_log,,2,2,False
baseline_plus_conditional_all,peptide_disjoint,mse,nonzero,HLA-B*40:01,auc_gt_2h,,2,2,False
baseline_plus_conditional_all,peptide_disjoint,mse,nonzero,HLA-B*40:02,spearman,,2,2,False
baseline_plus_conditional_all,peptide_disjoint,mse,nonzero,HLA-B*40:02,pearson_log,,2,2,False
baseline_plus_conditional_all,peptide_disjoint,mse,nonzero,HLA-B*40:02,auc_gt_2h,0.0,2,2,False
baseline_plus_conditional_all,peptide_disjoint,mse,nonzero,HLA-B*41:01,spearman,,2,2,False
baseline_plus_conditional_all,peptide_disjoint,mse,nonzero,HLA-B*41:01,pearson_log,,2,2,False
baseline_plus_conditional_all,peptide_disjoint,mse,nonzero,HLA-B*41:01,auc_gt_2h,,2,2,False
baseline_plus_conditional_all,peptide_disjoint,mse,nonzero,HLA-B*42:01,spearman,,1,1,True
baseline_plus_conditional_all,peptide_disjoint,mse,nonzero,HLA-B*42:01,pearson_log,,1,1,True
baseline_plus_conditional_all,peptide_disjoint,mse,nonzero,HLA-B*42:01,auc_gt_2h,,1,1,True
baseline_plus_conditional_all,peptide_disjoint,mse,nonzero,HLA-B*42:02,spearman,0.5,3,3,False
baseline_plus_conditional_all,peptide_disjoint,mse,nonzero,HLA-B*42:02,pearson_log,-0.037228655080204676,3,3,False
baseline_plus_conditional_all,peptide_disjoint,mse,nonzero,HLA-B*42:02,auc_gt_2h,1.0,3,3,False
baseline_plus_conditional_all,peptide_disjoint,mse,nonzero,HLA-B*44:05,spearman,,1,1,True
baseline_plus_conditional_all,peptide_disjoint,mse,nonzero,HLA-B*44:05,pearson_log,,1,1,True
baseline_plus_conditional_all,peptide_disjoint,mse,nonzero,HLA-B*44:05,auc_gt_2h,,1,1,True
baseline_plus_conditional_all,peptide_disjoint,mse,nonzero,HLA-B*51:01,spearman,,1,1,True
baseline_plus_conditional_all,peptide_disjoint,mse,nonzero,HLA-B*51:01,pearson_log,,1,1,True
baseline_plus_conditional_all,peptide_disjoint,mse,nonzero,HLA-B*51:01,auc_gt_2h,,1,1,True
baseline_plus_conditional_all,peptide_disjoint,mse,nonzero,HLA-B*54:01,spearman,0.7999999999999999,4,4,False
baseline_plus_conditional_all,peptide_disjoint,mse,nonzero,HLA-B*54:01,pearson_log,0.910454093354971,4,4,False
baseline_plus_conditional_all,peptide_disjoint,mse,nonzero,HLA-B*54:01,auc_gt_2h,1.0,4,4,False
baseline_plus_conditional_all,peptide_disjoint,mse,nonzero,HLA-B*56:01,spearman,,2,2,False
baseline_plus_conditional_all,peptide_disjoint,mse,nonzero,HLA-B*56:01,pearson_log,,2,2,False
baseline_plus_conditional_all,peptide_disjoint,mse,nonzero,HLA-B*56:01,auc_gt_2h,,2,2,False
baseline_plus_conditional_all,peptide_disjoint,mse,nonzero,HLA-B*57:01,spearman,,1,1,True
baseline_plus_conditional_all,peptide_disjoint,mse,nonzero,HLA-B*57:01,pearson_log,,1,1,True
baseline_plus_conditional_all,peptide_disjoint,mse,nonzero,HLA-B*57:01,auc_gt_2h,,1,1,True
baseline_plus_conditional_all,peptide_disjoint,mse,nonzero,HLA-B*57:02,spearman,-0.5,3,3,False
baseline_plus_conditional_all,peptide_disjoint,mse,nonzero,HLA-B*57:02,pearson_log,-0.2608913314479088,3,3,False
baseline_plus_conditional_all,peptide_disjoint,mse,nonzero,HLA-B*57:02,auc_gt_2h,,3,3,False
baseline_plus_conditional_all,peptide_disjoint,mse,nonzero,HLA-B*57:03,spearman,,2,2,False
baseline_plus_conditional_all,peptide_disjoint,mse,nonzero,HLA-B*57:03,pearson_log,,2,2,False
baseline_plus_conditional_all,peptide_disjoint,mse,nonzero,HLA-B*57:03,auc_gt_2h,1.0,2,2,False
baseline_plus_conditional_all,peptide_disjoint,mse,nonzero,HLA-B*58:01,spearman,0.7,5,5,False
baseline_plus_conditional_all,peptide_disjoint,mse,nonzero,HLA-B*58:01,pearson_log,0.8334058818482938,5,5,False
baseline_plus_conditional_all,peptide_disjoint,mse,nonzero,HLA-B*58:01,auc_gt_2h,1.0,5,5,False
baseline_plus_conditional_all,peptide_disjoint,mse,nonzero,HLA-B*81:01,spearman,-0.09999999999999999,5,5,False
baseline_plus_conditional_all,peptide_disjoint,mse,nonzero,HLA-B*81:01,pearson_log,0.37871817759781723,5,5,False
baseline_plus_conditional_all,peptide_disjoint,mse,nonzero,HLA-B*81:01,auc_gt_2h,,5,5,False
baseline_plus_conditional_all,random,mse,all,HLA-A*01:01,spearman,1.0,3,3,False
baseline_plus_conditional_all,random,mse,all,HLA-A*01:01,pearson_log,0.8274873409367968,3,3,False
baseline_plus_conditional_all,random,mse,all,HLA-A*01:01,auc_gt_2h,,3,3,False
baseline_plus_conditional_all,random,mse,all,HLA-A*02:01,spearman,0.5,3,3,False
baseline_plus_conditional_all,random,mse,all,HLA-A*02:01,pearson_log,-0.055834859671767656,3,3,False
baseline_plus_conditional_all,random,mse,all,HLA-A*02:01,auc_gt_2h,,3,3,False
baseline_plus_conditional_all,random,mse,all,HLA-A*02:03,spearman,-0.5,3,3,False
baseline_plus_conditional_all,random,mse,all,HLA-A*02:03,pearson_log,-0.211260895762856,3,3,False
baseline_plus_conditional_all,random,mse,all,HLA-A*02:03,auc_gt_2h,0.5,3,3,False
baseline_plus_conditional_all,random,mse,all,HLA-A*02:05,spearman,0.5,3,3,False
baseline_plus_conditional_all,random,mse,all,HLA-A*02:05,pearson_log,0.06202669726594884,3,3,False
baseline_plus_conditional_all,random,mse,all,HLA-A*02:05,auc_gt_2h,,3,3,False
baseline_plus_conditional_all,random,mse,all,HLA-A*02:10,spearman,0.5,3,3,False
baseline_plus_conditional_all,random,mse,all,HLA-A*02:10,pearson_log,0.3633550674419517,3,3,False
baseline_plus_conditional_all,random,mse,all,HLA-A*02:10,auc_gt_2h,1.0,3,3,False
baseline_plus_conditional_all,random,mse,all,HLA-A*02:11,spearman,-1.0,3,3,False
baseline_plus_conditional_all,random,mse,all,HLA-A*02:11,pearson_log,-0.9601749979516357,3,3,False
baseline_plus_conditional_all,random,mse,all,HLA-A*02:11,auc_gt_2h,,3,3,False
baseline_plus_conditional_all,random,mse,all,HLA-A*02:12,spearman,-1.0,3,3,False
baseline_plus_conditional_all,random,mse,all,HLA-A*02:12,pearson_log,-0.9191918090551111,3,3,False
baseline_plus_conditional_all,random,mse,all,HLA-A*02:12,auc_gt_2h,,3,3,False
baseline_plus_conditional_all,random,mse,all,HLA-A*02:16,spearman,-0.5,3,3,False
baseline_plus_conditional_all,random,mse,all,HLA-A*02:16,pearson_log,-0.1620623210099867,3,3,False
baseline_plus_conditional_all,random,mse,all,HLA-A*02:16,auc_gt_2h,0.0,3,3,False
baseline_plus_conditional_all,random,mse,all,HLA-A*02:19,spearman,0.5,3,3,False
baseline_plus_conditional_all,random,mse,all,HLA-A*02:19,pearson_log,0.6289453472723333,3,3,False
baseline_plus_conditional_all,random,mse,all,HLA-A*02:19,auc_gt_2h,,3,3,False
baseline_plus_conditional_all,random,mse,all,HLA-A*02:50,spearman,-0.5,3,3,False
baseline_plus_conditional_all,random,mse,all,HLA-A*02:50,pearson_log,-0.48805284504568774,3,3,False
baseline_plus_conditional_all,random,mse,all,HLA-A*02:50,auc_gt_2h,,3,3,False
baseline_plus_conditional_all,random,mse,all,HLA-A*03:01,spearman,-0.5,3,3,False
baseline_plus_conditional_all,random,mse,all,HLA-A*03:01,pearson_log,-0.6962133595206508,3,3,False
baseline_plus_conditional_all,random,mse,all,HLA-A*03:01,auc_gt_2h,0.5,3,3,False
baseline_plus_conditional_all,random,mse,all,HLA-A*11:01,spearman,0.5,3,3,False
baseline_plus_conditional_all,random,mse,all,HLA-A*11:01,pearson_log,0.727594867147677,3,3,False
baseline_plus_conditional_all,random,mse,all,HLA-A*11:01,auc_gt_2h,1.0,3,3,False
baseline_plus_conditional_all,random,mse,all,HLA-A*23:01,spearman,-1.0,3,3,False
baseline_plus_conditional_all,random,mse,all,HLA-A*23:01,pearson_log,-0.9746592897774113,3,3,False
baseline_plus_conditional_all,random,mse,all,HLA-A*23:01,auc_gt_2h,0.0,3,3,False
baseline_plus_conditional_all,random,mse,all,HLA-A*24:02,spearman,-0.5,3,3,False
baseline_plus_conditional_all,random,mse,all,HLA-A*24:02,pearson_log,-0.40463774227878857,3,3,False
baseline_plus_conditional_all,random,mse,all,HLA-A*24:02,auc_gt_2h,0.0,3,3,False
baseline_plus_conditional_all,random,mse,all,HLA-A*24:03,spearman,1.0,3,3,False
baseline_plus_conditional_all,random,mse,all,HLA-A*24:03,pearson_log,0.7665439284303849,3,3,False
baseline_plus_conditional_all,random,mse,all,HLA-A*24:03,auc_gt_2h,1.0,3,3,False
baseline_plus_conditional_all,random,mse,all,HLA-A*24:07,spearman,-0.5,3,3,False
baseline_plus_conditional_all,random,mse,all,HLA-A*24:07,pearson_log,-0.7491430892895218,3,3,False
baseline_plus_conditional_all,random,mse,all,HLA-A*24:07,auc_gt_2h,,3,3,False
baseline_plus_conditional_all,random,mse,all,HLA-A*24:19,spearman,0.5,3,3,False
baseline_plus_conditional_all,random,mse,all,HLA-A*24:19,pearson_log,0.7055792588722829,3,3,False
baseline_plus_conditional_all,random,mse,all,HLA-A*24:19,auc_gt_2h,,3,3,False
baseline_plus_conditional_all,random,mse,all,HLA-A*25:01,spearman,0.0,3,3,False
baseline_plus_conditional_all,random,mse,all,HLA-A*25:01,pearson_log,-0.23201701907388275,3,3,False
baseline_plus_conditional_all,random,mse,all,HLA-A*25:01,auc_gt_2h,,3,3,False
baseline_plus_conditional_all,random,mse,all,HLA-A*26:01,spearman,-0.5,3,3,False
baseline_plus_conditional_all,random,mse,all,HLA-A*26:01,pearson_log,-0.18254916110635022,3,3,False
baseline_plus_conditional_all,random,mse,all,HLA-A*26:01,auc_gt_2h,,3,3,False
baseline_plus_conditional_all,random,mse,all,HLA-A*26:02,spearman,-0.5,3,3,False
baseline_plus_conditional_all,random,mse,all,HLA-A*26:02,pearson_log,-0.9766538602510627,3,3,False
baseline_plus_conditional_all,random,mse,all,HLA-A*26:02,auc_gt_2h,0.0,3,3,False
baseline_plus_conditional_all,random,mse,all,HLA-A*26:03,spearman,-0.8660254037844387,3,3,False
baseline_plus_conditional_all,random,mse,all,HLA-A*26:03,pearson_log,-0.6736441076051668,3,3,False
baseline_plus_conditional_all,random,mse,all,HLA-A*26:03,auc_gt_2h,,3,3,False
baseline_plus_conditional_all,random,mse,all,HLA-A*29:02,spearman,0.5,3,3,False
baseline_plus_conditional_all,random,mse,all,HLA-A*29:02,pearson_log,0.4742797300909599,3,3,False
baseline_plus_conditional_all,random,mse,all,HLA-A*29:02,auc_gt_2h,1.0,3,3,False
baseline_plus_conditional_all,random,mse,all,HLA-A*30:01,spearman,-0.5,3,3,False
baseline_plus_conditional_all,random,mse,all,HLA-A*30:01,pearson_log,0.16529767053104394,3,3,False
baseline_plus_conditional_all,random,mse,all,HLA-A*30:01,auc_gt_2h,0.5,3,3,False
baseline_plus_conditional_all,random,mse,all,HLA-A*30:02,spearman,0.5,3,3,False
baseline_plus_conditional_all,random,mse,all,HLA-A*30:02,pearson_log,0.054071421178145895,3,3,False
baseline_plus_conditional_all,random,mse,all,HLA-A*30:02,auc_gt_2h,0.5,3,3,False
baseline_plus_conditional_all,random,mse,all,HLA-A*31:01,spearman,1.0,3,3,False
baseline_plus_conditional_all,random,mse,all,HLA-A*31:01,pearson_log,0.9999929534578835,3,3,False
baseline_plus_conditional_all,random,mse,all,HLA-A*31:01,auc_gt_2h,1.0,3,3,False
baseline_plus_conditional_all,random,mse,all,HLA-A*32:01,spearman,-0.5,3,3,False
baseline_plus_conditional_all,random,mse,all,HLA-A*32:01,pearson_log,0.0482622544806382,3,3,False
baseline_plus_conditional_all,random,mse,all,HLA-A*32:01,auc_gt_2h,0.5,3,3,False
baseline_plus_conditional_all,random,mse,all,HLA-A*32:07,spearman,0.5,3,3,False
baseline_plus_conditional_all,random,mse,all,HLA-A*32:07,pearson_log,-0.3341771327223506,3,3,False
baseline_plus_conditional_all,random,mse,all,HLA-A*32:07,auc_gt_2h,0.5,3,3,False
baseline_plus_conditional_all,random,mse,all,HLA-A*33:03,spearman,0.5,3,3,False
baseline_plus_conditional_all,random,mse,all,HLA-A*33:03,pearson_log,0.07694787098797123,3,3,False
baseline_plus_conditional_all,random,mse,all,HLA-A*33:03,auc_gt_2h,0.5,3,3,False
baseline_plus_conditional_all,random,mse,all,HLA-A*43:01,spearman,0.5,3,3,False
baseline_plus_conditional_all,random,mse,all,HLA-A*43:01,pearson_log,0.2623080203422046,3,3,False
baseline_plus_conditional_all,random,mse,all,HLA-A*43:01,auc_gt_2h,0.5,3,3,False
baseline_plus_conditional_all,random,mse,all,HLA-A*66:01,spearman,-1.0,3,3,False
baseline_plus_conditional_all,random,mse,all,HLA-A*66:01,pearson_log,-0.9942766285892299,3,3,False
baseline_plus_conditional_all,random,mse,all,HLA-A*66:01,auc_gt_2h,,3,3,False
baseline_plus_conditional_all,random,mse,all,HLA-A*68:01,spearman,-1.0,3,3,False
baseline_plus_conditional_all,random,mse,all,HLA-A*68:01,pearson_log,-0.7840823514644073,3,3,False
baseline_plus_conditional_all,random,mse,all,HLA-A*68:01,auc_gt_2h,0.0,3,3,False
baseline_plus_conditional_all,random,mse,all,HLA-A*68:02,spearman,-0.5,3,3,False
baseline_plus_conditional_all,random,mse,all,HLA-A*68:02,pearson_log,-0.6878668014923959,3,3,False
baseline_plus_conditional_all,random,mse,all,HLA-A*68:02,auc_gt_2h,0.0,3,3,False
baseline_plus_conditional_all,random,mse,all,HLA-A*68:23,spearman,,2,2,False
baseline_plus_conditional_all,random,mse,all,HLA-A*68:23,pearson_log,,2,2,False
baseline_plus_conditional_all,random,mse,all,HLA-A*68:23,auc_gt_2h,,2,2,False
baseline_plus_conditional_all,random,mse,all,HLA-A*69:01,spearman,-0.5,3,3,False
baseline_plus_conditional_all,random,mse,all,HLA-A*69:01,pearson_log,-0.04269517760241931,3,3,False
baseline_plus_conditional_all,random,mse,all,HLA-A*69:01,auc_gt_2h,,3,3,False
baseline_plus_conditional_all,random,mse,all,HLA-A*74:01,spearman,,2,2,False
baseline_plus_conditional_all,random,mse,all,HLA-A*74:01,pearson_log,,2,2,False
baseline_plus_conditional_all,random,mse,all,HLA-A*74:01,auc_gt_2h,,2,2,False
baseline_plus_conditional_all,random,mse,all,HLA-A*80:01,spearman,1.0,3,3,False
baseline_plus_conditional_all,random,mse,all,HLA-A*80:01,pearson_log,0.9875431948821101,3,3,False
baseline_plus_conditional_all,random,mse,all,HLA-A*80:01,auc_gt_2h,1.0,3,3,False
baseline_plus_conditional_all,random,mse,all,HLA-B*07:02,spearman,,2,2,False
baseline_plus_conditional_all,random,mse,all,HLA-B*07:02,pearson_log,,2,2,False
baseline_plus_conditional_all,random,mse,all,HLA-B*07:02,auc_gt_2h,,2,2,False
baseline_plus_conditional_all,random,mse,all,HLA-B*08:01,spearman,0.8660254037844387,3,3,False
baseline_plus_conditional_all,random,mse,all,HLA-B*08:01,pearson_log,0.8201659068649425,3,3,False
baseline_plus_conditional_all,random,mse,all,HLA-B*08:01,auc_gt_2h,,3,3,False
baseline_plus_conditional_all,random,mse,all,HLA-B*08:03,spearman,,2,2,False
baseline_plus_conditional_all,random,mse,all,HLA-B*08:03,pearson_log,,2,2,False
baseline_plus_conditional_all,random,mse,all,HLA-B*08:03,auc_gt_2h,,2,2,False
baseline_plus_conditional_all,random,mse,all,HLA-B*13:02,spearman,,1,1,True
baseline_plus_conditional_all,random,mse,all,HLA-B*13:02,pearson_log,,1,1,True
baseline_plus_conditional_all,random,mse,all,HLA-B*13:02,auc_gt_2h,,1,1,True
baseline_plus_conditional_all,random,mse,all,HLA-B*14:01(C67S),spearman,,2,2,False
baseline_plus_conditional_all,random,mse,all,HLA-B*14:01(C67S),pearson_log,,2,2,False
baseline_plus_conditional_all,random,mse,all,HLA-B*14:01(C67S),auc_gt_2h,,2,2,False
baseline_plus_conditional_all,random,mse,all,HLA-B*14:02(C67S),spearman,,2,2,False
baseline_plus_conditional_all,random,mse,all,HLA-B*14:02(C67S),pearson_log,,2,2,False
baseline_plus_conditional_all,random,mse,all,HLA-B*14:02(C67S),auc_gt_2h,1.0,2,2,False
baseline_plus_conditional_all,random,mse,all,HLA-B*15:01,spearman,0.5,3,3,False
baseline_plus_conditional_all,random,mse,all,HLA-B*15:01,pearson_log,-0.017887255039898742,3,3,False
baseline_plus_conditional_all,random,mse,all,HLA-B*15:01,auc_gt_2h,1.0,3,3,False
baseline_plus_conditional_all,random,mse,all,HLA-B*15:02,spearman,-0.5,3,3,False
baseline_plus_conditional_all,random,mse,all,HLA-B*15:02,pearson_log,-0.9020354420203147,3,3,False
baseline_plus_conditional_all,random,mse,all,HLA-B*15:02,auc_gt_2h,0.5,3,3,False
baseline_plus_conditional_all,random,mse,all,HLA-B*15:10,spearman,,2,2,False
baseline_plus_conditional_all,random,mse,all,HLA-B*15:10,pearson_log,,2,2,False
baseline_plus_conditional_all,random,mse,all,HLA-B*15:10,auc_gt_2h,1.0,2,2,False
baseline_plus_conditional_all,random,mse,all,HLA-B*15:17,spearman,,2,2,False
baseline_plus_conditional_all,random,mse,all,HLA-B*15:17,pearson_log,,2,2,False
baseline_plus_conditional_all,random,mse,all,HLA-B*15:17,auc_gt_2h,0.0,2,2,False
baseline_plus_conditional_all,random,mse,all,HLA-B*18:01,spearman,,2,2,False
baseline_plus_conditional_all,random,mse,all,HLA-B*18:01,pearson_log,,2,2,False
baseline_plus_conditional_all,random,mse,all,HLA-B*18:01,auc_gt_2h,0.0,2,2,False
baseline_plus_conditional_all,random,mse,all,HLA-B*27:02,spearman,,2,2,False
baseline_plus_conditional_all,random,mse,all,HLA-B*27:02,pearson_log,,2,2,False
baseline_plus_conditional_all,random,mse,all,HLA-B*27:02,auc_gt_2h,,2,2,False
baseline_plus_conditional_all,random,mse,all,HLA-B*27:03,spearman,,2,2,False
baseline_plus_conditional_all,random,mse,all,HLA-B*27:03,pearson_log,,2,2,False
baseline_plus_conditional_all,random,mse,all,HLA-B*27:03,auc_gt_2h,,2,2,False
baseline_plus_conditional_all,random,mse,all,HLA-B*27:05,spearman,0.5,3,3,False
baseline_plus_conditional_all,random,mse,all,HLA-B*27:05,pearson_log,0.5359535585359565,3,3,False
baseline_plus_conditional_all,random,mse,all,HLA-B*27:05,auc_gt_2h,0.5,3,3,False
baseline_plus_conditional_all,random,mse,all,HLA-B*27:20,spearman,,2,2,False
baseline_plus_conditional_all,random,mse,all,HLA-B*27:20,pearson_log,,2,2,False
baseline_plus_conditional_all,random,mse,all,HLA-B*27:20,auc_gt_2h,,2,2,False
baseline_plus_conditional_all,random,mse,all,HLA-B*35:01,spearman,,2,2,False
baseline_plus_conditional_all,random,mse,all,HLA-B*35:01,pearson_log,,2,2,False
baseline_plus_conditional_all,random,mse,all,HLA-B*35:01,auc_gt_2h,1.0,2,2,False
baseline_plus_conditional_all,random,mse,all,HLA-B*35:03,spearman,,2,2,False
baseline_plus_conditional_all,random,mse,all,HLA-B*35:03,pearson_log,,2,2,False
baseline_plus_conditional_all,random,mse,all,HLA-B*35:03,auc_gt_2h,0.0,2,2,False
baseline_plus_conditional_all,random,mse,all,HLA-B*35:08,spearman,0.5,3,3,False
baseline_plus_conditional_all,random,mse,all,HLA-B*35:08,pearson_log,0.9391782429449358,3,3,False
baseline_plus_conditional_all,random,mse,all,HLA-B*35:08,auc_gt_2h,1.0,3,3,False
baseline_plus_conditional_all,random,mse,all,HLA-B*39:01,spearman,,2,2,False
baseline_plus_conditional_all,random,mse,all,HLA-B*39:01,pearson_log,,2,2,False
baseline_plus_conditional_all,random,mse,all,HLA-B*39:01,auc_gt_2h,,2,2,False
baseline_plus_conditional_all,random,mse,all,HLA-B*39:02,spearman,0.8660254037844387,3,3,False
baseline_plus_conditional_all,random,mse,all,HLA-B*39:02,pearson_log,0.999963960015232,3,3,False
baseline_plus_conditional_all,random,mse,all,HLA-B*39:02,auc_gt_2h,,3,3,False
baseline_plus_conditional_all,random,mse,all,HLA-B*39:06(C67S),spearman,,3,3,False
baseline_plus_conditional_all,random,mse,all,HLA-B*39:06(C67S),pearson_log,,3,3,False
baseline_plus_conditional_all,random,mse,all,HLA-B*39:06(C67S),auc_gt_2h,,3,3,False
baseline_plus_conditional_all,random,mse,all,HLA-B*39:10,spearman,,2,2,False
baseline_plus_conditional_all,random,mse,all,HLA-B*39:10,pearson_log,,2,2,False
baseline_plus_conditional_all,random,mse,all,HLA-B*39:10,auc_gt_2h,0.0,2,2,False
baseline_plus_conditional_all,random,mse,all,HLA-B*40:01,spearman,0.5,3,3,False
baseline_plus_conditional_all,random,mse,all,HLA-B*40:01,pearson_log,0.38413100907503134,3,3,False
baseline_plus_conditional_all,random,mse,all,HLA-B*40:01,auc_gt_2h,,3,3,False
baseline_plus_conditional_all,random,mse,all,HLA-B*40:02,spearman,1.0,3,3,False
baseline_plus_conditional_all,random,mse,all,HLA-B*40:02,pearson_log,0.7478100582557081,3,3,False
baseline_plus_conditional_all,random,mse,all,HLA-B*40:02,auc_gt_2h,1.0,3,3,False
baseline_plus_conditional_all,random,mse,all,HLA-B*41:01,spearman,-0.5,3,3,False
baseline_plus_conditional_all,random,mse,all,HLA-B*41:01,pearson_log,-0.9882727553490418,3,3,False
baseline_plus_conditional_all,random,mse,all,HLA-B*41:01,auc_gt_2h,,3,3,False
baseline_plus_conditional_all,random,mse,all,HLA-B*42:01,spearman,,2,2,False
baseline_plus_conditional_all,random,mse,all,HLA-B*42:01,pearson_log,,2,2,False
baseline_plus_conditional_all,random,mse,all,HLA-B*42:01,auc_gt_2h,,2,2,False
baseline_plus_conditional_all,random,mse,all,HLA-B*42:02,spearman,-0.5,3,3,False
baseline_plus_conditional_all,random,mse,all,HLA-B*42:02,pearson_log,-0.6971852244734839,3,3,False
baseline_plus_conditional_all,random,mse,all,HLA-B*42:02,auc_gt_2h,0.0,3,3,False
baseline_plus_conditional_all,random,mse,all,HLA-B*44:05,spearman,,2,2,False
baseline_plus_conditional_all,random,mse,all,HLA-B*44:05,pearson_log,,2,2,False
baseline_plus_conditional_all,random,mse,all,HLA-B*44:05,auc_gt_2h,,2,2,False
baseline_plus_conditional_all,random,mse,all,HLA-B*45:01,spearman,0.8660254037844387,3,3,False
baseline_plus_conditional_all,random,mse,all,HLA-B*45:01,pearson_log,0.9902809704808605,3,3,False
baseline_plus_conditional_all,random,mse,all,HLA-B*45:01,auc_gt_2h,,3,3,False
baseline_plus_conditional_all,random,mse,all,HLA-B*46:01,spearman,0.0,3,3,False
baseline_plus_conditional_all,random,mse,all,HLA-B*46:01,pearson_log,0.05164234158096842,3,3,False
baseline_plus_conditional_all,random,mse,all,HLA-B*46:01,auc_gt_2h,,3,3,False
baseline_plus_conditional_all,random,mse,all,HLA-B*51:01,spearman,0.0,3,3,False
baseline_plus_conditional_all,random,mse,all,HLA-B*51:01,pearson_log,-0.42196108330276194,3,3,False
baseline_plus_conditional_all,random,mse,all,HLA-B*51:01,auc_gt_2h,0.5,3,3,False
baseline_plus_conditional_all,random,mse,all,HLA-B*54:01,spearman,1.0,3,3,False
baseline_plus_conditional_all,random,mse,all,HLA-B*54:01,pearson_log,0.9268334591533661,3,3,False
baseline_plus_conditional_all,random,mse,all,HLA-B*54:01,auc_gt_2h,1.0,3,3,False
baseline_plus_conditional_all,random,mse,all,HLA-B*55:01,spearman,,2,2,False
baseline_plus_conditional_all,random,mse,all,HLA-B*55:01,pearson_log,,2,2,False
baseline_plus_conditional_all,random,mse,all,HLA-B*55:01,auc_gt_2h,,2,2,False
baseline_plus_conditional_all,random,mse,all,HLA-B*56:01,spearman,-0.5,3,3,False
baseline_plus_conditional_all,random,mse,all,HLA-B*56:01,pearson_log,-0.6858581596031802,3,3,False
baseline_plus_conditional_all,random,mse,all,HLA-B*56:01,auc_gt_2h,,3,3,False
baseline_plus_conditional_all,random,mse,all,HLA-B*57:01,spearman,,2,2,False
baseline_plus_conditional_all,random,mse,all,HLA-B*57:01,pearson_log,,2,2,False
baseline_plus_conditional_all,random,mse,all,HLA-B*57:01,auc_gt_2h,,2,2,False
baseline_plus_conditional_all,random,mse,all,HLA-B*57:02,spearman,,2,2,False
baseline_plus_conditional_all,random,mse,all,HLA-B*57:02,pearson_log,,2,2,False
baseline_plus_conditional_all,random,mse,all,HLA-B*57:02,auc_gt_2h,,2,2,False
baseline_plus_conditional_all,random,mse,all,HLA-B*57:03,spearman,,2,2,False
baseline_plus_conditional_all,random,mse,all,HLA-B*57:03,pearson_log,,2,2,False
baseline_plus_conditional_all,random,mse,all,HLA-B*57:03,auc_gt_2h,,2,2,False
baseline_plus_conditional_all,random,mse,all,HLA-B*58:01,spearman,-1.0,3,3,False
baseline_plus_conditional_all,random,mse,all,HLA-B*58:01,pearson_log,-0.934529981259971,3,3,False
baseline_plus_conditional_all,random,mse,all,HLA-B*58:01,auc_gt_2h,0.0,3,3,False
baseline_plus_conditional_all,random,mse,all,HLA-B*81:01,spearman,,2,2,False
baseline_plus_conditional_all,random,mse,all,HLA-B*81:01,pearson_log,,2,2,False
baseline_plus_conditional_all,random,mse,all,HLA-B*81:01,auc_gt_2h,,2,2,False
baseline_plus_conditional_all,random,mse,nonzero,HLA-A*01:01,spearman,,2,2,False
baseline_plus_conditional_all,random,mse,nonzero,HLA-A*01:01,pearson_log,,2,2,False
baseline_plus_conditional_all,random,mse,nonzero,HLA-A*01:01,auc_gt_2h,,2,2,False
baseline_plus_conditional_all,random,mse,nonzero,HLA-A*02:01,spearman,0.5,3,3,False
baseline_plus_conditional_all,random,mse,nonzero,HLA-A*02:01,pearson_log,-0.055834859671767656,3,3,False
baseline_plus_conditional_all,random,mse,nonzero,HLA-A*02:01,auc_gt_2h,,3,3,False
baseline_plus_conditional_all,random,mse,nonzero,HLA-A*02:03,spearman,,2,2,False
baseline_plus_conditional_all,random,mse,nonzero,HLA-A*02:03,pearson_log,,2,2,False
baseline_plus_conditional_all,random,mse,nonzero,HLA-A*02:03,auc_gt_2h,1.0,2,2,False
baseline_plus_conditional_all,random,mse,nonzero,HLA-A*02:05,spearman,0.5,3,3,False
baseline_plus_conditional_all,random,mse,nonzero,HLA-A*02:05,pearson_log,0.06202669726594884,3,3,False
baseline_plus_conditional_all,random,mse,nonzero,HLA-A*02:05,auc_gt_2h,,3,3,False
baseline_plus_conditional_all,random,mse,nonzero,HLA-A*02:10,spearman,0.5,3,3,False
baseline_plus_conditional_all,random,mse,nonzero,HLA-A*02:10,pearson_log,0.3633550674419517,3,3,False
baseline_plus_conditional_all,random,mse,nonzero,HLA-A*02:10,auc_gt_2h,1.0,3,3,False
baseline_plus_conditional_all,random,mse,nonzero,HLA-A*02:11,spearman,-1.0,3,3,False
baseline_plus_conditional_all,random,mse,nonzero,HLA-A*02:11,pearson_log,-0.9601749979516357,3,3,False
baseline_plus_conditional_all,random,mse,nonzero,HLA-A*02:11,auc_gt_2h,,3,3,False
baseline_plus_conditional_all,random,mse,nonzero,HLA-A*02:12,spearman,-1.0,3,3,False
baseline_plus_conditional_all,random,mse,nonzero,HLA-A*02:12,pearson_log,-0.9191918090551111,3,3,False
baseline_plus_conditional_all,random,mse,nonzero,HLA-A*02:12,auc_gt_2h,,3,3,False
baseline_plus_conditional_all,random,mse,nonzero,HLA-A*02:16,spearman,-0.5,3,3,False
baseline_plus_conditional_all,random,mse,nonzero,HLA-A*02:16,pearson_log,-0.1620623210099867,3,3,False
baseline_plus_conditional_all,random,mse,nonzero,HLA-A*02:16,auc_gt_2h,0.0,3,3,False
baseline_plus_conditional_all,random,mse,nonzero,HLA-A*02:19,spearman,0.5,3,3,False
baseline_plus_conditional_all,random,mse,nonzero,HLA-A*02:19,pearson_log,0.6289453472723333,3,3,False
baseline_plus_conditional_all,random,mse,nonzero,HLA-A*02:19,auc_gt_2h,,3,3,False
baseline_plus_conditional_all,random,mse,nonzero,HLA-A*02:50,spearman,-0.5,3,3,False
baseline_plus_conditional_all,random,mse,nonzero,HLA-A*02:50,pearson_log,-0.48805284504568774,3,3,False
baseline_plus_conditional_all,random,mse,nonzero,HLA-A*02:50,auc_gt_2h,,3,3,False
baseline_plus_conditional_all,random,mse,nonzero,HLA-A*03:01,spearman,,2,2,False
baseline_plus_conditional_all,random,mse,nonzero,HLA-A*03:01,pearson_log,,2,2,False
baseline_plus_conditional_all,random,mse,nonzero,HLA-A*03:01,auc_gt_2h,1.0,2,2,False
baseline_plus_conditional_all,random,mse,nonzero,HLA-A*11:01,spearman,0.5,3,3,False
baseline_plus_conditional_all,random,mse,nonzero,HLA-A*11:01,pearson_log,0.727594867147677,3,3,False
baseline_plus_conditional_all,random,mse,nonzero,HLA-A*11:01,auc_gt_2h,1.0,3,3,False
baseline_plus_conditional_all,random,mse,nonzero,HLA-A*23:01,spearman,-1.0,3,3,False
baseline_plus_conditional_all,random,mse,nonzero,HLA-A*23:01,pearson_log,-0.9746592897774113,3,3,False
baseline_plus_conditional_all,random,mse,nonzero,HLA-A*23:01,auc_gt_2h,0.0,3,3,False
baseline_plus_conditional_all,random,mse,nonzero,HLA-A*24:02,spearman,-0.5,3,3,False
baseline_plus_conditional_all,random,mse,nonzero,HLA-A*24:02,pearson_log,-0.40463774227878857,3,3,False
baseline_plus_conditional_all,random,mse,nonzero,HLA-A*24:02,auc_gt_2h,0.0,3,3,False
baseline_plus_conditional_all,random,mse,nonzero,HLA-A*24:03,spearman,1.0,3,3,False
baseline_plus_conditional_all,random,mse,nonzero,HLA-A*24:03,pearson_log,0.7665439284303849,3,3,False
baseline_plus_conditional_all,random,mse,nonzero,HLA-A*24:03,auc_gt_2h,1.0,3,3,False
baseline_plus_conditional_all,random,mse,nonzero,HLA-A*24:07,spearman,-0.5,3,3,False
baseline_plus_conditional_all,random,mse,nonzero,HLA-A*24:07,pearson_log,-0.7491430892895218,3,3,False
baseline_plus_conditional_all,random,mse,nonzero,HLA-A*24:07,auc_gt_2h,,3,3,False
baseline_plus_conditional_all,random,mse,nonzero,HLA-A*24:19,spearman,,2,2,False
baseline_plus_conditional_all,random,mse,nonzero,HLA-A*24:19,pearson_log,,2,2,False
baseline_plus_conditional_all,random,mse,nonzero,HLA-A*24:19,auc_gt_2h,,2,2,False
baseline_plus_conditional_all,random,mse,nonzero,HLA-A*25:01,spearman,,1,1,True
baseline_plus_conditional_all,random,mse,nonzero,HLA-A*25:01,pearson_log,,1,1,True
baseline_plus_conditional_all,random,mse,nonzero,HLA-A*25:01,auc_gt_2h,,1,1,True
baseline_plus_conditional_all,random,mse,nonzero,HLA-A*26:01,spearman,-0.5,3,3,False
baseline_plus_conditional_all,random,mse,nonzero,HLA-A*26:01,pearson_log,-0.18254916110635022,3,3,False
baseline_plus_conditional_all,random,mse,nonzero,HLA-A*26:01,auc_gt_2h,,3,3,False
baseline_plus_conditional_all,random,mse,nonzero,HLA-A*26:02,spearman,-0.5,3,3,False
baseline_plus_conditional_all,random,mse,nonzero,HLA-A*26:02,pearson_log,-0.9766538602510627,3,3,False
baseline_plus_conditional_all,random,mse,nonzero,HLA-A*26:02,auc_gt_2h,0.0,3,3,False
baseline_plus_conditional_all,random,mse,nonzero,HLA-A*26:03,spearman,,1,1,True
baseline_plus_conditional_all,random,mse,nonzero,HLA-A*26:03,pearson_log,,1,1,True
baseline_plus_conditional_all,random,mse,nonzero,HLA-A*26:03,auc_gt_2h,,1,1,True
baseline_plus_conditional_all,random,mse,nonzero,HLA-A*29:02,spearman,0.5,3,3,False
baseline_plus_conditional_all,random,mse,nonzero,HLA-A*29:02,pearson_log,0.4742797300909599,3,3,False
baseline_plus_conditional_all,random,mse,nonzero,HLA-A*29:02,auc_gt_2h,1.0,3,3,False
baseline_plus_conditional_all,random,mse,nonzero,HLA-A*30:01,spearman,,2,2,False
baseline_plus_conditional_all,random,mse,nonzero,HLA-A*30:01,pearson_log,,2,2,False
baseline_plus_conditional_all,random,mse,nonzero,HLA-A*30:01,auc_gt_2h,1.0,2,2,False
baseline_plus_conditional_all,random,mse,nonzero,HLA-A*30:02,spearman,,2,2,False
baseline_plus_conditional_all,random,mse,nonzero,HLA-A*30:02,pearson_log,,2,2,False
baseline_plus_conditional_all,random,mse,nonzero,HLA-A*30:02,auc_gt_2h,0.0,2,2,False
baseline_plus_conditional_all,random,mse,nonzero,HLA-A*31:01,spearman,1.0,3,3,False
baseline_plus_conditional_all,random,mse,nonzero,HLA-A*31:01,pearson_log,0.9999929534578835,3,3,False
baseline_plus_conditional_all,random,mse,nonzero,HLA-A*31:01,auc_gt_2h,1.0,3,3,False
baseline_plus_conditional_all,random,mse,nonzero,HLA-A*32:01,spearman,,2,2,False
baseline_plus_conditional_all,random,mse,nonzero,HLA-A*32:01,pearson_log,,2,2,False
baseline_plus_conditional_all,random,mse,nonzero,HLA-A*32:01,auc_gt_2h,,2,2,False
baseline_plus_conditional_all,random,mse,nonzero,HLA-A*32:07,spearman,0.5,3,3,False
baseline_plus_conditional_all,random,mse,nonzero,HLA-A*32:07,pearson_log,-0.3341771327223506,3,3,False
baseline_plus_conditional_all,random,mse,nonzero,HLA-A*32:07,auc_gt_2h,0.5,3,3,False
baseline_plus_conditional_all,random,mse,nonzero,HLA-A*33:03,spearman,,2,2,False
baseline_plus_conditional_all,random,mse,nonzero,HLA-A*33:03,pearson_log,,2,2,False
baseline_plus_conditional_all,random,mse,nonzero,HLA-A*33:03,auc_gt_2h,0.0,2,2,False
baseline_plus_conditional_all,random,mse,nonzero,HLA-A*43:01,spearman,,2,2,False
baseline_plus_conditional_all,random,mse,nonzero,HLA-A*43:01,pearson_log,,2,2,False
baseline_plus_conditional_all,random,mse,nonzero,HLA-A*43:01,auc_gt_2h,0.0,2,2,False
baseline_plus_conditional_all,random,mse,nonzero,HLA-A*66:01,spearman,,2,2,False
baseline_plus_conditional_all,random,mse,nonzero,HLA-A*66:01,pearson_log,,2,2,False
baseline_plus_conditional_all,random,mse,nonzero,HLA-A*66:01,auc_gt_2h,,2,2,False
baseline_plus_conditional_all,random,mse,nonzero,HLA-A*68:01,spearman,,2,2,False
baseline_plus_conditional_all,random,mse,nonzero,HLA-A*68:01,pearson_log,,2,2,False
baseline_plus_conditional_all,random,mse,nonzero,HLA-A*68:01,auc_gt_2h,,2,2,False
baseline_plus_conditional_all,random,mse,nonzero,HLA-A*68:02,spearman,-0.5,3,3,False
baseline_plus_conditional_all,random,mse,nonzero,HLA-A*68:02,pearson_log,-0.6878668014923959,3,3,False
baseline_plus_conditional_all,random,mse,nonzero,HLA-A*68:02,auc_gt_2h,0.0,3,3,False
baseline_plus_conditional_all,random,mse,nonzero,HLA-A*68:23,spearman,,2,2,False
baseline_plus_conditional_all,random,mse,nonzero,HLA-A*68:23,pearson_log,,2,2,False
baseline_plus_conditional_all,random,mse,nonzero,HLA-A*68:23,auc_gt_2h,,2,2,False
baseline_plus_conditional_all,random,mse,nonzero,HLA-A*69:01,spearman,-0.5,3,3,False
baseline_plus_conditional_all,random,mse,nonzero,HLA-A*69:01,pearson_log,-0.04269517760241931,3,3,False
baseline_plus_conditional_all,random,mse,nonzero,HLA-A*69:01,auc_gt_2h,,3,3,False
baseline_plus_conditional_all,random,mse,nonzero,HLA-A*74:01,spearman,,2,2,False
baseline_plus_conditional_all,random,mse,nonzero,HLA-A*74:01,pearson_log,,2,2,False
baseline_plus_conditional_all,random,mse,nonzero,HLA-A*74:01,auc_gt_2h,,2,2,False
baseline_plus_conditional_all,random,mse,nonzero,HLA-A*80:01,spearman,,2,2,False
baseline_plus_conditional_all,random,mse,nonzero,HLA-A*80:01,pearson_log,,2,2,False
baseline_plus_conditional_all,random,mse,nonzero,HLA-A*80:01,auc_gt_2h,1.0,2,2,False
baseline_plus_conditional_all,random,mse,nonzero,HLA-B*07:02,spearman,,2,2,False
baseline_plus_conditional_all,random,mse,nonzero,HLA-B*07:02,pearson_log,,2,2,False
baseline_plus_conditional_all,random,mse,nonzero,HLA-B*07:02,auc_gt_2h,,2,2,False
baseline_plus_conditional_all,random,mse,nonzero,HLA-B*08:01,spearman,0.8660254037844387,3,3,False
baseline_plus_conditional_all,random,mse,nonzero,HLA-B*08:01,pearson_log,0.8201659068649425,3,3,False
baseline_plus_conditional_all,random,mse,nonzero,HLA-B*08:01,auc_gt_2h,,3,3,False
baseline_plus_conditional_all,random,mse,nonzero,HLA-B*08:03,spearman,,1,1,True
baseline_plus_conditional_all,random,mse,nonzero,HLA-B*08:03,pearson_log,,1,1,True
baseline_plus_conditional_all,random,mse,nonzero,HLA-B*08:03,auc_gt_2h,,1,1,True
baseline_plus_conditional_all,random,mse,nonzero,HLA-B*13:02,spearman,,1,1,True
baseline_plus_conditional_all,random,mse,nonzero,HLA-B*13:02,pearson_log,,1,1,True
baseline_plus_conditional_all,random,mse,nonzero,HLA-B*13:02,auc_gt_2h,,1,1,True
baseline_plus_conditional_all,random,mse,nonzero,HLA-B*14:02(C67S),spearman,,1,1,True
baseline_plus_conditional_all,random,mse,nonzero,HLA-B*14:02(C67S),pearson_log,,1,1,True
baseline_plus_conditional_all,random,mse,nonzero,HLA-B*14:02(C67S),auc_gt_2h,,1,1,True
baseline_plus_conditional_all,random,mse,nonzero,HLA-B*15:01,spearman,,2,2,False
baseline_plus_conditional_all,random,mse,nonzero,HLA-B*15:01,pearson_log,,2,2,False
baseline_plus_conditional_all,random,mse,nonzero,HLA-B*15:01,auc_gt_2h,1.0,2,2,False
baseline_plus_conditional_all,random,mse,nonzero,HLA-B*15:02,spearman,,2,2,False
baseline_plus_conditional_all,random,mse,nonzero,HLA-B*15:02,pearson_log,,2,2,False
baseline_plus_conditional_all,random,mse,nonzero,HLA-B*15:02,auc_gt_2h,1.0,2,2,False
baseline_plus_conditional_all,random,mse,nonzero,HLA-B*15:10,spearman,,2,2,False
baseline_plus_conditional_all,random,mse,nonzero,HLA-B*15:10,pearson_log,,2,2,False
baseline_plus_conditional_all,random,mse,nonzero,HLA-B*15:10,auc_gt_2h,1.0,2,2,False
baseline_plus_conditional_all,random,mse,nonzero,HLA-B*15:17,spearman,,1,1,True
baseline_plus_conditional_all,random,mse,nonzero,HLA-B*15:17,pearson_log,,1,1,True
baseline_plus_conditional_all,random,mse,nonzero,HLA-B*15:17,auc_gt_2h,,1,1,True
baseline_plus_conditional_all,random,mse,nonzero,HLA-B*18:01,spearman,,2,2,False
baseline_plus_conditional_all,random,mse,nonzero,HLA-B*18:01,pearson_log,,2,2,False
baseline_plus_conditional_all,random,mse,nonzero,HLA-B*18:01,auc_gt_2h,0.0,2,2,False
baseline_plus_conditional_all,random,mse,nonzero,HLA-B*27:02,spearman,,2,2,False
baseline_plus_conditional_all,random,mse,nonzero,HLA-B*27:02,pearson_log,,2,2,False
baseline_plus_conditional_all,random,mse,nonzero,HLA-B*27:02,auc_gt_2h,,2,2,False
baseline_plus_conditional_all,random,mse,nonzero,HLA-B*27:03,spearman,,2,2,False
baseline_plus_conditional_all,random,mse,nonzero,HLA-B*27:03,pearson_log,,2,2,False
baseline_plus_conditional_all,random,mse,nonzero,HLA-B*27:03,auc_gt_2h,,2,2,False
baseline_plus_conditional_all,random,mse,nonzero,HLA-B*27:05,spearman,0.5,3,3,False
baseline_plus_conditional_all,random,mse,nonzero,HLA-B*27:05,pearson_log,0.5359535585359565,3,3,False
baseline_plus_conditional_all,random,mse,nonzero,HLA-B*27:05,auc_gt_2h,0.5,3,3,False
baseline_plus_conditional_all,random,mse,nonzero,HLA-B*27:20,spearman,,1,1,True
baseline_plus_conditional_all,random,mse,nonzero,HLA-B*27:20,pearson_log,,1,1,True
baseline_plus_conditional_all,random,mse,nonzero,HLA-B*27:20,auc_gt_2h,,1,1,True
baseline_plus_conditional_all,random,mse,nonzero,HLA-B*35:01,spearman,,1,1,True
baseline_plus_conditional_all,random,mse,nonzero,HLA-B*35:01,pearson_log,,1,1,True
baseline_plus_conditional_all,random,mse,nonzero,HLA-B*35:01,auc_gt_2h,,1,1,True
baseline_plus_conditional_all,random,mse,nonzero,HLA-B*35:03,spearman,,2,2,False
baseline_plus_conditional_all,random,mse,nonzero,HLA-B*35:03,pearson_log,,2,2,False
baseline_plus_conditional_all,random,mse,nonzero,HLA-B*35:03,auc_gt_2h,0.0,2,2,False
baseline_plus_conditional_all,random,mse,nonzero,HLA-B*35:08,spearman,0.5,3,3,False
baseline_plus_conditional_all,random,mse,nonzero,HLA-B*35:08,pearson_log,0.9391782429449358,3,3,False
baseline_plus_conditional_all,random,mse,nonzero,HLA-B*35:08,auc_gt_2h,1.0,3,3,False
baseline_plus_conditional_all,random,mse,nonzero,HLA-B*39:01,spearman,,2,2,False
baseline_plus_conditional_all,random,mse,nonzero,HLA-B*39:01,pearson_log,,2,2,False
baseline_plus_conditional_all,random,mse,nonzero,HLA-B*39:01,auc_gt_2h,,2,2,False
baseline_plus_conditional_all,random,mse,nonzero,HLA-B*39:02,spearman,,2,2,False
baseline_plus_conditional_all,random,mse,nonzero,HLA-B*39:02,pearson_log,,2,2,False
baseline_plus_conditional_all,random,mse,nonzero,HLA-B*39:02,auc_gt_2h,,2,2,False
baseline_plus_conditional_all,random,mse,nonzero,HLA-B*39:10,spearman,,2,2,False
baseline_plus_conditional_all,random,mse,nonzero,HLA-B*39:10,pearson_log,,2,2,False
baseline_plus_conditional_all,random,mse,nonzero,HLA-B*39:10,auc_gt_2h,0.0,2,2,False
baseline_plus_conditional_all,random,mse,nonzero,HLA-B*40:01,spearman,0.5,3,3,False
baseline_plus_conditional_all,random,mse,nonzero,HLA-B*40:01,pearson_log,0.38413100907503134,3,3,False
baseline_plus_conditional_all,random,mse,nonzero,HLA-B*40:01,auc_gt_2h,,3,3,False
baseline_plus_conditional_all,random,mse,nonzero,HLA-B*40:02,spearman,1.0,3,3,False
baseline_plus_conditional_all,random,mse,nonzero,HLA-B*40:02,pearson_log,0.7478100582557081,3,3,False
baseline_plus_conditional_all,random,mse,nonzero,HLA-B*40:02,auc_gt_2h,1.0,3,3,False
baseline_plus_conditional_all,random,mse,nonzero,HLA-B*41:01,spearman,,2,2,False
baseline_plus_conditional_all,random,mse,nonzero,HLA-B*41:01,pearson_log,,2,2,False
baseline_plus_conditional_all,random,mse,nonzero,HLA-B*41:01,auc_gt_2h,,2,2,False
baseline_plus_conditional_all,random,mse,nonzero,HLA-B*42:01,spearman,,2,2,False
baseline_plus_conditional_all,random,mse,nonzero,HLA-B*42:01,pearson_log,,2,2,False
baseline_plus_conditional_all,random,mse,nonzero,HLA-B*42:01,auc_gt_2h,,2,2,False
baseline_plus_conditional_all,random,mse,nonzero,HLA-B*42:02,spearman,-0.5,3,3,False
baseline_plus_conditional_all,random,mse,nonzero,HLA-B*42:02,pearson_log,-0.6971852244734839,3,3,False
baseline_plus_conditional_all,random,mse,nonzero,HLA-B*42:02,auc_gt_2h,0.0,3,3,False
baseline_plus_conditional_all,random,mse,nonzero,HLA-B*44:05,spearman,,2,2,False
baseline_plus_conditional_all,random,mse,nonzero,HLA-B*44:05,pearson_log,,2,2,False
baseline_plus_conditional_all,random,mse,nonzero,HLA-B*44:05,auc_gt_2h,,2,2,False
baseline_plus_conditional_all,random,mse,nonzero,HLA-B*45:01,spearman,,1,1,True
baseline_plus_conditional_all,random,mse,nonzero,HLA-B*45:01,pearson_log,,1,1,True
baseline_plus_conditional_all,random,mse,nonzero,HLA-B*45:01,auc_gt_2h,,1,1,True
baseline_plus_conditional_all,random,mse,nonzero,HLA-B*46:01,spearman,,1,1,True
baseline_plus_conditional_all,random,mse,nonzero,HLA-B*46:01,pearson_log,,1,1,True
baseline_plus_conditional_all,random,mse,nonzero,HLA-B*46:01,auc_gt_2h,,1,1,True
baseline_plus_conditional_all,random,mse,nonzero,HLA-B*51:01,spearman,,1,1,True
baseline_plus_conditional_all,random,mse,nonzero,HLA-B*51:01,pearson_log,,1,1,True
baseline_plus_conditional_all,random,mse,nonzero,HLA-B*51:01,auc_gt_2h,,1,1,True
baseline_plus_conditional_all,random,mse,nonzero,HLA-B*54:01,spearman,,2,2,False
baseline_plus_conditional_all,random,mse,nonzero,HLA-B*54:01,pearson_log,,2,2,False
baseline_plus_conditional_all,random,mse,nonzero,HLA-B*54:01,auc_gt_2h,1.0,2,2,False
baseline_plus_conditional_all,random,mse,nonzero,HLA-B*56:01,spearman,,2,2,False
baseline_plus_conditional_all,random,mse,nonzero,HLA-B*56:01,pearson_log,,2,2,False
baseline_plus_conditional_all,random,mse,nonzero,HLA-B*56:01,auc_gt_2h,,2,2,False
baseline_plus_conditional_all,random,mse,nonzero,HLA-B*57:01,spearman,,2,2,False
baseline_plus_conditional_all,random,mse,nonzero,HLA-B*57:01,pearson_log,,2,2,False
baseline_plus_conditional_all,random,mse,nonzero,HLA-B*57:01,auc_gt_2h,,2,2,False
baseline_plus_conditional_all,random,mse,nonzero,HLA-B*57:02,spearman,,2,2,False
baseline_plus_conditional_all,random,mse,nonzero,HLA-B*57:02,pearson_log,,2,2,False
baseline_plus_conditional_all,random,mse,nonzero,HLA-B*57:02,auc_gt_2h,,2,2,False
baseline_plus_conditional_all,random,mse,nonzero,HLA-B*57:03,spearman,,2,2,False
baseline_plus_conditional_all,random,mse,nonzero,HLA-B*57:03,pearson_log,,2,2,False
baseline_plus_conditional_all,random,mse,nonzero,HLA-B*57:03,auc_gt_2h,,2,2,False
baseline_plus_conditional_all,random,mse,nonzero,HLA-B*58:01,spearman,-1.0,3,3,False
baseline_plus_conditional_all,random,mse,nonzero,HLA-B*58:01,pearson_log,-0.934529981259971,3,3,False
baseline_plus_conditional_all,random,mse,nonzero,HLA-B*58:01,auc_gt_2h,0.0,3,3,False
baseline_plus_conditional_all,random,mse,nonzero,HLA-B*81:01,spearman,,2,2,False
baseline_plus_conditional_all,random,mse,nonzero,HLA-B*81:01,pearson_log,,2,2,False
baseline_plus_conditional_all,random,mse,nonzero,HLA-B*81:01,auc_gt_2h,,2,2,False
baseline_plus_conditional_anchor_softmax,leave_one_allele_out,mse,all,HLA-A*01:01,spearman,0.02651974176527183,14,14,False
baseline_plus_conditional_anchor_softmax,leave_one_allele_out,mse,all,HLA-A*01:01,pearson_log,0.11110253420075539,14,14,False
baseline_plus_conditional_anchor_softmax,leave_one_allele_out,mse,all,HLA-A*01:01,auc_gt_2h,0.55,14,14,False
baseline_plus_conditional_anchor_softmax,leave_one_allele_out,mse,all,HLA-A*02:01,spearman,0.2508252342879179,14,14,False
baseline_plus_conditional_anchor_softmax,leave_one_allele_out,mse,all,HLA-A*02:01,pearson_log,0.34023486404780473,14,14,False
baseline_plus_conditional_anchor_softmax,leave_one_allele_out,mse,all,HLA-A*02:01,auc_gt_2h,0.9393939393939393,14,14,False
baseline_plus_conditional_anchor_softmax,leave_one_allele_out,mse,all,HLA-A*02:03,spearman,0.32009141989854006,14,14,False
baseline_plus_conditional_anchor_softmax,leave_one_allele_out,mse,all,HLA-A*02:03,pearson_log,0.22304821090934435,14,14,False
baseline_plus_conditional_anchor_softmax,leave_one_allele_out,mse,all,HLA-A*02:03,auc_gt_2h,0.5625,14,14,False
baseline_plus_conditional_anchor_softmax,leave_one_allele_out,mse,all,HLA-A*02:05,spearman,0.13406593406593406,14,14,False
baseline_plus_conditional_anchor_softmax,leave_one_allele_out,mse,all,HLA-A*02:05,pearson_log,-0.015214239891159304,14,14,False
baseline_plus_conditional_anchor_softmax,leave_one_allele_out,mse,all,HLA-A*02:05,auc_gt_2h,0.525,14,14,False
baseline_plus_conditional_anchor_softmax,leave_one_allele_out,mse,all,HLA-A*02:10,spearman,0.39780219780219783,14,14,False
baseline_plus_conditional_anchor_softmax,leave_one_allele_out,mse,all,HLA-A*02:10,pearson_log,0.3538895161677935,14,14,False
baseline_plus_conditional_anchor_softmax,leave_one_allele_out,mse,all,HLA-A*02:10,auc_gt_2h,0.6888888888888889,14,14,False
baseline_plus_conditional_anchor_softmax,leave_one_allele_out,mse,all,HLA-A*02:11,spearman,0.19226812779822078,14,14,False
baseline_plus_conditional_anchor_softmax,leave_one_allele_out,mse,all,HLA-A*02:11,pearson_log,0.3153812783982763,14,14,False
baseline_plus_conditional_anchor_softmax,leave_one_allele_out,mse,all,HLA-A*02:11,auc_gt_2h,0.7916666666666667,14,14,False
baseline_plus_conditional_anchor_softmax,leave_one_allele_out,mse,all,HLA-A*02:12,spearman,0.5824175824175825,14,14,False
baseline_plus_conditional_anchor_softmax,leave_one_allele_out,mse,all,HLA-A*02:12,pearson_log,0.7032755679951482,14,14,False
baseline_plus_conditional_anchor_softmax,leave_one_allele_out,mse,all,HLA-A*02:12,auc_gt_2h,1.0,14,14,False
baseline_plus_conditional_anchor_softmax,leave_one_allele_out,mse,all,HLA-A*02:16,spearman,0.40044028631930756,14,14,False
baseline_plus_conditional_anchor_softmax,leave_one_allele_out,mse,all,HLA-A*02:16,pearson_log,0.35439886548439,14,14,False
baseline_plus_conditional_anchor_softmax,leave_one_allele_out,mse,all,HLA-A*02:16,auc_gt_2h,0.6363636363636364,14,14,False
baseline_plus_conditional_anchor_softmax,leave_one_allele_out,mse,all,HLA-A*02:19,spearman,0.7348739320365314,14,14,False
baseline_plus_conditional_anchor_softmax,leave_one_allele_out,mse,all,HLA-A*02:19,pearson_log,0.6730143996524857,14,14,False
baseline_plus_conditional_anchor_softmax,leave_one_allele_out,mse,all,HLA-A*02:19,auc_gt_2h,0.925,14,14,False
baseline_plus_conditional_anchor_softmax,leave_one_allele_out,mse,all,HLA-A*02:50,spearman,0.2703296703296703,14,14,False
baseline_plus_conditional_anchor_softmax,leave_one_allele_out,mse,all,HLA-A*02:50,pearson_log,0.20053965152440806,14,14,False
baseline_plus_conditional_anchor_softmax,leave_one_allele_out,mse,all,HLA-A*02:50,auc_gt_2h,0.9230769230769231,14,14,False
baseline_plus_conditional_anchor_softmax,leave_one_allele_out,mse,all,HLA-A*03:01,spearman,0.04625561881580013,14,14,False
baseline_plus_conditional_anchor_softmax,leave_one_allele_out,mse,all,HLA-A*03:01,pearson_log,0.09426703743785386,14,14,False
baseline_plus_conditional_anchor_softmax,leave_one_allele_out,mse,all,HLA-A*03:01,auc_gt_2h,0.7333333333333334,14,14,False
baseline_plus_conditional_anchor_softmax,leave_one_allele_out,mse,all,HLA-A*11:01,spearman,-0.054945054945054944,14,14,False
baseline_plus_conditional_anchor_softmax,leave_one_allele_out,mse,all,HLA-A*11:01,pearson_log,-0.14897818816928635,14,14,False
baseline_plus_conditional_anchor_softmax,leave_one_allele_out,mse,all,HLA-A*11:01,auc_gt_2h,0.37777777777777777,14,14,False
baseline_plus_conditional_anchor_softmax,leave_one_allele_out,mse,all,HLA-A*23:01,spearman,0.01098901098901099,14,14,False
baseline_plus_conditional_anchor_softmax,leave_one_allele_out,mse,all,HLA-A*23:01,pearson_log,0.09232967686913954,14,14,False
baseline_plus_conditional_anchor_softmax,leave_one_allele_out,mse,all,HLA-A*23:01,auc_gt_2h,0.39583333333333337,14,14,False
baseline_plus_conditional_anchor_softmax,leave_one_allele_out,mse,all,HLA-A*24:02,spearman,0.16795836451338828,14,14,False
baseline_plus_conditional_anchor_softmax,leave_one_allele_out,mse,all,HLA-A*24:02,pearson_log,0.19186563364918535,14,14,False
baseline_plus_conditional_anchor_softmax,leave_one_allele_out,mse,all,HLA-A*24:02,auc_gt_2h,0.75,14,14,False
baseline_plus_conditional_anchor_softmax,leave_one_allele_out,mse,all,HLA-A*24:03,spearman,0.3080309894763904,14,14,False
baseline_plus_conditional_anchor_softmax,leave_one_allele_out,mse,all,HLA-A*24:03,pearson_log,0.2721476728389097,14,14,False
baseline_plus_conditional_anchor_softmax,leave_one_allele_out,mse,all,HLA-A*24:03,auc_gt_2h,0.6666666666666666,14,14,False
baseline_plus_conditional_anchor_softmax,leave_one_allele_out,mse,all,HLA-A*24:07,spearman,-0.24835164835164836,14,14,False
baseline_plus_conditional_anchor_softmax,leave_one_allele_out,mse,all,HLA-A*24:07,pearson_log,-0.2632017378036243,14,14,False
baseline_plus_conditional_anchor_softmax,leave_one_allele_out,mse,all,HLA-A*24:07,auc_gt_2h,0.2708333333333333,14,14,False
baseline_plus_conditional_anchor_softmax,leave_one_allele_out,mse,all,HLA-A*24:19,spearman,0.5604485383178051,14,14,False
baseline_plus_conditional_anchor_softmax,leave_one_allele_out,mse,all,HLA-A*24:19,pearson_log,0.610810410408277,14,14,False
baseline_plus_conditional_anchor_softmax,leave_one_allele_out,mse,all,HLA-A*24:19,auc_gt_2h,0.8461538461538461,14,14,False
baseline_plus_conditional_anchor_softmax,leave_one_allele_out,mse,all,HLA-A*25:01,spearman,0.14160879350477495,14,14,False
baseline_plus_conditional_anchor_softmax,leave_one_allele_out,mse,all,HLA-A*25:01,pearson_log,0.12011919866466947,14,14,False
baseline_plus_conditional_anchor_softmax,leave_one_allele_out,mse,all,HLA-A*25:01,auc_gt_2h,0.48484848484848486,14,14,False
baseline_plus_conditional_anchor_softmax,leave_one_allele_out,mse,all,HLA-A*26:01,spearman,-0.4557622511194956,14,14,False
baseline_plus_conditional_anchor_softmax,leave_one_allele_out,mse,all,HLA-A*26:01,pearson_log,-0.395379829219799,14,14,False
baseline_plus_conditional_anchor_softmax,leave_one_allele_out,mse,all,HLA-A*26:01,auc_gt_2h,0.2727272727272727,14,14,False
baseline_plus_conditional_anchor_softmax,leave_one_allele_out,mse,all,HLA-A*26:02,spearman,0.22246750001884827,14,14,False
baseline_plus_conditional_anchor_softmax,leave_one_allele_out,mse,all,HLA-A*26:02,pearson_log,0.29693922948693663,14,14,False
baseline_plus_conditional_anchor_softmax,leave_one_allele_out,mse,all,HLA-A*26:02,auc_gt_2h,0.5416666666666666,14,14,False
baseline_plus_conditional_anchor_softmax,leave_one_allele_out,mse,all,HLA-A*26:03,spearman,0.05732527799072424,14,14,False
baseline_plus_conditional_anchor_softmax,leave_one_allele_out,mse,all,HLA-A*26:03,pearson_log,0.1619628342666542,14,14,False
baseline_plus_conditional_anchor_softmax,leave_one_allele_out,mse,all,HLA-A*26:03,auc_gt_2h,0.6363636363636362,14,14,False
baseline_plus_conditional_anchor_softmax,leave_one_allele_out,mse,all,HLA-A*29:02,spearman,0.059340659340659345,14,14,False
baseline_plus_conditional_anchor_softmax,leave_one_allele_out,mse,all,HLA-A*29:02,pearson_log,0.14519457503487815,14,14,False
baseline_plus_conditional_anchor_softmax,leave_one_allele_out,mse,all,HLA-A*29:02,auc_gt_2h,0.47916666666666674,14,14,False
baseline_plus_conditional_anchor_softmax,leave_one_allele_out,mse,all,HLA-A*30:01,spearman,0.04424876224461122,14,14,False
baseline_plus_conditional_anchor_softmax,leave_one_allele_out,mse,all,HLA-A*30:01,pearson_log,0.06504712402335222,14,14,False
baseline_plus_conditional_anchor_softmax,leave_one_allele_out,mse,all,HLA-A*30:01,auc_gt_2h,0.45833333333333337,14,14,False
baseline_plus_conditional_anchor_softmax,leave_one_allele_out,mse,all,HLA-A*30:02,spearman,0.01779888526847445,14,14,False
baseline_plus_conditional_anchor_softmax,leave_one_allele_out,mse,all,HLA-A*30:02,pearson_log,0.011351842324871436,14,14,False
baseline_plus_conditional_anchor_softmax,leave_one_allele_out,mse,all,HLA-A*30:02,auc_gt_2h,0.425,14,14,False
baseline_plus_conditional_anchor_softmax,leave_one_allele_out,mse,all,HLA-A*31:01,spearman,0.0796477720403002,14,14,False
baseline_plus_conditional_anchor_softmax,leave_one_allele_out,mse,all,HLA-A*31:01,pearson_log,-0.22549264692578816,14,14,False
baseline_plus_conditional_anchor_softmax,leave_one_allele_out,mse,all,HLA-A*31:01,auc_gt_2h,0.5454545454545454,14,14,False
baseline_plus_conditional_anchor_softmax,leave_one_allele_out,mse,all,HLA-A*32:01,spearman,-0.1480685581894344,14,14,False
baseline_plus_conditional_anchor_softmax,leave_one_allele_out,mse,all,HLA-A*32:01,pearson_log,-0.08163321658774456,14,14,False
baseline_plus_conditional_anchor_softmax,leave_one_allele_out,mse,all,HLA-A*32:01,auc_gt_2h,0.4222222222222222,14,14,False
baseline_plus_conditional_anchor_softmax,leave_one_allele_out,mse,all,HLA-A*32:07,spearman,0.41547595432259204,14,14,False
baseline_plus_conditional_anchor_softmax,leave_one_allele_out,mse,all,HLA-A*32:07,pearson_log,0.5004827583757235,14,14,False
baseline_plus_conditional_anchor_softmax,leave_one_allele_out,mse,all,HLA-A*32:07,auc_gt_2h,0.7346938775510203,14,14,False
baseline_plus_conditional_anchor_softmax,leave_one_allele_out,mse,all,HLA-A*33:03,spearman,-0.495832763913124,14,14,False
baseline_plus_conditional_anchor_softmax,leave_one_allele_out,mse,all,HLA-A*33:03,pearson_log,-0.527159829075551,14,14,False
baseline_plus_conditional_anchor_softmax,leave_one_allele_out,mse,all,HLA-A*33:03,auc_gt_2h,0.21212121212121215,14,14,False
baseline_plus_conditional_anchor_softmax,leave_one_allele_out,mse,all,HLA-A*43:01,spearman,-0.14974170234967088,14,14,False
baseline_plus_conditional_anchor_softmax,leave_one_allele_out,mse,all,HLA-A*43:01,pearson_log,-0.19007045159213282,14,14,False
baseline_plus_conditional_anchor_softmax,leave_one_allele_out,mse,all,HLA-A*43:01,auc_gt_2h,0.15384615384615385,14,14,False
baseline_plus_conditional_anchor_softmax,leave_one_allele_out,mse,all,HLA-A*66:01,spearman,0.3006849663952293,14,14,False
baseline_plus_conditional_anchor_softmax,leave_one_allele_out,mse,all,HLA-A*66:01,pearson_log,0.3544573056759708,14,14,False
baseline_plus_conditional_anchor_softmax,leave_one_allele_out,mse,all,HLA-A*66:01,auc_gt_2h,0.9230769230769231,14,14,False
baseline_plus_conditional_anchor_softmax,leave_one_allele_out,mse,all,HLA-A*68:01,spearman,0.11346789358652462,14,14,False
baseline_plus_conditional_anchor_softmax,leave_one_allele_out,mse,all,HLA-A*68:01,pearson_log,0.11770914845374164,14,14,False
baseline_plus_conditional_anchor_softmax,leave_one_allele_out,mse,all,HLA-A*68:01,auc_gt_2h,0.3877551020408163,14,14,False
baseline_plus_conditional_anchor_softmax,leave_one_allele_out,mse,all,HLA-A*68:02,spearman,-0.10468359281694264,13,13,False
baseline_plus_conditional_anchor_softmax,leave_one_allele_out,mse,all,HLA-A*68:02,pearson_log,-0.17934517231010152,13,13,False
baseline_plus_conditional_anchor_softmax,leave_one_allele_out,mse,all,HLA-A*68:02,auc_gt_2h,0.16666666666666663,13,13,False
baseline_plus_conditional_anchor_softmax,leave_one_allele_out,mse,all,HLA-A*68:23,spearman,-0.03647371052632183,13,13,False
baseline_plus_conditional_anchor_softmax,leave_one_allele_out,mse,all,HLA-A*68:23,pearson_log,-0.05408367401951178,13,13,False
baseline_plus_conditional_anchor_softmax,leave_one_allele_out,mse,all,HLA-A*68:23,auc_gt_2h,0.9166666666666666,13,13,False
baseline_plus_conditional_anchor_softmax,leave_one_allele_out,mse,all,HLA-A*69:01,spearman,-0.2151140127038182,13,13,False
baseline_plus_conditional_anchor_softmax,leave_one_allele_out,mse,all,HLA-A*69:01,pearson_log,-0.2030757750785416,13,13,False
baseline_plus_conditional_anchor_softmax,leave_one_allele_out,mse,all,HLA-A*69:01,auc_gt_2h,0.16666666666666663,13,13,False
baseline_plus_conditional_anchor_softmax,leave_one_allele_out,mse,all,HLA-A*74:01,spearman,-0.2369154995330807,13,13,False
baseline_plus_conditional_anchor_softmax,leave_one_allele_out,mse,all,HLA-A*74:01,pearson_log,-0.15714938046077648,13,13,False
baseline_plus_conditional_anchor_softmax,leave_one_allele_out,mse,all,HLA-A*74:01,auc_gt_2h,0.3,13,13,False
baseline_plus_conditional_anchor_softmax,leave_one_allele_out,mse,all,HLA-A*80:01,spearman,0.5381668344708563,13,13,False
baseline_plus_conditional_anchor_softmax,leave_one_allele_out,mse,all,HLA-A*80:01,pearson_log,0.6066959286569676,13,13,False
baseline_plus_conditional_anchor_softmax,leave_one_allele_out,mse,all,HLA-A*80:01,auc_gt_2h,0.6363636363636364,13,13,False
baseline_plus_conditional_anchor_softmax,leave_one_allele_out,mse,all,HLA-B*07:02,spearman,0.07192426489454565,13,13,False
baseline_plus_conditional_anchor_softmax,leave_one_allele_out,mse,all,HLA-B*07:02,pearson_log,0.0665830337281533,13,13,False
baseline_plus_conditional_anchor_softmax,leave_one_allele_out,mse,all,HLA-B*07:02,auc_gt_2h,0.6190476190476191,13,13,False
baseline_plus_conditional_anchor_softmax,leave_one_allele_out,mse,all,HLA-B*08:01,spearman,0.0666707822740828,13,13,False
baseline_plus_conditional_anchor_softmax,leave_one_allele_out,mse,all,HLA-B*08:01,pearson_log,0.13352312914007172,13,13,False
baseline_plus_conditional_anchor_softmax,leave_one_allele_out,mse,all,HLA-B*08:01,auc_gt_2h,,13,13,False
baseline_plus_conditional_anchor_softmax,leave_one_allele_out,mse,all,HLA-B*08:03,spearman,0.15128958996374198,13,13,False
baseline_plus_conditional_anchor_softmax,leave_one_allele_out,mse,all,HLA-B*08:03,pearson_log,-0.04711954903720961,13,13,False
baseline_plus_conditional_anchor_softmax,leave_one_allele_out,mse,all,HLA-B*08:03,auc_gt_2h,0.6666666666666666,13,13,False
baseline_plus_conditional_anchor_softmax,leave_one_allele_out,mse,all,HLA-B*13:02,spearman,-0.22237479499833038,7,7,False
baseline_plus_conditional_anchor_softmax,leave_one_allele_out,mse,all,HLA-B*13:02,pearson_log,-0.2728578934467677,7,7,False
baseline_plus_conditional_anchor_softmax,leave_one_allele_out,mse,all,HLA-B*13:02,auc_gt_2h,0.25,7,7,False
baseline_plus_conditional_anchor_softmax,leave_one_allele_out,mse,all,HLA-B*14:01(C67S),spearman,-0.23145502494313785,13,13,False
baseline_plus_conditional_anchor_softmax,leave_one_allele_out,mse,all,HLA-B*14:01(C67S),pearson_log,-0.17302803561435987,13,13,False
baseline_plus_conditional_anchor_softmax,leave_one_allele_out,mse,all,HLA-B*14:01(C67S),auc_gt_2h,,13,13,False
baseline_plus_conditional_anchor_softmax,leave_one_allele_out,mse,all,HLA-B*14:02(C67S),spearman,0.053249951172212484,13,13,False
baseline_plus_conditional_anchor_softmax,leave_one_allele_out,mse,all,HLA-B*14:02(C67S),pearson_log,0.12569501122694565,13,13,False
baseline_plus_conditional_anchor_softmax,leave_one_allele_out,mse,all,HLA-B*14:02(C67S),auc_gt_2h,0.4444444444444444,13,13,False
baseline_plus_conditional_anchor_softmax,leave_one_allele_out,mse,all,HLA-B*15:01,spearman,0.08528206142151307,13,13,False
baseline_plus_conditional_anchor_softmax,leave_one_allele_out,mse,all,HLA-B*15:01,pearson_log,-0.03614510539610829,13,13,False
baseline_plus_conditional_anchor_softmax,leave_one_allele_out,mse,all,HLA-B*15:01,auc_gt_2h,0.5833333333333333,13,13,False
baseline_plus_conditional_anchor_softmax,leave_one_allele_out,mse,all,HLA-B*15:02,spearman,-0.23738286820676,13,13,False
baseline_plus_conditional_anchor_softmax,leave_one_allele_out,mse,all,HLA-B*15:02,pearson_log,-0.4093039114611664,13,13,False
baseline_plus_conditional_anchor_softmax,leave_one_allele_out,mse,all,HLA-B*15:02,auc_gt_2h,0.525,13,13,False
baseline_plus_conditional_anchor_softmax,leave_one_allele_out,mse,all,HLA-B*15:10,spearman,0.1045393010973386,13,13,False
baseline_plus_conditional_anchor_softmax,leave_one_allele_out,mse,all,HLA-B*15:10,pearson_log,0.16575354893904456,13,13,False
baseline_plus_conditional_anchor_softmax,leave_one_allele_out,mse,all,HLA-B*15:10,auc_gt_2h,0.5454545454545454,13,13,False
baseline_plus_conditional_anchor_softmax,leave_one_allele_out,mse,all,HLA-B*15:17,spearman,0.1329685804202158,13,13,False
baseline_plus_conditional_anchor_softmax,leave_one_allele_out,mse,all,HLA-B*15:17,pearson_log,-0.012798664853579,13,13,False
baseline_plus_conditional_anchor_softmax,leave_one_allele_out,mse,all,HLA-B*15:17,auc_gt_2h,0.6666666666666666,13,13,False
baseline_plus_conditional_anchor_softmax,leave_one_allele_out,mse,all,HLA-B*18:01,spearman,0.25309515002513555,13,13,False
baseline_plus_conditional_anchor_softmax,leave_one_allele_out,mse,all,HLA-B*18:01,pearson_log,0.27459803205080824,13,13,False
baseline_plus_conditional_anchor_softmax,leave_one_allele_out,mse,all,HLA-B*18:01,auc_gt_2h,0.6190476190476191,13,13,False
baseline_plus_conditional_anchor_softmax,leave_one_allele_out,mse,all,HLA-B*27:02,spearman,0.17981066223636413,13,13,False
baseline_plus_conditional_anchor_softmax,leave_one_allele_out,mse,all,HLA-B*27:02,pearson_log,0.2514227244859098,13,13,False
baseline_plus_conditional_anchor_softmax,leave_one_allele_out,mse,all,HLA-B*27:02,auc_gt_2h,0.7777777777777778,13,13,False
baseline_plus_conditional_anchor_softmax,leave_one_allele_out,mse,all,HLA-B*27:03,spearman,0.4491463053101554,13,13,False
baseline_plus_conditional_anchor_softmax,leave_one_allele_out,mse,all,HLA-B*27:03,pearson_log,0.5286878126343519,13,13,False
baseline_plus_conditional_anchor_softmax,leave_one_allele_out,mse,all,HLA-B*27:03,auc_gt_2h,0.7,13,13,False
baseline_plus_conditional_anchor_softmax,leave_one_allele_out,mse,all,HLA-B*27:05,spearman,0.242760699030339,13,13,False
baseline_plus_conditional_anchor_softmax,leave_one_allele_out,mse,all,HLA-B*27:05,pearson_log,0.2760729360835597,13,13,False
baseline_plus_conditional_anchor_softmax,leave_one_allele_out,mse,all,HLA-B*27:05,auc_gt_2h,0.575,13,13,False
baseline_plus_conditional_anchor_softmax,leave_one_allele_out,mse,all,HLA-B*27:20,spearman,0.14600606366573576,13,13,False
baseline_plus_conditional_anchor_softmax,leave_one_allele_out,mse,all,HLA-B*27:20,pearson_log,0.15475257792939712,13,13,False
baseline_plus_conditional_anchor_softmax,leave_one_allele_out,mse,all,HLA-B*27:20,auc_gt_2h,0.5555555555555556,13,13,False
baseline_plus_conditional_anchor_softmax,leave_one_allele_out,mse,all,HLA-B*35:01,spearman,0.2706036746278576,13,13,False
baseline_plus_conditional_anchor_softmax,leave_one_allele_out,mse,all,HLA-B*35:01,pearson_log,0.3030640756717099,13,13,False
baseline_plus_conditional_anchor_softmax,leave_one_allele_out,mse,all,HLA-B*35:01,auc_gt_2h,0.7,13,13,False
baseline_plus_conditional_anchor_softmax,leave_one_allele_out,mse,all,HLA-B*35:03,spearman,0.40771504570809236,13,13,False
baseline_plus_conditional_anchor_softmax,leave_one_allele_out,mse,all,HLA-B*35:03,pearson_log,0.36624811574391725,13,13,False
baseline_plus_conditional_anchor_softmax,leave_one_allele_out,mse,all,HLA-B*35:03,auc_gt_2h,0.55,13,13,False
baseline_plus_conditional_anchor_softmax,leave_one_allele_out,mse,all,HLA-B*35:08,spearman,0.0720246477276169,13,13,False
baseline_plus_conditional_anchor_softmax,leave_one_allele_out,mse,all,HLA-B*35:08,pearson_log,0.04436169113743339,13,13,False
baseline_plus_conditional_anchor_softmax,leave_one_allele_out,mse,all,HLA-B*35:08,auc_gt_2h,0.5,13,13,False
baseline_plus_conditional_anchor_softmax,leave_one_allele_out,mse,all,HLA-B*39:01,spearman,0.5362251263799929,13,13,False
baseline_plus_conditional_anchor_softmax,leave_one_allele_out,mse,all,HLA-B*39:01,pearson_log,0.7833604503123234,13,13,False
baseline_plus_conditional_anchor_softmax,leave_one_allele_out,mse,all,HLA-B*39:01,auc_gt_2h,1.0,13,13,False
baseline_plus_conditional_anchor_softmax,leave_one_allele_out,mse,all,HLA-B*39:02,spearman,-0.5267119057996943,13,13,False
baseline_plus_conditional_anchor_softmax,leave_one_allele_out,mse,all,HLA-B*39:02,pearson_log,-0.414466379094913,13,13,False
baseline_plus_conditional_anchor_softmax,leave_one_allele_out,mse,all,HLA-B*39:02,auc_gt_2h,0.5,13,13,False
baseline_plus_conditional_anchor_softmax,leave_one_allele_out,mse,all,HLA-B*39:06(C67S),spearman,0.3857583749052298,13,13,False
baseline_plus_conditional_anchor_softmax,leave_one_allele_out,mse,all,HLA-B*39:06(C67S),pearson_log,0.3739185855129045,13,13,False
baseline_plus_conditional_anchor_softmax,leave_one_allele_out,mse,all,HLA-B*39:06(C67S),auc_gt_2h,0.9166666666666666,13,13,False
baseline_plus_conditional_anchor_softmax,leave_one_allele_out,mse,all,HLA-B*39:10,spearman,-0.17331515708242978,13,13,False
baseline_plus_conditional_anchor_softmax,leave_one_allele_out,mse,all,HLA-B*39:10,pearson_log,-0.09158317080344601,13,13,False
baseline_plus_conditional_anchor_softmax,leave_one_allele_out,mse,all,HLA-B*39:10,auc_gt_2h,0.23809523809523808,13,13,False
baseline_plus_conditional_anchor_softmax,leave_one_allele_out,mse,all,HLA-B*40:01,spearman,-0.05234179640847132,13,13,False
baseline_plus_conditional_anchor_softmax,leave_one_allele_out,mse,all,HLA-B*40:01,pearson_log,0.10274665477123401,13,13,False
baseline_plus_conditional_anchor_softmax,leave_one_allele_out,mse,all,HLA-B*40:01,auc_gt_2h,0.9166666666666666,13,13,False
baseline_plus_conditional_anchor_softmax,leave_one_allele_out,mse,all,HLA-B*40:02,spearman,0.510989010989011,13,13,False
baseline_plus_conditional_anchor_softmax,leave_one_allele_out,mse,all,HLA-B*40:02,pearson_log,0.53339946076821,13,13,False
baseline_plus_conditional_anchor_softmax,leave_one_allele_out,mse,all,HLA-B*40:02,auc_gt_2h,0.9333333333333333,13,13,False
baseline_plus_conditional_anchor_softmax,leave_one_allele_out,mse,all,HLA-B*41:01,spearman,-0.0841725622926793,13,13,False
baseline_plus_conditional_anchor_softmax,leave_one_allele_out,mse,all,HLA-B*41:01,pearson_log,-0.04550422486579003,13,13,False
baseline_plus_conditional_anchor_softmax,leave_one_allele_out,mse,all,HLA-B*41:01,auc_gt_2h,,13,13,False
baseline_plus_conditional_anchor_softmax,leave_one_allele_out,mse,all,HLA-B*42:01,spearman,-0.42857142857142855,13,13,False
baseline_plus_conditional_anchor_softmax,leave_one_allele_out,mse,all,HLA-B*42:01,pearson_log,-0.36978473478850254,13,13,False
baseline_plus_conditional_anchor_softmax,leave_one_allele_out,mse,all,HLA-B*42:01,auc_gt_2h,0.3181818181818182,13,13,False
baseline_plus_conditional_anchor_softmax,leave_one_allele_out,mse,all,HLA-B*42:02,spearman,-0.49035998740567865,13,13,False
baseline_plus_conditional_anchor_softmax,leave_one_allele_out,mse,all,HLA-B*42:02,pearson_log,-0.49665744801135914,13,13,False
baseline_plus_conditional_anchor_softmax,leave_one_allele_out,mse,all,HLA-B*42:02,auc_gt_2h,0.2380952380952381,13,13,False
baseline_plus_conditional_anchor_softmax,leave_one_allele_out,mse,all,HLA-B*44:05,spearman,-0.4380181909972074,13,13,False
baseline_plus_conditional_anchor_softmax,leave_one_allele_out,mse,all,HLA-B*44:05,pearson_log,-0.6797568731892292,13,13,False
baseline_plus_conditional_anchor_softmax,leave_one_allele_out,mse,all,HLA-B*44:05,auc_gt_2h,0.2666666666666667,13,13,False
baseline_plus_conditional_anchor_softmax,leave_one_allele_out,mse,all,HLA-B*45:01,spearman,0.16762130860037783,13,13,False
baseline_plus_conditional_anchor_softmax,leave_one_allele_out,mse,all,HLA-B*45:01,pearson_log,0.1999149503230852,13,13,False
baseline_plus_conditional_anchor_softmax,leave_one_allele_out,mse,all,HLA-B*45:01,auc_gt_2h,0.75,13,13,False
baseline_plus_conditional_anchor_softmax,leave_one_allele_out,mse,all,HLA-B*46:01,spearman,-0.19071958574335895,13,13,False
baseline_plus_conditional_anchor_softmax,leave_one_allele_out,mse,all,HLA-B*46:01,pearson_log,-0.13198712593641948,13,13,False
baseline_plus_conditional_anchor_softmax,leave_one_allele_out,mse,all,HLA-B*46:01,auc_gt_2h,0.6818181818181818,13,13,False
baseline_plus_conditional_anchor_softmax,leave_one_allele_out,mse,all,HLA-B*51:01,spearman,-0.06710955988741986,13,13,False
baseline_plus_conditional_anchor_softmax,leave_one_allele_out,mse,all,HLA-B*51:01,pearson_log,-0.06457649931295081,13,13,False
baseline_plus_conditional_anchor_softmax,leave_one_allele_out,mse,all,HLA-B*51:01,auc_gt_2h,0.4444444444444444,13,13,False
baseline_plus_conditional_anchor_softmax,leave_one_allele_out,mse,all,HLA-B*54:01,spearman,0.35042232925759803,13,13,False
baseline_plus_conditional_anchor_softmax,leave_one_allele_out,mse,all,HLA-B*54:01,pearson_log,0.40135222244571866,13,13,False
baseline_plus_conditional_anchor_softmax,leave_one_allele_out,mse,all,HLA-B*54:01,auc_gt_2h,0.9090909090909091,13,13,False
baseline_plus_conditional_anchor_softmax,leave_one_allele_out,mse,all,HLA-B*55:01,spearman,0.252657202204116,13,13,False
baseline_plus_conditional_anchor_softmax,leave_one_allele_out,mse,all,HLA-B*55:01,pearson_log,0.18780875868912505,13,13,False
baseline_plus_conditional_anchor_softmax,leave_one_allele_out,mse,all,HLA-B*55:01,auc_gt_2h,0.41666666666666663,13,13,False
baseline_plus_conditional_anchor_softmax,leave_one_allele_out,mse,all,HLA-B*56:01,spearman,-0.33160579912757493,13,13,False
baseline_plus_conditional_anchor_softmax,leave_one_allele_out,mse,all,HLA-B*56:01,pearson_log,-0.17518362744232624,13,13,False
baseline_plus_conditional_anchor_softmax,leave_one_allele_out,mse,all,HLA-B*56:01,auc_gt_2h,,13,13,False
baseline_plus_conditional_anchor_softmax,leave_one_allele_out,mse,all,HLA-B*57:01,spearman,-0.024759308154632828,13,13,False
baseline_plus_conditional_anchor_softmax,leave_one_allele_out,mse,all,HLA-B*57:01,pearson_log,0.14384947920905045,13,13,False
baseline_plus_conditional_anchor_softmax,leave_one_allele_out,mse,all,HLA-B*57:01,auc_gt_2h,0.8333333333333334,13,13,False
baseline_plus_conditional_anchor_softmax,leave_one_allele_out,mse,all,HLA-B*57:02,spearman,-0.4082793574601155,13,13,False
baseline_plus_conditional_anchor_softmax,leave_one_allele_out,mse,all,HLA-B*57:02,pearson_log,-0.4800397490417025,13,13,False
baseline_plus_conditional_anchor_softmax,leave_one_allele_out,mse,all,HLA-B*57:02,auc_gt_2h,0.04545454545454547,13,13,False
baseline_plus_conditional_anchor_softmax,leave_one_allele_out,mse,all,HLA-B*57:03,spearman,0.4230769230769231,13,13,False
baseline_plus_conditional_anchor_softmax,leave_one_allele_out,mse,all,HLA-B*57:03,pearson_log,0.29603449505960155,13,13,False
baseline_plus_conditional_anchor_softmax,leave_one_allele_out,mse,all,HLA-B*57:03,auc_gt_2h,0.5666666666666667,13,13,False
baseline_plus_conditional_anchor_softmax,leave_one_allele_out,mse,all,HLA-B*58:01,spearman,0.16506205436421884,13,13,False
baseline_plus_conditional_anchor_softmax,leave_one_allele_out,mse,all,HLA-B*58:01,pearson_log,0.02189758024834665,13,13,False
baseline_plus_conditional_anchor_softmax,leave_one_allele_out,mse,all,HLA-B*58:01,auc_gt_2h,0.6666666666666666,13,13,False
baseline_plus_conditional_anchor_softmax,leave_one_allele_out,mse,all,HLA-B*81:01,spearman,0.36617537190800536,13,13,False
baseline_plus_conditional_anchor_softmax,leave_one_allele_out,mse,all,HLA-B*81:01,pearson_log,0.4571795264179156,13,13,False
baseline_plus_conditional_anchor_softmax,leave_one_allele_out,mse,all,HLA-B*81:01,auc_gt_2h,0.6666666666666667,13,13,False
baseline_plus_conditional_anchor_softmax,leave_one_allele_out,mse,nonzero,HLA-A*01:01,spearman,0.04149476820839172,13,13,False
baseline_plus_conditional_anchor_softmax,leave_one_allele_out,mse,nonzero,HLA-A*01:01,pearson_log,0.13791040610961938,13,13,False
baseline_plus_conditional_anchor_softmax,leave_one_allele_out,mse,nonzero,HLA-A*01:01,auc_gt_2h,0.5555555555555556,13,13,False
baseline_plus_conditional_anchor_softmax,leave_one_allele_out,mse,nonzero,HLA-A*02:01,spearman,0.2508252342879179,14,14,False
baseline_plus_conditional_anchor_softmax,leave_one_allele_out,mse,nonzero,HLA-A*02:01,pearson_log,0.34023486404780473,14,14,False
baseline_plus_conditional_anchor_softmax,leave_one_allele_out,mse,nonzero,HLA-A*02:01,auc_gt_2h,0.9393939393939393,14,14,False
baseline_plus_conditional_anchor_softmax,leave_one_allele_out,mse,nonzero,HLA-A*02:03,spearman,0.13636363636363638,11,11,False
baseline_plus_conditional_anchor_softmax,leave_one_allele_out,mse,nonzero,HLA-A*02:03,pearson_log,-0.014297265336353893,11,11,False
baseline_plus_conditional_anchor_softmax,leave_one_allele_out,mse,nonzero,HLA-A*02:03,auc_gt_2h,0.41666666666666674,11,11,False
baseline_plus_conditional_anchor_softmax,leave_one_allele_out,mse,nonzero,HLA-A*02:05,spearman,0.13406593406593406,14,14,False
baseline_plus_conditional_anchor_softmax,leave_one_allele_out,mse,nonzero,HLA-A*02:05,pearson_log,-0.015214239891159304,14,14,False
baseline_plus_conditional_anchor_softmax,leave_one_allele_out,mse,nonzero,HLA-A*02:05,auc_gt_2h,0.525,14,14,False
baseline_plus_conditional_anchor_softmax,leave_one_allele_out,mse,nonzero,HLA-A*02:10,spearman,0.39780219780219783,14,14,False
baseline_plus_conditional_anchor_softmax,leave_one_allele_out,mse,nonzero,HLA-A*02:10,pearson_log,0.3538895161677935,14,14,False
baseline_plus_conditional_anchor_softmax,leave_one_allele_out,mse,nonzero,HLA-A*02:10,auc_gt_2h,0.6888888888888889,14,14,False
baseline_plus_conditional_anchor_softmax,leave_one_allele_out,mse,nonzero,HLA-A*02:11,spearman,0.19226812779822078,14,14,False
baseline_plus_conditional_anchor_softmax,leave_one_allele_out,mse,nonzero,HLA-A*02:11,pearson_log,0.3153812783982763,14,14,False
baseline_plus_conditional_anchor_softmax,leave_one_allele_out,mse,nonzero,HLA-A*02:11,auc_gt_2h,0.7916666666666667,14,14,False
baseline_plus_conditional_anchor_softmax,leave_one_allele_out,mse,nonzero,HLA-A*02:12,spearman,0.5824175824175825,14,14,False
baseline_plus_conditional_anchor_softmax,leave_one_allele_out,mse,nonzero,HLA-A*02:12,pearson_log,0.7032755679951482,14,14,False
baseline_plus_conditional_anchor_softmax,leave_one_allele_out,mse,nonzero,HLA-A*02:12,auc_gt_2h,1.0,14,14,False
baseline_plus_conditional_anchor_softmax,leave_one_allele_out,mse,nonzero,HLA-A*02:16,spearman,0.40044028631930756,14,14,False
baseline_plus_conditional_anchor_softmax,leave_one_allele_out,mse,nonzero,HLA-A*02:16,pearson_log,0.35439886548439,14,14,False
baseline_plus_conditional_anchor_softmax,leave_one_allele_out,mse,nonzero,HLA-A*02:16,auc_gt_2h,0.6363636363636364,14,14,False
baseline_plus_conditional_anchor_softmax,leave_one_allele_out,mse,nonzero,HLA-A*02:19,spearman,0.5804195804195805,12,12,False
baseline_plus_conditional_anchor_softmax,leave_one_allele_out,mse,nonzero,HLA-A*02:19,pearson_log,0.5252805266635371,12,12,False
baseline_plus_conditional_anchor_softmax,leave_one_allele_out,mse,nonzero,HLA-A*02:19,auc_gt_2h,0.8500000000000001,12,12,False
baseline_plus_conditional_anchor_softmax,leave_one_allele_out,mse,nonzero,HLA-A*02:50,spearman,0.2703296703296703,14,14,False
baseline_plus_conditional_anchor_softmax,leave_one_allele_out,mse,nonzero,HLA-A*02:50,pearson_log,0.20053965152440806,14,14,False
baseline_plus_conditional_anchor_softmax,leave_one_allele_out,mse,nonzero,HLA-A*02:50,auc_gt_2h,0.9230769230769231,14,14,False
baseline_plus_conditional_anchor_softmax,leave_one_allele_out,mse,nonzero,HLA-A*03:01,spearman,0.2837132196770302,12,12,False
baseline_plus_conditional_anchor_softmax,leave_one_allele_out,mse,nonzero,HLA-A*03:01,pearson_log,0.47550618918872345,12,12,False
baseline_plus_conditional_anchor_softmax,leave_one_allele_out,mse,nonzero,HLA-A*03:01,auc_gt_2h,0.8285714285714286,12,12,False
baseline_plus_conditional_anchor_softmax,leave_one_allele_out,mse,nonzero,HLA-A*11:01,spearman,-0.054945054945054944,14,14,False
baseline_plus_conditional_anchor_softmax,leave_one_allele_out,mse,nonzero,HLA-A*11:01,pearson_log,-0.14897818816928635,14,14,False
baseline_plus_conditional_anchor_softmax,leave_one_allele_out,mse,nonzero,HLA-A*11:01,auc_gt_2h,0.37777777777777777,14,14,False
baseline_plus_conditional_anchor_softmax,leave_one_allele_out,mse,nonzero,HLA-A*23:01,spearman,0.01098901098901099,14,14,False
baseline_plus_conditional_anchor_softmax,leave_one_allele_out,mse,nonzero,HLA-A*23:01,pearson_log,0.09232967686913954,14,14,False
baseline_plus_conditional_anchor_softmax,leave_one_allele_out,mse,nonzero,HLA-A*23:01,auc_gt_2h,0.39583333333333337,14,14,False
baseline_plus_conditional_anchor_softmax,leave_one_allele_out,mse,nonzero,HLA-A*24:02,spearman,0.20470752316139915,13,13,False
baseline_plus_conditional_anchor_softmax,leave_one_allele_out,mse,nonzero,HLA-A*24:02,pearson_log,0.258455488176499,13,13,False
baseline_plus_conditional_anchor_softmax,leave_one_allele_out,mse,nonzero,HLA-A*24:02,auc_gt_2h,0.7500000000000001,13,13,False
baseline_plus_conditional_anchor_softmax,leave_one_allele_out,mse,nonzero,HLA-A*24:03,spearman,0.3080309894763904,14,14,False
baseline_plus_conditional_anchor_softmax,leave_one_allele_out,mse,nonzero,HLA-A*24:03,pearson_log,0.2721476728389097,14,14,False
baseline_plus_conditional_anchor_softmax,leave_one_allele_out,mse,nonzero,HLA-A*24:03,auc_gt_2h,0.6666666666666666,14,14,False
baseline_plus_conditional_anchor_softmax,leave_one_allele_out,mse,nonzero,HLA-A*24:07,spearman,-0.24835164835164836,14,14,False
baseline_plus_conditional_anchor_softmax,leave_one_allele_out,mse,nonzero,HLA-A*24:07,pearson_log,-0.2632017378036243,14,14,False
baseline_plus_conditional_anchor_softmax,leave_one_allele_out,mse,nonzero,HLA-A*24:07,auc_gt_2h,0.2708333333333333,14,14,False
baseline_plus_conditional_anchor_softmax,leave_one_allele_out,mse,nonzero,HLA-A*24:19,spearman,0.1666666666666667,8,8,False
baseline_plus_conditional_anchor_softmax,leave_one_allele_out,mse,nonzero,HLA-A*24:19,pearson_log,0.3890281766738162,8,8,False
baseline_plus_conditional_anchor_softmax,leave_one_allele_out,mse,nonzero,HLA-A*24:19,auc_gt_2h,0.7142857142857143,8,8,False
baseline_plus_conditional_anchor_softmax,leave_one_allele_out,mse,nonzero,HLA-A*25:01,spearman,0.19999999999999998,9,9,False
baseline_plus_conditional_anchor_softmax,leave_one_allele_out,mse,nonzero,HLA-A*25:01,pearson_log,0.03562217816008055,9,9,False
baseline_plus_conditional_anchor_softmax,leave_one_allele_out,mse,nonzero,HLA-A*25:01,auc_gt_2h,0.4444444444444444,9,9,False
baseline_plus_conditional_anchor_softmax,leave_one_allele_out,mse,nonzero,HLA-A*26:01,spearman,-0.31857055725676703,13,13,False
baseline_plus_conditional_anchor_softmax,leave_one_allele_out,mse,nonzero,HLA-A*26:01,pearson_log,-0.18996337485016523,13,13,False
baseline_plus_conditional_anchor_softmax,leave_one_allele_out,mse,nonzero,HLA-A*26:01,auc_gt_2h,0.3,13,13,False
baseline_plus_conditional_anchor_softmax,leave_one_allele_out,mse,nonzero,HLA-A*26:02,spearman,0.34710875512986245,13,13,False
baseline_plus_conditional_anchor_softmax,leave_one_allele_out,mse,nonzero,HLA-A*26:02,pearson_log,0.4231780508330697,13,13,False
baseline_plus_conditional_anchor_softmax,leave_one_allele_out,mse,nonzero,HLA-A*26:02,auc_gt_2h,0.5714285714285714,13,13,False
baseline_plus_conditional_anchor_softmax,leave_one_allele_out,mse,nonzero,HLA-A*26:03,spearman,0.036147201953390995,8,8,False
baseline_plus_conditional_anchor_softmax,leave_one_allele_out,mse,nonzero,HLA-A*26:03,pearson_log,0.17203745494156333,8,8,False
baseline_plus_conditional_anchor_softmax,leave_one_allele_out,mse,nonzero,HLA-A*26:03,auc_gt_2h,0.6,8,8,False
baseline_plus_conditional_anchor_softmax,leave_one_allele_out,mse,nonzero,HLA-A*29:02,spearman,0.059340659340659345,14,14,False
baseline_plus_conditional_anchor_softmax,leave_one_allele_out,mse,nonzero,HLA-A*29:02,pearson_log,0.14519457503487815,14,14,False
baseline_plus_conditional_anchor_softmax,leave_one_allele_out,mse,nonzero,HLA-A*29:02,auc_gt_2h,0.47916666666666674,14,14,False
baseline_plus_conditional_anchor_softmax,leave_one_allele_out,mse,nonzero,HLA-A*30:01,spearman,0.09132515299544462,11,11,False
baseline_plus_conditional_anchor_softmax,leave_one_allele_out,mse,nonzero,HLA-A*30:01,pearson_log,0.2641542322753122,11,11,False
baseline_plus_conditional_anchor_softmax,leave_one_allele_out,mse,nonzero,HLA-A*30:01,auc_gt_2h,0.4444444444444445,11,11,False
baseline_plus_conditional_anchor_softmax,leave_one_allele_out,mse,nonzero,HLA-A*30:02,spearman,-0.0892713153411489,13,13,False
baseline_plus_conditional_anchor_softmax,leave_one_allele_out,mse,nonzero,HLA-A*30:02,pearson_log,-0.08090728233943231,13,13,False
baseline_plus_conditional_anchor_softmax,leave_one_allele_out,mse,nonzero,HLA-A*30:02,auc_gt_2h,0.3888888888888889,13,13,False
baseline_plus_conditional_anchor_softmax,leave_one_allele_out,mse,nonzero,HLA-A*31:01,spearman,0.0796477720403002,14,14,False
baseline_plus_conditional_anchor_softmax,leave_one_allele_out,mse,nonzero,HLA-A*31:01,pearson_log,-0.22549264692578816,14,14,False
baseline_plus_conditional_anchor_softmax,leave_one_allele_out,mse,nonzero,HLA-A*31:01,auc_gt_2h,0.5454545454545454,14,14,False
baseline_plus_conditional_anchor_softmax,leave_one_allele_out,mse,nonzero,HLA-A*32:01,spearman,0.04979372185007007,13,13,False
baseline_plus_conditional_anchor_softmax,leave_one_allele_out,mse,nonzero,HLA-A*32:01,pearson_log,0.05655480091602798,13,13,False
baseline_plus_conditional_anchor_softmax,leave_one_allele_out,mse,nonzero,HLA-A*32:01,auc_gt_2h,0.475,13,13,False
baseline_plus_conditional_anchor_softmax,leave_one_allele_out,mse,nonzero,HLA-A*32:07,spearman,0.5649217389969745,11,11,False
baseline_plus_conditional_anchor_softmax,leave_one_allele_out,mse,nonzero,HLA-A*32:07,pearson_log,0.6844201828958587,11,11,False
baseline_plus_conditional_anchor_softmax,leave_one_allele_out,mse,nonzero,HLA-A*32:07,auc_gt_2h,0.7857142857142857,11,11,False
baseline_plus_conditional_anchor_softmax,leave_one_allele_out,mse,nonzero,HLA-A*33:03,spearman,0.03603749850782236,7,7,False
baseline_plus_conditional_anchor_softmax,leave_one_allele_out,mse,nonzero,HLA-A*33:03,pearson_log,-0.24032269806061368,7,7,False
baseline_plus_conditional_anchor_softmax,leave_one_allele_out,mse,nonzero,HLA-A*33:03,auc_gt_2h,0.41666666666666663,7,7,False
baseline_plus_conditional_anchor_softmax,leave_one_allele_out,mse,nonzero,HLA-A*43:01,spearman,-0.11114609920353144,12,12,False
baseline_plus_conditional_anchor_softmax,leave_one_allele_out,mse,nonzero,HLA-A*43:01,pearson_log,-0.20469455415815174,12,12,False
baseline_plus_conditional_anchor_softmax,leave_one_allele_out,mse,nonzero,HLA-A*43:01,auc_gt_2h,0.18181818181818177,12,12,False
baseline_plus_conditional_anchor_softmax,leave_one_allele_out,mse,nonzero,HLA-A*66:01,spearman,0.6214172674538865,9,9,False
baseline_plus_conditional_anchor_softmax,leave_one_allele_out,mse,nonzero,HLA-A*66:01,pearson_log,0.7336674084690005,9,9,False
baseline_plus_conditional_anchor_softmax,leave_one_allele_out,mse,nonzero,HLA-A*66:01,auc_gt_2h,0.875,9,9,False
baseline_plus_conditional_anchor_softmax,leave_one_allele_out,mse,nonzero,HLA-A*68:01,spearman,-0.24924127290882647,10,10,False
baseline_plus_conditional_anchor_softmax,leave_one_allele_out,mse,nonzero,HLA-A*68:01,pearson_log,-0.2740390743090174,10,10,False
baseline_plus_conditional_anchor_softmax,leave_one_allele_out,mse,nonzero,HLA-A*68:01,auc_gt_2h,0.14285714285714288,10,10,False
baseline_plus_conditional_anchor_softmax,leave_one_allele_out,mse,nonzero,HLA-A*68:02,spearman,-0.10468359281694264,13,13,False
baseline_plus_conditional_anchor_softmax,leave_one_allele_out,mse,nonzero,HLA-A*68:02,pearson_log,-0.17934517231010152,13,13,False
baseline_plus_conditional_anchor_softmax,leave_one_allele_out,mse,nonzero,HLA-A*68:02,auc_gt_2h,0.16666666666666663,13,13,False
baseline_plus_conditional_anchor_softmax,leave_one_allele_out,mse,nonzero,HLA-A*68:23,spearman,-0.11291981880147614,10,10,False
baseline_plus_conditional_anchor_softmax,leave_one_allele_out,mse,nonzero,HLA-A*68:23,pearson_log,0.16606483887999843,10,10,False
baseline_plus_conditional_anchor_softmax,leave_one_allele_out,mse,nonzero,HLA-A*68:23,auc_gt_2h,1.0,10,10,False
baseline_plus_conditional_anchor_softmax,leave_one_allele_out,mse,nonzero,HLA-A*69:01,spearman,-0.25210974204480535,9,9,False
baseline_plus_conditional_anchor_softmax,leave_one_allele_out,mse,nonzero,HLA-A*69:01,pearson_log,-0.11192422834384265,9,9,False
baseline_plus_conditional_anchor_softmax,leave_one_allele_out,mse,nonzero,HLA-A*69:01,auc_gt_2h,0.125,9,9,False
baseline_plus_conditional_anchor_softmax,leave_one_allele_out,mse,nonzero,HLA-A*74:01,spearman,-0.31228262409101426,12,12,False
baseline_plus_conditional_anchor_softmax,leave_one_allele_out,mse,nonzero,HLA-A*74:01,pearson_log,-0.2372718815874769,12,12,False
baseline_plus_conditional_anchor_softmax,leave_one_allele_out,mse,nonzero,HLA-A*74:01,auc_gt_2h,0.2857142857142857,12,12,False
baseline_plus_conditional_anchor_softmax,leave_one_allele_out,mse,nonzero,HLA-A*80:01,spearman,0.483200763583236,10,10,False
baseline_plus_conditional_anchor_softmax,leave_one_allele_out,mse,nonzero,HLA-A*80:01,pearson_log,0.5193936942282905,10,10,False
baseline_plus_conditional_anchor_softmax,leave_one_allele_out,mse,nonzero,HLA-A*80:01,auc_gt_2h,0.5625,10,10,False
baseline_plus_conditional_anchor_softmax,leave_one_allele_out,mse,nonzero,HLA-B*07:02,spearman,0.07192426489454565,13,13,False
baseline_plus_conditional_anchor_softmax,leave_one_allele_out,mse,nonzero,HLA-B*07:02,pearson_log,0.0665830337281533,13,13,False
baseline_plus_conditional_anchor_softmax,leave_one_allele_out,mse,nonzero,HLA-B*07:02,auc_gt_2h,0.6190476190476191,13,13,False
baseline_plus_conditional_anchor_softmax,leave_one_allele_out,mse,nonzero,HLA-B*08:01,spearman,0.006135431191398488,10,10,False
baseline_plus_conditional_anchor_softmax,leave_one_allele_out,mse,nonzero,HLA-B*08:01,pearson_log,-0.09219479057848079,10,10,False
baseline_plus_conditional_anchor_softmax,leave_one_allele_out,mse,nonzero,HLA-B*08:01,auc_gt_2h,,10,10,False
baseline_plus_conditional_anchor_softmax,leave_one_allele_out,mse,nonzero,HLA-B*08:03,spearman,0.2542738138578039,9,9,False
baseline_plus_conditional_anchor_softmax,leave_one_allele_out,mse,nonzero,HLA-B*08:03,pearson_log,0.23938508453788598,9,9,False
baseline_plus_conditional_anchor_softmax,leave_one_allele_out,mse,nonzero,HLA-B*08:03,auc_gt_2h,0.6666666666666666,9,9,False
baseline_plus_conditional_anchor_softmax,leave_one_allele_out,mse,nonzero,HLA-B*13:02,spearman,0.19999999999999998,4,4,False
baseline_plus_conditional_anchor_softmax,leave_one_allele_out,mse,nonzero,HLA-B*13:02,pearson_log,-0.18762127607336548,4,4,False
baseline_plus_conditional_anchor_softmax,leave_one_allele_out,mse,nonzero,HLA-B*13:02,auc_gt_2h,0.3333333333333333,4,4,False
baseline_plus_conditional_anchor_softmax,leave_one_allele_out,mse,nonzero,HLA-B*14:01(C67S),spearman,,1,1,True
baseline_plus_conditional_anchor_softmax,leave_one_allele_out,mse,nonzero,HLA-B*14:01(C67S),pearson_log,,1,1,True
baseline_plus_conditional_anchor_softmax,leave_one_allele_out,mse,nonzero,HLA-B*14:01(C67S),auc_gt_2h,,1,1,True
baseline_plus_conditional_anchor_softmax,leave_one_allele_out,mse,nonzero,HLA-B*14:02(C67S),spearman,-0.09999999999999999,5,5,False
baseline_plus_conditional_anchor_softmax,leave_one_allele_out,mse,nonzero,HLA-B*14:02(C67S),pearson_log,-0.33185685347879224,5,5,False
baseline_plus_conditional_anchor_softmax,leave_one_allele_out,mse,nonzero,HLA-B*14:02(C67S),auc_gt_2h,0.0,5,5,False
baseline_plus_conditional_anchor_softmax,leave_one_allele_out,mse,nonzero,HLA-B*15:01,spearman,0.38181818181818183,11,11,False
baseline_plus_conditional_anchor_softmax,leave_one_allele_out,mse,nonzero,HLA-B*15:01,pearson_log,0.42429752610534777,11,11,False
baseline_plus_conditional_anchor_softmax,leave_one_allele_out,mse,nonzero,HLA-B*15:01,auc_gt_2h,0.8333333333333333,11,11,False
baseline_plus_conditional_anchor_softmax,leave_one_allele_out,mse,nonzero,HLA-B*15:02,spearman,0.6904761904761906,8,8,False
baseline_plus_conditional_anchor_softmax,leave_one_allele_out,mse,nonzero,HLA-B*15:02,pearson_log,0.7138842917783599,8,8,False
baseline_plus_conditional_anchor_softmax,leave_one_allele_out,mse,nonzero,HLA-B*15:02,auc_gt_2h,0.9333333333333333,8,8,False
baseline_plus_conditional_anchor_softmax,leave_one_allele_out,mse,nonzero,HLA-B*15:10,spearman,-0.1331000289842858,12,12,False
baseline_plus_conditional_anchor_softmax,leave_one_allele_out,mse,nonzero,HLA-B*15:10,pearson_log,-0.07435229519571453,12,12,False
baseline_plus_conditional_anchor_softmax,leave_one_allele_out,mse,nonzero,HLA-B*15:10,auc_gt_2h,0.5,12,12,False
baseline_plus_conditional_anchor_softmax,leave_one_allele_out,mse,nonzero,HLA-B*15:17,spearman,0.7317209199829249,10,10,False
baseline_plus_conditional_anchor_softmax,leave_one_allele_out,mse,nonzero,HLA-B*15:17,pearson_log,0.5795965206189614,10,10,False
baseline_plus_conditional_anchor_softmax,leave_one_allele_out,mse,nonzero,HLA-B*15:17,auc_gt_2h,0.8095238095238095,10,10,False
baseline_plus_conditional_anchor_softmax,leave_one_allele_out,mse,nonzero,HLA-B*18:01,spearman,0.25309515002513555,13,13,False
baseline_plus_conditional_anchor_softmax,leave_one_allele_out,mse,nonzero,HLA-B*18:01,pearson_log,0.27459803205080824,13,13,False
baseline_plus_conditional_anchor_softmax,leave_one_allele_out,mse,nonzero,HLA-B*18:01,auc_gt_2h,0.6190476190476191,13,13,False
baseline_plus_conditional_anchor_softmax,leave_one_allele_out,mse,nonzero,HLA-B*27:02,spearman,0.24771684715343112,11,11,False
baseline_plus_conditional_anchor_softmax,leave_one_allele_out,mse,nonzero,HLA-B*27:02,pearson_log,0.4263304737241988,11,11,False
baseline_plus_conditional_anchor_softmax,leave_one_allele_out,mse,nonzero,HLA-B*27:02,auc_gt_2h,0.7857142857142857,11,11,False
baseline_plus_conditional_anchor_softmax,leave_one_allele_out,mse,nonzero,HLA-B*27:03,spearman,0.35983578576496095,9,9,False
baseline_plus_conditional_anchor_softmax,leave_one_allele_out,mse,nonzero,HLA-B*27:03,pearson_log,0.5188991797821816,9,9,False
baseline_plus_conditional_anchor_softmax,leave_one_allele_out,mse,nonzero,HLA-B*27:03,auc_gt_2h,0.65,9,9,False
baseline_plus_conditional_anchor_softmax,leave_one_allele_out,mse,nonzero,HLA-B*27:05,spearman,0.10502392594476133,11,11,False
baseline_plus_conditional_anchor_softmax,leave_one_allele_out,mse,nonzero,HLA-B*27:05,pearson_log,0.28590754345041725,11,11,False
baseline_plus_conditional_anchor_softmax,leave_one_allele_out,mse,nonzero,HLA-B*27:05,auc_gt_2h,0.5,11,11,False
baseline_plus_conditional_anchor_softmax,leave_one_allele_out,mse,nonzero,HLA-B*27:20,spearman,-0.24145848521644878,11,11,False
baseline_plus_conditional_anchor_softmax,leave_one_allele_out,mse,nonzero,HLA-B*27:20,pearson_log,-0.27586368572673614,11,11,False
baseline_plus_conditional_anchor_softmax,leave_one_allele_out,mse,nonzero,HLA-B*27:20,auc_gt_2h,0.4642857142857143,11,11,False
baseline_plus_conditional_anchor_softmax,leave_one_allele_out,mse,nonzero,HLA-B*35:01,spearman,0.25941649671427414,9,9,False
baseline_plus_conditional_anchor_softmax,leave_one_allele_out,mse,nonzero,HLA-B*35:01,pearson_log,0.23825488927823776,9,9,False
baseline_plus_conditional_anchor_softmax,leave_one_allele_out,mse,nonzero,HLA-B*35:01,auc_gt_2h,0.6666666666666666,9,9,False
baseline_plus_conditional_anchor_softmax,leave_one_allele_out,mse,nonzero,HLA-B*35:03,spearman,0.34035297232391437,12,12,False
baseline_plus_conditional_anchor_softmax,leave_one_allele_out,mse,nonzero,HLA-B*35:03,pearson_log,0.18225529535307142,12,12,False
baseline_plus_conditional_anchor_softmax,leave_one_allele_out,mse,nonzero,HLA-B*35:03,auc_gt_2h,0.5142857142857142,12,12,False
baseline_plus_conditional_anchor_softmax,leave_one_allele_out,mse,nonzero,HLA-B*35:08,spearman,0.160930171455096,11,11,False
baseline_plus_conditional_anchor_softmax,leave_one_allele_out,mse,nonzero,HLA-B*35:08,pearson_log,0.14823363393642447,11,11,False
baseline_plus_conditional_anchor_softmax,leave_one_allele_out,mse,nonzero,HLA-B*35:08,auc_gt_2h,0.5,11,11,False
baseline_plus_conditional_anchor_softmax,leave_one_allele_out,mse,nonzero,HLA-B*39:01,spearman,0.5467294060851865,11,11,False
baseline_plus_conditional_anchor_softmax,leave_one_allele_out,mse,nonzero,HLA-B*39:01,pearson_log,0.8443170683688662,11,11,False
baseline_plus_conditional_anchor_softmax,leave_one_allele_out,mse,nonzero,HLA-B*39:01,auc_gt_2h,1.0,11,11,False
baseline_plus_conditional_anchor_softmax,leave_one_allele_out,mse,nonzero,HLA-B*39:02,spearman,0.08475793795260131,9,9,False
baseline_plus_conditional_anchor_softmax,leave_one_allele_out,mse,nonzero,HLA-B*39:02,pearson_log,-0.08732665411791647,9,9,False
baseline_plus_conditional_anchor_softmax,leave_one_allele_out,mse,nonzero,HLA-B*39:02,auc_gt_2h,0.7857142857142857,9,9,False
baseline_plus_conditional_anchor_softmax,leave_one_allele_out,mse,nonzero,HLA-B*39:06(C67S),spearman,,1,1,True
baseline_plus_conditional_anchor_softmax,leave_one_allele_out,mse,nonzero,HLA-B*39:06(C67S),pearson_log,,1,1,True
baseline_plus_conditional_anchor_softmax,leave_one_allele_out,mse,nonzero,HLA-B*39:06(C67S),auc_gt_2h,,1,1,True
baseline_plus_conditional_anchor_softmax,leave_one_allele_out,mse,nonzero,HLA-B*39:10,spearman,-0.39090909090909093,11,11,False
baseline_plus_conditional_anchor_softmax,leave_one_allele_out,mse,nonzero,HLA-B*39:10,pearson_log,-0.2897960290283601,11,11,False
baseline_plus_conditional_anchor_softmax,leave_one_allele_out,mse,nonzero,HLA-B*39:10,auc_gt_2h,0.16666666666666666,11,11,False
baseline_plus_conditional_anchor_softmax,leave_one_allele_out,mse,nonzero,HLA-B*40:01,spearman,-0.2561419276252139,12,12,False
baseline_plus_conditional_anchor_softmax,leave_one_allele_out,mse,nonzero,HLA-B*40:01,pearson_log,-0.3504739713373906,12,12,False
baseline_plus_conditional_anchor_softmax,leave_one_allele_out,mse,nonzero,HLA-B*40:01,auc_gt_2h,0.9090909090909091,12,12,False
baseline_plus_conditional_anchor_softmax,leave_one_allele_out,mse,nonzero,HLA-B*40:02,spearman,0.510989010989011,13,13,False
baseline_plus_conditional_anchor_softmax,leave_one_allele_out,mse,nonzero,HLA-B*40:02,pearson_log,0.53339946076821,13,13,False
baseline_plus_conditional_anchor_softmax,leave_one_allele_out,mse,nonzero,HLA-B*40:02,auc_gt_2h,0.9333333333333333,13,13,False
baseline_plus_conditional_anchor_softmax,leave_one_allele_out,mse,nonzero,HLA-B*41:01,spearman,0.15179418517972906,6,6,False
baseline_plus_conditional_anchor_softmax,leave_one_allele_out,mse,nonzero,HLA-B*41:01,pearson_log,0.349758805394953,6,6,False
baseline_plus_conditional_anchor_softmax,leave_one_allele_out,mse,nonzero,HLA-B*41:01,auc_gt_2h,,6,6,False
baseline_plus_conditional_anchor_softmax,leave_one_allele_out,mse,nonzero,HLA-B*42:01,spearman,-0.32867132867132864,12,12,False
baseline_plus_conditional_anchor_softmax,leave_one_allele_out,mse,nonzero,HLA-B*42:01,pearson_log,-0.09303887291219104,12,12,False
baseline_plus_conditional_anchor_softmax,leave_one_allele_out,mse,nonzero,HLA-B*42:01,auc_gt_2h,0.5454545454545454,12,12,False
baseline_plus_conditional_anchor_softmax,leave_one_allele_out,mse,nonzero,HLA-B*42:02,spearman,-0.6332590461337052,11,11,False
baseline_plus_conditional_anchor_softmax,leave_one_allele_out,mse,nonzero,HLA-B*42:02,pearson_log,-0.7199986859966072,11,11,False
baseline_plus_conditional_anchor_softmax,leave_one_allele_out,mse,nonzero,HLA-B*42:02,auc_gt_2h,0.19999999999999998,11,11,False
baseline_plus_conditional_anchor_softmax,leave_one_allele_out,mse,nonzero,HLA-B*44:05,spearman,-0.2842122758581141,12,12,False
baseline_plus_conditional_anchor_softmax,leave_one_allele_out,mse,nonzero,HLA-B*44:05,pearson_log,-0.2764961167648924,12,12,False
baseline_plus_conditional_anchor_softmax,leave_one_allele_out,mse,nonzero,HLA-B*44:05,auc_gt_2h,0.4,12,12,False
baseline_plus_conditional_anchor_softmax,leave_one_allele_out,mse,nonzero,HLA-B*45:01,spearman,0.0,3,3,False
baseline_plus_conditional_anchor_softmax,leave_one_allele_out,mse,nonzero,HLA-B*45:01,pearson_log,0.2431230705376868,3,3,False
baseline_plus_conditional_anchor_softmax,leave_one_allele_out,mse,nonzero,HLA-B*45:01,auc_gt_2h,0.5,3,3,False
baseline_plus_conditional_anchor_softmax,leave_one_allele_out,mse,nonzero,HLA-B*46:01,spearman,-0.14285714285714288,7,7,False
baseline_plus_conditional_anchor_softmax,leave_one_allele_out,mse,nonzero,HLA-B*46:01,pearson_log,-0.11318280925679113,7,7,False
baseline_plus_conditional_anchor_softmax,leave_one_allele_out,mse,nonzero,HLA-B*46:01,auc_gt_2h,0.8,7,7,False
baseline_plus_conditional_anchor_softmax,leave_one_allele_out,mse,nonzero,HLA-B*51:01,spearman,0.19999999999999998,4,4,False
baseline_plus_conditional_anchor_softmax,leave_one_allele_out,mse,nonzero,HLA-B*51:01,pearson_log,0.35556128388453784,4,4,False
baseline_plus_conditional_anchor_softmax,leave_one_allele_out,mse,nonzero,HLA-B*51:01,auc_gt_2h,,4,4,False
baseline_plus_conditional_anchor_softmax,leave_one_allele_out,mse,nonzero,HLA-B*54:01,spearman,0.4047619047619048,8,8,False
baseline_plus_conditional_anchor_softmax,leave_one_allele_out,mse,nonzero,HLA-B*54:01,pearson_log,0.5379121152427533,8,8,False
baseline_plus_conditional_anchor_softmax,leave_one_allele_out,mse,nonzero,HLA-B*54:01,auc_gt_2h,1.0,8,8,False
baseline_plus_conditional_anchor_softmax,leave_one_allele_out,mse,nonzero,HLA-B*55:01,spearman,-1.0,3,3,False
baseline_plus_conditional_anchor_softmax,leave_one_allele_out,mse,nonzero,HLA-B*55:01,pearson_log,-0.9971499782961919,3,3,False
baseline_plus_conditional_anchor_softmax,leave_one_allele_out,mse,nonzero,HLA-B*55:01,auc_gt_2h,0.0,3,3,False
baseline_plus_conditional_anchor_softmax,leave_one_allele_out,mse,nonzero,HLA-B*56:01,spearman,-0.7711403083390079,8,8,False
baseline_plus_conditional_anchor_softmax,leave_one_allele_out,mse,nonzero,HLA-B*56:01,pearson_log,-0.7067624647126893,8,8,False
baseline_plus_conditional_anchor_softmax,leave_one_allele_out,mse,nonzero,HLA-B*56:01,auc_gt_2h,,8,8,False
baseline_plus_conditional_anchor_softmax,leave_one_allele_out,mse,nonzero,HLA-B*57:01,spearman,-0.19965004347642867,12,12,False
baseline_plus_conditional_anchor_softmax,leave_one_allele_out,mse,nonzero,HLA-B*57:01,pearson_log,-0.3996988943864892,12,12,False
baseline_plus_conditional_anchor_softmax,leave_one_allele_out,mse,nonzero,HLA-B*57:01,auc_gt_2h,,12,12,False
baseline_plus_conditional_anchor_softmax,leave_one_allele_out,mse,nonzero,HLA-B*57:02,spearman,-0.4082793574601155,13,13,False
baseline_plus_conditional_anchor_softmax,leave_one_allele_out,mse,nonzero,HLA-B*57:02,pearson_log,-0.4800397490417025,13,13,False
baseline_plus_conditional_anchor_softmax,leave_one_allele_out,mse,nonzero,HLA-B*57:02,auc_gt_2h,0.04545454545454547,13,13,False
baseline_plus_conditional_anchor_softmax,leave_one_allele_out,mse,nonzero,HLA-B*57:03,spearman,0.4230769230769231,13,13,False
baseline_plus_conditional_anchor_softmax,leave_one_allele_out,mse,nonzero,HLA-B*57:03,pearson_log,0.29603449505960155,13,13,False
baseline_plus_conditional_anchor_softmax,leave_one_allele_out,mse,nonzero,HLA-B*57:03,auc_gt_2h,0.5666666666666667,13,13,False
baseline_plus_conditional_anchor_softmax,leave_one_allele_out,mse,nonzero,HLA-B*58:01,spearman,0.287215852018722,12,12,False
baseline_plus_conditional_anchor_softmax,leave_one_allele_out,mse,nonzero,HLA-B*58:01,pearson_log,0.316100799379399,12,12,False
baseline_plus_conditional_anchor_softmax,leave_one_allele_out,mse,nonzero,HLA-B*58:01,auc_gt_2h,0.7142857142857143,12,12,False
baseline_plus_conditional_anchor_softmax,leave_one_allele_out,mse,nonzero,HLA-B*81:01,spearman,0.07834850145691208,11,11,False
baseline_plus_conditional_anchor_softmax,leave_one_allele_out,mse,nonzero,HLA-B*81:01,pearson_log,0.11137025954421892,11,11,False
baseline_plus_conditional_anchor_softmax,leave_one_allele_out,mse,nonzero,HLA-B*81:01,auc_gt_2h,0.6,11,11,False
baseline_plus_conditional_anchor_softmax,peptide_disjoint,mse,all,HLA-A*01:01,spearman,,2,2,False
baseline_plus_conditional_anchor_softmax,peptide_disjoint,mse,all,HLA-A*01:01,pearson_log,,2,2,False
baseline_plus_conditional_anchor_softmax,peptide_disjoint,mse,all,HLA-A*01:01,auc_gt_2h,1.0,2,2,False
baseline_plus_conditional_anchor_softmax,peptide_disjoint,mse,all,HLA-A*02:01,spearman,0.5,3,3,False
baseline_plus_conditional_anchor_softmax,peptide_disjoint,mse,all,HLA-A*02:01,pearson_log,0.08182797395352084,3,3,False
baseline_plus_conditional_anchor_softmax,peptide_disjoint,mse,all,HLA-A*02:01,auc_gt_2h,,3,3,False
baseline_plus_conditional_anchor_softmax,peptide_disjoint,mse,all,HLA-A*02:03,spearman,,2,2,False
baseline_plus_conditional_anchor_softmax,peptide_disjoint,mse,all,HLA-A*02:03,pearson_log,,2,2,False
baseline_plus_conditional_anchor_softmax,peptide_disjoint,mse,all,HLA-A*02:03,auc_gt_2h,0.0,2,2,False
baseline_plus_conditional_anchor_softmax,peptide_disjoint,mse,all,HLA-A*02:05,spearman,0.19999999999999998,5,5,False
baseline_plus_conditional_anchor_softmax,peptide_disjoint,mse,all,HLA-A*02:05,pearson_log,-0.1423812303828037,5,5,False
baseline_plus_conditional_anchor_softmax,peptide_disjoint,mse,all,HLA-A*02:05,auc_gt_2h,0.3333333333333333,5,5,False
baseline_plus_conditional_anchor_softmax,peptide_disjoint,mse,all,HLA-A*02:10,spearman,,2,2,False
baseline_plus_conditional_anchor_softmax,peptide_disjoint,mse,all,HLA-A*02:10,pearson_log,,2,2,False
baseline_plus_conditional_anchor_softmax,peptide_disjoint,mse,all,HLA-A*02:10,auc_gt_2h,1.0,2,2,False
baseline_plus_conditional_anchor_softmax,peptide_disjoint,mse,all,HLA-A*02:11,spearman,,2,2,False
baseline_plus_conditional_anchor_softmax,peptide_disjoint,mse,all,HLA-A*02:11,pearson_log,,2,2,False
baseline_plus_conditional_anchor_softmax,peptide_disjoint,mse,all,HLA-A*02:11,auc_gt_2h,,2,2,False
baseline_plus_conditional_anchor_softmax,peptide_disjoint,mse,all,HLA-A*02:12,spearman,1.0,4,4,False
baseline_plus_conditional_anchor_softmax,peptide_disjoint,mse,all,HLA-A*02:12,pearson_log,0.9900084253541026,4,4,False
baseline_plus_conditional_anchor_softmax,peptide_disjoint,mse,all,HLA-A*02:12,auc_gt_2h,1.0,4,4,False
baseline_plus_conditional_anchor_softmax,peptide_disjoint,mse,all,HLA-A*02:19,spearman,0.49999999999999994,5,5,False
baseline_plus_conditional_anchor_softmax,peptide_disjoint,mse,all,HLA-A*02:19,pearson_log,0.47768270948805724,5,5,False
baseline_plus_conditional_anchor_softmax,peptide_disjoint,mse,all,HLA-A*02:19,auc_gt_2h,0.75,5,5,False
baseline_plus_conditional_anchor_softmax,peptide_disjoint,mse,all,HLA-A*02:50,spearman,0.7999999999999999,4,4,False
baseline_plus_conditional_anchor_softmax,peptide_disjoint,mse,all,HLA-A*02:50,pearson_log,0.568000211745727,4,4,False
baseline_plus_conditional_anchor_softmax,peptide_disjoint,mse,all,HLA-A*02:50,auc_gt_2h,,4,4,False
baseline_plus_conditional_anchor_softmax,peptide_disjoint,mse,all,HLA-A*03:01,spearman,0.19999999999999998,5,5,False
baseline_plus_conditional_anchor_softmax,peptide_disjoint,mse,all,HLA-A*03:01,pearson_log,-0.15895285091517591,5,5,False
baseline_plus_conditional_anchor_softmax,peptide_disjoint,mse,all,HLA-A*03:01,auc_gt_2h,0.5,5,5,False
baseline_plus_conditional_anchor_softmax,peptide_disjoint,mse,all,HLA-A*11:01,spearman,,1,1,True
baseline_plus_conditional_anchor_softmax,peptide_disjoint,mse,all,HLA-A*11:01,pearson_log,,1,1,True
baseline_plus_conditional_anchor_softmax,peptide_disjoint,mse,all,HLA-A*11:01,auc_gt_2h,,1,1,True
baseline_plus_conditional_anchor_softmax,peptide_disjoint,mse,all,HLA-A*23:01,spearman,,2,2,False
baseline_plus_conditional_anchor_softmax,peptide_disjoint,mse,all,HLA-A*23:01,pearson_log,,2,2,False
baseline_plus_conditional_anchor_softmax,peptide_disjoint,mse,all,HLA-A*23:01,auc_gt_2h,1.0,2,2,False
baseline_plus_conditional_anchor_softmax,peptide_disjoint,mse,all,HLA-A*24:02,spearman,0.0,4,4,False
baseline_plus_conditional_anchor_softmax,peptide_disjoint,mse,all,HLA-A*24:02,pearson_log,0.2372159599354987,4,4,False
baseline_plus_conditional_anchor_softmax,peptide_disjoint,mse,all,HLA-A*24:02,auc_gt_2h,0.75,4,4,False
baseline_plus_conditional_anchor_softmax,peptide_disjoint,mse,all,HLA-A*24:03,spearman,,2,2,False
baseline_plus_conditional_anchor_softmax,peptide_disjoint,mse,all,HLA-A*24:03,pearson_log,,2,2,False
baseline_plus_conditional_anchor_softmax,peptide_disjoint,mse,all,HLA-A*24:03,auc_gt_2h,,2,2,False
baseline_plus_conditional_anchor_softmax,peptide_disjoint,mse,all,HLA-A*24:07,spearman,,2,2,False
baseline_plus_conditional_anchor_softmax,peptide_disjoint,mse,all,HLA-A*24:07,pearson_log,,2,2,False
baseline_plus_conditional_anchor_softmax,peptide_disjoint,mse,all,HLA-A*24:07,auc_gt_2h,0.0,2,2,False
baseline_plus_conditional_anchor_softmax,peptide_disjoint,mse,all,HLA-A*24:19,spearman,0.5,3,3,False
baseline_plus_conditional_anchor_softmax,peptide_disjoint,mse,all,HLA-A*24:19,pearson_log,0.7251495296087476,3,3,False
baseline_plus_conditional_anchor_softmax,peptide_disjoint,mse,all,HLA-A*24:19,auc_gt_2h,,3,3,False
baseline_plus_conditional_anchor_softmax,peptide_disjoint,mse,all,HLA-A*25:01,spearman,,1,1,True
baseline_plus_conditional_anchor_softmax,peptide_disjoint,mse,all,HLA-A*25:01,pearson_log,,1,1,True
baseline_plus_conditional_anchor_softmax,peptide_disjoint,mse,all,HLA-A*25:01,auc_gt_2h,,1,1,True
baseline_plus_conditional_anchor_softmax,peptide_disjoint,mse,all,HLA-A*26:01,spearman,-1.0,3,3,False
baseline_plus_conditional_anchor_softmax,peptide_disjoint,mse,all,HLA-A*26:01,pearson_log,-0.976952503662873,3,3,False
baseline_plus_conditional_anchor_softmax,peptide_disjoint,mse,all,HLA-A*26:01,auc_gt_2h,,3,3,False
baseline_plus_conditional_anchor_softmax,peptide_disjoint,mse,all,HLA-A*26:02,spearman,,2,2,False
baseline_plus_conditional_anchor_softmax,peptide_disjoint,mse,all,HLA-A*26:02,pearson_log,,2,2,False
baseline_plus_conditional_anchor_softmax,peptide_disjoint,mse,all,HLA-A*26:02,auc_gt_2h,,2,2,False
baseline_plus_conditional_anchor_softmax,peptide_disjoint,mse,all,HLA-A*26:03,spearman,,1,1,True
baseline_plus_conditional_anchor_softmax,peptide_disjoint,mse,all,HLA-A*26:03,pearson_log,,1,1,True
baseline_plus_conditional_anchor_softmax,peptide_disjoint,mse,all,HLA-A*26:03,auc_gt_2h,,1,1,True
baseline_plus_conditional_anchor_softmax,peptide_disjoint,mse,all,HLA-A*29:02,spearman,0.8999999999999998,5,5,False
baseline_plus_conditional_anchor_softmax,peptide_disjoint,mse,all,HLA-A*29:02,pearson_log,0.5981159678679864,5,5,False
baseline_plus_conditional_anchor_softmax,peptide_disjoint,mse,all,HLA-A*29:02,auc_gt_2h,1.0,5,5,False
baseline_plus_conditional_anchor_softmax,peptide_disjoint,mse,all,HLA-A*30:01,spearman,,2,2,False
baseline_plus_conditional_anchor_softmax,peptide_disjoint,mse,all,HLA-A*30:01,pearson_log,,2,2,False
baseline_plus_conditional_anchor_softmax,peptide_disjoint,mse,all,HLA-A*30:01,auc_gt_2h,,2,2,False
baseline_plus_conditional_anchor_softmax,peptide_disjoint,mse,all,HLA-A*30:02,spearman,,2,2,False
baseline_plus_conditional_anchor_softmax,peptide_disjoint,mse,all,HLA-A*30:02,pearson_log,,2,2,False
baseline_plus_conditional_anchor_softmax,peptide_disjoint,mse,all,HLA-A*30:02,auc_gt_2h,1.0,2,2,False
baseline_plus_conditional_anchor_softmax,peptide_disjoint,mse,all,HLA-A*31:01,spearman,0.8660254037844387,3,3,False
baseline_plus_conditional_anchor_softmax,peptide_disjoint,mse,all,HLA-A*31:01,pearson_log,0.9968896517113367,3,3,False
baseline_plus_conditional_anchor_softmax,peptide_disjoint,mse,all,HLA-A*31:01,auc_gt_2h,,3,3,False
baseline_plus_conditional_anchor_softmax,peptide_disjoint,mse,all,HLA-A*32:01,spearman,-1.0,3,3,False
baseline_plus_conditional_anchor_softmax,peptide_disjoint,mse,all,HLA-A*32:01,pearson_log,-0.8196272606338235,3,3,False
baseline_plus_conditional_anchor_softmax,peptide_disjoint,mse,all,HLA-A*32:01,auc_gt_2h,0.0,3,3,False
baseline_plus_conditional_anchor_softmax,peptide_disjoint,mse,all,HLA-A*32:07,spearman,0.5,3,3,False
baseline_plus_conditional_anchor_softmax,peptide_disjoint,mse,all,HLA-A*32:07,pearson_log,0.5830634116164413,3,3,False
baseline_plus_conditional_anchor_softmax,peptide_disjoint,mse,all,HLA-A*32:07,auc_gt_2h,1.0,3,3,False
baseline_plus_conditional_anchor_softmax,peptide_disjoint,mse,all,HLA-A*33:03,spearman,,2,2,False
baseline_plus_conditional_anchor_softmax,peptide_disjoint,mse,all,HLA-A*33:03,pearson_log,,2,2,False
baseline_plus_conditional_anchor_softmax,peptide_disjoint,mse,all,HLA-A*33:03,auc_gt_2h,1.0,2,2,False
baseline_plus_conditional_anchor_softmax,peptide_disjoint,mse,all,HLA-A*43:01,spearman,0.23190841426097936,6,6,False
baseline_plus_conditional_anchor_softmax,peptide_disjoint,mse,all,HLA-A*43:01,pearson_log,0.3639921942180321,6,6,False
baseline_plus_conditional_anchor_softmax,peptide_disjoint,mse,all,HLA-A*43:01,auc_gt_2h,0.6,6,6,False
baseline_plus_conditional_anchor_softmax,peptide_disjoint,mse,all,HLA-A*66:01,spearman,,1,1,True
baseline_plus_conditional_anchor_softmax,peptide_disjoint,mse,all,HLA-A*66:01,pearson_log,,1,1,True
baseline_plus_conditional_anchor_softmax,peptide_disjoint,mse,all,HLA-A*66:01,auc_gt_2h,,1,1,True
baseline_plus_conditional_anchor_softmax,peptide_disjoint,mse,all,HLA-A*68:01,spearman,-0.20519567041703085,5,5,False
baseline_plus_conditional_anchor_softmax,peptide_disjoint,mse,all,HLA-A*68:01,pearson_log,-0.20519550379406507,5,5,False
baseline_plus_conditional_anchor_softmax,peptide_disjoint,mse,all,HLA-A*68:01,auc_gt_2h,0.16666666666666669,5,5,False
baseline_plus_conditional_anchor_softmax,peptide_disjoint,mse,all,HLA-A*68:02,spearman,0.39999999999999997,5,5,False
baseline_plus_conditional_anchor_softmax,peptide_disjoint,mse,all,HLA-A*68:02,pearson_log,0.5030675667854914,5,5,False
baseline_plus_conditional_anchor_softmax,peptide_disjoint,mse,all,HLA-A*68:02,auc_gt_2h,,5,5,False
baseline_plus_conditional_anchor_softmax,peptide_disjoint,mse,all,HLA-A*68:23,spearman,-0.9486832980505139,4,4,False
baseline_plus_conditional_anchor_softmax,peptide_disjoint,mse,all,HLA-A*68:23,pearson_log,-0.8511059132926259,4,4,False
baseline_plus_conditional_anchor_softmax,peptide_disjoint,mse,all,HLA-A*68:23,auc_gt_2h,,4,4,False
baseline_plus_conditional_anchor_softmax,peptide_disjoint,mse,all,HLA-A*69:01,spearman,0.9746794344808963,5,5,False
baseline_plus_conditional_anchor_softmax,peptide_disjoint,mse,all,HLA-A*69:01,pearson_log,0.8583737570518359,5,5,False
baseline_plus_conditional_anchor_softmax,peptide_disjoint,mse,all,HLA-A*69:01,auc_gt_2h,,5,5,False
baseline_plus_conditional_anchor_softmax,peptide_disjoint,mse,all,HLA-A*74:01,spearman,,1,1,True
baseline_plus_conditional_anchor_softmax,peptide_disjoint,mse,all,HLA-A*74:01,pearson_log,,1,1,True
baseline_plus_conditional_anchor_softmax,peptide_disjoint,mse,all,HLA-A*74:01,auc_gt_2h,,1,1,True
baseline_plus_conditional_anchor_softmax,peptide_disjoint,mse,all,HLA-A*80:01,spearman,,2,2,False
baseline_plus_conditional_anchor_softmax,peptide_disjoint,mse,all,HLA-A*80:01,pearson_log,,2,2,False
baseline_plus_conditional_anchor_softmax,peptide_disjoint,mse,all,HLA-A*80:01,auc_gt_2h,,2,2,False
baseline_plus_conditional_anchor_softmax,peptide_disjoint,mse,all,HLA-B*07:02,spearman,0.47434164902525683,5,5,False
baseline_plus_conditional_anchor_softmax,peptide_disjoint,mse,all,HLA-B*07:02,pearson_log,0.34903674958696596,5,5,False
baseline_plus_conditional_anchor_softmax,peptide_disjoint,mse,all,HLA-B*07:02,auc_gt_2h,0.8333333333333333,5,5,False
baseline_plus_conditional_anchor_softmax,peptide_disjoint,mse,all,HLA-B*08:01,spearman,,2,2,False
baseline_plus_conditional_anchor_softmax,peptide_disjoint,mse,all,HLA-B*08:01,pearson_log,,2,2,False
baseline_plus_conditional_anchor_softmax,peptide_disjoint,mse,all,HLA-B*08:01,auc_gt_2h,,2,2,False
baseline_plus_conditional_anchor_softmax,peptide_disjoint,mse,all,HLA-B*08:03,spearman,,2,2,False
baseline_plus_conditional_anchor_softmax,peptide_disjoint,mse,all,HLA-B*08:03,pearson_log,,2,2,False
baseline_plus_conditional_anchor_softmax,peptide_disjoint,mse,all,HLA-B*08:03,auc_gt_2h,0.0,2,2,False
baseline_plus_conditional_anchor_softmax,peptide_disjoint,mse,all,HLA-B*13:02,spearman,,2,2,False
baseline_plus_conditional_anchor_softmax,peptide_disjoint,mse,all,HLA-B*13:02,pearson_log,,2,2,False
baseline_plus_conditional_anchor_softmax,peptide_disjoint,mse,all,HLA-B*13:02,auc_gt_2h,1.0,2,2,False
baseline_plus_conditional_anchor_softmax,peptide_disjoint,mse,all,HLA-B*14:01(C67S),spearman,,1,1,True
baseline_plus_conditional_anchor_softmax,peptide_disjoint,mse,all,HLA-B*14:01(C67S),pearson_log,,1,1,True
baseline_plus_conditional_anchor_softmax,peptide_disjoint,mse,all,HLA-B*14:01(C67S),auc_gt_2h,,1,1,True
baseline_plus_conditional_anchor_softmax,peptide_disjoint,mse,all,HLA-B*14:02(C67S),spearman,,1,1,True
baseline_plus_conditional_anchor_softmax,peptide_disjoint,mse,all,HLA-B*14:02(C67S),pearson_log,,1,1,True
baseline_plus_conditional_anchor_softmax,peptide_disjoint,mse,all,HLA-B*14:02(C67S),auc_gt_2h,,1,1,True
baseline_plus_conditional_anchor_softmax,peptide_disjoint,mse,all,HLA-B*15:01,spearman,0.39999999999999997,4,4,False
baseline_plus_conditional_anchor_softmax,peptide_disjoint,mse,all,HLA-B*15:01,pearson_log,-0.33023260248434955,4,4,False
baseline_plus_conditional_anchor_softmax,peptide_disjoint,mse,all,HLA-B*15:01,auc_gt_2h,0.3333333333333333,4,4,False
baseline_plus_conditional_anchor_softmax,peptide_disjoint,mse,all,HLA-B*15:10,spearman,,2,2,False
baseline_plus_conditional_anchor_softmax,peptide_disjoint,mse,all,HLA-B*15:10,pearson_log,,2,2,False
baseline_plus_conditional_anchor_softmax,peptide_disjoint,mse,all,HLA-B*15:10,auc_gt_2h,0.0,2,2,False
baseline_plus_conditional_anchor_softmax,peptide_disjoint,mse,all,HLA-B*18:01,spearman,,2,2,False
baseline_plus_conditional_anchor_softmax,peptide_disjoint,mse,all,HLA-B*18:01,pearson_log,,2,2,False
baseline_plus_conditional_anchor_softmax,peptide_disjoint,mse,all,HLA-B*18:01,auc_gt_2h,,2,2,False
baseline_plus_conditional_anchor_softmax,peptide_disjoint,mse,all,HLA-B*27:02,spearman,0.5,3,3,False
baseline_plus_conditional_anchor_softmax,peptide_disjoint,mse,all,HLA-B*27:02,pearson_log,0.5778222273053619,3,3,False
baseline_plus_conditional_anchor_softmax,peptide_disjoint,mse,all,HLA-B*27:02,auc_gt_2h,1.0,3,3,False
baseline_plus_conditional_anchor_softmax,peptide_disjoint,mse,all,HLA-B*27:03,spearman,0.5,3,3,False
baseline_plus_conditional_anchor_softmax,peptide_disjoint,mse,all,HLA-B*27:03,pearson_log,0.9928943809689176,3,3,False
baseline_plus_conditional_anchor_softmax,peptide_disjoint,mse,all,HLA-B*27:03,auc_gt_2h,1.0,3,3,False
baseline_plus_conditional_anchor_softmax,peptide_disjoint,mse,all,HLA-B*27:05,spearman,,2,2,False
baseline_plus_conditional_anchor_softmax,peptide_disjoint,mse,all,HLA-B*27:05,pearson_log,,2,2,False
baseline_plus_conditional_anchor_softmax,peptide_disjoint,mse,all,HLA-B*27:05,auc_gt_2h,,2,2,False
baseline_plus_conditional_anchor_softmax,peptide_disjoint,mse,all,HLA-B*27:20,spearman,-0.5,3,3,False
baseline_plus_conditional_anchor_softmax,peptide_disjoint,mse,all,HLA-B*27:20,pearson_log,-0.6882396237815512,3,3,False
baseline_plus_conditional_anchor_softmax,peptide_disjoint,mse,all,HLA-B*27:20,auc_gt_2h,0.0,3,3,False
baseline_plus_conditional_anchor_softmax,peptide_disjoint,mse,all,HLA-B*35:01,spearman,,2,2,False
baseline_plus_conditional_anchor_softmax,peptide_disjoint,mse,all,HLA-B*35:01,pearson_log,,2,2,False
baseline_plus_conditional_anchor_softmax,peptide_disjoint,mse,all,HLA-B*35:01,auc_gt_2h,0.0,2,2,False
baseline_plus_conditional_anchor_softmax,peptide_disjoint,mse,all,HLA-B*35:03,spearman,,2,2,False
baseline_plus_conditional_anchor_softmax,peptide_disjoint,mse,all,HLA-B*35:03,pearson_log,,2,2,False
baseline_plus_conditional_anchor_softmax,peptide_disjoint,mse,all,HLA-B*35:03,auc_gt_2h,1.0,2,2,False
baseline_plus_conditional_anchor_softmax,peptide_disjoint,mse,all,HLA-B*35:08,spearman,0.8660254037844387,3,3,False
baseline_plus_conditional_anchor_softmax,peptide_disjoint,mse,all,HLA-B*35:08,pearson_log,0.6437408277332082,3,3,False
baseline_plus_conditional_anchor_softmax,peptide_disjoint,mse,all,HLA-B*35:08,auc_gt_2h,1.0,3,3,False
baseline_plus_conditional_anchor_softmax,peptide_disjoint,mse,all,HLA-B*39:01,spearman,-0.05129891760425771,5,5,False
baseline_plus_conditional_anchor_softmax,peptide_disjoint,mse,all,HLA-B*39:01,pearson_log,0.13867971117726796,5,5,False
baseline_plus_conditional_anchor_softmax,peptide_disjoint,mse,all,HLA-B*39:01,auc_gt_2h,0.75,5,5,False
baseline_plus_conditional_anchor_softmax,peptide_disjoint,mse,all,HLA-B*39:02,spearman,,1,1,True
baseline_plus_conditional_anchor_softmax,peptide_disjoint,mse,all,HLA-B*39:02,pearson_log,,1,1,True
baseline_plus_conditional_anchor_softmax,peptide_disjoint,mse,all,HLA-B*39:02,auc_gt_2h,,1,1,True
baseline_plus_conditional_anchor_softmax,peptide_disjoint,mse,all,HLA-B*39:06(C67S),spearman,0.8660254037844387,3,3,False
baseline_plus_conditional_anchor_softmax,peptide_disjoint,mse,all,HLA-B*39:06(C67S),pearson_log,0.5615509843963284,3,3,False
baseline_plus_conditional_anchor_softmax,peptide_disjoint,mse,all,HLA-B*39:06(C67S),auc_gt_2h,1.0,3,3,False
baseline_plus_conditional_anchor_softmax,peptide_disjoint,mse,all,HLA-B*39:10,spearman,,1,1,True
baseline_plus_conditional_anchor_softmax,peptide_disjoint,mse,all,HLA-B*39:10,pearson_log,,1,1,True
baseline_plus_conditional_anchor_softmax,peptide_disjoint,mse,all,HLA-B*39:10,auc_gt_2h,,1,1,True
baseline_plus_conditional_anchor_softmax,peptide_disjoint,mse,all,HLA-B*40:01,spearman,,2,2,False
baseline_plus_conditional_anchor_softmax,peptide_disjoint,mse,all,HLA-B*40:01,pearson_log,,2,2,False
baseline_plus_conditional_anchor_softmax,peptide_disjoint,mse,all,HLA-B*40:01,auc_gt_2h,,2,2,False
baseline_plus_conditional_anchor_softmax,peptide_disjoint,mse,all,HLA-B*40:02,spearman,,2,2,False
baseline_plus_conditional_anchor_softmax,peptide_disjoint,mse,all,HLA-B*40:02,pearson_log,,2,2,False
baseline_plus_conditional_anchor_softmax,peptide_disjoint,mse,all,HLA-B*40:02,auc_gt_2h,1.0,2,2,False
baseline_plus_conditional_anchor_softmax,peptide_disjoint,mse,all,HLA-B*41:01,spearman,0.8660254037844387,3,3,False
baseline_plus_conditional_anchor_softmax,peptide_disjoint,mse,all,HLA-B*41:01,pearson_log,0.7231369351108706,3,3,False
baseline_plus_conditional_anchor_softmax,peptide_disjoint,mse,all,HLA-B*41:01,auc_gt_2h,,3,3,False
baseline_plus_conditional_anchor_softmax,peptide_disjoint,mse,all,HLA-B*42:01,spearman,,1,1,True
baseline_plus_conditional_anchor_softmax,peptide_disjoint,mse,all,HLA-B*42:01,pearson_log,,1,1,True
baseline_plus_conditional_anchor_softmax,peptide_disjoint,mse,all,HLA-B*42:01,auc_gt_2h,,1,1,True
baseline_plus_conditional_anchor_softmax,peptide_disjoint,mse,all,HLA-B*42:02,spearman,-0.5,3,3,False
baseline_plus_conditional_anchor_softmax,peptide_disjoint,mse,all,HLA-B*42:02,pearson_log,-0.6370700365956969,3,3,False
baseline_plus_conditional_anchor_softmax,peptide_disjoint,mse,all,HLA-B*42:02,auc_gt_2h,0.5,3,3,False
baseline_plus_conditional_anchor_softmax,peptide_disjoint,mse,all,HLA-B*44:05,spearman,,1,1,True
baseline_plus_conditional_anchor_softmax,peptide_disjoint,mse,all,HLA-B*44:05,pearson_log,,1,1,True
baseline_plus_conditional_anchor_softmax,peptide_disjoint,mse,all,HLA-B*44:05,auc_gt_2h,,1,1,True
baseline_plus_conditional_anchor_softmax,peptide_disjoint,mse,all,HLA-B*45:01,spearman,,2,2,False
baseline_plus_conditional_anchor_softmax,peptide_disjoint,mse,all,HLA-B*45:01,pearson_log,,2,2,False
baseline_plus_conditional_anchor_softmax,peptide_disjoint,mse,all,HLA-B*45:01,auc_gt_2h,,2,2,False
baseline_plus_conditional_anchor_softmax,peptide_disjoint,mse,all,HLA-B*51:01,spearman,,1,1,True
baseline_plus_conditional_anchor_softmax,peptide_disjoint,mse,all,HLA-B*51:01,pearson_log,,1,1,True
baseline_plus_conditional_anchor_softmax,peptide_disjoint,mse,all,HLA-B*51:01,auc_gt_2h,,1,1,True
baseline_plus_conditional_anchor_softmax,peptide_disjoint,mse,all,HLA-B*54:01,spearman,0.753702346348183,6,6,False
baseline_plus_conditional_anchor_softmax,peptide_disjoint,mse,all,HLA-B*54:01,pearson_log,0.7274653152570992,6,6,False
baseline_plus_conditional_anchor_softmax,peptide_disjoint,mse,all,HLA-B*54:01,auc_gt_2h,1.0,6,6,False
baseline_plus_conditional_anchor_softmax,peptide_disjoint,mse,all,HLA-B*55:01,spearman,,1,1,True
baseline_plus_conditional_anchor_softmax,peptide_disjoint,mse,all,HLA-B*55:01,pearson_log,,1,1,True
baseline_plus_conditional_anchor_softmax,peptide_disjoint,mse,all,HLA-B*55:01,auc_gt_2h,,1,1,True
baseline_plus_conditional_anchor_softmax,peptide_disjoint,mse,all,HLA-B*56:01,spearman,-0.8660254037844387,3,3,False
baseline_plus_conditional_anchor_softmax,peptide_disjoint,mse,all,HLA-B*56:01,pearson_log,-0.992768015534655,3,3,False
baseline_plus_conditional_anchor_softmax,peptide_disjoint,mse,all,HLA-B*56:01,auc_gt_2h,,3,3,False
baseline_plus_conditional_anchor_softmax,peptide_disjoint,mse,all,HLA-B*57:01,spearman,,1,1,True
baseline_plus_conditional_anchor_softmax,peptide_disjoint,mse,all,HLA-B*57:01,pearson_log,,1,1,True
baseline_plus_conditional_anchor_softmax,peptide_disjoint,mse,all,HLA-B*57:01,auc_gt_2h,,1,1,True
baseline_plus_conditional_anchor_softmax,peptide_disjoint,mse,all,HLA-B*57:02,spearman,-0.5,3,3,False
baseline_plus_conditional_anchor_softmax,peptide_disjoint,mse,all,HLA-B*57:02,pearson_log,-0.39197513457005684,3,3,False
baseline_plus_conditional_anchor_softmax,peptide_disjoint,mse,all,HLA-B*57:02,auc_gt_2h,,3,3,False
baseline_plus_conditional_anchor_softmax,peptide_disjoint,mse,all,HLA-B*57:03,spearman,,2,2,False
baseline_plus_conditional_anchor_softmax,peptide_disjoint,mse,all,HLA-B*57:03,pearson_log,,2,2,False
baseline_plus_conditional_anchor_softmax,peptide_disjoint,mse,all,HLA-B*57:03,auc_gt_2h,0.0,2,2,False
baseline_plus_conditional_anchor_softmax,peptide_disjoint,mse,all,HLA-B*58:01,spearman,0.8999999999999998,5,5,False
baseline_plus_conditional_anchor_softmax,peptide_disjoint,mse,all,HLA-B*58:01,pearson_log,0.9156207416823741,5,5,False
baseline_plus_conditional_anchor_softmax,peptide_disjoint,mse,all,HLA-B*58:01,auc_gt_2h,1.0,5,5,False
baseline_plus_conditional_anchor_softmax,peptide_disjoint,mse,all,HLA-B*81:01,spearman,0.3714285714285715,6,6,False
baseline_plus_conditional_anchor_softmax,peptide_disjoint,mse,all,HLA-B*81:01,pearson_log,0.8634341800002334,6,6,False
baseline_plus_conditional_anchor_softmax,peptide_disjoint,mse,all,HLA-B*81:01,auc_gt_2h,,6,6,False
baseline_plus_conditional_anchor_softmax,peptide_disjoint,mse,nonzero,HLA-A*01:01,spearman,,2,2,False
baseline_plus_conditional_anchor_softmax,peptide_disjoint,mse,nonzero,HLA-A*01:01,pearson_log,,2,2,False
baseline_plus_conditional_anchor_softmax,peptide_disjoint,mse,nonzero,HLA-A*01:01,auc_gt_2h,1.0,2,2,False
baseline_plus_conditional_anchor_softmax,peptide_disjoint,mse,nonzero,HLA-A*02:01,spearman,0.5,3,3,False
baseline_plus_conditional_anchor_softmax,peptide_disjoint,mse,nonzero,HLA-A*02:01,pearson_log,0.08182797395352084,3,3,False
baseline_plus_conditional_anchor_softmax,peptide_disjoint,mse,nonzero,HLA-A*02:01,auc_gt_2h,,3,3,False
baseline_plus_conditional_anchor_softmax,peptide_disjoint,mse,nonzero,HLA-A*02:03,spearman,,1,1,True
baseline_plus_conditional_anchor_softmax,peptide_disjoint,mse,nonzero,HLA-A*02:03,pearson_log,,1,1,True
baseline_plus_conditional_anchor_softmax,peptide_disjoint,mse,nonzero,HLA-A*02:03,auc_gt_2h,,1,1,True
baseline_plus_conditional_anchor_softmax,peptide_disjoint,mse,nonzero,HLA-A*02:05,spearman,0.19999999999999998,5,5,False
baseline_plus_conditional_anchor_softmax,peptide_disjoint,mse,nonzero,HLA-A*02:05,pearson_log,-0.1423812303828037,5,5,False
baseline_plus_conditional_anchor_softmax,peptide_disjoint,mse,nonzero,HLA-A*02:05,auc_gt_2h,0.3333333333333333,5,5,False
baseline_plus_conditional_anchor_softmax,peptide_disjoint,mse,nonzero,HLA-A*02:10,spearman,,2,2,False
baseline_plus_conditional_anchor_softmax,peptide_disjoint,mse,nonzero,HLA-A*02:10,pearson_log,,2,2,False
baseline_plus_conditional_anchor_softmax,peptide_disjoint,mse,nonzero,HLA-A*02:10,auc_gt_2h,1.0,2,2,False
baseline_plus_conditional_anchor_softmax,peptide_disjoint,mse,nonzero,HLA-A*02:11,spearman,,2,2,False
baseline_plus_conditional_anchor_softmax,peptide_disjoint,mse,nonzero,HLA-A*02:11,pearson_log,,2,2,False
baseline_plus_conditional_anchor_softmax,peptide_disjoint,mse,nonzero,HLA-A*02:11,auc_gt_2h,,2,2,False
baseline_plus_conditional_anchor_softmax,peptide_disjoint,mse,nonzero,HLA-A*02:12,spearman,1.0,4,4,False
baseline_plus_conditional_anchor_softmax,peptide_disjoint,mse,nonzero,HLA-A*02:12,pearson_log,0.9900084253541026,4,4,False
baseline_plus_conditional_anchor_softmax,peptide_disjoint,mse,nonzero,HLA-A*02:12,auc_gt_2h,1.0,4,4,False
baseline_plus_conditional_anchor_softmax,peptide_disjoint,mse,nonzero,HLA-A*02:19,spearman,0.49999999999999994,5,5,False
baseline_plus_conditional_anchor_softmax,peptide_disjoint,mse,nonzero,HLA-A*02:19,pearson_log,0.47768270948805724,5,5,False
baseline_plus_conditional_anchor_softmax,peptide_disjoint,mse,nonzero,HLA-A*02:19,auc_gt_2h,0.75,5,5,False
baseline_plus_conditional_anchor_softmax,peptide_disjoint,mse,nonzero,HLA-A*02:50,spearman,0.7999999999999999,4,4,False
baseline_plus_conditional_anchor_softmax,peptide_disjoint,mse,nonzero,HLA-A*02:50,pearson_log,0.568000211745727,4,4,False
baseline_plus_conditional_anchor_softmax,peptide_disjoint,mse,nonzero,HLA-A*02:50,auc_gt_2h,,4,4,False
baseline_plus_conditional_anchor_softmax,peptide_disjoint,mse,nonzero,HLA-A*03:01,spearman,0.19999999999999998,5,5,False
baseline_plus_conditional_anchor_softmax,peptide_disjoint,mse,nonzero,HLA-A*03:01,pearson_log,-0.15895285091517591,5,5,False
baseline_plus_conditional_anchor_softmax,peptide_disjoint,mse,nonzero,HLA-A*03:01,auc_gt_2h,0.5,5,5,False
baseline_plus_conditional_anchor_softmax,peptide_disjoint,mse,nonzero,HLA-A*11:01,spearman,,1,1,True
baseline_plus_conditional_anchor_softmax,peptide_disjoint,mse,nonzero,HLA-A*11:01,pearson_log,,1,1,True
baseline_plus_conditional_anchor_softmax,peptide_disjoint,mse,nonzero,HLA-A*11:01,auc_gt_2h,,1,1,True
baseline_plus_conditional_anchor_softmax,peptide_disjoint,mse,nonzero,HLA-A*23:01,spearman,,2,2,False
baseline_plus_conditional_anchor_softmax,peptide_disjoint,mse,nonzero,HLA-A*23:01,pearson_log,,2,2,False
baseline_plus_conditional_anchor_softmax,peptide_disjoint,mse,nonzero,HLA-A*23:01,auc_gt_2h,1.0,2,2,False
baseline_plus_conditional_anchor_softmax,peptide_disjoint,mse,nonzero,HLA-A*24:02,spearman,0.0,4,4,False
baseline_plus_conditional_anchor_softmax,peptide_disjoint,mse,nonzero,HLA-A*24:02,pearson_log,0.2372159599354987,4,4,False
baseline_plus_conditional_anchor_softmax,peptide_disjoint,mse,nonzero,HLA-A*24:02,auc_gt_2h,0.75,4,4,False
baseline_plus_conditional_anchor_softmax,peptide_disjoint,mse,nonzero,HLA-A*24:03,spearman,,2,2,False
baseline_plus_conditional_anchor_softmax,peptide_disjoint,mse,nonzero,HLA-A*24:03,pearson_log,,2,2,False
baseline_plus_conditional_anchor_softmax,peptide_disjoint,mse,nonzero,HLA-A*24:03,auc_gt_2h,,2,2,False
baseline_plus_conditional_anchor_softmax,peptide_disjoint,mse,nonzero,HLA-A*24:07,spearman,,2,2,False
baseline_plus_conditional_anchor_softmax,peptide_disjoint,mse,nonzero,HLA-A*24:07,pearson_log,,2,2,False
baseline_plus_conditional_anchor_softmax,peptide_disjoint,mse,nonzero,HLA-A*24:07,auc_gt_2h,0.0,2,2,False
baseline_plus_conditional_anchor_softmax,peptide_disjoint,mse,nonzero,HLA-A*24:19,spearman,,2,2,False
baseline_plus_conditional_anchor_softmax,peptide_disjoint,mse,nonzero,HLA-A*24:19,pearson_log,,2,2,False
baseline_plus_conditional_anchor_softmax,peptide_disjoint,mse,nonzero,HLA-A*24:19,auc_gt_2h,,2,2,False
baseline_plus_conditional_anchor_softmax,peptide_disjoint,mse,nonzero,HLA-A*26:01,spearman,-1.0,3,3,False
baseline_plus_conditional_anchor_softmax,peptide_disjoint,mse,nonzero,HLA-A*26:01,pearson_log,-0.976952503662873,3,3,False
baseline_plus_conditional_anchor_softmax,peptide_disjoint,mse,nonzero,HLA-A*26:01,auc_gt_2h,,3,3,False
baseline_plus_conditional_anchor_softmax,peptide_disjoint,mse,nonzero,HLA-A*26:02,spearman,,2,2,False
baseline_plus_conditional_anchor_softmax,peptide_disjoint,mse,nonzero,HLA-A*26:02,pearson_log,,2,2,False
baseline_plus_conditional_anchor_softmax,peptide_disjoint,mse,nonzero,HLA-A*26:02,auc_gt_2h,,2,2,False
baseline_plus_conditional_anchor_softmax,peptide_disjoint,mse,nonzero,HLA-A*29:02,spearman,0.8999999999999998,5,5,False
baseline_plus_conditional_anchor_softmax,peptide_disjoint,mse,nonzero,HLA-A*29:02,pearson_log,0.5981159678679864,5,5,False
baseline_plus_conditional_anchor_softmax,peptide_disjoint,mse,nonzero,HLA-A*29:02,auc_gt_2h,1.0,5,5,False
baseline_plus_conditional_anchor_softmax,peptide_disjoint,mse,nonzero,HLA-A*30:01,spearman,,2,2,False
baseline_plus_conditional_anchor_softmax,peptide_disjoint,mse,nonzero,HLA-A*30:01,pearson_log,,2,2,False
baseline_plus_conditional_anchor_softmax,peptide_disjoint,mse,nonzero,HLA-A*30:01,auc_gt_2h,,2,2,False
baseline_plus_conditional_anchor_softmax,peptide_disjoint,mse,nonzero,HLA-A*30:02,spearman,,1,1,True
baseline_plus_conditional_anchor_softmax,peptide_disjoint,mse,nonzero,HLA-A*30:02,pearson_log,,1,1,True
baseline_plus_conditional_anchor_softmax,peptide_disjoint,mse,nonzero,HLA-A*30:02,auc_gt_2h,,1,1,True
baseline_plus_conditional_anchor_softmax,peptide_disjoint,mse,nonzero,HLA-A*31:01,spearman,0.8660254037844387,3,3,False
baseline_plus_conditional_anchor_softmax,peptide_disjoint,mse,nonzero,HLA-A*31:01,pearson_log,0.9968896517113367,3,3,False
baseline_plus_conditional_anchor_softmax,peptide_disjoint,mse,nonzero,HLA-A*31:01,auc_gt_2h,,3,3,False
baseline_plus_conditional_anchor_softmax,peptide_disjoint,mse,nonzero,HLA-A*32:01,spearman,-1.0,3,3,False
baseline_plus_conditional_anchor_softmax,peptide_disjoint,mse,nonzero,HLA-A*32:01,pearson_log,-0.8196272606338235,3,3,False
baseline_plus_conditional_anchor_softmax,peptide_disjoint,mse,nonzero,HLA-A*32:01,auc_gt_2h,0.0,3,3,False
baseline_plus_conditional_anchor_softmax,peptide_disjoint,mse,nonzero,HLA-A*32:07,spearman,,2,2,False
baseline_plus_conditional_anchor_softmax,peptide_disjoint,mse,nonzero,HLA-A*32:07,pearson_log,,2,2,False
baseline_plus_conditional_anchor_softmax,peptide_disjoint,mse,nonzero,HLA-A*32:07,auc_gt_2h,1.0,2,2,False
baseline_plus_conditional_anchor_softmax,peptide_disjoint,mse,nonzero,HLA-A*33:03,spearman,,1,1,True
baseline_plus_conditional_anchor_softmax,peptide_disjoint,mse,nonzero,HLA-A*33:03,pearson_log,,1,1,True
baseline_plus_conditional_anchor_softmax,peptide_disjoint,mse,nonzero,HLA-A*33:03,auc_gt_2h,,1,1,True
baseline_plus_conditional_anchor_softmax,peptide_disjoint,mse,nonzero,HLA-A*43:01,spearman,0.6000000000000001,4,4,False
baseline_plus_conditional_anchor_softmax,peptide_disjoint,mse,nonzero,HLA-A*43:01,pearson_log,0.5336614203300734,4,4,False
baseline_plus_conditional_anchor_softmax,peptide_disjoint,mse,nonzero,HLA-A*43:01,auc_gt_2h,0.6666666666666667,4,4,False
baseline_plus_conditional_anchor_softmax,peptide_disjoint,mse,nonzero,HLA-A*66:01,spearman,,1,1,True
baseline_plus_conditional_anchor_softmax,peptide_disjoint,mse,nonzero,HLA-A*66:01,pearson_log,,1,1,True
baseline_plus_conditional_anchor_softmax,peptide_disjoint,mse,nonzero,HLA-A*66:01,auc_gt_2h,,1,1,True
baseline_plus_conditional_anchor_softmax,peptide_disjoint,mse,nonzero,HLA-A*68:01,spearman,-0.5,3,3,False
baseline_plus_conditional_anchor_softmax,peptide_disjoint,mse,nonzero,HLA-A*68:01,pearson_log,-0.6251227563711435,3,3,False
baseline_plus_conditional_anchor_softmax,peptide_disjoint,mse,nonzero,HLA-A*68:01,auc_gt_2h,0.0,3,3,False
baseline_plus_conditional_anchor_softmax,peptide_disjoint,mse,nonzero,HLA-A*68:02,spearman,0.39999999999999997,5,5,False
baseline_plus_conditional_anchor_softmax,peptide_disjoint,mse,nonzero,HLA-A*68:02,pearson_log,0.5030675667854914,5,5,False
baseline_plus_conditional_anchor_softmax,peptide_disjoint,mse,nonzero,HLA-A*68:02,auc_gt_2h,,5,5,False
baseline_plus_conditional_anchor_softmax,peptide_disjoint,mse,nonzero,HLA-A*68:23,spearman,-0.9486832980505139,4,4,False
baseline_plus_conditional_anchor_softmax,peptide_disjoint,mse,nonzero,HLA-A*68:23,pearson_log,-0.8511059132926259,4,4,False
baseline_plus_conditional_anchor_softmax,peptide_disjoint,mse,nonzero,HLA-A*68:23,auc_gt_2h,,4,4,False
baseline_plus_conditional_anchor_softmax,peptide_disjoint,mse,nonzero,HLA-A*69:01,spearman,0.9486832980505139,4,4,False
baseline_plus_conditional_anchor_softmax,peptide_disjoint,mse,nonzero,HLA-A*69:01,pearson_log,0.9846094161325785,4,4,False
baseline_plus_conditional_anchor_softmax,peptide_disjoint,mse,nonzero,HLA-A*69:01,auc_gt_2h,,4,4,False
baseline_plus_conditional_anchor_softmax,peptide_disjoint,mse,nonzero,HLA-A*80:01,spearman,,2,2,False
baseline_plus_conditional_anchor_softmax,peptide_disjoint,mse,nonzero,HLA-A*80:01,pearson_log,,2,2,False
baseline_plus_conditional_anchor_softmax,peptide_disjoint,mse,nonzero,HLA-A*80:01,auc_gt_2h,,2,2,False
baseline_plus_conditional_anchor_softmax,peptide_disjoint,mse,nonzero,HLA-B*07:02,spearman,0.47434164902525683,5,5,False
baseline_plus_conditional_anchor_softmax,peptide_disjoint,mse,nonzero,HLA-B*07:02,pearson_log,0.34903674958696596,5,5,False
baseline_plus_conditional_anchor_softmax,peptide_disjoint,mse,nonzero,HLA-B*07:02,auc_gt_2h,0.8333333333333333,5,5,False
baseline_plus_conditional_anchor_softmax,peptide_disjoint,mse,nonzero,HLA-B*08:01,spearman,,2,2,False
baseline_plus_conditional_anchor_softmax,peptide_disjoint,mse,nonzero,HLA-B*08:01,pearson_log,,2,2,False
baseline_plus_conditional_anchor_softmax,peptide_disjoint,mse,nonzero,HLA-B*08:01,auc_gt_2h,,2,2,False
baseline_plus_conditional_anchor_softmax,peptide_disjoint,mse,nonzero,HLA-B*08:03,spearman,,2,2,False
baseline_plus_conditional_anchor_softmax,peptide_disjoint,mse,nonzero,HLA-B*08:03,pearson_log,,2,2,False
baseline_plus_conditional_anchor_softmax,peptide_disjoint,mse,nonzero,HLA-B*08:03,auc_gt_2h,0.0,2,2,False
baseline_plus_conditional_anchor_softmax,peptide_disjoint,mse,nonzero,HLA-B*13:02,spearman,,1,1,True
baseline_plus_conditional_anchor_softmax,peptide_disjoint,mse,nonzero,HLA-B*13:02,pearson_log,,1,1,True
baseline_plus_conditional_anchor_softmax,peptide_disjoint,mse,nonzero,HLA-B*13:02,auc_gt_2h,,1,1,True
baseline_plus_conditional_anchor_softmax,peptide_disjoint,mse,nonzero,HLA-B*15:01,spearman,0.39999999999999997,4,4,False
baseline_plus_conditional_anchor_softmax,peptide_disjoint,mse,nonzero,HLA-B*15:01,pearson_log,-0.33023260248434955,4,4,False
baseline_plus_conditional_anchor_softmax,peptide_disjoint,mse,nonzero,HLA-B*15:01,auc_gt_2h,0.3333333333333333,4,4,False
baseline_plus_conditional_anchor_softmax,peptide_disjoint,mse,nonzero,HLA-B*15:10,spearman,,2,2,False
baseline_plus_conditional_anchor_softmax,peptide_disjoint,mse,nonzero,HLA-B*15:10,pearson_log,,2,2,False
baseline_plus_conditional_anchor_softmax,peptide_disjoint,mse,nonzero,HLA-B*15:10,auc_gt_2h,0.0,2,2,False
baseline_plus_conditional_anchor_softmax,peptide_disjoint,mse,nonzero,HLA-B*18:01,spearman,,2,2,False
baseline_plus_conditional_anchor_softmax,peptide_disjoint,mse,nonzero,HLA-B*18:01,pearson_log,,2,2,False
baseline_plus_conditional_anchor_softmax,peptide_disjoint,mse,nonzero,HLA-B*18:01,auc_gt_2h,,2,2,False
baseline_plus_conditional_anchor_softmax,peptide_disjoint,mse,nonzero,HLA-B*27:02,spearman,0.5,3,3,False
baseline_plus_conditional_anchor_softmax,peptide_disjoint,mse,nonzero,HLA-B*27:02,pearson_log,0.5778222273053619,3,3,False
baseline_plus_conditional_anchor_softmax,peptide_disjoint,mse,nonzero,HLA-B*27:02,auc_gt_2h,1.0,3,3,False
baseline_plus_conditional_anchor_softmax,peptide_disjoint,mse,nonzero,HLA-B*27:03,spearman,,2,2,False
baseline_plus_conditional_anchor_softmax,peptide_disjoint,mse,nonzero,HLA-B*27:03,pearson_log,,2,2,False
baseline_plus_conditional_anchor_softmax,peptide_disjoint,mse,nonzero,HLA-B*27:03,auc_gt_2h,,2,2,False
baseline_plus_conditional_anchor_softmax,peptide_disjoint,mse,nonzero,HLA-B*27:05,spearman,,1,1,True
baseline_plus_conditional_anchor_softmax,peptide_disjoint,mse,nonzero,HLA-B*27:05,pearson_log,,1,1,True
baseline_plus_conditional_anchor_softmax,peptide_disjoint,mse,nonzero,HLA-B*27:05,auc_gt_2h,,1,1,True
baseline_plus_conditional_anchor_softmax,peptide_disjoint,mse,nonzero,HLA-B*27:20,spearman,-0.5,3,3,False
baseline_plus_conditional_anchor_softmax,peptide_disjoint,mse,nonzero,HLA-B*27:20,pearson_log,-0.6882396237815512,3,3,False
baseline_plus_conditional_anchor_softmax,peptide_disjoint,mse,nonzero,HLA-B*27:20,auc_gt_2h,0.0,3,3,False
baseline_plus_conditional_anchor_softmax,peptide_disjoint,mse,nonzero,HLA-B*35:01,spearman,,1,1,True
baseline_plus_conditional_anchor_softmax,peptide_disjoint,mse,nonzero,HLA-B*35:01,pearson_log,,1,1,True
baseline_plus_conditional_anchor_softmax,peptide_disjoint,mse,nonzero,HLA-B*35:01,auc_gt_2h,,1,1,True
baseline_plus_conditional_anchor_softmax,peptide_disjoint,mse,nonzero,HLA-B*35:03,spearman,,2,2,False
baseline_plus_conditional_anchor_softmax,peptide_disjoint,mse,nonzero,HLA-B*35:03,pearson_log,,2,2,False
baseline_plus_conditional_anchor_softmax,peptide_disjoint,mse,nonzero,HLA-B*35:03,auc_gt_2h,1.0,2,2,False
baseline_plus_conditional_anchor_softmax,peptide_disjoint,mse,nonzero,HLA-B*35:08,spearman,0.8660254037844387,3,3,False
baseline_plus_conditional_anchor_softmax,peptide_disjoint,mse,nonzero,HLA-B*35:08,pearson_log,0.6437408277332082,3,3,False
baseline_plus_conditional_anchor_softmax,peptide_disjoint,mse,nonzero,HLA-B*35:08,auc_gt_2h,1.0,3,3,False
baseline_plus_conditional_anchor_softmax,peptide_disjoint,mse,nonzero,HLA-B*39:01,spearman,0.9486832980505139,4,4,False
baseline_plus_conditional_anchor_softmax,peptide_disjoint,mse,nonzero,HLA-B*39:01,pearson_log,0.7516803605253629,4,4,False
baseline_plus_conditional_anchor_softmax,peptide_disjoint,mse,nonzero,HLA-B*39:01,auc_gt_2h,1.0,4,4,False
baseline_plus_conditional_anchor_softmax,peptide_disjoint,mse,nonzero,HLA-B*39:02,spearman,,1,1,True
baseline_plus_conditional_anchor_softmax,peptide_disjoint,mse,nonzero,HLA-B*39:02,pearson_log,,1,1,True
baseline_plus_conditional_anchor_softmax,peptide_disjoint,mse,nonzero,HLA-B*39:02,auc_gt_2h,,1,1,True
baseline_plus_conditional_anchor_softmax,peptide_disjoint,mse,nonzero,HLA-B*39:06(C67S),spearman,,1,1,True
baseline_plus_conditional_anchor_softmax,peptide_disjoint,mse,nonzero,HLA-B*39:06(C67S),pearson_log,,1,1,True
baseline_plus_conditional_anchor_softmax,peptide_disjoint,mse,nonzero,HLA-B*39:06(C67S),auc_gt_2h,,1,1,True
baseline_plus_conditional_anchor_softmax,peptide_disjoint,mse,nonzero,HLA-B*39:10,spearman,,1,1,True
baseline_plus_conditional_anchor_softmax,peptide_disjoint,mse,nonzero,HLA-B*39:10,pearson_log,,1,1,True
baseline_plus_conditional_anchor_softmax,peptide_disjoint,mse,nonzero,HLA-B*39:10,auc_gt_2h,,1,1,True
baseline_plus_conditional_anchor_softmax,peptide_disjoint,mse,nonzero,HLA-B*40:01,spearman,,2,2,False
baseline_plus_conditional_anchor_softmax,peptide_disjoint,mse,nonzero,HLA-B*40:01,pearson_log,,2,2,False
baseline_plus_conditional_anchor_softmax,peptide_disjoint,mse,nonzero,HLA-B*40:01,auc_gt_2h,,2,2,False
baseline_plus_conditional_anchor_softmax,peptide_disjoint,mse,nonzero,HLA-B*40:02,spearman,,2,2,False
baseline_plus_conditional_anchor_softmax,peptide_disjoint,mse,nonzero,HLA-B*40:02,pearson_log,,2,2,False
baseline_plus_conditional_anchor_softmax,peptide_disjoint,mse,nonzero,HLA-B*40:02,auc_gt_2h,1.0,2,2,False
baseline_plus_conditional_anchor_softmax,peptide_disjoint,mse,nonzero,HLA-B*41:01,spearman,,2,2,False
baseline_plus_conditional_anchor_softmax,peptide_disjoint,mse,nonzero,HLA-B*41:01,pearson_log,,2,2,False
baseline_plus_conditional_anchor_softmax,peptide_disjoint,mse,nonzero,HLA-B*41:01,auc_gt_2h,,2,2,False
baseline_plus_conditional_anchor_softmax,peptide_disjoint,mse,nonzero,HLA-B*42:01,spearman,,1,1,True
baseline_plus_conditional_anchor_softmax,peptide_disjoint,mse,nonzero,HLA-B*42:01,pearson_log,,1,1,True
baseline_plus_conditional_anchor_softmax,peptide_disjoint,mse,nonzero,HLA-B*42:01,auc_gt_2h,,1,1,True
baseline_plus_conditional_anchor_softmax,peptide_disjoint,mse,nonzero,HLA-B*42:02,spearman,-0.5,3,3,False
baseline_plus_conditional_anchor_softmax,peptide_disjoint,mse,nonzero,HLA-B*42:02,pearson_log,-0.6370700365956969,3,3,False
baseline_plus_conditional_anchor_softmax,peptide_disjoint,mse,nonzero,HLA-B*42:02,auc_gt_2h,0.5,3,3,False
baseline_plus_conditional_anchor_softmax,peptide_disjoint,mse,nonzero,HLA-B*44:05,spearman,,1,1,True
baseline_plus_conditional_anchor_softmax,peptide_disjoint,mse,nonzero,HLA-B*44:05,pearson_log,,1,1,True
baseline_plus_conditional_anchor_softmax,peptide_disjoint,mse,nonzero,HLA-B*44:05,auc_gt_2h,,1,1,True
baseline_plus_conditional_anchor_softmax,peptide_disjoint,mse,nonzero,HLA-B*51:01,spearman,,1,1,True
baseline_plus_conditional_anchor_softmax,peptide_disjoint,mse,nonzero,HLA-B*51:01,pearson_log,,1,1,True
baseline_plus_conditional_anchor_softmax,peptide_disjoint,mse,nonzero,HLA-B*51:01,auc_gt_2h,,1,1,True
baseline_plus_conditional_anchor_softmax,peptide_disjoint,mse,nonzero,HLA-B*54:01,spearman,0.7999999999999999,4,4,False
baseline_plus_conditional_anchor_softmax,peptide_disjoint,mse,nonzero,HLA-B*54:01,pearson_log,0.9518676771332343,4,4,False
baseline_plus_conditional_anchor_softmax,peptide_disjoint,mse,nonzero,HLA-B*54:01,auc_gt_2h,1.0,4,4,False
baseline_plus_conditional_anchor_softmax,peptide_disjoint,mse,nonzero,HLA-B*56:01,spearman,,2,2,False
baseline_plus_conditional_anchor_softmax,peptide_disjoint,mse,nonzero,HLA-B*56:01,pearson_log,,2,2,False
baseline_plus_conditional_anchor_softmax,peptide_disjoint,mse,nonzero,HLA-B*56:01,auc_gt_2h,,2,2,False
baseline_plus_conditional_anchor_softmax,peptide_disjoint,mse,nonzero,HLA-B*57:01,spearman,,1,1,True
baseline_plus_conditional_anchor_softmax,peptide_disjoint,mse,nonzero,HLA-B*57:01,pearson_log,,1,1,True
baseline_plus_conditional_anchor_softmax,peptide_disjoint,mse,nonzero,HLA-B*57:01,auc_gt_2h,,1,1,True
baseline_plus_conditional_anchor_softmax,peptide_disjoint,mse,nonzero,HLA-B*57:02,spearman,-0.5,3,3,False
baseline_plus_conditional_anchor_softmax,peptide_disjoint,mse,nonzero,HLA-B*57:02,pearson_log,-0.39197513457005684,3,3,False
baseline_plus_conditional_anchor_softmax,peptide_disjoint,mse,nonzero,HLA-B*57:02,auc_gt_2h,,3,3,False
baseline_plus_conditional_anchor_softmax,peptide_disjoint,mse,nonzero,HLA-B*57:03,spearman,,2,2,False
baseline_plus_conditional_anchor_softmax,peptide_disjoint,mse,nonzero,HLA-B*57:03,pearson_log,,2,2,False
baseline_plus_conditional_anchor_softmax,peptide_disjoint,mse,nonzero,HLA-B*57:03,auc_gt_2h,0.0,2,2,False
baseline_plus_conditional_anchor_softmax,peptide_disjoint,mse,nonzero,HLA-B*58:01,spearman,0.8999999999999998,5,5,False
baseline_plus_conditional_anchor_softmax,peptide_disjoint,mse,nonzero,HLA-B*58:01,pearson_log,0.9156207416823741,5,5,False
baseline_plus_conditional_anchor_softmax,peptide_disjoint,mse,nonzero,HLA-B*58:01,auc_gt_2h,1.0,5,5,False
baseline_plus_conditional_anchor_softmax,peptide_disjoint,mse,nonzero,HLA-B*81:01,spearman,-0.09999999999999999,5,5,False
baseline_plus_conditional_anchor_softmax,peptide_disjoint,mse,nonzero,HLA-B*81:01,pearson_log,-0.26037708967238204,5,5,False
baseline_plus_conditional_anchor_softmax,peptide_disjoint,mse,nonzero,HLA-B*81:01,auc_gt_2h,,5,5,False
baseline_plus_conditional_anchor_softmax,random,mse,all,HLA-A*01:01,spearman,1.0,3,3,False
baseline_plus_conditional_anchor_softmax,random,mse,all,HLA-A*01:01,pearson_log,0.8726471965619449,3,3,False
baseline_plus_conditional_anchor_softmax,random,mse,all,HLA-A*01:01,auc_gt_2h,,3,3,False
baseline_plus_conditional_anchor_softmax,random,mse,all,HLA-A*02:01,spearman,-0.5,3,3,False
baseline_plus_conditional_anchor_softmax,random,mse,all,HLA-A*02:01,pearson_log,-0.38128882764325767,3,3,False
baseline_plus_conditional_anchor_softmax,random,mse,all,HLA-A*02:01,auc_gt_2h,,3,3,False
baseline_plus_conditional_anchor_softmax,random,mse,all,HLA-A*02:03,spearman,-0.5,3,3,False
baseline_plus_conditional_anchor_softmax,random,mse,all,HLA-A*02:03,pearson_log,-0.39400814852234217,3,3,False
baseline_plus_conditional_anchor_softmax,random,mse,all,HLA-A*02:03,auc_gt_2h,0.5,3,3,False
baseline_plus_conditional_anchor_softmax,random,mse,all,HLA-A*02:05,spearman,-1.0,3,3,False
baseline_plus_conditional_anchor_softmax,random,mse,all,HLA-A*02:05,pearson_log,-0.9158991952407436,3,3,False
baseline_plus_conditional_anchor_softmax,random,mse,all,HLA-A*02:05,auc_gt_2h,,3,3,False
baseline_plus_conditional_anchor_softmax,random,mse,all,HLA-A*02:10,spearman,0.5,3,3,False
baseline_plus_conditional_anchor_softmax,random,mse,all,HLA-A*02:10,pearson_log,0.737113304310581,3,3,False
baseline_plus_conditional_anchor_softmax,random,mse,all,HLA-A*02:10,auc_gt_2h,1.0,3,3,False
baseline_plus_conditional_anchor_softmax,random,mse,all,HLA-A*02:11,spearman,-1.0,3,3,False
baseline_plus_conditional_anchor_softmax,random,mse,all,HLA-A*02:11,pearson_log,-0.9726895739138307,3,3,False
baseline_plus_conditional_anchor_softmax,random,mse,all,HLA-A*02:11,auc_gt_2h,,3,3,False
baseline_plus_conditional_anchor_softmax,random,mse,all,HLA-A*02:12,spearman,-1.0,3,3,False
baseline_plus_conditional_anchor_softmax,random,mse,all,HLA-A*02:12,pearson_log,-0.9572119542416744,3,3,False
baseline_plus_conditional_anchor_softmax,random,mse,all,HLA-A*02:12,auc_gt_2h,,3,3,False
baseline_plus_conditional_anchor_softmax,random,mse,all,HLA-A*02:16,spearman,-0.5,3,3,False
baseline_plus_conditional_anchor_softmax,random,mse,all,HLA-A*02:16,pearson_log,-0.12113987172633028,3,3,False
baseline_plus_conditional_anchor_softmax,random,mse,all,HLA-A*02:16,auc_gt_2h,0.0,3,3,False
baseline_plus_conditional_anchor_softmax,random,mse,all,HLA-A*02:19,spearman,-0.5,3,3,False
baseline_plus_conditional_anchor_softmax,random,mse,all,HLA-A*02:19,pearson_log,0.14368998499335095,3,3,False
baseline_plus_conditional_anchor_softmax,random,mse,all,HLA-A*02:19,auc_gt_2h,,3,3,False
baseline_plus_conditional_anchor_softmax,random,mse,all,HLA-A*02:50,spearman,-1.0,3,3,False
baseline_plus_conditional_anchor_softmax,random,mse,all,HLA-A*02:50,pearson_log,-0.8826965755895186,3,3,False
baseline_plus_conditional_anchor_softmax,random,mse,all,HLA-A*02:50,auc_gt_2h,,3,3,False
baseline_plus_conditional_anchor_softmax,random,mse,all,HLA-A*03:01,spearman,-0.5,3,3,False
baseline_plus_conditional_anchor_softmax,random,mse,all,HLA-A*03:01,pearson_log,-0.5043894012378305,3,3,False
baseline_plus_conditional_anchor_softmax,random,mse,all,HLA-A*03:01,auc_gt_2h,0.5,3,3,False
baseline_plus_conditional_anchor_softmax,random,mse,all,HLA-A*11:01,spearman,1.0,3,3,False
baseline_plus_conditional_anchor_softmax,random,mse,all,HLA-A*11:01,pearson_log,0.9733052688570626,3,3,False
baseline_plus_conditional_anchor_softmax,random,mse,all,HLA-A*11:01,auc_gt_2h,1.0,3,3,False
baseline_plus_conditional_anchor_softmax,random,mse,all,HLA-A*23:01,spearman,-1.0,3,3,False
baseline_plus_conditional_anchor_softmax,random,mse,all,HLA-A*23:01,pearson_log,-0.9596312754963642,3,3,False
baseline_plus_conditional_anchor_softmax,random,mse,all,HLA-A*23:01,auc_gt_2h,0.0,3,3,False
baseline_plus_conditional_anchor_softmax,random,mse,all,HLA-A*24:02,spearman,-1.0,3,3,False
baseline_plus_conditional_anchor_softmax,random,mse,all,HLA-A*24:02,pearson_log,-0.8509946841731251,3,3,False
baseline_plus_conditional_anchor_softmax,random,mse,all,HLA-A*24:02,auc_gt_2h,0.0,3,3,False
baseline_plus_conditional_anchor_softmax,random,mse,all,HLA-A*24:03,spearman,1.0,3,3,False
baseline_plus_conditional_anchor_softmax,random,mse,all,HLA-A*24:03,pearson_log,0.938399813187979,3,3,False
baseline_plus_conditional_anchor_softmax,random,mse,all,HLA-A*24:03,auc_gt_2h,1.0,3,3,False
baseline_plus_conditional_anchor_softmax,random,mse,all,HLA-A*24:07,spearman,-1.0,3,3,False
baseline_plus_conditional_anchor_softmax,random,mse,all,HLA-A*24:07,pearson_log,-0.984148804885328,3,3,False
baseline_plus_conditional_anchor_softmax,random,mse,all,HLA-A*24:07,auc_gt_2h,,3,3,False
baseline_plus_conditional_anchor_softmax,random,mse,all,HLA-A*24:19,spearman,0.5,3,3,False
baseline_plus_conditional_anchor_softmax,random,mse,all,HLA-A*24:19,pearson_log,0.5707783748304327,3,3,False
baseline_plus_conditional_anchor_softmax,random,mse,all,HLA-A*24:19,auc_gt_2h,,3,3,False
baseline_plus_conditional_anchor_softmax,random,mse,all,HLA-A*25:01,spearman,0.0,3,3,False
baseline_plus_conditional_anchor_softmax,random,mse,all,HLA-A*25:01,pearson_log,-0.10988473545431282,3,3,False
baseline_plus_conditional_anchor_softmax,random,mse,all,HLA-A*25:01,auc_gt_2h,,3,3,False
baseline_plus_conditional_anchor_softmax,random,mse,all,HLA-A*26:01,spearman,-0.5,3,3,False
baseline_plus_conditional_anchor_softmax,random,mse,all,HLA-A*26:01,pearson_log,-0.7345555355018044,3,3,False
baseline_plus_conditional_anchor_softmax,random,mse,all,HLA-A*26:01,auc_gt_2h,,3,3,False
baseline_plus_conditional_anchor_softmax,random,mse,all,HLA-A*26:02,spearman,-0.5,3,3,False
baseline_plus_conditional_anchor_softmax,random,mse,all,HLA-A*26:02,pearson_log,-0.8574519005272975,3,3,False
baseline_plus_conditional_anchor_softmax,random,mse,all,HLA-A*26:02,auc_gt_2h,0.0,3,3,False
baseline_plus_conditional_anchor_softmax,random,mse,all,HLA-A*26:03,spearman,-0.8660254037844387,3,3,False
baseline_plus_conditional_anchor_softmax,random,mse,all,HLA-A*26:03,pearson_log,-0.6844081842854861,3,3,False
baseline_plus_conditional_anchor_softmax,random,mse,all,HLA-A*26:03,auc_gt_2h,,3,3,False
baseline_plus_conditional_anchor_softmax,random,mse,all,HLA-A*29:02,spearman,0.5,3,3,False
baseline_plus_conditional_anchor_softmax,random,mse,all,HLA-A*29:02,pearson_log,0.595819586260926,3,3,False
baseline_plus_conditional_anchor_softmax,random,mse,all,HLA-A*29:02,auc_gt_2h,1.0,3,3,False
baseline_plus_conditional_anchor_softmax,random,mse,all,HLA-A*30:01,spearman,-0.5,3,3,False
baseline_plus_conditional_anchor_softmax,random,mse,all,HLA-A*30:01,pearson_log,-0.037259969102741264,3,3,False
baseline_plus_conditional_anchor_softmax,random,mse,all,HLA-A*30:01,auc_gt_2h,0.5,3,3,False
baseline_plus_conditional_anchor_softmax,random,mse,all,HLA-A*30:02,spearman,0.5,3,3,False
baseline_plus_conditional_anchor_softmax,random,mse,all,HLA-A*30:02,pearson_log,0.3991857574520902,3,3,False
baseline_plus_conditional_anchor_softmax,random,mse,all,HLA-A*30:02,auc_gt_2h,0.5,3,3,False
baseline_plus_conditional_anchor_softmax,random,mse,all,HLA-A*31:01,spearman,1.0,3,3,False
baseline_plus_conditional_anchor_softmax,random,mse,all,HLA-A*31:01,pearson_log,0.9481768336352284,3,3,False
baseline_plus_conditional_anchor_softmax,random,mse,all,HLA-A*31:01,auc_gt_2h,1.0,3,3,False
baseline_plus_conditional_anchor_softmax,random,mse,all,HLA-A*32:01,spearman,-0.5,3,3,False
baseline_plus_conditional_anchor_softmax,random,mse,all,HLA-A*32:01,pearson_log,-0.48008006625639715,3,3,False
baseline_plus_conditional_anchor_softmax,random,mse,all,HLA-A*32:01,auc_gt_2h,0.5,3,3,False
baseline_plus_conditional_anchor_softmax,random,mse,all,HLA-A*32:07,spearman,-0.5,3,3,False
baseline_plus_conditional_anchor_softmax,random,mse,all,HLA-A*32:07,pearson_log,-0.5065087972029827,3,3,False
baseline_plus_conditional_anchor_softmax,random,mse,all,HLA-A*32:07,auc_gt_2h,0.0,3,3,False
baseline_plus_conditional_anchor_softmax,random,mse,all,HLA-A*33:03,spearman,0.5,3,3,False
baseline_plus_conditional_anchor_softmax,random,mse,all,HLA-A*33:03,pearson_log,0.09085023729395927,3,3,False
baseline_plus_conditional_anchor_softmax,random,mse,all,HLA-A*33:03,auc_gt_2h,0.5,3,3,False
baseline_plus_conditional_anchor_softmax,random,mse,all,HLA-A*43:01,spearman,0.5,3,3,False
baseline_plus_conditional_anchor_softmax,random,mse,all,HLA-A*43:01,pearson_log,0.191995159894685,3,3,False
baseline_plus_conditional_anchor_softmax,random,mse,all,HLA-A*43:01,auc_gt_2h,0.5,3,3,False
baseline_plus_conditional_anchor_softmax,random,mse,all,HLA-A*66:01,spearman,-0.5,3,3,False
baseline_plus_conditional_anchor_softmax,random,mse,all,HLA-A*66:01,pearson_log,-0.7093277155579831,3,3,False
baseline_plus_conditional_anchor_softmax,random,mse,all,HLA-A*66:01,auc_gt_2h,,3,3,False
baseline_plus_conditional_anchor_softmax,random,mse,all,HLA-A*68:01,spearman,-1.0,3,3,False
baseline_plus_conditional_anchor_softmax,random,mse,all,HLA-A*68:01,pearson_log,-0.9996043108351055,3,3,False
baseline_plus_conditional_anchor_softmax,random,mse,all,HLA-A*68:01,auc_gt_2h,0.0,3,3,False
baseline_plus_conditional_anchor_softmax,random,mse,all,HLA-A*68:02,spearman,-0.5,3,3,False
baseline_plus_conditional_anchor_softmax,random,mse,all,HLA-A*68:02,pearson_log,-0.4840363132622519,3,3,False
baseline_plus_conditional_anchor_softmax,random,mse,all,HLA-A*68:02,auc_gt_2h,0.0,3,3,False
baseline_plus_conditional_anchor_softmax,random,mse,all,HLA-A*68:23,spearman,,2,2,False
baseline_plus_conditional_anchor_softmax,random,mse,all,HLA-A*68:23,pearson_log,,2,2,False
baseline_plus_conditional_anchor_softmax,random,mse,all,HLA-A*68:23,auc_gt_2h,,2,2,False
baseline_plus_conditional_anchor_softmax,random,mse,all,HLA-A*69:01,spearman,-0.5,3,3,False
baseline_plus_conditional_anchor_softmax,random,mse,all,HLA-A*69:01,pearson_log,0.16601135281138318,3,3,False
baseline_plus_conditional_anchor_softmax,random,mse,all,HLA-A*69:01,auc_gt_2h,,3,3,False
baseline_plus_conditional_anchor_softmax,random,mse,all,HLA-A*74:01,spearman,,2,2,False
baseline_plus_conditional_anchor_softmax,random,mse,all,HLA-A*74:01,pearson_log,,2,2,False
baseline_plus_conditional_anchor_softmax,random,mse,all,HLA-A*74:01,auc_gt_2h,,2,2,False
baseline_plus_conditional_anchor_softmax,random,mse,all,HLA-A*80:01,spearman,1.0,3,3,False
baseline_plus_conditional_anchor_softmax,random,mse,all,HLA-A*80:01,pearson_log,0.999615736607526,3,3,False
baseline_plus_conditional_anchor_softmax,random,mse,all,HLA-A*80:01,auc_gt_2h,1.0,3,3,False
baseline_plus_conditional_anchor_softmax,random,mse,all,HLA-B*07:02,spearman,,2,2,False
baseline_plus_conditional_anchor_softmax,random,mse,all,HLA-B*07:02,pearson_log,,2,2,False
baseline_plus_conditional_anchor_softmax,random,mse,all,HLA-B*07:02,auc_gt_2h,,2,2,False
baseline_plus_conditional_anchor_softmax,random,mse,all,HLA-B*08:01,spearman,0.0,3,3,False
baseline_plus_conditional_anchor_softmax,random,mse,all,HLA-B*08:01,pearson_log,-0.05470961082424497,3,3,False
baseline_plus_conditional_anchor_softmax,random,mse,all,HLA-B*08:01,auc_gt_2h,,3,3,False
baseline_plus_conditional_anchor_softmax,random,mse,all,HLA-B*08:03,spearman,,2,2,False
baseline_plus_conditional_anchor_softmax,random,mse,all,HLA-B*08:03,pearson_log,,2,2,False
baseline_plus_conditional_anchor_softmax,random,mse,all,HLA-B*08:03,auc_gt_2h,,2,2,False
baseline_plus_conditional_anchor_softmax,random,mse,all,HLA-B*13:02,spearman,,1,1,True
baseline_plus_conditional_anchor_softmax,random,mse,all,HLA-B*13:02,pearson_log,,1,1,True
baseline_plus_conditional_anchor_softmax,random,mse,all,HLA-B*13:02,auc_gt_2h,,1,1,True
baseline_plus_conditional_anchor_softmax,random,mse,all,HLA-B*14:01(C67S),spearman,,2,2,False
baseline_plus_conditional_anchor_softmax,random,mse,all,HLA-B*14:01(C67S),pearson_log,,2,2,False
baseline_plus_conditional_anchor_softmax,random,mse,all,HLA-B*14:01(C67S),auc_gt_2h,,2,2,False
baseline_plus_conditional_anchor_softmax,random,mse,all,HLA-B*14:02(C67S),spearman,,2,2,False
baseline_plus_conditional_anchor_softmax,random,mse,all,HLA-B*14:02(C67S),pearson_log,,2,2,False
baseline_plus_conditional_anchor_softmax,random,mse,all,HLA-B*14:02(C67S),auc_gt_2h,1.0,2,2,False
baseline_plus_conditional_anchor_softmax,random,mse,all,HLA-B*15:01,spearman,0.5,3,3,False
baseline_plus_conditional_anchor_softmax,random,mse,all,HLA-B*15:01,pearson_log,-0.1466188003442957,3,3,False
baseline_plus_conditional_anchor_softmax,random,mse,all,HLA-B*15:01,auc_gt_2h,1.0,3,3,False
baseline_plus_conditional_anchor_softmax,random,mse,all,HLA-B*15:02,spearman,-0.5,3,3,False
baseline_plus_conditional_anchor_softmax,random,mse,all,HLA-B*15:02,pearson_log,-0.8531680774732628,3,3,False
baseline_plus_conditional_anchor_softmax,random,mse,all,HLA-B*15:02,auc_gt_2h,0.5,3,3,False
baseline_plus_conditional_anchor_softmax,random,mse,all,HLA-B*15:10,spearman,,2,2,False
baseline_plus_conditional_anchor_softmax,random,mse,all,HLA-B*15:10,pearson_log,,2,2,False
baseline_plus_conditional_anchor_softmax,random,mse,all,HLA-B*15:10,auc_gt_2h,1.0,2,2,False
baseline_plus_conditional_anchor_softmax,random,mse,all,HLA-B*15:17,spearman,,2,2,False
baseline_plus_conditional_anchor_softmax,random,mse,all,HLA-B*15:17,pearson_log,,2,2,False
baseline_plus_conditional_anchor_softmax,random,mse,all,HLA-B*15:17,auc_gt_2h,1.0,2,2,False
baseline_plus_conditional_anchor_softmax,random,mse,all,HLA-B*18:01,spearman,,2,2,False
baseline_plus_conditional_anchor_softmax,random,mse,all,HLA-B*18:01,pearson_log,,2,2,False
baseline_plus_conditional_anchor_softmax,random,mse,all,HLA-B*18:01,auc_gt_2h,0.0,2,2,False
baseline_plus_conditional_anchor_softmax,random,mse,all,HLA-B*27:02,spearman,,2,2,False
baseline_plus_conditional_anchor_softmax,random,mse,all,HLA-B*27:02,pearson_log,,2,2,False
baseline_plus_conditional_anchor_softmax,random,mse,all,HLA-B*27:02,auc_gt_2h,,2,2,False
baseline_plus_conditional_anchor_softmax,random,mse,all,HLA-B*27:03,spearman,,2,2,False
baseline_plus_conditional_anchor_softmax,random,mse,all,HLA-B*27:03,pearson_log,,2,2,False
baseline_plus_conditional_anchor_softmax,random,mse,all,HLA-B*27:03,auc_gt_2h,,2,2,False
baseline_plus_conditional_anchor_softmax,random,mse,all,HLA-B*27:05,spearman,0.5,3,3,False
baseline_plus_conditional_anchor_softmax,random,mse,all,HLA-B*27:05,pearson_log,0.5843601568998381,3,3,False
baseline_plus_conditional_anchor_softmax,random,mse,all,HLA-B*27:05,auc_gt_2h,0.5,3,3,False
baseline_plus_conditional_anchor_softmax,random,mse,all,HLA-B*27:20,spearman,,2,2,False
baseline_plus_conditional_anchor_softmax,random,mse,all,HLA-B*27:20,pearson_log,,2,2,False
baseline_plus_conditional_anchor_softmax,random,mse,all,HLA-B*27:20,auc_gt_2h,,2,2,False
baseline_plus_conditional_anchor_softmax,random,mse,all,HLA-B*35:01,spearman,,2,2,False
baseline_plus_conditional_anchor_softmax,random,mse,all,HLA-B*35:01,pearson_log,,2,2,False
baseline_plus_conditional_anchor_softmax,random,mse,all,HLA-B*35:01,auc_gt_2h,0.0,2,2,False
baseline_plus_conditional_anchor_softmax,random,mse,all,HLA-B*35:03,spearman,,2,2,False
baseline_plus_conditional_anchor_softmax,random,mse,all,HLA-B*35:03,pearson_log,,2,2,False
baseline_plus_conditional_anchor_softmax,random,mse,all,HLA-B*35:03,auc_gt_2h,0.0,2,2,False
baseline_plus_conditional_anchor_softmax,random,mse,all,HLA-B*35:08,spearman,-0.5,3,3,False
baseline_plus_conditional_anchor_softmax,random,mse,all,HLA-B*35:08,pearson_log,0.0972093582734099,3,3,False
baseline_plus_conditional_anchor_softmax,random,mse,all,HLA-B*35:08,auc_gt_2h,0.5,3,3,False
baseline_plus_conditional_anchor_softmax,random,mse,all,HLA-B*39:01,spearman,,2,2,False
baseline_plus_conditional_anchor_softmax,random,mse,all,HLA-B*39:01,pearson_log,,2,2,False
baseline_plus_conditional_anchor_softmax,random,mse,all,HLA-B*39:01,auc_gt_2h,,2,2,False
baseline_plus_conditional_anchor_softmax,random,mse,all,HLA-B*39:02,spearman,0.8660254037844387,3,3,False
baseline_plus_conditional_anchor_softmax,random,mse,all,HLA-B*39:02,pearson_log,0.9976219417496426,3,3,False
baseline_plus_conditional_anchor_softmax,random,mse,all,HLA-B*39:02,auc_gt_2h,,3,3,False
baseline_plus_conditional_anchor_softmax,random,mse,all,HLA-B*39:06(C67S),spearman,,3,3,False
baseline_plus_conditional_anchor_softmax,random,mse,all,HLA-B*39:06(C67S),pearson_log,,3,3,False
baseline_plus_conditional_anchor_softmax,random,mse,all,HLA-B*39:06(C67S),auc_gt_2h,,3,3,False
baseline_plus_conditional_anchor_softmax,random,mse,all,HLA-B*39:10,spearman,,2,2,False
baseline_plus_conditional_anchor_softmax,random,mse,all,HLA-B*39:10,pearson_log,,2,2,False
baseline_plus_conditional_anchor_softmax,random,mse,all,HLA-B*39:10,auc_gt_2h,1.0,2,2,False
baseline_plus_conditional_anchor_softmax,random,mse,all,HLA-B*40:01,spearman,-0.5,3,3,False
baseline_plus_conditional_anchor_softmax,random,mse,all,HLA-B*40:01,pearson_log,0.09791485992599985,3,3,False
baseline_plus_conditional_anchor_softmax,random,mse,all,HLA-B*40:01,auc_gt_2h,,3,3,False
baseline_plus_conditional_anchor_softmax,random,mse,all,HLA-B*40:02,spearman,1.0,3,3,False
baseline_plus_conditional_anchor_softmax,random,mse,all,HLA-B*40:02,pearson_log,0.8219437402462144,3,3,False
baseline_plus_conditional_anchor_softmax,random,mse,all,HLA-B*40:02,auc_gt_2h,1.0,3,3,False
baseline_plus_conditional_anchor_softmax,random,mse,all,HLA-B*41:01,spearman,-0.5,3,3,False
baseline_plus_conditional_anchor_softmax,random,mse,all,HLA-B*41:01,pearson_log,-0.7315464339300354,3,3,False
baseline_plus_conditional_anchor_softmax,random,mse,all,HLA-B*41:01,auc_gt_2h,,3,3,False
baseline_plus_conditional_anchor_softmax,random,mse,all,HLA-B*42:01,spearman,,2,2,False
baseline_plus_conditional_anchor_softmax,random,mse,all,HLA-B*42:01,pearson_log,,2,2,False
baseline_plus_conditional_anchor_softmax,random,mse,all,HLA-B*42:01,auc_gt_2h,,2,2,False
baseline_plus_conditional_anchor_softmax,random,mse,all,HLA-B*42:02,spearman,-0.5,3,3,False
baseline_plus_conditional_anchor_softmax,random,mse,all,HLA-B*42:02,pearson_log,-0.8129544543141608,3,3,False
baseline_plus_conditional_anchor_softmax,random,mse,all,HLA-B*42:02,auc_gt_2h,0.0,3,3,False
baseline_plus_conditional_anchor_softmax,random,mse,all,HLA-B*44:05,spearman,,2,2,False
baseline_plus_conditional_anchor_softmax,random,mse,all,HLA-B*44:05,pearson_log,,2,2,False
baseline_plus_conditional_anchor_softmax,random,mse,all,HLA-B*44:05,auc_gt_2h,,2,2,False
baseline_plus_conditional_anchor_softmax,random,mse,all,HLA-B*45:01,spearman,0.8660254037844387,3,3,False
baseline_plus_conditional_anchor_softmax,random,mse,all,HLA-B*45:01,pearson_log,0.973077251098201,3,3,False
baseline_plus_conditional_anchor_softmax,random,mse,all,HLA-B*45:01,auc_gt_2h,,3,3,False
baseline_plus_conditional_anchor_softmax,random,mse,all,HLA-B*46:01,spearman,0.0,3,3,False
baseline_plus_conditional_anchor_softmax,random,mse,all,HLA-B*46:01,pearson_log,-0.10246348854399667,3,3,False
baseline_plus_conditional_anchor_softmax,random,mse,all,HLA-B*46:01,auc_gt_2h,,3,3,False
baseline_plus_conditional_anchor_softmax,random,mse,all,HLA-B*51:01,spearman,0.0,3,3,False
baseline_plus_conditional_anchor_softmax,random,mse,all,HLA-B*51:01,pearson_log,-0.46232255010604817,3,3,False
baseline_plus_conditional_anchor_softmax,random,mse,all,HLA-B*51:01,auc_gt_2h,0.5,3,3,False
baseline_plus_conditional_anchor_softmax,random,mse,all,HLA-B*54:01,spearman,1.0,3,3,False
baseline_plus_conditional_anchor_softmax,random,mse,all,HLA-B*54:01,pearson_log,0.9329206589460568,3,3,False
baseline_plus_conditional_anchor_softmax,random,mse,all,HLA-B*54:01,auc_gt_2h,1.0,3,3,False
baseline_plus_conditional_anchor_softmax,random,mse,all,HLA-B*55:01,spearman,,2,2,False
baseline_plus_conditional_anchor_softmax,random,mse,all,HLA-B*55:01,pearson_log,,2,2,False
baseline_plus_conditional_anchor_softmax,random,mse,all,HLA-B*55:01,auc_gt_2h,,2,2,False
baseline_plus_conditional_anchor_softmax,random,mse,all,HLA-B*56:01,spearman,-0.5,3,3,False
baseline_plus_conditional_anchor_softmax,random,mse,all,HLA-B*56:01,pearson_log,-0.4890909000003141,3,3,False
baseline_plus_conditional_anchor_softmax,random,mse,all,HLA-B*56:01,auc_gt_2h,,3,3,False
baseline_plus_conditional_anchor_softmax,random,mse,all,HLA-B*57:01,spearman,,2,2,False
baseline_plus_conditional_anchor_softmax,random,mse,all,HLA-B*57:01,pearson_log,,2,2,False
baseline_plus_conditional_anchor_softmax,random,mse,all,HLA-B*57:01,auc_gt_2h,,2,2,False
baseline_plus_conditional_anchor_softmax,random,mse,all,HLA-B*57:02,spearman,,2,2,False
baseline_plus_conditional_anchor_softmax,random,mse,all,HLA-B*57:02,pearson_log,,2,2,False
baseline_plus_conditional_anchor_softmax,random,mse,all,HLA-B*57:02,auc_gt_2h,,2,2,False
baseline_plus_conditional_anchor_softmax,random,mse,all,HLA-B*57:03,spearman,,2,2,False
baseline_plus_conditional_anchor_softmax,random,mse,all,HLA-B*57:03,pearson_log,,2,2,False
baseline_plus_conditional_anchor_softmax,random,mse,all,HLA-B*57:03,auc_gt_2h,,2,2,False
baseline_plus_conditional_anchor_softmax,random,mse,all,HLA-B*58:01,spearman,-1.0,3,3,False
baseline_plus_conditional_anchor_softmax,random,mse,all,HLA-B*58:01,pearson_log,-0.9737951422573339,3,3,False
baseline_plus_conditional_anchor_softmax,random,mse,all,HLA-B*58:01,auc_gt_2h,0.0,3,3,False
baseline_plus_conditional_anchor_softmax,random,mse,all,HLA-B*81:01,spearman,,2,2,False
baseline_plus_conditional_anchor_softmax,random,mse,all,HLA-B*81:01,pearson_log,,2,2,False
baseline_plus_conditional_anchor_softmax,random,mse,all,HLA-B*81:01,auc_gt_2h,,2,2,False
baseline_plus_conditional_anchor_softmax,random,mse,nonzero,HLA-A*01:01,spearman,,2,2,False
baseline_plus_conditional_anchor_softmax,random,mse,nonzero,HLA-A*01:01,pearson_log,,2,2,False
baseline_plus_conditional_anchor_softmax,random,mse,nonzero,HLA-A*01:01,auc_gt_2h,,2,2,False
baseline_plus_conditional_anchor_softmax,random,mse,nonzero,HLA-A*02:01,spearman,-0.5,3,3,False
baseline_plus_conditional_anchor_softmax,random,mse,nonzero,HLA-A*02:01,pearson_log,-0.38128882764325767,3,3,False
baseline_plus_conditional_anchor_softmax,random,mse,nonzero,HLA-A*02:01,auc_gt_2h,,3,3,False
baseline_plus_conditional_anchor_softmax,random,mse,nonzero,HLA-A*02:03,spearman,,2,2,False
baseline_plus_conditional_anchor_softmax,random,mse,nonzero,HLA-A*02:03,pearson_log,,2,2,False
baseline_plus_conditional_anchor_softmax,random,mse,nonzero,HLA-A*02:03,auc_gt_2h,1.0,2,2,False
baseline_plus_conditional_anchor_softmax,random,mse,nonzero,HLA-A*02:05,spearman,-1.0,3,3,False
baseline_plus_conditional_anchor_softmax,random,mse,nonzero,HLA-A*02:05,pearson_log,-0.9158991952407436,3,3,False
baseline_plus_conditional_anchor_softmax,random,mse,nonzero,HLA-A*02:05,auc_gt_2h,,3,3,False
baseline_plus_conditional_anchor_softmax,random,mse,nonzero,HLA-A*02:10,spearman,0.5,3,3,False
baseline_plus_conditional_anchor_softmax,random,mse,nonzero,HLA-A*02:10,pearson_log,0.737113304310581,3,3,False
baseline_plus_conditional_anchor_softmax,random,mse,nonzero,HLA-A*02:10,auc_gt_2h,1.0,3,3,False
baseline_plus_conditional_anchor_softmax,random,mse,nonzero,HLA-A*02:11,spearman,-1.0,3,3,False
baseline_plus_conditional_anchor_softmax,random,mse,nonzero,HLA-A*02:11,pearson_log,-0.9726895739138307,3,3,False
baseline_plus_conditional_anchor_softmax,random,mse,nonzero,HLA-A*02:11,auc_gt_2h,,3,3,False
baseline_plus_conditional_anchor_softmax,random,mse,nonzero,HLA-A*02:12,spearman,-1.0,3,3,False
baseline_plus_conditional_anchor_softmax,random,mse,nonzero,HLA-A*02:12,pearson_log,-0.9572119542416744,3,3,False
baseline_plus_conditional_anchor_softmax,random,mse,nonzero,HLA-A*02:12,auc_gt_2h,,3,3,False
baseline_plus_conditional_anchor_softmax,random,mse,nonzero,HLA-A*02:16,spearman,-0.5,3,3,False
baseline_plus_conditional_anchor_softmax,random,mse,nonzero,HLA-A*02:16,pearson_log,-0.12113987172633028,3,3,False
baseline_plus_conditional_anchor_softmax,random,mse,nonzero,HLA-A*02:16,auc_gt_2h,0.0,3,3,False
baseline_plus_conditional_anchor_softmax,random,mse,nonzero,HLA-A*02:19,spearman,-0.5,3,3,False
baseline_plus_conditional_anchor_softmax,random,mse,nonzero,HLA-A*02:19,pearson_log,0.14368998499335095,3,3,False
baseline_plus_conditional_anchor_softmax,random,mse,nonzero,HLA-A*02:19,auc_gt_2h,,3,3,False
baseline_plus_conditional_anchor_softmax,random,mse,nonzero,HLA-A*02:50,spearman,-1.0,3,3,False
baseline_plus_conditional_anchor_softmax,random,mse,nonzero,HLA-A*02:50,pearson_log,-0.8826965755895186,3,3,False
baseline_plus_conditional_anchor_softmax,random,mse,nonzero,HLA-A*02:50,auc_gt_2h,,3,3,False
baseline_plus_conditional_anchor_softmax,random,mse,nonzero,HLA-A*03:01,spearman,,2,2,False
baseline_plus_conditional_anchor_softmax,random,mse,nonzero,HLA-A*03:01,pearson_log,,2,2,False
baseline_plus_conditional_anchor_softmax,random,mse,nonzero,HLA-A*03:01,auc_gt_2h,1.0,2,2,False
baseline_plus_conditional_anchor_softmax,random,mse,nonzero,HLA-A*11:01,spearman,1.0,3,3,False
baseline_plus_conditional_anchor_softmax,random,mse,nonzero,HLA-A*11:01,pearson_log,0.9733052688570626,3,3,False
baseline_plus_conditional_anchor_softmax,random,mse,nonzero,HLA-A*11:01,auc_gt_2h,1.0,3,3,False
baseline_plus_conditional_anchor_softmax,random,mse,nonzero,HLA-A*23:01,spearman,-1.0,3,3,False
baseline_plus_conditional_anchor_softmax,random,mse,nonzero,HLA-A*23:01,pearson_log,-0.9596312754963642,3,3,False
baseline_plus_conditional_anchor_softmax,random,mse,nonzero,HLA-A*23:01,auc_gt_2h,0.0,3,3,False
baseline_plus_conditional_anchor_softmax,random,mse,nonzero,HLA-A*24:02,spearman,-1.0,3,3,False
baseline_plus_conditional_anchor_softmax,random,mse,nonzero,HLA-A*24:02,pearson_log,-0.8509946841731251,3,3,False
baseline_plus_conditional_anchor_softmax,random,mse,nonzero,HLA-A*24:02,auc_gt_2h,0.0,3,3,False
baseline_plus_conditional_anchor_softmax,random,mse,nonzero,HLA-A*24:03,spearman,1.0,3,3,False
baseline_plus_conditional_anchor_softmax,random,mse,nonzero,HLA-A*24:03,pearson_log,0.938399813187979,3,3,False
baseline_plus_conditional_anchor_softmax,random,mse,nonzero,HLA-A*24:03,auc_gt_2h,1.0,3,3,False
baseline_plus_conditional_anchor_softmax,random,mse,nonzero,HLA-A*24:07,spearman,-1.0,3,3,False
baseline_plus_conditional_anchor_softmax,random,mse,nonzero,HLA-A*24:07,pearson_log,-0.984148804885328,3,3,False
baseline_plus_conditional_anchor_softmax,random,mse,nonzero,HLA-A*24:07,auc_gt_2h,,3,3,False
baseline_plus_conditional_anchor_softmax,random,mse,nonzero,HLA-A*24:19,spearman,,2,2,False
baseline_plus_conditional_anchor_softmax,random,mse,nonzero,HLA-A*24:19,pearson_log,,2,2,False
baseline_plus_conditional_anchor_softmax,random,mse,nonzero,HLA-A*24:19,auc_gt_2h,,2,2,False
baseline_plus_conditional_anchor_softmax,random,mse,nonzero,HLA-A*25:01,spearman,,1,1,True
baseline_plus_conditional_anchor_softmax,random,mse,nonzero,HLA-A*25:01,pearson_log,,1,1,True
baseline_plus_conditional_anchor_softmax,random,mse,nonzero,HLA-A*25:01,auc_gt_2h,,1,1,True
baseline_plus_conditional_anchor_softmax,random,mse,nonzero,HLA-A*26:01,spearman,-0.5,3,3,False
baseline_plus_conditional_anchor_softmax,random,mse,nonzero,HLA-A*26:01,pearson_log,-0.7345555355018044,3,3,False
baseline_plus_conditional_anchor_softmax,random,mse,nonzero,HLA-A*26:01,auc_gt_2h,,3,3,False
baseline_plus_conditional_anchor_softmax,random,mse,nonzero,HLA-A*26:02,spearman,-0.5,3,3,False
baseline_plus_conditional_anchor_softmax,random,mse,nonzero,HLA-A*26:02,pearson_log,-0.8574519005272975,3,3,False
baseline_plus_conditional_anchor_softmax,random,mse,nonzero,HLA-A*26:02,auc_gt_2h,0.0,3,3,False
baseline_plus_conditional_anchor_softmax,random,mse,nonzero,HLA-A*26:03,spearman,,1,1,True
baseline_plus_conditional_anchor_softmax,random,mse,nonzero,HLA-A*26:03,pearson_log,,1,1,True
baseline_plus_conditional_anchor_softmax,random,mse,nonzero,HLA-A*26:03,auc_gt_2h,,1,1,True
baseline_plus_conditional_anchor_softmax,random,mse,nonzero,HLA-A*29:02,spearman,0.5,3,3,False
baseline_plus_conditional_anchor_softmax,random,mse,nonzero,HLA-A*29:02,pearson_log,0.595819586260926,3,3,False
baseline_plus_conditional_anchor_softmax,random,mse,nonzero,HLA-A*29:02,auc_gt_2h,1.0,3,3,False
baseline_plus_conditional_anchor_softmax,random,mse,nonzero,HLA-A*30:01,spearman,,2,2,False
baseline_plus_conditional_anchor_softmax,random,mse,nonzero,HLA-A*30:01,pearson_log,,2,2,False
baseline_plus_conditional_anchor_softmax,random,mse,nonzero,HLA-A*30:01,auc_gt_2h,1.0,2,2,False
baseline_plus_conditional_anchor_softmax,random,mse,nonzero,HLA-A*30:02,spearman,,2,2,False
baseline_plus_conditional_anchor_softmax,random,mse,nonzero,HLA-A*30:02,pearson_log,,2,2,False
baseline_plus_conditional_anchor_softmax,random,mse,nonzero,HLA-A*30:02,auc_gt_2h,0.0,2,2,False
baseline_plus_conditional_anchor_softmax,random,mse,nonzero,HLA-A*31:01,spearman,1.0,3,3,False
baseline_plus_conditional_anchor_softmax,random,mse,nonzero,HLA-A*31:01,pearson_log,0.9481768336352284,3,3,False
baseline_plus_conditional_anchor_softmax,random,mse,nonzero,HLA-A*31:01,auc_gt_2h,1.0,3,3,False
baseline_plus_conditional_anchor_softmax,random,mse,nonzero,HLA-A*32:01,spearman,,2,2,False
baseline_plus_conditional_anchor_softmax,random,mse,nonzero,HLA-A*32:01,pearson_log,,2,2,False
baseline_plus_conditional_anchor_softmax,random,mse,nonzero,HLA-A*32:01,auc_gt_2h,,2,2,False
baseline_plus_conditional_anchor_softmax,random,mse,nonzero,HLA-A*32:07,spearman,-0.5,3,3,False
baseline_plus_conditional_anchor_softmax,random,mse,nonzero,HLA-A*32:07,pearson_log,-0.5065087972029827,3,3,False
baseline_plus_conditional_anchor_softmax,random,mse,nonzero,HLA-A*32:07,auc_gt_2h,0.0,3,3,False
baseline_plus_conditional_anchor_softmax,random,mse,nonzero,HLA-A*33:03,spearman,,2,2,False
baseline_plus_conditional_anchor_softmax,random,mse,nonzero,HLA-A*33:03,pearson_log,,2,2,False
baseline_plus_conditional_anchor_softmax,random,mse,nonzero,HLA-A*33:03,auc_gt_2h,0.0,2,2,False
baseline_plus_conditional_anchor_softmax,random,mse,nonzero,HLA-A*43:01,spearman,,2,2,False
baseline_plus_conditional_anchor_softmax,random,mse,nonzero,HLA-A*43:01,pearson_log,,2,2,False
baseline_plus_conditional_anchor_softmax,random,mse,nonzero,HLA-A*43:01,auc_gt_2h,0.0,2,2,False
baseline_plus_conditional_anchor_softmax,random,mse,nonzero,HLA-A*66:01,spearman,,2,2,False
baseline_plus_conditional_anchor_softmax,random,mse,nonzero,HLA-A*66:01,pearson_log,,2,2,False
baseline_plus_conditional_anchor_softmax,random,mse,nonzero,HLA-A*66:01,auc_gt_2h,,2,2,False
baseline_plus_conditional_anchor_softmax,random,mse,nonzero,HLA-A*68:01,spearman,,2,2,False
baseline_plus_conditional_anchor_softmax,random,mse,nonzero,HLA-A*68:01,pearson_log,,2,2,False
baseline_plus_conditional_anchor_softmax,random,mse,nonzero,HLA-A*68:01,auc_gt_2h,,2,2,False
baseline_plus_conditional_anchor_softmax,random,mse,nonzero,HLA-A*68:02,spearman,-0.5,3,3,False
baseline_plus_conditional_anchor_softmax,random,mse,nonzero,HLA-A*68:02,pearson_log,-0.4840363132622519,3,3,False
baseline_plus_conditional_anchor_softmax,random,mse,nonzero,HLA-A*68:02,auc_gt_2h,0.0,3,3,False
baseline_plus_conditional_anchor_softmax,random,mse,nonzero,HLA-A*68:23,spearman,,2,2,False
baseline_plus_conditional_anchor_softmax,random,mse,nonzero,HLA-A*68:23,pearson_log,,2,2,False
baseline_plus_conditional_anchor_softmax,random,mse,nonzero,HLA-A*68:23,auc_gt_2h,,2,2,False
baseline_plus_conditional_anchor_softmax,random,mse,nonzero,HLA-A*69:01,spearman,-0.5,3,3,False
baseline_plus_conditional_anchor_softmax,random,mse,nonzero,HLA-A*69:01,pearson_log,0.16601135281138318,3,3,False
baseline_plus_conditional_anchor_softmax,random,mse,nonzero,HLA-A*69:01,auc_gt_2h,,3,3,False
baseline_plus_conditional_anchor_softmax,random,mse,nonzero,HLA-A*74:01,spearman,,2,2,False
baseline_plus_conditional_anchor_softmax,random,mse,nonzero,HLA-A*74:01,pearson_log,,2,2,False
baseline_plus_conditional_anchor_softmax,random,mse,nonzero,HLA-A*74:01,auc_gt_2h,,2,2,False
baseline_plus_conditional_anchor_softmax,random,mse,nonzero,HLA-A*80:01,spearman,,2,2,False
baseline_plus_conditional_anchor_softmax,random,mse,nonzero,HLA-A*80:01,pearson_log,,2,2,False
baseline_plus_conditional_anchor_softmax,random,mse,nonzero,HLA-A*80:01,auc_gt_2h,1.0,2,2,False
baseline_plus_conditional_anchor_softmax,random,mse,nonzero,HLA-B*07:02,spearman,,2,2,False
baseline_plus_conditional_anchor_softmax,random,mse,nonzero,HLA-B*07:02,pearson_log,,2,2,False
baseline_plus_conditional_anchor_softmax,random,mse,nonzero,HLA-B*07:02,auc_gt_2h,,2,2,False
baseline_plus_conditional_anchor_softmax,random,mse,nonzero,HLA-B*08:01,spearman,0.0,3,3,False
baseline_plus_conditional_anchor_softmax,random,mse,nonzero,HLA-B*08:01,pearson_log,-0.05470961082424497,3,3,False
baseline_plus_conditional_anchor_softmax,random,mse,nonzero,HLA-B*08:01,auc_gt_2h,,3,3,False
baseline_plus_conditional_anchor_softmax,random,mse,nonzero,HLA-B*08:03,spearman,,1,1,True
baseline_plus_conditional_anchor_softmax,random,mse,nonzero,HLA-B*08:03,pearson_log,,1,1,True
baseline_plus_conditional_anchor_softmax,random,mse,nonzero,HLA-B*08:03,auc_gt_2h,,1,1,True
baseline_plus_conditional_anchor_softmax,random,mse,nonzero,HLA-B*13:02,spearman,,1,1,True
baseline_plus_conditional_anchor_softmax,random,mse,nonzero,HLA-B*13:02,pearson_log,,1,1,True
baseline_plus_conditional_anchor_softmax,random,mse,nonzero,HLA-B*13:02,auc_gt_2h,,1,1,True
baseline_plus_conditional_anchor_softmax,random,mse,nonzero,HLA-B*14:02(C67S),spearman,,1,1,True
baseline_plus_conditional_anchor_softmax,random,mse,nonzero,HLA-B*14:02(C67S),pearson_log,,1,1,True
baseline_plus_conditional_anchor_softmax,random,mse,nonzero,HLA-B*14:02(C67S),auc_gt_2h,,1,1,True
baseline_plus_conditional_anchor_softmax,random,mse,nonzero,HLA-B*15:01,spearman,,2,2,False
baseline_plus_conditional_anchor_softmax,random,mse,nonzero,HLA-B*15:01,pearson_log,,2,2,False
baseline_plus_conditional_anchor_softmax,random,mse,nonzero,HLA-B*15:01,auc_gt_2h,1.0,2,2,False
baseline_plus_conditional_anchor_softmax,random,mse,nonzero,HLA-B*15:02,spearman,,2,2,False
baseline_plus_conditional_anchor_softmax,random,mse,nonzero,HLA-B*15:02,pearson_log,,2,2,False
baseline_plus_conditional_anchor_softmax,random,mse,nonzero,HLA-B*15:02,auc_gt_2h,1.0,2,2,False
baseline_plus_conditional_anchor_softmax,random,mse,nonzero,HLA-B*15:10,spearman,,2,2,False
baseline_plus_conditional_anchor_softmax,random,mse,nonzero,HLA-B*15:10,pearson_log,,2,2,False
baseline_plus_conditional_anchor_softmax,random,mse,nonzero,HLA-B*15:10,auc_gt_2h,1.0,2,2,False
baseline_plus_conditional_anchor_softmax,random,mse,nonzero,HLA-B*15:17,spearman,,1,1,True
baseline_plus_conditional_anchor_softmax,random,mse,nonzero,HLA-B*15:17,pearson_log,,1,1,True
baseline_plus_conditional_anchor_softmax,random,mse,nonzero,HLA-B*15:17,auc_gt_2h,,1,1,True
baseline_plus_conditional_anchor_softmax,random,mse,nonzero,HLA-B*18:01,spearman,,2,2,False
baseline_plus_conditional_anchor_softmax,random,mse,nonzero,HLA-B*18:01,pearson_log,,2,2,False
baseline_plus_conditional_anchor_softmax,random,mse,nonzero,HLA-B*18:01,auc_gt_2h,0.0,2,2,False
baseline_plus_conditional_anchor_softmax,random,mse,nonzero,HLA-B*27:02,spearman,,2,2,False
baseline_plus_conditional_anchor_softmax,random,mse,nonzero,HLA-B*27:02,pearson_log,,2,2,False
baseline_plus_conditional_anchor_softmax,random,mse,nonzero,HLA-B*27:02,auc_gt_2h,,2,2,False
baseline_plus_conditional_anchor_softmax,random,mse,nonzero,HLA-B*27:03,spearman,,2,2,False
baseline_plus_conditional_anchor_softmax,random,mse,nonzero,HLA-B*27:03,pearson_log,,2,2,False
baseline_plus_conditional_anchor_softmax,random,mse,nonzero,HLA-B*27:03,auc_gt_2h,,2,2,False
baseline_plus_conditional_anchor_softmax,random,mse,nonzero,HLA-B*27:05,spearman,0.5,3,3,False
baseline_plus_conditional_anchor_softmax,random,mse,nonzero,HLA-B*27:05,pearson_log,0.5843601568998381,3,3,False
baseline_plus_conditional_anchor_softmax,random,mse,nonzero,HLA-B*27:05,auc_gt_2h,0.5,3,3,False
baseline_plus_conditional_anchor_softmax,random,mse,nonzero,HLA-B*27:20,spearman,,1,1,True
baseline_plus_conditional_anchor_softmax,random,mse,nonzero,HLA-B*27:20,pearson_log,,1,1,True
baseline_plus_conditional_anchor_softmax,random,mse,nonzero,HLA-B*27:20,auc_gt_2h,,1,1,True
baseline_plus_conditional_anchor_softmax,random,mse,nonzero,HLA-B*35:01,spearman,,1,1,True
baseline_plus_conditional_anchor_softmax,random,mse,nonzero,HLA-B*35:01,pearson_log,,1,1,True
baseline_plus_conditional_anchor_softmax,random,mse,nonzero,HLA-B*35:01,auc_gt_2h,,1,1,True
baseline_plus_conditional_anchor_softmax,random,mse,nonzero,HLA-B*35:03,spearman,,2,2,False
baseline_plus_conditional_anchor_softmax,random,mse,nonzero,HLA-B*35:03,pearson_log,,2,2,False
baseline_plus_conditional_anchor_softmax,random,mse,nonzero,HLA-B*35:03,auc_gt_2h,0.0,2,2,False
baseline_plus_conditional_anchor_softmax,random,mse,nonzero,HLA-B*35:08,spearman,-0.5,3,3,False
baseline_plus_conditional_anchor_softmax,random,mse,nonzero,HLA-B*35:08,pearson_log,0.0972093582734099,3,3,False
baseline_plus_conditional_anchor_softmax,random,mse,nonzero,HLA-B*35:08,auc_gt_2h,0.5,3,3,False
baseline_plus_conditional_anchor_softmax,random,mse,nonzero,HLA-B*39:01,spearman,,2,2,False
baseline_plus_conditional_anchor_softmax,random,mse,nonzero,HLA-B*39:01,pearson_log,,2,2,False
baseline_plus_conditional_anchor_softmax,random,mse,nonzero,HLA-B*39:01,auc_gt_2h,,2,2,False
baseline_plus_conditional_anchor_softmax,random,mse,nonzero,HLA-B*39:02,spearman,,2,2,False
baseline_plus_conditional_anchor_softmax,random,mse,nonzero,HLA-B*39:02,pearson_log,,2,2,False
baseline_plus_conditional_anchor_softmax,random,mse,nonzero,HLA-B*39:02,auc_gt_2h,,2,2,False
baseline_plus_conditional_anchor_softmax,random,mse,nonzero,HLA-B*39:10,spearman,,2,2,False
baseline_plus_conditional_anchor_softmax,random,mse,nonzero,HLA-B*39:10,pearson_log,,2,2,False
baseline_plus_conditional_anchor_softmax,random,mse,nonzero,HLA-B*39:10,auc_gt_2h,1.0,2,2,False
baseline_plus_conditional_anchor_softmax,random,mse,nonzero,HLA-B*40:01,spearman,-0.5,3,3,False
baseline_plus_conditional_anchor_softmax,random,mse,nonzero,HLA-B*40:01,pearson_log,0.09791485992599985,3,3,False
baseline_plus_conditional_anchor_softmax,random,mse,nonzero,HLA-B*40:01,auc_gt_2h,,3,3,False
baseline_plus_conditional_anchor_softmax,random,mse,nonzero,HLA-B*40:02,spearman,1.0,3,3,False
baseline_plus_conditional_anchor_softmax,random,mse,nonzero,HLA-B*40:02,pearson_log,0.8219437402462144,3,3,False
baseline_plus_conditional_anchor_softmax,random,mse,nonzero,HLA-B*40:02,auc_gt_2h,1.0,3,3,False
baseline_plus_conditional_anchor_softmax,random,mse,nonzero,HLA-B*41:01,spearman,,2,2,False
baseline_plus_conditional_anchor_softmax,random,mse,nonzero,HLA-B*41:01,pearson_log,,2,2,False
baseline_plus_conditional_anchor_softmax,random,mse,nonzero,HLA-B*41:01,auc_gt_2h,,2,2,False
baseline_plus_conditional_anchor_softmax,random,mse,nonzero,HLA-B*42:01,spearman,,2,2,False
baseline_plus_conditional_anchor_softmax,random,mse,nonzero,HLA-B*42:01,pearson_log,,2,2,False
baseline_plus_conditional_anchor_softmax,random,mse,nonzero,HLA-B*42:01,auc_gt_2h,,2,2,False
baseline_plus_conditional_anchor_softmax,random,mse,nonzero,HLA-B*42:02,spearman,-0.5,3,3,False
baseline_plus_conditional_anchor_softmax,random,mse,nonzero,HLA-B*42:02,pearson_log,-0.8129544543141608,3,3,False
baseline_plus_conditional_anchor_softmax,random,mse,nonzero,HLA-B*42:02,auc_gt_2h,0.0,3,3,False
baseline_plus_conditional_anchor_softmax,random,mse,nonzero,HLA-B*44:05,spearman,,2,2,False
baseline_plus_conditional_anchor_softmax,random,mse,nonzero,HLA-B*44:05,pearson_log,,2,2,False
baseline_plus_conditional_anchor_softmax,random,mse,nonzero,HLA-B*44:05,auc_gt_2h,,2,2,False
baseline_plus_conditional_anchor_softmax,random,mse,nonzero,HLA-B*45:01,spearman,,1,1,True
baseline_plus_conditional_anchor_softmax,random,mse,nonzero,HLA-B*45:01,pearson_log,,1,1,True
baseline_plus_conditional_anchor_softmax,random,mse,nonzero,HLA-B*45:01,auc_gt_2h,,1,1,True
baseline_plus_conditional_anchor_softmax,random,mse,nonzero,HLA-B*46:01,spearman,,1,1,True
baseline_plus_conditional_anchor_softmax,random,mse,nonzero,HLA-B*46:01,pearson_log,,1,1,True
baseline_plus_conditional_anchor_softmax,random,mse,nonzero,HLA-B*46:01,auc_gt_2h,,1,1,True
baseline_plus_conditional_anchor_softmax,random,mse,nonzero,HLA-B*51:01,spearman,,1,1,True
baseline_plus_conditional_anchor_softmax,random,mse,nonzero,HLA-B*51:01,pearson_log,,1,1,True
baseline_plus_conditional_anchor_softmax,random,mse,nonzero,HLA-B*51:01,auc_gt_2h,,1,1,True
baseline_plus_conditional_anchor_softmax,random,mse,nonzero,HLA-B*54:01,spearman,,2,2,False
baseline_plus_conditional_anchor_softmax,random,mse,nonzero,HLA-B*54:01,pearson_log,,2,2,False
baseline_plus_conditional_anchor_softmax,random,mse,nonzero,HLA-B*54:01,auc_gt_2h,1.0,2,2,False
baseline_plus_conditional_anchor_softmax,random,mse,nonzero,HLA-B*56:01,spearman,,2,2,False
baseline_plus_conditional_anchor_softmax,random,mse,nonzero,HLA-B*56:01,pearson_log,,2,2,False
baseline_plus_conditional_anchor_softmax,random,mse,nonzero,HLA-B*56:01,auc_gt_2h,,2,2,False
baseline_plus_conditional_anchor_softmax,random,mse,nonzero,HLA-B*57:01,spearman,,2,2,False
baseline_plus_conditional_anchor_softmax,random,mse,nonzero,HLA-B*57:01,pearson_log,,2,2,False
baseline_plus_conditional_anchor_softmax,random,mse,nonzero,HLA-B*57:01,auc_gt_2h,,2,2,False
baseline_plus_conditional_anchor_softmax,random,mse,nonzero,HLA-B*57:02,spearman,,2,2,False
baseline_plus_conditional_anchor_softmax,random,mse,nonzero,HLA-B*57:02,pearson_log,,2,2,False
baseline_plus_conditional_anchor_softmax,random,mse,nonzero,HLA-B*57:02,auc_gt_2h,,2,2,False
baseline_plus_conditional_anchor_softmax,random,mse,nonzero,HLA-B*57:03,spearman,,2,2,False
baseline_plus_conditional_anchor_softmax,random,mse,nonzero,HLA-B*57:03,pearson_log,,2,2,False
baseline_plus_conditional_anchor_softmax,random,mse,nonzero,HLA-B*57:03,auc_gt_2h,,2,2,False
baseline_plus_conditional_anchor_softmax,random,mse,nonzero,HLA-B*58:01,spearman,-1.0,3,3,False
baseline_plus_conditional_anchor_softmax,random,mse,nonzero,HLA-B*58:01,pearson_log,-0.9737951422573339,3,3,False
baseline_plus_conditional_anchor_softmax,random,mse,nonzero,HLA-B*58:01,auc_gt_2h,0.0,3,3,False
baseline_plus_conditional_anchor_softmax,random,mse,nonzero,HLA-B*81:01,spearman,,2,2,False
baseline_plus_conditional_anchor_softmax,random,mse,nonzero,HLA-B*81:01,pearson_log,,2,2,False
baseline_plus_conditional_anchor_softmax,random,mse,nonzero,HLA-B*81:01,auc_gt_2h,,2,2,False
baseline_plus_conditional_logp_per_position,leave_one_allele_out,mse,all,HLA-A*01:01,spearman,0.5016651150597256,14,14,False
baseline_plus_conditional_logp_per_position,leave_one_allele_out,mse,all,HLA-A*01:01,pearson_log,0.39151372168846904,14,14,False
baseline_plus_conditional_logp_per_position,leave_one_allele_out,mse,all,HLA-A*01:01,auc_gt_2h,0.7999999999999999,14,14,False
baseline_plus_conditional_logp_per_position,leave_one_allele_out,mse,all,HLA-A*02:01,spearman,0.5544557810575028,14,14,False
baseline_plus_conditional_logp_per_position,leave_one_allele_out,mse,all,HLA-A*02:01,pearson_log,0.7422934858293546,14,14,False
baseline_plus_conditional_logp_per_position,leave_one_allele_out,mse,all,HLA-A*02:01,auc_gt_2h,1.0,14,14,False
baseline_plus_conditional_logp_per_position,leave_one_allele_out,mse,all,HLA-A*02:03,spearman,0.386317230912031,14,14,False
baseline_plus_conditional_logp_per_position,leave_one_allele_out,mse,all,HLA-A*02:03,pearson_log,0.4306333334099547,14,14,False
baseline_plus_conditional_logp_per_position,leave_one_allele_out,mse,all,HLA-A*02:03,auc_gt_2h,0.6458333333333334,14,14,False
baseline_plus_conditional_logp_per_position,leave_one_allele_out,mse,all,HLA-A*02:05,spearman,0.0945054945054945,14,14,False
baseline_plus_conditional_logp_per_position,leave_one_allele_out,mse,all,HLA-A*02:05,pearson_log,0.05340146698511222,14,14,False
baseline_plus_conditional_logp_per_position,leave_one_allele_out,mse,all,HLA-A*02:05,auc_gt_2h,0.5,14,14,False
baseline_plus_conditional_logp_per_position,leave_one_allele_out,mse,all,HLA-A*02:10,spearman,0.39780219780219783,14,14,False
baseline_plus_conditional_logp_per_position,leave_one_allele_out,mse,all,HLA-A*02:10,pearson_log,0.35889730306422096,14,14,False
baseline_plus_conditional_logp_per_position,leave_one_allele_out,mse,all,HLA-A*02:10,auc_gt_2h,0.6888888888888889,14,14,False
baseline_plus_conditional_logp_per_position,leave_one_allele_out,mse,all,HLA-A*02:11,spearman,0.2276277834852499,14,14,False
baseline_plus_conditional_logp_per_position,leave_one_allele_out,mse,all,HLA-A*02:11,pearson_log,0.389926082776495,14,14,False
baseline_plus_conditional_logp_per_position,leave_one_allele_out,mse,all,HLA-A*02:11,auc_gt_2h,0.875,14,14,False
baseline_plus_conditional_logp_per_position,leave_one_allele_out,mse,all,HLA-A*02:12,spearman,0.3186813186813187,14,14,False
baseline_plus_conditional_logp_per_position,leave_one_allele_out,mse,all,HLA-A*02:12,pearson_log,0.48864473341071685,14,14,False
baseline_plus_conditional_logp_per_position,leave_one_allele_out,mse,all,HLA-A*02:12,auc_gt_2h,0.9583333333333333,14,14,False
baseline_plus_conditional_logp_per_position,leave_one_allele_out,mse,all,HLA-A*02:16,spearman,0.3256327603036127,14,14,False
baseline_plus_conditional_logp_per_position,leave_one_allele_out,mse,all,HLA-A*02:16,pearson_log,0.34331147960240976,14,14,False
baseline_plus_conditional_logp_per_position,leave_one_allele_out,mse,all,HLA-A*02:16,auc_gt_2h,0.7272727272727272,14,14,False
baseline_plus_conditional_logp_per_position,leave_one_allele_out,mse,all,HLA-A*02:19,spearman,0.44004427068055774,14,14,False
baseline_plus_conditional_logp_per_position,leave_one_allele_out,mse,all,HLA-A*02:19,pearson_log,0.42494281897245934,14,14,False
baseline_plus_conditional_logp_per_position,leave_one_allele_out,mse,all,HLA-A*02:19,auc_gt_2h,0.7250000000000001,14,14,False
baseline_plus_conditional_logp_per_position,leave_one_allele_out,mse,all,HLA-A*02:50,spearman,0.3406593406593406,14,14,False
baseline_plus_conditional_logp_per_position,leave_one_allele_out,mse,all,HLA-A*02:50,pearson_log,0.3863626602042125,14,14,False
baseline_plus_conditional_logp_per_position,leave_one_allele_out,mse,all,HLA-A*02:50,auc_gt_2h,0.9230769230769231,14,14,False
baseline_plus_conditional_logp_per_position,leave_one_allele_out,mse,all,HLA-A*03:01,spearman,-0.013215891090228608,14,14,False
baseline_plus_conditional_logp_per_position,leave_one_allele_out,mse,all,HLA-A*03:01,pearson_log,-0.04443768000933705,14,14,False
baseline_plus_conditional_logp_per_position,leave_one_allele_out,mse,all,HLA-A*03:01,auc_gt_2h,0.7333333333333334,14,14,False
baseline_plus_conditional_logp_per_position,leave_one_allele_out,mse,all,HLA-A*11:01,spearman,-0.24835164835164836,14,14,False
baseline_plus_conditional_logp_per_position,leave_one_allele_out,mse,all,HLA-A*11:01,pearson_log,-0.12967275326529598,14,14,False
baseline_plus_conditional_logp_per_position,leave_one_allele_out,mse,all,HLA-A*11:01,auc_gt_2h,0.3111111111111111,14,14,False
baseline_plus_conditional_logp_per_position,leave_one_allele_out,mse,all,HLA-A*23:01,spearman,0.15164835164835166,14,14,False
baseline_plus_conditional_logp_per_position,leave_one_allele_out,mse,all,HLA-A*23:01,pearson_log,0.13908998298464437,14,14,False
baseline_plus_conditional_logp_per_position,leave_one_allele_out,mse,all,HLA-A*23:01,auc_gt_2h,0.4583333333333333,14,14,False
baseline_plus_conditional_logp_per_position,leave_one_allele_out,mse,all,HLA-A*24:02,spearman,0.33812670750721585,14,14,False
baseline_plus_conditional_logp_per_position,leave_one_allele_out,mse,all,HLA-A*24:02,pearson_log,0.4158644694678046,14,14,False
baseline_plus_conditional_logp_per_position,leave_one_allele_out,mse,all,HLA-A*24:02,auc_gt_2h,0.875,14,14,False
baseline_plus_conditional_logp_per_position,leave_one_allele_out,mse,all,HLA-A*24:03,spearman,0.22442257804708443,14,14,False
baseline_plus_conditional_logp_per_position,leave_one_allele_out,mse,all,HLA-A*24:03,pearson_log,0.3055889893650289,14,14,False
baseline_plus_conditional_logp_per_position,leave_one_allele_out,mse,all,HLA-A*24:03,auc_gt_2h,0.5333333333333333,14,14,False
baseline_plus_conditional_logp_per_position,leave_one_allele_out,mse,all,HLA-A*24:07,spearman,-0.0989010989010989,14,14,False
baseline_plus_conditional_logp_per_position,leave_one_allele_out,mse,all,HLA-A*24:07,pearson_log,-0.14800498133891263,14,14,False
baseline_plus_conditional_logp_per_position,leave_one_allele_out,mse,all,HLA-A*24:07,auc_gt_2h,0.33333333333333337,14,14,False
baseline_plus_conditional_logp_per_position,leave_one_allele_out,mse,all,HLA-A*24:19,spearman,0.7251517822316088,14,14,False
baseline_plus_conditional_logp_per_position,leave_one_allele_out,mse,all,HLA-A*24:19,pearson_log,0.7051715501208491,14,14,False
baseline_plus_conditional_logp_per_position,leave_one_allele_out,mse,all,HLA-A*24:19,auc_gt_2h,0.8461538461538461,14,14,False
baseline_plus_conditional_logp_per_position,leave_one_allele_out,mse,all,HLA-A*25:01,spearman,-0.11913120723417576,14,14,False
baseline_plus_conditional_logp_per_position,leave_one_allele_out,mse,all,HLA-A*25:01,pearson_log,-0.05329319414624396,14,14,False
baseline_plus_conditional_logp_per_position,leave_one_allele_out,mse,all,HLA-A*25:01,auc_gt_2h,0.30303030303030304,14,14,False
baseline_plus_conditional_logp_per_position,leave_one_allele_out,mse,all,HLA-A*26:01,spearman,-0.2212438112230561,14,14,False
baseline_plus_conditional_logp_per_position,leave_one_allele_out,mse,all,HLA-A*26:01,pearson_log,-0.27659390360035097,14,14,False
baseline_plus_conditional_logp_per_position,leave_one_allele_out,mse,all,HLA-A*26:01,auc_gt_2h,0.3333333333333333,14,14,False
baseline_plus_conditional_logp_per_position,leave_one_allele_out,mse,all,HLA-A*26:02,spearman,0.3634370049812868,14,14,False
baseline_plus_conditional_logp_per_position,leave_one_allele_out,mse,all,HLA-A*26:02,pearson_log,0.4134510578621792,14,14,False
baseline_plus_conditional_logp_per_position,leave_one_allele_out,mse,all,HLA-A*26:02,auc_gt_2h,0.5416666666666666,14,14,False
baseline_plus_conditional_logp_per_position,leave_one_allele_out,mse,all,HLA-A*26:03,spearman,0.14216668941699612,14,14,False
baseline_plus_conditional_logp_per_position,leave_one_allele_out,mse,all,HLA-A*26:03,pearson_log,0.2437332324376394,14,14,False
baseline_plus_conditional_logp_per_position,leave_one_allele_out,mse,all,HLA-A*26:03,auc_gt_2h,0.7272727272727273,14,14,False
baseline_plus_conditional_logp_per_position,leave_one_allele_out,mse,all,HLA-A*29:02,spearman,0.3054945054945055,14,14,False
baseline_plus_conditional_logp_per_position,leave_one_allele_out,mse,all,HLA-A*29:02,pearson_log,0.30024083804374807,14,14,False
baseline_plus_conditional_logp_per_position,leave_one_allele_out,mse,all,HLA-A*29:02,auc_gt_2h,0.5833333333333334,14,14,False
baseline_plus_conditional_logp_per_position,leave_one_allele_out,mse,all,HLA-A*30:01,spearman,-0.03761144790791953,14,14,False
baseline_plus_conditional_logp_per_position,leave_one_allele_out,mse,all,HLA-A*30:01,pearson_log,-0.08121731722252437,14,14,False
baseline_plus_conditional_logp_per_position,leave_one_allele_out,mse,all,HLA-A*30:01,auc_gt_2h,0.2916666666666667,14,14,False
baseline_plus_conditional_logp_per_position,leave_one_allele_out,mse,all,HLA-A*30:02,spearman,0.11569275424508392,14,14,False
baseline_plus_conditional_logp_per_position,leave_one_allele_out,mse,all,HLA-A*30:02,pearson_log,0.09764068548525487,14,14,False
baseline_plus_conditional_logp_per_position,leave_one_allele_out,mse,all,HLA-A*30:02,auc_gt_2h,0.5,14,14,False
baseline_plus_conditional_logp_per_position,leave_one_allele_out,mse,all,HLA-A*31:01,spearman,-0.26991744969212844,14,14,False
baseline_plus_conditional_logp_per_position,leave_one_allele_out,mse,all,HLA-A*31:01,pearson_log,-0.3198111258140755,14,14,False
baseline_plus_conditional_logp_per_position,leave_one_allele_out,mse,all,HLA-A*31:01,auc_gt_2h,0.33333333333333337,14,14,False
baseline_plus_conditional_logp_per_position,leave_one_allele_out,mse,all,HLA-A*32:01,spearman,-0.033149677206589796,14,14,False
baseline_plus_conditional_logp_per_position,leave_one_allele_out,mse,all,HLA-A*32:01,pearson_log,-0.018843903825085273,14,14,False
baseline_plus_conditional_logp_per_position,leave_one_allele_out,mse,all,HLA-A*32:01,auc_gt_2h,0.5333333333333333,14,14,False
baseline_plus_conditional_logp_per_position,leave_one_allele_out,mse,all,HLA-A*32:07,spearman,0.5569145770707086,14,14,False
baseline_plus_conditional_logp_per_position,leave_one_allele_out,mse,all,HLA-A*32:07,pearson_log,0.4937226349744621,14,14,False
baseline_plus_conditional_logp_per_position,leave_one_allele_out,mse,all,HLA-A*32:07,auc_gt_2h,0.8163265306122449,14,14,False
baseline_plus_conditional_logp_per_position,leave_one_allele_out,mse,all,HLA-A*33:03,spearman,-0.36423733841959344,14,14,False
baseline_plus_conditional_logp_per_position,leave_one_allele_out,mse,all,HLA-A*33:03,pearson_log,-0.4713891420613142,14,14,False
baseline_plus_conditional_logp_per_position,leave_one_allele_out,mse,all,HLA-A*33:03,auc_gt_2h,0.24242424242424243,14,14,False
baseline_plus_conditional_logp_per_position,leave_one_allele_out,mse,all,HLA-A*43:01,spearman,0.029054360157398824,14,14,False
baseline_plus_conditional_logp_per_position,leave_one_allele_out,mse,all,HLA-A*43:01,pearson_log,0.016764249578586812,14,14,False
baseline_plus_conditional_logp_per_position,leave_one_allele_out,mse,all,HLA-A*43:01,auc_gt_2h,0.3846153846153846,14,14,False
baseline_plus_conditional_logp_per_position,leave_one_allele_out,mse,all,HLA-A*66:01,spearman,0.25772997119591085,14,14,False
baseline_plus_conditional_logp_per_position,leave_one_allele_out,mse,all,HLA-A*66:01,pearson_log,0.42693557138096333,14,14,False
baseline_plus_conditional_logp_per_position,leave_one_allele_out,mse,all,HLA-A*66:01,auc_gt_2h,0.9230769230769231,14,14,False
baseline_plus_conditional_logp_per_position,leave_one_allele_out,mse,all,HLA-A*68:01,spearman,-0.008899442634237226,14,14,False
baseline_plus_conditional_logp_per_position,leave_one_allele_out,mse,all,HLA-A*68:01,pearson_log,0.04908117581977908,14,14,False
baseline_plus_conditional_logp_per_position,leave_one_allele_out,mse,all,HLA-A*68:01,auc_gt_2h,0.3673469387755102,14,14,False
baseline_plus_conditional_logp_per_position,leave_one_allele_out,mse,all,HLA-A*68:02,spearman,-0.16804471478509214,13,13,False
baseline_plus_conditional_logp_per_position,leave_one_allele_out,mse,all,HLA-A*68:02,pearson_log,-0.19439954053445835,13,13,False
baseline_plus_conditional_logp_per_position,leave_one_allele_out,mse,all,HLA-A*68:02,auc_gt_2h,0.08333333333333337,13,13,False
baseline_plus_conditional_logp_per_position,leave_one_allele_out,mse,all,HLA-A*68:23,spearman,0.01683402024291777,13,13,False
baseline_plus_conditional_logp_per_position,leave_one_allele_out,mse,all,HLA-A*68:23,pearson_log,0.06898523124904293,13,13,False
baseline_plus_conditional_logp_per_position,leave_one_allele_out,mse,all,HLA-A*68:23,auc_gt_2h,0.9166666666666666,13,13,False
baseline_plus_conditional_logp_per_position,leave_one_allele_out,mse,all,HLA-A*69:01,spearman,-0.3212741748173908,13,13,False
baseline_plus_conditional_logp_per_position,leave_one_allele_out,mse,all,HLA-A*69:01,pearson_log,-0.3062867122454542,13,13,False
baseline_plus_conditional_logp_per_position,leave_one_allele_out,mse,all,HLA-A*69:01,auc_gt_2h,0.16666666666666663,13,13,False
baseline_plus_conditional_logp_per_position,leave_one_allele_out,mse,all,HLA-A*74:01,spearman,-0.08815460447742537,13,13,False
baseline_plus_conditional_logp_per_position,leave_one_allele_out,mse,all,HLA-A*74:01,pearson_log,-0.049102600719102746,13,13,False
baseline_plus_conditional_logp_per_position,leave_one_allele_out,mse,all,HLA-A*74:01,auc_gt_2h,0.42500000000000004,13,13,False
baseline_plus_conditional_logp_per_position,leave_one_allele_out,mse,all,HLA-A*80:01,spearman,0.6297106774478576,13,13,False
baseline_plus_conditional_logp_per_position,leave_one_allele_out,mse,all,HLA-A*80:01,pearson_log,0.6042377697650665,13,13,False
baseline_plus_conditional_logp_per_position,leave_one_allele_out,mse,all,HLA-A*80:01,auc_gt_2h,0.5909090909090908,13,13,False
baseline_plus_conditional_logp_per_position,leave_one_allele_out,mse,all,HLA-B*07:02,spearman,0.022130543044475585,13,13,False
baseline_plus_conditional_logp_per_position,leave_one_allele_out,mse,all,HLA-B*07:02,pearson_log,0.0639937897118532,13,13,False
baseline_plus_conditional_logp_per_position,leave_one_allele_out,mse,all,HLA-B*07:02,auc_gt_2h,0.5714285714285714,13,13,False
baseline_plus_conditional_logp_per_position,leave_one_allele_out,mse,all,HLA-B*08:01,spearman,0.0333353911370414,13,13,False
baseline_plus_conditional_logp_per_position,leave_one_allele_out,mse,all,HLA-B*08:01,pearson_log,0.17645254748202066,13,13,False
baseline_plus_conditional_logp_per_position,leave_one_allele_out,mse,all,HLA-B*08:01,auc_gt_2h,,13,13,False
baseline_plus_conditional_logp_per_position,leave_one_allele_out,mse,all,HLA-B*08:03,spearman,-0.04762820424784469,13,13,False
baseline_plus_conditional_logp_per_position,leave_one_allele_out,mse,all,HLA-B*08:03,pearson_log,-0.12101240409224101,13,13,False
baseline_plus_conditional_logp_per_position,leave_one_allele_out,mse,all,HLA-B*08:03,auc_gt_2h,0.4333333333333333,13,13,False
baseline_plus_conditional_logp_per_position,leave_one_allele_out,mse,all,HLA-B*13:02,spearman,-0.22237479499833038,7,7,False
baseline_plus_conditional_logp_per_position,leave_one_allele_out,mse,all,HLA-B*13:02,pearson_log,-0.38717339481391216,7,7,False
baseline_plus_conditional_logp_per_position,leave_one_allele_out,mse,all,HLA-B*13:02,auc_gt_2h,0.25,7,7,False
baseline_plus_conditional_logp_per_position,leave_one_allele_out,mse,all,HLA-B*14:01(C67S),spearman,-0.3857583749052298,13,13,False
baseline_plus_conditional_logp_per_position,leave_one_allele_out,mse,all,HLA-B*14:01(C67S),pearson_log,-0.2611547292625074,13,13,False
baseline_plus_conditional_logp_per_position,leave_one_allele_out,mse,all,HLA-B*14:01(C67S),auc_gt_2h,,13,13,False
baseline_plus_conditional_logp_per_position,leave_one_allele_out,mse,all,HLA-B*14:02(C67S),spearman,0.20047040441303524,13,13,False
baseline_plus_conditional_logp_per_position,leave_one_allele_out,mse,all,HLA-B*14:02(C67S),pearson_log,0.1418777085238859,13,13,False
baseline_plus_conditional_logp_per_position,leave_one_allele_out,mse,all,HLA-B*14:02(C67S),auc_gt_2h,0.5277777777777778,13,13,False
baseline_plus_conditional_logp_per_position,leave_one_allele_out,mse,all,HLA-B*15:01,spearman,-0.05502068478807295,13,13,False
baseline_plus_conditional_logp_per_position,leave_one_allele_out,mse,all,HLA-B*15:01,pearson_log,-0.2037399384938779,13,13,False
baseline_plus_conditional_logp_per_position,leave_one_allele_out,mse,all,HLA-B*15:01,auc_gt_2h,0.3611111111111111,13,13,False
baseline_plus_conditional_logp_per_position,leave_one_allele_out,mse,all,HLA-B*15:02,spearman,-0.2656427334694695,13,13,False
baseline_plus_conditional_logp_per_position,leave_one_allele_out,mse,all,HLA-B*15:02,pearson_log,-0.4394692325287831,13,13,False
baseline_plus_conditional_logp_per_position,leave_one_allele_out,mse,all,HLA-B*15:02,auc_gt_2h,0.5,13,13,False
baseline_plus_conditional_logp_per_position,leave_one_allele_out,mse,all,HLA-B*15:10,spearman,0.4126551359105471,13,13,False
baseline_plus_conditional_logp_per_position,leave_one_allele_out,mse,all,HLA-B*15:10,pearson_log,0.4277769419686864,13,13,False
baseline_plus_conditional_logp_per_position,leave_one_allele_out,mse,all,HLA-B*15:10,auc_gt_2h,0.7727272727272727,13,13,False
baseline_plus_conditional_logp_per_position,leave_one_allele_out,mse,all,HLA-B*15:17,spearman,-0.2659371608404316,13,13,False
baseline_plus_conditional_logp_per_position,leave_one_allele_out,mse,all,HLA-B*15:17,pearson_log,-0.387852664247506,13,13,False
baseline_plus_conditional_logp_per_position,leave_one_allele_out,mse,all,HLA-B*15:17,auc_gt_2h,0.5333333333333333,13,13,False
baseline_plus_conditional_logp_per_position,leave_one_allele_out,mse,all,HLA-B*18:01,spearman,-0.07152689022449482,13,13,False
baseline_plus_conditional_logp_per_position,leave_one_allele_out,mse,all,HLA-B*18:01,pearson_log,-0.1253906765573619,13,13,False
baseline_plus_conditional_logp_per_position,leave_one_allele_out,mse,all,HLA-B*18:01,auc_gt_2h,0.33333333333333337,13,13,False
baseline_plus_conditional_logp_per_position,leave_one_allele_out,mse,all,HLA-B*27:02,spearman,0.34302341718937157,13,13,False
baseline_plus_conditional_logp_per_position,leave_one_allele_out,mse,all,HLA-B*27:02,pearson_log,0.27071624802917404,13,13,False
baseline_plus_conditional_logp_per_position,leave_one_allele_out,mse,all,HLA-B*27:02,auc_gt_2h,0.8611111111111112,13,13,False
baseline_plus_conditional_logp_per_position,leave_one_allele_out,mse,all,HLA-B*27:03,spearman,0.3682441757822393,13,13,False
baseline_plus_conditional_logp_per_position,leave_one_allele_out,mse,all,HLA-B*27:03,pearson_log,0.5836845776658743,13,13,False
baseline_plus_conditional_logp_per_position,leave_one_allele_out,mse,all,HLA-B*27:03,auc_gt_2h,0.65,13,13,False
baseline_plus_conditional_logp_per_position,leave_one_allele_out,mse,all,HLA-B*27:05,spearman,0.18207052427275425,13,13,False
baseline_plus_conditional_logp_per_position,leave_one_allele_out,mse,all,HLA-B*27:05,pearson_log,0.12072465160479,13,13,False
baseline_plus_conditional_logp_per_position,leave_one_allele_out,mse,all,HLA-B*27:05,auc_gt_2h,0.5250000000000001,13,13,False
baseline_plus_conditional_logp_per_position,leave_one_allele_out,mse,all,HLA-B*27:20,spearman,0.09641909864718402,13,13,False
baseline_plus_conditional_logp_per_position,leave_one_allele_out,mse,all,HLA-B*27:20,pearson_log,0.13119733572180078,13,13,False
baseline_plus_conditional_logp_per_position,leave_one_allele_out,mse,all,HLA-B*27:20,auc_gt_2h,0.5,13,13,False
baseline_plus_conditional_logp_per_position,leave_one_allele_out,mse,all,HLA-B*35:01,spearman,0.4351976622881009,13,13,False
baseline_plus_conditional_logp_per_position,leave_one_allele_out,mse,all,HLA-B*35:01,pearson_log,0.3874189400699666,13,13,False
baseline_plus_conditional_logp_per_position,leave_one_allele_out,mse,all,HLA-B*35:01,auc_gt_2h,0.7333333333333334,13,13,False
baseline_plus_conditional_logp_per_position,leave_one_allele_out,mse,all,HLA-B*35:03,spearman,0.2617089820423566,13,13,False
baseline_plus_conditional_logp_per_position,leave_one_allele_out,mse,all,HLA-B*35:03,pearson_log,0.20821445529237476,13,13,False
baseline_plus_conditional_logp_per_position,leave_one_allele_out,mse,all,HLA-B*35:03,auc_gt_2h,0.47500000000000003,13,13,False
baseline_plus_conditional_logp_per_position,leave_one_allele_out,mse,all,HLA-B*35:08,spearman,-0.047093038898826434,13,13,False
baseline_plus_conditional_logp_per_position,leave_one_allele_out,mse,all,HLA-B*35:08,pearson_log,-0.14807582086786392,13,13,False
baseline_plus_conditional_logp_per_position,leave_one_allele_out,mse,all,HLA-B*35:08,auc_gt_2h,0.5,13,13,False
baseline_plus_conditional_logp_per_position,leave_one_allele_out,mse,all,HLA-B*39:01,spearman,0.5854998677230192,13,13,False
baseline_plus_conditional_logp_per_position,leave_one_allele_out,mse,all,HLA-B*39:01,pearson_log,0.7239692772866723,13,13,False
baseline_plus_conditional_logp_per_position,leave_one_allele_out,mse,all,HLA-B*39:01,auc_gt_2h,1.0,13,13,False
baseline_plus_conditional_logp_per_position,leave_one_allele_out,mse,all,HLA-B*39:02,spearman,0.030818249807428918,13,13,False
baseline_plus_conditional_logp_per_position,leave_one_allele_out,mse,all,HLA-B*39:02,pearson_log,0.05114272333523405,13,13,False
baseline_plus_conditional_logp_per_position,leave_one_allele_out,mse,all,HLA-B*39:02,auc_gt_2h,0.6363636363636364,13,13,False
baseline_plus_conditional_logp_per_position,leave_one_allele_out,mse,all,HLA-B*39:06(C67S),spearman,0.4629100498862757,13,13,False
baseline_plus_conditional_logp_per_position,leave_one_allele_out,mse,all,HLA-B*39:06(C67S),pearson_log,0.5870001148712005,13,13,False
baseline_plus_conditional_logp_per_position,leave_one_allele_out,mse,all,HLA-B*39:06(C67S),auc_gt_2h,1.0,13,13,False
baseline_plus_conditional_logp_per_position,leave_one_allele_out,mse,all,HLA-B*39:10,spearman,0.21733170491288814,13,13,False
baseline_plus_conditional_logp_per_position,leave_one_allele_out,mse,all,HLA-B*39:10,pearson_log,0.12772921992051903,13,13,False
baseline_plus_conditional_logp_per_position,leave_one_allele_out,mse,all,HLA-B*39:10,auc_gt_2h,0.47619047619047616,13,13,False
baseline_plus_conditional_logp_per_position,leave_one_allele_out,mse,all,HLA-B*40:01,spearman,0.08815460447742537,13,13,False
baseline_plus_conditional_logp_per_position,leave_one_allele_out,mse,all,HLA-B*40:01,pearson_log,0.007588196127394288,13,13,False
baseline_plus_conditional_logp_per_position,leave_one_allele_out,mse,all,HLA-B*40:01,auc_gt_2h,0.75,13,13,False
baseline_plus_conditional_logp_per_position,leave_one_allele_out,mse,all,HLA-B*40:02,spearman,0.4450549450549451,13,13,False
baseline_plus_conditional_logp_per_position,leave_one_allele_out,mse,all,HLA-B*40:02,pearson_log,0.32640773896406455,13,13,False
baseline_plus_conditional_logp_per_position,leave_one_allele_out,mse,all,HLA-B*40:02,auc_gt_2h,0.7666666666666667,13,13,False
baseline_plus_conditional_logp_per_position,leave_one_allele_out,mse,all,HLA-B*41:01,spearman,-0.15030814695121306,13,13,False
baseline_plus_conditional_logp_per_position,leave_one_allele_out,mse,all,HLA-B*41:01,pearson_log,-0.1405170416616391,13,13,False
baseline_plus_conditional_logp_per_position,leave_one_allele_out,mse,all,HLA-B*41:01,auc_gt_2h,,13,13,False
baseline_plus_conditional_logp_per_position,leave_one_allele_out,mse,all,HLA-B*42:01,spearman,-0.2967032967032967,13,13,False
baseline_plus_conditional_logp_per_position,leave_one_allele_out,mse,all,HLA-B*42:01,pearson_log,-0.07048266232509126,13,13,False
baseline_plus_conditional_logp_per_position,leave_one_allele_out,mse,all,HLA-B*42:01,auc_gt_2h,0.36363636363636365,13,13,False
baseline_plus_conditional_logp_per_position,leave_one_allele_out,mse,all,HLA-B*42:02,spearman,-0.4628116735064833,13,13,False
baseline_plus_conditional_logp_per_position,leave_one_allele_out,mse,all,HLA-B*42:02,pearson_log,-0.4906664879844384,13,13,False
baseline_plus_conditional_logp_per_position,leave_one_allele_out,mse,all,HLA-B*42:02,auc_gt_2h,0.2142857142857143,13,13,False
baseline_plus_conditional_logp_per_position,leave_one_allele_out,mse,all,HLA-B*44:05,spearman,-0.22865100536332209,13,13,False
baseline_plus_conditional_logp_per_position,leave_one_allele_out,mse,all,HLA-B*44:05,pearson_log,-0.572417980067457,13,13,False
baseline_plus_conditional_logp_per_position,leave_one_allele_out,mse,all,HLA-B*44:05,auc_gt_2h,0.3666666666666667,13,13,False
baseline_plus_conditional_logp_per_position,leave_one_allele_out,mse,all,HLA-B*45:01,spearman,0.35759212501413934,13,13,False
baseline_plus_conditional_logp_per_position,leave_one_allele_out,mse,all,HLA-B*45:01,pearson_log,0.3138590911066166,13,13,False
baseline_plus_conditional_logp_per_position,leave_one_allele_out,mse,all,HLA-B*45:01,auc_gt_2h,0.8333333333333334,13,13,False
baseline_plus_conditional_logp_per_position,leave_one_allele_out,mse,all,HLA-B*46:01,spearman,-0.011558762772324784,13,13,False
baseline_plus_conditional_logp_per_position,leave_one_allele_out,mse,all,HLA-B*46:01,pearson_log,-0.018355975819081494,13,13,False
baseline_plus_conditional_logp_per_position,leave_one_allele_out,mse,all,HLA-B*46:01,auc_gt_2h,0.6818181818181818,13,13,False
baseline_plus_conditional_logp_per_position,leave_one_allele_out,mse,all,HLA-B*51:01,spearman,0.03355477994370993,13,13,False
baseline_plus_conditional_logp_per_position,leave_one_allele_out,mse,all,HLA-B*51:01,pearson_log,-0.06191730173788661,13,13,False
baseline_plus_conditional_logp_per_position,leave_one_allele_out,mse,all,HLA-B*51:01,auc_gt_2h,0.5,13,13,False
baseline_plus_conditional_logp_per_position,leave_one_allele_out,mse,all,HLA-B*54:01,spearman,0.28825062567963716,13,13,False
baseline_plus_conditional_logp_per_position,leave_one_allele_out,mse,all,HLA-B*54:01,pearson_log,0.4225257608752004,13,13,False
baseline_plus_conditional_logp_per_position,leave_one_allele_out,mse,all,HLA-B*54:01,auc_gt_2h,1.0,13,13,False
baseline_plus_conditional_logp_per_position,leave_one_allele_out,mse,all,HLA-B*55:01,spearman,0.4124257271273071,13,13,False
baseline_plus_conditional_logp_per_position,leave_one_allele_out,mse,all,HLA-B*55:01,pearson_log,0.28428072144882444,13,13,False
baseline_plus_conditional_logp_per_position,leave_one_allele_out,mse,all,HLA-B*55:01,auc_gt_2h,0.5,13,13,False
baseline_plus_conditional_logp_per_position,leave_one_allele_out,mse,all,HLA-B*56:01,spearman,-0.0963640783789534,13,13,False
baseline_plus_conditional_logp_per_position,leave_one_allele_out,mse,all,HLA-B*56:01,pearson_log,-0.11599973685467813,13,13,False
baseline_plus_conditional_logp_per_position,leave_one_allele_out,mse,all,HLA-B*56:01,auc_gt_2h,,13,13,False
baseline_plus_conditional_logp_per_position,leave_one_allele_out,mse,all,HLA-B*57:01,spearman,0.17606619132183343,13,13,False
baseline_plus_conditional_logp_per_position,leave_one_allele_out,mse,all,HLA-B*57:01,pearson_log,0.27731185448402057,13,13,False
baseline_plus_conditional_logp_per_position,leave_one_allele_out,mse,all,HLA-B*57:01,auc_gt_2h,1.0,13,13,False
baseline_plus_conditional_logp_per_position,leave_one_allele_out,mse,all,HLA-B*57:02,spearman,-0.242760699030339,13,13,False
baseline_plus_conditional_logp_per_position,leave_one_allele_out,mse,all,HLA-B*57:02,pearson_log,-0.2930937022030509,13,13,False
baseline_plus_conditional_logp_per_position,leave_one_allele_out,mse,all,HLA-B*57:02,auc_gt_2h,0.18181818181818182,13,13,False
baseline_plus_conditional_logp_per_position,leave_one_allele_out,mse,all,HLA-B*57:03,spearman,0.41208791208791207,13,13,False
baseline_plus_conditional_logp_per_position,leave_one_allele_out,mse,all,HLA-B*57:03,pearson_log,0.2846267881897787,13,13,False
baseline_plus_conditional_logp_per_position,leave_one_allele_out,mse,all,HLA-B*57:03,auc_gt_2h,0.5666666666666667,13,13,False
baseline_plus_conditional_logp_per_position,leave_one_allele_out,mse,all,HLA-B*58:01,spearman,0.07427792446389848,13,13,False
baseline_plus_conditional_logp_per_position,leave_one_allele_out,mse,all,HLA-B*58:01,pearson_log,-0.14063305010757668,13,13,False
baseline_plus_conditional_logp_per_position,leave_one_allele_out,mse,all,HLA-B*58:01,auc_gt_2h,0.5714285714285714,13,13,False
baseline_plus_conditional_logp_per_position,leave_one_allele_out,mse,all,HLA-B*81:01,spearman,0.3467569809734899,13,13,False
baseline_plus_conditional_logp_per_position,leave_one_allele_out,mse,all,HLA-B*81:01,pearson_log,0.4150533388562256,13,13,False
baseline_plus_conditional_logp_per_position,leave_one_allele_out,mse,all,HLA-B*81:01,auc_gt_2h,0.5,13,13,False
baseline_plus_conditional_logp_per_position,leave_one_allele_out,mse,nonzero,HLA-A*01:01,spearman,0.4592087681728684,13,13,False
baseline_plus_conditional_logp_per_position,leave_one_allele_out,mse,nonzero,HLA-A*01:01,pearson_log,0.3470120227978496,13,13,False
baseline_plus_conditional_logp_per_position,leave_one_allele_out,mse,nonzero,HLA-A*01:01,auc_gt_2h,0.7777777777777779,13,13,False
baseline_plus_conditional_logp_per_position,leave_one_allele_out,mse,nonzero,HLA-A*02:01,spearman,0.5544557810575028,14,14,False
baseline_plus_conditional_logp_per_position,leave_one_allele_out,mse,nonzero,HLA-A*02:01,pearson_log,0.7422934858293546,14,14,False
baseline_plus_conditional_logp_per_position,leave_one_allele_out,mse,nonzero,HLA-A*02:01,auc_gt_2h,1.0,14,14,False
baseline_plus_conditional_logp_per_position,leave_one_allele_out,mse,nonzero,HLA-A*02:03,spearman,0.2545454545454546,11,11,False
baseline_plus_conditional_logp_per_position,leave_one_allele_out,mse,nonzero,HLA-A*02:03,pearson_log,0.2978817053217173,11,11,False
baseline_plus_conditional_logp_per_position,leave_one_allele_out,mse,nonzero,HLA-A*02:03,auc_gt_2h,0.5416666666666667,11,11,False
baseline_plus_conditional_logp_per_position,leave_one_allele_out,mse,nonzero,HLA-A*02:05,spearman,0.0945054945054945,14,14,False
baseline_plus_conditional_logp_per_position,leave_one_allele_out,mse,nonzero,HLA-A*02:05,pearson_log,0.05340146698511222,14,14,False
baseline_plus_conditional_logp_per_position,leave_one_allele_out,mse,nonzero,HLA-A*02:05,auc_gt_2h,0.5,14,14,False
baseline_plus_conditional_logp_per_position,leave_one_allele_out,mse,nonzero,HLA-A*02:10,spearman,0.39780219780219783,14,14,False
baseline_plus_conditional_logp_per_position,leave_one_allele_out,mse,nonzero,HLA-A*02:10,pearson_log,0.35889730306422096,14,14,False
baseline_plus_conditional_logp_per_position,leave_one_allele_out,mse,nonzero,HLA-A*02:10,auc_gt_2h,0.6888888888888889,14,14,False
baseline_plus_conditional_logp_per_position,leave_one_allele_out,mse,nonzero,HLA-A*02:11,spearman,0.2276277834852499,14,14,False
baseline_plus_conditional_logp_per_position,leave_one_allele_out,mse,nonzero,HLA-A*02:11,pearson_log,0.389926082776495,14,14,False
baseline_plus_conditional_logp_per_position,leave_one_allele_out,mse,nonzero,HLA-A*02:11,auc_gt_2h,0.875,14,14,False
baseline_plus_conditional_logp_per_position,leave_one_allele_out,mse,nonzero,HLA-A*02:12,spearman,0.3186813186813187,14,14,False
baseline_plus_conditional_logp_per_position,leave_one_allele_out,mse,nonzero,HLA-A*02:12,pearson_log,0.48864473341071685,14,14,False
baseline_plus_conditional_logp_per_position,leave_one_allele_out,mse,nonzero,HLA-A*02:12,auc_gt_2h,0.9583333333333333,14,14,False
baseline_plus_conditional_logp_per_position,leave_one_allele_out,mse,nonzero,HLA-A*02:16,spearman,0.3256327603036127,14,14,False
baseline_plus_conditional_logp_per_position,leave_one_allele_out,mse,nonzero,HLA-A*02:16,pearson_log,0.34331147960240976,14,14,False
baseline_plus_conditional_logp_per_position,leave_one_allele_out,mse,nonzero,HLA-A*02:16,auc_gt_2h,0.7272727272727272,14,14,False
baseline_plus_conditional_logp_per_position,leave_one_allele_out,mse,nonzero,HLA-A*02:19,spearman,0.32867132867132864,12,12,False
baseline_plus_conditional_logp_per_position,leave_one_allele_out,mse,nonzero,HLA-A*02:19,pearson_log,0.32869624361082594,12,12,False
baseline_plus_conditional_logp_per_position,leave_one_allele_out,mse,nonzero,HLA-A*02:19,auc_gt_2h,0.65,12,12,False
baseline_plus_conditional_logp_per_position,leave_one_allele_out,mse,nonzero,HLA-A*02:50,spearman,0.3406593406593406,14,14,False
baseline_plus_conditional_logp_per_position,leave_one_allele_out,mse,nonzero,HLA-A*02:50,pearson_log,0.3863626602042125,14,14,False
baseline_plus_conditional_logp_per_position,leave_one_allele_out,mse,nonzero,HLA-A*02:50,auc_gt_2h,0.9230769230769231,14,14,False
baseline_plus_conditional_logp_per_position,leave_one_allele_out,mse,nonzero,HLA-A*03:01,spearman,0.3607711311942483,12,12,False
baseline_plus_conditional_logp_per_position,leave_one_allele_out,mse,nonzero,HLA-A*03:01,pearson_log,0.40277775913770764,12,12,False
baseline_plus_conditional_logp_per_position,leave_one_allele_out,mse,nonzero,HLA-A*03:01,auc_gt_2h,0.8571428571428572,12,12,False
baseline_plus_conditional_logp_per_position,leave_one_allele_out,mse,nonzero,HLA-A*11:01,spearman,-0.24835164835164836,14,14,False
baseline_plus_conditional_logp_per_position,leave_one_allele_out,mse,nonzero,HLA-A*11:01,pearson_log,-0.12967275326529598,14,14,False
baseline_plus_conditional_logp_per_position,leave_one_allele_out,mse,nonzero,HLA-A*11:01,auc_gt_2h,0.3111111111111111,14,14,False
baseline_plus_conditional_logp_per_position,leave_one_allele_out,mse,nonzero,HLA-A*23:01,spearman,0.15164835164835166,14,14,False
baseline_plus_conditional_logp_per_position,leave_one_allele_out,mse,nonzero,HLA-A*23:01,pearson_log,0.13908998298464437,14,14,False
baseline_plus_conditional_logp_per_position,leave_one_allele_out,mse,nonzero,HLA-A*23:01,auc_gt_2h,0.4583333333333333,14,14,False
baseline_plus_conditional_logp_per_position,leave_one_allele_out,mse,nonzero,HLA-A*24:02,spearman,0.3568550065921688,13,13,False
baseline_plus_conditional_logp_per_position,leave_one_allele_out,mse,nonzero,HLA-A*24:02,pearson_log,0.4586642422900833,13,13,False
baseline_plus_conditional_logp_per_position,leave_one_allele_out,mse,nonzero,HLA-A*24:02,auc_gt_2h,0.8611111111111112,13,13,False
baseline_plus_conditional_logp_per_position,leave_one_allele_out,mse,nonzero,HLA-A*24:03,spearman,0.22442257804708443,14,14,False
baseline_plus_conditional_logp_per_position,leave_one_allele_out,mse,nonzero,HLA-A*24:03,pearson_log,0.3055889893650289,14,14,False
baseline_plus_conditional_logp_per_position,leave_one_allele_out,mse,nonzero,HLA-A*24:03,auc_gt_2h,0.5333333333333333,14,14,False
baseline_plus_conditional_logp_per_position,leave_one_allele_out,mse,nonzero,HLA-A*24:07,spearman,-0.0989010989010989,14,14,False
baseline_plus_conditional_logp_per_position,leave_one_allele_out,mse,nonzero,HLA-A*24:07,pearson_log,-0.14800498133891263,14,14,False
baseline_plus_conditional_logp_per_position,leave_one_allele_out,mse,nonzero,HLA-A*24:07,auc_gt_2h,0.33333333333333337,14,14,False
baseline_plus_conditional_logp_per_position,leave_one_allele_out,mse,nonzero,HLA-A*24:19,spearman,0.19047619047619052,8,8,False
baseline_plus_conditional_logp_per_position,leave_one_allele_out,mse,nonzero,HLA-A*24:19,pearson_log,0.4443861326348951,8,8,False
baseline_plus_conditional_logp_per_position,leave_one_allele_out,mse,nonzero,HLA-A*24:19,auc_gt_2h,0.7142857142857143,8,8,False
baseline_plus_conditional_logp_per_position,leave_one_allele_out,mse,nonzero,HLA-A*25:01,spearman,-0.16666666666666669,9,9,False
baseline_plus_conditional_logp_per_position,leave_one_allele_out,mse,nonzero,HLA-A*25:01,pearson_log,-0.10125919492936644,9,9,False
baseline_plus_conditional_logp_per_position,leave_one_allele_out,mse,nonzero,HLA-A*25:01,auc_gt_2h,0.2777777777777778,9,9,False
baseline_plus_conditional_logp_per_position,leave_one_allele_out,mse,nonzero,HLA-A*26:01,spearman,-0.024931608828790468,13,13,False
baseline_plus_conditional_logp_per_position,leave_one_allele_out,mse,nonzero,HLA-A*26:01,pearson_log,-0.07144346624657603,13,13,False
baseline_plus_conditional_logp_per_position,leave_one_allele_out,mse,nonzero,HLA-A*26:01,auc_gt_2h,0.36666666666666664,13,13,False
baseline_plus_conditional_logp_per_position,leave_one_allele_out,mse,nonzero,HLA-A*26:02,spearman,0.3526184179097015,13,13,False
baseline_plus_conditional_logp_per_position,leave_one_allele_out,mse,nonzero,HLA-A*26:02,pearson_log,0.4556360346880637,13,13,False
baseline_plus_conditional_logp_per_position,leave_one_allele_out,mse,nonzero,HLA-A*26:02,auc_gt_2h,0.5238095238095237,13,13,False
baseline_plus_conditional_logp_per_position,leave_one_allele_out,mse,nonzero,HLA-A*26:03,spearman,0.28917761562712796,8,8,False
baseline_plus_conditional_logp_per_position,leave_one_allele_out,mse,nonzero,HLA-A*26:03,pearson_log,0.4041269295288134,8,8,False
baseline_plus_conditional_logp_per_position,leave_one_allele_out,mse,nonzero,HLA-A*26:03,auc_gt_2h,0.8,8,8,False
baseline_plus_conditional_logp_per_position,leave_one_allele_out,mse,nonzero,HLA-A*29:02,spearman,0.3054945054945055,14,14,False
baseline_plus_conditional_logp_per_position,leave_one_allele_out,mse,nonzero,HLA-A*29:02,pearson_log,0.30024083804374807,14,14,False
baseline_plus_conditional_logp_per_position,leave_one_allele_out,mse,nonzero,HLA-A*29:02,auc_gt_2h,0.5833333333333334,14,14,False
baseline_plus_conditional_logp_per_position,leave_one_allele_out,mse,nonzero,HLA-A*30:01,spearman,0.03196380354840562,11,11,False
baseline_plus_conditional_logp_per_position,leave_one_allele_out,mse,nonzero,HLA-A*30:01,pearson_log,0.08815367126368237,11,11,False
baseline_plus_conditional_logp_per_position,leave_one_allele_out,mse,nonzero,HLA-A*30:01,auc_gt_2h,0.2777777777777778,11,11,False
baseline_plus_conditional_logp_per_position,leave_one_allele_out,mse,nonzero,HLA-A*30:02,spearman,-0.09485077254997071,13,13,False
baseline_plus_conditional_logp_per_position,leave_one_allele_out,mse,nonzero,HLA-A*30:02,pearson_log,-0.1351749346397838,13,13,False
baseline_plus_conditional_logp_per_position,leave_one_allele_out,mse,nonzero,HLA-A*30:02,auc_gt_2h,0.4444444444444444,13,13,False
baseline_plus_conditional_logp_per_position,leave_one_allele_out,mse,nonzero,HLA-A*31:01,spearman,-0.26991744969212844,14,14,False
baseline_plus_conditional_logp_per_position,leave_one_allele_out,mse,nonzero,HLA-A*31:01,pearson_log,-0.3198111258140755,14,14,False
baseline_plus_conditional_logp_per_position,leave_one_allele_out,mse,nonzero,HLA-A*31:01,auc_gt_2h,0.33333333333333337,14,14,False
baseline_plus_conditional_logp_per_position,leave_one_allele_out,mse,nonzero,HLA-A*32:01,spearman,0.19364225163916138,13,13,False
baseline_plus_conditional_logp_per_position,leave_one_allele_out,mse,nonzero,HLA-A*32:01,pearson_log,0.20368438079110054,13,13,False
baseline_plus_conditional_logp_per_position,leave_one_allele_out,mse,nonzero,HLA-A*32:01,auc_gt_2h,0.6000000000000001,13,13,False
baseline_plus_conditional_logp_per_position,leave_one_allele_out,mse,nonzero,HLA-A*32:07,spearman,0.6879288918430899,11,11,False
baseline_plus_conditional_logp_per_position,leave_one_allele_out,mse,nonzero,HLA-A*32:07,pearson_log,0.6188508731590063,11,11,False
baseline_plus_conditional_logp_per_position,leave_one_allele_out,mse,nonzero,HLA-A*32:07,auc_gt_2h,0.8571428571428571,11,11,False
baseline_plus_conditional_logp_per_position,leave_one_allele_out,mse,nonzero,HLA-A*33:03,spearman,-0.12613124477737825,7,7,False
baseline_plus_conditional_logp_per_position,leave_one_allele_out,mse,nonzero,HLA-A*33:03,pearson_log,-0.2711728143331147,7,7,False
baseline_plus_conditional_logp_per_position,leave_one_allele_out,mse,nonzero,HLA-A*33:03,auc_gt_2h,0.3333333333333333,7,7,False
baseline_plus_conditional_logp_per_position,leave_one_allele_out,mse,nonzero,HLA-A*43:01,spearman,0.010756074116470784,12,12,False
baseline_plus_conditional_logp_per_position,leave_one_allele_out,mse,nonzero,HLA-A*43:01,pearson_log,-0.011425077918338106,12,12,False
baseline_plus_conditional_logp_per_position,leave_one_allele_out,mse,nonzero,HLA-A*43:01,auc_gt_2h,0.36363636363636365,12,12,False
baseline_plus_conditional_logp_per_position,leave_one_allele_out,mse,nonzero,HLA-A*66:01,spearman,0.7746434429904612,9,9,False
baseline_plus_conditional_logp_per_position,leave_one_allele_out,mse,nonzero,HLA-A*66:01,pearson_log,0.7540162324771529,9,9,False
baseline_plus_conditional_logp_per_position,leave_one_allele_out,mse,nonzero,HLA-A*66:01,auc_gt_2h,0.875,9,9,False
baseline_plus_conditional_logp_per_position,leave_one_allele_out,mse,nonzero,HLA-A*68:01,spearman,-0.38298049251844074,10,10,False
baseline_plus_conditional_logp_per_position,leave_one_allele_out,mse,nonzero,HLA-A*68:01,pearson_log,-0.3814995073619143,10,10,False
baseline_plus_conditional_logp_per_position,leave_one_allele_out,mse,nonzero,HLA-A*68:01,auc_gt_2h,0.14285714285714288,10,10,False
baseline_plus_conditional_logp_per_position,leave_one_allele_out,mse,nonzero,HLA-A*68:02,spearman,-0.16804471478509214,13,13,False
baseline_plus_conditional_logp_per_position,leave_one_allele_out,mse,nonzero,HLA-A*68:02,pearson_log,-0.19439954053445835,13,13,False
baseline_plus_conditional_logp_per_position,leave_one_allele_out,mse,nonzero,HLA-A*68:02,auc_gt_2h,0.08333333333333337,13,13,False
baseline_plus_conditional_logp_per_position,leave_one_allele_out,mse,nonzero,HLA-A*68:23,spearman,-0.13173978860172214,10,10,False
baseline_plus_conditional_logp_per_position,leave_one_allele_out,mse,nonzero,HLA-A*68:23,pearson_log,0.08593540930791299,10,10,False
baseline_plus_conditional_logp_per_position,leave_one_allele_out,mse,nonzero,HLA-A*68:23,auc_gt_2h,1.0,10,10,False
baseline_plus_conditional_logp_per_position,leave_one_allele_out,mse,nonzero,HLA-A*69:01,spearman,-0.3613572969308877,9,9,False
baseline_plus_conditional_logp_per_position,leave_one_allele_out,mse,nonzero,HLA-A*69:01,pearson_log,-0.31403799624932555,9,9,False
baseline_plus_conditional_logp_per_position,leave_one_allele_out,mse,nonzero,HLA-A*69:01,auc_gt_2h,0.125,9,9,False
baseline_plus_conditional_logp_per_position,leave_one_allele_out,mse,nonzero,HLA-A*74:01,spearman,-0.23859795997965133,12,12,False
baseline_plus_conditional_logp_per_position,leave_one_allele_out,mse,nonzero,HLA-A*74:01,pearson_log,-0.12689863015911906,12,12,False
baseline_plus_conditional_logp_per_position,leave_one_allele_out,mse,nonzero,HLA-A*74:01,auc_gt_2h,0.37142857142857144,12,12,False
baseline_plus_conditional_logp_per_position,leave_one_allele_out,mse,nonzero,HLA-A*80:01,spearman,0.5198995557541147,10,10,False
baseline_plus_conditional_logp_per_position,leave_one_allele_out,mse,nonzero,HLA-A*80:01,pearson_log,0.3626930619103729,10,10,False
baseline_plus_conditional_logp_per_position,leave_one_allele_out,mse,nonzero,HLA-A*80:01,auc_gt_2h,0.5,10,10,False
baseline_plus_conditional_logp_per_position,leave_one_allele_out,mse,nonzero,HLA-B*07:02,spearman,0.022130543044475585,13,13,False
baseline_plus_conditional_logp_per_position,leave_one_allele_out,mse,nonzero,HLA-B*07:02,pearson_log,0.0639937897118532,13,13,False
baseline_plus_conditional_logp_per_position,leave_one_allele_out,mse,nonzero,HLA-B*07:02,auc_gt_2h,0.5714285714285714,13,13,False
baseline_plus_conditional_logp_per_position,leave_one_allele_out,mse,nonzero,HLA-B*08:01,spearman,-0.12270862382796976,10,10,False
baseline_plus_conditional_logp_per_position,leave_one_allele_out,mse,nonzero,HLA-B*08:01,pearson_log,0.03905284484164109,10,10,False
baseline_plus_conditional_logp_per_position,leave_one_allele_out,mse,nonzero,HLA-B*08:01,auc_gt_2h,,10,10,False
baseline_plus_conditional_logp_per_position,leave_one_allele_out,mse,nonzero,HLA-B*08:03,spearman,-0.01695158759052026,9,9,False
baseline_plus_conditional_logp_per_position,leave_one_allele_out,mse,nonzero,HLA-B*08:03,pearson_log,-0.10732762543612322,9,9,False
baseline_plus_conditional_logp_per_position,leave_one_allele_out,mse,nonzero,HLA-B*08:03,auc_gt_2h,0.4444444444444445,9,9,False
baseline_plus_conditional_logp_per_position,leave_one_allele_out,mse,nonzero,HLA-B*13:02,spearman,0.19999999999999998,4,4,False
baseline_plus_conditional_logp_per_position,leave_one_allele_out,mse,nonzero,HLA-B*13:02,pearson_log,-0.11596638935087084,4,4,False
baseline_plus_conditional_logp_per_position,leave_one_allele_out,mse,nonzero,HLA-B*13:02,auc_gt_2h,0.3333333333333333,4,4,False
baseline_plus_conditional_logp_per_position,leave_one_allele_out,mse,nonzero,HLA-B*14:01(C67S),spearman,,1,1,True
baseline_plus_conditional_logp_per_position,leave_one_allele_out,mse,nonzero,HLA-B*14:01(C67S),pearson_log,,1,1,True
baseline_plus_conditional_logp_per_position,leave_one_allele_out,mse,nonzero,HLA-B*14:01(C67S),auc_gt_2h,,1,1,True
baseline_plus_conditional_logp_per_position,leave_one_allele_out,mse,nonzero,HLA-B*14:02(C67S),spearman,0.19999999999999998,5,5,False
baseline_plus_conditional_logp_per_position,leave_one_allele_out,mse,nonzero,HLA-B*14:02(C67S),pearson_log,-0.030276731794734724,5,5,False
baseline_plus_conditional_logp_per_position,leave_one_allele_out,mse,nonzero,HLA-B*14:02(C67S),auc_gt_2h,0.25,5,5,False
baseline_plus_conditional_logp_per_position,leave_one_allele_out,mse,nonzero,HLA-B*15:01,spearman,0.13636363636363638,11,11,False
baseline_plus_conditional_logp_per_position,leave_one_allele_out,mse,nonzero,HLA-B*15:01,pearson_log,-0.1679299401299253,11,11,False
baseline_plus_conditional_logp_per_position,leave_one_allele_out,mse,nonzero,HLA-B*15:01,auc_gt_2h,0.4444444444444444,11,11,False
baseline_plus_conditional_logp_per_position,leave_one_allele_out,mse,nonzero,HLA-B*15:02,spearman,0.7142857142857144,8,8,False
baseline_plus_conditional_logp_per_position,leave_one_allele_out,mse,nonzero,HLA-B*15:02,pearson_log,0.6801816885504322,8,8,False
baseline_plus_conditional_logp_per_position,leave_one_allele_out,mse,nonzero,HLA-B*15:02,auc_gt_2h,0.9333333333333333,8,8,False
baseline_plus_conditional_logp_per_position,leave_one_allele_out,mse,nonzero,HLA-B*15:10,spearman,0.3222421754356393,12,12,False
baseline_plus_conditional_logp_per_position,leave_one_allele_out,mse,nonzero,HLA-B*15:10,pearson_log,0.38013679346631324,12,12,False
baseline_plus_conditional_logp_per_position,leave_one_allele_out,mse,nonzero,HLA-B*15:10,auc_gt_2h,0.75,12,12,False
baseline_plus_conditional_logp_per_position,leave_one_allele_out,mse,nonzero,HLA-B*15:17,spearman,0.15853953266296708,10,10,False
baseline_plus_conditional_logp_per_position,leave_one_allele_out,mse,nonzero,HLA-B*15:17,pearson_log,0.13810351809277904,10,10,False
baseline_plus_conditional_logp_per_position,leave_one_allele_out,mse,nonzero,HLA-B*15:17,auc_gt_2h,0.6666666666666666,10,10,False
baseline_plus_conditional_logp_per_position,leave_one_allele_out,mse,nonzero,HLA-B*18:01,spearman,-0.07152689022449482,13,13,False
baseline_plus_conditional_logp_per_position,leave_one_allele_out,mse,nonzero,HLA-B*18:01,pearson_log,-0.1253906765573619,13,13,False
baseline_plus_conditional_logp_per_position,leave_one_allele_out,mse,nonzero,HLA-B*18:01,auc_gt_2h,0.33333333333333337,13,13,False
baseline_plus_conditional_logp_per_position,leave_one_allele_out,mse,nonzero,HLA-B*27:02,spearman,0.4312108080078246,11,11,False
baseline_plus_conditional_logp_per_position,leave_one_allele_out,mse,nonzero,HLA-B*27:02,pearson_log,0.4375327837250958,11,11,False
baseline_plus_conditional_logp_per_position,leave_one_allele_out,mse,nonzero,HLA-B*27:02,auc_gt_2h,0.8571428571428572,11,11,False
baseline_plus_conditional_logp_per_position,leave_one_allele_out,mse,nonzero,HLA-B*27:03,spearman,-0.03347309635022892,9,9,False
baseline_plus_conditional_logp_per_position,leave_one_allele_out,mse,nonzero,HLA-B*27:03,pearson_log,0.10969156353654438,9,9,False
baseline_plus_conditional_logp_per_position,leave_one_allele_out,mse,nonzero,HLA-B*27:03,auc_gt_2h,0.5,9,9,False
baseline_plus_conditional_logp_per_position,leave_one_allele_out,mse,nonzero,HLA-B*27:05,spearman,0.09132515299544462,11,11,False
baseline_plus_conditional_logp_per_position,leave_one_allele_out,mse,nonzero,HLA-B*27:05,pearson_log,0.16370497345715135,11,11,False
baseline_plus_conditional_logp_per_position,leave_one_allele_out,mse,nonzero,HLA-B*27:05,auc_gt_2h,0.4666666666666667,11,11,False
baseline_plus_conditional_logp_per_position,leave_one_allele_out,mse,nonzero,HLA-B*27:20,spearman,-0.28246086949848725,11,11,False
baseline_plus_conditional_logp_per_position,leave_one_allele_out,mse,nonzero,HLA-B*27:20,pearson_log,-0.21780653449867518,11,11,False
baseline_plus_conditional_logp_per_position,leave_one_allele_out,mse,nonzero,HLA-B*27:20,auc_gt_2h,0.39285714285714285,11,11,False
baseline_plus_conditional_logp_per_position,leave_one_allele_out,mse,nonzero,HLA-B*35:01,spearman,0.2761530448893886,9,9,False
baseline_plus_conditional_logp_per_position,leave_one_allele_out,mse,nonzero,HLA-B*35:01,pearson_log,0.22328683099942737,9,9,False
baseline_plus_conditional_logp_per_position,leave_one_allele_out,mse,nonzero,HLA-B*35:01,auc_gt_2h,0.6666666666666666,9,9,False
baseline_plus_conditional_logp_per_position,leave_one_allele_out,mse,nonzero,HLA-B*35:03,spearman,0.15438691528095086,12,12,False
baseline_plus_conditional_logp_per_position,leave_one_allele_out,mse,nonzero,HLA-B*35:03,pearson_log,0.02735134150455812,12,12,False
baseline_plus_conditional_logp_per_position,leave_one_allele_out,mse,nonzero,HLA-B*35:03,auc_gt_2h,0.42857142857142866,12,12,False
baseline_plus_conditional_logp_per_position,leave_one_allele_out,mse,nonzero,HLA-B*35:08,spearman,0.17932219104996414,11,11,False
baseline_plus_conditional_logp_per_position,leave_one_allele_out,mse,nonzero,HLA-B*35:08,pearson_log,0.11925201526383976,11,11,False
baseline_plus_conditional_logp_per_position,leave_one_allele_out,mse,nonzero,HLA-B*35:08,auc_gt_2h,0.5555555555555556,11,11,False
baseline_plus_conditional_logp_per_position,leave_one_allele_out,mse,nonzero,HLA-B*39:01,spearman,0.695837425926601,11,11,False
baseline_plus_conditional_logp_per_position,leave_one_allele_out,mse,nonzero,HLA-B*39:01,pearson_log,0.8207385212621181,11,11,False
baseline_plus_conditional_logp_per_position,leave_one_allele_out,mse,nonzero,HLA-B*39:01,auc_gt_2h,1.0,11,11,False
baseline_plus_conditional_logp_per_position,leave_one_allele_out,mse,nonzero,HLA-B*39:02,spearman,0.4746444525345673,9,9,False
baseline_plus_conditional_logp_per_position,leave_one_allele_out,mse,nonzero,HLA-B*39:02,pearson_log,0.2808679629300769,9,9,False
baseline_plus_conditional_logp_per_position,leave_one_allele_out,mse,nonzero,HLA-B*39:02,auc_gt_2h,0.7142857142857143,9,9,False
baseline_plus_conditional_logp_per_position,leave_one_allele_out,mse,nonzero,HLA-B*39:06(C67S),spearman,,1,1,True
baseline_plus_conditional_logp_per_position,leave_one_allele_out,mse,nonzero,HLA-B*39:06(C67S),pearson_log,,1,1,True
baseline_plus_conditional_logp_per_position,leave_one_allele_out,mse,nonzero,HLA-B*39:06(C67S),auc_gt_2h,,1,1,True
baseline_plus_conditional_logp_per_position,leave_one_allele_out,mse,nonzero,HLA-B*39:10,spearman,0.06363636363636364,11,11,False
baseline_plus_conditional_logp_per_position,leave_one_allele_out,mse,nonzero,HLA-B*39:10,pearson_log,0.010174934658764123,11,11,False
baseline_plus_conditional_logp_per_position,leave_one_allele_out,mse,nonzero,HLA-B*39:10,auc_gt_2h,0.39999999999999997,11,11,False
baseline_plus_conditional_logp_per_position,leave_one_allele_out,mse,nonzero,HLA-B*40:01,spearman,-0.04210552234935023,12,12,False
baseline_plus_conditional_logp_per_position,leave_one_allele_out,mse,nonzero,HLA-B*40:01,pearson_log,-0.24678306825102775,12,12,False
baseline_plus_conditional_logp_per_position,leave_one_allele_out,mse,nonzero,HLA-B*40:01,auc_gt_2h,0.7272727272727273,12,12,False
baseline_plus_conditional_logp_per_position,leave_one_allele_out,mse,nonzero,HLA-B*40:02,spearman,0.4450549450549451,13,13,False
baseline_plus_conditional_logp_per_position,leave_one_allele_out,mse,nonzero,HLA-B*40:02,pearson_log,0.32640773896406455,13,13,False
baseline_plus_conditional_logp_per_position,leave_one_allele_out,mse,nonzero,HLA-B*40:02,auc_gt_2h,0.7666666666666667,13,13,False
baseline_plus_conditional_logp_per_position,leave_one_allele_out,mse,nonzero,HLA-B*41:01,spearman,0.15179418517972906,6,6,False
baseline_plus_conditional_logp_per_position,leave_one_allele_out,mse,nonzero,HLA-B*41:01,pearson_log,0.11322419962690446,6,6,False
baseline_plus_conditional_logp_per_position,leave_one_allele_out,mse,nonzero,HLA-B*41:01,auc_gt_2h,,6,6,False
baseline_plus_conditional_logp_per_position,leave_one_allele_out,mse,nonzero,HLA-B*42:01,spearman,-0.2517482517482518,12,12,False
baseline_plus_conditional_logp_per_position,leave_one_allele_out,mse,nonzero,HLA-B*42:01,pearson_log,-0.016433075749322762,12,12,False
baseline_plus_conditional_logp_per_position,leave_one_allele_out,mse,nonzero,HLA-B*42:01,auc_gt_2h,0.36363636363636365,12,12,False
baseline_plus_conditional_logp_per_position,leave_one_allele_out,mse,nonzero,HLA-B*42:02,spearman,-0.5740333799485386,11,11,False
baseline_plus_conditional_logp_per_position,leave_one_allele_out,mse,nonzero,HLA-B*42:02,pearson_log,-0.6452510641471012,11,11,False
baseline_plus_conditional_logp_per_position,leave_one_allele_out,mse,nonzero,HLA-B*42:02,auc_gt_2h,0.16666666666666666,11,11,False
baseline_plus_conditional_logp_per_position,leave_one_allele_out,mse,nonzero,HLA-B*44:05,spearman,-0.017543967645562597,12,12,False
baseline_plus_conditional_logp_per_position,leave_one_allele_out,mse,nonzero,HLA-B*44:05,pearson_log,-0.05392293452274104,12,12,False
baseline_plus_conditional_logp_per_position,leave_one_allele_out,mse,nonzero,HLA-B*44:05,auc_gt_2h,0.55,12,12,False
baseline_plus_conditional_logp_per_position,leave_one_allele_out,mse,nonzero,HLA-B*45:01,spearman,0.0,3,3,False
baseline_plus_conditional_logp_per_position,leave_one_allele_out,mse,nonzero,HLA-B*45:01,pearson_log,0.20450844287804265,3,3,False
baseline_plus_conditional_logp_per_position,leave_one_allele_out,mse,nonzero,HLA-B*45:01,auc_gt_2h,0.5,3,3,False
baseline_plus_conditional_logp_per_position,leave_one_allele_out,mse,nonzero,HLA-B*46:01,spearman,-0.25,7,7,False
baseline_plus_conditional_logp_per_position,leave_one_allele_out,mse,nonzero,HLA-B*46:01,pearson_log,-0.23439512317469519,7,7,False
baseline_plus_conditional_logp_per_position,leave_one_allele_out,mse,nonzero,HLA-B*46:01,auc_gt_2h,0.7,7,7,False
baseline_plus_conditional_logp_per_position,leave_one_allele_out,mse,nonzero,HLA-B*51:01,spearman,0.19999999999999998,4,4,False
baseline_plus_conditional_logp_per_position,leave_one_allele_out,mse,nonzero,HLA-B*51:01,pearson_log,0.6442370564536608,4,4,False
baseline_plus_conditional_logp_per_position,leave_one_allele_out,mse,nonzero,HLA-B*51:01,auc_gt_2h,,4,4,False
baseline_plus_conditional_logp_per_position,leave_one_allele_out,mse,nonzero,HLA-B*54:01,spearman,0.28571428571428575,8,8,False
baseline_plus_conditional_logp_per_position,leave_one_allele_out,mse,nonzero,HLA-B*54:01,pearson_log,0.49754729406006365,8,8,False
baseline_plus_conditional_logp_per_position,leave_one_allele_out,mse,nonzero,HLA-B*54:01,auc_gt_2h,1.0,8,8,False
baseline_plus_conditional_logp_per_position,leave_one_allele_out,mse,nonzero,HLA-B*55:01,spearman,-0.5,3,3,False
baseline_plus_conditional_logp_per_position,leave_one_allele_out,mse,nonzero,HLA-B*55:01,pearson_log,-0.9145692102860113,3,3,False
baseline_plus_conditional_logp_per_position,leave_one_allele_out,mse,nonzero,HLA-B*55:01,auc_gt_2h,0.0,3,3,False
baseline_plus_conditional_logp_per_position,leave_one_allele_out,mse,nonzero,HLA-B*56:01,spearman,-0.24098134635593993,8,8,False
baseline_plus_conditional_logp_per_position,leave_one_allele_out,mse,nonzero,HLA-B*56:01,pearson_log,-0.4694628981252119,8,8,False
baseline_plus_conditional_logp_per_position,leave_one_allele_out,mse,nonzero,HLA-B*56:01,auc_gt_2h,,8,8,False
baseline_plus_conditional_logp_per_position,leave_one_allele_out,mse,nonzero,HLA-B*57:01,spearman,-0.049036852783684234,12,12,False
baseline_plus_conditional_logp_per_position,leave_one_allele_out,mse,nonzero,HLA-B*57:01,pearson_log,-0.19338094179076593,12,12,False
baseline_plus_conditional_logp_per_position,leave_one_allele_out,mse,nonzero,HLA-B*57:01,auc_gt_2h,,12,12,False
baseline_plus_conditional_logp_per_position,leave_one_allele_out,mse,nonzero,HLA-B*57:02,spearman,-0.242760699030339,13,13,False
baseline_plus_conditional_logp_per_position,leave_one_allele_out,mse,nonzero,HLA-B*57:02,pearson_log,-0.2930937022030509,13,13,False
baseline_plus_conditional_logp_per_position,leave_one_allele_out,mse,nonzero,HLA-B*57:02,auc_gt_2h,0.18181818181818182,13,13,False
baseline_plus_conditional_logp_per_position,leave_one_allele_out,mse,nonzero,HLA-B*57:03,spearman,0.41208791208791207,13,13,False
baseline_plus_conditional_logp_per_position,leave_one_allele_out,mse,nonzero,HLA-B*57:03,pearson_log,0.2846267881897787,13,13,False
baseline_plus_conditional_logp_per_position,leave_one_allele_out,mse,nonzero,HLA-B*57:03,auc_gt_2h,0.5666666666666667,13,13,False
baseline_plus_conditional_logp_per_position,leave_one_allele_out,mse,nonzero,HLA-B*58:01,spearman,0.2907184843604137,12,12,False
baseline_plus_conditional_logp_per_position,leave_one_allele_out,mse,nonzero,HLA-B*58:01,pearson_log,0.18569776460586707,12,12,False
baseline_plus_conditional_logp_per_position,leave_one_allele_out,mse,nonzero,HLA-B*58:01,auc_gt_2h,0.6571428571428571,12,12,False
baseline_plus_conditional_logp_per_position,leave_one_allele_out,mse,nonzero,HLA-B*81:01,spearman,0.04608735379818358,11,11,False
baseline_plus_conditional_logp_per_position,leave_one_allele_out,mse,nonzero,HLA-B*81:01,pearson_log,0.0968227663024828,11,11,False
baseline_plus_conditional_logp_per_position,leave_one_allele_out,mse,nonzero,HLA-B*81:01,auc_gt_2h,0.4,11,11,False
baseline_plus_conditional_logp_per_position,peptide_disjoint,mse,all,HLA-A*01:01,spearman,,2,2,False
baseline_plus_conditional_logp_per_position,peptide_disjoint,mse,all,HLA-A*01:01,pearson_log,,2,2,False
baseline_plus_conditional_logp_per_position,peptide_disjoint,mse,all,HLA-A*01:01,auc_gt_2h,1.0,2,2,False
baseline_plus_conditional_logp_per_position,peptide_disjoint,mse,all,HLA-A*02:01,spearman,0.5,3,3,False
baseline_plus_conditional_logp_per_position,peptide_disjoint,mse,all,HLA-A*02:01,pearson_log,0.3360496646972423,3,3,False
baseline_plus_conditional_logp_per_position,peptide_disjoint,mse,all,HLA-A*02:01,auc_gt_2h,,3,3,False
baseline_plus_conditional_logp_per_position,peptide_disjoint,mse,all,HLA-A*02:03,spearman,,2,2,False
baseline_plus_conditional_logp_per_position,peptide_disjoint,mse,all,HLA-A*02:03,pearson_log,,2,2,False
baseline_plus_conditional_logp_per_position,peptide_disjoint,mse,all,HLA-A*02:03,auc_gt_2h,0.0,2,2,False
baseline_plus_conditional_logp_per_position,peptide_disjoint,mse,all,HLA-A*02:05,spearman,-0.19999999999999998,5,5,False
baseline_plus_conditional_logp_per_position,peptide_disjoint,mse,all,HLA-A*02:05,pearson_log,-0.6167403116419815,5,5,False
baseline_plus_conditional_logp_per_position,peptide_disjoint,mse,all,HLA-A*02:05,auc_gt_2h,0.16666666666666666,5,5,False
baseline_plus_conditional_logp_per_position,peptide_disjoint,mse,all,HLA-A*02:10,spearman,,2,2,False
baseline_plus_conditional_logp_per_position,peptide_disjoint,mse,all,HLA-A*02:10,pearson_log,,2,2,False
baseline_plus_conditional_logp_per_position,peptide_disjoint,mse,all,HLA-A*02:10,auc_gt_2h,1.0,2,2,False
baseline_plus_conditional_logp_per_position,peptide_disjoint,mse,all,HLA-A*02:11,spearman,,2,2,False
baseline_plus_conditional_logp_per_position,peptide_disjoint,mse,all,HLA-A*02:11,pearson_log,,2,2,False
baseline_plus_conditional_logp_per_position,peptide_disjoint,mse,all,HLA-A*02:11,auc_gt_2h,,2,2,False
baseline_plus_conditional_logp_per_position,peptide_disjoint,mse,all,HLA-A*02:12,spearman,1.0,4,4,False
baseline_plus_conditional_logp_per_position,peptide_disjoint,mse,all,HLA-A*02:12,pearson_log,0.953965132083302,4,4,False
baseline_plus_conditional_logp_per_position,peptide_disjoint,mse,all,HLA-A*02:12,auc_gt_2h,1.0,4,4,False
baseline_plus_conditional_logp_per_position,peptide_disjoint,mse,all,HLA-A*02:19,spearman,0.3,5,5,False
baseline_plus_conditional_logp_per_position,peptide_disjoint,mse,all,HLA-A*02:19,pearson_log,0.2015073094318523,5,5,False
baseline_plus_conditional_logp_per_position,peptide_disjoint,mse,all,HLA-A*02:19,auc_gt_2h,1.0,5,5,False
baseline_plus_conditional_logp_per_position,peptide_disjoint,mse,all,HLA-A*02:50,spearman,0.7999999999999999,4,4,False
baseline_plus_conditional_logp_per_position,peptide_disjoint,mse,all,HLA-A*02:50,pearson_log,0.7361341045643801,4,4,False
baseline_plus_conditional_logp_per_position,peptide_disjoint,mse,all,HLA-A*02:50,auc_gt_2h,,4,4,False
baseline_plus_conditional_logp_per_position,peptide_disjoint,mse,all,HLA-A*03:01,spearman,0.7,5,5,False
baseline_plus_conditional_logp_per_position,peptide_disjoint,mse,all,HLA-A*03:01,pearson_log,0.6144519982021621,5,5,False
baseline_plus_conditional_logp_per_position,peptide_disjoint,mse,all,HLA-A*03:01,auc_gt_2h,1.0,5,5,False
baseline_plus_conditional_logp_per_position,peptide_disjoint,mse,all,HLA-A*11:01,spearman,,1,1,True
baseline_plus_conditional_logp_per_position,peptide_disjoint,mse,all,HLA-A*11:01,pearson_log,,1,1,True
baseline_plus_conditional_logp_per_position,peptide_disjoint,mse,all,HLA-A*11:01,auc_gt_2h,,1,1,True
baseline_plus_conditional_logp_per_position,peptide_disjoint,mse,all,HLA-A*23:01,spearman,,2,2,False
baseline_plus_conditional_logp_per_position,peptide_disjoint,mse,all,HLA-A*23:01,pearson_log,,2,2,False
baseline_plus_conditional_logp_per_position,peptide_disjoint,mse,all,HLA-A*23:01,auc_gt_2h,0.0,2,2,False
baseline_plus_conditional_logp_per_position,peptide_disjoint,mse,all,HLA-A*24:02,spearman,-0.39999999999999997,4,4,False
baseline_plus_conditional_logp_per_position,peptide_disjoint,mse,all,HLA-A*24:02,pearson_log,0.06882595376890632,4,4,False
baseline_plus_conditional_logp_per_position,peptide_disjoint,mse,all,HLA-A*24:02,auc_gt_2h,0.5,4,4,False
baseline_plus_conditional_logp_per_position,peptide_disjoint,mse,all,HLA-A*24:03,spearman,,2,2,False
baseline_plus_conditional_logp_per_position,peptide_disjoint,mse,all,HLA-A*24:03,pearson_log,,2,2,False
baseline_plus_conditional_logp_per_position,peptide_disjoint,mse,all,HLA-A*24:03,auc_gt_2h,,2,2,False
baseline_plus_conditional_logp_per_position,peptide_disjoint,mse,all,HLA-A*24:07,spearman,,2,2,False
baseline_plus_conditional_logp_per_position,peptide_disjoint,mse,all,HLA-A*24:07,pearson_log,,2,2,False
baseline_plus_conditional_logp_per_position,peptide_disjoint,mse,all,HLA-A*24:07,auc_gt_2h,1.0,2,2,False
baseline_plus_conditional_logp_per_position,peptide_disjoint,mse,all,HLA-A*24:19,spearman,1.0,3,3,False
baseline_plus_conditional_logp_per_position,peptide_disjoint,mse,all,HLA-A*24:19,pearson_log,0.7718221125877485,3,3,False
baseline_plus_conditional_logp_per_position,peptide_disjoint,mse,all,HLA-A*24:19,auc_gt_2h,,3,3,False
baseline_plus_conditional_logp_per_position,peptide_disjoint,mse,all,HLA-A*25:01,spearman,,1,1,True
baseline_plus_conditional_logp_per_position,peptide_disjoint,mse,all,HLA-A*25:01,pearson_log,,1,1,True
baseline_plus_conditional_logp_per_position,peptide_disjoint,mse,all,HLA-A*25:01,auc_gt_2h,,1,1,True
baseline_plus_conditional_logp_per_position,peptide_disjoint,mse,all,HLA-A*26:01,spearman,-1.0,3,3,False
baseline_plus_conditional_logp_per_position,peptide_disjoint,mse,all,HLA-A*26:01,pearson_log,-0.9486939338680405,3,3,False
baseline_plus_conditional_logp_per_position,peptide_disjoint,mse,all,HLA-A*26:01,auc_gt_2h,,3,3,False
baseline_plus_conditional_logp_per_position,peptide_disjoint,mse,all,HLA-A*26:02,spearman,,2,2,False
baseline_plus_conditional_logp_per_position,peptide_disjoint,mse,all,HLA-A*26:02,pearson_log,,2,2,False
baseline_plus_conditional_logp_per_position,peptide_disjoint,mse,all,HLA-A*26:02,auc_gt_2h,,2,2,False
baseline_plus_conditional_logp_per_position,peptide_disjoint,mse,all,HLA-A*26:03,spearman,,1,1,True
baseline_plus_conditional_logp_per_position,peptide_disjoint,mse,all,HLA-A*26:03,pearson_log,,1,1,True
baseline_plus_conditional_logp_per_position,peptide_disjoint,mse,all,HLA-A*26:03,auc_gt_2h,,1,1,True
baseline_plus_conditional_logp_per_position,peptide_disjoint,mse,all,HLA-A*29:02,spearman,0.7,5,5,False
baseline_plus_conditional_logp_per_position,peptide_disjoint,mse,all,HLA-A*29:02,pearson_log,0.707426239024379,5,5,False
baseline_plus_conditional_logp_per_position,peptide_disjoint,mse,all,HLA-A*29:02,auc_gt_2h,1.0,5,5,False
baseline_plus_conditional_logp_per_position,peptide_disjoint,mse,all,HLA-A*30:01,spearman,,2,2,False
baseline_plus_conditional_logp_per_position,peptide_disjoint,mse,all,HLA-A*30:01,pearson_log,,2,2,False
baseline_plus_conditional_logp_per_position,peptide_disjoint,mse,all,HLA-A*30:01,auc_gt_2h,,2,2,False
baseline_plus_conditional_logp_per_position,peptide_disjoint,mse,all,HLA-A*30:02,spearman,,2,2,False
baseline_plus_conditional_logp_per_position,peptide_disjoint,mse,all,HLA-A*30:02,pearson_log,,2,2,False
baseline_plus_conditional_logp_per_position,peptide_disjoint,mse,all,HLA-A*30:02,auc_gt_2h,1.0,2,2,False
baseline_plus_conditional_logp_per_position,peptide_disjoint,mse,all,HLA-A*31:01,spearman,0.8660254037844387,3,3,False
baseline_plus_conditional_logp_per_position,peptide_disjoint,mse,all,HLA-A*31:01,pearson_log,0.7673576255215706,3,3,False
baseline_plus_conditional_logp_per_position,peptide_disjoint,mse,all,HLA-A*31:01,auc_gt_2h,,3,3,False
baseline_plus_conditional_logp_per_position,peptide_disjoint,mse,all,HLA-A*32:01,spearman,-1.0,3,3,False
baseline_plus_conditional_logp_per_position,peptide_disjoint,mse,all,HLA-A*32:01,pearson_log,-0.9922674668533218,3,3,False
baseline_plus_conditional_logp_per_position,peptide_disjoint,mse,all,HLA-A*32:01,auc_gt_2h,0.0,3,3,False
baseline_plus_conditional_logp_per_position,peptide_disjoint,mse,all,HLA-A*32:07,spearman,0.5,3,3,False
baseline_plus_conditional_logp_per_position,peptide_disjoint,mse,all,HLA-A*32:07,pearson_log,0.515222992713135,3,3,False
baseline_plus_conditional_logp_per_position,peptide_disjoint,mse,all,HLA-A*32:07,auc_gt_2h,1.0,3,3,False
baseline_plus_conditional_logp_per_position,peptide_disjoint,mse,all,HLA-A*33:03,spearman,,2,2,False
baseline_plus_conditional_logp_per_position,peptide_disjoint,mse,all,HLA-A*33:03,pearson_log,,2,2,False
baseline_plus_conditional_logp_per_position,peptide_disjoint,mse,all,HLA-A*33:03,auc_gt_2h,1.0,2,2,False
baseline_plus_conditional_logp_per_position,peptide_disjoint,mse,all,HLA-A*43:01,spearman,0.550782483869826,6,6,False
baseline_plus_conditional_logp_per_position,peptide_disjoint,mse,all,HLA-A*43:01,pearson_log,0.5146528749924558,6,6,False
baseline_plus_conditional_logp_per_position,peptide_disjoint,mse,all,HLA-A*43:01,auc_gt_2h,1.0,6,6,False
baseline_plus_conditional_logp_per_position,peptide_disjoint,mse,all,HLA-A*66:01,spearman,,1,1,True
baseline_plus_conditional_logp_per_position,peptide_disjoint,mse,all,HLA-A*66:01,pearson_log,,1,1,True
baseline_plus_conditional_logp_per_position,peptide_disjoint,mse,all,HLA-A*66:01,auc_gt_2h,,1,1,True
baseline_plus_conditional_logp_per_position,peptide_disjoint,mse,all,HLA-A*68:01,spearman,0.05129891760425771,5,5,False
baseline_plus_conditional_logp_per_position,peptide_disjoint,mse,all,HLA-A*68:01,pearson_log,-0.13998823993310588,5,5,False
baseline_plus_conditional_logp_per_position,peptide_disjoint,mse,all,HLA-A*68:01,auc_gt_2h,0.33333333333333337,5,5,False
baseline_plus_conditional_logp_per_position,peptide_disjoint,mse,all,HLA-A*68:02,spearman,0.7,5,5,False
baseline_plus_conditional_logp_per_position,peptide_disjoint,mse,all,HLA-A*68:02,pearson_log,0.3307762185148013,5,5,False
baseline_plus_conditional_logp_per_position,peptide_disjoint,mse,all,HLA-A*68:02,auc_gt_2h,,5,5,False
baseline_plus_conditional_logp_per_position,peptide_disjoint,mse,all,HLA-A*68:23,spearman,-0.9486832980505139,4,4,False
baseline_plus_conditional_logp_per_position,peptide_disjoint,mse,all,HLA-A*68:23,pearson_log,-0.9790015813417345,4,4,False
baseline_plus_conditional_logp_per_position,peptide_disjoint,mse,all,HLA-A*68:23,auc_gt_2h,,4,4,False
baseline_plus_conditional_logp_per_position,peptide_disjoint,mse,all,HLA-A*69:01,spearman,0.6668859288553503,5,5,False
baseline_plus_conditional_logp_per_position,peptide_disjoint,mse,all,HLA-A*69:01,pearson_log,0.38248237299232185,5,5,False
baseline_plus_conditional_logp_per_position,peptide_disjoint,mse,all,HLA-A*69:01,auc_gt_2h,,5,5,False
baseline_plus_conditional_logp_per_position,peptide_disjoint,mse,all,HLA-A*74:01,spearman,,1,1,True
baseline_plus_conditional_logp_per_position,peptide_disjoint,mse,all,HLA-A*74:01,pearson_log,,1,1,True
baseline_plus_conditional_logp_per_position,peptide_disjoint,mse,all,HLA-A*74:01,auc_gt_2h,,1,1,True
baseline_plus_conditional_logp_per_position,peptide_disjoint,mse,all,HLA-A*80:01,spearman,,2,2,False
baseline_plus_conditional_logp_per_position,peptide_disjoint,mse,all,HLA-A*80:01,pearson_log,,2,2,False
baseline_plus_conditional_logp_per_position,peptide_disjoint,mse,all,HLA-A*80:01,auc_gt_2h,,2,2,False
baseline_plus_conditional_logp_per_position,peptide_disjoint,mse,all,HLA-B*07:02,spearman,0.15811388300841897,5,5,False
baseline_plus_conditional_logp_per_position,peptide_disjoint,mse,all,HLA-B*07:02,pearson_log,0.31542926066962934,5,5,False
baseline_plus_conditional_logp_per_position,peptide_disjoint,mse,all,HLA-B*07:02,auc_gt_2h,0.6666666666666666,5,5,False
baseline_plus_conditional_logp_per_position,peptide_disjoint,mse,all,HLA-B*08:01,spearman,,2,2,False
baseline_plus_conditional_logp_per_position,peptide_disjoint,mse,all,HLA-B*08:01,pearson_log,,2,2,False
baseline_plus_conditional_logp_per_position,peptide_disjoint,mse,all,HLA-B*08:01,auc_gt_2h,,2,2,False
baseline_plus_conditional_logp_per_position,peptide_disjoint,mse,all,HLA-B*08:03,spearman,,2,2,False
baseline_plus_conditional_logp_per_position,peptide_disjoint,mse,all,HLA-B*08:03,pearson_log,,2,2,False
baseline_plus_conditional_logp_per_position,peptide_disjoint,mse,all,HLA-B*08:03,auc_gt_2h,0.0,2,2,False
baseline_plus_conditional_logp_per_position,peptide_disjoint,mse,all,HLA-B*13:02,spearman,,2,2,False
baseline_plus_conditional_logp_per_position,peptide_disjoint,mse,all,HLA-B*13:02,pearson_log,,2,2,False
baseline_plus_conditional_logp_per_position,peptide_disjoint,mse,all,HLA-B*13:02,auc_gt_2h,0.0,2,2,False
baseline_plus_conditional_logp_per_position,peptide_disjoint,mse,all,HLA-B*14:01(C67S),spearman,,1,1,True
baseline_plus_conditional_logp_per_position,peptide_disjoint,mse,all,HLA-B*14:01(C67S),pearson_log,,1,1,True
baseline_plus_conditional_logp_per_position,peptide_disjoint,mse,all,HLA-B*14:01(C67S),auc_gt_2h,,1,1,True
baseline_plus_conditional_logp_per_position,peptide_disjoint,mse,all,HLA-B*14:02(C67S),spearman,,1,1,True
baseline_plus_conditional_logp_per_position,peptide_disjoint,mse,all,HLA-B*14:02(C67S),pearson_log,,1,1,True
baseline_plus_conditional_logp_per_position,peptide_disjoint,mse,all,HLA-B*14:02(C67S),auc_gt_2h,,1,1,True
baseline_plus_conditional_logp_per_position,peptide_disjoint,mse,all,HLA-B*15:01,spearman,-0.39999999999999997,4,4,False
baseline_plus_conditional_logp_per_position,peptide_disjoint,mse,all,HLA-B*15:01,pearson_log,-0.9248080857539182,4,4,False
baseline_plus_conditional_logp_per_position,peptide_disjoint,mse,all,HLA-B*15:01,auc_gt_2h,0.0,4,4,False
baseline_plus_conditional_logp_per_position,peptide_disjoint,mse,all,HLA-B*15:10,spearman,,2,2,False
baseline_plus_conditional_logp_per_position,peptide_disjoint,mse,all,HLA-B*15:10,pearson_log,,2,2,False
baseline_plus_conditional_logp_per_position,peptide_disjoint,mse,all,HLA-B*15:10,auc_gt_2h,0.0,2,2,False
baseline_plus_conditional_logp_per_position,peptide_disjoint,mse,all,HLA-B*18:01,spearman,,2,2,False
baseline_plus_conditional_logp_per_position,peptide_disjoint,mse,all,HLA-B*18:01,pearson_log,,2,2,False
baseline_plus_conditional_logp_per_position,peptide_disjoint,mse,all,HLA-B*18:01,auc_gt_2h,,2,2,False
baseline_plus_conditional_logp_per_position,peptide_disjoint,mse,all,HLA-B*27:02,spearman,0.5,3,3,False
baseline_plus_conditional_logp_per_position,peptide_disjoint,mse,all,HLA-B*27:02,pearson_log,0.6866491272374373,3,3,False
baseline_plus_conditional_logp_per_position,peptide_disjoint,mse,all,HLA-B*27:02,auc_gt_2h,1.0,3,3,False
baseline_plus_conditional_logp_per_position,peptide_disjoint,mse,all,HLA-B*27:03,spearman,1.0,3,3,False
baseline_plus_conditional_logp_per_position,peptide_disjoint,mse,all,HLA-B*27:03,pearson_log,0.9999523524511663,3,3,False
baseline_plus_conditional_logp_per_position,peptide_disjoint,mse,all,HLA-B*27:03,auc_gt_2h,1.0,3,3,False
baseline_plus_conditional_logp_per_position,peptide_disjoint,mse,all,HLA-B*27:05,spearman,,2,2,False
baseline_plus_conditional_logp_per_position,peptide_disjoint,mse,all,HLA-B*27:05,pearson_log,,2,2,False
baseline_plus_conditional_logp_per_position,peptide_disjoint,mse,all,HLA-B*27:05,auc_gt_2h,,2,2,False
baseline_plus_conditional_logp_per_position,peptide_disjoint,mse,all,HLA-B*27:20,spearman,-0.5,3,3,False
baseline_plus_conditional_logp_per_position,peptide_disjoint,mse,all,HLA-B*27:20,pearson_log,-0.916768147858052,3,3,False
baseline_plus_conditional_logp_per_position,peptide_disjoint,mse,all,HLA-B*27:20,auc_gt_2h,0.5,3,3,False
baseline_plus_conditional_logp_per_position,peptide_disjoint,mse,all,HLA-B*35:01,spearman,,2,2,False
baseline_plus_conditional_logp_per_position,peptide_disjoint,mse,all,HLA-B*35:01,pearson_log,,2,2,False
baseline_plus_conditional_logp_per_position,peptide_disjoint,mse,all,HLA-B*35:01,auc_gt_2h,0.0,2,2,False
baseline_plus_conditional_logp_per_position,peptide_disjoint,mse,all,HLA-B*35:03,spearman,,2,2,False
baseline_plus_conditional_logp_per_position,peptide_disjoint,mse,all,HLA-B*35:03,pearson_log,,2,2,False
baseline_plus_conditional_logp_per_position,peptide_disjoint,mse,all,HLA-B*35:03,auc_gt_2h,1.0,2,2,False
baseline_plus_conditional_logp_per_position,peptide_disjoint,mse,all,HLA-B*35:08,spearman,0.0,3,3,False
baseline_plus_conditional_logp_per_position,peptide_disjoint,mse,all,HLA-B*35:08,pearson_log,0.17086868128542457,3,3,False
baseline_plus_conditional_logp_per_position,peptide_disjoint,mse,all,HLA-B*35:08,auc_gt_2h,0.5,3,3,False
baseline_plus_conditional_logp_per_position,peptide_disjoint,mse,all,HLA-B*39:01,spearman,0.35909242322980395,5,5,False
baseline_plus_conditional_logp_per_position,peptide_disjoint,mse,all,HLA-B*39:01,pearson_log,0.20470547220440083,5,5,False
baseline_plus_conditional_logp_per_position,peptide_disjoint,mse,all,HLA-B*39:01,auc_gt_2h,1.0,5,5,False
baseline_plus_conditional_logp_per_position,peptide_disjoint,mse,all,HLA-B*39:02,spearman,,1,1,True
baseline_plus_conditional_logp_per_position,peptide_disjoint,mse,all,HLA-B*39:02,pearson_log,,1,1,True
baseline_plus_conditional_logp_per_position,peptide_disjoint,mse,all,HLA-B*39:02,auc_gt_2h,,1,1,True
baseline_plus_conditional_logp_per_position,peptide_disjoint,mse,all,HLA-B*39:06(C67S),spearman,0.8660254037844387,3,3,False
baseline_plus_conditional_logp_per_position,peptide_disjoint,mse,all,HLA-B*39:06(C67S),pearson_log,0.9938042255363877,3,3,False
baseline_plus_conditional_logp_per_position,peptide_disjoint,mse,all,HLA-B*39:06(C67S),auc_gt_2h,1.0,3,3,False
baseline_plus_conditional_logp_per_position,peptide_disjoint,mse,all,HLA-B*39:10,spearman,,1,1,True
baseline_plus_conditional_logp_per_position,peptide_disjoint,mse,all,HLA-B*39:10,pearson_log,,1,1,True
baseline_plus_conditional_logp_per_position,peptide_disjoint,mse,all,HLA-B*39:10,auc_gt_2h,,1,1,True
baseline_plus_conditional_logp_per_position,peptide_disjoint,mse,all,HLA-B*40:01,spearman,,2,2,False
baseline_plus_conditional_logp_per_position,peptide_disjoint,mse,all,HLA-B*40:01,pearson_log,,2,2,False
baseline_plus_conditional_logp_per_position,peptide_disjoint,mse,all,HLA-B*40:01,auc_gt_2h,,2,2,False
baseline_plus_conditional_logp_per_position,peptide_disjoint,mse,all,HLA-B*40:02,spearman,,2,2,False
baseline_plus_conditional_logp_per_position,peptide_disjoint,mse,all,HLA-B*40:02,pearson_log,,2,2,False
baseline_plus_conditional_logp_per_position,peptide_disjoint,mse,all,HLA-B*40:02,auc_gt_2h,0.0,2,2,False
baseline_plus_conditional_logp_per_position,peptide_disjoint,mse,all,HLA-B*41:01,spearman,0.8660254037844387,3,3,False
baseline_plus_conditional_logp_per_position,peptide_disjoint,mse,all,HLA-B*41:01,pearson_log,0.9491488922960254,3,3,False
baseline_plus_conditional_logp_per_position,peptide_disjoint,mse,all,HLA-B*41:01,auc_gt_2h,,3,3,False
baseline_plus_conditional_logp_per_position,peptide_disjoint,mse,all,HLA-B*42:01,spearman,,1,1,True
baseline_plus_conditional_logp_per_position,peptide_disjoint,mse,all,HLA-B*42:01,pearson_log,,1,1,True
baseline_plus_conditional_logp_per_position,peptide_disjoint,mse,all,HLA-B*42:01,auc_gt_2h,,1,1,True
baseline_plus_conditional_logp_per_position,peptide_disjoint,mse,all,HLA-B*42:02,spearman,0.5,3,3,False
baseline_plus_conditional_logp_per_position,peptide_disjoint,mse,all,HLA-B*42:02,pearson_log,-0.19266902275965667,3,3,False
baseline_plus_conditional_logp_per_position,peptide_disjoint,mse,all,HLA-B*42:02,auc_gt_2h,1.0,3,3,False
baseline_plus_conditional_logp_per_position,peptide_disjoint,mse,all,HLA-B*44:05,spearman,,1,1,True
baseline_plus_conditional_logp_per_position,peptide_disjoint,mse,all,HLA-B*44:05,pearson_log,,1,1,True
baseline_plus_conditional_logp_per_position,peptide_disjoint,mse,all,HLA-B*44:05,auc_gt_2h,,1,1,True
baseline_plus_conditional_logp_per_position,peptide_disjoint,mse,all,HLA-B*45:01,spearman,,2,2,False
baseline_plus_conditional_logp_per_position,peptide_disjoint,mse,all,HLA-B*45:01,pearson_log,,2,2,False
baseline_plus_conditional_logp_per_position,peptide_disjoint,mse,all,HLA-B*45:01,auc_gt_2h,,2,2,False
baseline_plus_conditional_logp_per_position,peptide_disjoint,mse,all,HLA-B*51:01,spearman,,1,1,True
baseline_plus_conditional_logp_per_position,peptide_disjoint,mse,all,HLA-B*51:01,pearson_log,,1,1,True
baseline_plus_conditional_logp_per_position,peptide_disjoint,mse,all,HLA-B*51:01,auc_gt_2h,,1,1,True
baseline_plus_conditional_logp_per_position,peptide_disjoint,mse,all,HLA-B*54:01,spearman,0.550782483869826,6,6,False
baseline_plus_conditional_logp_per_position,peptide_disjoint,mse,all,HLA-B*54:01,pearson_log,0.4982341989191995,6,6,False
baseline_plus_conditional_logp_per_position,peptide_disjoint,mse,all,HLA-B*54:01,auc_gt_2h,1.0,6,6,False
baseline_plus_conditional_logp_per_position,peptide_disjoint,mse,all,HLA-B*55:01,spearman,,1,1,True
baseline_plus_conditional_logp_per_position,peptide_disjoint,mse,all,HLA-B*55:01,pearson_log,,1,1,True
baseline_plus_conditional_logp_per_position,peptide_disjoint,mse,all,HLA-B*55:01,auc_gt_2h,,1,1,True
baseline_plus_conditional_logp_per_position,peptide_disjoint,mse,all,HLA-B*56:01,spearman,0.8660254037844387,3,3,False
baseline_plus_conditional_logp_per_position,peptide_disjoint,mse,all,HLA-B*56:01,pearson_log,0.814126328482228,3,3,False
baseline_plus_conditional_logp_per_position,peptide_disjoint,mse,all,HLA-B*56:01,auc_gt_2h,,3,3,False
baseline_plus_conditional_logp_per_position,peptide_disjoint,mse,all,HLA-B*57:01,spearman,,1,1,True
baseline_plus_conditional_logp_per_position,peptide_disjoint,mse,all,HLA-B*57:01,pearson_log,,1,1,True
baseline_plus_conditional_logp_per_position,peptide_disjoint,mse,all,HLA-B*57:01,auc_gt_2h,,1,1,True
baseline_plus_conditional_logp_per_position,peptide_disjoint,mse,all,HLA-B*57:02,spearman,-0.5,3,3,False
baseline_plus_conditional_logp_per_position,peptide_disjoint,mse,all,HLA-B*57:02,pearson_log,0.08802005900465182,3,3,False
baseline_plus_conditional_logp_per_position,peptide_disjoint,mse,all,HLA-B*57:02,auc_gt_2h,,3,3,False
baseline_plus_conditional_logp_per_position,peptide_disjoint,mse,all,HLA-B*57:03,spearman,,2,2,False
baseline_plus_conditional_logp_per_position,peptide_disjoint,mse,all,HLA-B*57:03,pearson_log,,2,2,False
baseline_plus_conditional_logp_per_position,peptide_disjoint,mse,all,HLA-B*57:03,auc_gt_2h,0.0,2,2,False
baseline_plus_conditional_logp_per_position,peptide_disjoint,mse,all,HLA-B*58:01,spearman,0.9999999999999999,5,5,False
baseline_plus_conditional_logp_per_position,peptide_disjoint,mse,all,HLA-B*58:01,pearson_log,0.8967210095361677,5,5,False
baseline_plus_conditional_logp_per_position,peptide_disjoint,mse,all,HLA-B*58:01,auc_gt_2h,1.0,5,5,False
baseline_plus_conditional_logp_per_position,peptide_disjoint,mse,all,HLA-B*81:01,spearman,0.2571428571428572,6,6,False
baseline_plus_conditional_logp_per_position,peptide_disjoint,mse,all,HLA-B*81:01,pearson_log,0.8702341105608478,6,6,False
baseline_plus_conditional_logp_per_position,peptide_disjoint,mse,all,HLA-B*81:01,auc_gt_2h,,6,6,False
baseline_plus_conditional_logp_per_position,peptide_disjoint,mse,nonzero,HLA-A*01:01,spearman,,2,2,False
baseline_plus_conditional_logp_per_position,peptide_disjoint,mse,nonzero,HLA-A*01:01,pearson_log,,2,2,False
baseline_plus_conditional_logp_per_position,peptide_disjoint,mse,nonzero,HLA-A*01:01,auc_gt_2h,1.0,2,2,False
baseline_plus_conditional_logp_per_position,peptide_disjoint,mse,nonzero,HLA-A*02:01,spearman,0.5,3,3,False
baseline_plus_conditional_logp_per_position,peptide_disjoint,mse,nonzero,HLA-A*02:01,pearson_log,0.3360496646972423,3,3,False
baseline_plus_conditional_logp_per_position,peptide_disjoint,mse,nonzero,HLA-A*02:01,auc_gt_2h,,3,3,False
baseline_plus_conditional_logp_per_position,peptide_disjoint,mse,nonzero,HLA-A*02:03,spearman,,1,1,True
baseline_plus_conditional_logp_per_position,peptide_disjoint,mse,nonzero,HLA-A*02:03,pearson_log,,1,1,True
baseline_plus_conditional_logp_per_position,peptide_disjoint,mse,nonzero,HLA-A*02:03,auc_gt_2h,,1,1,True
baseline_plus_conditional_logp_per_position,peptide_disjoint,mse,nonzero,HLA-A*02:05,spearman,-0.19999999999999998,5,5,False
baseline_plus_conditional_logp_per_position,peptide_disjoint,mse,nonzero,HLA-A*02:05,pearson_log,-0.6167403116419815,5,5,False
baseline_plus_conditional_logp_per_position,peptide_disjoint,mse,nonzero,HLA-A*02:05,auc_gt_2h,0.16666666666666666,5,5,False
baseline_plus_conditional_logp_per_position,peptide_disjoint,mse,nonzero,HLA-A*02:10,spearman,,2,2,False
baseline_plus_conditional_logp_per_position,peptide_disjoint,mse,nonzero,HLA-A*02:10,pearson_log,,2,2,False
baseline_plus_conditional_logp_per_position,peptide_disjoint,mse,nonzero,HLA-A*02:10,auc_gt_2h,1.0,2,2,False
baseline_plus_conditional_logp_per_position,peptide_disjoint,mse,nonzero,HLA-A*02:11,spearman,,2,2,False
baseline_plus_conditional_logp_per_position,peptide_disjoint,mse,nonzero,HLA-A*02:11,pearson_log,,2,2,False
baseline_plus_conditional_logp_per_position,peptide_disjoint,mse,nonzero,HLA-A*02:11,auc_gt_2h,,2,2,False
baseline_plus_conditional_logp_per_position,peptide_disjoint,mse,nonzero,HLA-A*02:12,spearman,1.0,4,4,False
baseline_plus_conditional_logp_per_position,peptide_disjoint,mse,nonzero,HLA-A*02:12,pearson_log,0.953965132083302,4,4,False
baseline_plus_conditional_logp_per_position,peptide_disjoint,mse,nonzero,HLA-A*02:12,auc_gt_2h,1.0,4,4,False
baseline_plus_conditional_logp_per_position,peptide_disjoint,mse,nonzero,HLA-A*02:19,spearman,0.3,5,5,False
baseline_plus_conditional_logp_per_position,peptide_disjoint,mse,nonzero,HLA-A*02:19,pearson_log,0.2015073094318523,5,5,False
baseline_plus_conditional_logp_per_position,peptide_disjoint,mse,nonzero,HLA-A*02:19,auc_gt_2h,1.0,5,5,False
baseline_plus_conditional_logp_per_position,peptide_disjoint,mse,nonzero,HLA-A*02:50,spearman,0.7999999999999999,4,4,False
baseline_plus_conditional_logp_per_position,peptide_disjoint,mse,nonzero,HLA-A*02:50,pearson_log,0.7361341045643801,4,4,False
baseline_plus_conditional_logp_per_position,peptide_disjoint,mse,nonzero,HLA-A*02:50,auc_gt_2h,,4,4,False
baseline_plus_conditional_logp_per_position,peptide_disjoint,mse,nonzero,HLA-A*03:01,spearman,0.7,5,5,False
baseline_plus_conditional_logp_per_position,peptide_disjoint,mse,nonzero,HLA-A*03:01,pearson_log,0.6144519982021621,5,5,False
baseline_plus_conditional_logp_per_position,peptide_disjoint,mse,nonzero,HLA-A*03:01,auc_gt_2h,1.0,5,5,False
baseline_plus_conditional_logp_per_position,peptide_disjoint,mse,nonzero,HLA-A*11:01,spearman,,1,1,True
baseline_plus_conditional_logp_per_position,peptide_disjoint,mse,nonzero,HLA-A*11:01,pearson_log,,1,1,True
baseline_plus_conditional_logp_per_position,peptide_disjoint,mse,nonzero,HLA-A*11:01,auc_gt_2h,,1,1,True
baseline_plus_conditional_logp_per_position,peptide_disjoint,mse,nonzero,HLA-A*23:01,spearman,,2,2,False
baseline_plus_conditional_logp_per_position,peptide_disjoint,mse,nonzero,HLA-A*23:01,pearson_log,,2,2,False
baseline_plus_conditional_logp_per_position,peptide_disjoint,mse,nonzero,HLA-A*23:01,auc_gt_2h,0.0,2,2,False
baseline_plus_conditional_logp_per_position,peptide_disjoint,mse,nonzero,HLA-A*24:02,spearman,-0.39999999999999997,4,4,False
baseline_plus_conditional_logp_per_position,peptide_disjoint,mse,nonzero,HLA-A*24:02,pearson_log,0.06882595376890632,4,4,False
baseline_plus_conditional_logp_per_position,peptide_disjoint,mse,nonzero,HLA-A*24:02,auc_gt_2h,0.5,4,4,False
baseline_plus_conditional_logp_per_position,peptide_disjoint,mse,nonzero,HLA-A*24:03,spearman,,2,2,False
baseline_plus_conditional_logp_per_position,peptide_disjoint,mse,nonzero,HLA-A*24:03,pearson_log,,2,2,False
baseline_plus_conditional_logp_per_position,peptide_disjoint,mse,nonzero,HLA-A*24:03,auc_gt_2h,,2,2,False
baseline_plus_conditional_logp_per_position,peptide_disjoint,mse,nonzero,HLA-A*24:07,spearman,,2,2,False
baseline_plus_conditional_logp_per_position,peptide_disjoint,mse,nonzero,HLA-A*24:07,pearson_log,,2,2,False
baseline_plus_conditional_logp_per_position,peptide_disjoint,mse,nonzero,HLA-A*24:07,auc_gt_2h,1.0,2,2,False
baseline_plus_conditional_logp_per_position,peptide_disjoint,mse,nonzero,HLA-A*24:19,spearman,,2,2,False
baseline_plus_conditional_logp_per_position,peptide_disjoint,mse,nonzero,HLA-A*24:19,pearson_log,,2,2,False
baseline_plus_conditional_logp_per_position,peptide_disjoint,mse,nonzero,HLA-A*24:19,auc_gt_2h,,2,2,False
baseline_plus_conditional_logp_per_position,peptide_disjoint,mse,nonzero,HLA-A*26:01,spearman,-1.0,3,3,False
baseline_plus_conditional_logp_per_position,peptide_disjoint,mse,nonzero,HLA-A*26:01,pearson_log,-0.9486939338680405,3,3,False
baseline_plus_conditional_logp_per_position,peptide_disjoint,mse,nonzero,HLA-A*26:01,auc_gt_2h,,3,3,False
baseline_plus_conditional_logp_per_position,peptide_disjoint,mse,nonzero,HLA-A*26:02,spearman,,2,2,False
baseline_plus_conditional_logp_per_position,peptide_disjoint,mse,nonzero,HLA-A*26:02,pearson_log,,2,2,False
baseline_plus_conditional_logp_per_position,peptide_disjoint,mse,nonzero,HLA-A*26:02,auc_gt_2h,,2,2,False
baseline_plus_conditional_logp_per_position,peptide_disjoint,mse,nonzero,HLA-A*29:02,spearman,0.7,5,5,False
baseline_plus_conditional_logp_per_position,peptide_disjoint,mse,nonzero,HLA-A*29:02,pearson_log,0.707426239024379,5,5,False
baseline_plus_conditional_logp_per_position,peptide_disjoint,mse,nonzero,HLA-A*29:02,auc_gt_2h,1.0,5,5,False
baseline_plus_conditional_logp_per_position,peptide_disjoint,mse,nonzero,HLA-A*30:01,spearman,,2,2,False
baseline_plus_conditional_logp_per_position,peptide_disjoint,mse,nonzero,HLA-A*30:01,pearson_log,,2,2,False
baseline_plus_conditional_logp_per_position,peptide_disjoint,mse,nonzero,HLA-A*30:01,auc_gt_2h,,2,2,False
baseline_plus_conditional_logp_per_position,peptide_disjoint,mse,nonzero,HLA-A*30:02,spearman,,1,1,True
baseline_plus_conditional_logp_per_position,peptide_disjoint,mse,nonzero,HLA-A*30:02,pearson_log,,1,1,True
baseline_plus_conditional_logp_per_position,peptide_disjoint,mse,nonzero,HLA-A*30:02,auc_gt_2h,,1,1,True
baseline_plus_conditional_logp_per_position,peptide_disjoint,mse,nonzero,HLA-A*31:01,spearman,0.8660254037844387,3,3,False
baseline_plus_conditional_logp_per_position,peptide_disjoint,mse,nonzero,HLA-A*31:01,pearson_log,0.7673576255215706,3,3,False
baseline_plus_conditional_logp_per_position,peptide_disjoint,mse,nonzero,HLA-A*31:01,auc_gt_2h,,3,3,False
baseline_plus_conditional_logp_per_position,peptide_disjoint,mse,nonzero,HLA-A*32:01,spearman,-1.0,3,3,False
baseline_plus_conditional_logp_per_position,peptide_disjoint,mse,nonzero,HLA-A*32:01,pearson_log,-0.9922674668533218,3,3,False
baseline_plus_conditional_logp_per_position,peptide_disjoint,mse,nonzero,HLA-A*32:01,auc_gt_2h,0.0,3,3,False
baseline_plus_conditional_logp_per_position,peptide_disjoint,mse,nonzero,HLA-A*32:07,spearman,,2,2,False
baseline_plus_conditional_logp_per_position,peptide_disjoint,mse,nonzero,HLA-A*32:07,pearson_log,,2,2,False
baseline_plus_conditional_logp_per_position,peptide_disjoint,mse,nonzero,HLA-A*32:07,auc_gt_2h,1.0,2,2,False
baseline_plus_conditional_logp_per_position,peptide_disjoint,mse,nonzero,HLA-A*33:03,spearman,,1,1,True
baseline_plus_conditional_logp_per_position,peptide_disjoint,mse,nonzero,HLA-A*33:03,pearson_log,,1,1,True
baseline_plus_conditional_logp_per_position,peptide_disjoint,mse,nonzero,HLA-A*33:03,auc_gt_2h,,1,1,True
baseline_plus_conditional_logp_per_position,peptide_disjoint,mse,nonzero,HLA-A*43:01,spearman,0.7999999999999999,4,4,False
baseline_plus_conditional_logp_per_position,peptide_disjoint,mse,nonzero,HLA-A*43:01,pearson_log,0.6835723140510757,4,4,False
baseline_plus_conditional_logp_per_position,peptide_disjoint,mse,nonzero,HLA-A*43:01,auc_gt_2h,1.0,4,4,False
baseline_plus_conditional_logp_per_position,peptide_disjoint,mse,nonzero,HLA-A*66:01,spearman,,1,1,True
baseline_plus_conditional_logp_per_position,peptide_disjoint,mse,nonzero,HLA-A*66:01,pearson_log,,1,1,True
baseline_plus_conditional_logp_per_position,peptide_disjoint,mse,nonzero,HLA-A*66:01,auc_gt_2h,,1,1,True
baseline_plus_conditional_logp_per_position,peptide_disjoint,mse,nonzero,HLA-A*68:01,spearman,-0.5,3,3,False
baseline_plus_conditional_logp_per_position,peptide_disjoint,mse,nonzero,HLA-A*68:01,pearson_log,-0.7672993967202196,3,3,False
baseline_plus_conditional_logp_per_position,peptide_disjoint,mse,nonzero,HLA-A*68:01,auc_gt_2h,0.0,3,3,False
baseline_plus_conditional_logp_per_position,peptide_disjoint,mse,nonzero,HLA-A*68:02,spearman,0.7,5,5,False
baseline_plus_conditional_logp_per_position,peptide_disjoint,mse,nonzero,HLA-A*68:02,pearson_log,0.3307762185148013,5,5,False
baseline_plus_conditional_logp_per_position,peptide_disjoint,mse,nonzero,HLA-A*68:02,auc_gt_2h,,5,5,False
baseline_plus_conditional_logp_per_position,peptide_disjoint,mse,nonzero,HLA-A*68:23,spearman,-0.9486832980505139,4,4,False
baseline_plus_conditional_logp_per_position,peptide_disjoint,mse,nonzero,HLA-A*68:23,pearson_log,-0.9790015813417345,4,4,False
baseline_plus_conditional_logp_per_position,peptide_disjoint,mse,nonzero,HLA-A*68:23,auc_gt_2h,,4,4,False
baseline_plus_conditional_logp_per_position,peptide_disjoint,mse,nonzero,HLA-A*69:01,spearman,0.9486832980505139,4,4,False
baseline_plus_conditional_logp_per_position,peptide_disjoint,mse,nonzero,HLA-A*69:01,pearson_log,0.9333837708744517,4,4,False
baseline_plus_conditional_logp_per_position,peptide_disjoint,mse,nonzero,HLA-A*69:01,auc_gt_2h,,4,4,False
baseline_plus_conditional_logp_per_position,peptide_disjoint,mse,nonzero,HLA-A*80:01,spearman,,2,2,False
baseline_plus_conditional_logp_per_position,peptide_disjoint,mse,nonzero,HLA-A*80:01,pearson_log,,2,2,False
baseline_plus_conditional_logp_per_position,peptide_disjoint,mse,nonzero,HLA-A*80:01,auc_gt_2h,,2,2,False
baseline_plus_conditional_logp_per_position,peptide_disjoint,mse,nonzero,HLA-B*07:02,spearman,0.15811388300841897,5,5,False
baseline_plus_conditional_logp_per_position,peptide_disjoint,mse,nonzero,HLA-B*07:02,pearson_log,0.31542926066962934,5,5,False
baseline_plus_conditional_logp_per_position,peptide_disjoint,mse,nonzero,HLA-B*07:02,auc_gt_2h,0.6666666666666666,5,5,False
baseline_plus_conditional_logp_per_position,peptide_disjoint,mse,nonzero,HLA-B*08:01,spearman,,2,2,False
baseline_plus_conditional_logp_per_position,peptide_disjoint,mse,nonzero,HLA-B*08:01,pearson_log,,2,2,False
baseline_plus_conditional_logp_per_position,peptide_disjoint,mse,nonzero,HLA-B*08:01,auc_gt_2h,,2,2,False
baseline_plus_conditional_logp_per_position,peptide_disjoint,mse,nonzero,HLA-B*08:03,spearman,,2,2,False
baseline_plus_conditional_logp_per_position,peptide_disjoint,mse,nonzero,HLA-B*08:03,pearson_log,,2,2,False
baseline_plus_conditional_logp_per_position,peptide_disjoint,mse,nonzero,HLA-B*08:03,auc_gt_2h,0.0,2,2,False
baseline_plus_conditional_logp_per_position,peptide_disjoint,mse,nonzero,HLA-B*13:02,spearman,,1,1,True
baseline_plus_conditional_logp_per_position,peptide_disjoint,mse,nonzero,HLA-B*13:02,pearson_log,,1,1,True
baseline_plus_conditional_logp_per_position,peptide_disjoint,mse,nonzero,HLA-B*13:02,auc_gt_2h,,1,1,True
baseline_plus_conditional_logp_per_position,peptide_disjoint,mse,nonzero,HLA-B*15:01,spearman,-0.39999999999999997,4,4,False
baseline_plus_conditional_logp_per_position,peptide_disjoint,mse,nonzero,HLA-B*15:01,pearson_log,-0.9248080857539182,4,4,False
baseline_plus_conditional_logp_per_position,peptide_disjoint,mse,nonzero,HLA-B*15:01,auc_gt_2h,0.0,4,4,False
baseline_plus_conditional_logp_per_position,peptide_disjoint,mse,nonzero,HLA-B*15:10,spearman,,2,2,False
baseline_plus_conditional_logp_per_position,peptide_disjoint,mse,nonzero,HLA-B*15:10,pearson_log,,2,2,False
baseline_plus_conditional_logp_per_position,peptide_disjoint,mse,nonzero,HLA-B*15:10,auc_gt_2h,0.0,2,2,False
baseline_plus_conditional_logp_per_position,peptide_disjoint,mse,nonzero,HLA-B*18:01,spearman,,2,2,False
baseline_plus_conditional_logp_per_position,peptide_disjoint,mse,nonzero,HLA-B*18:01,pearson_log,,2,2,False
baseline_plus_conditional_logp_per_position,peptide_disjoint,mse,nonzero,HLA-B*18:01,auc_gt_2h,,2,2,False
baseline_plus_conditional_logp_per_position,peptide_disjoint,mse,nonzero,HLA-B*27:02,spearman,0.5,3,3,False
baseline_plus_conditional_logp_per_position,peptide_disjoint,mse,nonzero,HLA-B*27:02,pearson_log,0.6866491272374373,3,3,False
baseline_plus_conditional_logp_per_position,peptide_disjoint,mse,nonzero,HLA-B*27:02,auc_gt_2h,1.0,3,3,False
baseline_plus_conditional_logp_per_position,peptide_disjoint,mse,nonzero,HLA-B*27:03,spearman,,2,2,False
baseline_plus_conditional_logp_per_position,peptide_disjoint,mse,nonzero,HLA-B*27:03,pearson_log,,2,2,False
baseline_plus_conditional_logp_per_position,peptide_disjoint,mse,nonzero,HLA-B*27:03,auc_gt_2h,,2,2,False
baseline_plus_conditional_logp_per_position,peptide_disjoint,mse,nonzero,HLA-B*27:05,spearman,,1,1,True
baseline_plus_conditional_logp_per_position,peptide_disjoint,mse,nonzero,HLA-B*27:05,pearson_log,,1,1,True
baseline_plus_conditional_logp_per_position,peptide_disjoint,mse,nonzero,HLA-B*27:05,auc_gt_2h,,1,1,True
baseline_plus_conditional_logp_per_position,peptide_disjoint,mse,nonzero,HLA-B*27:20,spearman,-0.5,3,3,False
baseline_plus_conditional_logp_per_position,peptide_disjoint,mse,nonzero,HLA-B*27:20,pearson_log,-0.916768147858052,3,3,False
baseline_plus_conditional_logp_per_position,peptide_disjoint,mse,nonzero,HLA-B*27:20,auc_gt_2h,0.5,3,3,False
baseline_plus_conditional_logp_per_position,peptide_disjoint,mse,nonzero,HLA-B*35:01,spearman,,1,1,True
baseline_plus_conditional_logp_per_position,peptide_disjoint,mse,nonzero,HLA-B*35:01,pearson_log,,1,1,True
baseline_plus_conditional_logp_per_position,peptide_disjoint,mse,nonzero,HLA-B*35:01,auc_gt_2h,,1,1,True
baseline_plus_conditional_logp_per_position,peptide_disjoint,mse,nonzero,HLA-B*35:03,spearman,,2,2,False
baseline_plus_conditional_logp_per_position,peptide_disjoint,mse,nonzero,HLA-B*35:03,pearson_log,,2,2,False
baseline_plus_conditional_logp_per_position,peptide_disjoint,mse,nonzero,HLA-B*35:03,auc_gt_2h,1.0,2,2,False
baseline_plus_conditional_logp_per_position,peptide_disjoint,mse,nonzero,HLA-B*35:08,spearman,0.0,3,3,False
baseline_plus_conditional_logp_per_position,peptide_disjoint,mse,nonzero,HLA-B*35:08,pearson_log,0.17086868128542457,3,3,False
baseline_plus_conditional_logp_per_position,peptide_disjoint,mse,nonzero,HLA-B*35:08,auc_gt_2h,0.5,3,3,False
baseline_plus_conditional_logp_per_position,peptide_disjoint,mse,nonzero,HLA-B*39:01,spearman,0.9486832980505139,4,4,False
baseline_plus_conditional_logp_per_position,peptide_disjoint,mse,nonzero,HLA-B*39:01,pearson_log,0.5839800949273235,4,4,False
baseline_plus_conditional_logp_per_position,peptide_disjoint,mse,nonzero,HLA-B*39:01,auc_gt_2h,1.0,4,4,False
baseline_plus_conditional_logp_per_position,peptide_disjoint,mse,nonzero,HLA-B*39:02,spearman,,1,1,True
baseline_plus_conditional_logp_per_position,peptide_disjoint,mse,nonzero,HLA-B*39:02,pearson_log,,1,1,True
baseline_plus_conditional_logp_per_position,peptide_disjoint,mse,nonzero,HLA-B*39:02,auc_gt_2h,,1,1,True
baseline_plus_conditional_logp_per_position,peptide_disjoint,mse,nonzero,HLA-B*39:06(C67S),spearman,,1,1,True
baseline_plus_conditional_logp_per_position,peptide_disjoint,mse,nonzero,HLA-B*39:06(C67S),pearson_log,,1,1,True
baseline_plus_conditional_logp_per_position,peptide_disjoint,mse,nonzero,HLA-B*39:06(C67S),auc_gt_2h,,1,1,True
baseline_plus_conditional_logp_per_position,peptide_disjoint,mse,nonzero,HLA-B*39:10,spearman,,1,1,True
baseline_plus_conditional_logp_per_position,peptide_disjoint,mse,nonzero,HLA-B*39:10,pearson_log,,1,1,True
baseline_plus_conditional_logp_per_position,peptide_disjoint,mse,nonzero,HLA-B*39:10,auc_gt_2h,,1,1,True
baseline_plus_conditional_logp_per_position,peptide_disjoint,mse,nonzero,HLA-B*40:01,spearman,,2,2,False
baseline_plus_conditional_logp_per_position,peptide_disjoint,mse,nonzero,HLA-B*40:01,pearson_log,,2,2,False
baseline_plus_conditional_logp_per_position,peptide_disjoint,mse,nonzero,HLA-B*40:01,auc_gt_2h,,2,2,False
baseline_plus_conditional_logp_per_position,peptide_disjoint,mse,nonzero,HLA-B*40:02,spearman,,2,2,False
baseline_plus_conditional_logp_per_position,peptide_disjoint,mse,nonzero,HLA-B*40:02,pearson_log,,2,2,False
baseline_plus_conditional_logp_per_position,peptide_disjoint,mse,nonzero,HLA-B*40:02,auc_gt_2h,0.0,2,2,False
baseline_plus_conditional_logp_per_position,peptide_disjoint,mse,nonzero,HLA-B*41:01,spearman,,2,2,False
baseline_plus_conditional_logp_per_position,peptide_disjoint,mse,nonzero,HLA-B*41:01,pearson_log,,2,2,False
baseline_plus_conditional_logp_per_position,peptide_disjoint,mse,nonzero,HLA-B*41:01,auc_gt_2h,,2,2,False
baseline_plus_conditional_logp_per_position,peptide_disjoint,mse,nonzero,HLA-B*42:01,spearman,,1,1,True
baseline_plus_conditional_logp_per_position,peptide_disjoint,mse,nonzero,HLA-B*42:01,pearson_log,,1,1,True
baseline_plus_conditional_logp_per_position,peptide_disjoint,mse,nonzero,HLA-B*42:01,auc_gt_2h,,1,1,True
baseline_plus_conditional_logp_per_position,peptide_disjoint,mse,nonzero,HLA-B*42:02,spearman,0.5,3,3,False
baseline_plus_conditional_logp_per_position,peptide_disjoint,mse,nonzero,HLA-B*42:02,pearson_log,-0.19266902275965667,3,3,False
baseline_plus_conditional_logp_per_position,peptide_disjoint,mse,nonzero,HLA-B*42:02,auc_gt_2h,1.0,3,3,False
baseline_plus_conditional_logp_per_position,peptide_disjoint,mse,nonzero,HLA-B*44:05,spearman,,1,1,True
baseline_plus_conditional_logp_per_position,peptide_disjoint,mse,nonzero,HLA-B*44:05,pearson_log,,1,1,True
baseline_plus_conditional_logp_per_position,peptide_disjoint,mse,nonzero,HLA-B*44:05,auc_gt_2h,,1,1,True
baseline_plus_conditional_logp_per_position,peptide_disjoint,mse,nonzero,HLA-B*51:01,spearman,,1,1,True
baseline_plus_conditional_logp_per_position,peptide_disjoint,mse,nonzero,HLA-B*51:01,pearson_log,,1,1,True
baseline_plus_conditional_logp_per_position,peptide_disjoint,mse,nonzero,HLA-B*51:01,auc_gt_2h,,1,1,True
baseline_plus_conditional_logp_per_position,peptide_disjoint,mse,nonzero,HLA-B*54:01,spearman,0.7999999999999999,4,4,False
baseline_plus_conditional_logp_per_position,peptide_disjoint,mse,nonzero,HLA-B*54:01,pearson_log,0.7765777916874249,4,4,False
baseline_plus_conditional_logp_per_position,peptide_disjoint,mse,nonzero,HLA-B*54:01,auc_gt_2h,1.0,4,4,False
baseline_plus_conditional_logp_per_position,peptide_disjoint,mse,nonzero,HLA-B*56:01,spearman,,2,2,False
baseline_plus_conditional_logp_per_position,peptide_disjoint,mse,nonzero,HLA-B*56:01,pearson_log,,2,2,False
baseline_plus_conditional_logp_per_position,peptide_disjoint,mse,nonzero,HLA-B*56:01,auc_gt_2h,,2,2,False
baseline_plus_conditional_logp_per_position,peptide_disjoint,mse,nonzero,HLA-B*57:01,spearman,,1,1,True
baseline_plus_conditional_logp_per_position,peptide_disjoint,mse,nonzero,HLA-B*57:01,pearson_log,,1,1,True
baseline_plus_conditional_logp_per_position,peptide_disjoint,mse,nonzero,HLA-B*57:01,auc_gt_2h,,1,1,True
baseline_plus_conditional_logp_per_position,peptide_disjoint,mse,nonzero,HLA-B*57:02,spearman,-0.5,3,3,False
baseline_plus_conditional_logp_per_position,peptide_disjoint,mse,nonzero,HLA-B*57:02,pearson_log,0.08802005900465182,3,3,False
baseline_plus_conditional_logp_per_position,peptide_disjoint,mse,nonzero,HLA-B*57:02,auc_gt_2h,,3,3,False
baseline_plus_conditional_logp_per_position,peptide_disjoint,mse,nonzero,HLA-B*57:03,spearman,,2,2,False
baseline_plus_conditional_logp_per_position,peptide_disjoint,mse,nonzero,HLA-B*57:03,pearson_log,,2,2,False
baseline_plus_conditional_logp_per_position,peptide_disjoint,mse,nonzero,HLA-B*57:03,auc_gt_2h,0.0,2,2,False
baseline_plus_conditional_logp_per_position,peptide_disjoint,mse,nonzero,HLA-B*58:01,spearman,0.9999999999999999,5,5,False
baseline_plus_conditional_logp_per_position,peptide_disjoint,mse,nonzero,HLA-B*58:01,pearson_log,0.8967210095361677,5,5,False
baseline_plus_conditional_logp_per_position,peptide_disjoint,mse,nonzero,HLA-B*58:01,auc_gt_2h,1.0,5,5,False
baseline_plus_conditional_logp_per_position,peptide_disjoint,mse,nonzero,HLA-B*81:01,spearman,-0.3,5,5,False
baseline_plus_conditional_logp_per_position,peptide_disjoint,mse,nonzero,HLA-B*81:01,pearson_log,0.026746926461314713,5,5,False
baseline_plus_conditional_logp_per_position,peptide_disjoint,mse,nonzero,HLA-B*81:01,auc_gt_2h,,5,5,False
baseline_plus_conditional_logp_per_position,random,mse,all,HLA-A*01:01,spearman,1.0,3,3,False
baseline_plus_conditional_logp_per_position,random,mse,all,HLA-A*01:01,pearson_log,0.9034470752687161,3,3,False
baseline_plus_conditional_logp_per_position,random,mse,all,HLA-A*01:01,auc_gt_2h,,3,3,False
baseline_plus_conditional_logp_per_position,random,mse,all,HLA-A*02:01,spearman,0.5,3,3,False
baseline_plus_conditional_logp_per_position,random,mse,all,HLA-A*02:01,pearson_log,-0.2366228101886017,3,3,False
baseline_plus_conditional_logp_per_position,random,mse,all,HLA-A*02:01,auc_gt_2h,,3,3,False
baseline_plus_conditional_logp_per_position,random,mse,all,HLA-A*02:03,spearman,-0.5,3,3,False
baseline_plus_conditional_logp_per_position,random,mse,all,HLA-A*02:03,pearson_log,0.10872866726928768,3,3,False
baseline_plus_conditional_logp_per_position,random,mse,all,HLA-A*02:03,auc_gt_2h,0.5,3,3,False
baseline_plus_conditional_logp_per_position,random,mse,all,HLA-A*02:05,spearman,0.5,3,3,False
baseline_plus_conditional_logp_per_position,random,mse,all,HLA-A*02:05,pearson_log,0.5052101209700098,3,3,False
baseline_plus_conditional_logp_per_position,random,mse,all,HLA-A*02:05,auc_gt_2h,,3,3,False
baseline_plus_conditional_logp_per_position,random,mse,all,HLA-A*02:10,spearman,0.5,3,3,False
baseline_plus_conditional_logp_per_position,random,mse,all,HLA-A*02:10,pearson_log,0.6999377162638508,3,3,False
baseline_plus_conditional_logp_per_position,random,mse,all,HLA-A*02:10,auc_gt_2h,1.0,3,3,False
baseline_plus_conditional_logp_per_position,random,mse,all,HLA-A*02:11,spearman,-1.0,3,3,False
baseline_plus_conditional_logp_per_position,random,mse,all,HLA-A*02:11,pearson_log,-0.9141106814294131,3,3,False
baseline_plus_conditional_logp_per_position,random,mse,all,HLA-A*02:11,auc_gt_2h,,3,3,False
baseline_plus_conditional_logp_per_position,random,mse,all,HLA-A*02:12,spearman,-0.5,3,3,False
baseline_plus_conditional_logp_per_position,random,mse,all,HLA-A*02:12,pearson_log,-0.7688496386183639,3,3,False
baseline_plus_conditional_logp_per_position,random,mse,all,HLA-A*02:12,auc_gt_2h,,3,3,False
baseline_plus_conditional_logp_per_position,random,mse,all,HLA-A*02:16,spearman,0.5,3,3,False
baseline_plus_conditional_logp_per_position,random,mse,all,HLA-A*02:16,pearson_log,-0.006767901871561621,3,3,False
baseline_plus_conditional_logp_per_position,random,mse,all,HLA-A*02:16,auc_gt_2h,0.5,3,3,False
baseline_plus_conditional_logp_per_position,random,mse,all,HLA-A*02:19,spearman,-0.5,3,3,False
baseline_plus_conditional_logp_per_position,random,mse,all,HLA-A*02:19,pearson_log,0.24504619478637715,3,3,False
baseline_plus_conditional_logp_per_position,random,mse,all,HLA-A*02:19,auc_gt_2h,,3,3,False
baseline_plus_conditional_logp_per_position,random,mse,all,HLA-A*02:50,spearman,-1.0,3,3,False
baseline_plus_conditional_logp_per_position,random,mse,all,HLA-A*02:50,pearson_log,-0.9999918567084722,3,3,False
baseline_plus_conditional_logp_per_position,random,mse,all,HLA-A*02:50,auc_gt_2h,,3,3,False
baseline_plus_conditional_logp_per_position,random,mse,all,HLA-A*03:01,spearman,-1.0,3,3,False
baseline_plus_conditional_logp_per_position,random,mse,all,HLA-A*03:01,pearson_log,-0.9217019124236802,3,3,False
baseline_plus_conditional_logp_per_position,random,mse,all,HLA-A*03:01,auc_gt_2h,0.0,3,3,False
baseline_plus_conditional_logp_per_position,random,mse,all,HLA-A*11:01,spearman,0.5,3,3,False
baseline_plus_conditional_logp_per_position,random,mse,all,HLA-A*11:01,pearson_log,0.8308202230382689,3,3,False
baseline_plus_conditional_logp_per_position,random,mse,all,HLA-A*11:01,auc_gt_2h,1.0,3,3,False
baseline_plus_conditional_logp_per_position,random,mse,all,HLA-A*23:01,spearman,1.0,3,3,False
baseline_plus_conditional_logp_per_position,random,mse,all,HLA-A*23:01,pearson_log,0.8615661645175438,3,3,False
baseline_plus_conditional_logp_per_position,random,mse,all,HLA-A*23:01,auc_gt_2h,1.0,3,3,False
baseline_plus_conditional_logp_per_position,random,mse,all,HLA-A*24:02,spearman,1.0,3,3,False
baseline_plus_conditional_logp_per_position,random,mse,all,HLA-A*24:02,pearson_log,0.9994464653517237,3,3,False
baseline_plus_conditional_logp_per_position,random,mse,all,HLA-A*24:02,auc_gt_2h,1.0,3,3,False
baseline_plus_conditional_logp_per_position,random,mse,all,HLA-A*24:03,spearman,1.0,3,3,False
baseline_plus_conditional_logp_per_position,random,mse,all,HLA-A*24:03,pearson_log,0.7344194569399186,3,3,False
baseline_plus_conditional_logp_per_position,random,mse,all,HLA-A*24:03,auc_gt_2h,1.0,3,3,False
baseline_plus_conditional_logp_per_position,random,mse,all,HLA-A*24:07,spearman,-0.5,3,3,False
baseline_plus_conditional_logp_per_position,random,mse,all,HLA-A*24:07,pearson_log,-0.7628289713016951,3,3,False
baseline_plus_conditional_logp_per_position,random,mse,all,HLA-A*24:07,auc_gt_2h,,3,3,False
baseline_plus_conditional_logp_per_position,random,mse,all,HLA-A*24:19,spearman,0.5,3,3,False
baseline_plus_conditional_logp_per_position,random,mse,all,HLA-A*24:19,pearson_log,0.7758032248069553,3,3,False
baseline_plus_conditional_logp_per_position,random,mse,all,HLA-A*24:19,auc_gt_2h,,3,3,False
baseline_plus_conditional_logp_per_position,random,mse,all,HLA-A*25:01,spearman,-0.8660254037844387,3,3,False
baseline_plus_conditional_logp_per_position,random,mse,all,HLA-A*25:01,pearson_log,-0.5071923750449122,3,3,False
baseline_plus_conditional_logp_per_position,random,mse,all,HLA-A*25:01,auc_gt_2h,,3,3,False
baseline_plus_conditional_logp_per_position,random,mse,all,HLA-A*26:01,spearman,-0.5,3,3,False
baseline_plus_conditional_logp_per_position,random,mse,all,HLA-A*26:01,pearson_log,-0.3936918943248627,3,3,False
baseline_plus_conditional_logp_per_position,random,mse,all,HLA-A*26:01,auc_gt_2h,,3,3,False
baseline_plus_conditional_logp_per_position,random,mse,all,HLA-A*26:02,spearman,-0.5,3,3,False
baseline_plus_conditional_logp_per_position,random,mse,all,HLA-A*26:02,pearson_log,-0.9502792750378724,3,3,False
baseline_plus_conditional_logp_per_position,random,mse,all,HLA-A*26:02,auc_gt_2h,0.0,3,3,False
baseline_plus_conditional_logp_per_position,random,mse,all,HLA-A*26:03,spearman,-0.8660254037844387,3,3,False
baseline_plus_conditional_logp_per_position,random,mse,all,HLA-A*26:03,pearson_log,-0.7133010849625621,3,3,False
baseline_plus_conditional_logp_per_position,random,mse,all,HLA-A*26:03,auc_gt_2h,,3,3,False
baseline_plus_conditional_logp_per_position,random,mse,all,HLA-A*29:02,spearman,0.5,3,3,False
baseline_plus_conditional_logp_per_position,random,mse,all,HLA-A*29:02,pearson_log,0.6012150438900683,3,3,False
baseline_plus_conditional_logp_per_position,random,mse,all,HLA-A*29:02,auc_gt_2h,1.0,3,3,False
baseline_plus_conditional_logp_per_position,random,mse,all,HLA-A*30:01,spearman,-0.5,3,3,False
baseline_plus_conditional_logp_per_position,random,mse,all,HLA-A*30:01,pearson_log,-0.13320595183193168,3,3,False
baseline_plus_conditional_logp_per_position,random,mse,all,HLA-A*30:01,auc_gt_2h,0.5,3,3,False
baseline_plus_conditional_logp_per_position,random,mse,all,HLA-A*30:02,spearman,-0.5,3,3,False
baseline_plus_conditional_logp_per_position,random,mse,all,HLA-A*30:02,pearson_log,-0.516307880405159,3,3,False
baseline_plus_conditional_logp_per_position,random,mse,all,HLA-A*30:02,auc_gt_2h,0.0,3,3,False
baseline_plus_conditional_logp_per_position,random,mse,all,HLA-A*31:01,spearman,0.5,3,3,False
baseline_plus_conditional_logp_per_position,random,mse,all,HLA-A*31:01,pearson_log,0.7670401256370634,3,3,False
baseline_plus_conditional_logp_per_position,random,mse,all,HLA-A*31:01,auc_gt_2h,1.0,3,3,False
baseline_plus_conditional_logp_per_position,random,mse,all,HLA-A*32:01,spearman,-1.0,3,3,False
baseline_plus_conditional_logp_per_position,random,mse,all,HLA-A*32:01,pearson_log,-0.9016684459847892,3,3,False
baseline_plus_conditional_logp_per_position,random,mse,all,HLA-A*32:01,auc_gt_2h,0.0,3,3,False
baseline_plus_conditional_logp_per_position,random,mse,all,HLA-A*32:07,spearman,0.5,3,3,False
baseline_plus_conditional_logp_per_position,random,mse,all,HLA-A*32:07,pearson_log,0.07579158479579629,3,3,False
baseline_plus_conditional_logp_per_position,random,mse,all,HLA-A*32:07,auc_gt_2h,0.5,3,3,False
baseline_plus_conditional_logp_per_position,random,mse,all,HLA-A*33:03,spearman,0.5,3,3,False
baseline_plus_conditional_logp_per_position,random,mse,all,HLA-A*33:03,pearson_log,0.4479556879883546,3,3,False
baseline_plus_conditional_logp_per_position,random,mse,all,HLA-A*33:03,auc_gt_2h,0.5,3,3,False
baseline_plus_conditional_logp_per_position,random,mse,all,HLA-A*43:01,spearman,0.5,3,3,False
baseline_plus_conditional_logp_per_position,random,mse,all,HLA-A*43:01,pearson_log,0.49821745329709755,3,3,False
baseline_plus_conditional_logp_per_position,random,mse,all,HLA-A*43:01,auc_gt_2h,0.5,3,3,False
baseline_plus_conditional_logp_per_position,random,mse,all,HLA-A*66:01,spearman,-0.5,3,3,False
baseline_plus_conditional_logp_per_position,random,mse,all,HLA-A*66:01,pearson_log,-0.9595158910948623,3,3,False
baseline_plus_conditional_logp_per_position,random,mse,all,HLA-A*66:01,auc_gt_2h,,3,3,False
baseline_plus_conditional_logp_per_position,random,mse,all,HLA-A*68:01,spearman,-1.0,3,3,False
baseline_plus_conditional_logp_per_position,random,mse,all,HLA-A*68:01,pearson_log,-0.9577007991784847,3,3,False
baseline_plus_conditional_logp_per_position,random,mse,all,HLA-A*68:01,auc_gt_2h,0.0,3,3,False
baseline_plus_conditional_logp_per_position,random,mse,all,HLA-A*68:02,spearman,-0.5,3,3,False
baseline_plus_conditional_logp_per_position,random,mse,all,HLA-A*68:02,pearson_log,-0.3404293237860989,3,3,False
baseline_plus_conditional_logp_per_position,random,mse,all,HLA-A*68:02,auc_gt_2h,0.0,3,3,False
baseline_plus_conditional_logp_per_position,random,mse,all,HLA-A*68:23,spearman,,2,2,False
baseline_plus_conditional_logp_per_position,random,mse,all,HLA-A*68:23,pearson_log,,2,2,False
baseline_plus_conditional_logp_per_position,random,mse,all,HLA-A*68:23,auc_gt_2h,,2,2,False
baseline_plus_conditional_logp_per_position,random,mse,all,HLA-A*69:01,spearman,-0.5,3,3,False
baseline_plus_conditional_logp_per_position,random,mse,all,HLA-A*69:01,pearson_log,0.25371319344567866,3,3,False
baseline_plus_conditional_logp_per_position,random,mse,all,HLA-A*69:01,auc_gt_2h,,3,3,False
baseline_plus_conditional_logp_per_position,random,mse,all,HLA-A*74:01,spearman,,2,2,False
baseline_plus_conditional_logp_per_position,random,mse,all,HLA-A*74:01,pearson_log,,2,2,False
baseline_plus_conditional_logp_per_position,random,mse,all,HLA-A*74:01,auc_gt_2h,,2,2,False
baseline_plus_conditional_logp_per_position,random,mse,all,HLA-A*80:01,spearman,1.0,3,3,False
baseline_plus_conditional_logp_per_position,random,mse,all,HLA-A*80:01,pearson_log,0.9823624465186455,3,3,False
baseline_plus_conditional_logp_per_position,random,mse,all,HLA-A*80:01,auc_gt_2h,1.0,3,3,False
baseline_plus_conditional_logp_per_position,random,mse,all,HLA-B*07:02,spearman,,2,2,False
baseline_plus_conditional_logp_per_position,random,mse,all,HLA-B*07:02,pearson_log,,2,2,False
baseline_plus_conditional_logp_per_position,random,mse,all,HLA-B*07:02,auc_gt_2h,,2,2,False
baseline_plus_conditional_logp_per_position,random,mse,all,HLA-B*08:01,spearman,0.0,3,3,False
baseline_plus_conditional_logp_per_position,random,mse,all,HLA-B*08:01,pearson_log,0.020284389307889727,3,3,False
baseline_plus_conditional_logp_per_position,random,mse,all,HLA-B*08:01,auc_gt_2h,,3,3,False
baseline_plus_conditional_logp_per_position,random,mse,all,HLA-B*08:03,spearman,,2,2,False
baseline_plus_conditional_logp_per_position,random,mse,all,HLA-B*08:03,pearson_log,,2,2,False
baseline_plus_conditional_logp_per_position,random,mse,all,HLA-B*08:03,auc_gt_2h,,2,2,False
baseline_plus_conditional_logp_per_position,random,mse,all,HLA-B*13:02,spearman,,1,1,True
baseline_plus_conditional_logp_per_position,random,mse,all,HLA-B*13:02,pearson_log,,1,1,True
baseline_plus_conditional_logp_per_position,random,mse,all,HLA-B*13:02,auc_gt_2h,,1,1,True
baseline_plus_conditional_logp_per_position,random,mse,all,HLA-B*14:01(C67S),spearman,,2,2,False
baseline_plus_conditional_logp_per_position,random,mse,all,HLA-B*14:01(C67S),pearson_log,,2,2,False
baseline_plus_conditional_logp_per_position,random,mse,all,HLA-B*14:01(C67S),auc_gt_2h,,2,2,False
baseline_plus_conditional_logp_per_position,random,mse,all,HLA-B*14:02(C67S),spearman,,2,2,False
baseline_plus_conditional_logp_per_position,random,mse,all,HLA-B*14:02(C67S),pearson_log,,2,2,False
baseline_plus_conditional_logp_per_position,random,mse,all,HLA-B*14:02(C67S),auc_gt_2h,1.0,2,2,False
baseline_plus_conditional_logp_per_position,random,mse,all,HLA-B*15:01,spearman,0.5,3,3,False
baseline_plus_conditional_logp_per_position,random,mse,all,HLA-B*15:01,pearson_log,0.35428360041002127,3,3,False
baseline_plus_conditional_logp_per_position,random,mse,all,HLA-B*15:01,auc_gt_2h,1.0,3,3,False
baseline_plus_conditional_logp_per_position,random,mse,all,HLA-B*15:02,spearman,-0.5,3,3,False
baseline_plus_conditional_logp_per_position,random,mse,all,HLA-B*15:02,pearson_log,-0.8939059925995071,3,3,False
baseline_plus_conditional_logp_per_position,random,mse,all,HLA-B*15:02,auc_gt_2h,0.5,3,3,False
baseline_plus_conditional_logp_per_position,random,mse,all,HLA-B*15:10,spearman,,2,2,False
baseline_plus_conditional_logp_per_position,random,mse,all,HLA-B*15:10,pearson_log,,2,2,False
baseline_plus_conditional_logp_per_position,random,mse,all,HLA-B*15:10,auc_gt_2h,1.0,2,2,False
baseline_plus_conditional_logp_per_position,random,mse,all,HLA-B*15:17,spearman,,2,2,False
baseline_plus_conditional_logp_per_position,random,mse,all,HLA-B*15:17,pearson_log,,2,2,False
baseline_plus_conditional_logp_per_position,random,mse,all,HLA-B*15:17,auc_gt_2h,0.0,2,2,False
baseline_plus_conditional_logp_per_position,random,mse,all,HLA-B*18:01,spearman,,2,2,False
baseline_plus_conditional_logp_per_position,random,mse,all,HLA-B*18:01,pearson_log,,2,2,False
baseline_plus_conditional_logp_per_position,random,mse,all,HLA-B*18:01,auc_gt_2h,0.0,2,2,False
baseline_plus_conditional_logp_per_position,random,mse,all,HLA-B*27:02,spearman,,2,2,False
baseline_plus_conditional_logp_per_position,random,mse,all,HLA-B*27:02,pearson_log,,2,2,False
baseline_plus_conditional_logp_per_position,random,mse,all,HLA-B*27:02,auc_gt_2h,,2,2,False
baseline_plus_conditional_logp_per_position,random,mse,all,HLA-B*27:03,spearman,,2,2,False
baseline_plus_conditional_logp_per_position,random,mse,all,HLA-B*27:03,pearson_log,,2,2,False
baseline_plus_conditional_logp_per_position,random,mse,all,HLA-B*27:03,auc_gt_2h,,2,2,False
baseline_plus_conditional_logp_per_position,random,mse,all,HLA-B*27:05,spearman,0.5,3,3,False
baseline_plus_conditional_logp_per_position,random,mse,all,HLA-B*27:05,pearson_log,0.6015288622168867,3,3,False
baseline_plus_conditional_logp_per_position,random,mse,all,HLA-B*27:05,auc_gt_2h,0.5,3,3,False
baseline_plus_conditional_logp_per_position,random,mse,all,HLA-B*27:20,spearman,,2,2,False
baseline_plus_conditional_logp_per_position,random,mse,all,HLA-B*27:20,pearson_log,,2,2,False
baseline_plus_conditional_logp_per_position,random,mse,all,HLA-B*27:20,auc_gt_2h,,2,2,False
baseline_plus_conditional_logp_per_position,random,mse,all,HLA-B*35:01,spearman,,2,2,False
baseline_plus_conditional_logp_per_position,random,mse,all,HLA-B*35:01,pearson_log,,2,2,False
baseline_plus_conditional_logp_per_position,random,mse,all,HLA-B*35:01,auc_gt_2h,0.0,2,2,False
baseline_plus_conditional_logp_per_position,random,mse,all,HLA-B*35:03,spearman,,2,2,False
baseline_plus_conditional_logp_per_position,random,mse,all,HLA-B*35:03,pearson_log,,2,2,False
baseline_plus_conditional_logp_per_position,random,mse,all,HLA-B*35:03,auc_gt_2h,0.0,2,2,False
baseline_plus_conditional_logp_per_position,random,mse,all,HLA-B*35:08,spearman,0.5,3,3,False
baseline_plus_conditional_logp_per_position,random,mse,all,HLA-B*35:08,pearson_log,0.7848318291821917,3,3,False
baseline_plus_conditional_logp_per_position,random,mse,all,HLA-B*35:08,auc_gt_2h,1.0,3,3,False
baseline_plus_conditional_logp_per_position,random,mse,all,HLA-B*39:01,spearman,,2,2,False
baseline_plus_conditional_logp_per_position,random,mse,all,HLA-B*39:01,pearson_log,,2,2,False
baseline_plus_conditional_logp_per_position,random,mse,all,HLA-B*39:01,auc_gt_2h,,2,2,False
baseline_plus_conditional_logp_per_position,random,mse,all,HLA-B*39:02,spearman,0.0,3,3,False
baseline_plus_conditional_logp_per_position,random,mse,all,HLA-B*39:02,pearson_log,0.42442256277566615,3,3,False
baseline_plus_conditional_logp_per_position,random,mse,all,HLA-B*39:02,auc_gt_2h,,3,3,False
baseline_plus_conditional_logp_per_position,random,mse,all,HLA-B*39:06(C67S),spearman,,3,3,False
baseline_plus_conditional_logp_per_position,random,mse,all,HLA-B*39:06(C67S),pearson_log,,3,3,False
baseline_plus_conditional_logp_per_position,random,mse,all,HLA-B*39:06(C67S),auc_gt_2h,,3,3,False
baseline_plus_conditional_logp_per_position,random,mse,all,HLA-B*39:10,spearman,,2,2,False
baseline_plus_conditional_logp_per_position,random,mse,all,HLA-B*39:10,pearson_log,,2,2,False
baseline_plus_conditional_logp_per_position,random,mse,all,HLA-B*39:10,auc_gt_2h,0.0,2,2,False
baseline_plus_conditional_logp_per_position,random,mse,all,HLA-B*40:01,spearman,0.5,3,3,False
baseline_plus_conditional_logp_per_position,random,mse,all,HLA-B*40:01,pearson_log,0.2639346588960371,3,3,False
baseline_plus_conditional_logp_per_position,random,mse,all,HLA-B*40:01,auc_gt_2h,,3,3,False
baseline_plus_conditional_logp_per_position,random,mse,all,HLA-B*40:02,spearman,1.0,3,3,False
baseline_plus_conditional_logp_per_position,random,mse,all,HLA-B*40:02,pearson_log,0.8692491451265127,3,3,False
baseline_plus_conditional_logp_per_position,random,mse,all,HLA-B*40:02,auc_gt_2h,1.0,3,3,False
baseline_plus_conditional_logp_per_position,random,mse,all,HLA-B*41:01,spearman,-0.5,3,3,False
baseline_plus_conditional_logp_per_position,random,mse,all,HLA-B*41:01,pearson_log,-0.9639831717447847,3,3,False
baseline_plus_conditional_logp_per_position,random,mse,all,HLA-B*41:01,auc_gt_2h,,3,3,False
baseline_plus_conditional_logp_per_position,random,mse,all,HLA-B*42:01,spearman,,2,2,False
baseline_plus_conditional_logp_per_position,random,mse,all,HLA-B*42:01,pearson_log,,2,2,False
baseline_plus_conditional_logp_per_position,random,mse,all,HLA-B*42:01,auc_gt_2h,,2,2,False
baseline_plus_conditional_logp_per_position,random,mse,all,HLA-B*42:02,spearman,-0.5,3,3,False
baseline_plus_conditional_logp_per_position,random,mse,all,HLA-B*42:02,pearson_log,-0.9163408377188591,3,3,False
baseline_plus_conditional_logp_per_position,random,mse,all,HLA-B*42:02,auc_gt_2h,0.0,3,3,False
baseline_plus_conditional_logp_per_position,random,mse,all,HLA-B*44:05,spearman,,2,2,False
baseline_plus_conditional_logp_per_position,random,mse,all,HLA-B*44:05,pearson_log,,2,2,False
baseline_plus_conditional_logp_per_position,random,mse,all,HLA-B*44:05,auc_gt_2h,,2,2,False
baseline_plus_conditional_logp_per_position,random,mse,all,HLA-B*45:01,spearman,0.8660254037844387,3,3,False
baseline_plus_conditional_logp_per_position,random,mse,all,HLA-B*45:01,pearson_log,0.9989777940525304,3,3,False
baseline_plus_conditional_logp_per_position,random,mse,all,HLA-B*45:01,auc_gt_2h,,3,3,False
baseline_plus_conditional_logp_per_position,random,mse,all,HLA-B*46:01,spearman,-0.8660254037844387,3,3,False
baseline_plus_conditional_logp_per_position,random,mse,all,HLA-B*46:01,pearson_log,-0.7978741764175965,3,3,False
baseline_plus_conditional_logp_per_position,random,mse,all,HLA-B*46:01,auc_gt_2h,,3,3,False
baseline_plus_conditional_logp_per_position,random,mse,all,HLA-B*51:01,spearman,0.0,3,3,False
baseline_plus_conditional_logp_per_position,random,mse,all,HLA-B*51:01,pearson_log,-0.4866413693217012,3,3,False
baseline_plus_conditional_logp_per_position,random,mse,all,HLA-B*51:01,auc_gt_2h,0.5,3,3,False
baseline_plus_conditional_logp_per_position,random,mse,all,HLA-B*54:01,spearman,1.0,3,3,False
baseline_plus_conditional_logp_per_position,random,mse,all,HLA-B*54:01,pearson_log,0.9241335070014628,3,3,False
baseline_plus_conditional_logp_per_position,random,mse,all,HLA-B*54:01,auc_gt_2h,1.0,3,3,False
baseline_plus_conditional_logp_per_position,random,mse,all,HLA-B*55:01,spearman,,2,2,False
baseline_plus_conditional_logp_per_position,random,mse,all,HLA-B*55:01,pearson_log,,2,2,False
baseline_plus_conditional_logp_per_position,random,mse,all,HLA-B*55:01,auc_gt_2h,,2,2,False
baseline_plus_conditional_logp_per_position,random,mse,all,HLA-B*56:01,spearman,-0.5,3,3,False
baseline_plus_conditional_logp_per_position,random,mse,all,HLA-B*56:01,pearson_log,-0.3431934965795877,3,3,False
baseline_plus_conditional_logp_per_position,random,mse,all,HLA-B*56:01,auc_gt_2h,,3,3,False
baseline_plus_conditional_logp_per_position,random,mse,all,HLA-B*57:01,spearman,,2,2,False
baseline_plus_conditional_logp_per_position,random,mse,all,HLA-B*57:01,pearson_log,,2,2,False
baseline_plus_conditional_logp_per_position,random,mse,all,HLA-B*57:01,auc_gt_2h,,2,2,False
baseline_plus_conditional_logp_per_position,random,mse,all,HLA-B*57:02,spearman,,2,2,False
baseline_plus_conditional_logp_per_position,random,mse,all,HLA-B*57:02,pearson_log,,2,2,False
baseline_plus_conditional_logp_per_position,random,mse,all,HLA-B*57:02,auc_gt_2h,,2,2,False
baseline_plus_conditional_logp_per_position,random,mse,all,HLA-B*57:03,spearman,,2,2,False
baseline_plus_conditional_logp_per_position,random,mse,all,HLA-B*57:03,pearson_log,,2,2,False
baseline_plus_conditional_logp_per_position,random,mse,all,HLA-B*57:03,auc_gt_2h,,2,2,False
baseline_plus_conditional_logp_per_position,random,mse,all,HLA-B*58:01,spearman,-1.0,3,3,False
baseline_plus_conditional_logp_per_position,random,mse,all,HLA-B*58:01,pearson_log,-0.9604900029500713,3,3,False
baseline_plus_conditional_logp_per_position,random,mse,all,HLA-B*58:01,auc_gt_2h,0.0,3,3,False
baseline_plus_conditional_logp_per_position,random,mse,all,HLA-B*81:01,spearman,,2,2,False
baseline_plus_conditional_logp_per_position,random,mse,all,HLA-B*81:01,pearson_log,,2,2,False
baseline_plus_conditional_logp_per_position,random,mse,all,HLA-B*81:01,auc_gt_2h,,2,2,False
baseline_plus_conditional_logp_per_position,random,mse,nonzero,HLA-A*01:01,spearman,,2,2,False
baseline_plus_conditional_logp_per_position,random,mse,nonzero,HLA-A*01:01,pearson_log,,2,2,False
baseline_plus_conditional_logp_per_position,random,mse,nonzero,HLA-A*01:01,auc_gt_2h,,2,2,False
baseline_plus_conditional_logp_per_position,random,mse,nonzero,HLA-A*02:01,spearman,0.5,3,3,False
baseline_plus_conditional_logp_per_position,random,mse,nonzero,HLA-A*02:01,pearson_log,-0.2366228101886017,3,3,False
baseline_plus_conditional_logp_per_position,random,mse,nonzero,HLA-A*02:01,auc_gt_2h,,3,3,False
baseline_plus_conditional_logp_per_position,random,mse,nonzero,HLA-A*02:03,spearman,,2,2,False
baseline_plus_conditional_logp_per_position,random,mse,nonzero,HLA-A*02:03,pearson_log,,2,2,False
baseline_plus_conditional_logp_per_position,random,mse,nonzero,HLA-A*02:03,auc_gt_2h,1.0,2,2,False
baseline_plus_conditional_logp_per_position,random,mse,nonzero,HLA-A*02:05,spearman,0.5,3,3,False
baseline_plus_conditional_logp_per_position,random,mse,nonzero,HLA-A*02:05,pearson_log,0.5052101209700098,3,3,False
baseline_plus_conditional_logp_per_position,random,mse,nonzero,HLA-A*02:05,auc_gt_2h,,3,3,False
baseline_plus_conditional_logp_per_position,random,mse,nonzero,HLA-A*02:10,spearman,0.5,3,3,False
baseline_plus_conditional_logp_per_position,random,mse,nonzero,HLA-A*02:10,pearson_log,0.6999377162638508,3,3,False
baseline_plus_conditional_logp_per_position,random,mse,nonzero,HLA-A*02:10,auc_gt_2h,1.0,3,3,False
baseline_plus_conditional_logp_per_position,random,mse,nonzero,HLA-A*02:11,spearman,-1.0,3,3,False
baseline_plus_conditional_logp_per_position,random,mse,nonzero,HLA-A*02:11,pearson_log,-0.9141106814294131,3,3,False
baseline_plus_conditional_logp_per_position,random,mse,nonzero,HLA-A*02:11,auc_gt_2h,,3,3,False
baseline_plus_conditional_logp_per_position,random,mse,nonzero,HLA-A*02:12,spearman,-0.5,3,3,False
baseline_plus_conditional_logp_per_position,random,mse,nonzero,HLA-A*02:12,pearson_log,-0.7688496386183639,3,3,False
baseline_plus_conditional_logp_per_position,random,mse,nonzero,HLA-A*02:12,auc_gt_2h,,3,3,False
baseline_plus_conditional_logp_per_position,random,mse,nonzero,HLA-A*02:16,spearman,0.5,3,3,False
baseline_plus_conditional_logp_per_position,random,mse,nonzero,HLA-A*02:16,pearson_log,-0.006767901871561621,3,3,False
baseline_plus_conditional_logp_per_position,random,mse,nonzero,HLA-A*02:16,auc_gt_2h,0.5,3,3,False
baseline_plus_conditional_logp_per_position,random,mse,nonzero,HLA-A*02:19,spearman,-0.5,3,3,False
baseline_plus_conditional_logp_per_position,random,mse,nonzero,HLA-A*02:19,pearson_log,0.24504619478637715,3,3,False
baseline_plus_conditional_logp_per_position,random,mse,nonzero,HLA-A*02:19,auc_gt_2h,,3,3,False
baseline_plus_conditional_logp_per_position,random,mse,nonzero,HLA-A*02:50,spearman,-1.0,3,3,False
baseline_plus_conditional_logp_per_position,random,mse,nonzero,HLA-A*02:50,pearson_log,-0.9999918567084722,3,3,False
baseline_plus_conditional_logp_per_position,random,mse,nonzero,HLA-A*02:50,auc_gt_2h,,3,3,False
baseline_plus_conditional_logp_per_position,random,mse,nonzero,HLA-A*03:01,spearman,,2,2,False
baseline_plus_conditional_logp_per_position,random,mse,nonzero,HLA-A*03:01,pearson_log,,2,2,False
baseline_plus_conditional_logp_per_position,random,mse,nonzero,HLA-A*03:01,auc_gt_2h,0.0,2,2,False
baseline_plus_conditional_logp_per_position,random,mse,nonzero,HLA-A*11:01,spearman,0.5,3,3,False
baseline_plus_conditional_logp_per_position,random,mse,nonzero,HLA-A*11:01,pearson_log,0.8308202230382689,3,3,False
baseline_plus_conditional_logp_per_position,random,mse,nonzero,HLA-A*11:01,auc_gt_2h,1.0,3,3,False
baseline_plus_conditional_logp_per_position,random,mse,nonzero,HLA-A*23:01,spearman,1.0,3,3,False
baseline_plus_conditional_logp_per_position,random,mse,nonzero,HLA-A*23:01,pearson_log,0.8615661645175438,3,3,False
baseline_plus_conditional_logp_per_position,random,mse,nonzero,HLA-A*23:01,auc_gt_2h,1.0,3,3,False
baseline_plus_conditional_logp_per_position,random,mse,nonzero,HLA-A*24:02,spearman,1.0,3,3,False
baseline_plus_conditional_logp_per_position,random,mse,nonzero,HLA-A*24:02,pearson_log,0.9994464653517237,3,3,False
baseline_plus_conditional_logp_per_position,random,mse,nonzero,HLA-A*24:02,auc_gt_2h,1.0,3,3,False
baseline_plus_conditional_logp_per_position,random,mse,nonzero,HLA-A*24:03,spearman,1.0,3,3,False
baseline_plus_conditional_logp_per_position,random,mse,nonzero,HLA-A*24:03,pearson_log,0.7344194569399186,3,3,False
baseline_plus_conditional_logp_per_position,random,mse,nonzero,HLA-A*24:03,auc_gt_2h,1.0,3,3,False
baseline_plus_conditional_logp_per_position,random,mse,nonzero,HLA-A*24:07,spearman,-0.5,3,3,False
baseline_plus_conditional_logp_per_position,random,mse,nonzero,HLA-A*24:07,pearson_log,-0.7628289713016951,3,3,False
baseline_plus_conditional_logp_per_position,random,mse,nonzero,HLA-A*24:07,auc_gt_2h,,3,3,False
baseline_plus_conditional_logp_per_position,random,mse,nonzero,HLA-A*24:19,spearman,,2,2,False
baseline_plus_conditional_logp_per_position,random,mse,nonzero,HLA-A*24:19,pearson_log,,2,2,False
baseline_plus_conditional_logp_per_position,random,mse,nonzero,HLA-A*24:19,auc_gt_2h,,2,2,False
baseline_plus_conditional_logp_per_position,random,mse,nonzero,HLA-A*25:01,spearman,,1,1,True
baseline_plus_conditional_logp_per_position,random,mse,nonzero,HLA-A*25:01,pearson_log,,1,1,True
baseline_plus_conditional_logp_per_position,random,mse,nonzero,HLA-A*25:01,auc_gt_2h,,1,1,True
baseline_plus_conditional_logp_per_position,random,mse,nonzero,HLA-A*26:01,spearman,-0.5,3,3,False
baseline_plus_conditional_logp_per_position,random,mse,nonzero,HLA-A*26:01,pearson_log,-0.3936918943248627,3,3,False
baseline_plus_conditional_logp_per_position,random,mse,nonzero,HLA-A*26:01,auc_gt_2h,,3,3,False
baseline_plus_conditional_logp_per_position,random,mse,nonzero,HLA-A*26:02,spearman,-0.5,3,3,False
baseline_plus_conditional_logp_per_position,random,mse,nonzero,HLA-A*26:02,pearson_log,-0.9502792750378724,3,3,False
baseline_plus_conditional_logp_per_position,random,mse,nonzero,HLA-A*26:02,auc_gt_2h,0.0,3,3,False
baseline_plus_conditional_logp_per_position,random,mse,nonzero,HLA-A*26:03,spearman,,1,1,True
baseline_plus_conditional_logp_per_position,random,mse,nonzero,HLA-A*26:03,pearson_log,,1,1,True
baseline_plus_conditional_logp_per_position,random,mse,nonzero,HLA-A*26:03,auc_gt_2h,,1,1,True
baseline_plus_conditional_logp_per_position,random,mse,nonzero,HLA-A*29:02,spearman,0.5,3,3,False
baseline_plus_conditional_logp_per_position,random,mse,nonzero,HLA-A*29:02,pearson_log,0.6012150438900683,3,3,False
baseline_plus_conditional_logp_per_position,random,mse,nonzero,HLA-A*29:02,auc_gt_2h,1.0,3,3,False
baseline_plus_conditional_logp_per_position,random,mse,nonzero,HLA-A*30:01,spearman,,2,2,False
baseline_plus_conditional_logp_per_position,random,mse,nonzero,HLA-A*30:01,pearson_log,,2,2,False
baseline_plus_conditional_logp_per_position,random,mse,nonzero,HLA-A*30:01,auc_gt_2h,1.0,2,2,False
baseline_plus_conditional_logp_per_position,random,mse,nonzero,HLA-A*30:02,spearman,,2,2,False
baseline_plus_conditional_logp_per_position,random,mse,nonzero,HLA-A*30:02,pearson_log,,2,2,False
baseline_plus_conditional_logp_per_position,random,mse,nonzero,HLA-A*30:02,auc_gt_2h,0.0,2,2,False
baseline_plus_conditional_logp_per_position,random,mse,nonzero,HLA-A*31:01,spearman,0.5,3,3,False
baseline_plus_conditional_logp_per_position,random,mse,nonzero,HLA-A*31:01,pearson_log,0.7670401256370634,3,3,False
baseline_plus_conditional_logp_per_position,random,mse,nonzero,HLA-A*31:01,auc_gt_2h,1.0,3,3,False
baseline_plus_conditional_logp_per_position,random,mse,nonzero,HLA-A*32:01,spearman,,2,2,False
baseline_plus_conditional_logp_per_position,random,mse,nonzero,HLA-A*32:01,pearson_log,,2,2,False
baseline_plus_conditional_logp_per_position,random,mse,nonzero,HLA-A*32:01,auc_gt_2h,,2,2,False
baseline_plus_conditional_logp_per_position,random,mse,nonzero,HLA-A*32:07,spearman,0.5,3,3,False
baseline_plus_conditional_logp_per_position,random,mse,nonzero,HLA-A*32:07,pearson_log,0.07579158479579629,3,3,False
baseline_plus_conditional_logp_per_position,random,mse,nonzero,HLA-A*32:07,auc_gt_2h,0.5,3,3,False
baseline_plus_conditional_logp_per_position,random,mse,nonzero,HLA-A*33:03,spearman,,2,2,False
baseline_plus_conditional_logp_per_position,random,mse,nonzero,HLA-A*33:03,pearson_log,,2,2,False
baseline_plus_conditional_logp_per_position,random,mse,nonzero,HLA-A*33:03,auc_gt_2h,0.0,2,2,False
baseline_plus_conditional_logp_per_position,random,mse,nonzero,HLA-A*43:01,spearman,,2,2,False
baseline_plus_conditional_logp_per_position,random,mse,nonzero,HLA-A*43:01,pearson_log,,2,2,False
baseline_plus_conditional_logp_per_position,random,mse,nonzero,HLA-A*43:01,auc_gt_2h,0.0,2,2,False
baseline_plus_conditional_logp_per_position,random,mse,nonzero,HLA-A*66:01,spearman,,2,2,False
baseline_plus_conditional_logp_per_position,random,mse,nonzero,HLA-A*66:01,pearson_log,,2,2,False
baseline_plus_conditional_logp_per_position,random,mse,nonzero,HLA-A*66:01,auc_gt_2h,,2,2,False
baseline_plus_conditional_logp_per_position,random,mse,nonzero,HLA-A*68:01,spearman,,2,2,False
baseline_plus_conditional_logp_per_position,random,mse,nonzero,HLA-A*68:01,pearson_log,,2,2,False
baseline_plus_conditional_logp_per_position,random,mse,nonzero,HLA-A*68:01,auc_gt_2h,,2,2,False
baseline_plus_conditional_logp_per_position,random,mse,nonzero,HLA-A*68:02,spearman,-0.5,3,3,False
baseline_plus_conditional_logp_per_position,random,mse,nonzero,HLA-A*68:02,pearson_log,-0.3404293237860989,3,3,False
baseline_plus_conditional_logp_per_position,random,mse,nonzero,HLA-A*68:02,auc_gt_2h,0.0,3,3,False
baseline_plus_conditional_logp_per_position,random,mse,nonzero,HLA-A*68:23,spearman,,2,2,False
baseline_plus_conditional_logp_per_position,random,mse,nonzero,HLA-A*68:23,pearson_log,,2,2,False
baseline_plus_conditional_logp_per_position,random,mse,nonzero,HLA-A*68:23,auc_gt_2h,,2,2,False
baseline_plus_conditional_logp_per_position,random,mse,nonzero,HLA-A*69:01,spearman,-0.5,3,3,False
baseline_plus_conditional_logp_per_position,random,mse,nonzero,HLA-A*69:01,pearson_log,0.25371319344567866,3,3,False
baseline_plus_conditional_logp_per_position,random,mse,nonzero,HLA-A*69:01,auc_gt_2h,,3,3,False
baseline_plus_conditional_logp_per_position,random,mse,nonzero,HLA-A*74:01,spearman,,2,2,False
baseline_plus_conditional_logp_per_position,random,mse,nonzero,HLA-A*74:01,pearson_log,,2,2,False
baseline_plus_conditional_logp_per_position,random,mse,nonzero,HLA-A*74:01,auc_gt_2h,,2,2,False
baseline_plus_conditional_logp_per_position,random,mse,nonzero,HLA-A*80:01,spearman,,2,2,False
baseline_plus_conditional_logp_per_position,random,mse,nonzero,HLA-A*80:01,pearson_log,,2,2,False
baseline_plus_conditional_logp_per_position,random,mse,nonzero,HLA-A*80:01,auc_gt_2h,1.0,2,2,False
baseline_plus_conditional_logp_per_position,random,mse,nonzero,HLA-B*07:02,spearman,,2,2,False
baseline_plus_conditional_logp_per_position,random,mse,nonzero,HLA-B*07:02,pearson_log,,2,2,False
baseline_plus_conditional_logp_per_position,random,mse,nonzero,HLA-B*07:02,auc_gt_2h,,2,2,False
baseline_plus_conditional_logp_per_position,random,mse,nonzero,HLA-B*08:01,spearman,0.0,3,3,False
baseline_plus_conditional_logp_per_position,random,mse,nonzero,HLA-B*08:01,pearson_log,0.020284389307889727,3,3,False
baseline_plus_conditional_logp_per_position,random,mse,nonzero,HLA-B*08:01,auc_gt_2h,,3,3,False
baseline_plus_conditional_logp_per_position,random,mse,nonzero,HLA-B*08:03,spearman,,1,1,True
baseline_plus_conditional_logp_per_position,random,mse,nonzero,HLA-B*08:03,pearson_log,,1,1,True
baseline_plus_conditional_logp_per_position,random,mse,nonzero,HLA-B*08:03,auc_gt_2h,,1,1,True
baseline_plus_conditional_logp_per_position,random,mse,nonzero,HLA-B*13:02,spearman,,1,1,True
baseline_plus_conditional_logp_per_position,random,mse,nonzero,HLA-B*13:02,pearson_log,,1,1,True
baseline_plus_conditional_logp_per_position,random,mse,nonzero,HLA-B*13:02,auc_gt_2h,,1,1,True
baseline_plus_conditional_logp_per_position,random,mse,nonzero,HLA-B*14:02(C67S),spearman,,1,1,True
baseline_plus_conditional_logp_per_position,random,mse,nonzero,HLA-B*14:02(C67S),pearson_log,,1,1,True
baseline_plus_conditional_logp_per_position,random,mse,nonzero,HLA-B*14:02(C67S),auc_gt_2h,,1,1,True
baseline_plus_conditional_logp_per_position,random,mse,nonzero,HLA-B*15:01,spearman,,2,2,False
baseline_plus_conditional_logp_per_position,random,mse,nonzero,HLA-B*15:01,pearson_log,,2,2,False
baseline_plus_conditional_logp_per_position,random,mse,nonzero,HLA-B*15:01,auc_gt_2h,1.0,2,2,False
baseline_plus_conditional_logp_per_position,random,mse,nonzero,HLA-B*15:02,spearman,,2,2,False
baseline_plus_conditional_logp_per_position,random,mse,nonzero,HLA-B*15:02,pearson_log,,2,2,False
baseline_plus_conditional_logp_per_position,random,mse,nonzero,HLA-B*15:02,auc_gt_2h,1.0,2,2,False
baseline_plus_conditional_logp_per_position,random,mse,nonzero,HLA-B*15:10,spearman,,2,2,False
baseline_plus_conditional_logp_per_position,random,mse,nonzero,HLA-B*15:10,pearson_log,,2,2,False
baseline_plus_conditional_logp_per_position,random,mse,nonzero,HLA-B*15:10,auc_gt_2h,1.0,2,2,False
baseline_plus_conditional_logp_per_position,random,mse,nonzero,HLA-B*15:17,spearman,,1,1,True
baseline_plus_conditional_logp_per_position,random,mse,nonzero,HLA-B*15:17,pearson_log,,1,1,True
baseline_plus_conditional_logp_per_position,random,mse,nonzero,HLA-B*15:17,auc_gt_2h,,1,1,True
baseline_plus_conditional_logp_per_position,random,mse,nonzero,HLA-B*18:01,spearman,,2,2,False
baseline_plus_conditional_logp_per_position,random,mse,nonzero,HLA-B*18:01,pearson_log,,2,2,False
baseline_plus_conditional_logp_per_position,random,mse,nonzero,HLA-B*18:01,auc_gt_2h,0.0,2,2,False
baseline_plus_conditional_logp_per_position,random,mse,nonzero,HLA-B*27:02,spearman,,2,2,False
baseline_plus_conditional_logp_per_position,random,mse,nonzero,HLA-B*27:02,pearson_log,,2,2,False
baseline_plus_conditional_logp_per_position,random,mse,nonzero,HLA-B*27:02,auc_gt_2h,,2,2,False
baseline_plus_conditional_logp_per_position,random,mse,nonzero,HLA-B*27:03,spearman,,2,2,False
baseline_plus_conditional_logp_per_position,random,mse,nonzero,HLA-B*27:03,pearson_log,,2,2,False
baseline_plus_conditional_logp_per_position,random,mse,nonzero,HLA-B*27:03,auc_gt_2h,,2,2,False
baseline_plus_conditional_logp_per_position,random,mse,nonzero,HLA-B*27:05,spearman,0.5,3,3,False
baseline_plus_conditional_logp_per_position,random,mse,nonzero,HLA-B*27:05,pearson_log,0.6015288622168867,3,3,False
baseline_plus_conditional_logp_per_position,random,mse,nonzero,HLA-B*27:05,auc_gt_2h,0.5,3,3,False
baseline_plus_conditional_logp_per_position,random,mse,nonzero,HLA-B*27:20,spearman,,1,1,True
baseline_plus_conditional_logp_per_position,random,mse,nonzero,HLA-B*27:20,pearson_log,,1,1,True
baseline_plus_conditional_logp_per_position,random,mse,nonzero,HLA-B*27:20,auc_gt_2h,,1,1,True
baseline_plus_conditional_logp_per_position,random,mse,nonzero,HLA-B*35:01,spearman,,1,1,True
baseline_plus_conditional_logp_per_position,random,mse,nonzero,HLA-B*35:01,pearson_log,,1,1,True
baseline_plus_conditional_logp_per_position,random,mse,nonzero,HLA-B*35:01,auc_gt_2h,,1,1,True
baseline_plus_conditional_logp_per_position,random,mse,nonzero,HLA-B*35:03,spearman,,2,2,False
baseline_plus_conditional_logp_per_position,random,mse,nonzero,HLA-B*35:03,pearson_log,,2,2,False
baseline_plus_conditional_logp_per_position,random,mse,nonzero,HLA-B*35:03,auc_gt_2h,0.0,2,2,False
baseline_plus_conditional_logp_per_position,random,mse,nonzero,HLA-B*35:08,spearman,0.5,3,3,False
baseline_plus_conditional_logp_per_position,random,mse,nonzero,HLA-B*35:08,pearson_log,0.7848318291821917,3,3,False
baseline_plus_conditional_logp_per_position,random,mse,nonzero,HLA-B*35:08,auc_gt_2h,1.0,3,3,False
baseline_plus_conditional_logp_per_position,random,mse,nonzero,HLA-B*39:01,spearman,,2,2,False
baseline_plus_conditional_logp_per_position,random,mse,nonzero,HLA-B*39:01,pearson_log,,2,2,False
baseline_plus_conditional_logp_per_position,random,mse,nonzero,HLA-B*39:01,auc_gt_2h,,2,2,False
baseline_plus_conditional_logp_per_position,random,mse,nonzero,HLA-B*39:02,spearman,,2,2,False
baseline_plus_conditional_logp_per_position,random,mse,nonzero,HLA-B*39:02,pearson_log,,2,2,False
baseline_plus_conditional_logp_per_position,random,mse,nonzero,HLA-B*39:02,auc_gt_2h,,2,2,False
baseline_plus_conditional_logp_per_position,random,mse,nonzero,HLA-B*39:10,spearman,,2,2,False
baseline_plus_conditional_logp_per_position,random,mse,nonzero,HLA-B*39:10,pearson_log,,2,2,False
baseline_plus_conditional_logp_per_position,random,mse,nonzero,HLA-B*39:10,auc_gt_2h,0.0,2,2,False
baseline_plus_conditional_logp_per_position,random,mse,nonzero,HLA-B*40:01,spearman,0.5,3,3,False
baseline_plus_conditional_logp_per_position,random,mse,nonzero,HLA-B*40:01,pearson_log,0.2639346588960371,3,3,False
baseline_plus_conditional_logp_per_position,random,mse,nonzero,HLA-B*40:01,auc_gt_2h,,3,3,False
baseline_plus_conditional_logp_per_position,random,mse,nonzero,HLA-B*40:02,spearman,1.0,3,3,False
baseline_plus_conditional_logp_per_position,random,mse,nonzero,HLA-B*40:02,pearson_log,0.8692491451265127,3,3,False
baseline_plus_conditional_logp_per_position,random,mse,nonzero,HLA-B*40:02,auc_gt_2h,1.0,3,3,False
baseline_plus_conditional_logp_per_position,random,mse,nonzero,HLA-B*41:01,spearman,,2,2,False
baseline_plus_conditional_logp_per_position,random,mse,nonzero,HLA-B*41:01,pearson_log,,2,2,False
baseline_plus_conditional_logp_per_position,random,mse,nonzero,HLA-B*41:01,auc_gt_2h,,2,2,False
baseline_plus_conditional_logp_per_position,random,mse,nonzero,HLA-B*42:01,spearman,,2,2,False
baseline_plus_conditional_logp_per_position,random,mse,nonzero,HLA-B*42:01,pearson_log,,2,2,False
baseline_plus_conditional_logp_per_position,random,mse,nonzero,HLA-B*42:01,auc_gt_2h,,2,2,False
baseline_plus_conditional_logp_per_position,random,mse,nonzero,HLA-B*42:02,spearman,-0.5,3,3,False
baseline_plus_conditional_logp_per_position,random,mse,nonzero,HLA-B*42:02,pearson_log,-0.9163408377188591,3,3,False
baseline_plus_conditional_logp_per_position,random,mse,nonzero,HLA-B*42:02,auc_gt_2h,0.0,3,3,False
baseline_plus_conditional_logp_per_position,random,mse,nonzero,HLA-B*44:05,spearman,,2,2,False
baseline_plus_conditional_logp_per_position,random,mse,nonzero,HLA-B*44:05,pearson_log,,2,2,False
baseline_plus_conditional_logp_per_position,random,mse,nonzero,HLA-B*44:05,auc_gt_2h,,2,2,False
baseline_plus_conditional_logp_per_position,random,mse,nonzero,HLA-B*45:01,spearman,,1,1,True
baseline_plus_conditional_logp_per_position,random,mse,nonzero,HLA-B*45:01,pearson_log,,1,1,True
baseline_plus_conditional_logp_per_position,random,mse,nonzero,HLA-B*45:01,auc_gt_2h,,1,1,True
baseline_plus_conditional_logp_per_position,random,mse,nonzero,HLA-B*46:01,spearman,,1,1,True
baseline_plus_conditional_logp_per_position,random,mse,nonzero,HLA-B*46:01,pearson_log,,1,1,True
baseline_plus_conditional_logp_per_position,random,mse,nonzero,HLA-B*46:01,auc_gt_2h,,1,1,True
baseline_plus_conditional_logp_per_position,random,mse,nonzero,HLA-B*51:01,spearman,,1,1,True
baseline_plus_conditional_logp_per_position,random,mse,nonzero,HLA-B*51:01,pearson_log,,1,1,True
baseline_plus_conditional_logp_per_position,random,mse,nonzero,HLA-B*51:01,auc_gt_2h,,1,1,True
baseline_plus_conditional_logp_per_position,random,mse,nonzero,HLA-B*54:01,spearman,,2,2,False
baseline_plus_conditional_logp_per_position,random,mse,nonzero,HLA-B*54:01,pearson_log,,2,2,False
baseline_plus_conditional_logp_per_position,random,mse,nonzero,HLA-B*54:01,auc_gt_2h,1.0,2,2,False
baseline_plus_conditional_logp_per_position,random,mse,nonzero,HLA-B*56:01,spearman,,2,2,False
baseline_plus_conditional_logp_per_position,random,mse,nonzero,HLA-B*56:01,pearson_log,,2,2,False
baseline_plus_conditional_logp_per_position,random,mse,nonzero,HLA-B*56:01,auc_gt_2h,,2,2,False
baseline_plus_conditional_logp_per_position,random,mse,nonzero,HLA-B*57:01,spearman,,2,2,False
baseline_plus_conditional_logp_per_position,random,mse,nonzero,HLA-B*57:01,pearson_log,,2,2,False
baseline_plus_conditional_logp_per_position,random,mse,nonzero,HLA-B*57:01,auc_gt_2h,,2,2,False
baseline_plus_conditional_logp_per_position,random,mse,nonzero,HLA-B*57:02,spearman,,2,2,False
baseline_plus_conditional_logp_per_position,random,mse,nonzero,HLA-B*57:02,pearson_log,,2,2,False
baseline_plus_conditional_logp_per_position,random,mse,nonzero,HLA-B*57:02,auc_gt_2h,,2,2,False
baseline_plus_conditional_logp_per_position,random,mse,nonzero,HLA-B*57:03,spearman,,2,2,False
baseline_plus_conditional_logp_per_position,random,mse,nonzero,HLA-B*57:03,pearson_log,,2,2,False
baseline_plus_conditional_logp_per_position,random,mse,nonzero,HLA-B*57:03,auc_gt_2h,,2,2,False
baseline_plus_conditional_logp_per_position,random,mse,nonzero,HLA-B*58:01,spearman,-1.0,3,3,False
baseline_plus_conditional_logp_per_position,random,mse,nonzero,HLA-B*58:01,pearson_log,-0.9604900029500713,3,3,False
baseline_plus_conditional_logp_per_position,random,mse,nonzero,HLA-B*58:01,auc_gt_2h,0.0,3,3,False
baseline_plus_conditional_logp_per_position,random,mse,nonzero,HLA-B*81:01,spearman,,2,2,False
baseline_plus_conditional_logp_per_position,random,mse,nonzero,HLA-B*81:01,pearson_log,,2,2,False
baseline_plus_conditional_logp_per_position,random,mse,nonzero,HLA-B*81:01,auc_gt_2h,,2,2,False
baseline_plus_conditional_mean_logp,leave_one_allele_out,mse,all,HLA-A*01:01,spearman,0.32928679358545854,14,14,False
baseline_plus_conditional_mean_logp,leave_one_allele_out,mse,all,HLA-A*01:01,pearson_log,0.2906032769774972,14,14,False
baseline_plus_conditional_mean_logp,leave_one_allele_out,mse,all,HLA-A*01:01,auc_gt_2h,0.75,14,14,False
baseline_plus_conditional_mean_logp,leave_one_allele_out,mse,all,HLA-A*02:01,spearman,0.44004427068055774,14,14,False
baseline_plus_conditional_mean_logp,leave_one_allele_out,mse,all,HLA-A*02:01,pearson_log,0.6964069757821159,14,14,False
baseline_plus_conditional_mean_logp,leave_one_allele_out,mse,all,HLA-A*02:01,auc_gt_2h,1.0,14,14,False
baseline_plus_conditional_mean_logp,leave_one_allele_out,mse,all,HLA-A*02:03,spearman,0.2803559332904454,14,14,False
baseline_plus_conditional_mean_logp,leave_one_allele_out,mse,all,HLA-A*02:03,pearson_log,0.2743093704843232,14,14,False
baseline_plus_conditional_mean_logp,leave_one_allele_out,mse,all,HLA-A*02:03,auc_gt_2h,0.6041666666666666,14,14,False
baseline_plus_conditional_mean_logp,leave_one_allele_out,mse,all,HLA-A*02:05,spearman,0.05054945054945055,14,14,False
baseline_plus_conditional_mean_logp,leave_one_allele_out,mse,all,HLA-A*02:05,pearson_log,-0.0015435578888823853,14,14,False
baseline_plus_conditional_mean_logp,leave_one_allele_out,mse,all,HLA-A*02:05,auc_gt_2h,0.475,14,14,False
baseline_plus_conditional_mean_logp,leave_one_allele_out,mse,all,HLA-A*02:10,spearman,0.3494505494505495,14,14,False
baseline_plus_conditional_mean_logp,leave_one_allele_out,mse,all,HLA-A*02:10,pearson_log,0.43839484507105797,14,14,False
baseline_plus_conditional_mean_logp,leave_one_allele_out,mse,all,HLA-A*02:10,auc_gt_2h,0.6888888888888889,14,14,False
baseline_plus_conditional_mean_logp,leave_one_allele_out,mse,all,HLA-A*02:11,spearman,0.23646769740700718,14,14,False
baseline_plus_conditional_mean_logp,leave_one_allele_out,mse,all,HLA-A*02:11,pearson_log,0.3888770486984338,14,14,False
baseline_plus_conditional_mean_logp,leave_one_allele_out,mse,all,HLA-A*02:11,auc_gt_2h,0.8333333333333334,14,14,False
baseline_plus_conditional_mean_logp,leave_one_allele_out,mse,all,HLA-A*02:12,spearman,0.35824175824175825,14,14,False
baseline_plus_conditional_mean_logp,leave_one_allele_out,mse,all,HLA-A*02:12,pearson_log,0.7278646956822306,14,14,False
baseline_plus_conditional_mean_logp,leave_one_allele_out,mse,all,HLA-A*02:12,auc_gt_2h,1.0,14,14,False
baseline_plus_conditional_mean_logp,leave_one_allele_out,mse,all,HLA-A*02:16,spearman,0.36523674466486294,14,14,False
baseline_plus_conditional_mean_logp,leave_one_allele_out,mse,all,HLA-A*02:16,pearson_log,0.3363880117487966,14,14,False
baseline_plus_conditional_mean_logp,leave_one_allele_out,mse,all,HLA-A*02:16,auc_gt_2h,0.6060606060606061,14,14,False
baseline_plus_conditional_mean_logp,leave_one_allele_out,mse,all,HLA-A*02:19,spearman,0.5544557810575028,14,14,False
baseline_plus_conditional_mean_logp,leave_one_allele_out,mse,all,HLA-A*02:19,pearson_log,0.49018868428562223,14,14,False
baseline_plus_conditional_mean_logp,leave_one_allele_out,mse,all,HLA-A*02:19,auc_gt_2h,0.8,14,14,False
baseline_plus_conditional_mean_logp,leave_one_allele_out,mse,all,HLA-A*02:50,spearman,0.3186813186813187,14,14,False
baseline_plus_conditional_mean_logp,leave_one_allele_out,mse,all,HLA-A*02:50,pearson_log,0.2869353407911386,14,14,False
baseline_plus_conditional_mean_logp,leave_one_allele_out,mse,all,HLA-A*02:50,auc_gt_2h,0.9230769230769231,14,14,False
baseline_plus_conditional_mean_logp,leave_one_allele_out,mse,all,HLA-A*03:01,spearman,-0.08590329208648595,14,14,False
baseline_plus_conditional_mean_logp,leave_one_allele_out,mse,all,HLA-A*03:01,pearson_log,-0.12366929733757905,14,14,False
baseline_plus_conditional_mean_logp,leave_one_allele_out,mse,all,HLA-A*03:01,auc_gt_2h,0.6888888888888889,14,14,False
baseline_plus_conditional_mean_logp,leave_one_allele_out,mse,all,HLA-A*11:01,spearman,0.09010989010989012,14,14,False
baseline_plus_conditional_mean_logp,leave_one_allele_out,mse,all,HLA-A*11:01,pearson_log,0.018782965424485723,14,14,False
baseline_plus_conditional_mean_logp,leave_one_allele_out,mse,all,HLA-A*11:01,auc_gt_2h,0.4666666666666667,14,14,False
baseline_plus_conditional_mean_logp,leave_one_allele_out,mse,all,HLA-A*23:01,spearman,0.389010989010989,14,14,False
baseline_plus_conditional_mean_logp,leave_one_allele_out,mse,all,HLA-A*23:01,pearson_log,0.32736855188852987,14,14,False
baseline_plus_conditional_mean_logp,leave_one_allele_out,mse,all,HLA-A*23:01,auc_gt_2h,0.5208333333333334,14,14,False
baseline_plus_conditional_mean_logp,leave_one_allele_out,mse,all,HLA-A*24:02,spearman,0.26961737461359697,14,14,False
baseline_plus_conditional_mean_logp,leave_one_allele_out,mse,all,HLA-A*24:02,pearson_log,0.3999785083644287,14,14,False
baseline_plus_conditional_mean_logp,leave_one_allele_out,mse,all,HLA-A*24:02,auc_gt_2h,0.825,14,14,False
baseline_plus_conditional_mean_logp,leave_one_allele_out,mse,all,HLA-A*24:03,spearman,0.5874591013585445,14,14,False
baseline_plus_conditional_mean_logp,leave_one_allele_out,mse,all,HLA-A*24:03,pearson_log,0.590522413878154,14,14,False
baseline_plus_conditional_mean_logp,leave_one_allele_out,mse,all,HLA-A*24:03,auc_gt_2h,0.7555555555555555,14,14,False
baseline_plus_conditional_mean_logp,leave_one_allele_out,mse,all,HLA-A*24:07,spearman,-0.07252747252747253,14,14,False
baseline_plus_conditional_mean_logp,leave_one_allele_out,mse,all,HLA-A*24:07,pearson_log,-0.08291305975529853,14,14,False
baseline_plus_conditional_mean_logp,leave_one_allele_out,mse,all,HLA-A*24:07,auc_gt_2h,0.3958333333333333,14,14,False
baseline_plus_conditional_mean_logp,leave_one_allele_out,mse,all,HLA-A*24:19,spearman,0.7709026833187765,14,14,False
baseline_plus_conditional_mean_logp,leave_one_allele_out,mse,all,HLA-A*24:19,pearson_log,0.7589629390133992,14,14,False
baseline_plus_conditional_mean_logp,leave_one_allele_out,mse,all,HLA-A*24:19,auc_gt_2h,0.9230769230769231,14,14,False
baseline_plus_conditional_mean_logp,leave_one_allele_out,mse,all,HLA-A*25:01,spearman,-0.01573431038941944,14,14,False
baseline_plus_conditional_mean_logp,leave_one_allele_out,mse,all,HLA-A*25:01,pearson_log,0.08798970891601714,14,14,False
baseline_plus_conditional_mean_logp,leave_one_allele_out,mse,all,HLA-A*25:01,auc_gt_2h,0.3939393939393939,14,14,False
baseline_plus_conditional_mean_logp,leave_one_allele_out,mse,all,HLA-A*26:01,spearman,-0.26328013535543676,14,14,False
baseline_plus_conditional_mean_logp,leave_one_allele_out,mse,all,HLA-A*26:01,pearson_log,-0.2765826897875763,14,14,False
baseline_plus_conditional_mean_logp,leave_one_allele_out,mse,all,HLA-A*26:01,auc_gt_2h,0.3333333333333333,14,14,False
baseline_plus_conditional_mean_logp,leave_one_allele_out,mse,all,HLA-A*26:02,spearman,0.4515429455828108,14,14,False
baseline_plus_conditional_mean_logp,leave_one_allele_out,mse,all,HLA-A*26:02,pearson_log,0.5119948947564219,14,14,False
baseline_plus_conditional_mean_logp,leave_one_allele_out,mse,all,HLA-A*26:02,auc_gt_2h,0.5833333333333333,14,14,False
baseline_plus_conditional_mean_logp,leave_one_allele_out,mse,all,HLA-A*26:03,spearman,0.11465055598144848,14,14,False
baseline_plus_conditional_mean_logp,leave_one_allele_out,mse,all,HLA-A*26:03,pearson_log,0.23349490021176622,14,14,False
baseline_plus_conditional_mean_logp,leave_one_allele_out,mse,all,HLA-A*26:03,auc_gt_2h,0.7272727272727273,14,14,False
baseline_plus_conditional_mean_logp,leave_one_allele_out,mse,all,HLA-A*29:02,spearman,0.0857142857142857,14,14,False
baseline_plus_conditional_mean_logp,leave_one_allele_out,mse,all,HLA-A*29:02,pearson_log,0.1094696962288387,14,14,False
baseline_plus_conditional_mean_logp,leave_one_allele_out,mse,all,HLA-A*29:02,auc_gt_2h,0.4375,14,14,False
baseline_plus_conditional_mean_logp,leave_one_allele_out,mse,all,HLA-A*30:01,spearman,0.09513483882591413,14,14,False
baseline_plus_conditional_mean_logp,leave_one_allele_out,mse,all,HLA-A*30:01,pearson_log,0.039119036074157204,14,14,False
baseline_plus_conditional_mean_logp,leave_one_allele_out,mse,all,HLA-A*30:01,auc_gt_2h,0.4166666666666667,14,14,False
baseline_plus_conditional_mean_logp,leave_one_allele_out,mse,all,HLA-A*30:02,spearman,-0.06229609843966058,14,14,False
baseline_plus_conditional_mean_logp,leave_one_allele_out,mse,all,HLA-A*30:02,pearson_log,-0.12476497432395989,14,14,False
baseline_plus_conditional_mean_logp,leave_one_allele_out,mse,all,HLA-A*30:02,auc_gt_2h,0.45,14,14,False
baseline_plus_conditional_mean_logp,leave_one_allele_out,mse,all,HLA-A*31:01,spearman,-0.024336819234536174,14,14,False
baseline_plus_conditional_mean_logp,leave_one_allele_out,mse,all,HLA-A*31:01,pearson_log,-0.2268211121274366,14,14,False
baseline_plus_conditional_mean_logp,leave_one_allele_out,mse,all,HLA-A*31:01,auc_gt_2h,0.4848484848484848,14,14,False
baseline_plus_conditional_mean_logp,leave_one_allele_out,mse,all,HLA-A*32:01,spearman,0.05082950505010435,14,14,False
baseline_plus_conditional_mean_logp,leave_one_allele_out,mse,all,HLA-A*32:01,pearson_log,0.09852766055801596,14,14,False
baseline_plus_conditional_mean_logp,leave_one_allele_out,mse,all,HLA-A*32:01,auc_gt_2h,0.5555555555555556,14,14,False
baseline_plus_conditional_mean_logp,leave_one_allele_out,mse,all,HLA-A*32:07,spearman,0.5547045985902692,14,14,False
baseline_plus_conditional_mean_logp,leave_one_allele_out,mse,all,HLA-A*32:07,pearson_log,0.4003792821944716,14,14,False
baseline_plus_conditional_mean_logp,leave_one_allele_out,mse,all,HLA-A*32:07,auc_gt_2h,0.8571428571428572,14,14,False
baseline_plus_conditional_mean_logp,leave_one_allele_out,mse,all,HLA-A*33:03,spearman,-0.09399673249537896,14,14,False
baseline_plus_conditional_mean_logp,leave_one_allele_out,mse,all,HLA-A*33:03,pearson_log,-0.12999120166958006,14,14,False
baseline_plus_conditional_mean_logp,leave_one_allele_out,mse,all,HLA-A*33:03,auc_gt_2h,0.45454545454545453,14,14,False
baseline_plus_conditional_mean_logp,leave_one_allele_out,mse,all,HLA-A*43:01,spearman,-0.1922057671950999,14,14,False
baseline_plus_conditional_mean_logp,leave_one_allele_out,mse,all,HLA-A*43:01,pearson_log,-0.17431742367230285,14,14,False
baseline_plus_conditional_mean_logp,leave_one_allele_out,mse,all,HLA-A*43:01,auc_gt_2h,0.07692307692307687,14,14,False
baseline_plus_conditional_mean_logp,leave_one_allele_out,mse,all,HLA-A*66:01,spearman,0.2351220789857432,14,14,False
baseline_plus_conditional_mean_logp,leave_one_allele_out,mse,all,HLA-A*66:01,pearson_log,0.2751435902639723,14,14,False
baseline_plus_conditional_mean_logp,leave_one_allele_out,mse,all,HLA-A*66:01,auc_gt_2h,0.9230769230769231,14,14,False
baseline_plus_conditional_mean_logp,leave_one_allele_out,mse,all,HLA-A*68:01,spearman,0.02447346724415237,14,14,False
baseline_plus_conditional_mean_logp,leave_one_allele_out,mse,all,HLA-A*68:01,pearson_log,0.05045989712851598,14,14,False
baseline_plus_conditional_mean_logp,leave_one_allele_out,mse,all,HLA-A*68:01,auc_gt_2h,0.3673469387755102,14,14,False
baseline_plus_conditional_mean_logp,leave_one_allele_out,mse,all,HLA-A*68:02,spearman,-0.15151572644557487,13,13,False
baseline_plus_conditional_mean_logp,leave_one_allele_out,mse,all,HLA-A*68:02,pearson_log,-0.23515714905322704,13,13,False
baseline_plus_conditional_mean_logp,leave_one_allele_out,mse,all,HLA-A*68:02,auc_gt_2h,0.08333333333333337,13,13,False
baseline_plus_conditional_mean_logp,leave_one_allele_out,mse,all,HLA-A*68:23,spearman,0.019639690283404065,13,13,False
baseline_plus_conditional_mean_logp,leave_one_allele_out,mse,all,HLA-A*68:23,pearson_log,-0.02197153989500142,13,13,False
baseline_plus_conditional_mean_logp,leave_one_allele_out,mse,all,HLA-A*68:23,auc_gt_2h,0.9166666666666666,13,13,False
baseline_plus_conditional_mean_logp,leave_one_allele_out,mse,all,HLA-A*69:01,spearman,-0.36876687892083126,13,13,False
baseline_plus_conditional_mean_logp,leave_one_allele_out,mse,all,HLA-A*69:01,pearson_log,-0.2862880877502195,13,13,False
baseline_plus_conditional_mean_logp,leave_one_allele_out,mse,all,HLA-A*69:01,auc_gt_2h,0.16666666666666663,13,13,False
baseline_plus_conditional_mean_logp,leave_one_allele_out,mse,all,HLA-A*74:01,spearman,0.0,13,13,False
baseline_plus_conditional_mean_logp,leave_one_allele_out,mse,all,HLA-A*74:01,pearson_log,-0.027972051862119734,13,13,False
baseline_plus_conditional_mean_logp,leave_one_allele_out,mse,all,HLA-A*74:01,auc_gt_2h,0.475,13,13,False
baseline_plus_conditional_mean_logp,leave_one_allele_out,mse,all,HLA-A*80:01,spearman,0.8766016479009824,13,13,False
baseline_plus_conditional_mean_logp,leave_one_allele_out,mse,all,HLA-A*80:01,pearson_log,0.7142151058942334,13,13,False
baseline_plus_conditional_mean_logp,leave_one_allele_out,mse,all,HLA-A*80:01,auc_gt_2h,0.8181818181818181,13,13,False
baseline_plus_conditional_mean_logp,leave_one_allele_out,mse,all,HLA-B*07:02,spearman,-0.17427802647524523,13,13,False
baseline_plus_conditional_mean_logp,leave_one_allele_out,mse,all,HLA-B*07:02,pearson_log,-0.09142139321476764,13,13,False
baseline_plus_conditional_mean_logp,leave_one_allele_out,mse,all,HLA-B*07:02,auc_gt_2h,0.5238095238095238,13,13,False
baseline_plus_conditional_mean_logp,leave_one_allele_out,mse,all,HLA-B*08:01,spearman,0.030557441875621285,13,13,False
baseline_plus_conditional_mean_logp,leave_one_allele_out,mse,all,HLA-B*08:01,pearson_log,0.1485012125672041,13,13,False
baseline_plus_conditional_mean_logp,leave_one_allele_out,mse,all,HLA-B*08:01,auc_gt_2h,,13,13,False
baseline_plus_conditional_mean_logp,leave_one_allele_out,mse,all,HLA-B*08:03,spearman,-0.17090120347756035,13,13,False
baseline_plus_conditional_mean_logp,leave_one_allele_out,mse,all,HLA-B*08:03,pearson_log,-0.14708622742080335,13,13,False
baseline_plus_conditional_mean_logp,leave_one_allele_out,mse,all,HLA-B*08:03,auc_gt_2h,0.39999999999999997,13,13,False
baseline_plus_conditional_mean_logp,leave_one_allele_out,mse,all,HLA-B*13:02,spearman,-0.29649972666444047,7,7,False
baseline_plus_conditional_mean_logp,leave_one_allele_out,mse,all,HLA-B*13:02,pearson_log,-0.35106309101414046,7,7,False
baseline_plus_conditional_mean_logp,leave_one_allele_out,mse,all,HLA-B*13:02,auc_gt_2h,0.25,7,7,False
baseline_plus_conditional_mean_logp,leave_one_allele_out,mse,all,HLA-B*14:01(C67S),spearman,-0.3857583749052298,13,13,False
baseline_plus_conditional_mean_logp,leave_one_allele_out,mse,all,HLA-B*14:01(C67S),pearson_log,-0.24610510268851885,13,13,False
baseline_plus_conditional_mean_logp,leave_one_allele_out,mse,all,HLA-B*14:01(C67S),auc_gt_2h,,13,13,False
baseline_plus_conditional_mean_logp,leave_one_allele_out,mse,all,HLA-B*14:02(C67S),spearman,0.12529400275814703,13,13,False
baseline_plus_conditional_mean_logp,leave_one_allele_out,mse,all,HLA-B*14:02(C67S),pearson_log,0.05125613085169825,13,13,False
baseline_plus_conditional_mean_logp,leave_one_allele_out,mse,all,HLA-B*14:02(C67S),auc_gt_2h,0.5277777777777778,13,13,False
baseline_plus_conditional_mean_logp,leave_one_allele_out,mse,all,HLA-B*15:01,spearman,-0.03301241087284377,13,13,False
baseline_plus_conditional_mean_logp,leave_one_allele_out,mse,all,HLA-B*15:01,pearson_log,-0.23353190403206753,13,13,False
baseline_plus_conditional_mean_logp,leave_one_allele_out,mse,all,HLA-B*15:01,auc_gt_2h,0.3888888888888889,13,13,False
baseline_plus_conditional_mean_logp,leave_one_allele_out,mse,all,HLA-B*15:02,spearman,-0.17521116462879902,13,13,False
baseline_plus_conditional_mean_logp,leave_one_allele_out,mse,all,HLA-B*15:02,pearson_log,-0.3563044817643311,13,13,False
baseline_plus_conditional_mean_logp,leave_one_allele_out,mse,all,HLA-B*15:02,auc_gt_2h,0.5249999999999999,13,13,False
baseline_plus_conditional_mean_logp,leave_one_allele_out,mse,all,HLA-B*15:10,spearman,0.3053648005738049,13,13,False
baseline_plus_conditional_mean_logp,leave_one_allele_out,mse,all,HLA-B*15:10,pearson_log,0.416930258795672,13,13,False
baseline_plus_conditional_mean_logp,leave_one_allele_out,mse,all,HLA-B*15:10,auc_gt_2h,0.5454545454545454,13,13,False
baseline_plus_conditional_mean_logp,leave_one_allele_out,mse,all,HLA-B*15:17,spearman,-0.18837215559530573,13,13,False
baseline_plus_conditional_mean_logp,leave_one_allele_out,mse,all,HLA-B*15:17,pearson_log,-0.28136560291427876,13,13,False
baseline_plus_conditional_mean_logp,leave_one_allele_out,mse,all,HLA-B*15:17,auc_gt_2h,0.39999999999999997,13,13,False
baseline_plus_conditional_mean_logp,leave_one_allele_out,mse,all,HLA-B*18:01,spearman,-0.10729033533674225,13,13,False
baseline_plus_conditional_mean_logp,leave_one_allele_out,mse,all,HLA-B*18:01,pearson_log,-0.08164327051423897,13,13,False
baseline_plus_conditional_mean_logp,leave_one_allele_out,mse,all,HLA-B*18:01,auc_gt_2h,0.30952380952380953,13,13,False
baseline_plus_conditional_mean_logp,leave_one_allele_out,mse,all,HLA-B*27:02,spearman,0.20470752316139915,13,13,False
baseline_plus_conditional_mean_logp,leave_one_allele_out,mse,all,HLA-B*27:02,pearson_log,0.16426733529271806,13,13,False
baseline_plus_conditional_mean_logp,leave_one_allele_out,mse,all,HLA-B*27:02,auc_gt_2h,0.7777777777777778,13,13,False
baseline_plus_conditional_mean_logp,leave_one_allele_out,mse,all,HLA-B*27:03,spearman,0.5077306060027844,13,13,False
baseline_plus_conditional_mean_logp,leave_one_allele_out,mse,all,HLA-B*27:03,pearson_log,0.6484565891718413,13,13,False
baseline_plus_conditional_mean_logp,leave_one_allele_out,mse,all,HLA-B*27:03,auc_gt_2h,0.75,13,13,False
baseline_plus_conditional_mean_logp,leave_one_allele_out,mse,all,HLA-B*27:05,spearman,0.09655255075070301,13,13,False
baseline_plus_conditional_mean_logp,leave_one_allele_out,mse,all,HLA-B*27:05,pearson_log,0.05447855598012377,13,13,False
baseline_plus_conditional_mean_logp,leave_one_allele_out,mse,all,HLA-B*27:05,auc_gt_2h,0.525,13,13,False
baseline_plus_conditional_mean_logp,leave_one_allele_out,mse,all,HLA-B*27:20,spearman,0.15151572644557487,13,13,False
baseline_plus_conditional_mean_logp,leave_one_allele_out,mse,all,HLA-B*27:20,pearson_log,0.1520300941727918,13,13,False
baseline_plus_conditional_mean_logp,leave_one_allele_out,mse,all,HLA-B*27:20,auc_gt_2h,0.5277777777777778,13,13,False
baseline_plus_conditional_mean_logp,leave_one_allele_out,mse,all,HLA-B*35:01,spearman,0.3236085181116648,13,13,False
baseline_plus_conditional_mean_logp,leave_one_allele_out,mse,all,HLA-B*35:01,pearson_log,0.3079848879248043,13,13,False
baseline_plus_conditional_mean_logp,leave_one_allele_out,mse,all,HLA-B*35:01,auc_gt_2h,0.7333333333333334,13,13,False
baseline_plus_conditional_mean_logp,leave_one_allele_out,mse,all,HLA-B*35:03,spearman,0.42424403404760963,13,13,False
baseline_plus_conditional_mean_logp,leave_one_allele_out,mse,all,HLA-B*35:03,pearson_log,0.40976631174181166,13,13,False
baseline_plus_conditional_mean_logp,leave_one_allele_out,mse,all,HLA-B*35:03,auc_gt_2h,0.6000000000000001,13,13,False
baseline_plus_conditional_mean_logp,leave_one_allele_out,mse,all,HLA-B*35:08,spearman,-0.11911768662644333,13,13,False
baseline_plus_conditional_mean_logp,leave_one_allele_out,mse,all,HLA-B*35:08,pearson_log,-0.11824615541871536,13,13,False
baseline_plus_conditional_mean_logp,leave_one_allele_out,mse,all,HLA-B*35:08,auc_gt_2h,0.4545454545454546,13,13,False
baseline_plus_conditional_mean_logp,leave_one_allele_out,mse,all,HLA-B*39:01,spearman,0.4434726720872374,13,13,False
baseline_plus_conditional_mean_logp,leave_one_allele_out,mse,all,HLA-B*39:01,pearson_log,0.7460145469888648,13,13,False
baseline_plus_conditional_mean_logp,leave_one_allele_out,mse,all,HLA-B*39:01,auc_gt_2h,0.9545454545454545,13,13,False
baseline_plus_conditional_mean_logp,leave_one_allele_out,mse,all,HLA-B*39:02,spearman,-0.1765045216243656,13,13,False
baseline_plus_conditional_mean_logp,leave_one_allele_out,mse,all,HLA-B*39:02,pearson_log,-0.22624198581333302,13,13,False
baseline_plus_conditional_mean_logp,leave_one_allele_out,mse,all,HLA-B*39:02,auc_gt_2h,0.5,13,13,False
baseline_plus_conditional_mean_logp,leave_one_allele_out,mse,all,HLA-B*39:06(C67S),spearman,0.4629100498862757,13,13,False
baseline_plus_conditional_mean_logp,leave_one_allele_out,mse,all,HLA-B*39:06(C67S),pearson_log,0.4761642883540026,13,13,False
baseline_plus_conditional_mean_logp,leave_one_allele_out,mse,all,HLA-B*39:06(C67S),auc_gt_2h,1.0,13,13,False
baseline_plus_conditional_mean_logp,leave_one_allele_out,mse,all,HLA-B*39:10,spearman,-0.15680895164600792,13,13,False
baseline_plus_conditional_mean_logp,leave_one_allele_out,mse,all,HLA-B*39:10,pearson_log,-0.16342389158986678,13,13,False
baseline_plus_conditional_mean_logp,leave_one_allele_out,mse,all,HLA-B*39:10,auc_gt_2h,0.30952380952380953,13,13,False
baseline_plus_conditional_mean_logp,leave_one_allele_out,mse,all,HLA-B*40:01,spearman,-0.09917393003710356,13,13,False
baseline_plus_conditional_mean_logp,leave_one_allele_out,mse,all,HLA-B*40:01,pearson_log,-0.030989269114697644,13,13,False
baseline_plus_conditional_mean_logp,leave_one_allele_out,mse,all,HLA-B*40:01,auc_gt_2h,0.8333333333333334,13,13,False
baseline_plus_conditional_mean_logp,leave_one_allele_out,mse,all,HLA-B*40:02,spearman,0.576923076923077,13,13,False
baseline_plus_conditional_mean_logp,leave_one_allele_out,mse,all,HLA-B*40:02,pearson_log,0.5231504076277214,13,13,False
baseline_plus_conditional_mean_logp,leave_one_allele_out,mse,all,HLA-B*40:02,auc_gt_2h,0.8666666666666667,13,13,False
baseline_plus_conditional_mean_logp,leave_one_allele_out,mse,all,HLA-B*41:01,spearman,-0.2104314057316983,13,13,False
baseline_plus_conditional_mean_logp,leave_one_allele_out,mse,all,HLA-B*41:01,pearson_log,-0.20436614569404385,13,13,False
baseline_plus_conditional_mean_logp,leave_one_allele_out,mse,all,HLA-B*41:01,auc_gt_2h,,13,13,False
baseline_plus_conditional_mean_logp,leave_one_allele_out,mse,all,HLA-B*42:01,spearman,-0.4725274725274725,13,13,False
baseline_plus_conditional_mean_logp,leave_one_allele_out,mse,all,HLA-B*42:01,pearson_log,-0.2452453990039616,13,13,False
baseline_plus_conditional_mean_logp,leave_one_allele_out,mse,all,HLA-B*42:01,auc_gt_2h,0.18181818181818182,13,13,False
baseline_plus_conditional_mean_logp,leave_one_allele_out,mse,all,HLA-B*42:02,spearman,-0.319560441230667,13,13,False
baseline_plus_conditional_mean_logp,leave_one_allele_out,mse,all,HLA-B*42:02,pearson_log,-0.37651540089650803,13,13,False
baseline_plus_conditional_mean_logp,leave_one_allele_out,mse,all,HLA-B*42:02,auc_gt_2h,0.38095238095238093,13,13,False
baseline_plus_conditional_mean_logp,leave_one_allele_out,mse,all,HLA-B*44:05,spearman,-0.2341606681431612,13,13,False
baseline_plus_conditional_mean_logp,leave_one_allele_out,mse,all,HLA-B*44:05,pearson_log,-0.6634069180159107,13,13,False
baseline_plus_conditional_mean_logp,leave_one_allele_out,mse,all,HLA-B*44:05,auc_gt_2h,0.43333333333333335,13,13,False
baseline_plus_conditional_mean_logp,leave_one_allele_out,mse,all,HLA-B*45:01,spearman,0.4358154023609824,13,13,False
baseline_plus_conditional_mean_logp,leave_one_allele_out,mse,all,HLA-B*45:01,pearson_log,0.39827229679546083,13,13,False
baseline_plus_conditional_mean_logp,leave_one_allele_out,mse,all,HLA-B*45:01,auc_gt_2h,0.75,13,13,False
baseline_plus_conditional_mean_logp,leave_one_allele_out,mse,all,HLA-B*46:01,spearman,-0.05779381386162392,13,13,False
baseline_plus_conditional_mean_logp,leave_one_allele_out,mse,all,HLA-B*46:01,pearson_log,-0.0923708459465895,13,13,False
baseline_plus_conditional_mean_logp,leave_one_allele_out,mse,all,HLA-B*46:01,auc_gt_2h,0.5909090909090909,13,13,False
baseline_plus_conditional_mean_logp,leave_one_allele_out,mse,all,HLA-B*51:01,spearman,-0.020132867966225956,13,13,False
baseline_plus_conditional_mean_logp,leave_one_allele_out,mse,all,HLA-B*51:01,pearson_log,-0.05922012073014837,13,13,False
baseline_plus_conditional_mean_logp,leave_one_allele_out,mse,all,HLA-B*51:01,auc_gt_2h,0.4722222222222222,13,13,False
baseline_plus_conditional_mean_logp,leave_one_allele_out,mse,all,HLA-B*54:01,spearman,0.33911838315251425,13,13,False
baseline_plus_conditional_mean_logp,leave_one_allele_out,mse,all,HLA-B*54:01,pearson_log,0.4127939918398365,13,13,False
baseline_plus_conditional_mean_logp,leave_one_allele_out,mse,all,HLA-B*54:01,auc_gt_2h,0.9090909090909091,13,13,False
baseline_plus_conditional_mean_logp,leave_one_allele_out,mse,all,HLA-B*55:01,spearman,0.308390408572671,13,13,False
baseline_plus_conditional_mean_logp,leave_one_allele_out,mse,all,HLA-B*55:01,pearson_log,0.29603637845653047,13,13,False
baseline_plus_conditional_mean_logp,leave_one_allele_out,mse,all,HLA-B*55:01,auc_gt_2h,0.5,13,13,False
baseline_plus_conditional_mean_logp,leave_one_allele_out,mse,all,HLA-B*56:01,spearman,-0.37695360071767064,13,13,False
baseline_plus_conditional_mean_logp,leave_one_allele_out,mse,all,HLA-B*56:01,pearson_log,-0.4450627690040405,13,13,False
baseline_plus_conditional_mean_logp,leave_one_allele_out,mse,all,HLA-B*56:01,auc_gt_2h,,13,13,False
baseline_plus_conditional_mean_logp,leave_one_allele_out,mse,all,HLA-B*57:01,spearman,0.027510342394036474,13,13,False
baseline_plus_conditional_mean_logp,leave_one_allele_out,mse,all,HLA-B*57:01,pearson_log,0.248482823947151,13,13,False
baseline_plus_conditional_mean_logp,leave_one_allele_out,mse,all,HLA-B*57:01,auc_gt_2h,0.8333333333333334,13,13,False
baseline_plus_conditional_mean_logp,leave_one_allele_out,mse,all,HLA-B*57:02,spearman,-0.1903464571942431,13,13,False
baseline_plus_conditional_mean_logp,leave_one_allele_out,mse,all,HLA-B*57:02,pearson_log,-0.29280956269653385,13,13,False
baseline_plus_conditional_mean_logp,leave_one_allele_out,mse,all,HLA-B*57:02,auc_gt_2h,0.13636363636363635,13,13,False
baseline_plus_conditional_mean_logp,leave_one_allele_out,mse,all,HLA-B*57:03,spearman,0.4450549450549451,13,13,False
baseline_plus_conditional_mean_logp,leave_one_allele_out,mse,all,HLA-B*57:03,pearson_log,0.26387784215646864,13,13,False
baseline_plus_conditional_mean_logp,leave_one_allele_out,mse,all,HLA-B*57:03,auc_gt_2h,0.5666666666666667,13,13,False
baseline_plus_conditional_mean_logp,leave_one_allele_out,mse,all,HLA-B*58:01,spearman,0.08803309566091672,13,13,False
baseline_plus_conditional_mean_logp,leave_one_allele_out,mse,all,HLA-B*58:01,pearson_log,-0.1770480589763886,13,13,False
baseline_plus_conditional_mean_logp,leave_one_allele_out,mse,all,HLA-B*58:01,auc_gt_2h,0.5952380952380953,13,13,False
baseline_plus_conditional_mean_logp,leave_one_allele_out,mse,all,HLA-B*81:01,spearman,0.2885018081699436,13,13,False
baseline_plus_conditional_mean_logp,leave_one_allele_out,mse,all,HLA-B*81:01,pearson_log,0.34482223965966186,13,13,False
baseline_plus_conditional_mean_logp,leave_one_allele_out,mse,all,HLA-B*81:01,auc_gt_2h,0.5,13,13,False
baseline_plus_conditional_mean_logp,leave_one_allele_out,mse,nonzero,HLA-A*01:01,spearman,0.35408868871160937,13,13,False
baseline_plus_conditional_mean_logp,leave_one_allele_out,mse,nonzero,HLA-A*01:01,pearson_log,0.2950736029116592,13,13,False
baseline_plus_conditional_mean_logp,leave_one_allele_out,mse,nonzero,HLA-A*01:01,auc_gt_2h,0.75,13,13,False
baseline_plus_conditional_mean_logp,leave_one_allele_out,mse,nonzero,HLA-A*02:01,spearman,0.44004427068055774,14,14,False
baseline_plus_conditional_mean_logp,leave_one_allele_out,mse,nonzero,HLA-A*02:01,pearson_log,0.6964069757821159,14,14,False
baseline_plus_conditional_mean_logp,leave_one_allele_out,mse,nonzero,HLA-A*02:01,auc_gt_2h,1.0,14,14,False
baseline_plus_conditional_mean_logp,leave_one_allele_out,mse,nonzero,HLA-A*02:03,spearman,0.13636363636363638,11,11,False
baseline_plus_conditional_mean_logp,leave_one_allele_out,mse,nonzero,HLA-A*02:03,pearson_log,0.05147909063283873,11,11,False
baseline_plus_conditional_mean_logp,leave_one_allele_out,mse,nonzero,HLA-A*02:03,auc_gt_2h,0.5,11,11,False
baseline_plus_conditional_mean_logp,leave_one_allele_out,mse,nonzero,HLA-A*02:05,spearman,0.05054945054945055,14,14,False
baseline_plus_conditional_mean_logp,leave_one_allele_out,mse,nonzero,HLA-A*02:05,pearson_log,-0.0015435578888823853,14,14,False
baseline_plus_conditional_mean_logp,leave_one_allele_out,mse,nonzero,HLA-A*02:05,auc_gt_2h,0.475,14,14,False
baseline_plus_conditional_mean_logp,leave_one_allele_out,mse,nonzero,HLA-A*02:10,spearman,0.3494505494505495,14,14,False
baseline_plus_conditional_mean_logp,leave_one_allele_out,mse,nonzero,HLA-A*02:10,pearson_log,0.43839484507105797,14,14,False
baseline_plus_conditional_mean_logp,leave_one_allele_out,mse,nonzero,HLA-A*02:10,auc_gt_2h,0.6888888888888889,14,14,False
baseline_plus_conditional_mean_logp,leave_one_allele_out,mse,nonzero,HLA-A*02:11,spearman,0.23646769740700718,14,14,False
baseline_plus_conditional_mean_logp,leave_one_allele_out,mse,nonzero,HLA-A*02:11,pearson_log,0.3888770486984338,14,14,False
baseline_plus_conditional_mean_logp,leave_one_allele_out,mse,nonzero,HLA-A*02:11,auc_gt_2h,0.8333333333333334,14,14,False
baseline_plus_conditional_mean_logp,leave_one_allele_out,mse,nonzero,HLA-A*02:12,spearman,0.35824175824175825,14,14,False
baseline_plus_conditional_mean_logp,leave_one_allele_out,mse,nonzero,HLA-A*02:12,pearson_log,0.7278646956822306,14,14,False
baseline_plus_conditional_mean_logp,leave_one_allele_out,mse,nonzero,HLA-A*02:12,auc_gt_2h,1.0,14,14,False
baseline_plus_conditional_mean_logp,leave_one_allele_out,mse,nonzero,HLA-A*02:16,spearman,0.36523674466486294,14,14,False
baseline_plus_conditional_mean_logp,leave_one_allele_out,mse,nonzero,HLA-A*02:16,pearson_log,0.3363880117487966,14,14,False
baseline_plus_conditional_mean_logp,leave_one_allele_out,mse,nonzero,HLA-A*02:16,auc_gt_2h,0.6060606060606061,14,14,False
baseline_plus_conditional_mean_logp,leave_one_allele_out,mse,nonzero,HLA-A*02:19,spearman,0.4825174825174825,12,12,False
baseline_plus_conditional_mean_logp,leave_one_allele_out,mse,nonzero,HLA-A*02:19,pearson_log,0.4611410369968731,12,12,False
baseline_plus_conditional_mean_logp,leave_one_allele_out,mse,nonzero,HLA-A*02:19,auc_gt_2h,0.8,12,12,False
baseline_plus_conditional_mean_logp,leave_one_allele_out,mse,nonzero,HLA-A*02:50,spearman,0.3186813186813187,14,14,False
baseline_plus_conditional_mean_logp,leave_one_allele_out,mse,nonzero,HLA-A*02:50,pearson_log,0.2869353407911386,14,14,False
baseline_plus_conditional_mean_logp,leave_one_allele_out,mse,nonzero,HLA-A*02:50,auc_gt_2h,0.9230769230769231,14,14,False
baseline_plus_conditional_mean_logp,leave_one_allele_out,mse,nonzero,HLA-A*03:01,spearman,0.15761845537612793,12,12,False
baseline_plus_conditional_mean_logp,leave_one_allele_out,mse,nonzero,HLA-A*03:01,pearson_log,0.16681570071354035,12,12,False
baseline_plus_conditional_mean_logp,leave_one_allele_out,mse,nonzero,HLA-A*03:01,auc_gt_2h,0.7714285714285714,12,12,False
baseline_plus_conditional_mean_logp,leave_one_allele_out,mse,nonzero,HLA-A*11:01,spearman,0.09010989010989012,14,14,False
baseline_plus_conditional_mean_logp,leave_one_allele_out,mse,nonzero,HLA-A*11:01,pearson_log,0.018782965424485723,14,14,False
baseline_plus_conditional_mean_logp,leave_one_allele_out,mse,nonzero,HLA-A*11:01,auc_gt_2h,0.4666666666666667,14,14,False
baseline_plus_conditional_mean_logp,leave_one_allele_out,mse,nonzero,HLA-A*23:01,spearman,0.389010989010989,14,14,False
baseline_plus_conditional_mean_logp,leave_one_allele_out,mse,nonzero,HLA-A*23:01,pearson_log,0.32736855188852987,14,14,False
baseline_plus_conditional_mean_logp,leave_one_allele_out,mse,nonzero,HLA-A*23:01,auc_gt_2h,0.5208333333333334,14,14,False
baseline_plus_conditional_mean_logp,leave_one_allele_out,mse,nonzero,HLA-A*24:02,spearman,0.2710991522948259,13,13,False
baseline_plus_conditional_mean_logp,leave_one_allele_out,mse,nonzero,HLA-A*24:02,pearson_log,0.45202414551226666,13,13,False
baseline_plus_conditional_mean_logp,leave_one_allele_out,mse,nonzero,HLA-A*24:02,auc_gt_2h,0.8055555555555556,13,13,False
baseline_plus_conditional_mean_logp,leave_one_allele_out,mse,nonzero,HLA-A*24:03,spearman,0.5874591013585445,14,14,False
baseline_plus_conditional_mean_logp,leave_one_allele_out,mse,nonzero,HLA-A*24:03,pearson_log,0.590522413878154,14,14,False
baseline_plus_conditional_mean_logp,leave_one_allele_out,mse,nonzero,HLA-A*24:03,auc_gt_2h,0.7555555555555555,14,14,False
baseline_plus_conditional_mean_logp,leave_one_allele_out,mse,nonzero,HLA-A*24:07,spearman,-0.07252747252747253,14,14,False
baseline_plus_conditional_mean_logp,leave_one_allele_out,mse,nonzero,HLA-A*24:07,pearson_log,-0.08291305975529853,14,14,False
baseline_plus_conditional_mean_logp,leave_one_allele_out,mse,nonzero,HLA-A*24:07,auc_gt_2h,0.3958333333333333,14,14,False
baseline_plus_conditional_mean_logp,leave_one_allele_out,mse,nonzero,HLA-A*24:19,spearman,0.4285714285714286,8,8,False
baseline_plus_conditional_mean_logp,leave_one_allele_out,mse,nonzero,HLA-A*24:19,pearson_log,0.508199438711209,8,8,False
baseline_plus_conditional_mean_logp,leave_one_allele_out,mse,nonzero,HLA-A*24:19,auc_gt_2h,0.8571428571428572,8,8,False
baseline_plus_conditional_mean_logp,leave_one_allele_out,mse,nonzero,HLA-A*25:01,spearman,0.016666666666666666,9,9,False
baseline_plus_conditional_mean_logp,leave_one_allele_out,mse,nonzero,HLA-A*25:01,pearson_log,0.061456138336366734,9,9,False
baseline_plus_conditional_mean_logp,leave_one_allele_out,mse,nonzero,HLA-A*25:01,auc_gt_2h,0.3888888888888889,9,9,False
baseline_plus_conditional_mean_logp,leave_one_allele_out,mse,nonzero,HLA-A*26:01,spearman,-0.1329685804202158,13,13,False
baseline_plus_conditional_mean_logp,leave_one_allele_out,mse,nonzero,HLA-A*26:01,pearson_log,-0.1268468766092882,13,13,False
baseline_plus_conditional_mean_logp,leave_one_allele_out,mse,nonzero,HLA-A*26:01,auc_gt_2h,0.36666666666666664,13,13,False
baseline_plus_conditional_mean_logp,leave_one_allele_out,mse,nonzero,HLA-A*26:02,spearman,0.5261727954746327,13,13,False
baseline_plus_conditional_mean_logp,leave_one_allele_out,mse,nonzero,HLA-A*26:02,pearson_log,0.5798462975265631,13,13,False
baseline_plus_conditional_mean_logp,leave_one_allele_out,mse,nonzero,HLA-A*26:02,auc_gt_2h,0.5952380952380953,13,13,False
baseline_plus_conditional_mean_logp,leave_one_allele_out,mse,nonzero,HLA-A*26:03,spearman,0.28917761562712796,8,8,False
baseline_plus_conditional_mean_logp,leave_one_allele_out,mse,nonzero,HLA-A*26:03,pearson_log,0.5036991054604999,8,8,False
baseline_plus_conditional_mean_logp,leave_one_allele_out,mse,nonzero,HLA-A*26:03,auc_gt_2h,0.8,8,8,False
baseline_plus_conditional_mean_logp,leave_one_allele_out,mse,nonzero,HLA-A*29:02,spearman,0.0857142857142857,14,14,False
baseline_plus_conditional_mean_logp,leave_one_allele_out,mse,nonzero,HLA-A*29:02,pearson_log,0.1094696962288387,14,14,False
baseline_plus_conditional_mean_logp,leave_one_allele_out,mse,nonzero,HLA-A*29:02,auc_gt_2h,0.4375,14,14,False
baseline_plus_conditional_mean_logp,leave_one_allele_out,mse,nonzero,HLA-A*30:01,spearman,0.24201165543792827,11,11,False
baseline_plus_conditional_mean_logp,leave_one_allele_out,mse,nonzero,HLA-A*30:01,pearson_log,0.2532312904291888,11,11,False
baseline_plus_conditional_mean_logp,leave_one_allele_out,mse,nonzero,HLA-A*30:01,auc_gt_2h,0.38888888888888895,11,11,False
baseline_plus_conditional_mean_logp,leave_one_allele_out,mse,nonzero,HLA-A*30:02,spearman,0.013948643022054516,13,13,False
baseline_plus_conditional_mean_logp,leave_one_allele_out,mse,nonzero,HLA-A*30:02,pearson_log,-0.09587423641269652,13,13,False
baseline_plus_conditional_mean_logp,leave_one_allele_out,mse,nonzero,HLA-A*30:02,auc_gt_2h,0.4722222222222222,13,13,False
baseline_plus_conditional_mean_logp,leave_one_allele_out,mse,nonzero,HLA-A*31:01,spearman,-0.024336819234536174,14,14,False
baseline_plus_conditional_mean_logp,leave_one_allele_out,mse,nonzero,HLA-A*31:01,pearson_log,-0.2268211121274366,14,14,False
baseline_plus_conditional_mean_logp,leave_one_allele_out,mse,nonzero,HLA-A*31:01,auc_gt_2h,0.4848484848484848,14,14,False
baseline_plus_conditional_mean_logp,leave_one_allele_out,mse,nonzero,HLA-A*32:01,spearman,0.23237070196699366,13,13,False
baseline_plus_conditional_mean_logp,leave_one_allele_out,mse,nonzero,HLA-A*32:01,pearson_log,0.2810333292195142,13,13,False
baseline_plus_conditional_mean_logp,leave_one_allele_out,mse,nonzero,HLA-A*32:01,auc_gt_2h,0.6000000000000001,13,13,False
baseline_plus_conditional_mean_logp,leave_one_allele_out,mse,nonzero,HLA-A*32:07,spearman,0.8792733518259361,11,11,False
baseline_plus_conditional_mean_logp,leave_one_allele_out,mse,nonzero,HLA-A*32:07,pearson_log,0.9028232731821997,11,11,False
baseline_plus_conditional_mean_logp,leave_one_allele_out,mse,nonzero,HLA-A*32:07,auc_gt_2h,1.0,11,11,False
baseline_plus_conditional_mean_logp,leave_one_allele_out,mse,nonzero,HLA-A*33:03,spearman,0.14414999403128945,7,7,False
baseline_plus_conditional_mean_logp,leave_one_allele_out,mse,nonzero,HLA-A*33:03,pearson_log,0.24919843733640273,7,7,False
baseline_plus_conditional_mean_logp,leave_one_allele_out,mse,nonzero,HLA-A*33:03,auc_gt_2h,0.5,7,7,False
baseline_plus_conditional_mean_logp,leave_one_allele_out,mse,nonzero,HLA-A*43:01,spearman,-0.12548753135882582,12,12,False
baseline_plus_conditional_mean_logp,leave_one_allele_out,mse,nonzero,HLA-A*43:01,pearson_log,-0.0891158576846982,12,12,False
baseline_plus_conditional_mean_logp,leave_one_allele_out,mse,nonzero,HLA-A*43:01,auc_gt_2h,0.09090909090909094,12,12,False
baseline_plus_conditional_mean_logp,leave_one_allele_out,mse,nonzero,HLA-A*66:01,spearman,0.5533167449931866,9,9,False
baseline_plus_conditional_mean_logp,leave_one_allele_out,mse,nonzero,HLA-A*66:01,pearson_log,0.6888599461274144,9,9,False
baseline_plus_conditional_mean_logp,leave_one_allele_out,mse,nonzero,HLA-A*66:01,auc_gt_2h,0.875,9,9,False
baseline_plus_conditional_mean_logp,leave_one_allele_out,mse,nonzero,HLA-A*68:01,spearman,-0.5592731001856595,10,10,False
baseline_plus_conditional_mean_logp,leave_one_allele_out,mse,nonzero,HLA-A*68:01,pearson_log,-0.47520022280054974,10,10,False
baseline_plus_conditional_mean_logp,leave_one_allele_out,mse,nonzero,HLA-A*68:01,auc_gt_2h,0.04761904761904762,10,10,False
baseline_plus_conditional_mean_logp,leave_one_allele_out,mse,nonzero,HLA-A*68:02,spearman,-0.15151572644557487,13,13,False
baseline_plus_conditional_mean_logp,leave_one_allele_out,mse,nonzero,HLA-A*68:02,pearson_log,-0.23515714905322704,13,13,False
baseline_plus_conditional_mean_logp,leave_one_allele_out,mse,nonzero,HLA-A*68:02,auc_gt_2h,0.08333333333333337,13,13,False
baseline_plus_conditional_mean_logp,leave_one_allele_out,mse,nonzero,HLA-A*68:23,spearman,0.012546646533497349,10,10,False
baseline_plus_conditional_mean_logp,leave_one_allele_out,mse,nonzero,HLA-A*68:23,pearson_log,0.12274635656952063,10,10,False
baseline_plus_conditional_mean_logp,leave_one_allele_out,mse,nonzero,HLA-A*68:23,auc_gt_2h,1.0,10,10,False
baseline_plus_conditional_mean_logp,leave_one_allele_out,mse,nonzero,HLA-A*69:01,spearman,-0.42018290340800896,9,9,False
baseline_plus_conditional_mean_logp,leave_one_allele_out,mse,nonzero,HLA-A*69:01,pearson_log,-0.2023564783091505,9,9,False
baseline_plus_conditional_mean_logp,leave_one_allele_out,mse,nonzero,HLA-A*69:01,auc_gt_2h,0.125,9,9,False
baseline_plus_conditional_mean_logp,leave_one_allele_out,mse,nonzero,HLA-A*74:01,spearman,-0.12631656704805072,12,12,False
baseline_plus_conditional_mean_logp,leave_one_allele_out,mse,nonzero,HLA-A*74:01,pearson_log,-0.12398609582577773,12,12,False
baseline_plus_conditional_mean_logp,leave_one_allele_out,mse,nonzero,HLA-A*74:01,auc_gt_2h,0.4285714285714286,12,12,False
baseline_plus_conditional_mean_logp,leave_one_allele_out,mse,nonzero,HLA-A*80:01,spearman,0.8257228238447705,10,10,False
baseline_plus_conditional_mean_logp,leave_one_allele_out,mse,nonzero,HLA-A*80:01,pearson_log,0.6127124629932048,10,10,False
baseline_plus_conditional_mean_logp,leave_one_allele_out,mse,nonzero,HLA-A*80:01,auc_gt_2h,0.75,10,10,False
baseline_plus_conditional_mean_logp,leave_one_allele_out,mse,nonzero,HLA-B*07:02,spearman,-0.17427802647524523,13,13,False
baseline_plus_conditional_mean_logp,leave_one_allele_out,mse,nonzero,HLA-B*07:02,pearson_log,-0.09142139321476764,13,13,False
baseline_plus_conditional_mean_logp,leave_one_allele_out,mse,nonzero,HLA-B*07:02,auc_gt_2h,0.5238095238095238,13,13,False
baseline_plus_conditional_mean_logp,leave_one_allele_out,mse,nonzero,HLA-B*08:01,spearman,-0.12884405501936824,10,10,False
baseline_plus_conditional_mean_logp,leave_one_allele_out,mse,nonzero,HLA-B*08:01,pearson_log,-0.011814493019727257,10,10,False
baseline_plus_conditional_mean_logp,leave_one_allele_out,mse,nonzero,HLA-B*08:01,auc_gt_2h,,10,10,False
baseline_plus_conditional_mean_logp,leave_one_allele_out,mse,nonzero,HLA-B*08:03,spearman,0.05085476277156078,9,9,False
baseline_plus_conditional_mean_logp,leave_one_allele_out,mse,nonzero,HLA-B*08:03,pearson_log,0.05370265238942523,9,9,False
baseline_plus_conditional_mean_logp,leave_one_allele_out,mse,nonzero,HLA-B*08:03,auc_gt_2h,0.49999999999999994,9,9,False
baseline_plus_conditional_mean_logp,leave_one_allele_out,mse,nonzero,HLA-B*13:02,spearman,0.19999999999999998,4,4,False
baseline_plus_conditional_mean_logp,leave_one_allele_out,mse,nonzero,HLA-B*13:02,pearson_log,0.10775758278189364,4,4,False
baseline_plus_conditional_mean_logp,leave_one_allele_out,mse,nonzero,HLA-B*13:02,auc_gt_2h,0.3333333333333333,4,4,False
baseline_plus_conditional_mean_logp,leave_one_allele_out,mse,nonzero,HLA-B*14:01(C67S),spearman,,1,1,True
baseline_plus_conditional_mean_logp,leave_one_allele_out,mse,nonzero,HLA-B*14:01(C67S),pearson_log,,1,1,True
baseline_plus_conditional_mean_logp,leave_one_allele_out,mse,nonzero,HLA-B*14:01(C67S),auc_gt_2h,,1,1,True
baseline_plus_conditional_mean_logp,leave_one_allele_out,mse,nonzero,HLA-B*14:02(C67S),spearman,0.6,5,5,False
baseline_plus_conditional_mean_logp,leave_one_allele_out,mse,nonzero,HLA-B*14:02(C67S),pearson_log,0.4192221926968266,5,5,False
baseline_plus_conditional_mean_logp,leave_one_allele_out,mse,nonzero,HLA-B*14:02(C67S),auc_gt_2h,0.5,5,5,False
baseline_plus_conditional_mean_logp,leave_one_allele_out,mse,nonzero,HLA-B*15:01,spearman,0.17272727272727276,11,11,False
baseline_plus_conditional_mean_logp,leave_one_allele_out,mse,nonzero,HLA-B*15:01,pearson_log,-0.15313568391644256,11,11,False
baseline_plus_conditional_mean_logp,leave_one_allele_out,mse,nonzero,HLA-B*15:01,auc_gt_2h,0.5,11,11,False
baseline_plus_conditional_mean_logp,leave_one_allele_out,mse,nonzero,HLA-B*15:02,spearman,0.5952380952380953,8,8,False
baseline_plus_conditional_mean_logp,leave_one_allele_out,mse,nonzero,HLA-B*15:02,pearson_log,0.7067439942310845,8,8,False
baseline_plus_conditional_mean_logp,leave_one_allele_out,mse,nonzero,HLA-B*15:02,auc_gt_2h,0.8666666666666667,8,8,False
baseline_plus_conditional_mean_logp,leave_one_allele_out,mse,nonzero,HLA-B*15:10,spearman,0.11558686727582713,12,12,False
baseline_plus_conditional_mean_logp,leave_one_allele_out,mse,nonzero,HLA-B*15:10,pearson_log,0.1852604492473029,12,12,False
baseline_plus_conditional_mean_logp,leave_one_allele_out,mse,nonzero,HLA-B*15:10,auc_gt_2h,0.5,12,12,False
baseline_plus_conditional_mean_logp,leave_one_allele_out,mse,nonzero,HLA-B*15:17,spearman,0.22561395032806852,10,10,False
baseline_plus_conditional_mean_logp,leave_one_allele_out,mse,nonzero,HLA-B*15:17,pearson_log,0.19147523025574825,10,10,False
baseline_plus_conditional_mean_logp,leave_one_allele_out,mse,nonzero,HLA-B*15:17,auc_gt_2h,0.47619047619047616,10,10,False
baseline_plus_conditional_mean_logp,leave_one_allele_out,mse,nonzero,HLA-B*18:01,spearman,-0.10729033533674225,13,13,False
baseline_plus_conditional_mean_logp,leave_one_allele_out,mse,nonzero,HLA-B*18:01,pearson_log,-0.08164327051423897,13,13,False
baseline_plus_conditional_mean_logp,leave_one_allele_out,mse,nonzero,HLA-B*18:01,auc_gt_2h,0.30952380952380953,13,13,False
baseline_plus_conditional_mean_logp,leave_one_allele_out,mse,nonzero,HLA-B*27:02,spearman,0.2568915451961508,11,11,False
baseline_plus_conditional_mean_logp,leave_one_allele_out,mse,nonzero,HLA-B*27:02,pearson_log,0.3990808260695975,11,11,False
baseline_plus_conditional_mean_logp,leave_one_allele_out,mse,nonzero,HLA-B*27:02,auc_gt_2h,0.7857142857142857,11,11,False
baseline_plus_conditional_mean_logp,leave_one_allele_out,mse,nonzero,HLA-B*27:03,spearman,-0.25941649671427414,9,9,False
baseline_plus_conditional_mean_logp,leave_one_allele_out,mse,nonzero,HLA-B*27:03,pearson_log,-0.09336991747668502,9,9,False
baseline_plus_conditional_mean_logp,leave_one_allele_out,mse,nonzero,HLA-B*27:03,auc_gt_2h,0.55,9,9,False
baseline_plus_conditional_mean_logp,leave_one_allele_out,mse,nonzero,HLA-B*27:05,spearman,0.03653006119817785,11,11,False
baseline_plus_conditional_mean_logp,leave_one_allele_out,mse,nonzero,HLA-B*27:05,pearson_log,0.09795476278653578,11,11,False
baseline_plus_conditional_mean_logp,leave_one_allele_out,mse,nonzero,HLA-B*27:05,auc_gt_2h,0.5,11,11,False
baseline_plus_conditional_mean_logp,leave_one_allele_out,mse,nonzero,HLA-B*27:20,spearman,-0.2687934080711411,11,11,False
baseline_plus_conditional_mean_logp,leave_one_allele_out,mse,nonzero,HLA-B*27:20,pearson_log,-0.20107053757748114,11,11,False
baseline_plus_conditional_mean_logp,leave_one_allele_out,mse,nonzero,HLA-B*27:20,auc_gt_2h,0.3928571428571429,11,11,False
baseline_plus_conditional_mean_logp,leave_one_allele_out,mse,nonzero,HLA-B*35:01,spearman,0.4937281711658766,9,9,False
baseline_plus_conditional_mean_logp,leave_one_allele_out,mse,nonzero,HLA-B*35:01,pearson_log,0.3575544500121373,9,9,False
baseline_plus_conditional_mean_logp,leave_one_allele_out,mse,nonzero,HLA-B*35:01,auc_gt_2h,0.7777777777777778,9,9,False
baseline_plus_conditional_mean_logp,leave_one_allele_out,mse,nonzero,HLA-B*35:03,spearman,0.2666683082125515,12,12,False
baseline_plus_conditional_mean_logp,leave_one_allele_out,mse,nonzero,HLA-B*35:03,pearson_log,0.10296072414630456,12,12,False
baseline_plus_conditional_mean_logp,leave_one_allele_out,mse,nonzero,HLA-B*35:03,auc_gt_2h,0.5428571428571428,12,12,False
baseline_plus_conditional_mean_logp,leave_one_allele_out,mse,nonzero,HLA-B*35:08,spearman,0.03678403918973623,11,11,False
baseline_plus_conditional_mean_logp,leave_one_allele_out,mse,nonzero,HLA-B*35:08,pearson_log,0.10594148434012304,11,11,False
baseline_plus_conditional_mean_logp,leave_one_allele_out,mse,nonzero,HLA-B*35:08,auc_gt_2h,0.5,11,11,False
baseline_plus_conditional_mean_logp,leave_one_allele_out,mse,nonzero,HLA-B*39:01,spearman,0.3379781783072062,11,11,False
baseline_plus_conditional_mean_logp,leave_one_allele_out,mse,nonzero,HLA-B*39:01,pearson_log,0.7428469821582371,11,11,False
baseline_plus_conditional_mean_logp,leave_one_allele_out,mse,nonzero,HLA-B*39:01,auc_gt_2h,0.9444444444444444,11,11,False
baseline_plus_conditional_mean_logp,leave_one_allele_out,mse,nonzero,HLA-B*39:02,spearman,0.05085476277156078,9,9,False
baseline_plus_conditional_mean_logp,leave_one_allele_out,mse,nonzero,HLA-B*39:02,pearson_log,-0.03150747386166196,9,9,False
baseline_plus_conditional_mean_logp,leave_one_allele_out,mse,nonzero,HLA-B*39:02,auc_gt_2h,0.5714285714285714,9,9,False
baseline_plus_conditional_mean_logp,leave_one_allele_out,mse,nonzero,HLA-B*39:06(C67S),spearman,,1,1,True
baseline_plus_conditional_mean_logp,leave_one_allele_out,mse,nonzero,HLA-B*39:06(C67S),pearson_log,,1,1,True
baseline_plus_conditional_mean_logp,leave_one_allele_out,mse,nonzero,HLA-B*39:06(C67S),auc_gt_2h,,1,1,True
baseline_plus_conditional_mean_logp,leave_one_allele_out,mse,nonzero,HLA-B*39:10,spearman,-0.16363636363636366,11,11,False
baseline_plus_conditional_mean_logp,leave_one_allele_out,mse,nonzero,HLA-B*39:10,pearson_log,-0.17265729420356407,11,11,False
baseline_plus_conditional_mean_logp,leave_one_allele_out,mse,nonzero,HLA-B*39:10,auc_gt_2h,0.3,11,11,False
baseline_plus_conditional_mean_logp,leave_one_allele_out,mse,nonzero,HLA-B*40:01,spearman,-0.2561419276252139,12,12,False
baseline_plus_conditional_mean_logp,leave_one_allele_out,mse,nonzero,HLA-B*40:01,pearson_log,-0.32940574928971705,12,12,False
baseline_plus_conditional_mean_logp,leave_one_allele_out,mse,nonzero,HLA-B*40:01,auc_gt_2h,0.8181818181818181,12,12,False
baseline_plus_conditional_mean_logp,leave_one_allele_out,mse,nonzero,HLA-B*40:02,spearman,0.576923076923077,13,13,False
baseline_plus_conditional_mean_logp,leave_one_allele_out,mse,nonzero,HLA-B*40:02,pearson_log,0.5231504076277214,13,13,False
baseline_plus_conditional_mean_logp,leave_one_allele_out,mse,nonzero,HLA-B*40:02,auc_gt_2h,0.8666666666666667,13,13,False
baseline_plus_conditional_mean_logp,leave_one_allele_out,mse,nonzero,HLA-B*41:01,spearman,-0.15179418517972906,6,6,False
baseline_plus_conditional_mean_logp,leave_one_allele_out,mse,nonzero,HLA-B*41:01,pearson_log,-0.021810224615540524,6,6,False
baseline_plus_conditional_mean_logp,leave_one_allele_out,mse,nonzero,HLA-B*41:01,auc_gt_2h,,6,6,False
baseline_plus_conditional_mean_logp,leave_one_allele_out,mse,nonzero,HLA-B*42:01,spearman,-0.39860139860139865,12,12,False
baseline_plus_conditional_mean_logp,leave_one_allele_out,mse,nonzero,HLA-B*42:01,pearson_log,-0.07703006274975499,12,12,False
baseline_plus_conditional_mean_logp,leave_one_allele_out,mse,nonzero,HLA-B*42:01,auc_gt_2h,0.18181818181818182,12,12,False
baseline_plus_conditional_mean_logp,leave_one_allele_out,mse,nonzero,HLA-B*42:02,spearman,-0.33713071520787186,11,11,False
baseline_plus_conditional_mean_logp,leave_one_allele_out,mse,nonzero,HLA-B*42:02,pearson_log,-0.4563817942780124,11,11,False
baseline_plus_conditional_mean_logp,leave_one_allele_out,mse,nonzero,HLA-B*42:02,auc_gt_2h,0.4,11,11,False
baseline_plus_conditional_mean_logp,leave_one_allele_out,mse,nonzero,HLA-B*44:05,spearman,-0.024561554703787635,12,12,False
baseline_plus_conditional_mean_logp,leave_one_allele_out,mse,nonzero,HLA-B*44:05,pearson_log,-0.07951210879957604,12,12,False
baseline_plus_conditional_mean_logp,leave_one_allele_out,mse,nonzero,HLA-B*44:05,auc_gt_2h,0.65,12,12,False
baseline_plus_conditional_mean_logp,leave_one_allele_out,mse,nonzero,HLA-B*45:01,spearman,0.0,3,3,False
baseline_plus_conditional_mean_logp,leave_one_allele_out,mse,nonzero,HLA-B*45:01,pearson_log,0.11006070561011062,3,3,False
baseline_plus_conditional_mean_logp,leave_one_allele_out,mse,nonzero,HLA-B*45:01,auc_gt_2h,0.5,3,3,False
baseline_plus_conditional_mean_logp,leave_one_allele_out,mse,nonzero,HLA-B*46:01,spearman,-0.39285714285714296,7,7,False
baseline_plus_conditional_mean_logp,leave_one_allele_out,mse,nonzero,HLA-B*46:01,pearson_log,-0.3651445984912479,7,7,False
baseline_plus_conditional_mean_logp,leave_one_allele_out,mse,nonzero,HLA-B*46:01,auc_gt_2h,0.6,7,7,False
baseline_plus_conditional_mean_logp,leave_one_allele_out,mse,nonzero,HLA-B*51:01,spearman,0.19999999999999998,4,4,False
baseline_plus_conditional_mean_logp,leave_one_allele_out,mse,nonzero,HLA-B*51:01,pearson_log,0.6215197673729188,4,4,False
baseline_plus_conditional_mean_logp,leave_one_allele_out,mse,nonzero,HLA-B*51:01,auc_gt_2h,,4,4,False
baseline_plus_conditional_mean_logp,leave_one_allele_out,mse,nonzero,HLA-B*54:01,spearman,0.2380952380952381,8,8,False
baseline_plus_conditional_mean_logp,leave_one_allele_out,mse,nonzero,HLA-B*54:01,pearson_log,0.46631195822813837,8,8,False
baseline_plus_conditional_mean_logp,leave_one_allele_out,mse,nonzero,HLA-B*54:01,auc_gt_2h,0.9166666666666667,8,8,False
baseline_plus_conditional_mean_logp,leave_one_allele_out,mse,nonzero,HLA-B*55:01,spearman,-1.0,3,3,False
baseline_plus_conditional_mean_logp,leave_one_allele_out,mse,nonzero,HLA-B*55:01,pearson_log,-0.9992338377902918,3,3,False
baseline_plus_conditional_mean_logp,leave_one_allele_out,mse,nonzero,HLA-B*55:01,auc_gt_2h,0.0,3,3,False
baseline_plus_conditional_mean_logp,leave_one_allele_out,mse,nonzero,HLA-B*56:01,spearman,-0.4337664234406919,8,8,False
baseline_plus_conditional_mean_logp,leave_one_allele_out,mse,nonzero,HLA-B*56:01,pearson_log,-0.5691986081154597,8,8,False
baseline_plus_conditional_mean_logp,leave_one_allele_out,mse,nonzero,HLA-B*56:01,auc_gt_2h,,8,8,False
baseline_plus_conditional_mean_logp,leave_one_allele_out,mse,nonzero,HLA-B*57:01,spearman,-0.1331000289842858,12,12,False
baseline_plus_conditional_mean_logp,leave_one_allele_out,mse,nonzero,HLA-B*57:01,pearson_log,-0.22545365958769514,12,12,False
baseline_plus_conditional_mean_logp,leave_one_allele_out,mse,nonzero,HLA-B*57:01,auc_gt_2h,,12,12,False
baseline_plus_conditional_mean_logp,leave_one_allele_out,mse,nonzero,HLA-B*57:02,spearman,-0.1903464571942431,13,13,False
baseline_plus_conditional_mean_logp,leave_one_allele_out,mse,nonzero,HLA-B*57:02,pearson_log,-0.29280956269653385,13,13,False
baseline_plus_conditional_mean_logp,leave_one_allele_out,mse,nonzero,HLA-B*57:02,auc_gt_2h,0.13636363636363635,13,13,False
baseline_plus_conditional_mean_logp,leave_one_allele_out,mse,nonzero,HLA-B*57:03,spearman,0.4450549450549451,13,13,False
baseline_plus_conditional_mean_logp,leave_one_allele_out,mse,nonzero,HLA-B*57:03,pearson_log,0.26387784215646864,13,13,False
baseline_plus_conditional_mean_logp,leave_one_allele_out,mse,nonzero,HLA-B*57:03,auc_gt_2h,0.5666666666666667,13,13,False
baseline_plus_conditional_mean_logp,leave_one_allele_out,mse,nonzero,HLA-B*58:01,spearman,0.3082316460688724,12,12,False
baseline_plus_conditional_mean_logp,leave_one_allele_out,mse,nonzero,HLA-B*58:01,pearson_log,0.14481771212881417,12,12,False
baseline_plus_conditional_mean_logp,leave_one_allele_out,mse,nonzero,HLA-B*58:01,auc_gt_2h,0.6857142857142858,12,12,False
baseline_plus_conditional_mean_logp,leave_one_allele_out,mse,nonzero,HLA-B*81:01,spearman,0.04608735379818358,11,11,False
baseline_plus_conditional_mean_logp,leave_one_allele_out,mse,nonzero,HLA-B*81:01,pearson_log,-0.004720208532326409,11,11,False
baseline_plus_conditional_mean_logp,leave_one_allele_out,mse,nonzero,HLA-B*81:01,auc_gt_2h,0.4,11,11,False
baseline_plus_conditional_mean_logp,peptide_disjoint,mse,all,HLA-A*01:01,spearman,,2,2,False
baseline_plus_conditional_mean_logp,peptide_disjoint,mse,all,HLA-A*01:01,pearson_log,,2,2,False
baseline_plus_conditional_mean_logp,peptide_disjoint,mse,all,HLA-A*01:01,auc_gt_2h,1.0,2,2,False
baseline_plus_conditional_mean_logp,peptide_disjoint,mse,all,HLA-A*02:01,spearman,0.5,3,3,False
baseline_plus_conditional_mean_logp,peptide_disjoint,mse,all,HLA-A*02:01,pearson_log,-0.2620025193101187,3,3,False
baseline_plus_conditional_mean_logp,peptide_disjoint,mse,all,HLA-A*02:01,auc_gt_2h,,3,3,False
baseline_plus_conditional_mean_logp,peptide_disjoint,mse,all,HLA-A*02:03,spearman,,2,2,False
baseline_plus_conditional_mean_logp,peptide_disjoint,mse,all,HLA-A*02:03,pearson_log,,2,2,False
baseline_plus_conditional_mean_logp,peptide_disjoint,mse,all,HLA-A*02:03,auc_gt_2h,0.0,2,2,False
baseline_plus_conditional_mean_logp,peptide_disjoint,mse,all,HLA-A*02:05,spearman,0.0,5,5,False
baseline_plus_conditional_mean_logp,peptide_disjoint,mse,all,HLA-A*02:05,pearson_log,-0.2417205338989995,5,5,False
baseline_plus_conditional_mean_logp,peptide_disjoint,mse,all,HLA-A*02:05,auc_gt_2h,0.3333333333333333,5,5,False
baseline_plus_conditional_mean_logp,peptide_disjoint,mse,all,HLA-A*02:10,spearman,,2,2,False
baseline_plus_conditional_mean_logp,peptide_disjoint,mse,all,HLA-A*02:10,pearson_log,,2,2,False
baseline_plus_conditional_mean_logp,peptide_disjoint,mse,all,HLA-A*02:10,auc_gt_2h,1.0,2,2,False
baseline_plus_conditional_mean_logp,peptide_disjoint,mse,all,HLA-A*02:11,spearman,,2,2,False
baseline_plus_conditional_mean_logp,peptide_disjoint,mse,all,HLA-A*02:11,pearson_log,,2,2,False
baseline_plus_conditional_mean_logp,peptide_disjoint,mse,all,HLA-A*02:11,auc_gt_2h,,2,2,False
baseline_plus_conditional_mean_logp,peptide_disjoint,mse,all,HLA-A*02:12,spearman,0.7999999999999999,4,4,False
baseline_plus_conditional_mean_logp,peptide_disjoint,mse,all,HLA-A*02:12,pearson_log,0.9268861161642483,4,4,False
baseline_plus_conditional_mean_logp,peptide_disjoint,mse,all,HLA-A*02:12,auc_gt_2h,1.0,4,4,False
baseline_plus_conditional_mean_logp,peptide_disjoint,mse,all,HLA-A*02:19,spearman,0.49999999999999994,5,5,False
baseline_plus_conditional_mean_logp,peptide_disjoint,mse,all,HLA-A*02:19,pearson_log,0.35468447159315497,5,5,False
baseline_plus_conditional_mean_logp,peptide_disjoint,mse,all,HLA-A*02:19,auc_gt_2h,0.75,5,5,False
baseline_plus_conditional_mean_logp,peptide_disjoint,mse,all,HLA-A*02:50,spearman,0.7999999999999999,4,4,False
baseline_plus_conditional_mean_logp,peptide_disjoint,mse,all,HLA-A*02:50,pearson_log,0.9153052672675813,4,4,False
baseline_plus_conditional_mean_logp,peptide_disjoint,mse,all,HLA-A*02:50,auc_gt_2h,,4,4,False
baseline_plus_conditional_mean_logp,peptide_disjoint,mse,all,HLA-A*03:01,spearman,0.7,5,5,False
baseline_plus_conditional_mean_logp,peptide_disjoint,mse,all,HLA-A*03:01,pearson_log,0.5971511079218988,5,5,False
baseline_plus_conditional_mean_logp,peptide_disjoint,mse,all,HLA-A*03:01,auc_gt_2h,1.0,5,5,False
baseline_plus_conditional_mean_logp,peptide_disjoint,mse,all,HLA-A*11:01,spearman,,1,1,True
baseline_plus_conditional_mean_logp,peptide_disjoint,mse,all,HLA-A*11:01,pearson_log,,1,1,True
baseline_plus_conditional_mean_logp,peptide_disjoint,mse,all,HLA-A*11:01,auc_gt_2h,,1,1,True
baseline_plus_conditional_mean_logp,peptide_disjoint,mse,all,HLA-A*23:01,spearman,,2,2,False
baseline_plus_conditional_mean_logp,peptide_disjoint,mse,all,HLA-A*23:01,pearson_log,,2,2,False
baseline_plus_conditional_mean_logp,peptide_disjoint,mse,all,HLA-A*23:01,auc_gt_2h,0.0,2,2,False
baseline_plus_conditional_mean_logp,peptide_disjoint,mse,all,HLA-A*24:02,spearman,0.6000000000000001,4,4,False
baseline_plus_conditional_mean_logp,peptide_disjoint,mse,all,HLA-A*24:02,pearson_log,0.39677029447161205,4,4,False
baseline_plus_conditional_mean_logp,peptide_disjoint,mse,all,HLA-A*24:02,auc_gt_2h,1.0,4,4,False
baseline_plus_conditional_mean_logp,peptide_disjoint,mse,all,HLA-A*24:03,spearman,,2,2,False
baseline_plus_conditional_mean_logp,peptide_disjoint,mse,all,HLA-A*24:03,pearson_log,,2,2,False
baseline_plus_conditional_mean_logp,peptide_disjoint,mse,all,HLA-A*24:03,auc_gt_2h,,2,2,False
baseline_plus_conditional_mean_logp,peptide_disjoint,mse,all,HLA-A*24:07,spearman,,2,2,False
baseline_plus_conditional_mean_logp,peptide_disjoint,mse,all,HLA-A*24:07,pearson_log,,2,2,False
baseline_plus_conditional_mean_logp,peptide_disjoint,mse,all,HLA-A*24:07,auc_gt_2h,0.0,2,2,False
baseline_plus_conditional_mean_logp,peptide_disjoint,mse,all,HLA-A*24:19,spearman,1.0,3,3,False
baseline_plus_conditional_mean_logp,peptide_disjoint,mse,all,HLA-A*24:19,pearson_log,0.8517963747011824,3,3,False
baseline_plus_conditional_mean_logp,peptide_disjoint,mse,all,HLA-A*24:19,auc_gt_2h,,3,3,False
baseline_plus_conditional_mean_logp,peptide_disjoint,mse,all,HLA-A*25:01,spearman,,1,1,True
baseline_plus_conditional_mean_logp,peptide_disjoint,mse,all,HLA-A*25:01,pearson_log,,1,1,True
baseline_plus_conditional_mean_logp,peptide_disjoint,mse,all,HLA-A*25:01,auc_gt_2h,,1,1,True
baseline_plus_conditional_mean_logp,peptide_disjoint,mse,all,HLA-A*26:01,spearman,-0.5,3,3,False
baseline_plus_conditional_mean_logp,peptide_disjoint,mse,all,HLA-A*26:01,pearson_log,-0.6501412767850071,3,3,False
baseline_plus_conditional_mean_logp,peptide_disjoint,mse,all,HLA-A*26:01,auc_gt_2h,,3,3,False
baseline_plus_conditional_mean_logp,peptide_disjoint,mse,all,HLA-A*26:02,spearman,,2,2,False
baseline_plus_conditional_mean_logp,peptide_disjoint,mse,all,HLA-A*26:02,pearson_log,,2,2,False
baseline_plus_conditional_mean_logp,peptide_disjoint,mse,all,HLA-A*26:02,auc_gt_2h,,2,2,False
baseline_plus_conditional_mean_logp,peptide_disjoint,mse,all,HLA-A*26:03,spearman,,1,1,True
baseline_plus_conditional_mean_logp,peptide_disjoint,mse,all,HLA-A*26:03,pearson_log,,1,1,True
baseline_plus_conditional_mean_logp,peptide_disjoint,mse,all,HLA-A*26:03,auc_gt_2h,,1,1,True
baseline_plus_conditional_mean_logp,peptide_disjoint,mse,all,HLA-A*29:02,spearman,0.49999999999999994,5,5,False
baseline_plus_conditional_mean_logp,peptide_disjoint,mse,all,HLA-A*29:02,pearson_log,0.5711267037667177,5,5,False
baseline_plus_conditional_mean_logp,peptide_disjoint,mse,all,HLA-A*29:02,auc_gt_2h,0.5,5,5,False
baseline_plus_conditional_mean_logp,peptide_disjoint,mse,all,HLA-A*30:01,spearman,,2,2,False
baseline_plus_conditional_mean_logp,peptide_disjoint,mse,all,HLA-A*30:01,pearson_log,,2,2,False
baseline_plus_conditional_mean_logp,peptide_disjoint,mse,all,HLA-A*30:01,auc_gt_2h,,2,2,False
baseline_plus_conditional_mean_logp,peptide_disjoint,mse,all,HLA-A*30:02,spearman,,2,2,False
baseline_plus_conditional_mean_logp,peptide_disjoint,mse,all,HLA-A*30:02,pearson_log,,2,2,False
baseline_plus_conditional_mean_logp,peptide_disjoint,mse,all,HLA-A*30:02,auc_gt_2h,0.0,2,2,False
baseline_plus_conditional_mean_logp,peptide_disjoint,mse,all,HLA-A*31:01,spearman,0.8660254037844387,3,3,False
baseline_plus_conditional_mean_logp,peptide_disjoint,mse,all,HLA-A*31:01,pearson_log,0.999428878906961,3,3,False
baseline_plus_conditional_mean_logp,peptide_disjoint,mse,all,HLA-A*31:01,auc_gt_2h,,3,3,False
baseline_plus_conditional_mean_logp,peptide_disjoint,mse,all,HLA-A*32:01,spearman,-1.0,3,3,False
baseline_plus_conditional_mean_logp,peptide_disjoint,mse,all,HLA-A*32:01,pearson_log,-0.9268110185823095,3,3,False
baseline_plus_conditional_mean_logp,peptide_disjoint,mse,all,HLA-A*32:01,auc_gt_2h,0.0,3,3,False
baseline_plus_conditional_mean_logp,peptide_disjoint,mse,all,HLA-A*32:07,spearman,0.5,3,3,False
baseline_plus_conditional_mean_logp,peptide_disjoint,mse,all,HLA-A*32:07,pearson_log,0.38026859648901323,3,3,False
baseline_plus_conditional_mean_logp,peptide_disjoint,mse,all,HLA-A*32:07,auc_gt_2h,1.0,3,3,False
baseline_plus_conditional_mean_logp,peptide_disjoint,mse,all,HLA-A*33:03,spearman,,2,2,False
baseline_plus_conditional_mean_logp,peptide_disjoint,mse,all,HLA-A*33:03,pearson_log,,2,2,False
baseline_plus_conditional_mean_logp,peptide_disjoint,mse,all,HLA-A*33:03,auc_gt_2h,1.0,2,2,False
baseline_plus_conditional_mean_logp,peptide_disjoint,mse,all,HLA-A*43:01,spearman,0.23190841426097936,6,6,False
baseline_plus_conditional_mean_logp,peptide_disjoint,mse,all,HLA-A*43:01,pearson_log,0.43421498311143536,6,6,False
baseline_plus_conditional_mean_logp,peptide_disjoint,mse,all,HLA-A*43:01,auc_gt_2h,0.6,6,6,False
baseline_plus_conditional_mean_logp,peptide_disjoint,mse,all,HLA-A*66:01,spearman,,1,1,True
baseline_plus_conditional_mean_logp,peptide_disjoint,mse,all,HLA-A*66:01,pearson_log,,1,1,True
baseline_plus_conditional_mean_logp,peptide_disjoint,mse,all,HLA-A*66:01,auc_gt_2h,,1,1,True
baseline_plus_conditional_mean_logp,peptide_disjoint,mse,all,HLA-A*68:01,spearman,-0.5642880936468347,5,5,False
baseline_plus_conditional_mean_logp,peptide_disjoint,mse,all,HLA-A*68:01,pearson_log,-0.48522447655587675,5,5,False
baseline_plus_conditional_mean_logp,peptide_disjoint,mse,all,HLA-A*68:01,auc_gt_2h,0.0,5,5,False
baseline_plus_conditional_mean_logp,peptide_disjoint,mse,all,HLA-A*68:02,spearman,0.7,5,5,False
baseline_plus_conditional_mean_logp,peptide_disjoint,mse,all,HLA-A*68:02,pearson_log,0.549787827530066,5,5,False
baseline_plus_conditional_mean_logp,peptide_disjoint,mse,all,HLA-A*68:02,auc_gt_2h,,5,5,False
baseline_plus_conditional_mean_logp,peptide_disjoint,mse,all,HLA-A*68:23,spearman,-0.9486832980505139,4,4,False
baseline_plus_conditional_mean_logp,peptide_disjoint,mse,all,HLA-A*68:23,pearson_log,-0.996502858933767,4,4,False
baseline_plus_conditional_mean_logp,peptide_disjoint,mse,all,HLA-A*68:23,auc_gt_2h,,4,4,False
baseline_plus_conditional_mean_logp,peptide_disjoint,mse,all,HLA-A*69:01,spearman,0.5642880936468347,5,5,False
baseline_plus_conditional_mean_logp,peptide_disjoint,mse,all,HLA-A*69:01,pearson_log,0.35458850452972024,5,5,False
baseline_plus_conditional_mean_logp,peptide_disjoint,mse,all,HLA-A*69:01,auc_gt_2h,,5,5,False
baseline_plus_conditional_mean_logp,peptide_disjoint,mse,all,HLA-A*74:01,spearman,,1,1,True
baseline_plus_conditional_mean_logp,peptide_disjoint,mse,all,HLA-A*74:01,pearson_log,,1,1,True
baseline_plus_conditional_mean_logp,peptide_disjoint,mse,all,HLA-A*74:01,auc_gt_2h,,1,1,True
baseline_plus_conditional_mean_logp,peptide_disjoint,mse,all,HLA-A*80:01,spearman,,2,2,False
baseline_plus_conditional_mean_logp,peptide_disjoint,mse,all,HLA-A*80:01,pearson_log,,2,2,False
baseline_plus_conditional_mean_logp,peptide_disjoint,mse,all,HLA-A*80:01,auc_gt_2h,,2,2,False
baseline_plus_conditional_mean_logp,peptide_disjoint,mse,all,HLA-B*07:02,spearman,0.0,5,5,False
baseline_plus_conditional_mean_logp,peptide_disjoint,mse,all,HLA-B*07:02,pearson_log,0.13793529304574073,5,5,False
baseline_plus_conditional_mean_logp,peptide_disjoint,mse,all,HLA-B*07:02,auc_gt_2h,0.6666666666666666,5,5,False
baseline_plus_conditional_mean_logp,peptide_disjoint,mse,all,HLA-B*08:01,spearman,,2,2,False
baseline_plus_conditional_mean_logp,peptide_disjoint,mse,all,HLA-B*08:01,pearson_log,,2,2,False
baseline_plus_conditional_mean_logp,peptide_disjoint,mse,all,HLA-B*08:01,auc_gt_2h,,2,2,False
baseline_plus_conditional_mean_logp,peptide_disjoint,mse,all,HLA-B*08:03,spearman,,2,2,False
baseline_plus_conditional_mean_logp,peptide_disjoint,mse,all,HLA-B*08:03,pearson_log,,2,2,False
baseline_plus_conditional_mean_logp,peptide_disjoint,mse,all,HLA-B*08:03,auc_gt_2h,0.0,2,2,False
baseline_plus_conditional_mean_logp,peptide_disjoint,mse,all,HLA-B*13:02,spearman,,2,2,False
baseline_plus_conditional_mean_logp,peptide_disjoint,mse,all,HLA-B*13:02,pearson_log,,2,2,False
baseline_plus_conditional_mean_logp,peptide_disjoint,mse,all,HLA-B*13:02,auc_gt_2h,1.0,2,2,False
baseline_plus_conditional_mean_logp,peptide_disjoint,mse,all,HLA-B*14:01(C67S),spearman,,1,1,True
baseline_plus_conditional_mean_logp,peptide_disjoint,mse,all,HLA-B*14:01(C67S),pearson_log,,1,1,True
baseline_plus_conditional_mean_logp,peptide_disjoint,mse,all,HLA-B*14:01(C67S),auc_gt_2h,,1,1,True
baseline_plus_conditional_mean_logp,peptide_disjoint,mse,all,HLA-B*14:02(C67S),spearman,,1,1,True
baseline_plus_conditional_mean_logp,peptide_disjoint,mse,all,HLA-B*14:02(C67S),pearson_log,,1,1,True
baseline_plus_conditional_mean_logp,peptide_disjoint,mse,all,HLA-B*14:02(C67S),auc_gt_2h,,1,1,True
baseline_plus_conditional_mean_logp,peptide_disjoint,mse,all,HLA-B*15:01,spearman,-0.7999999999999999,4,4,False
baseline_plus_conditional_mean_logp,peptide_disjoint,mse,all,HLA-B*15:01,pearson_log,-0.9610006846548325,4,4,False
baseline_plus_conditional_mean_logp,peptide_disjoint,mse,all,HLA-B*15:01,auc_gt_2h,0.0,4,4,False
baseline_plus_conditional_mean_logp,peptide_disjoint,mse,all,HLA-B*15:10,spearman,,2,2,False
baseline_plus_conditional_mean_logp,peptide_disjoint,mse,all,HLA-B*15:10,pearson_log,,2,2,False
baseline_plus_conditional_mean_logp,peptide_disjoint,mse,all,HLA-B*15:10,auc_gt_2h,1.0,2,2,False
baseline_plus_conditional_mean_logp,peptide_disjoint,mse,all,HLA-B*18:01,spearman,,2,2,False
baseline_plus_conditional_mean_logp,peptide_disjoint,mse,all,HLA-B*18:01,pearson_log,,2,2,False
baseline_plus_conditional_mean_logp,peptide_disjoint,mse,all,HLA-B*18:01,auc_gt_2h,,2,2,False
baseline_plus_conditional_mean_logp,peptide_disjoint,mse,all,HLA-B*27:02,spearman,0.5,3,3,False
baseline_plus_conditional_mean_logp,peptide_disjoint,mse,all,HLA-B*27:02,pearson_log,0.8729899006737927,3,3,False
baseline_plus_conditional_mean_logp,peptide_disjoint,mse,all,HLA-B*27:02,auc_gt_2h,1.0,3,3,False
baseline_plus_conditional_mean_logp,peptide_disjoint,mse,all,HLA-B*27:03,spearman,1.0,3,3,False
baseline_plus_conditional_mean_logp,peptide_disjoint,mse,all,HLA-B*27:03,pearson_log,0.9999694026904627,3,3,False
baseline_plus_conditional_mean_logp,peptide_disjoint,mse,all,HLA-B*27:03,auc_gt_2h,1.0,3,3,False
baseline_plus_conditional_mean_logp,peptide_disjoint,mse,all,HLA-B*27:05,spearman,,2,2,False
baseline_plus_conditional_mean_logp,peptide_disjoint,mse,all,HLA-B*27:05,pearson_log,,2,2,False
baseline_plus_conditional_mean_logp,peptide_disjoint,mse,all,HLA-B*27:05,auc_gt_2h,,2,2,False
baseline_plus_conditional_mean_logp,peptide_disjoint,mse,all,HLA-B*27:20,spearman,-1.0,3,3,False
baseline_plus_conditional_mean_logp,peptide_disjoint,mse,all,HLA-B*27:20,pearson_log,-0.9917974364034043,3,3,False
baseline_plus_conditional_mean_logp,peptide_disjoint,mse,all,HLA-B*27:20,auc_gt_2h,0.0,3,3,False
baseline_plus_conditional_mean_logp,peptide_disjoint,mse,all,HLA-B*35:01,spearman,,2,2,False
baseline_plus_conditional_mean_logp,peptide_disjoint,mse,all,HLA-B*35:01,pearson_log,,2,2,False
baseline_plus_conditional_mean_logp,peptide_disjoint,mse,all,HLA-B*35:01,auc_gt_2h,0.0,2,2,False
baseline_plus_conditional_mean_logp,peptide_disjoint,mse,all,HLA-B*35:03,spearman,,2,2,False
baseline_plus_conditional_mean_logp,peptide_disjoint,mse,all,HLA-B*35:03,pearson_log,,2,2,False
baseline_plus_conditional_mean_logp,peptide_disjoint,mse,all,HLA-B*35:03,auc_gt_2h,1.0,2,2,False
baseline_plus_conditional_mean_logp,peptide_disjoint,mse,all,HLA-B*35:08,spearman,0.8660254037844387,3,3,False
baseline_plus_conditional_mean_logp,peptide_disjoint,mse,all,HLA-B*35:08,pearson_log,0.9805280721290517,3,3,False
baseline_plus_conditional_mean_logp,peptide_disjoint,mse,all,HLA-B*35:08,auc_gt_2h,1.0,3,3,False
baseline_plus_conditional_mean_logp,peptide_disjoint,mse,all,HLA-B*39:01,spearman,0.35909242322980395,5,5,False
baseline_plus_conditional_mean_logp,peptide_disjoint,mse,all,HLA-B*39:01,pearson_log,0.4690575929158478,5,5,False
baseline_plus_conditional_mean_logp,peptide_disjoint,mse,all,HLA-B*39:01,auc_gt_2h,1.0,5,5,False
baseline_plus_conditional_mean_logp,peptide_disjoint,mse,all,HLA-B*39:02,spearman,,1,1,True
baseline_plus_conditional_mean_logp,peptide_disjoint,mse,all,HLA-B*39:02,pearson_log,,1,1,True
baseline_plus_conditional_mean_logp,peptide_disjoint,mse,all,HLA-B*39:02,auc_gt_2h,,1,1,True
baseline_plus_conditional_mean_logp,peptide_disjoint,mse,all,HLA-B*39:06(C67S),spearman,0.8660254037844387,3,3,False
baseline_plus_conditional_mean_logp,peptide_disjoint,mse,all,HLA-B*39:06(C67S),pearson_log,0.8260459418529555,3,3,False
baseline_plus_conditional_mean_logp,peptide_disjoint,mse,all,HLA-B*39:06(C67S),auc_gt_2h,1.0,3,3,False
baseline_plus_conditional_mean_logp,peptide_disjoint,mse,all,HLA-B*39:10,spearman,,1,1,True
baseline_plus_conditional_mean_logp,peptide_disjoint,mse,all,HLA-B*39:10,pearson_log,,1,1,True
baseline_plus_conditional_mean_logp,peptide_disjoint,mse,all,HLA-B*39:10,auc_gt_2h,,1,1,True
baseline_plus_conditional_mean_logp,peptide_disjoint,mse,all,HLA-B*40:01,spearman,,2,2,False
baseline_plus_conditional_mean_logp,peptide_disjoint,mse,all,HLA-B*40:01,pearson_log,,2,2,False
baseline_plus_conditional_mean_logp,peptide_disjoint,mse,all,HLA-B*40:01,auc_gt_2h,,2,2,False
baseline_plus_conditional_mean_logp,peptide_disjoint,mse,all,HLA-B*40:02,spearman,,2,2,False
baseline_plus_conditional_mean_logp,peptide_disjoint,mse,all,HLA-B*40:02,pearson_log,,2,2,False
baseline_plus_conditional_mean_logp,peptide_disjoint,mse,all,HLA-B*40:02,auc_gt_2h,0.0,2,2,False
baseline_plus_conditional_mean_logp,peptide_disjoint,mse,all,HLA-B*41:01,spearman,0.8660254037844387,3,3,False
baseline_plus_conditional_mean_logp,peptide_disjoint,mse,all,HLA-B*41:01,pearson_log,0.9966093615266718,3,3,False
baseline_plus_conditional_mean_logp,peptide_disjoint,mse,all,HLA-B*41:01,auc_gt_2h,,3,3,False
baseline_plus_conditional_mean_logp,peptide_disjoint,mse,all,HLA-B*42:01,spearman,,1,1,True
baseline_plus_conditional_mean_logp,peptide_disjoint,mse,all,HLA-B*42:01,pearson_log,,1,1,True
baseline_plus_conditional_mean_logp,peptide_disjoint,mse,all,HLA-B*42:01,auc_gt_2h,,1,1,True
baseline_plus_conditional_mean_logp,peptide_disjoint,mse,all,HLA-B*42:02,spearman,-0.5,3,3,False
baseline_plus_conditional_mean_logp,peptide_disjoint,mse,all,HLA-B*42:02,pearson_log,-0.542594004422063,3,3,False
baseline_plus_conditional_mean_logp,peptide_disjoint,mse,all,HLA-B*42:02,auc_gt_2h,0.5,3,3,False
baseline_plus_conditional_mean_logp,peptide_disjoint,mse,all,HLA-B*44:05,spearman,,1,1,True
baseline_plus_conditional_mean_logp,peptide_disjoint,mse,all,HLA-B*44:05,pearson_log,,1,1,True
baseline_plus_conditional_mean_logp,peptide_disjoint,mse,all,HLA-B*44:05,auc_gt_2h,,1,1,True
baseline_plus_conditional_mean_logp,peptide_disjoint,mse,all,HLA-B*45:01,spearman,,2,2,False
baseline_plus_conditional_mean_logp,peptide_disjoint,mse,all,HLA-B*45:01,pearson_log,,2,2,False
baseline_plus_conditional_mean_logp,peptide_disjoint,mse,all,HLA-B*45:01,auc_gt_2h,,2,2,False
baseline_plus_conditional_mean_logp,peptide_disjoint,mse,all,HLA-B*51:01,spearman,,1,1,True
baseline_plus_conditional_mean_logp,peptide_disjoint,mse,all,HLA-B*51:01,pearson_log,,1,1,True
baseline_plus_conditional_mean_logp,peptide_disjoint,mse,all,HLA-B*51:01,auc_gt_2h,,1,1,True
baseline_plus_conditional_mean_logp,peptide_disjoint,mse,all,HLA-B*54:01,spearman,0.6377481392176932,6,6,False
baseline_plus_conditional_mean_logp,peptide_disjoint,mse,all,HLA-B*54:01,pearson_log,0.6989857087080558,6,6,False
baseline_plus_conditional_mean_logp,peptide_disjoint,mse,all,HLA-B*54:01,auc_gt_2h,1.0,6,6,False
baseline_plus_conditional_mean_logp,peptide_disjoint,mse,all,HLA-B*55:01,spearman,,1,1,True
baseline_plus_conditional_mean_logp,peptide_disjoint,mse,all,HLA-B*55:01,pearson_log,,1,1,True
baseline_plus_conditional_mean_logp,peptide_disjoint,mse,all,HLA-B*55:01,auc_gt_2h,,1,1,True
baseline_plus_conditional_mean_logp,peptide_disjoint,mse,all,HLA-B*56:01,spearman,0.8660254037844387,3,3,False
baseline_plus_conditional_mean_logp,peptide_disjoint,mse,all,HLA-B*56:01,pearson_log,0.8140552155610059,3,3,False
baseline_plus_conditional_mean_logp,peptide_disjoint,mse,all,HLA-B*56:01,auc_gt_2h,,3,3,False
baseline_plus_conditional_mean_logp,peptide_disjoint,mse,all,HLA-B*57:01,spearman,,1,1,True
baseline_plus_conditional_mean_logp,peptide_disjoint,mse,all,HLA-B*57:01,pearson_log,,1,1,True
baseline_plus_conditional_mean_logp,peptide_disjoint,mse,all,HLA-B*57:01,auc_gt_2h,,1,1,True
baseline_plus_conditional_mean_logp,peptide_disjoint,mse,all,HLA-B*57:02,spearman,-0.5,3,3,False
baseline_plus_conditional_mean_logp,peptide_disjoint,mse,all,HLA-B*57:02,pearson_log,-0.4980706071662049,3,3,False
baseline_plus_conditional_mean_logp,peptide_disjoint,mse,all,HLA-B*57:02,auc_gt_2h,,3,3,False
baseline_plus_conditional_mean_logp,peptide_disjoint,mse,all,HLA-B*57:03,spearman,,2,2,False
baseline_plus_conditional_mean_logp,peptide_disjoint,mse,all,HLA-B*57:03,pearson_log,,2,2,False
baseline_plus_conditional_mean_logp,peptide_disjoint,mse,all,HLA-B*57:03,auc_gt_2h,0.0,2,2,False
baseline_plus_conditional_mean_logp,peptide_disjoint,mse,all,HLA-B*58:01,spearman,0.8999999999999998,5,5,False
baseline_plus_conditional_mean_logp,peptide_disjoint,mse,all,HLA-B*58:01,pearson_log,0.865365905477292,5,5,False
baseline_plus_conditional_mean_logp,peptide_disjoint,mse,all,HLA-B*58:01,auc_gt_2h,1.0,5,5,False
baseline_plus_conditional_mean_logp,peptide_disjoint,mse,all,HLA-B*81:01,spearman,0.3714285714285715,6,6,False
baseline_plus_conditional_mean_logp,peptide_disjoint,mse,all,HLA-B*81:01,pearson_log,0.8664589033120643,6,6,False
baseline_plus_conditional_mean_logp,peptide_disjoint,mse,all,HLA-B*81:01,auc_gt_2h,,6,6,False
baseline_plus_conditional_mean_logp,peptide_disjoint,mse,nonzero,HLA-A*01:01,spearman,,2,2,False
baseline_plus_conditional_mean_logp,peptide_disjoint,mse,nonzero,HLA-A*01:01,pearson_log,,2,2,False
baseline_plus_conditional_mean_logp,peptide_disjoint,mse,nonzero,HLA-A*01:01,auc_gt_2h,1.0,2,2,False
baseline_plus_conditional_mean_logp,peptide_disjoint,mse,nonzero,HLA-A*02:01,spearman,0.5,3,3,False
baseline_plus_conditional_mean_logp,peptide_disjoint,mse,nonzero,HLA-A*02:01,pearson_log,-0.2620025193101187,3,3,False
baseline_plus_conditional_mean_logp,peptide_disjoint,mse,nonzero,HLA-A*02:01,auc_gt_2h,,3,3,False
baseline_plus_conditional_mean_logp,peptide_disjoint,mse,nonzero,HLA-A*02:03,spearman,,1,1,True
baseline_plus_conditional_mean_logp,peptide_disjoint,mse,nonzero,HLA-A*02:03,pearson_log,,1,1,True
baseline_plus_conditional_mean_logp,peptide_disjoint,mse,nonzero,HLA-A*02:03,auc_gt_2h,,1,1,True
baseline_plus_conditional_mean_logp,peptide_disjoint,mse,nonzero,HLA-A*02:05,spearman,0.0,5,5,False
baseline_plus_conditional_mean_logp,peptide_disjoint,mse,nonzero,HLA-A*02:05,pearson_log,-0.2417205338989995,5,5,False
baseline_plus_conditional_mean_logp,peptide_disjoint,mse,nonzero,HLA-A*02:05,auc_gt_2h,0.3333333333333333,5,5,False
baseline_plus_conditional_mean_logp,peptide_disjoint,mse,nonzero,HLA-A*02:10,spearman,,2,2,False
baseline_plus_conditional_mean_logp,peptide_disjoint,mse,nonzero,HLA-A*02:10,pearson_log,,2,2,False
baseline_plus_conditional_mean_logp,peptide_disjoint,mse,nonzero,HLA-A*02:10,auc_gt_2h,1.0,2,2,False
baseline_plus_conditional_mean_logp,peptide_disjoint,mse,nonzero,HLA-A*02:11,spearman,,2,2,False
baseline_plus_conditional_mean_logp,peptide_disjoint,mse,nonzero,HLA-A*02:11,pearson_log,,2,2,False
baseline_plus_conditional_mean_logp,peptide_disjoint,mse,nonzero,HLA-A*02:11,auc_gt_2h,,2,2,False
baseline_plus_conditional_mean_logp,peptide_disjoint,mse,nonzero,HLA-A*02:12,spearman,0.7999999999999999,4,4,False
baseline_plus_conditional_mean_logp,peptide_disjoint,mse,nonzero,HLA-A*02:12,pearson_log,0.9268861161642483,4,4,False
baseline_plus_conditional_mean_logp,peptide_disjoint,mse,nonzero,HLA-A*02:12,auc_gt_2h,1.0,4,4,False
baseline_plus_conditional_mean_logp,peptide_disjoint,mse,nonzero,HLA-A*02:19,spearman,0.49999999999999994,5,5,False
baseline_plus_conditional_mean_logp,peptide_disjoint,mse,nonzero,HLA-A*02:19,pearson_log,0.35468447159315497,5,5,False
baseline_plus_conditional_mean_logp,peptide_disjoint,mse,nonzero,HLA-A*02:19,auc_gt_2h,0.75,5,5,False
baseline_plus_conditional_mean_logp,peptide_disjoint,mse,nonzero,HLA-A*02:50,spearman,0.7999999999999999,4,4,False
baseline_plus_conditional_mean_logp,peptide_disjoint,mse,nonzero,HLA-A*02:50,pearson_log,0.9153052672675813,4,4,False
baseline_plus_conditional_mean_logp,peptide_disjoint,mse,nonzero,HLA-A*02:50,auc_gt_2h,,4,4,False
baseline_plus_conditional_mean_logp,peptide_disjoint,mse,nonzero,HLA-A*03:01,spearman,0.7,5,5,False
baseline_plus_conditional_mean_logp,peptide_disjoint,mse,nonzero,HLA-A*03:01,pearson_log,0.5971511079218988,5,5,False
baseline_plus_conditional_mean_logp,peptide_disjoint,mse,nonzero,HLA-A*03:01,auc_gt_2h,1.0,5,5,False
baseline_plus_conditional_mean_logp,peptide_disjoint,mse,nonzero,HLA-A*11:01,spearman,,1,1,True
baseline_plus_conditional_mean_logp,peptide_disjoint,mse,nonzero,HLA-A*11:01,pearson_log,,1,1,True
baseline_plus_conditional_mean_logp,peptide_disjoint,mse,nonzero,HLA-A*11:01,auc_gt_2h,,1,1,True
baseline_plus_conditional_mean_logp,peptide_disjoint,mse,nonzero,HLA-A*23:01,spearman,,2,2,False
baseline_plus_conditional_mean_logp,peptide_disjoint,mse,nonzero,HLA-A*23:01,pearson_log,,2,2,False
baseline_plus_conditional_mean_logp,peptide_disjoint,mse,nonzero,HLA-A*23:01,auc_gt_2h,0.0,2,2,False
baseline_plus_conditional_mean_logp,peptide_disjoint,mse,nonzero,HLA-A*24:02,spearman,0.6000000000000001,4,4,False
baseline_plus_conditional_mean_logp,peptide_disjoint,mse,nonzero,HLA-A*24:02,pearson_log,0.39677029447161205,4,4,False
baseline_plus_conditional_mean_logp,peptide_disjoint,mse,nonzero,HLA-A*24:02,auc_gt_2h,1.0,4,4,False
baseline_plus_conditional_mean_logp,peptide_disjoint,mse,nonzero,HLA-A*24:03,spearman,,2,2,False
baseline_plus_conditional_mean_logp,peptide_disjoint,mse,nonzero,HLA-A*24:03,pearson_log,,2,2,False
baseline_plus_conditional_mean_logp,peptide_disjoint,mse,nonzero,HLA-A*24:03,auc_gt_2h,,2,2,False
baseline_plus_conditional_mean_logp,peptide_disjoint,mse,nonzero,HLA-A*24:07,spearman,,2,2,False
baseline_plus_conditional_mean_logp,peptide_disjoint,mse,nonzero,HLA-A*24:07,pearson_log,,2,2,False
baseline_plus_conditional_mean_logp,peptide_disjoint,mse,nonzero,HLA-A*24:07,auc_gt_2h,0.0,2,2,False
baseline_plus_conditional_mean_logp,peptide_disjoint,mse,nonzero,HLA-A*24:19,spearman,,2,2,False
baseline_plus_conditional_mean_logp,peptide_disjoint,mse,nonzero,HLA-A*24:19,pearson_log,,2,2,False
baseline_plus_conditional_mean_logp,peptide_disjoint,mse,nonzero,HLA-A*24:19,auc_gt_2h,,2,2,False
baseline_plus_conditional_mean_logp,peptide_disjoint,mse,nonzero,HLA-A*26:01,spearman,-0.5,3,3,False
baseline_plus_conditional_mean_logp,peptide_disjoint,mse,nonzero,HLA-A*26:01,pearson_log,-0.6501412767850071,3,3,False
baseline_plus_conditional_mean_logp,peptide_disjoint,mse,nonzero,HLA-A*26:01,auc_gt_2h,,3,3,False
baseline_plus_conditional_mean_logp,peptide_disjoint,mse,nonzero,HLA-A*26:02,spearman,,2,2,False
baseline_plus_conditional_mean_logp,peptide_disjoint,mse,nonzero,HLA-A*26:02,pearson_log,,2,2,False
baseline_plus_conditional_mean_logp,peptide_disjoint,mse,nonzero,HLA-A*26:02,auc_gt_2h,,2,2,False
baseline_plus_conditional_mean_logp,peptide_disjoint,mse,nonzero,HLA-A*29:02,spearman,0.49999999999999994,5,5,False
baseline_plus_conditional_mean_logp,peptide_disjoint,mse,nonzero,HLA-A*29:02,pearson_log,0.5711267037667177,5,5,False
baseline_plus_conditional_mean_logp,peptide_disjoint,mse,nonzero,HLA-A*29:02,auc_gt_2h,0.5,5,5,False
baseline_plus_conditional_mean_logp,peptide_disjoint,mse,nonzero,HLA-A*30:01,spearman,,2,2,False
baseline_plus_conditional_mean_logp,peptide_disjoint,mse,nonzero,HLA-A*30:01,pearson_log,,2,2,False
baseline_plus_conditional_mean_logp,peptide_disjoint,mse,nonzero,HLA-A*30:01,auc_gt_2h,,2,2,False
baseline_plus_conditional_mean_logp,peptide_disjoint,mse,nonzero,HLA-A*30:02,spearman,,1,1,True
baseline_plus_conditional_mean_logp,peptide_disjoint,mse,nonzero,HLA-A*30:02,pearson_log,,1,1,True
baseline_plus_conditional_mean_logp,peptide_disjoint,mse,nonzero,HLA-A*30:02,auc_gt_2h,,1,1,True
baseline_plus_conditional_mean_logp,peptide_disjoint,mse,nonzero,HLA-A*31:01,spearman,0.8660254037844387,3,3,False
baseline_plus_conditional_mean_logp,peptide_disjoint,mse,nonzero,HLA-A*31:01,pearson_log,0.999428878906961,3,3,False
baseline_plus_conditional_mean_logp,peptide_disjoint,mse,nonzero,HLA-A*31:01,auc_gt_2h,,3,3,False
baseline_plus_conditional_mean_logp,peptide_disjoint,mse,nonzero,HLA-A*32:01,spearman,-1.0,3,3,False
baseline_plus_conditional_mean_logp,peptide_disjoint,mse,nonzero,HLA-A*32:01,pearson_log,-0.9268110185823095,3,3,False
baseline_plus_conditional_mean_logp,peptide_disjoint,mse,nonzero,HLA-A*32:01,auc_gt_2h,0.0,3,3,False
baseline_plus_conditional_mean_logp,peptide_disjoint,mse,nonzero,HLA-A*32:07,spearman,,2,2,False
baseline_plus_conditional_mean_logp,peptide_disjoint,mse,nonzero,HLA-A*32:07,pearson_log,,2,2,False
baseline_plus_conditional_mean_logp,peptide_disjoint,mse,nonzero,HLA-A*32:07,auc_gt_2h,1.0,2,2,False
baseline_plus_conditional_mean_logp,peptide_disjoint,mse,nonzero,HLA-A*33:03,spearman,,1,1,True
baseline_plus_conditional_mean_logp,peptide_disjoint,mse,nonzero,HLA-A*33:03,pearson_log,,1,1,True
baseline_plus_conditional_mean_logp,peptide_disjoint,mse,nonzero,HLA-A*33:03,auc_gt_2h,,1,1,True
baseline_plus_conditional_mean_logp,peptide_disjoint,mse,nonzero,HLA-A*43:01,spearman,0.6000000000000001,4,4,False
baseline_plus_conditional_mean_logp,peptide_disjoint,mse,nonzero,HLA-A*43:01,pearson_log,0.6826677807889028,4,4,False
baseline_plus_conditional_mean_logp,peptide_disjoint,mse,nonzero,HLA-A*43:01,auc_gt_2h,0.6666666666666667,4,4,False
baseline_plus_conditional_mean_logp,peptide_disjoint,mse,nonzero,HLA-A*66:01,spearman,,1,1,True
baseline_plus_conditional_mean_logp,peptide_disjoint,mse,nonzero,HLA-A*66:01,pearson_log,,1,1,True
baseline_plus_conditional_mean_logp,peptide_disjoint,mse,nonzero,HLA-A*66:01,auc_gt_2h,,1,1,True
baseline_plus_conditional_mean_logp,peptide_disjoint,mse,nonzero,HLA-A*68:01,spearman,-0.5,3,3,False
baseline_plus_conditional_mean_logp,peptide_disjoint,mse,nonzero,HLA-A*68:01,pearson_log,-0.7968375640224528,3,3,False
baseline_plus_conditional_mean_logp,peptide_disjoint,mse,nonzero,HLA-A*68:01,auc_gt_2h,0.0,3,3,False
baseline_plus_conditional_mean_logp,peptide_disjoint,mse,nonzero,HLA-A*68:02,spearman,0.7,5,5,False
baseline_plus_conditional_mean_logp,peptide_disjoint,mse,nonzero,HLA-A*68:02,pearson_log,0.549787827530066,5,5,False
baseline_plus_conditional_mean_logp,peptide_disjoint,mse,nonzero,HLA-A*68:02,auc_gt_2h,,5,5,False
baseline_plus_conditional_mean_logp,peptide_disjoint,mse,nonzero,HLA-A*68:23,spearman,-0.9486832980505139,4,4,False
baseline_plus_conditional_mean_logp,peptide_disjoint,mse,nonzero,HLA-A*68:23,pearson_log,-0.996502858933767,4,4,False
baseline_plus_conditional_mean_logp,peptide_disjoint,mse,nonzero,HLA-A*68:23,auc_gt_2h,,4,4,False
baseline_plus_conditional_mean_logp,peptide_disjoint,mse,nonzero,HLA-A*69:01,spearman,0.7378647873726218,4,4,False
baseline_plus_conditional_mean_logp,peptide_disjoint,mse,nonzero,HLA-A*69:01,pearson_log,0.8948258619110344,4,4,False
baseline_plus_conditional_mean_logp,peptide_disjoint,mse,nonzero,HLA-A*69:01,auc_gt_2h,,4,4,False
baseline_plus_conditional_mean_logp,peptide_disjoint,mse,nonzero,HLA-A*80:01,spearman,,2,2,False
baseline_plus_conditional_mean_logp,peptide_disjoint,mse,nonzero,HLA-A*80:01,pearson_log,,2,2,False
baseline_plus_conditional_mean_logp,peptide_disjoint,mse,nonzero,HLA-A*80:01,auc_gt_2h,,2,2,False
baseline_plus_conditional_mean_logp,peptide_disjoint,mse,nonzero,HLA-B*07:02,spearman,0.0,5,5,False
baseline_plus_conditional_mean_logp,peptide_disjoint,mse,nonzero,HLA-B*07:02,pearson_log,0.13793529304574073,5,5,False
baseline_plus_conditional_mean_logp,peptide_disjoint,mse,nonzero,HLA-B*07:02,auc_gt_2h,0.6666666666666666,5,5,False
baseline_plus_conditional_mean_logp,peptide_disjoint,mse,nonzero,HLA-B*08:01,spearman,,2,2,False
baseline_plus_conditional_mean_logp,peptide_disjoint,mse,nonzero,HLA-B*08:01,pearson_log,,2,2,False
baseline_plus_conditional_mean_logp,peptide_disjoint,mse,nonzero,HLA-B*08:01,auc_gt_2h,,2,2,False
baseline_plus_conditional_mean_logp,peptide_disjoint,mse,nonzero,HLA-B*08:03,spearman,,2,2,False
baseline_plus_conditional_mean_logp,peptide_disjoint,mse,nonzero,HLA-B*08:03,pearson_log,,2,2,False
baseline_plus_conditional_mean_logp,peptide_disjoint,mse,nonzero,HLA-B*08:03,auc_gt_2h,0.0,2,2,False
baseline_plus_conditional_mean_logp,peptide_disjoint,mse,nonzero,HLA-B*13:02,spearman,,1,1,True
baseline_plus_conditional_mean_logp,peptide_disjoint,mse,nonzero,HLA-B*13:02,pearson_log,,1,1,True
baseline_plus_conditional_mean_logp,peptide_disjoint,mse,nonzero,HLA-B*13:02,auc_gt_2h,,1,1,True
baseline_plus_conditional_mean_logp,peptide_disjoint,mse,nonzero,HLA-B*15:01,spearman,-0.7999999999999999,4,4,False
baseline_plus_conditional_mean_logp,peptide_disjoint,mse,nonzero,HLA-B*15:01,pearson_log,-0.9610006846548325,4,4,False
baseline_plus_conditional_mean_logp,peptide_disjoint,mse,nonzero,HLA-B*15:01,auc_gt_2h,0.0,4,4,False
baseline_plus_conditional_mean_logp,peptide_disjoint,mse,nonzero,HLA-B*15:10,spearman,,2,2,False
baseline_plus_conditional_mean_logp,peptide_disjoint,mse,nonzero,HLA-B*15:10,pearson_log,,2,2,False
baseline_plus_conditional_mean_logp,peptide_disjoint,mse,nonzero,HLA-B*15:10,auc_gt_2h,1.0,2,2,False
baseline_plus_conditional_mean_logp,peptide_disjoint,mse,nonzero,HLA-B*18:01,spearman,,2,2,False
baseline_plus_conditional_mean_logp,peptide_disjoint,mse,nonzero,HLA-B*18:01,pearson_log,,2,2,False
baseline_plus_conditional_mean_logp,peptide_disjoint,mse,nonzero,HLA-B*18:01,auc_gt_2h,,2,2,False
baseline_plus_conditional_mean_logp,peptide_disjoint,mse,nonzero,HLA-B*27:02,spearman,0.5,3,3,False
baseline_plus_conditional_mean_logp,peptide_disjoint,mse,nonzero,HLA-B*27:02,pearson_log,0.8729899006737927,3,3,False
baseline_plus_conditional_mean_logp,peptide_disjoint,mse,nonzero,HLA-B*27:02,auc_gt_2h,1.0,3,3,False
baseline_plus_conditional_mean_logp,peptide_disjoint,mse,nonzero,HLA-B*27:03,spearman,,2,2,False
baseline_plus_conditional_mean_logp,peptide_disjoint,mse,nonzero,HLA-B*27:03,pearson_log,,2,2,False
baseline_plus_conditional_mean_logp,peptide_disjoint,mse,nonzero,HLA-B*27:03,auc_gt_2h,,2,2,False
baseline_plus_conditional_mean_logp,peptide_disjoint,mse,nonzero,HLA-B*27:05,spearman,,1,1,True
baseline_plus_conditional_mean_logp,peptide_disjoint,mse,nonzero,HLA-B*27:05,pearson_log,,1,1,True
baseline_plus_conditional_mean_logp,peptide_disjoint,mse,nonzero,HLA-B*27:05,auc_gt_2h,,1,1,True
baseline_plus_conditional_mean_logp,peptide_disjoint,mse,nonzero,HLA-B*27:20,spearman,-1.0,3,3,False
baseline_plus_conditional_mean_logp,peptide_disjoint,mse,nonzero,HLA-B*27:20,pearson_log,-0.9917974364034043,3,3,False
baseline_plus_conditional_mean_logp,peptide_disjoint,mse,nonzero,HLA-B*27:20,auc_gt_2h,0.0,3,3,False
baseline_plus_conditional_mean_logp,peptide_disjoint,mse,nonzero,HLA-B*35:01,spearman,,1,1,True
baseline_plus_conditional_mean_logp,peptide_disjoint,mse,nonzero,HLA-B*35:01,pearson_log,,1,1,True
baseline_plus_conditional_mean_logp,peptide_disjoint,mse,nonzero,HLA-B*35:01,auc_gt_2h,,1,1,True
baseline_plus_conditional_mean_logp,peptide_disjoint,mse,nonzero,HLA-B*35:03,spearman,,2,2,False
baseline_plus_conditional_mean_logp,peptide_disjoint,mse,nonzero,HLA-B*35:03,pearson_log,,2,2,False
baseline_plus_conditional_mean_logp,peptide_disjoint,mse,nonzero,HLA-B*35:03,auc_gt_2h,1.0,2,2,False
baseline_plus_conditional_mean_logp,peptide_disjoint,mse,nonzero,HLA-B*35:08,spearman,0.8660254037844387,3,3,False
baseline_plus_conditional_mean_logp,peptide_disjoint,mse,nonzero,HLA-B*35:08,pearson_log,0.9805280721290517,3,3,False
baseline_plus_conditional_mean_logp,peptide_disjoint,mse,nonzero,HLA-B*35:08,auc_gt_2h,1.0,3,3,False
baseline_plus_conditional_mean_logp,peptide_disjoint,mse,nonzero,HLA-B*39:01,spearman,0.9486832980505139,4,4,False
baseline_plus_conditional_mean_logp,peptide_disjoint,mse,nonzero,HLA-B*39:01,pearson_log,0.9560427664360513,4,4,False
baseline_plus_conditional_mean_logp,peptide_disjoint,mse,nonzero,HLA-B*39:01,auc_gt_2h,1.0,4,4,False
baseline_plus_conditional_mean_logp,peptide_disjoint,mse,nonzero,HLA-B*39:02,spearman,,1,1,True
baseline_plus_conditional_mean_logp,peptide_disjoint,mse,nonzero,HLA-B*39:02,pearson_log,,1,1,True
baseline_plus_conditional_mean_logp,peptide_disjoint,mse,nonzero,HLA-B*39:02,auc_gt_2h,,1,1,True
baseline_plus_conditional_mean_logp,peptide_disjoint,mse,nonzero,HLA-B*39:06(C67S),spearman,,1,1,True
baseline_plus_conditional_mean_logp,peptide_disjoint,mse,nonzero,HLA-B*39:06(C67S),pearson_log,,1,1,True
baseline_plus_conditional_mean_logp,peptide_disjoint,mse,nonzero,HLA-B*39:06(C67S),auc_gt_2h,,1,1,True
baseline_plus_conditional_mean_logp,peptide_disjoint,mse,nonzero,HLA-B*39:10,spearman,,1,1,True
baseline_plus_conditional_mean_logp,peptide_disjoint,mse,nonzero,HLA-B*39:10,pearson_log,,1,1,True
baseline_plus_conditional_mean_logp,peptide_disjoint,mse,nonzero,HLA-B*39:10,auc_gt_2h,,1,1,True
baseline_plus_conditional_mean_logp,peptide_disjoint,mse,nonzero,HLA-B*40:01,spearman,,2,2,False
baseline_plus_conditional_mean_logp,peptide_disjoint,mse,nonzero,HLA-B*40:01,pearson_log,,2,2,False
baseline_plus_conditional_mean_logp,peptide_disjoint,mse,nonzero,HLA-B*40:01,auc_gt_2h,,2,2,False
baseline_plus_conditional_mean_logp,peptide_disjoint,mse,nonzero,HLA-B*40:02,spearman,,2,2,False
baseline_plus_conditional_mean_logp,peptide_disjoint,mse,nonzero,HLA-B*40:02,pearson_log,,2,2,False
baseline_plus_conditional_mean_logp,peptide_disjoint,mse,nonzero,HLA-B*40:02,auc_gt_2h,0.0,2,2,False
baseline_plus_conditional_mean_logp,peptide_disjoint,mse,nonzero,HLA-B*41:01,spearman,,2,2,False
baseline_plus_conditional_mean_logp,peptide_disjoint,mse,nonzero,HLA-B*41:01,pearson_log,,2,2,False
baseline_plus_conditional_mean_logp,peptide_disjoint,mse,nonzero,HLA-B*41:01,auc_gt_2h,,2,2,False
baseline_plus_conditional_mean_logp,peptide_disjoint,mse,nonzero,HLA-B*42:01,spearman,,1,1,True
baseline_plus_conditional_mean_logp,peptide_disjoint,mse,nonzero,HLA-B*42:01,pearson_log,,1,1,True
baseline_plus_conditional_mean_logp,peptide_disjoint,mse,nonzero,HLA-B*42:01,auc_gt_2h,,1,1,True
baseline_plus_conditional_mean_logp,peptide_disjoint,mse,nonzero,HLA-B*42:02,spearman,-0.5,3,3,False
baseline_plus_conditional_mean_logp,peptide_disjoint,mse,nonzero,HLA-B*42:02,pearson_log,-0.542594004422063,3,3,False
baseline_plus_conditional_mean_logp,peptide_disjoint,mse,nonzero,HLA-B*42:02,auc_gt_2h,0.5,3,3,False
baseline_plus_conditional_mean_logp,peptide_disjoint,mse,nonzero,HLA-B*44:05,spearman,,1,1,True
baseline_plus_conditional_mean_logp,peptide_disjoint,mse,nonzero,HLA-B*44:05,pearson_log,,1,1,True
baseline_plus_conditional_mean_logp,peptide_disjoint,mse,nonzero,HLA-B*44:05,auc_gt_2h,,1,1,True
baseline_plus_conditional_mean_logp,peptide_disjoint,mse,nonzero,HLA-B*51:01,spearman,,1,1,True
baseline_plus_conditional_mean_logp,peptide_disjoint,mse,nonzero,HLA-B*51:01,pearson_log,,1,1,True
baseline_plus_conditional_mean_logp,peptide_disjoint,mse,nonzero,HLA-B*51:01,auc_gt_2h,,1,1,True
baseline_plus_conditional_mean_logp,peptide_disjoint,mse,nonzero,HLA-B*54:01,spearman,0.7999999999999999,4,4,False
baseline_plus_conditional_mean_logp,peptide_disjoint,mse,nonzero,HLA-B*54:01,pearson_log,0.8406673631015302,4,4,False
baseline_plus_conditional_mean_logp,peptide_disjoint,mse,nonzero,HLA-B*54:01,auc_gt_2h,1.0,4,4,False
baseline_plus_conditional_mean_logp,peptide_disjoint,mse,nonzero,HLA-B*56:01,spearman,,2,2,False
baseline_plus_conditional_mean_logp,peptide_disjoint,mse,nonzero,HLA-B*56:01,pearson_log,,2,2,False
baseline_plus_conditional_mean_logp,peptide_disjoint,mse,nonzero,HLA-B*56:01,auc_gt_2h,,2,2,False
baseline_plus_conditional_mean_logp,peptide_disjoint,mse,nonzero,HLA-B*57:01,spearman,,1,1,True
baseline_plus_conditional_mean_logp,peptide_disjoint,mse,nonzero,HLA-B*57:01,pearson_log,,1,1,True
baseline_plus_conditional_mean_logp,peptide_disjoint,mse,nonzero,HLA-B*57:01,auc_gt_2h,,1,1,True
baseline_plus_conditional_mean_logp,peptide_disjoint,mse,nonzero,HLA-B*57:02,spearman,-0.5,3,3,False
baseline_plus_conditional_mean_logp,peptide_disjoint,mse,nonzero,HLA-B*57:02,pearson_log,-0.4980706071662049,3,3,False
baseline_plus_conditional_mean_logp,peptide_disjoint,mse,nonzero,HLA-B*57:02,auc_gt_2h,,3,3,False
baseline_plus_conditional_mean_logp,peptide_disjoint,mse,nonzero,HLA-B*57:03,spearman,,2,2,False
baseline_plus_conditional_mean_logp,peptide_disjoint,mse,nonzero,HLA-B*57:03,pearson_log,,2,2,False
baseline_plus_conditional_mean_logp,peptide_disjoint,mse,nonzero,HLA-B*57:03,auc_gt_2h,0.0,2,2,False
baseline_plus_conditional_mean_logp,peptide_disjoint,mse,nonzero,HLA-B*58:01,spearman,0.8999999999999998,5,5,False
baseline_plus_conditional_mean_logp,peptide_disjoint,mse,nonzero,HLA-B*58:01,pearson_log,0.865365905477292,5,5,False
baseline_plus_conditional_mean_logp,peptide_disjoint,mse,nonzero,HLA-B*58:01,auc_gt_2h,1.0,5,5,False
baseline_plus_conditional_mean_logp,peptide_disjoint,mse,nonzero,HLA-B*81:01,spearman,-0.09999999999999999,5,5,False
baseline_plus_conditional_mean_logp,peptide_disjoint,mse,nonzero,HLA-B*81:01,pearson_log,-0.13159636746457898,5,5,False
baseline_plus_conditional_mean_logp,peptide_disjoint,mse,nonzero,HLA-B*81:01,auc_gt_2h,,5,5,False
baseline_plus_conditional_mean_logp,random,mse,all,HLA-A*01:01,spearman,1.0,3,3,False
baseline_plus_conditional_mean_logp,random,mse,all,HLA-A*01:01,pearson_log,0.9100573560201929,3,3,False
baseline_plus_conditional_mean_logp,random,mse,all,HLA-A*01:01,auc_gt_2h,,3,3,False
baseline_plus_conditional_mean_logp,random,mse,all,HLA-A*02:01,spearman,-0.5,3,3,False
baseline_plus_conditional_mean_logp,random,mse,all,HLA-A*02:01,pearson_log,-0.5761383311080315,3,3,False
baseline_plus_conditional_mean_logp,random,mse,all,HLA-A*02:01,auc_gt_2h,,3,3,False
baseline_plus_conditional_mean_logp,random,mse,all,HLA-A*02:03,spearman,-0.5,3,3,False
baseline_plus_conditional_mean_logp,random,mse,all,HLA-A*02:03,pearson_log,-0.17801309852576042,3,3,False
baseline_plus_conditional_mean_logp,random,mse,all,HLA-A*02:03,auc_gt_2h,0.5,3,3,False
baseline_plus_conditional_mean_logp,random,mse,all,HLA-A*02:05,spearman,-1.0,3,3,False
baseline_plus_conditional_mean_logp,random,mse,all,HLA-A*02:05,pearson_log,-0.999962142208122,3,3,False
baseline_plus_conditional_mean_logp,random,mse,all,HLA-A*02:05,auc_gt_2h,,3,3,False
baseline_plus_conditional_mean_logp,random,mse,all,HLA-A*02:10,spearman,0.5,3,3,False
baseline_plus_conditional_mean_logp,random,mse,all,HLA-A*02:10,pearson_log,0.695442449389499,3,3,False
baseline_plus_conditional_mean_logp,random,mse,all,HLA-A*02:10,auc_gt_2h,1.0,3,3,False
baseline_plus_conditional_mean_logp,random,mse,all,HLA-A*02:11,spearman,-1.0,3,3,False
baseline_plus_conditional_mean_logp,random,mse,all,HLA-A*02:11,pearson_log,-0.9705078898296524,3,3,False
baseline_plus_conditional_mean_logp,random,mse,all,HLA-A*02:11,auc_gt_2h,,3,3,False
baseline_plus_conditional_mean_logp,random,mse,all,HLA-A*02:12,spearman,-1.0,3,3,False
baseline_plus_conditional_mean_logp,random,mse,all,HLA-A*02:12,pearson_log,-0.9507329785699767,3,3,False
baseline_plus_conditional_mean_logp,random,mse,all,HLA-A*02:12,auc_gt_2h,,3,3,False
baseline_plus_conditional_mean_logp,random,mse,all,HLA-A*02:16,spearman,0.5,3,3,False
baseline_plus_conditional_mean_logp,random,mse,all,HLA-A*02:16,pearson_log,0.1630987357861803,3,3,False
baseline_plus_conditional_mean_logp,random,mse,all,HLA-A*02:16,auc_gt_2h,0.5,3,3,False
baseline_plus_conditional_mean_logp,random,mse,all,HLA-A*02:19,spearman,0.5,3,3,False
baseline_plus_conditional_mean_logp,random,mse,all,HLA-A*02:19,pearson_log,0.44057144925500147,3,3,False
baseline_plus_conditional_mean_logp,random,mse,all,HLA-A*02:19,auc_gt_2h,,3,3,False
baseline_plus_conditional_mean_logp,random,mse,all,HLA-A*02:50,spearman,-1.0,3,3,False
baseline_plus_conditional_mean_logp,random,mse,all,HLA-A*02:50,pearson_log,-0.9541992519292829,3,3,False
baseline_plus_conditional_mean_logp,random,mse,all,HLA-A*02:50,auc_gt_2h,,3,3,False
baseline_plus_conditional_mean_logp,random,mse,all,HLA-A*03:01,spearman,-0.5,3,3,False
baseline_plus_conditional_mean_logp,random,mse,all,HLA-A*03:01,pearson_log,-0.5768250731248148,3,3,False
baseline_plus_conditional_mean_logp,random,mse,all,HLA-A*03:01,auc_gt_2h,0.5,3,3,False
baseline_plus_conditional_mean_logp,random,mse,all,HLA-A*11:01,spearman,0.5,3,3,False
baseline_plus_conditional_mean_logp,random,mse,all,HLA-A*11:01,pearson_log,0.9990319523135407,3,3,False
baseline_plus_conditional_mean_logp,random,mse,all,HLA-A*11:01,auc_gt_2h,1.0,3,3,False
baseline_plus_conditional_mean_logp,random,mse,all,HLA-A*23:01,spearman,-0.5,3,3,False
baseline_plus_conditional_mean_logp,random,mse,all,HLA-A*23:01,pearson_log,-0.3617900269739037,3,3,False
baseline_plus_conditional_mean_logp,random,mse,all,HLA-A*23:01,auc_gt_2h,0.0,3,3,False
baseline_plus_conditional_mean_logp,random,mse,all,HLA-A*24:02,spearman,0.5,3,3,False
baseline_plus_conditional_mean_logp,random,mse,all,HLA-A*24:02,pearson_log,0.9201682531545603,3,3,False
baseline_plus_conditional_mean_logp,random,mse,all,HLA-A*24:02,auc_gt_2h,1.0,3,3,False
baseline_plus_conditional_mean_logp,random,mse,all,HLA-A*24:03,spearman,1.0,3,3,False
baseline_plus_conditional_mean_logp,random,mse,all,HLA-A*24:03,pearson_log,0.9338770030052732,3,3,False
baseline_plus_conditional_mean_logp,random,mse,all,HLA-A*24:03,auc_gt_2h,1.0,3,3,False
baseline_plus_conditional_mean_logp,random,mse,all,HLA-A*24:07,spearman,-0.5,3,3,False
baseline_plus_conditional_mean_logp,random,mse,all,HLA-A*24:07,pearson_log,-0.7183120116134507,3,3,False
baseline_plus_conditional_mean_logp,random,mse,all,HLA-A*24:07,auc_gt_2h,,3,3,False
baseline_plus_conditional_mean_logp,random,mse,all,HLA-A*24:19,spearman,0.5,3,3,False
baseline_plus_conditional_mean_logp,random,mse,all,HLA-A*24:19,pearson_log,0.469937297322485,3,3,False
baseline_plus_conditional_mean_logp,random,mse,all,HLA-A*24:19,auc_gt_2h,,3,3,False
baseline_plus_conditional_mean_logp,random,mse,all,HLA-A*25:01,spearman,0.0,3,3,False
baseline_plus_conditional_mean_logp,random,mse,all,HLA-A*25:01,pearson_log,-0.31818139725365624,3,3,False
baseline_plus_conditional_mean_logp,random,mse,all,HLA-A*25:01,auc_gt_2h,,3,3,False
baseline_plus_conditional_mean_logp,random,mse,all,HLA-A*26:01,spearman,-0.5,3,3,False
baseline_plus_conditional_mean_logp,random,mse,all,HLA-A*26:01,pearson_log,-0.37475030575582036,3,3,False
baseline_plus_conditional_mean_logp,random,mse,all,HLA-A*26:01,auc_gt_2h,,3,3,False
baseline_plus_conditional_mean_logp,random,mse,all,HLA-A*26:02,spearman,-1.0,3,3,False
baseline_plus_conditional_mean_logp,random,mse,all,HLA-A*26:02,pearson_log,-0.9852847827596753,3,3,False
baseline_plus_conditional_mean_logp,random,mse,all,HLA-A*26:02,auc_gt_2h,0.0,3,3,False
baseline_plus_conditional_mean_logp,random,mse,all,HLA-A*26:03,spearman,-0.8660254037844387,3,3,False
baseline_plus_conditional_mean_logp,random,mse,all,HLA-A*26:03,pearson_log,-0.7981620653004033,3,3,False
baseline_plus_conditional_mean_logp,random,mse,all,HLA-A*26:03,auc_gt_2h,,3,3,False
baseline_plus_conditional_mean_logp,random,mse,all,HLA-A*29:02,spearman,0.5,3,3,False
baseline_plus_conditional_mean_logp,random,mse,all,HLA-A*29:02,pearson_log,0.5747449640581939,3,3,False
baseline_plus_conditional_mean_logp,random,mse,all,HLA-A*29:02,auc_gt_2h,1.0,3,3,False
baseline_plus_conditional_mean_logp,random,mse,all,HLA-A*30:01,spearman,0.5,3,3,False
baseline_plus_conditional_mean_logp,random,mse,all,HLA-A*30:01,pearson_log,0.19217715954237624,3,3,False
baseline_plus_conditional_mean_logp,random,mse,all,HLA-A*30:01,auc_gt_2h,1.0,3,3,False
baseline_plus_conditional_mean_logp,random,mse,all,HLA-A*30:02,spearman,-0.5,3,3,False
baseline_plus_conditional_mean_logp,random,mse,all,HLA-A*30:02,pearson_log,-0.07858840449924565,3,3,False
baseline_plus_conditional_mean_logp,random,mse,all,HLA-A*30:02,auc_gt_2h,0.0,3,3,False
baseline_plus_conditional_mean_logp,random,mse,all,HLA-A*31:01,spearman,0.5,3,3,False
baseline_plus_conditional_mean_logp,random,mse,all,HLA-A*31:01,pearson_log,0.6936451572752763,3,3,False
baseline_plus_conditional_mean_logp,random,mse,all,HLA-A*31:01,auc_gt_2h,1.0,3,3,False
baseline_plus_conditional_mean_logp,random,mse,all,HLA-A*32:01,spearman,1.0,3,3,False
baseline_plus_conditional_mean_logp,random,mse,all,HLA-A*32:01,pearson_log,0.9999936465000949,3,3,False
baseline_plus_conditional_mean_logp,random,mse,all,HLA-A*32:01,auc_gt_2h,1.0,3,3,False
baseline_plus_conditional_mean_logp,random,mse,all,HLA-A*32:07,spearman,0.5,3,3,False
baseline_plus_conditional_mean_logp,random,mse,all,HLA-A*32:07,pearson_log,-0.16852855826564872,3,3,False
baseline_plus_conditional_mean_logp,random,mse,all,HLA-A*32:07,auc_gt_2h,0.5,3,3,False
baseline_plus_conditional_mean_logp,random,mse,all,HLA-A*33:03,spearman,0.5,3,3,False
baseline_plus_conditional_mean_logp,random,mse,all,HLA-A*33:03,pearson_log,0.340600176643997,3,3,False
baseline_plus_conditional_mean_logp,random,mse,all,HLA-A*33:03,auc_gt_2h,1.0,3,3,False
baseline_plus_conditional_mean_logp,random,mse,all,HLA-A*43:01,spearman,-0.5,3,3,False
baseline_plus_conditional_mean_logp,random,mse,all,HLA-A*43:01,pearson_log,0.07426033184278524,3,3,False
baseline_plus_conditional_mean_logp,random,mse,all,HLA-A*43:01,auc_gt_2h,0.0,3,3,False
baseline_plus_conditional_mean_logp,random,mse,all,HLA-A*66:01,spearman,-0.5,3,3,False
baseline_plus_conditional_mean_logp,random,mse,all,HLA-A*66:01,pearson_log,-0.7381047350975021,3,3,False
baseline_plus_conditional_mean_logp,random,mse,all,HLA-A*66:01,auc_gt_2h,,3,3,False
baseline_plus_conditional_mean_logp,random,mse,all,HLA-A*68:01,spearman,-1.0,3,3,False
baseline_plus_conditional_mean_logp,random,mse,all,HLA-A*68:01,pearson_log,-0.873144139975166,3,3,False
baseline_plus_conditional_mean_logp,random,mse,all,HLA-A*68:01,auc_gt_2h,0.0,3,3,False
baseline_plus_conditional_mean_logp,random,mse,all,HLA-A*68:02,spearman,-0.5,3,3,False
baseline_plus_conditional_mean_logp,random,mse,all,HLA-A*68:02,pearson_log,-0.45284592664349843,3,3,False
baseline_plus_conditional_mean_logp,random,mse,all,HLA-A*68:02,auc_gt_2h,0.0,3,3,False
baseline_plus_conditional_mean_logp,random,mse,all,HLA-A*68:23,spearman,,2,2,False
baseline_plus_conditional_mean_logp,random,mse,all,HLA-A*68:23,pearson_log,,2,2,False
baseline_plus_conditional_mean_logp,random,mse,all,HLA-A*68:23,auc_gt_2h,,2,2,False
baseline_plus_conditional_mean_logp,random,mse,all,HLA-A*69:01,spearman,-0.5,3,3,False
baseline_plus_conditional_mean_logp,random,mse,all,HLA-A*69:01,pearson_log,0.242662819875419,3,3,False
baseline_plus_conditional_mean_logp,random,mse,all,HLA-A*69:01,auc_gt_2h,,3,3,False
baseline_plus_conditional_mean_logp,random,mse,all,HLA-A*74:01,spearman,,2,2,False
baseline_plus_conditional_mean_logp,random,mse,all,HLA-A*74:01,pearson_log,,2,2,False
baseline_plus_conditional_mean_logp,random,mse,all,HLA-A*74:01,auc_gt_2h,,2,2,False
baseline_plus_conditional_mean_logp,random,mse,all,HLA-A*80:01,spearman,1.0,3,3,False
baseline_plus_conditional_mean_logp,random,mse,all,HLA-A*80:01,pearson_log,0.9648226131643312,3,3,False
baseline_plus_conditional_mean_logp,random,mse,all,HLA-A*80:01,auc_gt_2h,1.0,3,3,False
baseline_plus_conditional_mean_logp,random,mse,all,HLA-B*07:02,spearman,,2,2,False
baseline_plus_conditional_mean_logp,random,mse,all,HLA-B*07:02,pearson_log,,2,2,False
baseline_plus_conditional_mean_logp,random,mse,all,HLA-B*07:02,auc_gt_2h,,2,2,False
baseline_plus_conditional_mean_logp,random,mse,all,HLA-B*08:01,spearman,0.0,3,3,False
baseline_plus_conditional_mean_logp,random,mse,all,HLA-B*08:01,pearson_log,0.21854949377357474,3,3,False
baseline_plus_conditional_mean_logp,random,mse,all,HLA-B*08:01,auc_gt_2h,,3,3,False
baseline_plus_conditional_mean_logp,random,mse,all,HLA-B*08:03,spearman,,2,2,False
baseline_plus_conditional_mean_logp,random,mse,all,HLA-B*08:03,pearson_log,,2,2,False
baseline_plus_conditional_mean_logp,random,mse,all,HLA-B*08:03,auc_gt_2h,,2,2,False
baseline_plus_conditional_mean_logp,random,mse,all,HLA-B*13:02,spearman,,1,1,True
baseline_plus_conditional_mean_logp,random,mse,all,HLA-B*13:02,pearson_log,,1,1,True
baseline_plus_conditional_mean_logp,random,mse,all,HLA-B*13:02,auc_gt_2h,,1,1,True
baseline_plus_conditional_mean_logp,random,mse,all,HLA-B*14:01(C67S),spearman,,2,2,False
baseline_plus_conditional_mean_logp,random,mse,all,HLA-B*14:01(C67S),pearson_log,,2,2,False
baseline_plus_conditional_mean_logp,random,mse,all,HLA-B*14:01(C67S),auc_gt_2h,,2,2,False
baseline_plus_conditional_mean_logp,random,mse,all,HLA-B*14:02(C67S),spearman,,2,2,False
baseline_plus_conditional_mean_logp,random,mse,all,HLA-B*14:02(C67S),pearson_log,,2,2,False
baseline_plus_conditional_mean_logp,random,mse,all,HLA-B*14:02(C67S),auc_gt_2h,1.0,2,2,False
baseline_plus_conditional_mean_logp,random,mse,all,HLA-B*15:01,spearman,0.5,3,3,False
baseline_plus_conditional_mean_logp,random,mse,all,HLA-B*15:01,pearson_log,-0.007657980781686058,3,3,False
baseline_plus_conditional_mean_logp,random,mse,all,HLA-B*15:01,auc_gt_2h,1.0,3,3,False
baseline_plus_conditional_mean_logp,random,mse,all,HLA-B*15:02,spearman,-0.5,3,3,False
baseline_plus_conditional_mean_logp,random,mse,all,HLA-B*15:02,pearson_log,-0.8885217023912167,3,3,False
baseline_plus_conditional_mean_logp,random,mse,all,HLA-B*15:02,auc_gt_2h,0.5,3,3,False
baseline_plus_conditional_mean_logp,random,mse,all,HLA-B*15:10,spearman,,2,2,False
baseline_plus_conditional_mean_logp,random,mse,all,HLA-B*15:10,pearson_log,,2,2,False
baseline_plus_conditional_mean_logp,random,mse,all,HLA-B*15:10,auc_gt_2h,0.0,2,2,False
baseline_plus_conditional_mean_logp,random,mse,all,HLA-B*15:17,spearman,,2,2,False
baseline_plus_conditional_mean_logp,random,mse,all,HLA-B*15:17,pearson_log,,2,2,False
baseline_plus_conditional_mean_logp,random,mse,all,HLA-B*15:17,auc_gt_2h,0.0,2,2,False
baseline_plus_conditional_mean_logp,random,mse,all,HLA-B*18:01,spearman,,2,2,False
baseline_plus_conditional_mean_logp,random,mse,all,HLA-B*18:01,pearson_log,,2,2,False
baseline_plus_conditional_mean_logp,random,mse,all,HLA-B*18:01,auc_gt_2h,0.0,2,2,False
baseline_plus_conditional_mean_logp,random,mse,all,HLA-B*27:02,spearman,,2,2,False
baseline_plus_conditional_mean_logp,random,mse,all,HLA-B*27:02,pearson_log,,2,2,False
baseline_plus_conditional_mean_logp,random,mse,all,HLA-B*27:02,auc_gt_2h,,2,2,False
baseline_plus_conditional_mean_logp,random,mse,all,HLA-B*27:03,spearman,,2,2,False
baseline_plus_conditional_mean_logp,random,mse,all,HLA-B*27:03,pearson_log,,2,2,False
baseline_plus_conditional_mean_logp,random,mse,all,HLA-B*27:03,auc_gt_2h,,2,2,False
baseline_plus_conditional_mean_logp,random,mse,all,HLA-B*27:05,spearman,0.5,3,3,False
baseline_plus_conditional_mean_logp,random,mse,all,HLA-B*27:05,pearson_log,0.5248357485429385,3,3,False
baseline_plus_conditional_mean_logp,random,mse,all,HLA-B*27:05,auc_gt_2h,0.5,3,3,False
baseline_plus_conditional_mean_logp,random,mse,all,HLA-B*27:20,spearman,,2,2,False
baseline_plus_conditional_mean_logp,random,mse,all,HLA-B*27:20,pearson_log,,2,2,False
baseline_plus_conditional_mean_logp,random,mse,all,HLA-B*27:20,auc_gt_2h,,2,2,False
baseline_plus_conditional_mean_logp,random,mse,all,HLA-B*35:01,spearman,,2,2,False
baseline_plus_conditional_mean_logp,random,mse,all,HLA-B*35:01,pearson_log,,2,2,False
baseline_plus_conditional_mean_logp,random,mse,all,HLA-B*35:01,auc_gt_2h,0.0,2,2,False
baseline_plus_conditional_mean_logp,random,mse,all,HLA-B*35:03,spearman,,2,2,False
baseline_plus_conditional_mean_logp,random,mse,all,HLA-B*35:03,pearson_log,,2,2,False
baseline_plus_conditional_mean_logp,random,mse,all,HLA-B*35:03,auc_gt_2h,0.0,2,2,False
baseline_plus_conditional_mean_logp,random,mse,all,HLA-B*35:08,spearman,0.5,3,3,False
baseline_plus_conditional_mean_logp,random,mse,all,HLA-B*35:08,pearson_log,0.7643143112970815,3,3,False
baseline_plus_conditional_mean_logp,random,mse,all,HLA-B*35:08,auc_gt_2h,1.0,3,3,False
baseline_plus_conditional_mean_logp,random,mse,all,HLA-B*39:01,spearman,,2,2,False
baseline_plus_conditional_mean_logp,random,mse,all,HLA-B*39:01,pearson_log,,2,2,False
baseline_plus_conditional_mean_logp,random,mse,all,HLA-B*39:01,auc_gt_2h,,2,2,False
baseline_plus_conditional_mean_logp,random,mse,all,HLA-B*39:02,spearman,0.0,3,3,False
baseline_plus_conditional_mean_logp,random,mse,all,HLA-B*39:02,pearson_log,-0.4112492583824974,3,3,False
baseline_plus_conditional_mean_logp,random,mse,all,HLA-B*39:02,auc_gt_2h,,3,3,False
baseline_plus_conditional_mean_logp,random,mse,all,HLA-B*39:06(C67S),spearman,,3,3,False
baseline_plus_conditional_mean_logp,random,mse,all,HLA-B*39:06(C67S),pearson_log,,3,3,False
baseline_plus_conditional_mean_logp,random,mse,all,HLA-B*39:06(C67S),auc_gt_2h,,3,3,False
baseline_plus_conditional_mean_logp,random,mse,all,HLA-B*39:10,spearman,,2,2,False
baseline_plus_conditional_mean_logp,random,mse,all,HLA-B*39:10,pearson_log,,2,2,False
baseline_plus_conditional_mean_logp,random,mse,all,HLA-B*39:10,auc_gt_2h,1.0,2,2,False
baseline_plus_conditional_mean_logp,random,mse,all,HLA-B*40:01,spearman,-0.5,3,3,False
baseline_plus_conditional_mean_logp,random,mse,all,HLA-B*40:01,pearson_log,0.13386118948270592,3,3,False
baseline_plus_conditional_mean_logp,random,mse,all,HLA-B*40:01,auc_gt_2h,,3,3,False
baseline_plus_conditional_mean_logp,random,mse,all,HLA-B*40:02,spearman,1.0,3,3,False
baseline_plus_conditional_mean_logp,random,mse,all,HLA-B*40:02,pearson_log,0.7457901253998317,3,3,False
baseline_plus_conditional_mean_logp,random,mse,all,HLA-B*40:02,auc_gt_2h,1.0,3,3,False
baseline_plus_conditional_mean_logp,random,mse,all,HLA-B*41:01,spearman,-0.5,3,3,False
baseline_plus_conditional_mean_logp,random,mse,all,HLA-B*41:01,pearson_log,-0.8895436983414595,3,3,False
baseline_plus_conditional_mean_logp,random,mse,all,HLA-B*41:01,auc_gt_2h,,3,3,False
baseline_plus_conditional_mean_logp,random,mse,all,HLA-B*42:01,spearman,,2,2,False
baseline_plus_conditional_mean_logp,random,mse,all,HLA-B*42:01,pearson_log,,2,2,False
baseline_plus_conditional_mean_logp,random,mse,all,HLA-B*42:01,auc_gt_2h,,2,2,False
baseline_plus_conditional_mean_logp,random,mse,all,HLA-B*42:02,spearman,-0.5,3,3,False
baseline_plus_conditional_mean_logp,random,mse,all,HLA-B*42:02,pearson_log,-0.6039659268964367,3,3,False
baseline_plus_conditional_mean_logp,random,mse,all,HLA-B*42:02,auc_gt_2h,0.0,3,3,False
baseline_plus_conditional_mean_logp,random,mse,all,HLA-B*44:05,spearman,,2,2,False
baseline_plus_conditional_mean_logp,random,mse,all,HLA-B*44:05,pearson_log,,2,2,False
baseline_plus_conditional_mean_logp,random,mse,all,HLA-B*44:05,auc_gt_2h,,2,2,False
baseline_plus_conditional_mean_logp,random,mse,all,HLA-B*45:01,spearman,0.8660254037844387,3,3,False
baseline_plus_conditional_mean_logp,random,mse,all,HLA-B*45:01,pearson_log,0.9792036725938755,3,3,False
baseline_plus_conditional_mean_logp,random,mse,all,HLA-B*45:01,auc_gt_2h,,3,3,False
baseline_plus_conditional_mean_logp,random,mse,all,HLA-B*46:01,spearman,-0.8660254037844387,3,3,False
baseline_plus_conditional_mean_logp,random,mse,all,HLA-B*46:01,pearson_log,-0.8324144031870051,3,3,False
baseline_plus_conditional_mean_logp,random,mse,all,HLA-B*46:01,auc_gt_2h,,3,3,False
baseline_plus_conditional_mean_logp,random,mse,all,HLA-B*51:01,spearman,0.0,3,3,False
baseline_plus_conditional_mean_logp,random,mse,all,HLA-B*51:01,pearson_log,-0.455370970107681,3,3,False
baseline_plus_conditional_mean_logp,random,mse,all,HLA-B*51:01,auc_gt_2h,0.5,3,3,False
baseline_plus_conditional_mean_logp,random,mse,all,HLA-B*54:01,spearman,0.5,3,3,False
baseline_plus_conditional_mean_logp,random,mse,all,HLA-B*54:01,pearson_log,0.8295152421277046,3,3,False
baseline_plus_conditional_mean_logp,random,mse,all,HLA-B*54:01,auc_gt_2h,0.5,3,3,False
baseline_plus_conditional_mean_logp,random,mse,all,HLA-B*55:01,spearman,,2,2,False
baseline_plus_conditional_mean_logp,random,mse,all,HLA-B*55:01,pearson_log,,2,2,False
baseline_plus_conditional_mean_logp,random,mse,all,HLA-B*55:01,auc_gt_2h,,2,2,False
baseline_plus_conditional_mean_logp,random,mse,all,HLA-B*56:01,spearman,-1.0,3,3,False
baseline_plus_conditional_mean_logp,random,mse,all,HLA-B*56:01,pearson_log,-0.6974697513833537,3,3,False
baseline_plus_conditional_mean_logp,random,mse,all,HLA-B*56:01,auc_gt_2h,,3,3,False
baseline_plus_conditional_mean_logp,random,mse,all,HLA-B*57:01,spearman,,2,2,False
baseline_plus_conditional_mean_logp,random,mse,all,HLA-B*57:01,pearson_log,,2,2,False
baseline_plus_conditional_mean_logp,random,mse,all,HLA-B*57:01,auc_gt_2h,,2,2,False
baseline_plus_conditional_mean_logp,random,mse,all,HLA-B*57:02,spearman,,2,2,False
baseline_plus_conditional_mean_logp,random,mse,all,HLA-B*57:02,pearson_log,,2,2,False
baseline_plus_conditional_mean_logp,random,mse,all,HLA-B*57:02,auc_gt_2h,,2,2,False
baseline_plus_conditional_mean_logp,random,mse,all,HLA-B*57:03,spearman,,2,2,False
baseline_plus_conditional_mean_logp,random,mse,all,HLA-B*57:03,pearson_log,,2,2,False
baseline_plus_conditional_mean_logp,random,mse,all,HLA-B*57:03,auc_gt_2h,,2,2,False
baseline_plus_conditional_mean_logp,random,mse,all,HLA-B*58:01,spearman,-1.0,3,3,False
baseline_plus_conditional_mean_logp,random,mse,all,HLA-B*58:01,pearson_log,-0.9645540389753054,3,3,False
baseline_plus_conditional_mean_logp,random,mse,all,HLA-B*58:01,auc_gt_2h,0.0,3,3,False
baseline_plus_conditional_mean_logp,random,mse,all,HLA-B*81:01,spearman,,2,2,False
baseline_plus_conditional_mean_logp,random,mse,all,HLA-B*81:01,pearson_log,,2,2,False
baseline_plus_conditional_mean_logp,random,mse,all,HLA-B*81:01,auc_gt_2h,,2,2,False
baseline_plus_conditional_mean_logp,random,mse,nonzero,HLA-A*01:01,spearman,,2,2,False
baseline_plus_conditional_mean_logp,random,mse,nonzero,HLA-A*01:01,pearson_log,,2,2,False
baseline_plus_conditional_mean_logp,random,mse,nonzero,HLA-A*01:01,auc_gt_2h,,2,2,False
baseline_plus_conditional_mean_logp,random,mse,nonzero,HLA-A*02:01,spearman,-0.5,3,3,False
baseline_plus_conditional_mean_logp,random,mse,nonzero,HLA-A*02:01,pearson_log,-0.5761383311080315,3,3,False
baseline_plus_conditional_mean_logp,random,mse,nonzero,HLA-A*02:01,auc_gt_2h,,3,3,False
baseline_plus_conditional_mean_logp,random,mse,nonzero,HLA-A*02:03,spearman,,2,2,False
baseline_plus_conditional_mean_logp,random,mse,nonzero,HLA-A*02:03,pearson_log,,2,2,False
baseline_plus_conditional_mean_logp,random,mse,nonzero,HLA-A*02:03,auc_gt_2h,1.0,2,2,False
baseline_plus_conditional_mean_logp,random,mse,nonzero,HLA-A*02:05,spearman,-1.0,3,3,False
baseline_plus_conditional_mean_logp,random,mse,nonzero,HLA-A*02:05,pearson_log,-0.999962142208122,3,3,False
baseline_plus_conditional_mean_logp,random,mse,nonzero,HLA-A*02:05,auc_gt_2h,,3,3,False
baseline_plus_conditional_mean_logp,random,mse,nonzero,HLA-A*02:10,spearman,0.5,3,3,False
baseline_plus_conditional_mean_logp,random,mse,nonzero,HLA-A*02:10,pearson_log,0.695442449389499,3,3,False
baseline_plus_conditional_mean_logp,random,mse,nonzero,HLA-A*02:10,auc_gt_2h,1.0,3,3,False
baseline_plus_conditional_mean_logp,random,mse,nonzero,HLA-A*02:11,spearman,-1.0,3,3,False
baseline_plus_conditional_mean_logp,random,mse,nonzero,HLA-A*02:11,pearson_log,-0.9705078898296524,3,3,False
baseline_plus_conditional_mean_logp,random,mse,nonzero,HLA-A*02:11,auc_gt_2h,,3,3,False
baseline_plus_conditional_mean_logp,random,mse,nonzero,HLA-A*02:12,spearman,-1.0,3,3,False
baseline_plus_conditional_mean_logp,random,mse,nonzero,HLA-A*02:12,pearson_log,-0.9507329785699767,3,3,False
baseline_plus_conditional_mean_logp,random,mse,nonzero,HLA-A*02:12,auc_gt_2h,,3,3,False
baseline_plus_conditional_mean_logp,random,mse,nonzero,HLA-A*02:16,spearman,0.5,3,3,False
baseline_plus_conditional_mean_logp,random,mse,nonzero,HLA-A*02:16,pearson_log,0.1630987357861803,3,3,False
baseline_plus_conditional_mean_logp,random,mse,nonzero,HLA-A*02:16,auc_gt_2h,0.5,3,3,False
baseline_plus_conditional_mean_logp,random,mse,nonzero,HLA-A*02:19,spearman,0.5,3,3,False
baseline_plus_conditional_mean_logp,random,mse,nonzero,HLA-A*02:19,pearson_log,0.44057144925500147,3,3,False
baseline_plus_conditional_mean_logp,random,mse,nonzero,HLA-A*02:19,auc_gt_2h,,3,3,False
baseline_plus_conditional_mean_logp,random,mse,nonzero,HLA-A*02:50,spearman,-1.0,3,3,False
baseline_plus_conditional_mean_logp,random,mse,nonzero,HLA-A*02:50,pearson_log,-0.9541992519292829,3,3,False
baseline_plus_conditional_mean_logp,random,mse,nonzero,HLA-A*02:50,auc_gt_2h,,3,3,False
baseline_plus_conditional_mean_logp,random,mse,nonzero,HLA-A*03:01,spearman,,2,2,False
baseline_plus_conditional_mean_logp,random,mse,nonzero,HLA-A*03:01,pearson_log,,2,2,False
baseline_plus_conditional_mean_logp,random,mse,nonzero,HLA-A*03:01,auc_gt_2h,1.0,2,2,False
baseline_plus_conditional_mean_logp,random,mse,nonzero,HLA-A*11:01,spearman,0.5,3,3,False
baseline_plus_conditional_mean_logp,random,mse,nonzero,HLA-A*11:01,pearson_log,0.9990319523135407,3,3,False
baseline_plus_conditional_mean_logp,random,mse,nonzero,HLA-A*11:01,auc_gt_2h,1.0,3,3,False
baseline_plus_conditional_mean_logp,random,mse,nonzero,HLA-A*23:01,spearman,-0.5,3,3,False
baseline_plus_conditional_mean_logp,random,mse,nonzero,HLA-A*23:01,pearson_log,-0.3617900269739037,3,3,False
baseline_plus_conditional_mean_logp,random,mse,nonzero,HLA-A*23:01,auc_gt_2h,0.0,3,3,False
baseline_plus_conditional_mean_logp,random,mse,nonzero,HLA-A*24:02,spearman,0.5,3,3,False
baseline_plus_conditional_mean_logp,random,mse,nonzero,HLA-A*24:02,pearson_log,0.9201682531545603,3,3,False
baseline_plus_conditional_mean_logp,random,mse,nonzero,HLA-A*24:02,auc_gt_2h,1.0,3,3,False
baseline_plus_conditional_mean_logp,random,mse,nonzero,HLA-A*24:03,spearman,1.0,3,3,False
baseline_plus_conditional_mean_logp,random,mse,nonzero,HLA-A*24:03,pearson_log,0.9338770030052732,3,3,False
baseline_plus_conditional_mean_logp,random,mse,nonzero,HLA-A*24:03,auc_gt_2h,1.0,3,3,False
baseline_plus_conditional_mean_logp,random,mse,nonzero,HLA-A*24:07,spearman,-0.5,3,3,False
baseline_plus_conditional_mean_logp,random,mse,nonzero,HLA-A*24:07,pearson_log,-0.7183120116134507,3,3,False
baseline_plus_conditional_mean_logp,random,mse,nonzero,HLA-A*24:07,auc_gt_2h,,3,3,False
baseline_plus_conditional_mean_logp,random,mse,nonzero,HLA-A*24:19,spearman,,2,2,False
baseline_plus_conditional_mean_logp,random,mse,nonzero,HLA-A*24:19,pearson_log,,2,2,False
baseline_plus_conditional_mean_logp,random,mse,nonzero,HLA-A*24:19,auc_gt_2h,,2,2,False
baseline_plus_conditional_mean_logp,random,mse,nonzero,HLA-A*25:01,spearman,,1,1,True
baseline_plus_conditional_mean_logp,random,mse,nonzero,HLA-A*25:01,pearson_log,,1,1,True
baseline_plus_conditional_mean_logp,random,mse,nonzero,HLA-A*25:01,auc_gt_2h,,1,1,True
baseline_plus_conditional_mean_logp,random,mse,nonzero,HLA-A*26:01,spearman,-0.5,3,3,False
baseline_plus_conditional_mean_logp,random,mse,nonzero,HLA-A*26:01,pearson_log,-0.37475030575582036,3,3,False
baseline_plus_conditional_mean_logp,random,mse,nonzero,HLA-A*26:01,auc_gt_2h,,3,3,False
baseline_plus_conditional_mean_logp,random,mse,nonzero,HLA-A*26:02,spearman,-1.0,3,3,False
baseline_plus_conditional_mean_logp,random,mse,nonzero,HLA-A*26:02,pearson_log,-0.9852847827596753,3,3,False
baseline_plus_conditional_mean_logp,random,mse,nonzero,HLA-A*26:02,auc_gt_2h,0.0,3,3,False
baseline_plus_conditional_mean_logp,random,mse,nonzero,HLA-A*26:03,spearman,,1,1,True
baseline_plus_conditional_mean_logp,random,mse,nonzero,HLA-A*26:03,pearson_log,,1,1,True
baseline_plus_conditional_mean_logp,random,mse,nonzero,HLA-A*26:03,auc_gt_2h,,1,1,True
baseline_plus_conditional_mean_logp,random,mse,nonzero,HLA-A*29:02,spearman,0.5,3,3,False
baseline_plus_conditional_mean_logp,random,mse,nonzero,HLA-A*29:02,pearson_log,0.5747449640581939,3,3,False
baseline_plus_conditional_mean_logp,random,mse,nonzero,HLA-A*29:02,auc_gt_2h,1.0,3,3,False
baseline_plus_conditional_mean_logp,random,mse,nonzero,HLA-A*30:01,spearman,,2,2,False
baseline_plus_conditional_mean_logp,random,mse,nonzero,HLA-A*30:01,pearson_log,,2,2,False
baseline_plus_conditional_mean_logp,random,mse,nonzero,HLA-A*30:01,auc_gt_2h,1.0,2,2,False
baseline_plus_conditional_mean_logp,random,mse,nonzero,HLA-A*30:02,spearman,,2,2,False
baseline_plus_conditional_mean_logp,random,mse,nonzero,HLA-A*30:02,pearson_log,,2,2,False
baseline_plus_conditional_mean_logp,random,mse,nonzero,HLA-A*30:02,auc_gt_2h,0.0,2,2,False
baseline_plus_conditional_mean_logp,random,mse,nonzero,HLA-A*31:01,spearman,0.5,3,3,False
baseline_plus_conditional_mean_logp,random,mse,nonzero,HLA-A*31:01,pearson_log,0.6936451572752763,3,3,False
baseline_plus_conditional_mean_logp,random,mse,nonzero,HLA-A*31:01,auc_gt_2h,1.0,3,3,False
baseline_plus_conditional_mean_logp,random,mse,nonzero,HLA-A*32:01,spearman,,2,2,False
baseline_plus_conditional_mean_logp,random,mse,nonzero,HLA-A*32:01,pearson_log,,2,2,False
baseline_plus_conditional_mean_logp,random,mse,nonzero,HLA-A*32:01,auc_gt_2h,,2,2,False
baseline_plus_conditional_mean_logp,random,mse,nonzero,HLA-A*32:07,spearman,0.5,3,3,False
baseline_plus_conditional_mean_logp,random,mse,nonzero,HLA-A*32:07,pearson_log,-0.16852855826564872,3,3,False
baseline_plus_conditional_mean_logp,random,mse,nonzero,HLA-A*32:07,auc_gt_2h,0.5,3,3,False
baseline_plus_conditional_mean_logp,random,mse,nonzero,HLA-A*33:03,spearman,,2,2,False
baseline_plus_conditional_mean_logp,random,mse,nonzero,HLA-A*33:03,pearson_log,,2,2,False
baseline_plus_conditional_mean_logp,random,mse,nonzero,HLA-A*33:03,auc_gt_2h,1.0,2,2,False
baseline_plus_conditional_mean_logp,random,mse,nonzero,HLA-A*43:01,spearman,,2,2,False
baseline_plus_conditional_mean_logp,random,mse,nonzero,HLA-A*43:01,pearson_log,,2,2,False
baseline_plus_conditional_mean_logp,random,mse,nonzero,HLA-A*43:01,auc_gt_2h,0.0,2,2,False
baseline_plus_conditional_mean_logp,random,mse,nonzero,HLA-A*66:01,spearman,,2,2,False
baseline_plus_conditional_mean_logp,random,mse,nonzero,HLA-A*66:01,pearson_log,,2,2,False
baseline_plus_conditional_mean_logp,random,mse,nonzero,HLA-A*66:01,auc_gt_2h,,2,2,False
baseline_plus_conditional_mean_logp,random,mse,nonzero,HLA-A*68:01,spearman,,2,2,False
baseline_plus_conditional_mean_logp,random,mse,nonzero,HLA-A*68:01,pearson_log,,2,2,False
baseline_plus_conditional_mean_logp,random,mse,nonzero,HLA-A*68:01,auc_gt_2h,,2,2,False
baseline_plus_conditional_mean_logp,random,mse,nonzero,HLA-A*68:02,spearman,-0.5,3,3,False
baseline_plus_conditional_mean_logp,random,mse,nonzero,HLA-A*68:02,pearson_log,-0.45284592664349843,3,3,False
baseline_plus_conditional_mean_logp,random,mse,nonzero,HLA-A*68:02,auc_gt_2h,0.0,3,3,False
baseline_plus_conditional_mean_logp,random,mse,nonzero,HLA-A*68:23,spearman,,2,2,False
baseline_plus_conditional_mean_logp,random,mse,nonzero,HLA-A*68:23,pearson_log,,2,2,False
baseline_plus_conditional_mean_logp,random,mse,nonzero,HLA-A*68:23,auc_gt_2h,,2,2,False
baseline_plus_conditional_mean_logp,random,mse,nonzero,HLA-A*69:01,spearman,-0.5,3,3,False
baseline_plus_conditional_mean_logp,random,mse,nonzero,HLA-A*69:01,pearson_log,0.242662819875419,3,3,False
baseline_plus_conditional_mean_logp,random,mse,nonzero,HLA-A*69:01,auc_gt_2h,,3,3,False
baseline_plus_conditional_mean_logp,random,mse,nonzero,HLA-A*74:01,spearman,,2,2,False
baseline_plus_conditional_mean_logp,random,mse,nonzero,HLA-A*74:01,pearson_log,,2,2,False
baseline_plus_conditional_mean_logp,random,mse,nonzero,HLA-A*74:01,auc_gt_2h,,2,2,False
baseline_plus_conditional_mean_logp,random,mse,nonzero,HLA-A*80:01,spearman,,2,2,False
baseline_plus_conditional_mean_logp,random,mse,nonzero,HLA-A*80:01,pearson_log,,2,2,False
baseline_plus_conditional_mean_logp,random,mse,nonzero,HLA-A*80:01,auc_gt_2h,1.0,2,2,False
baseline_plus_conditional_mean_logp,random,mse,nonzero,HLA-B*07:02,spearman,,2,2,False
baseline_plus_conditional_mean_logp,random,mse,nonzero,HLA-B*07:02,pearson_log,,2,2,False
baseline_plus_conditional_mean_logp,random,mse,nonzero,HLA-B*07:02,auc_gt_2h,,2,2,False
baseline_plus_conditional_mean_logp,random,mse,nonzero,HLA-B*08:01,spearman,0.0,3,3,False
baseline_plus_conditional_mean_logp,random,mse,nonzero,HLA-B*08:01,pearson_log,0.21854949377357474,3,3,False
baseline_plus_conditional_mean_logp,random,mse,nonzero,HLA-B*08:01,auc_gt_2h,,3,3,False
baseline_plus_conditional_mean_logp,random,mse,nonzero,HLA-B*08:03,spearman,,1,1,True
baseline_plus_conditional_mean_logp,random,mse,nonzero,HLA-B*08:03,pearson_log,,1,1,True
baseline_plus_conditional_mean_logp,random,mse,nonzero,HLA-B*08:03,auc_gt_2h,,1,1,True
baseline_plus_conditional_mean_logp,random,mse,nonzero,HLA-B*13:02,spearman,,1,1,True
baseline_plus_conditional_mean_logp,random,mse,nonzero,HLA-B*13:02,pearson_log,,1,1,True
baseline_plus_conditional_mean_logp,random,mse,nonzero,HLA-B*13:02,auc_gt_2h,,1,1,True
baseline_plus_conditional_mean_logp,random,mse,nonzero,HLA-B*14:02(C67S),spearman,,1,1,True
baseline_plus_conditional_mean_logp,random,mse,nonzero,HLA-B*14:02(C67S),pearson_log,,1,1,True
baseline_plus_conditional_mean_logp,random,mse,nonzero,HLA-B*14:02(C67S),auc_gt_2h,,1,1,True
baseline_plus_conditional_mean_logp,random,mse,nonzero,HLA-B*15:01,spearman,,2,2,False
baseline_plus_conditional_mean_logp,random,mse,nonzero,HLA-B*15:01,pearson_log,,2,2,False
baseline_plus_conditional_mean_logp,random,mse,nonzero,HLA-B*15:01,auc_gt_2h,1.0,2,2,False
baseline_plus_conditional_mean_logp,random,mse,nonzero,HLA-B*15:02,spearman,,2,2,False
baseline_plus_conditional_mean_logp,random,mse,nonzero,HLA-B*15:02,pearson_log,,2,2,False
baseline_plus_conditional_mean_logp,random,mse,nonzero,HLA-B*15:02,auc_gt_2h,1.0,2,2,False
baseline_plus_conditional_mean_logp,random,mse,nonzero,HLA-B*15:10,spearman,,2,2,False
baseline_plus_conditional_mean_logp,random,mse,nonzero,HLA-B*15:10,pearson_log,,2,2,False
baseline_plus_conditional_mean_logp,random,mse,nonzero,HLA-B*15:10,auc_gt_2h,0.0,2,2,False
baseline_plus_conditional_mean_logp,random,mse,nonzero,HLA-B*15:17,spearman,,1,1,True
baseline_plus_conditional_mean_logp,random,mse,nonzero,HLA-B*15:17,pearson_log,,1,1,True
baseline_plus_conditional_mean_logp,random,mse,nonzero,HLA-B*15:17,auc_gt_2h,,1,1,True
baseline_plus_conditional_mean_logp,random,mse,nonzero,HLA-B*18:01,spearman,,2,2,False
baseline_plus_conditional_mean_logp,random,mse,nonzero,HLA-B*18:01,pearson_log,,2,2,False
baseline_plus_conditional_mean_logp,random,mse,nonzero,HLA-B*18:01,auc_gt_2h,0.0,2,2,False
baseline_plus_conditional_mean_logp,random,mse,nonzero,HLA-B*27:02,spearman,,2,2,False
baseline_plus_conditional_mean_logp,random,mse,nonzero,HLA-B*27:02,pearson_log,,2,2,False
baseline_plus_conditional_mean_logp,random,mse,nonzero,HLA-B*27:02,auc_gt_2h,,2,2,False
baseline_plus_conditional_mean_logp,random,mse,nonzero,HLA-B*27:03,spearman,,2,2,False
baseline_plus_conditional_mean_logp,random,mse,nonzero,HLA-B*27:03,pearson_log,,2,2,False
baseline_plus_conditional_mean_logp,random,mse,nonzero,HLA-B*27:03,auc_gt_2h,,2,2,False
baseline_plus_conditional_mean_logp,random,mse,nonzero,HLA-B*27:05,spearman,0.5,3,3,False
baseline_plus_conditional_mean_logp,random,mse,nonzero,HLA-B*27:05,pearson_log,0.5248357485429385,3,3,False
baseline_plus_conditional_mean_logp,random,mse,nonzero,HLA-B*27:05,auc_gt_2h,0.5,3,3,False
baseline_plus_conditional_mean_logp,random,mse,nonzero,HLA-B*27:20,spearman,,1,1,True
baseline_plus_conditional_mean_logp,random,mse,nonzero,HLA-B*27:20,pearson_log,,1,1,True
baseline_plus_conditional_mean_logp,random,mse,nonzero,HLA-B*27:20,auc_gt_2h,,1,1,True
baseline_plus_conditional_mean_logp,random,mse,nonzero,HLA-B*35:01,spearman,,1,1,True
baseline_plus_conditional_mean_logp,random,mse,nonzero,HLA-B*35:01,pearson_log,,1,1,True
baseline_plus_conditional_mean_logp,random,mse,nonzero,HLA-B*35:01,auc_gt_2h,,1,1,True
baseline_plus_conditional_mean_logp,random,mse,nonzero,HLA-B*35:03,spearman,,2,2,False
baseline_plus_conditional_mean_logp,random,mse,nonzero,HLA-B*35:03,pearson_log,,2,2,False
baseline_plus_conditional_mean_logp,random,mse,nonzero,HLA-B*35:03,auc_gt_2h,0.0,2,2,False
baseline_plus_conditional_mean_logp,random,mse,nonzero,HLA-B*35:08,spearman,0.5,3,3,False
baseline_plus_conditional_mean_logp,random,mse,nonzero,HLA-B*35:08,pearson_log,0.7643143112970815,3,3,False
baseline_plus_conditional_mean_logp,random,mse,nonzero,HLA-B*35:08,auc_gt_2h,1.0,3,3,False
baseline_plus_conditional_mean_logp,random,mse,nonzero,HLA-B*39:01,spearman,,2,2,False
baseline_plus_conditional_mean_logp,random,mse,nonzero,HLA-B*39:01,pearson_log,,2,2,False
baseline_plus_conditional_mean_logp,random,mse,nonzero,HLA-B*39:01,auc_gt_2h,,2,2,False
baseline_plus_conditional_mean_logp,random,mse,nonzero,HLA-B*39:02,spearman,,2,2,False
baseline_plus_conditional_mean_logp,random,mse,nonzero,HLA-B*39:02,pearson_log,,2,2,False
baseline_plus_conditional_mean_logp,random,mse,nonzero,HLA-B*39:02,auc_gt_2h,,2,2,False
baseline_plus_conditional_mean_logp,random,mse,nonzero,HLA-B*39:10,spearman,,2,2,False
baseline_plus_conditional_mean_logp,random,mse,nonzero,HLA-B*39:10,pearson_log,,2,2,False
baseline_plus_conditional_mean_logp,random,mse,nonzero,HLA-B*39:10,auc_gt_2h,1.0,2,2,False
baseline_plus_conditional_mean_logp,random,mse,nonzero,HLA-B*40:01,spearman,-0.5,3,3,False
baseline_plus_conditional_mean_logp,random,mse,nonzero,HLA-B*40:01,pearson_log,0.13386118948270592,3,3,False
baseline_plus_conditional_mean_logp,random,mse,nonzero,HLA-B*40:01,auc_gt_2h,,3,3,False
baseline_plus_conditional_mean_logp,random,mse,nonzero,HLA-B*40:02,spearman,1.0,3,3,False
baseline_plus_conditional_mean_logp,random,mse,nonzero,HLA-B*40:02,pearson_log,0.7457901253998317,3,3,False
baseline_plus_conditional_mean_logp,random,mse,nonzero,HLA-B*40:02,auc_gt_2h,1.0,3,3,False
baseline_plus_conditional_mean_logp,random,mse,nonzero,HLA-B*41:01,spearman,,2,2,False
baseline_plus_conditional_mean_logp,random,mse,nonzero,HLA-B*41:01,pearson_log,,2,2,False
baseline_plus_conditional_mean_logp,random,mse,nonzero,HLA-B*41:01,auc_gt_2h,,2,2,False
baseline_plus_conditional_mean_logp,random,mse,nonzero,HLA-B*42:01,spearman,,2,2,False
baseline_plus_conditional_mean_logp,random,mse,nonzero,HLA-B*42:01,pearson_log,,2,2,False
baseline_plus_conditional_mean_logp,random,mse,nonzero,HLA-B*42:01,auc_gt_2h,,2,2,False
baseline_plus_conditional_mean_logp,random,mse,nonzero,HLA-B*42:02,spearman,-0.5,3,3,False
baseline_plus_conditional_mean_logp,random,mse,nonzero,HLA-B*42:02,pearson_log,-0.6039659268964367,3,3,False
baseline_plus_conditional_mean_logp,random,mse,nonzero,HLA-B*42:02,auc_gt_2h,0.0,3,3,False
baseline_plus_conditional_mean_logp,random,mse,nonzero,HLA-B*44:05,spearman,,2,2,False
baseline_plus_conditional_mean_logp,random,mse,nonzero,HLA-B*44:05,pearson_log,,2,2,False
baseline_plus_conditional_mean_logp,random,mse,nonzero,HLA-B*44:05,auc_gt_2h,,2,2,False
baseline_plus_conditional_mean_logp,random,mse,nonzero,HLA-B*45:01,spearman,,1,1,True
baseline_plus_conditional_mean_logp,random,mse,nonzero,HLA-B*45:01,pearson_log,,1,1,True
baseline_plus_conditional_mean_logp,random,mse,nonzero,HLA-B*45:01,auc_gt_2h,,1,1,True
baseline_plus_conditional_mean_logp,random,mse,nonzero,HLA-B*46:01,spearman,,1,1,True
baseline_plus_conditional_mean_logp,random,mse,nonzero,HLA-B*46:01,pearson_log,,1,1,True
baseline_plus_conditional_mean_logp,random,mse,nonzero,HLA-B*46:01,auc_gt_2h,,1,1,True
baseline_plus_conditional_mean_logp,random,mse,nonzero,HLA-B*51:01,spearman,,1,1,True
baseline_plus_conditional_mean_logp,random,mse,nonzero,HLA-B*51:01,pearson_log,,1,1,True
baseline_plus_conditional_mean_logp,random,mse,nonzero,HLA-B*51:01,auc_gt_2h,,1,1,True
baseline_plus_conditional_mean_logp,random,mse,nonzero,HLA-B*54:01,spearman,,2,2,False
baseline_plus_conditional_mean_logp,random,mse,nonzero,HLA-B*54:01,pearson_log,,2,2,False
baseline_plus_conditional_mean_logp,random,mse,nonzero,HLA-B*54:01,auc_gt_2h,0.0,2,2,False
baseline_plus_conditional_mean_logp,random,mse,nonzero,HLA-B*56:01,spearman,,2,2,False
baseline_plus_conditional_mean_logp,random,mse,nonzero,HLA-B*56:01,pearson_log,,2,2,False
baseline_plus_conditional_mean_logp,random,mse,nonzero,HLA-B*56:01,auc_gt_2h,,2,2,False
baseline_plus_conditional_mean_logp,random,mse,nonzero,HLA-B*57:01,spearman,,2,2,False
baseline_plus_conditional_mean_logp,random,mse,nonzero,HLA-B*57:01,pearson_log,,2,2,False
baseline_plus_conditional_mean_logp,random,mse,nonzero,HLA-B*57:01,auc_gt_2h,,2,2,False
baseline_plus_conditional_mean_logp,random,mse,nonzero,HLA-B*57:02,spearman,,2,2,False
baseline_plus_conditional_mean_logp,random,mse,nonzero,HLA-B*57:02,pearson_log,,2,2,False
baseline_plus_conditional_mean_logp,random,mse,nonzero,HLA-B*57:02,auc_gt_2h,,2,2,False
baseline_plus_conditional_mean_logp,random,mse,nonzero,HLA-B*57:03,spearman,,2,2,False
baseline_plus_conditional_mean_logp,random,mse,nonzero,HLA-B*57:03,pearson_log,,2,2,False
baseline_plus_conditional_mean_logp,random,mse,nonzero,HLA-B*57:03,auc_gt_2h,,2,2,False
baseline_plus_conditional_mean_logp,random,mse,nonzero,HLA-B*58:01,spearman,-1.0,3,3,False
baseline_plus_conditional_mean_logp,random,mse,nonzero,HLA-B*58:01,pearson_log,-0.9645540389753054,3,3,False
baseline_plus_conditional_mean_logp,random,mse,nonzero,HLA-B*58:01,auc_gt_2h,0.0,3,3,False
baseline_plus_conditional_mean_logp,random,mse,nonzero,HLA-B*81:01,spearman,,2,2,False
baseline_plus_conditional_mean_logp,random,mse,nonzero,HLA-B*81:01,pearson_log,,2,2,False
baseline_plus_conditional_mean_logp,random,mse,nonzero,HLA-B*81:01,auc_gt_2h,,2,2,False
