representation,split,loss,subset,allele,metric,value,n,n_total,constant_prediction
allele_embedding,leave_one_allele_out,censored_hinge,all,HLA-A*01:01,spearman,,0,14,False
allele_embedding,leave_one_allele_out,censored_hinge,all,HLA-A*01:01,pearson_log,,0,14,False
allele_embedding,leave_one_allele_out,censored_hinge,all,HLA-A*01:01,auc_gt_2h,,0,14,False
allele_embedding,leave_one_allele_out,censored_hinge,all,HLA-A*02:01,spearman,,0,14,False
allele_embedding,leave_one_allele_out,censored_hinge,all,HLA-A*02:01,pearson_log,,0,14,False
allele_embedding,leave_one_allele_out,censored_hinge,all,HLA-A*02:01,auc_gt_2h,,0,14,False
allele_embedding,leave_one_allele_out,censored_hinge,all,HLA-A*02:03,spearman,,0,14,False
allele_embedding,leave_one_allele_out,censored_hinge,all,HLA-A*02:03,pearson_log,,0,14,False
allele_embedding,leave_one_allele_out,censored_hinge,all,HLA-A*02:03,auc_gt_2h,,0,14,False
allele_embedding,leave_one_allele_out,censored_hinge,all,HLA-A*02:05,spearman,,0,14,False
allele_embedding,leave_one_allele_out,censored_hinge,all,HLA-A*02:05,pearson_log,,0,14,False
allele_embedding,leave_one_allele_out,censored_hinge,all,HLA-A*02:05,auc_gt_2h,,0,14,False
allele_embedding,leave_one_allele_out,censored_hinge,all,HLA-A*02:10,spearman,,0,14,False
allele_embedding,leave_one_allele_out,censored_hinge,all,HLA-A*02:10,pearson_log,,0,14,False
allele_embedding,leave_one_allele_out,censored_hinge,all,HLA-A*02:10,auc_gt_2h,,0,14,False
allele_embedding,leave_one_allele_out,censored_hinge,all,HLA-A*02:11,spearman,,0,14,False
allele_embedding,leave_one_allele_out,censored_hinge,all,HLA-A*02:11,pearson_log,,0,14,False
allele_embedding,leave_one_allele_out,censored_hinge,all,HLA-A*02:11,auc_gt_2h,,0,14,False
allele_embedding,leave_one_allele_out,censored_hinge,all,HLA-A*02:12,spearman,,0,14,False
allele_embedding,leave_one_allele_out,censored_hinge,all,HLA-A*02:12,pearson_log,,0,14,False
allele_embedding,leave_one_allele_out,censored_hinge,all,HLA-A*02:12,auc_gt_2h,,0,14,False
allele_embedding,leave_one_allele_out,censored_hinge,all,HLA-A*02:16,spearman,,0,14,False
allele_embedding,leave_one_allele_out,censored_hinge,all,HLA-A*02:16,pearson_log,,0,14,False
allele_embedding,leave_one_allele_out,censored_hinge,all,HLA-A*02:16,auc_gt_2h,,0,14,False
allele_embedding,leave_one_allele_out,censored_hinge,all,HLA-A*02:19,spearman,,0,14,False
allele_embedding,leave_one_allele_out,censored_hinge,all,HLA-A*02:19,pearson_log,,0,14,False
allele_embedding,leave_one_allele_out,censored_hinge,all,HLA-A*02:19,auc_gt_2h,,0,14,False
allele_embedding,leave_one_allele_out,censored_hinge,all,HLA-A*02:50,spearman,,0,14,False
allele_embedding,leave_one_allele_out,censored_hinge,all,HLA-A*02:50,pearson_log,,0,14,False
allele_embedding,leave_one_allele_out,censored_hinge,all,HLA-A*02:50,auc_gt_2h,,0,14,False
allele_embedding,leave_one_allele_out,censored_hinge,all,HLA-A*03:01,spearman,,0,14,False
allele_embedding,leave_one_allele_out,censored_hinge,all,HLA-A*03:01,pearson_log,,0,14,False
allele_embedding,leave_one_allele_out,censored_hinge,all,HLA-A*03:01,auc_gt_2h,,0,14,False
allele_embedding,leave_one_allele_out,censored_hinge,all,HLA-A*11:01,spearman,,0,14,False
allele_embedding,leave_one_allele_out,censored_hinge,all,HLA-A*11:01,pearson_log,,0,14,False
allele_embedding,leave_one_allele_out,censored_hinge,all,HLA-A*11:01,auc_gt_2h,,0,14,False
allele_embedding,leave_one_allele_out,censored_hinge,all,HLA-A*23:01,spearman,,0,14,False
allele_embedding,leave_one_allele_out,censored_hinge,all,HLA-A*23:01,pearson_log,,0,14,False
allele_embedding,leave_one_allele_out,censored_hinge,all,HLA-A*23:01,auc_gt_2h,,0,14,False
allele_embedding,leave_one_allele_out,censored_hinge,all,HLA-A*24:02,spearman,,0,14,False
allele_embedding,leave_one_allele_out,censored_hinge,all,HLA-A*24:02,pearson_log,,0,14,False
allele_embedding,leave_one_allele_out,censored_hinge,all,HLA-A*24:02,auc_gt_2h,,0,14,False
allele_embedding,leave_one_allele_out,censored_hinge,all,HLA-A*24:03,spearman,,0,14,False
allele_embedding,leave_one_allele_out,censored_hinge,all,HLA-A*24:03,pearson_log,,0,14,False
allele_embedding,leave_one_allele_out,censored_hinge,all,HLA-A*24:03,auc_gt_2h,,0,14,False
allele_embedding,leave_one_allele_out,censored_hinge,all,HLA-A*24:07,spearman,,0,14,False
allele_embedding,leave_one_allele_out,censored_hinge,all,HLA-A*24:07,pearson_log,,0,14,False
allele_embedding,leave_one_allele_out,censored_hinge,all,HLA-A*24:07,auc_gt_2h,,0,14,False
allele_embedding,leave_one_allele_out,censored_hinge,all,HLA-A*24:19,spearman,,0,14,False
allele_embedding,leave_one_allele_out,censored_hinge,all,HLA-A*24:19,pearson_log,,0,14,False
allele_embedding,leave_one_allele_out,censored_hinge,all,HLA-A*24:19,auc_gt_2h,,0,14,False
allele_embedding,leave_one_allele_out,censored_hinge,all,HLA-A*25:01,spearman,,0,14,False
allele_embedding,leave_one_allele_out,censored_hinge,all,HLA-A*25:01,pearson_log,,0,14,False
allele_embedding,leave_one_allele_out,censored_hinge,all,HLA-A*25:01,auc_gt_2h,,0,14,False
allele_embedding,leave_one_allele_out,censored_hinge,all,HLA-A*26:01,spearman,,0,14,False
allele_embedding,leave_one_allele_out,censored_hinge,all,HLA-A*26:01,pearson_log,,0,14,False
allele_embedding,leave_one_allele_out,censored_hinge,all,HLA-A*26:01,auc_gt_2h,,0,14,False
allele_embedding,leave_one_allele_out,censored_hinge,all,HLA-A*26:02,spearman,,0,14,False
allele_embedding,leave_one_allele_out,censored_hinge,all,HLA-A*26:02,pearson_log,,0,14,False
allele_embedding,leave_one_allele_out,censored_hinge,all,HLA-A*26:02,auc_gt_2h,,0,14,False
allele_embedding,leave_one_allele_out,censored_hinge,all,HLA-A*26:03,spearman,,0,14,False
allele_embedding,leave_one_allele_out,censored_hinge,all,HLA-A*26:03,pearson_log,,0,14,False
allele_embedding,leave_one_allele_out,censored_hinge,all,HLA-A*26:03,auc_gt_2h,,0,14,False
allele_embedding,leave_one_allele_out,censored_hinge,all,HLA-A*29:02,spearman,,0,14,False
allele_embedding,leave_one_allele_out,censored_hinge,all,HLA-A*29:02,pearson_log,,0,14,False
allele_embedding,leave_one_allele_out,censored_hinge,all,HLA-A*29:02,auc_gt_2h,,0,14,False
allele_embedding,leave_one_allele_out,censored_hinge,all,HLA-A*30:01,spearman,,0,14,False
allele_embedding,leave_one_allele_out,censored_hinge,all,HLA-A*30:01,pearson_log,,0,14,False
allele_embedding,leave_one_allele_out,censored_hinge,all,HLA-A*30:01,auc_gt_2h,,0,14,False
allele_embedding,leave_one_allele_out,censored_hinge,all,HLA-A*30:02,spearman,,0,14,False
allele_embedding,leave_one_allele_out,censored_hinge,all,HLA-A*30:02,pearson_log,,0,14,False
allele_embedding,leave_one_allele_out,censored_hinge,all,HLA-A*30:02,auc_gt_2h,,0,14,False
allele_embedding,leave_one_allele_out,censored_hinge,all,HLA-A*31:01,spearman,,0,14,False
allele_embedding,leave_one_allele_out,censored_hinge,all,HLA-A*31:01,pearson_log,,0,14,False
allele_embedding,leave_one_allele_out,censored_hinge,all,HLA-A*31:01,auc_gt_2h,,0,14,False
allele_embedding,leave_one_allele_out,censored_hinge,all,HLA-A*32:01,spearman,,0,14,False
allele_embedding,leave_one_allele_out,censored_hinge,all,HLA-A*32:01,pearson_log,,0,14,False
allele_embedding,leave_one_allele_out,censored_hinge,all,HLA-A*32:01,auc_gt_2h,,0,14,False
allele_embedding,leave_one_allele_out,censored_hinge,all,HLA-A*32:07,spearman,,0,14,False
allele_embedding,leave_one_allele_out,censored_hinge,all,HLA-A*32:07,pearson_log,,0,14,False
allele_embedding,leave_one_allele_out,censored_hinge,all,HLA-A*32:07,auc_gt_2h,,0,14,False
allele_embedding,leave_one_allele_out,censored_hinge,all,HLA-A*33:03,spearman,,0,14,False
allele_embedding,leave_one_allele_out,censored_hinge,all,HLA-A*33:03,pearson_log,,0,14,False
allele_embedding,leave_one_allele_out,censored_hinge,all,HLA-A*33:03,auc_gt_2h,,0,14,False
allele_embedding,leave_one_allele_out,censored_hinge,all,HLA-A*43:01,spearman,,0,14,False
allele_embedding,leave_one_allele_out,censored_hinge,all,HLA-A*43:01,pearson_log,,0,14,False
allele_embedding,leave_one_allele_out,censored_hinge,all,HLA-A*43:01,auc_gt_2h,,0,14,False
allele_embedding,leave_one_allele_out,censored_hinge,all,HLA-A*66:01,spearman,,0,14,False
allele_embedding,leave_one_allele_out,censored_hinge,all,HLA-A*66:01,pearson_log,,0,14,False
allele_embedding,leave_one_allele_out,censored_hinge,all,HLA-A*66:01,auc_gt_2h,,0,14,False
allele_embedding,leave_one_allele_out,censored_hinge,all,HLA-A*68:01,spearman,,0,14,False
allele_embedding,leave_one_allele_out,censored_hinge,all,HLA-A*68:01,pearson_log,,0,14,False
allele_embedding,leave_one_allele_out,censored_hinge,all,HLA-A*68:01,auc_gt_2h,,0,14,False
allele_embedding,leave_one_allele_out,censored_hinge,all,HLA-A*68:02,spearman,,0,13,False
allele_embedding,leave_one_allele_out,censored_hinge,all,HLA-A*68:02,pearson_log,,0,13,False
allele_embedding,leave_one_allele_out,censored_hinge,all,HLA-A*68:02,auc_gt_2h,,0,13,False
allele_embedding,leave_one_allele_out,censored_hinge,all,HLA-A*68:23,spearman,,0,13,False
allele_embedding,leave_one_allele_out,censored_hinge,all,HLA-A*68:23,pearson_log,,0,13,False
allele_embedding,leave_one_allele_out,censored_hinge,all,HLA-A*68:23,auc_gt_2h,,0,13,False
allele_embedding,leave_one_allele_out,censored_hinge,all,HLA-A*69:01,spearman,,0,13,False
allele_embedding,leave_one_allele_out,censored_hinge,all,HLA-A*69:01,pearson_log,,0,13,False
allele_embedding,leave_one_allele_out,censored_hinge,all,HLA-A*69:01,auc_gt_2h,,0,13,False
allele_embedding,leave_one_allele_out,censored_hinge,all,HLA-A*74:01,spearman,,0,13,False
allele_embedding,leave_one_allele_out,censored_hinge,all,HLA-A*74:01,pearson_log,,0,13,False
allele_embedding,leave_one_allele_out,censored_hinge,all,HLA-A*74:01,auc_gt_2h,,0,13,False
allele_embedding,leave_one_allele_out,censored_hinge,all,HLA-A*80:01,spearman,,0,13,False
allele_embedding,leave_one_allele_out,censored_hinge,all,HLA-A*80:01,pearson_log,,0,13,False
allele_embedding,leave_one_allele_out,censored_hinge,all,HLA-A*80:01,auc_gt_2h,,0,13,False
allele_embedding,leave_one_allele_out,censored_hinge,all,HLA-B*07:02,spearman,,0,13,False
allele_embedding,leave_one_allele_out,censored_hinge,all,HLA-B*07:02,pearson_log,,0,13,False
allele_embedding,leave_one_allele_out,censored_hinge,all,HLA-B*07:02,auc_gt_2h,,0,13,False
allele_embedding,leave_one_allele_out,censored_hinge,all,HLA-B*08:01,spearman,,0,13,False
allele_embedding,leave_one_allele_out,censored_hinge,all,HLA-B*08:01,pearson_log,,0,13,False
allele_embedding,leave_one_allele_out,censored_hinge,all,HLA-B*08:01,auc_gt_2h,,0,13,False
allele_embedding,leave_one_allele_out,censored_hinge,all,HLA-B*08:03,spearman,,0,13,False
allele_embedding,leave_one_allele_out,censored_hinge,all,HLA-B*08:03,pearson_log,,0,13,False
allele_embedding,leave_one_allele_out,censored_hinge,all,HLA-B*08:03,auc_gt_2h,,0,13,False
allele_embedding,leave_one_allele_out,censored_hinge,all,HLA-B*13:02,spearman,,0,7,False
allele_embedding,leave_one_allele_out,censored_hinge,all,HLA-B*13:02,pearson_log,,0,7,False
allele_embedding,leave_one_allele_out,censored_hinge,all,HLA-B*13:02,auc_gt_2h,,0,7,False
allele_embedding,leave_one_allele_out,censored_hinge,all,HLA-B*14:01(C67S),spearman,,0,13,False
allele_embedding,leave_one_allele_out,censored_hinge,all,HLA-B*14:01(C67S),pearson_log,,0,13,False
allele_embedding,leave_one_allele_out,censored_hinge,all,HLA-B*14:01(C67S),auc_gt_2h,,0,13,False
allele_embedding,leave_one_allele_out,censored_hinge,all,HLA-B*14:02(C67S),spearman,,0,13,False
allele_embedding,leave_one_allele_out,censored_hinge,all,HLA-B*14:02(C67S),pearson_log,,0,13,False
allele_embedding,leave_one_allele_out,censored_hinge,all,HLA-B*14:02(C67S),auc_gt_2h,,0,13,False
allele_embedding,leave_one_allele_out,censored_hinge,all,HLA-B*15:01,spearman,,0,13,False
allele_embedding,leave_one_allele_out,censored_hinge,all,HLA-B*15:01,pearson_log,,0,13,False
allele_embedding,leave_one_allele_out,censored_hinge,all,HLA-B*15:01,auc_gt_2h,,0,13,False
allele_embedding,leave_one_allele_out,censored_hinge,all,HLA-B*15:02,spearman,,0,13,False
allele_embedding,leave_one_allele_out,censored_hinge,all,HLA-B*15:02,pearson_log,,0,13,False
allele_embedding,leave_one_allele_out,censored_hinge,all,HLA-B*15:02,auc_gt_2h,,0,13,False
allele_embedding,leave_one_allele_out,censored_hinge,all,HLA-B*15:10,spearman,,0,13,False
allele_embedding,leave_one_allele_out,censored_hinge,all,HLA-B*15:10,pearson_log,,0,13,False
allele_embedding,leave_one_allele_out,censored_hinge,all,HLA-B*15:10,auc_gt_2h,,0,13,False
allele_embedding,leave_one_allele_out,censored_hinge,all,HLA-B*15:17,spearman,,0,13,False
allele_embedding,leave_one_allele_out,censored_hinge,all,HLA-B*15:17,pearson_log,,0,13,False
allele_embedding,leave_one_allele_out,censored_hinge,all,HLA-B*15:17,auc_gt_2h,,0,13,False
allele_embedding,leave_one_allele_out,censored_hinge,all,HLA-B*18:01,spearman,,0,13,False
allele_embedding,leave_one_allele_out,censored_hinge,all,HLA-B*18:01,pearson_log,,0,13,False
allele_embedding,leave_one_allele_out,censored_hinge,all,HLA-B*18:01,auc_gt_2h,,0,13,False
allele_embedding,leave_one_allele_out,censored_hinge,all,HLA-B*27:02,spearman,,0,13,False
allele_embedding,leave_one_allele_out,censored_hinge,all,HLA-B*27:02,pearson_log,,0,13,False
allele_embedding,leave_one_allele_out,censored_hinge,all,HLA-B*27:02,auc_gt_2h,,0,13,False
allele_embedding,leave_one_allele_out,censored_hinge,all,HLA-B*27:03,spearman,,0,13,False
allele_embedding,leave_one_allele_out,censored_hinge,all,HLA-B*27:03,pearson_log,,0,13,False
allele_embedding,leave_one_allele_out,censored_hinge,all,HLA-B*27:03,auc_gt_2h,,0,13,False
allele_embedding,leave_one_allele_out,censored_hinge,all,HLA-B*27:05,spearman,,0,13,False
allele_embedding,leave_one_allele_out,censored_hinge,all,HLA-B*27:05,pearson_log,,0,13,False
allele_embedding,leave_one_allele_out,censored_hinge,all,HLA-B*27:05,auc_gt_2h,,0,13,False
allele_embedding,leave_one_allele_out,censored_hinge,all,HLA-B*27:20,spearman,,0,13,False
allele_embedding,leave_one_allele_out,censored_hinge,all,HLA-B*27:20,pearson_log,,0,13,False
allele_embedding,leave_one_allele_out,censored_hinge,all,HLA-B*27:20,auc_gt_2h,,0,13,False
allele_embedding,leave_one_allele_out,censored_hinge,all,HLA-B*35:01,spearman,,0,13,False
allele_embedding,leave_one_allele_out,censored_hinge,all,HLA-B*35:01,pearson_log,,0,13,False
allele_embedding,leave_one_allele_out,censored_hinge,all,HLA-B*35:01,auc_gt_2h,,0,13,False
allele_embedding,leave_one_allele_out,censored_hinge,all,HLA-B*35:03,spearman,,0,13,False
allele_embedding,leave_one_allele_out,censored_hinge,all,HLA-B*35:03,pearson_log,,0,13,False
allele_embedding,leave_one_allele_out,censored_hinge,all,HLA-B*35:03,auc_gt_2h,,0,13,False
allele_embedding,leave_one_allele_out,censored_hinge,all,HLA-B*35:08,spearman,,0,13,False
allele_embedding,leave_one_allele_out,censored_hinge,all,HLA-B*35:08,pearson_log,,0,13,False
allele_embedding,leave_one_allele_out,censored_hinge,all,HLA-B*35:08,auc_gt_2h,,0,13,False
allele_embedding,leave_one_allele_out,censored_hinge,all,HLA-B*39:01,spearman,,0,13,False
allele_embedding,leave_one_allele_out,censored_hinge,all,HLA-B*39:01,pearson_log,,0,13,False
allele_embedding,leave_one_allele_out,censored_hinge,all,HLA-B*39:01,auc_gt_2h,,0,13,False
allele_embedding,leave_one_allele_out,censored_hinge,all,HLA-B*39:02,spearman,,0,13,False
allele_embedding,leave_one_allele_out,censored_hinge,all,HLA-B*39:02,pearson_log,,0,13,False
allele_embedding,leave_one_allele_out,censored_hinge,all,HLA-B*39:02,auc_gt_2h,,0,13,False
allele_embedding,leave_one_allele_out,censored_hinge,all,HLA-B*39:06(C67S),spearman,,0,13,False
allele_embedding,leave_one_allele_out,censored_hinge,all,HLA-B*39:06(C67S),pearson_log,,0,13,False
allele_embedding,leave_one_allele_out,censored_hinge,all,HLA-B*39:06(C67S),auc_gt_2h,,0,13,False
allele_embedding,leave_one_allele_out,censored_hinge,all,HLA-B*39:10,spearman,,0,13,False
allele_embedding,leave_one_allele_out,censored_hinge,all,HLA-B*39:10,pearson_log,,0,13,False
allele_embedding,leave_one_allele_out,censored_hinge,all,HLA-B*39:10,auc_gt_2h,,0,13,False
allele_embedding,leave_one_allele_out,censored_hinge,all,HLA-B*40:01,spearman,,0,13,False
allele_embedding,leave_one_allele_out,censored_hinge,all,HLA-B*40:01,pearson_log,,0,13,False
allele_embedding,leave_one_allele_out,censored_hinge,all,HLA-B*40:01,auc_gt_2h,,0,13,False
allele_embedding,leave_one_allele_out,censored_hinge,all,HLA-B*40:02,spearman,,0,13,False
allele_embedding,leave_one_allele_out,censored_hinge,all,HLA-B*40:02,pearson_log,,0,13,False
allele_embedding,leave_one_allele_out,censored_hinge,all,HLA-B*40:02,auc_gt_2h,,0,13,False
allele_embedding,leave_one_allele_out,censored_hinge,all,HLA-B*41:01,spearman,,0,13,False
allele_embedding,leave_one_allele_out,censored_hinge,all,HLA-B*41:01,pearson_log,,0,13,False
allele_embedding,leave_one_allele_out,censored_hinge,all,HLA-B*41:01,auc_gt_2h,,0,13,False
allele_embedding,leave_one_allele_out,censored_hinge,all,HLA-B*42:01,spearman,,0,13,False
allele_embedding,leave_one_allele_out,censored_hinge,all,HLA-B*42:01,pearson_log,,0,13,False
allele_embedding,leave_one_allele_out,censored_hinge,all,HLA-B*42:01,auc_gt_2h,,0,13,False
allele_embedding,leave_one_allele_out,censored_hinge,all,HLA-B*42:02,spearman,,0,13,False
allele_embedding,leave_one_allele_out,censored_hinge,all,HLA-B*42:02,pearson_log,,0,13,False
allele_embedding,leave_one_allele_out,censored_hinge,all,HLA-B*42:02,auc_gt_2h,,0,13,False
allele_embedding,leave_one_allele_out,censored_hinge,all,HLA-B*44:05,spearman,,0,13,False
allele_embedding,leave_one_allele_out,censored_hinge,all,HLA-B*44:05,pearson_log,,0,13,False
allele_embedding,leave_one_allele_out,censored_hinge,all,HLA-B*44:05,auc_gt_2h,,0,13,False
allele_embedding,leave_one_allele_out,censored_hinge,all,HLA-B*45:01,spearman,,0,13,False
allele_embedding,leave_one_allele_out,censored_hinge,all,HLA-B*45:01,pearson_log,,0,13,False
allele_embedding,leave_one_allele_out,censored_hinge,all,HLA-B*45:01,auc_gt_2h,,0,13,False
allele_embedding,leave_one_allele_out,censored_hinge,all,HLA-B*46:01,spearman,,0,13,False
allele_embedding,leave_one_allele_out,censored_hinge,all,HLA-B*46:01,pearson_log,,0,13,False
allele_embedding,leave_one_allele_out,censored_hinge,all,HLA-B*46:01,auc_gt_2h,,0,13,False
allele_embedding,leave_one_allele_out,censored_hinge,all,HLA-B*51:01,spearman,,0,13,False
allele_embedding,leave_one_allele_out,censored_hinge,all,HLA-B*51:01,pearson_log,,0,13,False
allele_embedding,leave_one_allele_out,censored_hinge,all,HLA-B*51:01,auc_gt_2h,,0,13,False
allele_embedding,leave_one_allele_out,censored_hinge,all,HLA-B*54:01,spearman,,0,13,False
allele_embedding,leave_one_allele_out,censored_hinge,all,HLA-B*54:01,pearson_log,,0,13,False
allele_embedding,leave_one_allele_out,censored_hinge,all,HLA-B*54:01,auc_gt_2h,,0,13,False
allele_embedding,leave_one_allele_out,censored_hinge,all,HLA-B*55:01,spearman,,0,13,False
allele_embedding,leave_one_allele_out,censored_hinge,all,HLA-B*55:01,pearson_log,,0,13,False
allele_embedding,leave_one_allele_out,censored_hinge,all,HLA-B*55:01,auc_gt_2h,,0,13,False
allele_embedding,leave_one_allele_out,censored_hinge,all,HLA-B*56:01,spearman,,0,13,False
allele_embedding,leave_one_allele_out,censored_hinge,all,HLA-B*56:01,pearson_log,,0,13,False
allele_embedding,leave_one_allele_out,censored_hinge,all,HLA-B*56:01,auc_gt_2h,,0,13,False
allele_embedding,leave_one_allele_out,censored_hinge,all,HLA-B*57:01,spearman,,0,13,False
allele_embedding,leave_one_allele_out,censored_hinge,all,HLA-B*57:01,pearson_log,,0,13,False
allele_embedding,leave_one_allele_out,censored_hinge,all,HLA-B*57:01,auc_gt_2h,,0,13,False
allele_embedding,leave_one_allele_out,censored_hinge,all,HLA-B*57:02,spearman,,0,13,False
allele_embedding,leave_one_allele_out,censored_hinge,all,HLA-B*57:02,pearson_log,,0,13,False
allele_embedding,leave_one_allele_out,censored_hinge,all,HLA-B*57:02,auc_gt_2h,,0,13,False
allele_embedding,leave_one_allele_out,censored_hinge,all,HLA-B*57:03,spearman,,0,13,False
allele_embedding,leave_one_allele_out,censored_hinge,all,HLA-B*57:03,pearson_log,,0,13,False
allele_embedding,leave_one_allele_out,censored_hinge,all,HLA-B*57:03,auc_gt_2h,,0,13,False
allele_embedding,leave_one_allele_out,censored_hinge,all,HLA-B*58:01,spearman,,0,13,False
allele_embedding,leave_one_allele_out,censored_hinge,all,HLA-B*58:01,pearson_log,,0,13,False
allele_embedding,leave_one_allele_out,censored_hinge,all,HLA-B*58:01,auc_gt_2h,,0,13,False
allele_embedding,leave_one_allele_out,censored_hinge,all,HLA-B*81:01,spearman,,0,13,False
allele_embedding,leave_one_allele_out,censored_hinge,all,HLA-B*81:01,pearson_log,,0,13,False
allele_embedding,leave_one_allele_out,censored_hinge,all,HLA-B*81:01,auc_gt_2h,,0,13,False
allele_embedding,leave_one_allele_out,censored_hinge,nonzero,HLA-A*01:01,spearman,,0,13,False
allele_embedding,leave_one_allele_out,censored_hinge,nonzero,HLA-A*01:01,pearson_log,,0,13,False
allele_embedding,leave_one_allele_out,censored_hinge,nonzero,HLA-A*01:01,auc_gt_2h,,0,13,False
allele_embedding,leave_one_allele_out,censored_hinge,nonzero,HLA-A*02:01,spearman,,0,14,False
allele_embedding,leave_one_allele_out,censored_hinge,nonzero,HLA-A*02:01,pearson_log,,0,14,False
allele_embedding,leave_one_allele_out,censored_hinge,nonzero,HLA-A*02:01,auc_gt_2h,,0,14,False
allele_embedding,leave_one_allele_out,censored_hinge,nonzero,HLA-A*02:03,spearman,,0,11,False
allele_embedding,leave_one_allele_out,censored_hinge,nonzero,HLA-A*02:03,pearson_log,,0,11,False
allele_embedding,leave_one_allele_out,censored_hinge,nonzero,HLA-A*02:03,auc_gt_2h,,0,11,False
allele_embedding,leave_one_allele_out,censored_hinge,nonzero,HLA-A*02:05,spearman,,0,14,False
allele_embedding,leave_one_allele_out,censored_hinge,nonzero,HLA-A*02:05,pearson_log,,0,14,False
allele_embedding,leave_one_allele_out,censored_hinge,nonzero,HLA-A*02:05,auc_gt_2h,,0,14,False
allele_embedding,leave_one_allele_out,censored_hinge,nonzero,HLA-A*02:10,spearman,,0,14,False
allele_embedding,leave_one_allele_out,censored_hinge,nonzero,HLA-A*02:10,pearson_log,,0,14,False
allele_embedding,leave_one_allele_out,censored_hinge,nonzero,HLA-A*02:10,auc_gt_2h,,0,14,False
allele_embedding,leave_one_allele_out,censored_hinge,nonzero,HLA-A*02:11,spearman,,0,14,False
allele_embedding,leave_one_allele_out,censored_hinge,nonzero,HLA-A*02:11,pearson_log,,0,14,False
allele_embedding,leave_one_allele_out,censored_hinge,nonzero,HLA-A*02:11,auc_gt_2h,,0,14,False
allele_embedding,leave_one_allele_out,censored_hinge,nonzero,HLA-A*02:12,spearman,,0,14,False
allele_embedding,leave_one_allele_out,censored_hinge,nonzero,HLA-A*02:12,pearson_log,,0,14,False
allele_embedding,leave_one_allele_out,censored_hinge,nonzero,HLA-A*02:12,auc_gt_2h,,0,14,False
allele_embedding,leave_one_allele_out,censored_hinge,nonzero,HLA-A*02:16,spearman,,0,14,False
allele_embedding,leave_one_allele_out,censored_hinge,nonzero,HLA-A*02:16,pearson_log,,0,14,False
allele_embedding,leave_one_allele_out,censored_hinge,nonzero,HLA-A*02:16,auc_gt_2h,,0,14,False
allele_embedding,leave_one_allele_out,censored_hinge,nonzero,HLA-A*02:19,spearman,,0,12,False
allele_embedding,leave_one_allele_out,censored_hinge,nonzero,HLA-A*02:19,pearson_log,,0,12,False
allele_embedding,leave_one_allele_out,censored_hinge,nonzero,HLA-A*02:19,auc_gt_2h,,0,12,False
allele_embedding,leave_one_allele_out,censored_hinge,nonzero,HLA-A*02:50,spearman,,0,14,False
allele_embedding,leave_one_allele_out,censored_hinge,nonzero,HLA-A*02:50,pearson_log,,0,14,False
allele_embedding,leave_one_allele_out,censored_hinge,nonzero,HLA-A*02:50,auc_gt_2h,,0,14,False
allele_embedding,leave_one_allele_out,censored_hinge,nonzero,HLA-A*03:01,spearman,,0,12,False
allele_embedding,leave_one_allele_out,censored_hinge,nonzero,HLA-A*03:01,pearson_log,,0,12,False
allele_embedding,leave_one_allele_out,censored_hinge,nonzero,HLA-A*03:01,auc_gt_2h,,0,12,False
allele_embedding,leave_one_allele_out,censored_hinge,nonzero,HLA-A*11:01,spearman,,0,14,False
allele_embedding,leave_one_allele_out,censored_hinge,nonzero,HLA-A*11:01,pearson_log,,0,14,False
allele_embedding,leave_one_allele_out,censored_hinge,nonzero,HLA-A*11:01,auc_gt_2h,,0,14,False
allele_embedding,leave_one_allele_out,censored_hinge,nonzero,HLA-A*23:01,spearman,,0,14,False
allele_embedding,leave_one_allele_out,censored_hinge,nonzero,HLA-A*23:01,pearson_log,,0,14,False
allele_embedding,leave_one_allele_out,censored_hinge,nonzero,HLA-A*23:01,auc_gt_2h,,0,14,False
allele_embedding,leave_one_allele_out,censored_hinge,nonzero,HLA-A*24:02,spearman,,0,13,False
allele_embedding,leave_one_allele_out,censored_hinge,nonzero,HLA-A*24:02,pearson_log,,0,13,False
allele_embedding,leave_one_allele_out,censored_hinge,nonzero,HLA-A*24:02,auc_gt_2h,,0,13,False
allele_embedding,leave_one_allele_out,censored_hinge,nonzero,HLA-A*24:03,spearman,,0,14,False
allele_embedding,leave_one_allele_out,censored_hinge,nonzero,HLA-A*24:03,pearson_log,,0,14,False
allele_embedding,leave_one_allele_out,censored_hinge,nonzero,HLA-A*24:03,auc_gt_2h,,0,14,False
allele_embedding,leave_one_allele_out,censored_hinge,nonzero,HLA-A*24:07,spearman,,0,14,False
allele_embedding,leave_one_allele_out,censored_hinge,nonzero,HLA-A*24:07,pearson_log,,0,14,False
allele_embedding,leave_one_allele_out,censored_hinge,nonzero,HLA-A*24:07,auc_gt_2h,,0,14,False
allele_embedding,leave_one_allele_out,censored_hinge,nonzero,HLA-A*24:19,spearman,,0,8,False
allele_embedding,leave_one_allele_out,censored_hinge,nonzero,HLA-A*24:19,pearson_log,,0,8,False
allele_embedding,leave_one_allele_out,censored_hinge,nonzero,HLA-A*24:19,auc_gt_2h,,0,8,False
allele_embedding,leave_one_allele_out,censored_hinge,nonzero,HLA-A*25:01,spearman,,0,9,False
allele_embedding,leave_one_allele_out,censored_hinge,nonzero,HLA-A*25:01,pearson_log,,0,9,False
allele_embedding,leave_one_allele_out,censored_hinge,nonzero,HLA-A*25:01,auc_gt_2h,,0,9,False
allele_embedding,leave_one_allele_out,censored_hinge,nonzero,HLA-A*26:01,spearman,,0,13,False
allele_embedding,leave_one_allele_out,censored_hinge,nonzero,HLA-A*26:01,pearson_log,,0,13,False
allele_embedding,leave_one_allele_out,censored_hinge,nonzero,HLA-A*26:01,auc_gt_2h,,0,13,False
allele_embedding,leave_one_allele_out,censored_hinge,nonzero,HLA-A*26:02,spearman,,0,13,False
allele_embedding,leave_one_allele_out,censored_hinge,nonzero,HLA-A*26:02,pearson_log,,0,13,False
allele_embedding,leave_one_allele_out,censored_hinge,nonzero,HLA-A*26:02,auc_gt_2h,,0,13,False
allele_embedding,leave_one_allele_out,censored_hinge,nonzero,HLA-A*26:03,spearman,,0,8,False
allele_embedding,leave_one_allele_out,censored_hinge,nonzero,HLA-A*26:03,pearson_log,,0,8,False
allele_embedding,leave_one_allele_out,censored_hinge,nonzero,HLA-A*26:03,auc_gt_2h,,0,8,False
allele_embedding,leave_one_allele_out,censored_hinge,nonzero,HLA-A*29:02,spearman,,0,14,False
allele_embedding,leave_one_allele_out,censored_hinge,nonzero,HLA-A*29:02,pearson_log,,0,14,False
allele_embedding,leave_one_allele_out,censored_hinge,nonzero,HLA-A*29:02,auc_gt_2h,,0,14,False
allele_embedding,leave_one_allele_out,censored_hinge,nonzero,HLA-A*30:01,spearman,,0,11,False
allele_embedding,leave_one_allele_out,censored_hinge,nonzero,HLA-A*30:01,pearson_log,,0,11,False
allele_embedding,leave_one_allele_out,censored_hinge,nonzero,HLA-A*30:01,auc_gt_2h,,0,11,False
allele_embedding,leave_one_allele_out,censored_hinge,nonzero,HLA-A*30:02,spearman,,0,13,False
allele_embedding,leave_one_allele_out,censored_hinge,nonzero,HLA-A*30:02,pearson_log,,0,13,False
allele_embedding,leave_one_allele_out,censored_hinge,nonzero,HLA-A*30:02,auc_gt_2h,,0,13,False
allele_embedding,leave_one_allele_out,censored_hinge,nonzero,HLA-A*31:01,spearman,,0,14,False
allele_embedding,leave_one_allele_out,censored_hinge,nonzero,HLA-A*31:01,pearson_log,,0,14,False
allele_embedding,leave_one_allele_out,censored_hinge,nonzero,HLA-A*31:01,auc_gt_2h,,0,14,False
allele_embedding,leave_one_allele_out,censored_hinge,nonzero,HLA-A*32:01,spearman,,0,13,False
allele_embedding,leave_one_allele_out,censored_hinge,nonzero,HLA-A*32:01,pearson_log,,0,13,False
allele_embedding,leave_one_allele_out,censored_hinge,nonzero,HLA-A*32:01,auc_gt_2h,,0,13,False
allele_embedding,leave_one_allele_out,censored_hinge,nonzero,HLA-A*32:07,spearman,,0,11,False
allele_embedding,leave_one_allele_out,censored_hinge,nonzero,HLA-A*32:07,pearson_log,,0,11,False
allele_embedding,leave_one_allele_out,censored_hinge,nonzero,HLA-A*32:07,auc_gt_2h,,0,11,False
allele_embedding,leave_one_allele_out,censored_hinge,nonzero,HLA-A*33:03,spearman,,0,7,False
allele_embedding,leave_one_allele_out,censored_hinge,nonzero,HLA-A*33:03,pearson_log,,0,7,False
allele_embedding,leave_one_allele_out,censored_hinge,nonzero,HLA-A*33:03,auc_gt_2h,,0,7,False
allele_embedding,leave_one_allele_out,censored_hinge,nonzero,HLA-A*43:01,spearman,,0,12,False
allele_embedding,leave_one_allele_out,censored_hinge,nonzero,HLA-A*43:01,pearson_log,,0,12,False
allele_embedding,leave_one_allele_out,censored_hinge,nonzero,HLA-A*43:01,auc_gt_2h,,0,12,False
allele_embedding,leave_one_allele_out,censored_hinge,nonzero,HLA-A*66:01,spearman,,0,9,False
allele_embedding,leave_one_allele_out,censored_hinge,nonzero,HLA-A*66:01,pearson_log,,0,9,False
allele_embedding,leave_one_allele_out,censored_hinge,nonzero,HLA-A*66:01,auc_gt_2h,,0,9,False
allele_embedding,leave_one_allele_out,censored_hinge,nonzero,HLA-A*68:01,spearman,,0,10,False
allele_embedding,leave_one_allele_out,censored_hinge,nonzero,HLA-A*68:01,pearson_log,,0,10,False
allele_embedding,leave_one_allele_out,censored_hinge,nonzero,HLA-A*68:01,auc_gt_2h,,0,10,False
allele_embedding,leave_one_allele_out,censored_hinge,nonzero,HLA-A*68:02,spearman,,0,13,False
allele_embedding,leave_one_allele_out,censored_hinge,nonzero,HLA-A*68:02,pearson_log,,0,13,False
allele_embedding,leave_one_allele_out,censored_hinge,nonzero,HLA-A*68:02,auc_gt_2h,,0,13,False
allele_embedding,leave_one_allele_out,censored_hinge,nonzero,HLA-A*68:23,spearman,,0,10,False
allele_embedding,leave_one_allele_out,censored_hinge,nonzero,HLA-A*68:23,pearson_log,,0,10,False
allele_embedding,leave_one_allele_out,censored_hinge,nonzero,HLA-A*68:23,auc_gt_2h,,0,10,False
allele_embedding,leave_one_allele_out,censored_hinge,nonzero,HLA-A*69:01,spearman,,0,9,False
allele_embedding,leave_one_allele_out,censored_hinge,nonzero,HLA-A*69:01,pearson_log,,0,9,False
allele_embedding,leave_one_allele_out,censored_hinge,nonzero,HLA-A*69:01,auc_gt_2h,,0,9,False
allele_embedding,leave_one_allele_out,censored_hinge,nonzero,HLA-A*74:01,spearman,,0,12,False
allele_embedding,leave_one_allele_out,censored_hinge,nonzero,HLA-A*74:01,pearson_log,,0,12,False
allele_embedding,leave_one_allele_out,censored_hinge,nonzero,HLA-A*74:01,auc_gt_2h,,0,12,False
allele_embedding,leave_one_allele_out,censored_hinge,nonzero,HLA-A*80:01,spearman,,0,10,False
allele_embedding,leave_one_allele_out,censored_hinge,nonzero,HLA-A*80:01,pearson_log,,0,10,False
allele_embedding,leave_one_allele_out,censored_hinge,nonzero,HLA-A*80:01,auc_gt_2h,,0,10,False
allele_embedding,leave_one_allele_out,censored_hinge,nonzero,HLA-B*07:02,spearman,,0,13,False
allele_embedding,leave_one_allele_out,censored_hinge,nonzero,HLA-B*07:02,pearson_log,,0,13,False
allele_embedding,leave_one_allele_out,censored_hinge,nonzero,HLA-B*07:02,auc_gt_2h,,0,13,False
allele_embedding,leave_one_allele_out,censored_hinge,nonzero,HLA-B*08:01,spearman,,0,10,False
allele_embedding,leave_one_allele_out,censored_hinge,nonzero,HLA-B*08:01,pearson_log,,0,10,False
allele_embedding,leave_one_allele_out,censored_hinge,nonzero,HLA-B*08:01,auc_gt_2h,,0,10,False
allele_embedding,leave_one_allele_out,censored_hinge,nonzero,HLA-B*08:03,spearman,,0,9,False
allele_embedding,leave_one_allele_out,censored_hinge,nonzero,HLA-B*08:03,pearson_log,,0,9,False
allele_embedding,leave_one_allele_out,censored_hinge,nonzero,HLA-B*08:03,auc_gt_2h,,0,9,False
allele_embedding,leave_one_allele_out,censored_hinge,nonzero,HLA-B*13:02,spearman,,0,4,False
allele_embedding,leave_one_allele_out,censored_hinge,nonzero,HLA-B*13:02,pearson_log,,0,4,False
allele_embedding,leave_one_allele_out,censored_hinge,nonzero,HLA-B*13:02,auc_gt_2h,,0,4,False
allele_embedding,leave_one_allele_out,censored_hinge,nonzero,HLA-B*14:01(C67S),spearman,,0,1,False
allele_embedding,leave_one_allele_out,censored_hinge,nonzero,HLA-B*14:01(C67S),pearson_log,,0,1,False
allele_embedding,leave_one_allele_out,censored_hinge,nonzero,HLA-B*14:01(C67S),auc_gt_2h,,0,1,False
allele_embedding,leave_one_allele_out,censored_hinge,nonzero,HLA-B*14:02(C67S),spearman,,0,5,False
allele_embedding,leave_one_allele_out,censored_hinge,nonzero,HLA-B*14:02(C67S),pearson_log,,0,5,False
allele_embedding,leave_one_allele_out,censored_hinge,nonzero,HLA-B*14:02(C67S),auc_gt_2h,,0,5,False
allele_embedding,leave_one_allele_out,censored_hinge,nonzero,HLA-B*15:01,spearman,,0,11,False
allele_embedding,leave_one_allele_out,censored_hinge,nonzero,HLA-B*15:01,pearson_log,,0,11,False
allele_embedding,leave_one_allele_out,censored_hinge,nonzero,HLA-B*15:01,auc_gt_2h,,0,11,False
allele_embedding,leave_one_allele_out,censored_hinge,nonzero,HLA-B*15:02,spearman,,0,8,False
allele_embedding,leave_one_allele_out,censored_hinge,nonzero,HLA-B*15:02,pearson_log,,0,8,False
allele_embedding,leave_one_allele_out,censored_hinge,nonzero,HLA-B*15:02,auc_gt_2h,,0,8,False
allele_embedding,leave_one_allele_out,censored_hinge,nonzero,HLA-B*15:10,spearman,,0,12,False
allele_embedding,leave_one_allele_out,censored_hinge,nonzero,HLA-B*15:10,pearson_log,,0,12,False
allele_embedding,leave_one_allele_out,censored_hinge,nonzero,HLA-B*15:10,auc_gt_2h,,0,12,False
allele_embedding,leave_one_allele_out,censored_hinge,nonzero,HLA-B*15:17,spearman,,0,10,False
allele_embedding,leave_one_allele_out,censored_hinge,nonzero,HLA-B*15:17,pearson_log,,0,10,False
allele_embedding,leave_one_allele_out,censored_hinge,nonzero,HLA-B*15:17,auc_gt_2h,,0,10,False
allele_embedding,leave_one_allele_out,censored_hinge,nonzero,HLA-B*18:01,spearman,,0,13,False
allele_embedding,leave_one_allele_out,censored_hinge,nonzero,HLA-B*18:01,pearson_log,,0,13,False
allele_embedding,leave_one_allele_out,censored_hinge,nonzero,HLA-B*18:01,auc_gt_2h,,0,13,False
allele_embedding,leave_one_allele_out,censored_hinge,nonzero,HLA-B*27:02,spearman,,0,11,False
allele_embedding,leave_one_allele_out,censored_hinge,nonzero,HLA-B*27:02,pearson_log,,0,11,False
allele_embedding,leave_one_allele_out,censored_hinge,nonzero,HLA-B*27:02,auc_gt_2h,,0,11,False
allele_embedding,leave_one_allele_out,censored_hinge,nonzero,HLA-B*27:03,spearman,,0,9,False
allele_embedding,leave_one_allele_out,censored_hinge,nonzero,HLA-B*27:03,pearson_log,,0,9,False
allele_embedding,leave_one_allele_out,censored_hinge,nonzero,HLA-B*27:03,auc_gt_2h,,0,9,False
allele_embedding,leave_one_allele_out,censored_hinge,nonzero,HLA-B*27:05,spearman,,0,11,False
allele_embedding,leave_one_allele_out,censored_hinge,nonzero,HLA-B*27:05,pearson_log,,0,11,False
allele_embedding,leave_one_allele_out,censored_hinge,nonzero,HLA-B*27:05,auc_gt_2h,,0,11,False
allele_embedding,leave_one_allele_out,censored_hinge,nonzero,HLA-B*27:20,spearman,,0,11,False
allele_embedding,leave_one_allele_out,censored_hinge,nonzero,HLA-B*27:20,pearson_log,,0,11,False
allele_embedding,leave_one_allele_out,censored_hinge,nonzero,HLA-B*27:20,auc_gt_2h,,0,11,False
allele_embedding,leave_one_allele_out,censored_hinge,nonzero,HLA-B*35:01,spearman,,0,9,False
allele_embedding,leave_one_allele_out,censored_hinge,nonzero,HLA-B*35:01,pearson_log,,0,9,False
allele_embedding,leave_one_allele_out,censored_hinge,nonzero,HLA-B*35:01,auc_gt_2h,,0,9,False
allele_embedding,leave_one_allele_out,censored_hinge,nonzero,HLA-B*35:03,spearman,,0,12,False
allele_embedding,leave_one_allele_out,censored_hinge,nonzero,HLA-B*35:03,pearson_log,,0,12,False
allele_embedding,leave_one_allele_out,censored_hinge,nonzero,HLA-B*35:03,auc_gt_2h,,0,12,False
allele_embedding,leave_one_allele_out,censored_hinge,nonzero,HLA-B*35:08,spearman,,0,11,False
allele_embedding,leave_one_allele_out,censored_hinge,nonzero,HLA-B*35:08,pearson_log,,0,11,False
allele_embedding,leave_one_allele_out,censored_hinge,nonzero,HLA-B*35:08,auc_gt_2h,,0,11,False
allele_embedding,leave_one_allele_out,censored_hinge,nonzero,HLA-B*39:01,spearman,,0,11,False
allele_embedding,leave_one_allele_out,censored_hinge,nonzero,HLA-B*39:01,pearson_log,,0,11,False
allele_embedding,leave_one_allele_out,censored_hinge,nonzero,HLA-B*39:01,auc_gt_2h,,0,11,False
allele_embedding,leave_one_allele_out,censored_hinge,nonzero,HLA-B*39:02,spearman,,0,9,False
allele_embedding,leave_one_allele_out,censored_hinge,nonzero,HLA-B*39:02,pearson_log,,0,9,False
allele_embedding,leave_one_allele_out,censored_hinge,nonzero,HLA-B*39:02,auc_gt_2h,,0,9,False
allele_embedding,leave_one_allele_out,censored_hinge,nonzero,HLA-B*39:06(C67S),spearman,,0,1,False
allele_embedding,leave_one_allele_out,censored_hinge,nonzero,HLA-B*39:06(C67S),pearson_log,,0,1,False
allele_embedding,leave_one_allele_out,censored_hinge,nonzero,HLA-B*39:06(C67S),auc_gt_2h,,0,1,False
allele_embedding,leave_one_allele_out,censored_hinge,nonzero,HLA-B*39:10,spearman,,0,11,False
allele_embedding,leave_one_allele_out,censored_hinge,nonzero,HLA-B*39:10,pearson_log,,0,11,False
allele_embedding,leave_one_allele_out,censored_hinge,nonzero,HLA-B*39:10,auc_gt_2h,,0,11,False
allele_embedding,leave_one_allele_out,censored_hinge,nonzero,HLA-B*40:01,spearman,,0,12,False
allele_embedding,leave_one_allele_out,censored_hinge,nonzero,HLA-B*40:01,pearson_log,,0,12,False
allele_embedding,leave_one_allele_out,censored_hinge,nonzero,HLA-B*40:01,auc_gt_2h,,0,12,False
allele_embedding,leave_one_allele_out,censored_hinge,nonzero,HLA-B*40:02,spearman,,0,13,False
allele_embedding,leave_one_allele_out,censored_hinge,nonzero,HLA-B*40:02,pearson_log,,0,13,False
allele_embedding,leave_one_allele_out,censored_hinge,nonzero,HLA-B*40:02,auc_gt_2h,,0,13,False
allele_embedding,leave_one_allele_out,censored_hinge,nonzero,HLA-B*41:01,spearman,,0,6,False
allele_embedding,leave_one_allele_out,censored_hinge,nonzero,HLA-B*41:01,pearson_log,,0,6,False
allele_embedding,leave_one_allele_out,censored_hinge,nonzero,HLA-B*41:01,auc_gt_2h,,0,6,False
allele_embedding,leave_one_allele_out,censored_hinge,nonzero,HLA-B*42:01,spearman,,0,12,False
allele_embedding,leave_one_allele_out,censored_hinge,nonzero,HLA-B*42:01,pearson_log,,0,12,False
allele_embedding,leave_one_allele_out,censored_hinge,nonzero,HLA-B*42:01,auc_gt_2h,,0,12,False
allele_embedding,leave_one_allele_out,censored_hinge,nonzero,HLA-B*42:02,spearman,,0,11,False
allele_embedding,leave_one_allele_out,censored_hinge,nonzero,HLA-B*42:02,pearson_log,,0,11,False
allele_embedding,leave_one_allele_out,censored_hinge,nonzero,HLA-B*42:02,auc_gt_2h,,0,11,False
allele_embedding,leave_one_allele_out,censored_hinge,nonzero,HLA-B*44:05,spearman,,0,12,False
allele_embedding,leave_one_allele_out,censored_hinge,nonzero,HLA-B*44:05,pearson_log,,0,12,False
allele_embedding,leave_one_allele_out,censored_hinge,nonzero,HLA-B*44:05,auc_gt_2h,,0,12,False
allele_embedding,leave_one_allele_out,censored_hinge,nonzero,HLA-B*45:01,spearman,,0,3,False
allele_embedding,leave_one_allele_out,censored_hinge,nonzero,HLA-B*45:01,pearson_log,,0,3,False
allele_embedding,leave_one_allele_out,censored_hinge,nonzero,HLA-B*45:01,auc_gt_2h,,0,3,False
allele_embedding,leave_one_allele_out,censored_hinge,nonzero,HLA-B*46:01,spearman,,0,7,False
allele_embedding,leave_one_allele_out,censored_hinge,nonzero,HLA-B*46:01,pearson_log,,0,7,False
allele_embedding,leave_one_allele_out,censored_hinge,nonzero,HLA-B*46:01,auc_gt_2h,,0,7,False
allele_embedding,leave_one_allele_out,censored_hinge,nonzero,HLA-B*51:01,spearman,,0,4,False
allele_embedding,leave_one_allele_out,censored_hinge,nonzero,HLA-B*51:01,pearson_log,,0,4,False
allele_embedding,leave_one_allele_out,censored_hinge,nonzero,HLA-B*51:01,auc_gt_2h,,0,4,False
allele_embedding,leave_one_allele_out,censored_hinge,nonzero,HLA-B*54:01,spearman,,0,8,False
allele_embedding,leave_one_allele_out,censored_hinge,nonzero,HLA-B*54:01,pearson_log,,0,8,False
allele_embedding,leave_one_allele_out,censored_hinge,nonzero,HLA-B*54:01,auc_gt_2h,,0,8,False
allele_embedding,leave_one_allele_out,censored_hinge,nonzero,HLA-B*55:01,spearman,,0,3,False
allele_embedding,leave_one_allele_out,censored_hinge,nonzero,HLA-B*55:01,pearson_log,,0,3,False
allele_embedding,leave_one_allele_out,censored_hinge,nonzero,HLA-B*55:01,auc_gt_2h,,0,3,False
allele_embedding,leave_one_allele_out,censored_hinge,nonzero,HLA-B*56:01,spearman,,0,8,False
allele_embedding,leave_one_allele_out,censored_hinge,nonzero,HLA-B*56:01,pearson_log,,0,8,False
allele_embedding,leave_one_allele_out,censored_hinge,nonzero,HLA-B*56:01,auc_gt_2h,,0,8,False
allele_embedding,leave_one_allele_out,censored_hinge,nonzero,HLA-B*57:01,spearman,,0,12,False
allele_embedding,leave_one_allele_out,censored_hinge,nonzero,HLA-B*57:01,pearson_log,,0,12,False
allele_embedding,leave_one_allele_out,censored_hinge,nonzero,HLA-B*57:01,auc_gt_2h,,0,12,False
allele_embedding,leave_one_allele_out,censored_hinge,nonzero,HLA-B*57:02,spearman,,0,13,False
allele_embedding,leave_one_allele_out,censored_hinge,nonzero,HLA-B*57:02,pearson_log,,0,13,False
allele_embedding,leave_one_allele_out,censored_hinge,nonzero,HLA-B*57:02,auc_gt_2h,,0,13,False
allele_embedding,leave_one_allele_out,censored_hinge,nonzero,HLA-B*57:03,spearman,,0,13,False
allele_embedding,leave_one_allele_out,censored_hinge,nonzero,HLA-B*57:03,pearson_log,,0,13,False
allele_embedding,leave_one_allele_out,censored_hinge,nonzero,HLA-B*57:03,auc_gt_2h,,0,13,False
allele_embedding,leave_one_allele_out,censored_hinge,nonzero,HLA-B*58:01,spearman,,0,12,False
allele_embedding,leave_one_allele_out,censored_hinge,nonzero,HLA-B*58:01,pearson_log,,0,12,False
allele_embedding,leave_one_allele_out,censored_hinge,nonzero,HLA-B*58:01,auc_gt_2h,,0,12,False
allele_embedding,leave_one_allele_out,censored_hinge,nonzero,HLA-B*81:01,spearman,,0,11,False
allele_embedding,leave_one_allele_out,censored_hinge,nonzero,HLA-B*81:01,pearson_log,,0,11,False
allele_embedding,leave_one_allele_out,censored_hinge,nonzero,HLA-B*81:01,auc_gt_2h,,0,11,False
allele_embedding,leave_one_allele_out,mse,all,HLA-A*01:01,spearman,,0,14,False
allele_embedding,leave_one_allele_out,mse,all,HLA-A*01:01,pearson_log,,0,14,False
allele_embedding,leave_one_allele_out,mse,all,HLA-A*01:01,auc_gt_2h,,0,14,False
allele_embedding,leave_one_allele_out,mse,all,HLA-A*02:01,spearman,,0,14,False
allele_embedding,leave_one_allele_out,mse,all,HLA-A*02:01,pearson_log,,0,14,False
allele_embedding,leave_one_allele_out,mse,all,HLA-A*02:01,auc_gt_2h,,0,14,False
allele_embedding,leave_one_allele_out,mse,all,HLA-A*02:03,spearman,,0,14,False
allele_embedding,leave_one_allele_out,mse,all,HLA-A*02:03,pearson_log,,0,14,False
allele_embedding,leave_one_allele_out,mse,all,HLA-A*02:03,auc_gt_2h,,0,14,False
allele_embedding,leave_one_allele_out,mse,all,HLA-A*02:05,spearman,,0,14,False
allele_embedding,leave_one_allele_out,mse,all,HLA-A*02:05,pearson_log,,0,14,False
allele_embedding,leave_one_allele_out,mse,all,HLA-A*02:05,auc_gt_2h,,0,14,False
allele_embedding,leave_one_allele_out,mse,all,HLA-A*02:10,spearman,,0,14,False
allele_embedding,leave_one_allele_out,mse,all,HLA-A*02:10,pearson_log,,0,14,False
allele_embedding,leave_one_allele_out,mse,all,HLA-A*02:10,auc_gt_2h,,0,14,False
allele_embedding,leave_one_allele_out,mse,all,HLA-A*02:11,spearman,,0,14,False
allele_embedding,leave_one_allele_out,mse,all,HLA-A*02:11,pearson_log,,0,14,False
allele_embedding,leave_one_allele_out,mse,all,HLA-A*02:11,auc_gt_2h,,0,14,False
allele_embedding,leave_one_allele_out,mse,all,HLA-A*02:12,spearman,,0,14,False
allele_embedding,leave_one_allele_out,mse,all,HLA-A*02:12,pearson_log,,0,14,False
allele_embedding,leave_one_allele_out,mse,all,HLA-A*02:12,auc_gt_2h,,0,14,False
allele_embedding,leave_one_allele_out,mse,all,HLA-A*02:16,spearman,,0,14,False
allele_embedding,leave_one_allele_out,mse,all,HLA-A*02:16,pearson_log,,0,14,False
allele_embedding,leave_one_allele_out,mse,all,HLA-A*02:16,auc_gt_2h,,0,14,False
allele_embedding,leave_one_allele_out,mse,all,HLA-A*02:19,spearman,,0,14,False
allele_embedding,leave_one_allele_out,mse,all,HLA-A*02:19,pearson_log,,0,14,False
allele_embedding,leave_one_allele_out,mse,all,HLA-A*02:19,auc_gt_2h,,0,14,False
allele_embedding,leave_one_allele_out,mse,all,HLA-A*02:50,spearman,,0,14,False
allele_embedding,leave_one_allele_out,mse,all,HLA-A*02:50,pearson_log,,0,14,False
allele_embedding,leave_one_allele_out,mse,all,HLA-A*02:50,auc_gt_2h,,0,14,False
allele_embedding,leave_one_allele_out,mse,all,HLA-A*03:01,spearman,,0,14,False
allele_embedding,leave_one_allele_out,mse,all,HLA-A*03:01,pearson_log,,0,14,False
allele_embedding,leave_one_allele_out,mse,all,HLA-A*03:01,auc_gt_2h,,0,14,False
allele_embedding,leave_one_allele_out,mse,all,HLA-A*11:01,spearman,,0,14,False
allele_embedding,leave_one_allele_out,mse,all,HLA-A*11:01,pearson_log,,0,14,False
allele_embedding,leave_one_allele_out,mse,all,HLA-A*11:01,auc_gt_2h,,0,14,False
allele_embedding,leave_one_allele_out,mse,all,HLA-A*23:01,spearman,,0,14,False
allele_embedding,leave_one_allele_out,mse,all,HLA-A*23:01,pearson_log,,0,14,False
allele_embedding,leave_one_allele_out,mse,all,HLA-A*23:01,auc_gt_2h,,0,14,False
allele_embedding,leave_one_allele_out,mse,all,HLA-A*24:02,spearman,,0,14,False
allele_embedding,leave_one_allele_out,mse,all,HLA-A*24:02,pearson_log,,0,14,False
allele_embedding,leave_one_allele_out,mse,all,HLA-A*24:02,auc_gt_2h,,0,14,False
allele_embedding,leave_one_allele_out,mse,all,HLA-A*24:03,spearman,,0,14,False
allele_embedding,leave_one_allele_out,mse,all,HLA-A*24:03,pearson_log,,0,14,False
allele_embedding,leave_one_allele_out,mse,all,HLA-A*24:03,auc_gt_2h,,0,14,False
allele_embedding,leave_one_allele_out,mse,all,HLA-A*24:07,spearman,,0,14,False
allele_embedding,leave_one_allele_out,mse,all,HLA-A*24:07,pearson_log,,0,14,False
allele_embedding,leave_one_allele_out,mse,all,HLA-A*24:07,auc_gt_2h,,0,14,False
allele_embedding,leave_one_allele_out,mse,all,HLA-A*24:19,spearman,,0,14,False
allele_embedding,leave_one_allele_out,mse,all,HLA-A*24:19,pearson_log,,0,14,False
allele_embedding,leave_one_allele_out,mse,all,HLA-A*24:19,auc_gt_2h,,0,14,False
allele_embedding,leave_one_allele_out,mse,all,HLA-A*25:01,spearman,,0,14,False
allele_embedding,leave_one_allele_out,mse,all,HLA-A*25:01,pearson_log,,0,14,False
allele_embedding,leave_one_allele_out,mse,all,HLA-A*25:01,auc_gt_2h,,0,14,False
allele_embedding,leave_one_allele_out,mse,all,HLA-A*26:01,spearman,,0,14,False
allele_embedding,leave_one_allele_out,mse,all,HLA-A*26:01,pearson_log,,0,14,False
allele_embedding,leave_one_allele_out,mse,all,HLA-A*26:01,auc_gt_2h,,0,14,False
allele_embedding,leave_one_allele_out,mse,all,HLA-A*26:02,spearman,,0,14,False
allele_embedding,leave_one_allele_out,mse,all,HLA-A*26:02,pearson_log,,0,14,False
allele_embedding,leave_one_allele_out,mse,all,HLA-A*26:02,auc_gt_2h,,0,14,False
allele_embedding,leave_one_allele_out,mse,all,HLA-A*26:03,spearman,,0,14,False
allele_embedding,leave_one_allele_out,mse,all,HLA-A*26:03,pearson_log,,0,14,False
allele_embedding,leave_one_allele_out,mse,all,HLA-A*26:03,auc_gt_2h,,0,14,False
allele_embedding,leave_one_allele_out,mse,all,HLA-A*29:02,spearman,,0,14,False
allele_embedding,leave_one_allele_out,mse,all,HLA-A*29:02,pearson_log,,0,14,False
allele_embedding,leave_one_allele_out,mse,all,HLA-A*29:02,auc_gt_2h,,0,14,False
allele_embedding,leave_one_allele_out,mse,all,HLA-A*30:01,spearman,,0,14,False
allele_embedding,leave_one_allele_out,mse,all,HLA-A*30:01,pearson_log,,0,14,False
allele_embedding,leave_one_allele_out,mse,all,HLA-A*30:01,auc_gt_2h,,0,14,False
allele_embedding,leave_one_allele_out,mse,all,HLA-A*30:02,spearman,,0,14,False
allele_embedding,leave_one_allele_out,mse,all,HLA-A*30:02,pearson_log,,0,14,False
allele_embedding,leave_one_allele_out,mse,all,HLA-A*30:02,auc_gt_2h,,0,14,False
allele_embedding,leave_one_allele_out,mse,all,HLA-A*31:01,spearman,,0,14,False
allele_embedding,leave_one_allele_out,mse,all,HLA-A*31:01,pearson_log,,0,14,False
allele_embedding,leave_one_allele_out,mse,all,HLA-A*31:01,auc_gt_2h,,0,14,False
allele_embedding,leave_one_allele_out,mse,all,HLA-A*32:01,spearman,,0,14,False
allele_embedding,leave_one_allele_out,mse,all,HLA-A*32:01,pearson_log,,0,14,False
allele_embedding,leave_one_allele_out,mse,all,HLA-A*32:01,auc_gt_2h,,0,14,False
allele_embedding,leave_one_allele_out,mse,all,HLA-A*32:07,spearman,,0,14,False
allele_embedding,leave_one_allele_out,mse,all,HLA-A*32:07,pearson_log,,0,14,False
allele_embedding,leave_one_allele_out,mse,all,HLA-A*32:07,auc_gt_2h,,0,14,False
allele_embedding,leave_one_allele_out,mse,all,HLA-A*33:03,spearman,,0,14,False
allele_embedding,leave_one_allele_out,mse,all,HLA-A*33:03,pearson_log,,0,14,False
allele_embedding,leave_one_allele_out,mse,all,HLA-A*33:03,auc_gt_2h,,0,14,False
allele_embedding,leave_one_allele_out,mse,all,HLA-A*43:01,spearman,,0,14,False
allele_embedding,leave_one_allele_out,mse,all,HLA-A*43:01,pearson_log,,0,14,False
allele_embedding,leave_one_allele_out,mse,all,HLA-A*43:01,auc_gt_2h,,0,14,False
allele_embedding,leave_one_allele_out,mse,all,HLA-A*66:01,spearman,,0,14,False
allele_embedding,leave_one_allele_out,mse,all,HLA-A*66:01,pearson_log,,0,14,False
allele_embedding,leave_one_allele_out,mse,all,HLA-A*66:01,auc_gt_2h,,0,14,False
allele_embedding,leave_one_allele_out,mse,all,HLA-A*68:01,spearman,,0,14,False
allele_embedding,leave_one_allele_out,mse,all,HLA-A*68:01,pearson_log,,0,14,False
allele_embedding,leave_one_allele_out,mse,all,HLA-A*68:01,auc_gt_2h,,0,14,False
allele_embedding,leave_one_allele_out,mse,all,HLA-A*68:02,spearman,,0,13,False
allele_embedding,leave_one_allele_out,mse,all,HLA-A*68:02,pearson_log,,0,13,False
allele_embedding,leave_one_allele_out,mse,all,HLA-A*68:02,auc_gt_2h,,0,13,False
allele_embedding,leave_one_allele_out,mse,all,HLA-A*68:23,spearman,,0,13,False
allele_embedding,leave_one_allele_out,mse,all,HLA-A*68:23,pearson_log,,0,13,False
allele_embedding,leave_one_allele_out,mse,all,HLA-A*68:23,auc_gt_2h,,0,13,False
allele_embedding,leave_one_allele_out,mse,all,HLA-A*69:01,spearman,,0,13,False
allele_embedding,leave_one_allele_out,mse,all,HLA-A*69:01,pearson_log,,0,13,False
allele_embedding,leave_one_allele_out,mse,all,HLA-A*69:01,auc_gt_2h,,0,13,False
allele_embedding,leave_one_allele_out,mse,all,HLA-A*74:01,spearman,,0,13,False
allele_embedding,leave_one_allele_out,mse,all,HLA-A*74:01,pearson_log,,0,13,False
allele_embedding,leave_one_allele_out,mse,all,HLA-A*74:01,auc_gt_2h,,0,13,False
allele_embedding,leave_one_allele_out,mse,all,HLA-A*80:01,spearman,,0,13,False
allele_embedding,leave_one_allele_out,mse,all,HLA-A*80:01,pearson_log,,0,13,False
allele_embedding,leave_one_allele_out,mse,all,HLA-A*80:01,auc_gt_2h,,0,13,False
allele_embedding,leave_one_allele_out,mse,all,HLA-B*07:02,spearman,,0,13,False
allele_embedding,leave_one_allele_out,mse,all,HLA-B*07:02,pearson_log,,0,13,False
allele_embedding,leave_one_allele_out,mse,all,HLA-B*07:02,auc_gt_2h,,0,13,False
allele_embedding,leave_one_allele_out,mse,all,HLA-B*08:01,spearman,,0,13,False
allele_embedding,leave_one_allele_out,mse,all,HLA-B*08:01,pearson_log,,0,13,False
allele_embedding,leave_one_allele_out,mse,all,HLA-B*08:01,auc_gt_2h,,0,13,False
allele_embedding,leave_one_allele_out,mse,all,HLA-B*08:03,spearman,,0,13,False
allele_embedding,leave_one_allele_out,mse,all,HLA-B*08:03,pearson_log,,0,13,False
allele_embedding,leave_one_allele_out,mse,all,HLA-B*08:03,auc_gt_2h,,0,13,False
allele_embedding,leave_one_allele_out,mse,all,HLA-B*13:02,spearman,,0,7,False
allele_embedding,leave_one_allele_out,mse,all,HLA-B*13:02,pearson_log,,0,7,False
allele_embedding,leave_one_allele_out,mse,all,HLA-B*13:02,auc_gt_2h,,0,7,False
allele_embedding,leave_one_allele_out,mse,all,HLA-B*14:01(C67S),spearman,,0,13,False
allele_embedding,leave_one_allele_out,mse,all,HLA-B*14:01(C67S),pearson_log,,0,13,False
allele_embedding,leave_one_allele_out,mse,all,HLA-B*14:01(C67S),auc_gt_2h,,0,13,False
allele_embedding,leave_one_allele_out,mse,all,HLA-B*14:02(C67S),spearman,,0,13,False
allele_embedding,leave_one_allele_out,mse,all,HLA-B*14:02(C67S),pearson_log,,0,13,False
allele_embedding,leave_one_allele_out,mse,all,HLA-B*14:02(C67S),auc_gt_2h,,0,13,False
allele_embedding,leave_one_allele_out,mse,all,HLA-B*15:01,spearman,,0,13,False
allele_embedding,leave_one_allele_out,mse,all,HLA-B*15:01,pearson_log,,0,13,False
allele_embedding,leave_one_allele_out,mse,all,HLA-B*15:01,auc_gt_2h,,0,13,False
allele_embedding,leave_one_allele_out,mse,all,HLA-B*15:02,spearman,,0,13,False
allele_embedding,leave_one_allele_out,mse,all,HLA-B*15:02,pearson_log,,0,13,False
allele_embedding,leave_one_allele_out,mse,all,HLA-B*15:02,auc_gt_2h,,0,13,False
allele_embedding,leave_one_allele_out,mse,all,HLA-B*15:10,spearman,,0,13,False
allele_embedding,leave_one_allele_out,mse,all,HLA-B*15:10,pearson_log,,0,13,False
allele_embedding,leave_one_allele_out,mse,all,HLA-B*15:10,auc_gt_2h,,0,13,False
allele_embedding,leave_one_allele_out,mse,all,HLA-B*15:17,spearman,,0,13,False
allele_embedding,leave_one_allele_out,mse,all,HLA-B*15:17,pearson_log,,0,13,False
allele_embedding,leave_one_allele_out,mse,all,HLA-B*15:17,auc_gt_2h,,0,13,False
allele_embedding,leave_one_allele_out,mse,all,HLA-B*18:01,spearman,,0,13,False
allele_embedding,leave_one_allele_out,mse,all,HLA-B*18:01,pearson_log,,0,13,False
allele_embedding,leave_one_allele_out,mse,all,HLA-B*18:01,auc_gt_2h,,0,13,False
allele_embedding,leave_one_allele_out,mse,all,HLA-B*27:02,spearman,,0,13,False
allele_embedding,leave_one_allele_out,mse,all,HLA-B*27:02,pearson_log,,0,13,False
allele_embedding,leave_one_allele_out,mse,all,HLA-B*27:02,auc_gt_2h,,0,13,False
allele_embedding,leave_one_allele_out,mse,all,HLA-B*27:03,spearman,,0,13,False
allele_embedding,leave_one_allele_out,mse,all,HLA-B*27:03,pearson_log,,0,13,False
allele_embedding,leave_one_allele_out,mse,all,HLA-B*27:03,auc_gt_2h,,0,13,False
allele_embedding,leave_one_allele_out,mse,all,HLA-B*27:05,spearman,,0,13,False
allele_embedding,leave_one_allele_out,mse,all,HLA-B*27:05,pearson_log,,0,13,False
allele_embedding,leave_one_allele_out,mse,all,HLA-B*27:05,auc_gt_2h,,0,13,False
allele_embedding,leave_one_allele_out,mse,all,HLA-B*27:20,spearman,,0,13,False
allele_embedding,leave_one_allele_out,mse,all,HLA-B*27:20,pearson_log,,0,13,False
allele_embedding,leave_one_allele_out,mse,all,HLA-B*27:20,auc_gt_2h,,0,13,False
allele_embedding,leave_one_allele_out,mse,all,HLA-B*35:01,spearman,,0,13,False
allele_embedding,leave_one_allele_out,mse,all,HLA-B*35:01,pearson_log,,0,13,False
allele_embedding,leave_one_allele_out,mse,all,HLA-B*35:01,auc_gt_2h,,0,13,False
allele_embedding,leave_one_allele_out,mse,all,HLA-B*35:03,spearman,,0,13,False
allele_embedding,leave_one_allele_out,mse,all,HLA-B*35:03,pearson_log,,0,13,False
allele_embedding,leave_one_allele_out,mse,all,HLA-B*35:03,auc_gt_2h,,0,13,False
allele_embedding,leave_one_allele_out,mse,all,HLA-B*35:08,spearman,,0,13,False
allele_embedding,leave_one_allele_out,mse,all,HLA-B*35:08,pearson_log,,0,13,False
allele_embedding,leave_one_allele_out,mse,all,HLA-B*35:08,auc_gt_2h,,0,13,False
allele_embedding,leave_one_allele_out,mse,all,HLA-B*39:01,spearman,,0,13,False
allele_embedding,leave_one_allele_out,mse,all,HLA-B*39:01,pearson_log,,0,13,False
allele_embedding,leave_one_allele_out,mse,all,HLA-B*39:01,auc_gt_2h,,0,13,False
allele_embedding,leave_one_allele_out,mse,all,HLA-B*39:02,spearman,,0,13,False
allele_embedding,leave_one_allele_out,mse,all,HLA-B*39:02,pearson_log,,0,13,False
allele_embedding,leave_one_allele_out,mse,all,HLA-B*39:02,auc_gt_2h,,0,13,False
allele_embedding,leave_one_allele_out,mse,all,HLA-B*39:06(C67S),spearman,,0,13,False
allele_embedding,leave_one_allele_out,mse,all,HLA-B*39:06(C67S),pearson_log,,0,13,False
allele_embedding,leave_one_allele_out,mse,all,HLA-B*39:06(C67S),auc_gt_2h,,0,13,False
allele_embedding,leave_one_allele_out,mse,all,HLA-B*39:10,spearman,,0,13,False
allele_embedding,leave_one_allele_out,mse,all,HLA-B*39:10,pearson_log,,0,13,False
allele_embedding,leave_one_allele_out,mse,all,HLA-B*39:10,auc_gt_2h,,0,13,False
allele_embedding,leave_one_allele_out,mse,all,HLA-B*40:01,spearman,,0,13,False
allele_embedding,leave_one_allele_out,mse,all,HLA-B*40:01,pearson_log,,0,13,False
allele_embedding,leave_one_allele_out,mse,all,HLA-B*40:01,auc_gt_2h,,0,13,False
allele_embedding,leave_one_allele_out,mse,all,HLA-B*40:02,spearman,,0,13,False
allele_embedding,leave_one_allele_out,mse,all,HLA-B*40:02,pearson_log,,0,13,False
allele_embedding,leave_one_allele_out,mse,all,HLA-B*40:02,auc_gt_2h,,0,13,False
allele_embedding,leave_one_allele_out,mse,all,HLA-B*41:01,spearman,,0,13,False
allele_embedding,leave_one_allele_out,mse,all,HLA-B*41:01,pearson_log,,0,13,False
allele_embedding,leave_one_allele_out,mse,all,HLA-B*41:01,auc_gt_2h,,0,13,False
allele_embedding,leave_one_allele_out,mse,all,HLA-B*42:01,spearman,,0,13,False
allele_embedding,leave_one_allele_out,mse,all,HLA-B*42:01,pearson_log,,0,13,False
allele_embedding,leave_one_allele_out,mse,all,HLA-B*42:01,auc_gt_2h,,0,13,False
allele_embedding,leave_one_allele_out,mse,all,HLA-B*42:02,spearman,,0,13,False
allele_embedding,leave_one_allele_out,mse,all,HLA-B*42:02,pearson_log,,0,13,False
allele_embedding,leave_one_allele_out,mse,all,HLA-B*42:02,auc_gt_2h,,0,13,False
allele_embedding,leave_one_allele_out,mse,all,HLA-B*44:05,spearman,,0,13,False
allele_embedding,leave_one_allele_out,mse,all,HLA-B*44:05,pearson_log,,0,13,False
allele_embedding,leave_one_allele_out,mse,all,HLA-B*44:05,auc_gt_2h,,0,13,False
allele_embedding,leave_one_allele_out,mse,all,HLA-B*45:01,spearman,,0,13,False
allele_embedding,leave_one_allele_out,mse,all,HLA-B*45:01,pearson_log,,0,13,False
allele_embedding,leave_one_allele_out,mse,all,HLA-B*45:01,auc_gt_2h,,0,13,False
allele_embedding,leave_one_allele_out,mse,all,HLA-B*46:01,spearman,,0,13,False
allele_embedding,leave_one_allele_out,mse,all,HLA-B*46:01,pearson_log,,0,13,False
allele_embedding,leave_one_allele_out,mse,all,HLA-B*46:01,auc_gt_2h,,0,13,False
allele_embedding,leave_one_allele_out,mse,all,HLA-B*51:01,spearman,,0,13,False
allele_embedding,leave_one_allele_out,mse,all,HLA-B*51:01,pearson_log,,0,13,False
allele_embedding,leave_one_allele_out,mse,all,HLA-B*51:01,auc_gt_2h,,0,13,False
allele_embedding,leave_one_allele_out,mse,all,HLA-B*54:01,spearman,,0,13,False
allele_embedding,leave_one_allele_out,mse,all,HLA-B*54:01,pearson_log,,0,13,False
allele_embedding,leave_one_allele_out,mse,all,HLA-B*54:01,auc_gt_2h,,0,13,False
allele_embedding,leave_one_allele_out,mse,all,HLA-B*55:01,spearman,,0,13,False
allele_embedding,leave_one_allele_out,mse,all,HLA-B*55:01,pearson_log,,0,13,False
allele_embedding,leave_one_allele_out,mse,all,HLA-B*55:01,auc_gt_2h,,0,13,False
allele_embedding,leave_one_allele_out,mse,all,HLA-B*56:01,spearman,,0,13,False
allele_embedding,leave_one_allele_out,mse,all,HLA-B*56:01,pearson_log,,0,13,False
allele_embedding,leave_one_allele_out,mse,all,HLA-B*56:01,auc_gt_2h,,0,13,False
allele_embedding,leave_one_allele_out,mse,all,HLA-B*57:01,spearman,,0,13,False
allele_embedding,leave_one_allele_out,mse,all,HLA-B*57:01,pearson_log,,0,13,False
allele_embedding,leave_one_allele_out,mse,all,HLA-B*57:01,auc_gt_2h,,0,13,False
allele_embedding,leave_one_allele_out,mse,all,HLA-B*57:02,spearman,,0,13,False
allele_embedding,leave_one_allele_out,mse,all,HLA-B*57:02,pearson_log,,0,13,False
allele_embedding,leave_one_allele_out,mse,all,HLA-B*57:02,auc_gt_2h,,0,13,False
allele_embedding,leave_one_allele_out,mse,all,HLA-B*57:03,spearman,,0,13,False
allele_embedding,leave_one_allele_out,mse,all,HLA-B*57:03,pearson_log,,0,13,False
allele_embedding,leave_one_allele_out,mse,all,HLA-B*57:03,auc_gt_2h,,0,13,False
allele_embedding,leave_one_allele_out,mse,all,HLA-B*58:01,spearman,,0,13,False
allele_embedding,leave_one_allele_out,mse,all,HLA-B*58:01,pearson_log,,0,13,False
allele_embedding,leave_one_allele_out,mse,all,HLA-B*58:01,auc_gt_2h,,0,13,False
allele_embedding,leave_one_allele_out,mse,all,HLA-B*81:01,spearman,,0,13,False
allele_embedding,leave_one_allele_out,mse,all,HLA-B*81:01,pearson_log,,0,13,False
allele_embedding,leave_one_allele_out,mse,all,HLA-B*81:01,auc_gt_2h,,0,13,False
allele_embedding,leave_one_allele_out,mse,nonzero,HLA-A*01:01,spearman,,0,13,False
allele_embedding,leave_one_allele_out,mse,nonzero,HLA-A*01:01,pearson_log,,0,13,False
allele_embedding,leave_one_allele_out,mse,nonzero,HLA-A*01:01,auc_gt_2h,,0,13,False
allele_embedding,leave_one_allele_out,mse,nonzero,HLA-A*02:01,spearman,,0,14,False
allele_embedding,leave_one_allele_out,mse,nonzero,HLA-A*02:01,pearson_log,,0,14,False
allele_embedding,leave_one_allele_out,mse,nonzero,HLA-A*02:01,auc_gt_2h,,0,14,False
allele_embedding,leave_one_allele_out,mse,nonzero,HLA-A*02:03,spearman,,0,11,False
allele_embedding,leave_one_allele_out,mse,nonzero,HLA-A*02:03,pearson_log,,0,11,False
allele_embedding,leave_one_allele_out,mse,nonzero,HLA-A*02:03,auc_gt_2h,,0,11,False
allele_embedding,leave_one_allele_out,mse,nonzero,HLA-A*02:05,spearman,,0,14,False
allele_embedding,leave_one_allele_out,mse,nonzero,HLA-A*02:05,pearson_log,,0,14,False
allele_embedding,leave_one_allele_out,mse,nonzero,HLA-A*02:05,auc_gt_2h,,0,14,False
allele_embedding,leave_one_allele_out,mse,nonzero,HLA-A*02:10,spearman,,0,14,False
allele_embedding,leave_one_allele_out,mse,nonzero,HLA-A*02:10,pearson_log,,0,14,False
allele_embedding,leave_one_allele_out,mse,nonzero,HLA-A*02:10,auc_gt_2h,,0,14,False
allele_embedding,leave_one_allele_out,mse,nonzero,HLA-A*02:11,spearman,,0,14,False
allele_embedding,leave_one_allele_out,mse,nonzero,HLA-A*02:11,pearson_log,,0,14,False
allele_embedding,leave_one_allele_out,mse,nonzero,HLA-A*02:11,auc_gt_2h,,0,14,False
allele_embedding,leave_one_allele_out,mse,nonzero,HLA-A*02:12,spearman,,0,14,False
allele_embedding,leave_one_allele_out,mse,nonzero,HLA-A*02:12,pearson_log,,0,14,False
allele_embedding,leave_one_allele_out,mse,nonzero,HLA-A*02:12,auc_gt_2h,,0,14,False
allele_embedding,leave_one_allele_out,mse,nonzero,HLA-A*02:16,spearman,,0,14,False
allele_embedding,leave_one_allele_out,mse,nonzero,HLA-A*02:16,pearson_log,,0,14,False
allele_embedding,leave_one_allele_out,mse,nonzero,HLA-A*02:16,auc_gt_2h,,0,14,False
allele_embedding,leave_one_allele_out,mse,nonzero,HLA-A*02:19,spearman,,0,12,False
allele_embedding,leave_one_allele_out,mse,nonzero,HLA-A*02:19,pearson_log,,0,12,False
allele_embedding,leave_one_allele_out,mse,nonzero,HLA-A*02:19,auc_gt_2h,,0,12,False
allele_embedding,leave_one_allele_out,mse,nonzero,HLA-A*02:50,spearman,,0,14,False
allele_embedding,leave_one_allele_out,mse,nonzero,HLA-A*02:50,pearson_log,,0,14,False
allele_embedding,leave_one_allele_out,mse,nonzero,HLA-A*02:50,auc_gt_2h,,0,14,False
allele_embedding,leave_one_allele_out,mse,nonzero,HLA-A*03:01,spearman,,0,12,False
allele_embedding,leave_one_allele_out,mse,nonzero,HLA-A*03:01,pearson_log,,0,12,False
allele_embedding,leave_one_allele_out,mse,nonzero,HLA-A*03:01,auc_gt_2h,,0,12,False
allele_embedding,leave_one_allele_out,mse,nonzero,HLA-A*11:01,spearman,,0,14,False
allele_embedding,leave_one_allele_out,mse,nonzero,HLA-A*11:01,pearson_log,,0,14,False
allele_embedding,leave_one_allele_out,mse,nonzero,HLA-A*11:01,auc_gt_2h,,0,14,False
allele_embedding,leave_one_allele_out,mse,nonzero,HLA-A*23:01,spearman,,0,14,False
allele_embedding,leave_one_allele_out,mse,nonzero,HLA-A*23:01,pearson_log,,0,14,False
allele_embedding,leave_one_allele_out,mse,nonzero,HLA-A*23:01,auc_gt_2h,,0,14,False
allele_embedding,leave_one_allele_out,mse,nonzero,HLA-A*24:02,spearman,,0,13,False
allele_embedding,leave_one_allele_out,mse,nonzero,HLA-A*24:02,pearson_log,,0,13,False
allele_embedding,leave_one_allele_out,mse,nonzero,HLA-A*24:02,auc_gt_2h,,0,13,False
allele_embedding,leave_one_allele_out,mse,nonzero,HLA-A*24:03,spearman,,0,14,False
allele_embedding,leave_one_allele_out,mse,nonzero,HLA-A*24:03,pearson_log,,0,14,False
allele_embedding,leave_one_allele_out,mse,nonzero,HLA-A*24:03,auc_gt_2h,,0,14,False
allele_embedding,leave_one_allele_out,mse,nonzero,HLA-A*24:07,spearman,,0,14,False
allele_embedding,leave_one_allele_out,mse,nonzero,HLA-A*24:07,pearson_log,,0,14,False
allele_embedding,leave_one_allele_out,mse,nonzero,HLA-A*24:07,auc_gt_2h,,0,14,False
allele_embedding,leave_one_allele_out,mse,nonzero,HLA-A*24:19,spearman,,0,8,False
allele_embedding,leave_one_allele_out,mse,nonzero,HLA-A*24:19,pearson_log,,0,8,False
allele_embedding,leave_one_allele_out,mse,nonzero,HLA-A*24:19,auc_gt_2h,,0,8,False
allele_embedding,leave_one_allele_out,mse,nonzero,HLA-A*25:01,spearman,,0,9,False
allele_embedding,leave_one_allele_out,mse,nonzero,HLA-A*25:01,pearson_log,,0,9,False
allele_embedding,leave_one_allele_out,mse,nonzero,HLA-A*25:01,auc_gt_2h,,0,9,False
allele_embedding,leave_one_allele_out,mse,nonzero,HLA-A*26:01,spearman,,0,13,False
allele_embedding,leave_one_allele_out,mse,nonzero,HLA-A*26:01,pearson_log,,0,13,False
allele_embedding,leave_one_allele_out,mse,nonzero,HLA-A*26:01,auc_gt_2h,,0,13,False
allele_embedding,leave_one_allele_out,mse,nonzero,HLA-A*26:02,spearman,,0,13,False
allele_embedding,leave_one_allele_out,mse,nonzero,HLA-A*26:02,pearson_log,,0,13,False
allele_embedding,leave_one_allele_out,mse,nonzero,HLA-A*26:02,auc_gt_2h,,0,13,False
allele_embedding,leave_one_allele_out,mse,nonzero,HLA-A*26:03,spearman,,0,8,False
allele_embedding,leave_one_allele_out,mse,nonzero,HLA-A*26:03,pearson_log,,0,8,False
allele_embedding,leave_one_allele_out,mse,nonzero,HLA-A*26:03,auc_gt_2h,,0,8,False
allele_embedding,leave_one_allele_out,mse,nonzero,HLA-A*29:02,spearman,,0,14,False
allele_embedding,leave_one_allele_out,mse,nonzero,HLA-A*29:02,pearson_log,,0,14,False
allele_embedding,leave_one_allele_out,mse,nonzero,HLA-A*29:02,auc_gt_2h,,0,14,False
allele_embedding,leave_one_allele_out,mse,nonzero,HLA-A*30:01,spearman,,0,11,False
allele_embedding,leave_one_allele_out,mse,nonzero,HLA-A*30:01,pearson_log,,0,11,False
allele_embedding,leave_one_allele_out,mse,nonzero,HLA-A*30:01,auc_gt_2h,,0,11,False
allele_embedding,leave_one_allele_out,mse,nonzero,HLA-A*30:02,spearman,,0,13,False
allele_embedding,leave_one_allele_out,mse,nonzero,HLA-A*30:02,pearson_log,,0,13,False
allele_embedding,leave_one_allele_out,mse,nonzero,HLA-A*30:02,auc_gt_2h,,0,13,False
allele_embedding,leave_one_allele_out,mse,nonzero,HLA-A*31:01,spearman,,0,14,False
allele_embedding,leave_one_allele_out,mse,nonzero,HLA-A*31:01,pearson_log,,0,14,False
allele_embedding,leave_one_allele_out,mse,nonzero,HLA-A*31:01,auc_gt_2h,,0,14,False
allele_embedding,leave_one_allele_out,mse,nonzero,HLA-A*32:01,spearman,,0,13,False
allele_embedding,leave_one_allele_out,mse,nonzero,HLA-A*32:01,pearson_log,,0,13,False
allele_embedding,leave_one_allele_out,mse,nonzero,HLA-A*32:01,auc_gt_2h,,0,13,False
allele_embedding,leave_one_allele_out,mse,nonzero,HLA-A*32:07,spearman,,0,11,False
allele_embedding,leave_one_allele_out,mse,nonzero,HLA-A*32:07,pearson_log,,0,11,False
allele_embedding,leave_one_allele_out,mse,nonzero,HLA-A*32:07,auc_gt_2h,,0,11,False
allele_embedding,leave_one_allele_out,mse,nonzero,HLA-A*33:03,spearman,,0,7,False
allele_embedding,leave_one_allele_out,mse,nonzero,HLA-A*33:03,pearson_log,,0,7,False
allele_embedding,leave_one_allele_out,mse,nonzero,HLA-A*33:03,auc_gt_2h,,0,7,False
allele_embedding,leave_one_allele_out,mse,nonzero,HLA-A*43:01,spearman,,0,12,False
allele_embedding,leave_one_allele_out,mse,nonzero,HLA-A*43:01,pearson_log,,0,12,False
allele_embedding,leave_one_allele_out,mse,nonzero,HLA-A*43:01,auc_gt_2h,,0,12,False
allele_embedding,leave_one_allele_out,mse,nonzero,HLA-A*66:01,spearman,,0,9,False
allele_embedding,leave_one_allele_out,mse,nonzero,HLA-A*66:01,pearson_log,,0,9,False
allele_embedding,leave_one_allele_out,mse,nonzero,HLA-A*66:01,auc_gt_2h,,0,9,False
allele_embedding,leave_one_allele_out,mse,nonzero,HLA-A*68:01,spearman,,0,10,False
allele_embedding,leave_one_allele_out,mse,nonzero,HLA-A*68:01,pearson_log,,0,10,False
allele_embedding,leave_one_allele_out,mse,nonzero,HLA-A*68:01,auc_gt_2h,,0,10,False
allele_embedding,leave_one_allele_out,mse,nonzero,HLA-A*68:02,spearman,,0,13,False
allele_embedding,leave_one_allele_out,mse,nonzero,HLA-A*68:02,pearson_log,,0,13,False
allele_embedding,leave_one_allele_out,mse,nonzero,HLA-A*68:02,auc_gt_2h,,0,13,False
allele_embedding,leave_one_allele_out,mse,nonzero,HLA-A*68:23,spearman,,0,10,False
allele_embedding,leave_one_allele_out,mse,nonzero,HLA-A*68:23,pearson_log,,0,10,False
allele_embedding,leave_one_allele_out,mse,nonzero,HLA-A*68:23,auc_gt_2h,,0,10,False
allele_embedding,leave_one_allele_out,mse,nonzero,HLA-A*69:01,spearman,,0,9,False
allele_embedding,leave_one_allele_out,mse,nonzero,HLA-A*69:01,pearson_log,,0,9,False
allele_embedding,leave_one_allele_out,mse,nonzero,HLA-A*69:01,auc_gt_2h,,0,9,False
allele_embedding,leave_one_allele_out,mse,nonzero,HLA-A*74:01,spearman,,0,12,False
allele_embedding,leave_one_allele_out,mse,nonzero,HLA-A*74:01,pearson_log,,0,12,False
allele_embedding,leave_one_allele_out,mse,nonzero,HLA-A*74:01,auc_gt_2h,,0,12,False
allele_embedding,leave_one_allele_out,mse,nonzero,HLA-A*80:01,spearman,,0,10,False
allele_embedding,leave_one_allele_out,mse,nonzero,HLA-A*80:01,pearson_log,,0,10,False
allele_embedding,leave_one_allele_out,mse,nonzero,HLA-A*80:01,auc_gt_2h,,0,10,False
allele_embedding,leave_one_allele_out,mse,nonzero,HLA-B*07:02,spearman,,0,13,False
allele_embedding,leave_one_allele_out,mse,nonzero,HLA-B*07:02,pearson_log,,0,13,False
allele_embedding,leave_one_allele_out,mse,nonzero,HLA-B*07:02,auc_gt_2h,,0,13,False
allele_embedding,leave_one_allele_out,mse,nonzero,HLA-B*08:01,spearman,,0,10,False
allele_embedding,leave_one_allele_out,mse,nonzero,HLA-B*08:01,pearson_log,,0,10,False
allele_embedding,leave_one_allele_out,mse,nonzero,HLA-B*08:01,auc_gt_2h,,0,10,False
allele_embedding,leave_one_allele_out,mse,nonzero,HLA-B*08:03,spearman,,0,9,False
allele_embedding,leave_one_allele_out,mse,nonzero,HLA-B*08:03,pearson_log,,0,9,False
allele_embedding,leave_one_allele_out,mse,nonzero,HLA-B*08:03,auc_gt_2h,,0,9,False
allele_embedding,leave_one_allele_out,mse,nonzero,HLA-B*13:02,spearman,,0,4,False
allele_embedding,leave_one_allele_out,mse,nonzero,HLA-B*13:02,pearson_log,,0,4,False
allele_embedding,leave_one_allele_out,mse,nonzero,HLA-B*13:02,auc_gt_2h,,0,4,False
allele_embedding,leave_one_allele_out,mse,nonzero,HLA-B*14:01(C67S),spearman,,0,1,False
allele_embedding,leave_one_allele_out,mse,nonzero,HLA-B*14:01(C67S),pearson_log,,0,1,False
allele_embedding,leave_one_allele_out,mse,nonzero,HLA-B*14:01(C67S),auc_gt_2h,,0,1,False
allele_embedding,leave_one_allele_out,mse,nonzero,HLA-B*14:02(C67S),spearman,,0,5,False
allele_embedding,leave_one_allele_out,mse,nonzero,HLA-B*14:02(C67S),pearson_log,,0,5,False
allele_embedding,leave_one_allele_out,mse,nonzero,HLA-B*14:02(C67S),auc_gt_2h,,0,5,False
allele_embedding,leave_one_allele_out,mse,nonzero,HLA-B*15:01,spearman,,0,11,False
allele_embedding,leave_one_allele_out,mse,nonzero,HLA-B*15:01,pearson_log,,0,11,False
allele_embedding,leave_one_allele_out,mse,nonzero,HLA-B*15:01,auc_gt_2h,,0,11,False
allele_embedding,leave_one_allele_out,mse,nonzero,HLA-B*15:02,spearman,,0,8,False
allele_embedding,leave_one_allele_out,mse,nonzero,HLA-B*15:02,pearson_log,,0,8,False
allele_embedding,leave_one_allele_out,mse,nonzero,HLA-B*15:02,auc_gt_2h,,0,8,False
allele_embedding,leave_one_allele_out,mse,nonzero,HLA-B*15:10,spearman,,0,12,False
allele_embedding,leave_one_allele_out,mse,nonzero,HLA-B*15:10,pearson_log,,0,12,False
allele_embedding,leave_one_allele_out,mse,nonzero,HLA-B*15:10,auc_gt_2h,,0,12,False
allele_embedding,leave_one_allele_out,mse,nonzero,HLA-B*15:17,spearman,,0,10,False
allele_embedding,leave_one_allele_out,mse,nonzero,HLA-B*15:17,pearson_log,,0,10,False
allele_embedding,leave_one_allele_out,mse,nonzero,HLA-B*15:17,auc_gt_2h,,0,10,False
allele_embedding,leave_one_allele_out,mse,nonzero,HLA-B*18:01,spearman,,0,13,False
allele_embedding,leave_one_allele_out,mse,nonzero,HLA-B*18:01,pearson_log,,0,13,False
allele_embedding,leave_one_allele_out,mse,nonzero,HLA-B*18:01,auc_gt_2h,,0,13,False
allele_embedding,leave_one_allele_out,mse,nonzero,HLA-B*27:02,spearman,,0,11,False
allele_embedding,leave_one_allele_out,mse,nonzero,HLA-B*27:02,pearson_log,,0,11,False
allele_embedding,leave_one_allele_out,mse,nonzero,HLA-B*27:02,auc_gt_2h,,0,11,False
allele_embedding,leave_one_allele_out,mse,nonzero,HLA-B*27:03,spearman,,0,9,False
allele_embedding,leave_one_allele_out,mse,nonzero,HLA-B*27:03,pearson_log,,0,9,False
allele_embedding,leave_one_allele_out,mse,nonzero,HLA-B*27:03,auc_gt_2h,,0,9,False
allele_embedding,leave_one_allele_out,mse,nonzero,HLA-B*27:05,spearman,,0,11,False
allele_embedding,leave_one_allele_out,mse,nonzero,HLA-B*27:05,pearson_log,,0,11,False
allele_embedding,leave_one_allele_out,mse,nonzero,HLA-B*27:05,auc_gt_2h,,0,11,False
allele_embedding,leave_one_allele_out,mse,nonzero,HLA-B*27:20,spearman,,0,11,False
allele_embedding,leave_one_allele_out,mse,nonzero,HLA-B*27:20,pearson_log,,0,11,False
allele_embedding,leave_one_allele_out,mse,nonzero,HLA-B*27:20,auc_gt_2h,,0,11,False
allele_embedding,leave_one_allele_out,mse,nonzero,HLA-B*35:01,spearman,,0,9,False
allele_embedding,leave_one_allele_out,mse,nonzero,HLA-B*35:01,pearson_log,,0,9,False
allele_embedding,leave_one_allele_out,mse,nonzero,HLA-B*35:01,auc_gt_2h,,0,9,False
allele_embedding,leave_one_allele_out,mse,nonzero,HLA-B*35:03,spearman,,0,12,False
allele_embedding,leave_one_allele_out,mse,nonzero,HLA-B*35:03,pearson_log,,0,12,False
allele_embedding,leave_one_allele_out,mse,nonzero,HLA-B*35:03,auc_gt_2h,,0,12,False
allele_embedding,leave_one_allele_out,mse,nonzero,HLA-B*35:08,spearman,,0,11,False
allele_embedding,leave_one_allele_out,mse,nonzero,HLA-B*35:08,pearson_log,,0,11,False
allele_embedding,leave_one_allele_out,mse,nonzero,HLA-B*35:08,auc_gt_2h,,0,11,False
allele_embedding,leave_one_allele_out,mse,nonzero,HLA-B*39:01,spearman,,0,11,False
allele_embedding,leave_one_allele_out,mse,nonzero,HLA-B*39:01,pearson_log,,0,11,False
allele_embedding,leave_one_allele_out,mse,nonzero,HLA-B*39:01,auc_gt_2h,,0,11,False
allele_embedding,leave_one_allele_out,mse,nonzero,HLA-B*39:02,spearman,,0,9,False
allele_embedding,leave_one_allele_out,mse,nonzero,HLA-B*39:02,pearson_log,,0,9,False
allele_embedding,leave_one_allele_out,mse,nonzero,HLA-B*39:02,auc_gt_2h,,0,9,False
allele_embedding,leave_one_allele_out,mse,nonzero,HLA-B*39:06(C67S),spearman,,0,1,False
allele_embedding,leave_one_allele_out,mse,nonzero,HLA-B*39:06(C67S),pearson_log,,0,1,False
allele_embedding,leave_one_allele_out,mse,nonzero,HLA-B*39:06(C67S),auc_gt_2h,,0,1,False
allele_embedding,leave_one_allele_out,mse,nonzero,HLA-B*39:10,spearman,,0,11,False
allele_embedding,leave_one_allele_out,mse,nonzero,HLA-B*39:10,pearson_log,,0,11,False
allele_embedding,leave_one_allele_out,mse,nonzero,HLA-B*39:10,auc_gt_2h,,0,11,False
allele_embedding,leave_one_allele_out,mse,nonzero,HLA-B*40:01,spearman,,0,12,False
allele_embedding,leave_one_allele_out,mse,nonzero,HLA-B*40:01,pearson_log,,0,12,False
allele_embedding,leave_one_allele_out,mse,nonzero,HLA-B*40:01,auc_gt_2h,,0,12,False
allele_embedding,leave_one_allele_out,mse,nonzero,HLA-B*40:02,spearman,,0,13,False
allele_embedding,leave_one_allele_out,mse,nonzero,HLA-B*40:02,pearson_log,,0,13,False
allele_embedding,leave_one_allele_out,mse,nonzero,HLA-B*40:02,auc_gt_2h,,0,13,False
allele_embedding,leave_one_allele_out,mse,nonzero,HLA-B*41:01,spearman,,0,6,False
allele_embedding,leave_one_allele_out,mse,nonzero,HLA-B*41:01,pearson_log,,0,6,False
allele_embedding,leave_one_allele_out,mse,nonzero,HLA-B*41:01,auc_gt_2h,,0,6,False
allele_embedding,leave_one_allele_out,mse,nonzero,HLA-B*42:01,spearman,,0,12,False
allele_embedding,leave_one_allele_out,mse,nonzero,HLA-B*42:01,pearson_log,,0,12,False
allele_embedding,leave_one_allele_out,mse,nonzero,HLA-B*42:01,auc_gt_2h,,0,12,False
allele_embedding,leave_one_allele_out,mse,nonzero,HLA-B*42:02,spearman,,0,11,False
allele_embedding,leave_one_allele_out,mse,nonzero,HLA-B*42:02,pearson_log,,0,11,False
allele_embedding,leave_one_allele_out,mse,nonzero,HLA-B*42:02,auc_gt_2h,,0,11,False
allele_embedding,leave_one_allele_out,mse,nonzero,HLA-B*44:05,spearman,,0,12,False
allele_embedding,leave_one_allele_out,mse,nonzero,HLA-B*44:05,pearson_log,,0,12,False
allele_embedding,leave_one_allele_out,mse,nonzero,HLA-B*44:05,auc_gt_2h,,0,12,False
allele_embedding,leave_one_allele_out,mse,nonzero,HLA-B*45:01,spearman,,0,3,False
allele_embedding,leave_one_allele_out,mse,nonzero,HLA-B*45:01,pearson_log,,0,3,False
allele_embedding,leave_one_allele_out,mse,nonzero,HLA-B*45:01,auc_gt_2h,,0,3,False
allele_embedding,leave_one_allele_out,mse,nonzero,HLA-B*46:01,spearman,,0,7,False
allele_embedding,leave_one_allele_out,mse,nonzero,HLA-B*46:01,pearson_log,,0,7,False
allele_embedding,leave_one_allele_out,mse,nonzero,HLA-B*46:01,auc_gt_2h,,0,7,False
allele_embedding,leave_one_allele_out,mse,nonzero,HLA-B*51:01,spearman,,0,4,False
allele_embedding,leave_one_allele_out,mse,nonzero,HLA-B*51:01,pearson_log,,0,4,False
allele_embedding,leave_one_allele_out,mse,nonzero,HLA-B*51:01,auc_gt_2h,,0,4,False
allele_embedding,leave_one_allele_out,mse,nonzero,HLA-B*54:01,spearman,,0,8,False
allele_embedding,leave_one_allele_out,mse,nonzero,HLA-B*54:01,pearson_log,,0,8,False
allele_embedding,leave_one_allele_out,mse,nonzero,HLA-B*54:01,auc_gt_2h,,0,8,False
allele_embedding,leave_one_allele_out,mse,nonzero,HLA-B*55:01,spearman,,0,3,False
allele_embedding,leave_one_allele_out,mse,nonzero,HLA-B*55:01,pearson_log,,0,3,False
allele_embedding,leave_one_allele_out,mse,nonzero,HLA-B*55:01,auc_gt_2h,,0,3,False
allele_embedding,leave_one_allele_out,mse,nonzero,HLA-B*56:01,spearman,,0,8,False
allele_embedding,leave_one_allele_out,mse,nonzero,HLA-B*56:01,pearson_log,,0,8,False
allele_embedding,leave_one_allele_out,mse,nonzero,HLA-B*56:01,auc_gt_2h,,0,8,False
allele_embedding,leave_one_allele_out,mse,nonzero,HLA-B*57:01,spearman,,0,12,False
allele_embedding,leave_one_allele_out,mse,nonzero,HLA-B*57:01,pearson_log,,0,12,False
allele_embedding,leave_one_allele_out,mse,nonzero,HLA-B*57:01,auc_gt_2h,,0,12,False
allele_embedding,leave_one_allele_out,mse,nonzero,HLA-B*57:02,spearman,,0,13,False
allele_embedding,leave_one_allele_out,mse,nonzero,HLA-B*57:02,pearson_log,,0,13,False
allele_embedding,leave_one_allele_out,mse,nonzero,HLA-B*57:02,auc_gt_2h,,0,13,False
allele_embedding,leave_one_allele_out,mse,nonzero,HLA-B*57:03,spearman,,0,13,False
allele_embedding,leave_one_allele_out,mse,nonzero,HLA-B*57:03,pearson_log,,0,13,False
allele_embedding,leave_one_allele_out,mse,nonzero,HLA-B*57:03,auc_gt_2h,,0,13,False
allele_embedding,leave_one_allele_out,mse,nonzero,HLA-B*58:01,spearman,,0,12,False
allele_embedding,leave_one_allele_out,mse,nonzero,HLA-B*58:01,pearson_log,,0,12,False
allele_embedding,leave_one_allele_out,mse,nonzero,HLA-B*58:01,auc_gt_2h,,0,12,False
allele_embedding,leave_one_allele_out,mse,nonzero,HLA-B*81:01,spearman,,0,11,False
allele_embedding,leave_one_allele_out,mse,nonzero,HLA-B*81:01,pearson_log,,0,11,False
allele_embedding,leave_one_allele_out,mse,nonzero,HLA-B*81:01,auc_gt_2h,,0,11,False
allele_embedding,leave_one_allele_out,ranking,all,HLA-A*01:01,spearman,,0,14,False
allele_embedding,leave_one_allele_out,ranking,all,HLA-A*01:01,pearson_log,,0,14,False
allele_embedding,leave_one_allele_out,ranking,all,HLA-A*01:01,auc_gt_2h,,0,14,False
allele_embedding,leave_one_allele_out,ranking,all,HLA-A*02:01,spearman,,0,14,False
allele_embedding,leave_one_allele_out,ranking,all,HLA-A*02:01,pearson_log,,0,14,False
allele_embedding,leave_one_allele_out,ranking,all,HLA-A*02:01,auc_gt_2h,,0,14,False
allele_embedding,leave_one_allele_out,ranking,all,HLA-A*02:03,spearman,,0,14,False
allele_embedding,leave_one_allele_out,ranking,all,HLA-A*02:03,pearson_log,,0,14,False
allele_embedding,leave_one_allele_out,ranking,all,HLA-A*02:03,auc_gt_2h,,0,14,False
allele_embedding,leave_one_allele_out,ranking,all,HLA-A*02:05,spearman,,0,14,False
allele_embedding,leave_one_allele_out,ranking,all,HLA-A*02:05,pearson_log,,0,14,False
allele_embedding,leave_one_allele_out,ranking,all,HLA-A*02:05,auc_gt_2h,,0,14,False
allele_embedding,leave_one_allele_out,ranking,all,HLA-A*02:10,spearman,,0,14,False
allele_embedding,leave_one_allele_out,ranking,all,HLA-A*02:10,pearson_log,,0,14,False
allele_embedding,leave_one_allele_out,ranking,all,HLA-A*02:10,auc_gt_2h,,0,14,False
allele_embedding,leave_one_allele_out,ranking,all,HLA-A*02:11,spearman,,0,14,False
allele_embedding,leave_one_allele_out,ranking,all,HLA-A*02:11,pearson_log,,0,14,False
allele_embedding,leave_one_allele_out,ranking,all,HLA-A*02:11,auc_gt_2h,,0,14,False
allele_embedding,leave_one_allele_out,ranking,all,HLA-A*02:12,spearman,,0,14,False
allele_embedding,leave_one_allele_out,ranking,all,HLA-A*02:12,pearson_log,,0,14,False
allele_embedding,leave_one_allele_out,ranking,all,HLA-A*02:12,auc_gt_2h,,0,14,False
allele_embedding,leave_one_allele_out,ranking,all,HLA-A*02:16,spearman,,0,14,False
allele_embedding,leave_one_allele_out,ranking,all,HLA-A*02:16,pearson_log,,0,14,False
allele_embedding,leave_one_allele_out,ranking,all,HLA-A*02:16,auc_gt_2h,,0,14,False
allele_embedding,leave_one_allele_out,ranking,all,HLA-A*02:19,spearman,,0,14,False
allele_embedding,leave_one_allele_out,ranking,all,HLA-A*02:19,pearson_log,,0,14,False
allele_embedding,leave_one_allele_out,ranking,all,HLA-A*02:19,auc_gt_2h,,0,14,False
allele_embedding,leave_one_allele_out,ranking,all,HLA-A*02:50,spearman,,0,14,False
allele_embedding,leave_one_allele_out,ranking,all,HLA-A*02:50,pearson_log,,0,14,False
allele_embedding,leave_one_allele_out,ranking,all,HLA-A*02:50,auc_gt_2h,,0,14,False
allele_embedding,leave_one_allele_out,ranking,all,HLA-A*03:01,spearman,,0,14,False
allele_embedding,leave_one_allele_out,ranking,all,HLA-A*03:01,pearson_log,,0,14,False
allele_embedding,leave_one_allele_out,ranking,all,HLA-A*03:01,auc_gt_2h,,0,14,False
allele_embedding,leave_one_allele_out,ranking,all,HLA-A*11:01,spearman,,0,14,False
allele_embedding,leave_one_allele_out,ranking,all,HLA-A*11:01,pearson_log,,0,14,False
allele_embedding,leave_one_allele_out,ranking,all,HLA-A*11:01,auc_gt_2h,,0,14,False
allele_embedding,leave_one_allele_out,ranking,all,HLA-A*23:01,spearman,,0,14,False
allele_embedding,leave_one_allele_out,ranking,all,HLA-A*23:01,pearson_log,,0,14,False
allele_embedding,leave_one_allele_out,ranking,all,HLA-A*23:01,auc_gt_2h,,0,14,False
allele_embedding,leave_one_allele_out,ranking,all,HLA-A*24:02,spearman,,0,14,False
allele_embedding,leave_one_allele_out,ranking,all,HLA-A*24:02,pearson_log,,0,14,False
allele_embedding,leave_one_allele_out,ranking,all,HLA-A*24:02,auc_gt_2h,,0,14,False
allele_embedding,leave_one_allele_out,ranking,all,HLA-A*24:03,spearman,,0,14,False
allele_embedding,leave_one_allele_out,ranking,all,HLA-A*24:03,pearson_log,,0,14,False
allele_embedding,leave_one_allele_out,ranking,all,HLA-A*24:03,auc_gt_2h,,0,14,False
allele_embedding,leave_one_allele_out,ranking,all,HLA-A*24:07,spearman,,0,14,False
allele_embedding,leave_one_allele_out,ranking,all,HLA-A*24:07,pearson_log,,0,14,False
allele_embedding,leave_one_allele_out,ranking,all,HLA-A*24:07,auc_gt_2h,,0,14,False
allele_embedding,leave_one_allele_out,ranking,all,HLA-A*24:19,spearman,,0,14,False
allele_embedding,leave_one_allele_out,ranking,all,HLA-A*24:19,pearson_log,,0,14,False
allele_embedding,leave_one_allele_out,ranking,all,HLA-A*24:19,auc_gt_2h,,0,14,False
allele_embedding,leave_one_allele_out,ranking,all,HLA-A*25:01,spearman,,0,14,False
allele_embedding,leave_one_allele_out,ranking,all,HLA-A*25:01,pearson_log,,0,14,False
allele_embedding,leave_one_allele_out,ranking,all,HLA-A*25:01,auc_gt_2h,,0,14,False
allele_embedding,leave_one_allele_out,ranking,all,HLA-A*26:01,spearman,,0,14,False
allele_embedding,leave_one_allele_out,ranking,all,HLA-A*26:01,pearson_log,,0,14,False
allele_embedding,leave_one_allele_out,ranking,all,HLA-A*26:01,auc_gt_2h,,0,14,False
allele_embedding,leave_one_allele_out,ranking,all,HLA-A*26:02,spearman,,0,14,False
allele_embedding,leave_one_allele_out,ranking,all,HLA-A*26:02,pearson_log,,0,14,False
allele_embedding,leave_one_allele_out,ranking,all,HLA-A*26:02,auc_gt_2h,,0,14,False
allele_embedding,leave_one_allele_out,ranking,all,HLA-A*26:03,spearman,,0,14,False
allele_embedding,leave_one_allele_out,ranking,all,HLA-A*26:03,pearson_log,,0,14,False
allele_embedding,leave_one_allele_out,ranking,all,HLA-A*26:03,auc_gt_2h,,0,14,False
allele_embedding,leave_one_allele_out,ranking,all,HLA-A*29:02,spearman,,0,14,False
allele_embedding,leave_one_allele_out,ranking,all,HLA-A*29:02,pearson_log,,0,14,False
allele_embedding,leave_one_allele_out,ranking,all,HLA-A*29:02,auc_gt_2h,,0,14,False
allele_embedding,leave_one_allele_out,ranking,all,HLA-A*30:01,spearman,,0,14,False
allele_embedding,leave_one_allele_out,ranking,all,HLA-A*30:01,pearson_log,,0,14,False
allele_embedding,leave_one_allele_out,ranking,all,HLA-A*30:01,auc_gt_2h,,0,14,False
allele_embedding,leave_one_allele_out,ranking,all,HLA-A*30:02,spearman,,0,14,False
allele_embedding,leave_one_allele_out,ranking,all,HLA-A*30:02,pearson_log,,0,14,False
allele_embedding,leave_one_allele_out,ranking,all,HLA-A*30:02,auc_gt_2h,,0,14,False
allele_embedding,leave_one_allele_out,ranking,all,HLA-A*31:01,spearman,,0,14,False
allele_embedding,leave_one_allele_out,ranking,all,HLA-A*31:01,pearson_log,,0,14,False
allele_embedding,leave_one_allele_out,ranking,all,HLA-A*31:01,auc_gt_2h,,0,14,False
allele_embedding,leave_one_allele_out,ranking,all,HLA-A*32:01,spearman,,0,14,False
allele_embedding,leave_one_allele_out,ranking,all,HLA-A*32:01,pearson_log,,0,14,False
allele_embedding,leave_one_allele_out,ranking,all,HLA-A*32:01,auc_gt_2h,,0,14,False
allele_embedding,leave_one_allele_out,ranking,all,HLA-A*32:07,spearman,,0,14,False
allele_embedding,leave_one_allele_out,ranking,all,HLA-A*32:07,pearson_log,,0,14,False
allele_embedding,leave_one_allele_out,ranking,all,HLA-A*32:07,auc_gt_2h,,0,14,False
allele_embedding,leave_one_allele_out,ranking,all,HLA-A*33:03,spearman,,0,14,False
allele_embedding,leave_one_allele_out,ranking,all,HLA-A*33:03,pearson_log,,0,14,False
allele_embedding,leave_one_allele_out,ranking,all,HLA-A*33:03,auc_gt_2h,,0,14,False
allele_embedding,leave_one_allele_out,ranking,all,HLA-A*43:01,spearman,,0,14,False
allele_embedding,leave_one_allele_out,ranking,all,HLA-A*43:01,pearson_log,,0,14,False
allele_embedding,leave_one_allele_out,ranking,all,HLA-A*43:01,auc_gt_2h,,0,14,False
allele_embedding,leave_one_allele_out,ranking,all,HLA-A*66:01,spearman,,0,14,False
allele_embedding,leave_one_allele_out,ranking,all,HLA-A*66:01,pearson_log,,0,14,False
allele_embedding,leave_one_allele_out,ranking,all,HLA-A*66:01,auc_gt_2h,,0,14,False
allele_embedding,leave_one_allele_out,ranking,all,HLA-A*68:01,spearman,,0,14,False
allele_embedding,leave_one_allele_out,ranking,all,HLA-A*68:01,pearson_log,,0,14,False
allele_embedding,leave_one_allele_out,ranking,all,HLA-A*68:01,auc_gt_2h,,0,14,False
allele_embedding,leave_one_allele_out,ranking,all,HLA-A*68:02,spearman,,0,13,False
allele_embedding,leave_one_allele_out,ranking,all,HLA-A*68:02,pearson_log,,0,13,False
allele_embedding,leave_one_allele_out,ranking,all,HLA-A*68:02,auc_gt_2h,,0,13,False
allele_embedding,leave_one_allele_out,ranking,all,HLA-A*68:23,spearman,,0,13,False
allele_embedding,leave_one_allele_out,ranking,all,HLA-A*68:23,pearson_log,,0,13,False
allele_embedding,leave_one_allele_out,ranking,all,HLA-A*68:23,auc_gt_2h,,0,13,False
allele_embedding,leave_one_allele_out,ranking,all,HLA-A*69:01,spearman,,0,13,False
allele_embedding,leave_one_allele_out,ranking,all,HLA-A*69:01,pearson_log,,0,13,False
allele_embedding,leave_one_allele_out,ranking,all,HLA-A*69:01,auc_gt_2h,,0,13,False
allele_embedding,leave_one_allele_out,ranking,all,HLA-A*74:01,spearman,,0,13,False
allele_embedding,leave_one_allele_out,ranking,all,HLA-A*74:01,pearson_log,,0,13,False
allele_embedding,leave_one_allele_out,ranking,all,HLA-A*74:01,auc_gt_2h,,0,13,False
allele_embedding,leave_one_allele_out,ranking,all,HLA-A*80:01,spearman,,0,13,False
allele_embedding,leave_one_allele_out,ranking,all,HLA-A*80:01,pearson_log,,0,13,False
allele_embedding,leave_one_allele_out,ranking,all,HLA-A*80:01,auc_gt_2h,,0,13,False
allele_embedding,leave_one_allele_out,ranking,all,HLA-B*07:02,spearman,,0,13,False
allele_embedding,leave_one_allele_out,ranking,all,HLA-B*07:02,pearson_log,,0,13,False
allele_embedding,leave_one_allele_out,ranking,all,HLA-B*07:02,auc_gt_2h,,0,13,False
allele_embedding,leave_one_allele_out,ranking,all,HLA-B*08:01,spearman,,0,13,False
allele_embedding,leave_one_allele_out,ranking,all,HLA-B*08:01,pearson_log,,0,13,False
allele_embedding,leave_one_allele_out,ranking,all,HLA-B*08:01,auc_gt_2h,,0,13,False
allele_embedding,leave_one_allele_out,ranking,all,HLA-B*08:03,spearman,,0,13,False
allele_embedding,leave_one_allele_out,ranking,all,HLA-B*08:03,pearson_log,,0,13,False
allele_embedding,leave_one_allele_out,ranking,all,HLA-B*08:03,auc_gt_2h,,0,13,False
allele_embedding,leave_one_allele_out,ranking,all,HLA-B*13:02,spearman,,0,7,False
allele_embedding,leave_one_allele_out,ranking,all,HLA-B*13:02,pearson_log,,0,7,False
allele_embedding,leave_one_allele_out,ranking,all,HLA-B*13:02,auc_gt_2h,,0,7,False
allele_embedding,leave_one_allele_out,ranking,all,HLA-B*14:01(C67S),spearman,,0,13,False
allele_embedding,leave_one_allele_out,ranking,all,HLA-B*14:01(C67S),pearson_log,,0,13,False
allele_embedding,leave_one_allele_out,ranking,all,HLA-B*14:01(C67S),auc_gt_2h,,0,13,False
allele_embedding,leave_one_allele_out,ranking,all,HLA-B*14:02(C67S),spearman,,0,13,False
allele_embedding,leave_one_allele_out,ranking,all,HLA-B*14:02(C67S),pearson_log,,0,13,False
allele_embedding,leave_one_allele_out,ranking,all,HLA-B*14:02(C67S),auc_gt_2h,,0,13,False
allele_embedding,leave_one_allele_out,ranking,all,HLA-B*15:01,spearman,,0,13,False
allele_embedding,leave_one_allele_out,ranking,all,HLA-B*15:01,pearson_log,,0,13,False
allele_embedding,leave_one_allele_out,ranking,all,HLA-B*15:01,auc_gt_2h,,0,13,False
allele_embedding,leave_one_allele_out,ranking,all,HLA-B*15:02,spearman,,0,13,False
allele_embedding,leave_one_allele_out,ranking,all,HLA-B*15:02,pearson_log,,0,13,False
allele_embedding,leave_one_allele_out,ranking,all,HLA-B*15:02,auc_gt_2h,,0,13,False
allele_embedding,leave_one_allele_out,ranking,all,HLA-B*15:10,spearman,,0,13,False
allele_embedding,leave_one_allele_out,ranking,all,HLA-B*15:10,pearson_log,,0,13,False
allele_embedding,leave_one_allele_out,ranking,all,HLA-B*15:10,auc_gt_2h,,0,13,False
allele_embedding,leave_one_allele_out,ranking,all,HLA-B*15:17,spearman,,0,13,False
allele_embedding,leave_one_allele_out,ranking,all,HLA-B*15:17,pearson_log,,0,13,False
allele_embedding,leave_one_allele_out,ranking,all,HLA-B*15:17,auc_gt_2h,,0,13,False
allele_embedding,leave_one_allele_out,ranking,all,HLA-B*18:01,spearman,,0,13,False
allele_embedding,leave_one_allele_out,ranking,all,HLA-B*18:01,pearson_log,,0,13,False
allele_embedding,leave_one_allele_out,ranking,all,HLA-B*18:01,auc_gt_2h,,0,13,False
allele_embedding,leave_one_allele_out,ranking,all,HLA-B*27:02,spearman,,0,13,False
allele_embedding,leave_one_allele_out,ranking,all,HLA-B*27:02,pearson_log,,0,13,False
allele_embedding,leave_one_allele_out,ranking,all,HLA-B*27:02,auc_gt_2h,,0,13,False
allele_embedding,leave_one_allele_out,ranking,all,HLA-B*27:03,spearman,,0,13,False
allele_embedding,leave_one_allele_out,ranking,all,HLA-B*27:03,pearson_log,,0,13,False
allele_embedding,leave_one_allele_out,ranking,all,HLA-B*27:03,auc_gt_2h,,0,13,False
allele_embedding,leave_one_allele_out,ranking,all,HLA-B*27:05,spearman,,0,13,False
allele_embedding,leave_one_allele_out,ranking,all,HLA-B*27:05,pearson_log,,0,13,False
allele_embedding,leave_one_allele_out,ranking,all,HLA-B*27:05,auc_gt_2h,,0,13,False
allele_embedding,leave_one_allele_out,ranking,all,HLA-B*27:20,spearman,,0,13,False
allele_embedding,leave_one_allele_out,ranking,all,HLA-B*27:20,pearson_log,,0,13,False
allele_embedding,leave_one_allele_out,ranking,all,HLA-B*27:20,auc_gt_2h,,0,13,False
allele_embedding,leave_one_allele_out,ranking,all,HLA-B*35:01,spearman,,0,13,False
allele_embedding,leave_one_allele_out,ranking,all,HLA-B*35:01,pearson_log,,0,13,False
allele_embedding,leave_one_allele_out,ranking,all,HLA-B*35:01,auc_gt_2h,,0,13,False
allele_embedding,leave_one_allele_out,ranking,all,HLA-B*35:03,spearman,,0,13,False
allele_embedding,leave_one_allele_out,ranking,all,HLA-B*35:03,pearson_log,,0,13,False
allele_embedding,leave_one_allele_out,ranking,all,HLA-B*35:03,auc_gt_2h,,0,13,False
allele_embedding,leave_one_allele_out,ranking,all,HLA-B*35:08,spearman,,0,13,False
allele_embedding,leave_one_allele_out,ranking,all,HLA-B*35:08,pearson_log,,0,13,False
allele_embedding,leave_one_allele_out,ranking,all,HLA-B*35:08,auc_gt_2h,,0,13,False
allele_embedding,leave_one_allele_out,ranking,all,HLA-B*39:01,spearman,,0,13,False
allele_embedding,leave_one_allele_out,ranking,all,HLA-B*39:01,pearson_log,,0,13,False
allele_embedding,leave_one_allele_out,ranking,all,HLA-B*39:01,auc_gt_2h,,0,13,False
allele_embedding,leave_one_allele_out,ranking,all,HLA-B*39:02,spearman,,0,13,False
allele_embedding,leave_one_allele_out,ranking,all,HLA-B*39:02,pearson_log,,0,13,False
allele_embedding,leave_one_allele_out,ranking,all,HLA-B*39:02,auc_gt_2h,,0,13,False
allele_embedding,leave_one_allele_out,ranking,all,HLA-B*39:06(C67S),spearman,,0,13,False
allele_embedding,leave_one_allele_out,ranking,all,HLA-B*39:06(C67S),pearson_log,,0,13,False
allele_embedding,leave_one_allele_out,ranking,all,HLA-B*39:06(C67S),auc_gt_2h,,0,13,False
allele_embedding,leave_one_allele_out,ranking,all,HLA-B*39:10,spearman,,0,13,False
allele_embedding,leave_one_allele_out,ranking,all,HLA-B*39:10,pearson_log,,0,13,False
allele_embedding,leave_one_allele_out,ranking,all,HLA-B*39:10,auc_gt_2h,,0,13,False
allele_embedding,leave_one_allele_out,ranking,all,HLA-B*40:01,spearman,,0,13,False
allele_embedding,leave_one_allele_out,ranking,all,HLA-B*40:01,pearson_log,,0,13,False
allele_embedding,leave_one_allele_out,ranking,all,HLA-B*40:01,auc_gt_2h,,0,13,False
allele_embedding,leave_one_allele_out,ranking,all,HLA-B*40:02,spearman,,0,13,False
allele_embedding,leave_one_allele_out,ranking,all,HLA-B*40:02,pearson_log,,0,13,False
allele_embedding,leave_one_allele_out,ranking,all,HLA-B*40:02,auc_gt_2h,,0,13,False
allele_embedding,leave_one_allele_out,ranking,all,HLA-B*41:01,spearman,,0,13,False
allele_embedding,leave_one_allele_out,ranking,all,HLA-B*41:01,pearson_log,,0,13,False
allele_embedding,leave_one_allele_out,ranking,all,HLA-B*41:01,auc_gt_2h,,0,13,False
allele_embedding,leave_one_allele_out,ranking,all,HLA-B*42:01,spearman,,0,13,False
allele_embedding,leave_one_allele_out,ranking,all,HLA-B*42:01,pearson_log,,0,13,False
allele_embedding,leave_one_allele_out,ranking,all,HLA-B*42:01,auc_gt_2h,,0,13,False
allele_embedding,leave_one_allele_out,ranking,all,HLA-B*42:02,spearman,,0,13,False
allele_embedding,leave_one_allele_out,ranking,all,HLA-B*42:02,pearson_log,,0,13,False
allele_embedding,leave_one_allele_out,ranking,all,HLA-B*42:02,auc_gt_2h,,0,13,False
allele_embedding,leave_one_allele_out,ranking,all,HLA-B*44:05,spearman,,0,13,False
allele_embedding,leave_one_allele_out,ranking,all,HLA-B*44:05,pearson_log,,0,13,False
allele_embedding,leave_one_allele_out,ranking,all,HLA-B*44:05,auc_gt_2h,,0,13,False
allele_embedding,leave_one_allele_out,ranking,all,HLA-B*45:01,spearman,,0,13,False
allele_embedding,leave_one_allele_out,ranking,all,HLA-B*45:01,pearson_log,,0,13,False
allele_embedding,leave_one_allele_out,ranking,all,HLA-B*45:01,auc_gt_2h,,0,13,False
allele_embedding,leave_one_allele_out,ranking,all,HLA-B*46:01,spearman,,0,13,False
allele_embedding,leave_one_allele_out,ranking,all,HLA-B*46:01,pearson_log,,0,13,False
allele_embedding,leave_one_allele_out,ranking,all,HLA-B*46:01,auc_gt_2h,,0,13,False
allele_embedding,leave_one_allele_out,ranking,all,HLA-B*51:01,spearman,,0,13,False
allele_embedding,leave_one_allele_out,ranking,all,HLA-B*51:01,pearson_log,,0,13,False
allele_embedding,leave_one_allele_out,ranking,all,HLA-B*51:01,auc_gt_2h,,0,13,False
allele_embedding,leave_one_allele_out,ranking,all,HLA-B*54:01,spearman,,0,13,False
allele_embedding,leave_one_allele_out,ranking,all,HLA-B*54:01,pearson_log,,0,13,False
allele_embedding,leave_one_allele_out,ranking,all,HLA-B*54:01,auc_gt_2h,,0,13,False
allele_embedding,leave_one_allele_out,ranking,all,HLA-B*55:01,spearman,,0,13,False
allele_embedding,leave_one_allele_out,ranking,all,HLA-B*55:01,pearson_log,,0,13,False
allele_embedding,leave_one_allele_out,ranking,all,HLA-B*55:01,auc_gt_2h,,0,13,False
allele_embedding,leave_one_allele_out,ranking,all,HLA-B*56:01,spearman,,0,13,False
allele_embedding,leave_one_allele_out,ranking,all,HLA-B*56:01,pearson_log,,0,13,False
allele_embedding,leave_one_allele_out,ranking,all,HLA-B*56:01,auc_gt_2h,,0,13,False
allele_embedding,leave_one_allele_out,ranking,all,HLA-B*57:01,spearman,,0,13,False
allele_embedding,leave_one_allele_out,ranking,all,HLA-B*57:01,pearson_log,,0,13,False
allele_embedding,leave_one_allele_out,ranking,all,HLA-B*57:01,auc_gt_2h,,0,13,False
allele_embedding,leave_one_allele_out,ranking,all,HLA-B*57:02,spearman,,0,13,False
allele_embedding,leave_one_allele_out,ranking,all,HLA-B*57:02,pearson_log,,0,13,False
allele_embedding,leave_one_allele_out,ranking,all,HLA-B*57:02,auc_gt_2h,,0,13,False
allele_embedding,leave_one_allele_out,ranking,all,HLA-B*57:03,spearman,,0,13,False
allele_embedding,leave_one_allele_out,ranking,all,HLA-B*57:03,pearson_log,,0,13,False
allele_embedding,leave_one_allele_out,ranking,all,HLA-B*57:03,auc_gt_2h,,0,13,False
allele_embedding,leave_one_allele_out,ranking,all,HLA-B*58:01,spearman,,0,13,False
allele_embedding,leave_one_allele_out,ranking,all,HLA-B*58:01,pearson_log,,0,13,False
allele_embedding,leave_one_allele_out,ranking,all,HLA-B*58:01,auc_gt_2h,,0,13,False
allele_embedding,leave_one_allele_out,ranking,all,HLA-B*81:01,spearman,,0,13,False
allele_embedding,leave_one_allele_out,ranking,all,HLA-B*81:01,pearson_log,,0,13,False
allele_embedding,leave_one_allele_out,ranking,all,HLA-B*81:01,auc_gt_2h,,0,13,False
allele_embedding,leave_one_allele_out,ranking,nonzero,HLA-A*01:01,spearman,,0,13,False
allele_embedding,leave_one_allele_out,ranking,nonzero,HLA-A*01:01,pearson_log,,0,13,False
allele_embedding,leave_one_allele_out,ranking,nonzero,HLA-A*01:01,auc_gt_2h,,0,13,False
allele_embedding,leave_one_allele_out,ranking,nonzero,HLA-A*02:01,spearman,,0,14,False
allele_embedding,leave_one_allele_out,ranking,nonzero,HLA-A*02:01,pearson_log,,0,14,False
allele_embedding,leave_one_allele_out,ranking,nonzero,HLA-A*02:01,auc_gt_2h,,0,14,False
allele_embedding,leave_one_allele_out,ranking,nonzero,HLA-A*02:03,spearman,,0,11,False
allele_embedding,leave_one_allele_out,ranking,nonzero,HLA-A*02:03,pearson_log,,0,11,False
allele_embedding,leave_one_allele_out,ranking,nonzero,HLA-A*02:03,auc_gt_2h,,0,11,False
allele_embedding,leave_one_allele_out,ranking,nonzero,HLA-A*02:05,spearman,,0,14,False
allele_embedding,leave_one_allele_out,ranking,nonzero,HLA-A*02:05,pearson_log,,0,14,False
allele_embedding,leave_one_allele_out,ranking,nonzero,HLA-A*02:05,auc_gt_2h,,0,14,False
allele_embedding,leave_one_allele_out,ranking,nonzero,HLA-A*02:10,spearman,,0,14,False
allele_embedding,leave_one_allele_out,ranking,nonzero,HLA-A*02:10,pearson_log,,0,14,False
allele_embedding,leave_one_allele_out,ranking,nonzero,HLA-A*02:10,auc_gt_2h,,0,14,False
allele_embedding,leave_one_allele_out,ranking,nonzero,HLA-A*02:11,spearman,,0,14,False
allele_embedding,leave_one_allele_out,ranking,nonzero,HLA-A*02:11,pearson_log,,0,14,False
allele_embedding,leave_one_allele_out,ranking,nonzero,HLA-A*02:11,auc_gt_2h,,0,14,False
allele_embedding,leave_one_allele_out,ranking,nonzero,HLA-A*02:12,spearman,,0,14,False
allele_embedding,leave_one_allele_out,ranking,nonzero,HLA-A*02:12,pearson_log,,0,14,False
allele_embedding,leave_one_allele_out,ranking,nonzero,HLA-A*02:12,auc_gt_2h,,0,14,False
allele_embedding,leave_one_allele_out,ranking,nonzero,HLA-A*02:16,spearman,,0,14,False
allele_embedding,leave_one_allele_out,ranking,nonzero,HLA-A*02:16,pearson_log,,0,14,False
allele_embedding,leave_one_allele_out,ranking,nonzero,HLA-A*02:16,auc_gt_2h,,0,14,False
allele_embedding,leave_one_allele_out,ranking,nonzero,HLA-A*02:19,spearman,,0,12,False
allele_embedding,leave_one_allele_out,ranking,nonzero,HLA-A*02:19,pearson_log,,0,12,False
allele_embedding,leave_one_allele_out,ranking,nonzero,HLA-A*02:19,auc_gt_2h,,0,12,False
allele_embedding,leave_one_allele_out,ranking,nonzero,HLA-A*02:50,spearman,,0,14,False
allele_embedding,leave_one_allele_out,ranking,nonzero,HLA-A*02:50,pearson_log,,0,14,False
allele_embedding,leave_one_allele_out,ranking,nonzero,HLA-A*02:50,auc_gt_2h,,0,14,False
allele_embedding,leave_one_allele_out,ranking,nonzero,HLA-A*03:01,spearman,,0,12,False
allele_embedding,leave_one_allele_out,ranking,nonzero,HLA-A*03:01,pearson_log,,0,12,False
allele_embedding,leave_one_allele_out,ranking,nonzero,HLA-A*03:01,auc_gt_2h,,0,12,False
allele_embedding,leave_one_allele_out,ranking,nonzero,HLA-A*11:01,spearman,,0,14,False
allele_embedding,leave_one_allele_out,ranking,nonzero,HLA-A*11:01,pearson_log,,0,14,False
allele_embedding,leave_one_allele_out,ranking,nonzero,HLA-A*11:01,auc_gt_2h,,0,14,False
allele_embedding,leave_one_allele_out,ranking,nonzero,HLA-A*23:01,spearman,,0,14,False
allele_embedding,leave_one_allele_out,ranking,nonzero,HLA-A*23:01,pearson_log,,0,14,False
allele_embedding,leave_one_allele_out,ranking,nonzero,HLA-A*23:01,auc_gt_2h,,0,14,False
allele_embedding,leave_one_allele_out,ranking,nonzero,HLA-A*24:02,spearman,,0,13,False
allele_embedding,leave_one_allele_out,ranking,nonzero,HLA-A*24:02,pearson_log,,0,13,False
allele_embedding,leave_one_allele_out,ranking,nonzero,HLA-A*24:02,auc_gt_2h,,0,13,False
allele_embedding,leave_one_allele_out,ranking,nonzero,HLA-A*24:03,spearman,,0,14,False
allele_embedding,leave_one_allele_out,ranking,nonzero,HLA-A*24:03,pearson_log,,0,14,False
allele_embedding,leave_one_allele_out,ranking,nonzero,HLA-A*24:03,auc_gt_2h,,0,14,False
allele_embedding,leave_one_allele_out,ranking,nonzero,HLA-A*24:07,spearman,,0,14,False
allele_embedding,leave_one_allele_out,ranking,nonzero,HLA-A*24:07,pearson_log,,0,14,False
allele_embedding,leave_one_allele_out,ranking,nonzero,HLA-A*24:07,auc_gt_2h,,0,14,False
allele_embedding,leave_one_allele_out,ranking,nonzero,HLA-A*24:19,spearman,,0,8,False
allele_embedding,leave_one_allele_out,ranking,nonzero,HLA-A*24:19,pearson_log,,0,8,False
allele_embedding,leave_one_allele_out,ranking,nonzero,HLA-A*24:19,auc_gt_2h,,0,8,False
allele_embedding,leave_one_allele_out,ranking,nonzero,HLA-A*25:01,spearman,,0,9,False
allele_embedding,leave_one_allele_out,ranking,nonzero,HLA-A*25:01,pearson_log,,0,9,False
allele_embedding,leave_one_allele_out,ranking,nonzero,HLA-A*25:01,auc_gt_2h,,0,9,False
allele_embedding,leave_one_allele_out,ranking,nonzero,HLA-A*26:01,spearman,,0,13,False
allele_embedding,leave_one_allele_out,ranking,nonzero,HLA-A*26:01,pearson_log,,0,13,False
allele_embedding,leave_one_allele_out,ranking,nonzero,HLA-A*26:01,auc_gt_2h,,0,13,False
allele_embedding,leave_one_allele_out,ranking,nonzero,HLA-A*26:02,spearman,,0,13,False
allele_embedding,leave_one_allele_out,ranking,nonzero,HLA-A*26:02,pearson_log,,0,13,False
allele_embedding,leave_one_allele_out,ranking,nonzero,HLA-A*26:02,auc_gt_2h,,0,13,False
allele_embedding,leave_one_allele_out,ranking,nonzero,HLA-A*26:03,spearman,,0,8,False
allele_embedding,leave_one_allele_out,ranking,nonzero,HLA-A*26:03,pearson_log,,0,8,False
allele_embedding,leave_one_allele_out,ranking,nonzero,HLA-A*26:03,auc_gt_2h,,0,8,False
allele_embedding,leave_one_allele_out,ranking,nonzero,HLA-A*29:02,spearman,,0,14,False
allele_embedding,leave_one_allele_out,ranking,nonzero,HLA-A*29:02,pearson_log,,0,14,False
allele_embedding,leave_one_allele_out,ranking,nonzero,HLA-A*29:02,auc_gt_2h,,0,14,False
allele_embedding,leave_one_allele_out,ranking,nonzero,HLA-A*30:01,spearman,,0,11,False
allele_embedding,leave_one_allele_out,ranking,nonzero,HLA-A*30:01,pearson_log,,0,11,False
allele_embedding,leave_one_allele_out,ranking,nonzero,HLA-A*30:01,auc_gt_2h,,0,11,False
allele_embedding,leave_one_allele_out,ranking,nonzero,HLA-A*30:02,spearman,,0,13,False
allele_embedding,leave_one_allele_out,ranking,nonzero,HLA-A*30:02,pearson_log,,0,13,False
allele_embedding,leave_one_allele_out,ranking,nonzero,HLA-A*30:02,auc_gt_2h,,0,13,False
allele_embedding,leave_one_allele_out,ranking,nonzero,HLA-A*31:01,spearman,,0,14,False
allele_embedding,leave_one_allele_out,ranking,nonzero,HLA-A*31:01,pearson_log,,0,14,False
allele_embedding,leave_one_allele_out,ranking,nonzero,HLA-A*31:01,auc_gt_2h,,0,14,False
allele_embedding,leave_one_allele_out,ranking,nonzero,HLA-A*32:01,spearman,,0,13,False
allele_embedding,leave_one_allele_out,ranking,nonzero,HLA-A*32:01,pearson_log,,0,13,False
allele_embedding,leave_one_allele_out,ranking,nonzero,HLA-A*32:01,auc_gt_2h,,0,13,False
allele_embedding,leave_one_allele_out,ranking,nonzero,HLA-A*32:07,spearman,,0,11,False
allele_embedding,leave_one_allele_out,ranking,nonzero,HLA-A*32:07,pearson_log,,0,11,False
allele_embedding,leave_one_allele_out,ranking,nonzero,HLA-A*32:07,auc_gt_2h,,0,11,False
allele_embedding,leave_one_allele_out,ranking,nonzero,HLA-A*33:03,spearman,,0,7,False
allele_embedding,leave_one_allele_out,ranking,nonzero,HLA-A*33:03,pearson_log,,0,7,False
allele_embedding,leave_one_allele_out,ranking,nonzero,HLA-A*33:03,auc_gt_2h,,0,7,False
allele_embedding,leave_one_allele_out,ranking,nonzero,HLA-A*43:01,spearman,,0,12,False
allele_embedding,leave_one_allele_out,ranking,nonzero,HLA-A*43:01,pearson_log,,0,12,False
allele_embedding,leave_one_allele_out,ranking,nonzero,HLA-A*43:01,auc_gt_2h,,0,12,False
allele_embedding,leave_one_allele_out,ranking,nonzero,HLA-A*66:01,spearman,,0,9,False
allele_embedding,leave_one_allele_out,ranking,nonzero,HLA-A*66:01,pearson_log,,0,9,False
allele_embedding,leave_one_allele_out,ranking,nonzero,HLA-A*66:01,auc_gt_2h,,0,9,False
allele_embedding,leave_one_allele_out,ranking,nonzero,HLA-A*68:01,spearman,,0,10,False
allele_embedding,leave_one_allele_out,ranking,nonzero,HLA-A*68:01,pearson_log,,0,10,False
allele_embedding,leave_one_allele_out,ranking,nonzero,HLA-A*68:01,auc_gt_2h,,0,10,False
allele_embedding,leave_one_allele_out,ranking,nonzero,HLA-A*68:02,spearman,,0,13,False
allele_embedding,leave_one_allele_out,ranking,nonzero,HLA-A*68:02,pearson_log,,0,13,False
allele_embedding,leave_one_allele_out,ranking,nonzero,HLA-A*68:02,auc_gt_2h,,0,13,False
allele_embedding,leave_one_allele_out,ranking,nonzero,HLA-A*68:23,spearman,,0,10,False
allele_embedding,leave_one_allele_out,ranking,nonzero,HLA-A*68:23,pearson_log,,0,10,False
allele_embedding,leave_one_allele_out,ranking,nonzero,HLA-A*68:23,auc_gt_2h,,0,10,False
allele_embedding,leave_one_allele_out,ranking,nonzero,HLA-A*69:01,spearman,,0,9,False
allele_embedding,leave_one_allele_out,ranking,nonzero,HLA-A*69:01,pearson_log,,0,9,False
allele_embedding,leave_one_allele_out,ranking,nonzero,HLA-A*69:01,auc_gt_2h,,0,9,False
allele_embedding,leave_one_allele_out,ranking,nonzero,HLA-A*74:01,spearman,,0,12,False
allele_embedding,leave_one_allele_out,ranking,nonzero,HLA-A*74:01,pearson_log,,0,12,False
allele_embedding,leave_one_allele_out,ranking,nonzero,HLA-A*74:01,auc_gt_2h,,0,12,False
allele_embedding,leave_one_allele_out,ranking,nonzero,HLA-A*80:01,spearman,,0,10,False
allele_embedding,leave_one_allele_out,ranking,nonzero,HLA-A*80:01,pearson_log,,0,10,False
allele_embedding,leave_one_allele_out,ranking,nonzero,HLA-A*80:01,auc_gt_2h,,0,10,False
allele_embedding,leave_one_allele_out,ranking,nonzero,HLA-B*07:02,spearman,,0,13,False
allele_embedding,leave_one_allele_out,ranking,nonzero,HLA-B*07:02,pearson_log,,0,13,False
allele_embedding,leave_one_allele_out,ranking,nonzero,HLA-B*07:02,auc_gt_2h,,0,13,False
allele_embedding,leave_one_allele_out,ranking,nonzero,HLA-B*08:01,spearman,,0,10,False
allele_embedding,leave_one_allele_out,ranking,nonzero,HLA-B*08:01,pearson_log,,0,10,False
allele_embedding,leave_one_allele_out,ranking,nonzero,HLA-B*08:01,auc_gt_2h,,0,10,False
allele_embedding,leave_one_allele_out,ranking,nonzero,HLA-B*08:03,spearman,,0,9,False
allele_embedding,leave_one_allele_out,ranking,nonzero,HLA-B*08:03,pearson_log,,0,9,False
allele_embedding,leave_one_allele_out,ranking,nonzero,HLA-B*08:03,auc_gt_2h,,0,9,False
allele_embedding,leave_one_allele_out,ranking,nonzero,HLA-B*13:02,spearman,,0,4,False
allele_embedding,leave_one_allele_out,ranking,nonzero,HLA-B*13:02,pearson_log,,0,4,False
allele_embedding,leave_one_allele_out,ranking,nonzero,HLA-B*13:02,auc_gt_2h,,0,4,False
allele_embedding,leave_one_allele_out,ranking,nonzero,HLA-B*14:01(C67S),spearman,,0,1,False
allele_embedding,leave_one_allele_out,ranking,nonzero,HLA-B*14:01(C67S),pearson_log,,0,1,False
allele_embedding,leave_one_allele_out,ranking,nonzero,HLA-B*14:01(C67S),auc_gt_2h,,0,1,False
allele_embedding,leave_one_allele_out,ranking,nonzero,HLA-B*14:02(C67S),spearman,,0,5,False
allele_embedding,leave_one_allele_out,ranking,nonzero,HLA-B*14:02(C67S),pearson_log,,0,5,False
allele_embedding,leave_one_allele_out,ranking,nonzero,HLA-B*14:02(C67S),auc_gt_2h,,0,5,False
allele_embedding,leave_one_allele_out,ranking,nonzero,HLA-B*15:01,spearman,,0,11,False
allele_embedding,leave_one_allele_out,ranking,nonzero,HLA-B*15:01,pearson_log,,0,11,False
allele_embedding,leave_one_allele_out,ranking,nonzero,HLA-B*15:01,auc_gt_2h,,0,11,False
allele_embedding,leave_one_allele_out,ranking,nonzero,HLA-B*15:02,spearman,,0,8,False
allele_embedding,leave_one_allele_out,ranking,nonzero,HLA-B*15:02,pearson_log,,0,8,False
allele_embedding,leave_one_allele_out,ranking,nonzero,HLA-B*15:02,auc_gt_2h,,0,8,False
allele_embedding,leave_one_allele_out,ranking,nonzero,HLA-B*15:10,spearman,,0,12,False
allele_embedding,leave_one_allele_out,ranking,nonzero,HLA-B*15:10,pearson_log,,0,12,False
allele_embedding,leave_one_allele_out,ranking,nonzero,HLA-B*15:10,auc_gt_2h,,0,12,False
allele_embedding,leave_one_allele_out,ranking,nonzero,HLA-B*15:17,spearman,,0,10,False
allele_embedding,leave_one_allele_out,ranking,nonzero,HLA-B*15:17,pearson_log,,0,10,False
allele_embedding,leave_one_allele_out,ranking,nonzero,HLA-B*15:17,auc_gt_2h,,0,10,False
allele_embedding,leave_one_allele_out,ranking,nonzero,HLA-B*18:01,spearman,,0,13,False
allele_embedding,leave_one_allele_out,ranking,nonzero,HLA-B*18:01,pearson_log,,0,13,False
allele_embedding,leave_one_allele_out,ranking,nonzero,HLA-B*18:01,auc_gt_2h,,0,13,False
allele_embedding,leave_one_allele_out,ranking,nonzero,HLA-B*27:02,spearman,,0,11,False
allele_embedding,leave_one_allele_out,ranking,nonzero,HLA-B*27:02,pearson_log,,0,11,False
allele_embedding,leave_one_allele_out,ranking,nonzero,HLA-B*27:02,auc_gt_2h,,0,11,False
allele_embedding,leave_one_allele_out,ranking,nonzero,HLA-B*27:03,spearman,,0,9,False
allele_embedding,leave_one_allele_out,ranking,nonzero,HLA-B*27:03,pearson_log,,0,9,False
allele_embedding,leave_one_allele_out,ranking,nonzero,HLA-B*27:03,auc_gt_2h,,0,9,False
allele_embedding,leave_one_allele_out,ranking,nonzero,HLA-B*27:05,spearman,,0,11,False
allele_embedding,leave_one_allele_out,ranking,nonzero,HLA-B*27:05,pearson_log,,0,11,False
allele_embedding,leave_one_allele_out,ranking,nonzero,HLA-B*27:05,auc_gt_2h,,0,11,False
allele_embedding,leave_one_allele_out,ranking,nonzero,HLA-B*27:20,spearman,,0,11,False
allele_embedding,leave_one_allele_out,ranking,nonzero,HLA-B*27:20,pearson_log,,0,11,False
allele_embedding,leave_one_allele_out,ranking,nonzero,HLA-B*27:20,auc_gt_2h,,0,11,False
allele_embedding,leave_one_allele_out,ranking,nonzero,HLA-B*35:01,spearman,,0,9,False
allele_embedding,leave_one_allele_out,ranking,nonzero,HLA-B*35:01,pearson_log,,0,9,False
allele_embedding,leave_one_allele_out,ranking,nonzero,HLA-B*35:01,auc_gt_2h,,0,9,False
allele_embedding,leave_one_allele_out,ranking,nonzero,HLA-B*35:03,spearman,,0,12,False
allele_embedding,leave_one_allele_out,ranking,nonzero,HLA-B*35:03,pearson_log,,0,12,False
allele_embedding,leave_one_allele_out,ranking,nonzero,HLA-B*35:03,auc_gt_2h,,0,12,False
allele_embedding,leave_one_allele_out,ranking,nonzero,HLA-B*35:08,spearman,,0,11,False
allele_embedding,leave_one_allele_out,ranking,nonzero,HLA-B*35:08,pearson_log,,0,11,False
allele_embedding,leave_one_allele_out,ranking,nonzero,HLA-B*35:08,auc_gt_2h,,0,11,False
allele_embedding,leave_one_allele_out,ranking,nonzero,HLA-B*39:01,spearman,,0,11,False
allele_embedding,leave_one_allele_out,ranking,nonzero,HLA-B*39:01,pearson_log,,0,11,False
allele_embedding,leave_one_allele_out,ranking,nonzero,HLA-B*39:01,auc_gt_2h,,0,11,False
allele_embedding,leave_one_allele_out,ranking,nonzero,HLA-B*39:02,spearman,,0,9,False
allele_embedding,leave_one_allele_out,ranking,nonzero,HLA-B*39:02,pearson_log,,0,9,False
allele_embedding,leave_one_allele_out,ranking,nonzero,HLA-B*39:02,auc_gt_2h,,0,9,False
allele_embedding,leave_one_allele_out,ranking,nonzero,HLA-B*39:06(C67S),spearman,,0,1,False
allele_embedding,leave_one_allele_out,ranking,nonzero,HLA-B*39:06(C67S),pearson_log,,0,1,False
allele_embedding,leave_one_allele_out,ranking,nonzero,HLA-B*39:06(C67S),auc_gt_2h,,0,1,False
allele_embedding,leave_one_allele_out,ranking,nonzero,HLA-B*39:10,spearman,,0,11,False
allele_embedding,leave_one_allele_out,ranking,nonzero,HLA-B*39:10,pearson_log,,0,11,False
allele_embedding,leave_one_allele_out,ranking,nonzero,HLA-B*39:10,auc_gt_2h,,0,11,False
allele_embedding,leave_one_allele_out,ranking,nonzero,HLA-B*40:01,spearman,,0,12,False
allele_embedding,leave_one_allele_out,ranking,nonzero,HLA-B*40:01,pearson_log,,0,12,False
allele_embedding,leave_one_allele_out,ranking,nonzero,HLA-B*40:01,auc_gt_2h,,0,12,False
allele_embedding,leave_one_allele_out,ranking,nonzero,HLA-B*40:02,spearman,,0,13,False
allele_embedding,leave_one_allele_out,ranking,nonzero,HLA-B*40:02,pearson_log,,0,13,False
allele_embedding,leave_one_allele_out,ranking,nonzero,HLA-B*40:02,auc_gt_2h,,0,13,False
allele_embedding,leave_one_allele_out,ranking,nonzero,HLA-B*41:01,spearman,,0,6,False
allele_embedding,leave_one_allele_out,ranking,nonzero,HLA-B*41:01,pearson_log,,0,6,False
allele_embedding,leave_one_allele_out,ranking,nonzero,HLA-B*41:01,auc_gt_2h,,0,6,False
allele_embedding,leave_one_allele_out,ranking,nonzero,HLA-B*42:01,spearman,,0,12,False
allele_embedding,leave_one_allele_out,ranking,nonzero,HLA-B*42:01,pearson_log,,0,12,False
allele_embedding,leave_one_allele_out,ranking,nonzero,HLA-B*42:01,auc_gt_2h,,0,12,False
allele_embedding,leave_one_allele_out,ranking,nonzero,HLA-B*42:02,spearman,,0,11,False
allele_embedding,leave_one_allele_out,ranking,nonzero,HLA-B*42:02,pearson_log,,0,11,False
allele_embedding,leave_one_allele_out,ranking,nonzero,HLA-B*42:02,auc_gt_2h,,0,11,False
allele_embedding,leave_one_allele_out,ranking,nonzero,HLA-B*44:05,spearman,,0,12,False
allele_embedding,leave_one_allele_out,ranking,nonzero,HLA-B*44:05,pearson_log,,0,12,False
allele_embedding,leave_one_allele_out,ranking,nonzero,HLA-B*44:05,auc_gt_2h,,0,12,False
allele_embedding,leave_one_allele_out,ranking,nonzero,HLA-B*45:01,spearman,,0,3,False
allele_embedding,leave_one_allele_out,ranking,nonzero,HLA-B*45:01,pearson_log,,0,3,False
allele_embedding,leave_one_allele_out,ranking,nonzero,HLA-B*45:01,auc_gt_2h,,0,3,False
allele_embedding,leave_one_allele_out,ranking,nonzero,HLA-B*46:01,spearman,,0,7,False
allele_embedding,leave_one_allele_out,ranking,nonzero,HLA-B*46:01,pearson_log,,0,7,False
allele_embedding,leave_one_allele_out,ranking,nonzero,HLA-B*46:01,auc_gt_2h,,0,7,False
allele_embedding,leave_one_allele_out,ranking,nonzero,HLA-B*51:01,spearman,,0,4,False
allele_embedding,leave_one_allele_out,ranking,nonzero,HLA-B*51:01,pearson_log,,0,4,False
allele_embedding,leave_one_allele_out,ranking,nonzero,HLA-B*51:01,auc_gt_2h,,0,4,False
allele_embedding,leave_one_allele_out,ranking,nonzero,HLA-B*54:01,spearman,,0,8,False
allele_embedding,leave_one_allele_out,ranking,nonzero,HLA-B*54:01,pearson_log,,0,8,False
allele_embedding,leave_one_allele_out,ranking,nonzero,HLA-B*54:01,auc_gt_2h,,0,8,False
allele_embedding,leave_one_allele_out,ranking,nonzero,HLA-B*55:01,spearman,,0,3,False
allele_embedding,leave_one_allele_out,ranking,nonzero,HLA-B*55:01,pearson_log,,0,3,False
allele_embedding,leave_one_allele_out,ranking,nonzero,HLA-B*55:01,auc_gt_2h,,0,3,False
allele_embedding,leave_one_allele_out,ranking,nonzero,HLA-B*56:01,spearman,,0,8,False
allele_embedding,leave_one_allele_out,ranking,nonzero,HLA-B*56:01,pearson_log,,0,8,False
allele_embedding,leave_one_allele_out,ranking,nonzero,HLA-B*56:01,auc_gt_2h,,0,8,False
allele_embedding,leave_one_allele_out,ranking,nonzero,HLA-B*57:01,spearman,,0,12,False
allele_embedding,leave_one_allele_out,ranking,nonzero,HLA-B*57:01,pearson_log,,0,12,False
allele_embedding,leave_one_allele_out,ranking,nonzero,HLA-B*57:01,auc_gt_2h,,0,12,False
allele_embedding,leave_one_allele_out,ranking,nonzero,HLA-B*57:02,spearman,,0,13,False
allele_embedding,leave_one_allele_out,ranking,nonzero,HLA-B*57:02,pearson_log,,0,13,False
allele_embedding,leave_one_allele_out,ranking,nonzero,HLA-B*57:02,auc_gt_2h,,0,13,False
allele_embedding,leave_one_allele_out,ranking,nonzero,HLA-B*57:03,spearman,,0,13,False
allele_embedding,leave_one_allele_out,ranking,nonzero,HLA-B*57:03,pearson_log,,0,13,False
allele_embedding,leave_one_allele_out,ranking,nonzero,HLA-B*57:03,auc_gt_2h,,0,13,False
allele_embedding,leave_one_allele_out,ranking,nonzero,HLA-B*58:01,spearman,,0,12,False
allele_embedding,leave_one_allele_out,ranking,nonzero,HLA-B*58:01,pearson_log,,0,12,False
allele_embedding,leave_one_allele_out,ranking,nonzero,HLA-B*58:01,auc_gt_2h,,0,12,False
allele_embedding,leave_one_allele_out,ranking,nonzero,HLA-B*81:01,spearman,,0,11,False
allele_embedding,leave_one_allele_out,ranking,nonzero,HLA-B*81:01,pearson_log,,0,11,False
allele_embedding,leave_one_allele_out,ranking,nonzero,HLA-B*81:01,auc_gt_2h,,0,11,False
allele_embedding,peptide_disjoint,censored_hinge,all,HLA-A*01:01,spearman,,2,2,False
allele_embedding,peptide_disjoint,censored_hinge,all,HLA-A*01:01,pearson_log,,2,2,False
allele_embedding,peptide_disjoint,censored_hinge,all,HLA-A*01:01,auc_gt_2h,1.0,2,2,False
allele_embedding,peptide_disjoint,censored_hinge,all,HLA-A*02:01,spearman,0.5,3,3,False
allele_embedding,peptide_disjoint,censored_hinge,all,HLA-A*02:01,pearson_log,0.14029364271177636,3,3,False
allele_embedding,peptide_disjoint,censored_hinge,all,HLA-A*02:01,auc_gt_2h,,3,3,False
allele_embedding,peptide_disjoint,censored_hinge,all,HLA-A*02:03,spearman,,2,2,False
allele_embedding,peptide_disjoint,censored_hinge,all,HLA-A*02:03,pearson_log,,2,2,False
allele_embedding,peptide_disjoint,censored_hinge,all,HLA-A*02:03,auc_gt_2h,0.0,2,2,False
allele_embedding,peptide_disjoint,censored_hinge,all,HLA-A*02:05,spearman,0.09999999999999999,5,5,False
allele_embedding,peptide_disjoint,censored_hinge,all,HLA-A*02:05,pearson_log,-0.32651942728224137,5,5,False
allele_embedding,peptide_disjoint,censored_hinge,all,HLA-A*02:05,auc_gt_2h,0.6666666666666666,5,5,False
allele_embedding,peptide_disjoint,censored_hinge,all,HLA-A*02:10,spearman,,2,2,False
allele_embedding,peptide_disjoint,censored_hinge,all,HLA-A*02:10,pearson_log,,2,2,False
allele_embedding,peptide_disjoint,censored_hinge,all,HLA-A*02:10,auc_gt_2h,1.0,2,2,False
allele_embedding,peptide_disjoint,censored_hinge,all,HLA-A*02:11,spearman,,2,2,False
allele_embedding,peptide_disjoint,censored_hinge,all,HLA-A*02:11,pearson_log,,2,2,False
allele_embedding,peptide_disjoint,censored_hinge,all,HLA-A*02:11,auc_gt_2h,,2,2,False
allele_embedding,peptide_disjoint,censored_hinge,all,HLA-A*02:12,spearman,0.7999999999999999,4,4,False
allele_embedding,peptide_disjoint,censored_hinge,all,HLA-A*02:12,pearson_log,0.9180194593855129,4,4,False
allele_embedding,peptide_disjoint,censored_hinge,all,HLA-A*02:12,auc_gt_2h,1.0,4,4,False
allele_embedding,peptide_disjoint,censored_hinge,all,HLA-A*02:19,spearman,0.49999999999999994,5,5,False
allele_embedding,peptide_disjoint,censored_hinge,all,HLA-A*02:19,pearson_log,0.3317180860877508,5,5,False
allele_embedding,peptide_disjoint,censored_hinge,all,HLA-A*02:19,auc_gt_2h,0.75,5,5,False
allele_embedding,peptide_disjoint,censored_hinge,all,HLA-A*02:50,spearman,0.7999999999999999,4,4,False
allele_embedding,peptide_disjoint,censored_hinge,all,HLA-A*02:50,pearson_log,0.7785474684636301,4,4,False
allele_embedding,peptide_disjoint,censored_hinge,all,HLA-A*02:50,auc_gt_2h,,4,4,False
allele_embedding,peptide_disjoint,censored_hinge,all,HLA-A*03:01,spearman,0.7,5,5,False
allele_embedding,peptide_disjoint,censored_hinge,all,HLA-A*03:01,pearson_log,0.6520126547093688,5,5,False
allele_embedding,peptide_disjoint,censored_hinge,all,HLA-A*03:01,auc_gt_2h,1.0,5,5,False
allele_embedding,peptide_disjoint,censored_hinge,all,HLA-A*11:01,spearman,,1,1,True
allele_embedding,peptide_disjoint,censored_hinge,all,HLA-A*11:01,pearson_log,,1,1,True
allele_embedding,peptide_disjoint,censored_hinge,all,HLA-A*11:01,auc_gt_2h,,1,1,True
allele_embedding,peptide_disjoint,censored_hinge,all,HLA-A*23:01,spearman,,2,2,False
allele_embedding,peptide_disjoint,censored_hinge,all,HLA-A*23:01,pearson_log,,2,2,False
allele_embedding,peptide_disjoint,censored_hinge,all,HLA-A*23:01,auc_gt_2h,0.0,2,2,False
allele_embedding,peptide_disjoint,censored_hinge,all,HLA-A*24:02,spearman,0.0,4,4,False
allele_embedding,peptide_disjoint,censored_hinge,all,HLA-A*24:02,pearson_log,0.30343614400258667,4,4,False
allele_embedding,peptide_disjoint,censored_hinge,all,HLA-A*24:02,auc_gt_2h,0.75,4,4,False
allele_embedding,peptide_disjoint,censored_hinge,all,HLA-A*24:03,spearman,,2,2,False
allele_embedding,peptide_disjoint,censored_hinge,all,HLA-A*24:03,pearson_log,,2,2,False
allele_embedding,peptide_disjoint,censored_hinge,all,HLA-A*24:03,auc_gt_2h,,2,2,False
allele_embedding,peptide_disjoint,censored_hinge,all,HLA-A*24:07,spearman,,2,2,False
allele_embedding,peptide_disjoint,censored_hinge,all,HLA-A*24:07,pearson_log,,2,2,False
allele_embedding,peptide_disjoint,censored_hinge,all,HLA-A*24:07,auc_gt_2h,0.0,2,2,False
allele_embedding,peptide_disjoint,censored_hinge,all,HLA-A*24:19,spearman,0.5,3,3,False
allele_embedding,peptide_disjoint,censored_hinge,all,HLA-A*24:19,pearson_log,0.013748297827665457,3,3,False
allele_embedding,peptide_disjoint,censored_hinge,all,HLA-A*24:19,auc_gt_2h,,3,3,False
allele_embedding,peptide_disjoint,censored_hinge,all,HLA-A*25:01,spearman,,1,1,True
allele_embedding,peptide_disjoint,censored_hinge,all,HLA-A*25:01,pearson_log,,1,1,True
allele_embedding,peptide_disjoint,censored_hinge,all,HLA-A*25:01,auc_gt_2h,,1,1,True
allele_embedding,peptide_disjoint,censored_hinge,all,HLA-A*26:01,spearman,-0.5,3,3,False
allele_embedding,peptide_disjoint,censored_hinge,all,HLA-A*26:01,pearson_log,-0.495843990937575,3,3,False
allele_embedding,peptide_disjoint,censored_hinge,all,HLA-A*26:01,auc_gt_2h,,3,3,False
allele_embedding,peptide_disjoint,censored_hinge,all,HLA-A*26:02,spearman,,2,2,False
allele_embedding,peptide_disjoint,censored_hinge,all,HLA-A*26:02,pearson_log,,2,2,False
allele_embedding,peptide_disjoint,censored_hinge,all,HLA-A*26:02,auc_gt_2h,,2,2,False
allele_embedding,peptide_disjoint,censored_hinge,all,HLA-A*26:03,spearman,,1,1,True
allele_embedding,peptide_disjoint,censored_hinge,all,HLA-A*26:03,pearson_log,,1,1,True
allele_embedding,peptide_disjoint,censored_hinge,all,HLA-A*26:03,auc_gt_2h,,1,1,True
allele_embedding,peptide_disjoint,censored_hinge,all,HLA-A*29:02,spearman,0.8999999999999998,5,5,False
allele_embedding,peptide_disjoint,censored_hinge,all,HLA-A*29:02,pearson_log,0.8834196944418865,5,5,False
allele_embedding,peptide_disjoint,censored_hinge,all,HLA-A*29:02,auc_gt_2h,1.0,5,5,False
allele_embedding,peptide_disjoint,censored_hinge,all,HLA-A*30:01,spearman,,2,2,False
allele_embedding,peptide_disjoint,censored_hinge,all,HLA-A*30:01,pearson_log,,2,2,False
allele_embedding,peptide_disjoint,censored_hinge,all,HLA-A*30:01,auc_gt_2h,,2,2,False
allele_embedding,peptide_disjoint,censored_hinge,all,HLA-A*30:02,spearman,,2,2,False
allele_embedding,peptide_disjoint,censored_hinge,all,HLA-A*30:02,pearson_log,,2,2,False
allele_embedding,peptide_disjoint,censored_hinge,all,HLA-A*30:02,auc_gt_2h,0.0,2,2,False
allele_embedding,peptide_disjoint,censored_hinge,all,HLA-A*31:01,spearman,0.8660254037844387,3,3,False
allele_embedding,peptide_disjoint,censored_hinge,all,HLA-A*31:01,pearson_log,0.9787421044279732,3,3,False
allele_embedding,peptide_disjoint,censored_hinge,all,HLA-A*31:01,auc_gt_2h,,3,3,False
allele_embedding,peptide_disjoint,censored_hinge,all,HLA-A*32:01,spearman,-1.0,3,3,False
allele_embedding,peptide_disjoint,censored_hinge,all,HLA-A*32:01,pearson_log,-0.7565027717799859,3,3,False
allele_embedding,peptide_disjoint,censored_hinge,all,HLA-A*32:01,auc_gt_2h,0.0,3,3,False
allele_embedding,peptide_disjoint,censored_hinge,all,HLA-A*32:07,spearman,0.5,3,3,False
allele_embedding,peptide_disjoint,censored_hinge,all,HLA-A*32:07,pearson_log,0.6248507377308996,3,3,False
allele_embedding,peptide_disjoint,censored_hinge,all,HLA-A*32:07,auc_gt_2h,1.0,3,3,False
allele_embedding,peptide_disjoint,censored_hinge,all,HLA-A*33:03,spearman,,2,2,False
allele_embedding,peptide_disjoint,censored_hinge,all,HLA-A*33:03,pearson_log,,2,2,False
allele_embedding,peptide_disjoint,censored_hinge,all,HLA-A*33:03,auc_gt_2h,1.0,2,2,False
allele_embedding,peptide_disjoint,censored_hinge,all,HLA-A*43:01,spearman,-0.14494275891311212,6,6,False
allele_embedding,peptide_disjoint,censored_hinge,all,HLA-A*43:01,pearson_log,-0.126164075272936,6,6,False
allele_embedding,peptide_disjoint,censored_hinge,all,HLA-A*43:01,auc_gt_2h,0.4,6,6,False
allele_embedding,peptide_disjoint,censored_hinge,all,HLA-A*66:01,spearman,,1,1,True
allele_embedding,peptide_disjoint,censored_hinge,all,HLA-A*66:01,pearson_log,,1,1,True
allele_embedding,peptide_disjoint,censored_hinge,all,HLA-A*66:01,auc_gt_2h,,1,1,True
allele_embedding,peptide_disjoint,censored_hinge,all,HLA-A*68:01,spearman,-0.4103913408340617,5,5,False
allele_embedding,peptide_disjoint,censored_hinge,all,HLA-A*68:01,pearson_log,-0.5089548233920062,5,5,False
allele_embedding,peptide_disjoint,censored_hinge,all,HLA-A*68:01,auc_gt_2h,0.16666666666666669,5,5,False
allele_embedding,peptide_disjoint,censored_hinge,all,HLA-A*68:02,spearman,0.3,5,5,False
allele_embedding,peptide_disjoint,censored_hinge,all,HLA-A*68:02,pearson_log,0.2433848434712438,5,5,False
allele_embedding,peptide_disjoint,censored_hinge,all,HLA-A*68:02,auc_gt_2h,,5,5,False
allele_embedding,peptide_disjoint,censored_hinge,all,HLA-A*68:23,spearman,-0.316227766016838,4,4,False
allele_embedding,peptide_disjoint,censored_hinge,all,HLA-A*68:23,pearson_log,-0.46699770649323874,4,4,False
allele_embedding,peptide_disjoint,censored_hinge,all,HLA-A*68:23,auc_gt_2h,,4,4,False
allele_embedding,peptide_disjoint,censored_hinge,all,HLA-A*69:01,spearman,-0.05129891760425771,5,5,False
allele_embedding,peptide_disjoint,censored_hinge,all,HLA-A*69:01,pearson_log,-0.07951699778916291,5,5,False
allele_embedding,peptide_disjoint,censored_hinge,all,HLA-A*69:01,auc_gt_2h,,5,5,False
allele_embedding,peptide_disjoint,censored_hinge,all,HLA-A*74:01,spearman,,1,1,True
allele_embedding,peptide_disjoint,censored_hinge,all,HLA-A*74:01,pearson_log,,1,1,True
allele_embedding,peptide_disjoint,censored_hinge,all,HLA-A*74:01,auc_gt_2h,,1,1,True
allele_embedding,peptide_disjoint,censored_hinge,all,HLA-A*80:01,spearman,,2,2,False
allele_embedding,peptide_disjoint,censored_hinge,all,HLA-A*80:01,pearson_log,,2,2,False
allele_embedding,peptide_disjoint,censored_hinge,all,HLA-A*80:01,auc_gt_2h,,2,2,False
allele_embedding,peptide_disjoint,censored_hinge,all,HLA-B*07:02,spearman,0.0,5,5,False
allele_embedding,peptide_disjoint,censored_hinge,all,HLA-B*07:02,pearson_log,-0.08338948314863273,5,5,False
allele_embedding,peptide_disjoint,censored_hinge,all,HLA-B*07:02,auc_gt_2h,0.6666666666666666,5,5,False
allele_embedding,peptide_disjoint,censored_hinge,all,HLA-B*08:01,spearman,,2,2,False
allele_embedding,peptide_disjoint,censored_hinge,all,HLA-B*08:01,pearson_log,,2,2,False
allele_embedding,peptide_disjoint,censored_hinge,all,HLA-B*08:01,auc_gt_2h,,2,2,False
allele_embedding,peptide_disjoint,censored_hinge,all,HLA-B*08:03,spearman,,2,2,False
allele_embedding,peptide_disjoint,censored_hinge,all,HLA-B*08:03,pearson_log,,2,2,False
allele_embedding,peptide_disjoint,censored_hinge,all,HLA-B*08:03,auc_gt_2h,1.0,2,2,False
allele_embedding,peptide_disjoint,censored_hinge,all,HLA-B*13:02,spearman,,2,2,False
allele_embedding,peptide_disjoint,censored_hinge,all,HLA-B*13:02,pearson_log,,2,2,False
allele_embedding,peptide_disjoint,censored_hinge,all,HLA-B*13:02,auc_gt_2h,0.0,2,2,False
allele_embedding,peptide_disjoint,censored_hinge,all,HLA-B*14:01(C67S),spearman,,1,1,True
allele_embedding,peptide_disjoint,censored_hinge,all,HLA-B*14:01(C67S),pearson_log,,1,1,True
allele_embedding,peptide_disjoint,censored_hinge,all,HLA-B*14:01(C67S),auc_gt_2h,,1,1,True
allele_embedding,peptide_disjoint,censored_hinge,all,HLA-B*14:02(C67S),spearman,,1,1,True
allele_embedding,peptide_disjoint,censored_hinge,all,HLA-B*14:02(C67S),pearson_log,,1,1,True
allele_embedding,peptide_disjoint,censored_hinge,all,HLA-B*14:02(C67S),auc_gt_2h,,1,1,True
allele_embedding,peptide_disjoint,censored_hinge,all,HLA-B*15:01,spearman,-0.7999999999999999,4,4,False
allele_embedding,peptide_disjoint,censored_hinge,all,HLA-B*15:01,pearson_log,-0.9630168556419152,4,4,False
allele_embedding,peptide_disjoint,censored_hinge,all,HLA-B*15:01,auc_gt_2h,0.0,4,4,False
allele_embedding,peptide_disjoint,censored_hinge,all,HLA-B*15:10,spearman,,2,2,False
allele_embedding,peptide_disjoint,censored_hinge,all,HLA-B*15:10,pearson_log,,2,2,False
allele_embedding,peptide_disjoint,censored_hinge,all,HLA-B*15:10,auc_gt_2h,1.0,2,2,False
allele_embedding,peptide_disjoint,censored_hinge,all,HLA-B*18:01,spearman,,2,2,False
allele_embedding,peptide_disjoint,censored_hinge,all,HLA-B*18:01,pearson_log,,2,2,False
allele_embedding,peptide_disjoint,censored_hinge,all,HLA-B*18:01,auc_gt_2h,,2,2,False
allele_embedding,peptide_disjoint,censored_hinge,all,HLA-B*27:02,spearman,0.5,3,3,False
allele_embedding,peptide_disjoint,censored_hinge,all,HLA-B*27:02,pearson_log,0.3981217847044932,3,3,False
allele_embedding,peptide_disjoint,censored_hinge,all,HLA-B*27:02,auc_gt_2h,1.0,3,3,False
allele_embedding,peptide_disjoint,censored_hinge,all,HLA-B*27:03,spearman,1.0,3,3,False
allele_embedding,peptide_disjoint,censored_hinge,all,HLA-B*27:03,pearson_log,0.9939374836276842,3,3,False
allele_embedding,peptide_disjoint,censored_hinge,all,HLA-B*27:03,auc_gt_2h,1.0,3,3,False
allele_embedding,peptide_disjoint,censored_hinge,all,HLA-B*27:05,spearman,,2,2,False
allele_embedding,peptide_disjoint,censored_hinge,all,HLA-B*27:05,pearson_log,,2,2,False
allele_embedding,peptide_disjoint,censored_hinge,all,HLA-B*27:05,auc_gt_2h,,2,2,False
allele_embedding,peptide_disjoint,censored_hinge,all,HLA-B*27:20,spearman,-0.5,3,3,False
allele_embedding,peptide_disjoint,censored_hinge,all,HLA-B*27:20,pearson_log,-0.8407965082991048,3,3,False
allele_embedding,peptide_disjoint,censored_hinge,all,HLA-B*27:20,auc_gt_2h,0.5,3,3,False
allele_embedding,peptide_disjoint,censored_hinge,all,HLA-B*35:01,spearman,,2,2,False
allele_embedding,peptide_disjoint,censored_hinge,all,HLA-B*35:01,pearson_log,,2,2,False
allele_embedding,peptide_disjoint,censored_hinge,all,HLA-B*35:01,auc_gt_2h,1.0,2,2,False
allele_embedding,peptide_disjoint,censored_hinge,all,HLA-B*35:03,spearman,,2,2,False
allele_embedding,peptide_disjoint,censored_hinge,all,HLA-B*35:03,pearson_log,,2,2,False
allele_embedding,peptide_disjoint,censored_hinge,all,HLA-B*35:03,auc_gt_2h,1.0,2,2,False
allele_embedding,peptide_disjoint,censored_hinge,all,HLA-B*35:08,spearman,-0.8660254037844387,3,3,False
allele_embedding,peptide_disjoint,censored_hinge,all,HLA-B*35:08,pearson_log,-0.9966368646274164,3,3,False
allele_embedding,peptide_disjoint,censored_hinge,all,HLA-B*35:08,auc_gt_2h,0.0,3,3,False
allele_embedding,peptide_disjoint,censored_hinge,all,HLA-B*39:01,spearman,0.15389675281277312,5,5,False
allele_embedding,peptide_disjoint,censored_hinge,all,HLA-B*39:01,pearson_log,0.0053670723315215885,5,5,False
allele_embedding,peptide_disjoint,censored_hinge,all,HLA-B*39:01,auc_gt_2h,0.5,5,5,False
allele_embedding,peptide_disjoint,censored_hinge,all,HLA-B*39:02,spearman,,1,1,True
allele_embedding,peptide_disjoint,censored_hinge,all,HLA-B*39:02,pearson_log,,1,1,True
allele_embedding,peptide_disjoint,censored_hinge,all,HLA-B*39:02,auc_gt_2h,,1,1,True
allele_embedding,peptide_disjoint,censored_hinge,all,HLA-B*39:06(C67S),spearman,0.8660254037844387,3,3,False
allele_embedding,peptide_disjoint,censored_hinge,all,HLA-B*39:06(C67S),pearson_log,0.8419590808003031,3,3,False
allele_embedding,peptide_disjoint,censored_hinge,all,HLA-B*39:06(C67S),auc_gt_2h,1.0,3,3,False
allele_embedding,peptide_disjoint,censored_hinge,all,HLA-B*39:10,spearman,,1,1,True
allele_embedding,peptide_disjoint,censored_hinge,all,HLA-B*39:10,pearson_log,,1,1,True
allele_embedding,peptide_disjoint,censored_hinge,all,HLA-B*39:10,auc_gt_2h,,1,1,True
allele_embedding,peptide_disjoint,censored_hinge,all,HLA-B*40:01,spearman,,2,2,False
allele_embedding,peptide_disjoint,censored_hinge,all,HLA-B*40:01,pearson_log,,2,2,False
allele_embedding,peptide_disjoint,censored_hinge,all,HLA-B*40:01,auc_gt_2h,,2,2,False
allele_embedding,peptide_disjoint,censored_hinge,all,HLA-B*40:02,spearman,,2,2,False
allele_embedding,peptide_disjoint,censored_hinge,all,HLA-B*40:02,pearson_log,,2,2,False
allele_embedding,peptide_disjoint,censored_hinge,all,HLA-B*40:02,auc_gt_2h,0.0,2,2,False
allele_embedding,peptide_disjoint,censored_hinge,all,HLA-B*41:01,spearman,0.8660254037844387,3,3,False
allele_embedding,peptide_disjoint,censored_hinge,all,HLA-B*41:01,pearson_log,0.9667385483686156,3,3,False
allele_embedding,peptide_disjoint,censored_hinge,all,HLA-B*41:01,auc_gt_2h,,3,3,False
allele_embedding,peptide_disjoint,censored_hinge,all,HLA-B*42:01,spearman,,1,1,True
allele_embedding,peptide_disjoint,censored_hinge,all,HLA-B*42:01,pearson_log,,1,1,True
allele_embedding,peptide_disjoint,censored_hinge,all,HLA-B*42:01,auc_gt_2h,,1,1,True
allele_embedding,peptide_disjoint,censored_hinge,all,HLA-B*42:02,spearman,-0.5,3,3,False
allele_embedding,peptide_disjoint,censored_hinge,all,HLA-B*42:02,pearson_log,-0.8818464131906354,3,3,False
allele_embedding,peptide_disjoint,censored_hinge,all,HLA-B*42:02,auc_gt_2h,0.5,3,3,False
allele_embedding,peptide_disjoint,censored_hinge,all,HLA-B*44:05,spearman,,1,1,True
allele_embedding,peptide_disjoint,censored_hinge,all,HLA-B*44:05,pearson_log,,1,1,True
allele_embedding,peptide_disjoint,censored_hinge,all,HLA-B*44:05,auc_gt_2h,,1,1,True
allele_embedding,peptide_disjoint,censored_hinge,all,HLA-B*45:01,spearman,,2,2,False
allele_embedding,peptide_disjoint,censored_hinge,all,HLA-B*45:01,pearson_log,,2,2,False
allele_embedding,peptide_disjoint,censored_hinge,all,HLA-B*45:01,auc_gt_2h,,2,2,False
allele_embedding,peptide_disjoint,censored_hinge,all,HLA-B*51:01,spearman,,1,1,True
allele_embedding,peptide_disjoint,censored_hinge,all,HLA-B*51:01,pearson_log,,1,1,True
allele_embedding,peptide_disjoint,censored_hinge,all,HLA-B*51:01,auc_gt_2h,,1,1,True
allele_embedding,peptide_disjoint,censored_hinge,all,HLA-B*54:01,spearman,0.5217939320872036,6,6,False
allele_embedding,peptide_disjoint,censored_hinge,all,HLA-B*54:01,pearson_log,0.6362784885569828,6,6,False
allele_embedding,peptide_disjoint,censored_hinge,all,HLA-B*54:01,auc_gt_2h,1.0,6,6,False
allele_embedding,peptide_disjoint,censored_hinge,all,HLA-B*55:01,spearman,,1,1,True
allele_embedding,peptide_disjoint,censored_hinge,all,HLA-B*55:01,pearson_log,,1,1,True
allele_embedding,peptide_disjoint,censored_hinge,all,HLA-B*55:01,auc_gt_2h,,1,1,True
allele_embedding,peptide_disjoint,censored_hinge,all,HLA-B*56:01,spearman,0.8660254037844387,3,3,False
allele_embedding,peptide_disjoint,censored_hinge,all,HLA-B*56:01,pearson_log,0.8139890427393452,3,3,False
allele_embedding,peptide_disjoint,censored_hinge,all,HLA-B*56:01,auc_gt_2h,,3,3,False
allele_embedding,peptide_disjoint,censored_hinge,all,HLA-B*57:01,spearman,,1,1,True
allele_embedding,peptide_disjoint,censored_hinge,all,HLA-B*57:01,pearson_log,,1,1,True
allele_embedding,peptide_disjoint,censored_hinge,all,HLA-B*57:01,auc_gt_2h,,1,1,True
allele_embedding,peptide_disjoint,censored_hinge,all,HLA-B*57:02,spearman,-0.5,3,3,False
allele_embedding,peptide_disjoint,censored_hinge,all,HLA-B*57:02,pearson_log,-0.000384568126068352,3,3,False
allele_embedding,peptide_disjoint,censored_hinge,all,HLA-B*57:02,auc_gt_2h,,3,3,False
allele_embedding,peptide_disjoint,censored_hinge,all,HLA-B*57:03,spearman,,2,2,False
allele_embedding,peptide_disjoint,censored_hinge,all,HLA-B*57:03,pearson_log,,2,2,False
allele_embedding,peptide_disjoint,censored_hinge,all,HLA-B*57:03,auc_gt_2h,0.0,2,2,False
allele_embedding,peptide_disjoint,censored_hinge,all,HLA-B*58:01,spearman,0.7999999999999999,5,5,False
allele_embedding,peptide_disjoint,censored_hinge,all,HLA-B*58:01,pearson_log,0.9192936226327528,5,5,False
allele_embedding,peptide_disjoint,censored_hinge,all,HLA-B*58:01,auc_gt_2h,1.0,5,5,False
allele_embedding,peptide_disjoint,censored_hinge,all,HLA-B*81:01,spearman,0.3714285714285715,6,6,False
allele_embedding,peptide_disjoint,censored_hinge,all,HLA-B*81:01,pearson_log,0.9044814010382596,6,6,False
allele_embedding,peptide_disjoint,censored_hinge,all,HLA-B*81:01,auc_gt_2h,,6,6,False
allele_embedding,peptide_disjoint,censored_hinge,nonzero,HLA-A*01:01,spearman,,2,2,False
allele_embedding,peptide_disjoint,censored_hinge,nonzero,HLA-A*01:01,pearson_log,,2,2,False
allele_embedding,peptide_disjoint,censored_hinge,nonzero,HLA-A*01:01,auc_gt_2h,1.0,2,2,False
allele_embedding,peptide_disjoint,censored_hinge,nonzero,HLA-A*02:01,spearman,0.5,3,3,False
allele_embedding,peptide_disjoint,censored_hinge,nonzero,HLA-A*02:01,pearson_log,0.14029364271177636,3,3,False
allele_embedding,peptide_disjoint,censored_hinge,nonzero,HLA-A*02:01,auc_gt_2h,,3,3,False
allele_embedding,peptide_disjoint,censored_hinge,nonzero,HLA-A*02:03,spearman,,1,1,True
allele_embedding,peptide_disjoint,censored_hinge,nonzero,HLA-A*02:03,pearson_log,,1,1,True
allele_embedding,peptide_disjoint,censored_hinge,nonzero,HLA-A*02:03,auc_gt_2h,,1,1,True
allele_embedding,peptide_disjoint,censored_hinge,nonzero,HLA-A*02:05,spearman,0.09999999999999999,5,5,False
allele_embedding,peptide_disjoint,censored_hinge,nonzero,HLA-A*02:05,pearson_log,-0.32651942728224137,5,5,False
allele_embedding,peptide_disjoint,censored_hinge,nonzero,HLA-A*02:05,auc_gt_2h,0.6666666666666666,5,5,False
allele_embedding,peptide_disjoint,censored_hinge,nonzero,HLA-A*02:10,spearman,,2,2,False
allele_embedding,peptide_disjoint,censored_hinge,nonzero,HLA-A*02:10,pearson_log,,2,2,False
allele_embedding,peptide_disjoint,censored_hinge,nonzero,HLA-A*02:10,auc_gt_2h,1.0,2,2,False
allele_embedding,peptide_disjoint,censored_hinge,nonzero,HLA-A*02:11,spearman,,2,2,False
allele_embedding,peptide_disjoint,censored_hinge,nonzero,HLA-A*02:11,pearson_log,,2,2,False
allele_embedding,peptide_disjoint,censored_hinge,nonzero,HLA-A*02:11,auc_gt_2h,,2,2,False
allele_embedding,peptide_disjoint,censored_hinge,nonzero,HLA-A*02:12,spearman,0.7999999999999999,4,4,False
allele_embedding,peptide_disjoint,censored_hinge,nonzero,HLA-A*02:12,pearson_log,0.9180194593855129,4,4,False
allele_embedding,peptide_disjoint,censored_hinge,nonzero,HLA-A*02:12,auc_gt_2h,1.0,4,4,False
allele_embedding,peptide_disjoint,censored_hinge,nonzero,HLA-A*02:19,spearman,0.49999999999999994,5,5,False
allele_embedding,peptide_disjoint,censored_hinge,nonzero,HLA-A*02:19,pearson_log,0.3317180860877508,5,5,False
allele_embedding,peptide_disjoint,censored_hinge,nonzero,HLA-A*02:19,auc_gt_2h,0.75,5,5,False
allele_embedding,peptide_disjoint,censored_hinge,nonzero,HLA-A*02:50,spearman,0.7999999999999999,4,4,False
allele_embedding,peptide_disjoint,censored_hinge,nonzero,HLA-A*02:50,pearson_log,0.7785474684636301,4,4,False
allele_embedding,peptide_disjoint,censored_hinge,nonzero,HLA-A*02:50,auc_gt_2h,,4,4,False
allele_embedding,peptide_disjoint,censored_hinge,nonzero,HLA-A*03:01,spearman,0.7,5,5,False
allele_embedding,peptide_disjoint,censored_hinge,nonzero,HLA-A*03:01,pearson_log,0.6520126547093688,5,5,False
allele_embedding,peptide_disjoint,censored_hinge,nonzero,HLA-A*03:01,auc_gt_2h,1.0,5,5,False
allele_embedding,peptide_disjoint,censored_hinge,nonzero,HLA-A*11:01,spearman,,1,1,True
allele_embedding,peptide_disjoint,censored_hinge,nonzero,HLA-A*11:01,pearson_log,,1,1,True
allele_embedding,peptide_disjoint,censored_hinge,nonzero,HLA-A*11:01,auc_gt_2h,,1,1,True
allele_embedding,peptide_disjoint,censored_hinge,nonzero,HLA-A*23:01,spearman,,2,2,False
allele_embedding,peptide_disjoint,censored_hinge,nonzero,HLA-A*23:01,pearson_log,,2,2,False
allele_embedding,peptide_disjoint,censored_hinge,nonzero,HLA-A*23:01,auc_gt_2h,0.0,2,2,False
allele_embedding,peptide_disjoint,censored_hinge,nonzero,HLA-A*24:02,spearman,0.0,4,4,False
allele_embedding,peptide_disjoint,censored_hinge,nonzero,HLA-A*24:02,pearson_log,0.30343614400258667,4,4,False
allele_embedding,peptide_disjoint,censored_hinge,nonzero,HLA-A*24:02,auc_gt_2h,0.75,4,4,False
allele_embedding,peptide_disjoint,censored_hinge,nonzero,HLA-A*24:03,spearman,,2,2,False
allele_embedding,peptide_disjoint,censored_hinge,nonzero,HLA-A*24:03,pearson_log,,2,2,False
allele_embedding,peptide_disjoint,censored_hinge,nonzero,HLA-A*24:03,auc_gt_2h,,2,2,False
allele_embedding,peptide_disjoint,censored_hinge,nonzero,HLA-A*24:07,spearman,,2,2,False
allele_embedding,peptide_disjoint,censored_hinge,nonzero,HLA-A*24:07,pearson_log,,2,2,False
allele_embedding,peptide_disjoint,censored_hinge,nonzero,HLA-A*24:07,auc_gt_2h,0.0,2,2,False
allele_embedding,peptide_disjoint,censored_hinge,nonzero,HLA-A*24:19,spearman,,2,2,False
allele_embedding,peptide_disjoint,censored_hinge,nonzero,HLA-A*24:19,pearson_log,,2,2,False
allele_embedding,peptide_disjoint,censored_hinge,nonzero,HLA-A*24:19,auc_gt_2h,,2,2,False
allele_embedding,peptide_disjoint,censored_hinge,nonzero,HLA-A*26:01,spearman,-0.5,3,3,False
allele_embedding,peptide_disjoint,censored_hinge,nonzero,HLA-A*26:01,pearson_log,-0.495843990937575,3,3,False
allele_embedding,peptide_disjoint,censored_hinge,nonzero,HLA-A*26:01,auc_gt_2h,,3,3,False
allele_embedding,peptide_disjoint,censored_hinge,nonzero,HLA-A*26:02,spearman,,2,2,False
allele_embedding,peptide_disjoint,censored_hinge,nonzero,HLA-A*26:02,pearson_log,,2,2,False
allele_embedding,peptide_disjoint,censored_hinge,nonzero,HLA-A*26:02,auc_gt_2h,,2,2,False
allele_embedding,peptide_disjoint,censored_hinge,nonzero,HLA-A*29:02,spearman,0.8999999999999998,5,5,False
allele_embedding,peptide_disjoint,censored_hinge,nonzero,HLA-A*29:02,pearson_log,0.8834196944418865,5,5,False
allele_embedding,peptide_disjoint,censored_hinge,nonzero,HLA-A*29:02,auc_gt_2h,1.0,5,5,False
allele_embedding,peptide_disjoint,censored_hinge,nonzero,HLA-A*30:01,spearman,,2,2,False
allele_embedding,peptide_disjoint,censored_hinge,nonzero,HLA-A*30:01,pearson_log,,2,2,False
allele_embedding,peptide_disjoint,censored_hinge,nonzero,HLA-A*30:01,auc_gt_2h,,2,2,False
allele_embedding,peptide_disjoint,censored_hinge,nonzero,HLA-A*30:02,spearman,,1,1,True
allele_embedding,peptide_disjoint,censored_hinge,nonzero,HLA-A*30:02,pearson_log,,1,1,True
allele_embedding,peptide_disjoint,censored_hinge,nonzero,HLA-A*30:02,auc_gt_2h,,1,1,True
allele_embedding,peptide_disjoint,censored_hinge,nonzero,HLA-A*31:01,spearman,0.8660254037844387,3,3,False
allele_embedding,peptide_disjoint,censored_hinge,nonzero,HLA-A*31:01,pearson_log,0.9787421044279732,3,3,False
allele_embedding,peptide_disjoint,censored_hinge,nonzero,HLA-A*31:01,auc_gt_2h,,3,3,False
allele_embedding,peptide_disjoint,censored_hinge,nonzero,HLA-A*32:01,spearman,-1.0,3,3,False
allele_embedding,peptide_disjoint,censored_hinge,nonzero,HLA-A*32:01,pearson_log,-0.7565027717799859,3,3,False
allele_embedding,peptide_disjoint,censored_hinge,nonzero,HLA-A*32:01,auc_gt_2h,0.0,3,3,False
allele_embedding,peptide_disjoint,censored_hinge,nonzero,HLA-A*32:07,spearman,,2,2,False
allele_embedding,peptide_disjoint,censored_hinge,nonzero,HLA-A*32:07,pearson_log,,2,2,False
allele_embedding,peptide_disjoint,censored_hinge,nonzero,HLA-A*32:07,auc_gt_2h,1.0,2,2,False
allele_embedding,peptide_disjoint,censored_hinge,nonzero,HLA-A*33:03,spearman,,1,1,True
allele_embedding,peptide_disjoint,censored_hinge,nonzero,HLA-A*33:03,pearson_log,,1,1,True
allele_embedding,peptide_disjoint,censored_hinge,nonzero,HLA-A*33:03,auc_gt_2h,,1,1,True
allele_embedding,peptide_disjoint,censored_hinge,nonzero,HLA-A*43:01,spearman,0.0,4,4,False
allele_embedding,peptide_disjoint,censored_hinge,nonzero,HLA-A*43:01,pearson_log,0.2616329599609887,4,4,False
allele_embedding,peptide_disjoint,censored_hinge,nonzero,HLA-A*43:01,auc_gt_2h,0.33333333333333337,4,4,False
allele_embedding,peptide_disjoint,censored_hinge,nonzero,HLA-A*66:01,spearman,,1,1,True
allele_embedding,peptide_disjoint,censored_hinge,nonzero,HLA-A*66:01,pearson_log,,1,1,True
allele_embedding,peptide_disjoint,censored_hinge,nonzero,HLA-A*66:01,auc_gt_2h,,1,1,True
allele_embedding,peptide_disjoint,censored_hinge,nonzero,HLA-A*68:01,spearman,-1.0,3,3,False
allele_embedding,peptide_disjoint,censored_hinge,nonzero,HLA-A*68:01,pearson_log,-0.9920608890866014,3,3,False
allele_embedding,peptide_disjoint,censored_hinge,nonzero,HLA-A*68:01,auc_gt_2h,0.0,3,3,False
allele_embedding,peptide_disjoint,censored_hinge,nonzero,HLA-A*68:02,spearman,0.3,5,5,False
allele_embedding,peptide_disjoint,censored_hinge,nonzero,HLA-A*68:02,pearson_log,0.2433848434712438,5,5,False
allele_embedding,peptide_disjoint,censored_hinge,nonzero,HLA-A*68:02,auc_gt_2h,,5,5,False
allele_embedding,peptide_disjoint,censored_hinge,nonzero,HLA-A*68:23,spearman,-0.316227766016838,4,4,False
allele_embedding,peptide_disjoint,censored_hinge,nonzero,HLA-A*68:23,pearson_log,-0.46699770649323874,4,4,False
allele_embedding,peptide_disjoint,censored_hinge,nonzero,HLA-A*68:23,auc_gt_2h,,4,4,False
allele_embedding,peptide_disjoint,censored_hinge,nonzero,HLA-A*69:01,spearman,0.9486832980505139,4,4,False
allele_embedding,peptide_disjoint,censored_hinge,nonzero,HLA-A*69:01,pearson_log,0.9880146435466415,4,4,False
allele_embedding,peptide_disjoint,censored_hinge,nonzero,HLA-A*69:01,auc_gt_2h,,4,4,False
allele_embedding,peptide_disjoint,censored_hinge,nonzero,HLA-A*80:01,spearman,,2,2,False
allele_embedding,peptide_disjoint,censored_hinge,nonzero,HLA-A*80:01,pearson_log,,2,2,False
allele_embedding,peptide_disjoint,censored_hinge,nonzero,HLA-A*80:01,auc_gt_2h,,2,2,False
allele_embedding,peptide_disjoint,censored_hinge,nonzero,HLA-B*07:02,spearman,0.0,5,5,False
allele_embedding,peptide_disjoint,censored_hinge,nonzero,HLA-B*07:02,pearson_log,-0.08338948314863273,5,5,False
allele_embedding,peptide_disjoint,censored_hinge,nonzero,HLA-B*07:02,auc_gt_2h,0.6666666666666666,5,5,False
allele_embedding,peptide_disjoint,censored_hinge,nonzero,HLA-B*08:01,spearman,,2,2,False
allele_embedding,peptide_disjoint,censored_hinge,nonzero,HLA-B*08:01,pearson_log,,2,2,False
allele_embedding,peptide_disjoint,censored_hinge,nonzero,HLA-B*08:01,auc_gt_2h,,2,2,False
allele_embedding,peptide_disjoint,censored_hinge,nonzero,HLA-B*08:03,spearman,,2,2,False
allele_embedding,peptide_disjoint,censored_hinge,nonzero,HLA-B*08:03,pearson_log,,2,2,False
allele_embedding,peptide_disjoint,censored_hinge,nonzero,HLA-B*08:03,auc_gt_2h,1.0,2,2,False
allele_embedding,peptide_disjoint,censored_hinge,nonzero,HLA-B*13:02,spearman,,1,1,True
allele_embedding,peptide_disjoint,censored_hinge,nonzero,HLA-B*13:02,pearson_log,,1,1,True
allele_embedding,peptide_disjoint,censored_hinge,nonzero,HLA-B*13:02,auc_gt_2h,,1,1,True
allele_embedding,peptide_disjoint,censored_hinge,nonzero,HLA-B*15:01,spearman,-0.7999999999999999,4,4,False
allele_embedding,peptide_disjoint,censored_hinge,nonzero,HLA-B*15:01,pearson_log,-0.9630168556419152,4,4,False
allele_embedding,peptide_disjoint,censored_hinge,nonzero,HLA-B*15:01,auc_gt_2h,0.0,4,4,False
allele_embedding,peptide_disjoint,censored_hinge,nonzero,HLA-B*15:10,spearman,,2,2,False
allele_embedding,peptide_disjoint,censored_hinge,nonzero,HLA-B*15:10,pearson_log,,2,2,False
allele_embedding,peptide_disjoint,censored_hinge,nonzero,HLA-B*15:10,auc_gt_2h,1.0,2,2,False
allele_embedding,peptide_disjoint,censored_hinge,nonzero,HLA-B*18:01,spearman,,2,2,False
allele_embedding,peptide_disjoint,censored_hinge,nonzero,HLA-B*18:01,pearson_log,,2,2,False
allele_embedding,peptide_disjoint,censored_hinge,nonzero,HLA-B*18:01,auc_gt_2h,,2,2,False
allele_embedding,peptide_disjoint,censored_hinge,nonzero,HLA-B*27:02,spearman,0.5,3,3,False
allele_embedding,peptide_disjoint,censored_hinge,nonzero,HLA-B*27:02,pearson_log,0.3981217847044932,3,3,False
allele_embedding,peptide_disjoint,censored_hinge,nonzero,HLA-B*27:02,auc_gt_2h,1.0,3,3,False
allele_embedding,peptide_disjoint,censored_hinge,nonzero,HLA-B*27:03,spearman,,2,2,False
allele_embedding,peptide_disjoint,censored_hinge,nonzero,HLA-B*27:03,pearson_log,,2,2,False
allele_embedding,peptide_disjoint,censored_hinge,nonzero,HLA-B*27:03,auc_gt_2h,,2,2,False
allele_embedding,peptide_disjoint,censored_hinge,nonzero,HLA-B*27:05,spearman,,1,1,True
allele_embedding,peptide_disjoint,censored_hinge,nonzero,HLA-B*27:05,pearson_log,,1,1,True
allele_embedding,peptide_disjoint,censored_hinge,nonzero,HLA-B*27:05,auc_gt_2h,,1,1,True
allele_embedding,peptide_disjoint,censored_hinge,nonzero,HLA-B*27:20,spearman,-0.5,3,3,False
allele_embedding,peptide_disjoint,censored_hinge,nonzero,HLA-B*27:20,pearson_log,-0.8407965082991048,3,3,False
allele_embedding,peptide_disjoint,censored_hinge,nonzero,HLA-B*27:20,auc_gt_2h,0.5,3,3,False
allele_embedding,peptide_disjoint,censored_hinge,nonzero,HLA-B*35:01,spearman,,1,1,True
allele_embedding,peptide_disjoint,censored_hinge,nonzero,HLA-B*35:01,pearson_log,,1,1,True
allele_embedding,peptide_disjoint,censored_hinge,nonzero,HLA-B*35:01,auc_gt_2h,,1,1,True
allele_embedding,peptide_disjoint,censored_hinge,nonzero,HLA-B*35:03,spearman,,2,2,False
allele_embedding,peptide_disjoint,censored_hinge,nonzero,HLA-B*35:03,pearson_log,,2,2,False
allele_embedding,peptide_disjoint,censored_hinge,nonzero,HLA-B*35:03,auc_gt_2h,1.0,2,2,False
allele_embedding,peptide_disjoint,censored_hinge,nonzero,HLA-B*35:08,spearman,-0.8660254037844387,3,3,False
allele_embedding,peptide_disjoint,censored_hinge,nonzero,HLA-B*35:08,pearson_log,-0.9966368646274164,3,3,False
allele_embedding,peptide_disjoint,censored_hinge,nonzero,HLA-B*35:08,auc_gt_2h,0.0,3,3,False
allele_embedding,peptide_disjoint,censored_hinge,nonzero,HLA-B*39:01,spearman,0.7378647873726218,4,4,False
allele_embedding,peptide_disjoint,censored_hinge,nonzero,HLA-B*39:01,pearson_log,0.39025486936707576,4,4,False
allele_embedding,peptide_disjoint,censored_hinge,nonzero,HLA-B*39:01,auc_gt_2h,0.6666666666666667,4,4,False
allele_embedding,peptide_disjoint,censored_hinge,nonzero,HLA-B*39:02,spearman,,1,1,True
allele_embedding,peptide_disjoint,censored_hinge,nonzero,HLA-B*39:02,pearson_log,,1,1,True
allele_embedding,peptide_disjoint,censored_hinge,nonzero,HLA-B*39:02,auc_gt_2h,,1,1,True
allele_embedding,peptide_disjoint,censored_hinge,nonzero,HLA-B*39:06(C67S),spearman,,1,1,True
allele_embedding,peptide_disjoint,censored_hinge,nonzero,HLA-B*39:06(C67S),pearson_log,,1,1,True
allele_embedding,peptide_disjoint,censored_hinge,nonzero,HLA-B*39:06(C67S),auc_gt_2h,,1,1,True
allele_embedding,peptide_disjoint,censored_hinge,nonzero,HLA-B*39:10,spearman,,1,1,True
allele_embedding,peptide_disjoint,censored_hinge,nonzero,HLA-B*39:10,pearson_log,,1,1,True
allele_embedding,peptide_disjoint,censored_hinge,nonzero,HLA-B*39:10,auc_gt_2h,,1,1,True
allele_embedding,peptide_disjoint,censored_hinge,nonzero,HLA-B*40:01,spearman,,2,2,False
allele_embedding,peptide_disjoint,censored_hinge,nonzero,HLA-B*40:01,pearson_log,,2,2,False
allele_embedding,peptide_disjoint,censored_hinge,nonzero,HLA-B*40:01,auc_gt_2h,,2,2,False
allele_embedding,peptide_disjoint,censored_hinge,nonzero,HLA-B*40:02,spearman,,2,2,False
allele_embedding,peptide_disjoint,censored_hinge,nonzero,HLA-B*40:02,pearson_log,,2,2,False
allele_embedding,peptide_disjoint,censored_hinge,nonzero,HLA-B*40:02,auc_gt_2h,0.0,2,2,False
allele_embedding,peptide_disjoint,censored_hinge,nonzero,HLA-B*41:01,spearman,,2,2,False
allele_embedding,peptide_disjoint,censored_hinge,nonzero,HLA-B*41:01,pearson_log,,2,2,False
allele_embedding,peptide_disjoint,censored_hinge,nonzero,HLA-B*41:01,auc_gt_2h,,2,2,False
allele_embedding,peptide_disjoint,censored_hinge,nonzero,HLA-B*42:01,spearman,,1,1,True
allele_embedding,peptide_disjoint,censored_hinge,nonzero,HLA-B*42:01,pearson_log,,1,1,True
allele_embedding,peptide_disjoint,censored_hinge,nonzero,HLA-B*42:01,auc_gt_2h,,1,1,True
allele_embedding,peptide_disjoint,censored_hinge,nonzero,HLA-B*42:02,spearman,-0.5,3,3,False
allele_embedding,peptide_disjoint,censored_hinge,nonzero,HLA-B*42:02,pearson_log,-0.8818464131906354,3,3,False
allele_embedding,peptide_disjoint,censored_hinge,nonzero,HLA-B*42:02,auc_gt_2h,0.5,3,3,False
allele_embedding,peptide_disjoint,censored_hinge,nonzero,HLA-B*44:05,spearman,,1,1,True
allele_embedding,peptide_disjoint,censored_hinge,nonzero,HLA-B*44:05,pearson_log,,1,1,True
allele_embedding,peptide_disjoint,censored_hinge,nonzero,HLA-B*44:05,auc_gt_2h,,1,1,True
allele_embedding,peptide_disjoint,censored_hinge,nonzero,HLA-B*51:01,spearman,,1,1,True
allele_embedding,peptide_disjoint,censored_hinge,nonzero,HLA-B*51:01,pearson_log,,1,1,True
allele_embedding,peptide_disjoint,censored_hinge,nonzero,HLA-B*51:01,auc_gt_2h,,1,1,True
allele_embedding,peptide_disjoint,censored_hinge,nonzero,HLA-B*54:01,spearman,0.39999999999999997,4,4,False
allele_embedding,peptide_disjoint,censored_hinge,nonzero,HLA-B*54:01,pearson_log,0.6994437515756479,4,4,False
allele_embedding,peptide_disjoint,censored_hinge,nonzero,HLA-B*54:01,auc_gt_2h,1.0,4,4,False
allele_embedding,peptide_disjoint,censored_hinge,nonzero,HLA-B*56:01,spearman,,2,2,False
allele_embedding,peptide_disjoint,censored_hinge,nonzero,HLA-B*56:01,pearson_log,,2,2,False
allele_embedding,peptide_disjoint,censored_hinge,nonzero,HLA-B*56:01,auc_gt_2h,,2,2,False
allele_embedding,peptide_disjoint,censored_hinge,nonzero,HLA-B*57:01,spearman,,1,1,True
allele_embedding,peptide_disjoint,censored_hinge,nonzero,HLA-B*57:01,pearson_log,,1,1,True
allele_embedding,peptide_disjoint,censored_hinge,nonzero,HLA-B*57:01,auc_gt_2h,,1,1,True
allele_embedding,peptide_disjoint,censored_hinge,nonzero,HLA-B*57:02,spearman,-0.5,3,3,False
allele_embedding,peptide_disjoint,censored_hinge,nonzero,HLA-B*57:02,pearson_log,-0.000384568126068352,3,3,False
allele_embedding,peptide_disjoint,censored_hinge,nonzero,HLA-B*57:02,auc_gt_2h,,3,3,False
allele_embedding,peptide_disjoint,censored_hinge,nonzero,HLA-B*57:03,spearman,,2,2,False
allele_embedding,peptide_disjoint,censored_hinge,nonzero,HLA-B*57:03,pearson_log,,2,2,False
allele_embedding,peptide_disjoint,censored_hinge,nonzero,HLA-B*57:03,auc_gt_2h,0.0,2,2,False
allele_embedding,peptide_disjoint,censored_hinge,nonzero,HLA-B*58:01,spearman,0.7999999999999999,5,5,False
allele_embedding,peptide_disjoint,censored_hinge,nonzero,HLA-B*58:01,pearson_log,0.9192936226327528,5,5,False
allele_embedding,peptide_disjoint,censored_hinge,nonzero,HLA-B*58:01,auc_gt_2h,1.0,5,5,False
allele_embedding,peptide_disjoint,censored_hinge,nonzero,HLA-B*81:01,spearman,-0.09999999999999999,5,5,False
allele_embedding,peptide_disjoint,censored_hinge,nonzero,HLA-B*81:01,pearson_log,0.08125374950125602,5,5,False
allele_embedding,peptide_disjoint,censored_hinge,nonzero,HLA-B*81:01,auc_gt_2h,,5,5,False
allele_embedding,peptide_disjoint,mse,all,HLA-A*01:01,spearman,,2,2,False
allele_embedding,peptide_disjoint,mse,all,HLA-A*01:01,pearson_log,,2,2,False
allele_embedding,peptide_disjoint,mse,all,HLA-A*01:01,auc_gt_2h,1.0,2,2,False
allele_embedding,peptide_disjoint,mse,all,HLA-A*02:01,spearman,0.5,3,3,False
allele_embedding,peptide_disjoint,mse,all,HLA-A*02:01,pearson_log,0.024359198767017032,3,3,False
allele_embedding,peptide_disjoint,mse,all,HLA-A*02:01,auc_gt_2h,,3,3,False
allele_embedding,peptide_disjoint,mse,all,HLA-A*02:03,spearman,,2,2,False
allele_embedding,peptide_disjoint,mse,all,HLA-A*02:03,pearson_log,,2,2,False
allele_embedding,peptide_disjoint,mse,all,HLA-A*02:03,auc_gt_2h,0.0,2,2,False
allele_embedding,peptide_disjoint,mse,all,HLA-A*02:05,spearman,0.19999999999999998,5,5,False
allele_embedding,peptide_disjoint,mse,all,HLA-A*02:05,pearson_log,-0.31984418424235933,5,5,False
allele_embedding,peptide_disjoint,mse,all,HLA-A*02:05,auc_gt_2h,0.6666666666666666,5,5,False
allele_embedding,peptide_disjoint,mse,all,HLA-A*02:10,spearman,,2,2,False
allele_embedding,peptide_disjoint,mse,all,HLA-A*02:10,pearson_log,,2,2,False
allele_embedding,peptide_disjoint,mse,all,HLA-A*02:10,auc_gt_2h,1.0,2,2,False
allele_embedding,peptide_disjoint,mse,all,HLA-A*02:11,spearman,,2,2,False
allele_embedding,peptide_disjoint,mse,all,HLA-A*02:11,pearson_log,,2,2,False
allele_embedding,peptide_disjoint,mse,all,HLA-A*02:11,auc_gt_2h,,2,2,False
allele_embedding,peptide_disjoint,mse,all,HLA-A*02:12,spearman,0.7999999999999999,4,4,False
allele_embedding,peptide_disjoint,mse,all,HLA-A*02:12,pearson_log,0.8303198913791145,4,4,False
allele_embedding,peptide_disjoint,mse,all,HLA-A*02:12,auc_gt_2h,1.0,4,4,False
allele_embedding,peptide_disjoint,mse,all,HLA-A*02:19,spearman,0.49999999999999994,5,5,False
allele_embedding,peptide_disjoint,mse,all,HLA-A*02:19,pearson_log,0.476714524943574,5,5,False
allele_embedding,peptide_disjoint,mse,all,HLA-A*02:19,auc_gt_2h,0.75,5,5,False
allele_embedding,peptide_disjoint,mse,all,HLA-A*02:50,spearman,0.7999999999999999,4,4,False
allele_embedding,peptide_disjoint,mse,all,HLA-A*02:50,pearson_log,0.8852376852681847,4,4,False
allele_embedding,peptide_disjoint,mse,all,HLA-A*02:50,auc_gt_2h,,4,4,False
allele_embedding,peptide_disjoint,mse,all,HLA-A*03:01,spearman,0.6,5,5,False
allele_embedding,peptide_disjoint,mse,all,HLA-A*03:01,pearson_log,0.5976475349996976,5,5,False
allele_embedding,peptide_disjoint,mse,all,HLA-A*03:01,auc_gt_2h,1.0,5,5,False
allele_embedding,peptide_disjoint,mse,all,HLA-A*11:01,spearman,,1,1,True
allele_embedding,peptide_disjoint,mse,all,HLA-A*11:01,pearson_log,,1,1,True
allele_embedding,peptide_disjoint,mse,all,HLA-A*11:01,auc_gt_2h,,1,1,True
allele_embedding,peptide_disjoint,mse,all,HLA-A*23:01,spearman,,2,2,False
allele_embedding,peptide_disjoint,mse,all,HLA-A*23:01,pearson_log,,2,2,False
allele_embedding,peptide_disjoint,mse,all,HLA-A*23:01,auc_gt_2h,0.0,2,2,False
allele_embedding,peptide_disjoint,mse,all,HLA-A*24:02,spearman,0.0,4,4,False
allele_embedding,peptide_disjoint,mse,all,HLA-A*24:02,pearson_log,0.24357835427063768,4,4,False
allele_embedding,peptide_disjoint,mse,all,HLA-A*24:02,auc_gt_2h,0.75,4,4,False
allele_embedding,peptide_disjoint,mse,all,HLA-A*24:03,spearman,,2,2,False
allele_embedding,peptide_disjoint,mse,all,HLA-A*24:03,pearson_log,,2,2,False
allele_embedding,peptide_disjoint,mse,all,HLA-A*24:03,auc_gt_2h,,2,2,False
allele_embedding,peptide_disjoint,mse,all,HLA-A*24:07,spearman,,2,2,False
allele_embedding,peptide_disjoint,mse,all,HLA-A*24:07,pearson_log,,2,2,False
allele_embedding,peptide_disjoint,mse,all,HLA-A*24:07,auc_gt_2h,0.0,2,2,False
allele_embedding,peptide_disjoint,mse,all,HLA-A*24:19,spearman,0.5,3,3,False
allele_embedding,peptide_disjoint,mse,all,HLA-A*24:19,pearson_log,0.19989866712962148,3,3,False
allele_embedding,peptide_disjoint,mse,all,HLA-A*24:19,auc_gt_2h,,3,3,False
allele_embedding,peptide_disjoint,mse,all,HLA-A*25:01,spearman,,1,1,True
allele_embedding,peptide_disjoint,mse,all,HLA-A*25:01,pearson_log,,1,1,True
allele_embedding,peptide_disjoint,mse,all,HLA-A*25:01,auc_gt_2h,,1,1,True
allele_embedding,peptide_disjoint,mse,all,HLA-A*26:01,spearman,-0.5,3,3,False
allele_embedding,peptide_disjoint,mse,all,HLA-A*26:01,pearson_log,-0.8182650896758975,3,3,False
allele_embedding,peptide_disjoint,mse,all,HLA-A*26:01,auc_gt_2h,,3,3,False
allele_embedding,peptide_disjoint,mse,all,HLA-A*26:02,spearman,,2,2,False
allele_embedding,peptide_disjoint,mse,all,HLA-A*26:02,pearson_log,,2,2,False
allele_embedding,peptide_disjoint,mse,all,HLA-A*26:02,auc_gt_2h,,2,2,False
allele_embedding,peptide_disjoint,mse,all,HLA-A*26:03,spearman,,1,1,True
allele_embedding,peptide_disjoint,mse,all,HLA-A*26:03,pearson_log,,1,1,True
allele_embedding,peptide_disjoint,mse,all,HLA-A*26:03,auc_gt_2h,,1,1,True
allele_embedding,peptide_disjoint,mse,all,HLA-A*29:02,spearman,0.7,5,5,False
allele_embedding,peptide_disjoint,mse,all,HLA-A*29:02,pearson_log,0.869266669388609,5,5,False
allele_embedding,peptide_disjoint,mse,all,HLA-A*29:02,auc_gt_2h,1.0,5,5,False
allele_embedding,peptide_disjoint,mse,all,HLA-A*30:01,spearman,,2,2,False
allele_embedding,peptide_disjoint,mse,all,HLA-A*30:01,pearson_log,,2,2,False
allele_embedding,peptide_disjoint,mse,all,HLA-A*30:01,auc_gt_2h,,2,2,False
allele_embedding,peptide_disjoint,mse,all,HLA-A*30:02,spearman,,2,2,False
allele_embedding,peptide_disjoint,mse,all,HLA-A*30:02,pearson_log,,2,2,False
allele_embedding,peptide_disjoint,mse,all,HLA-A*30:02,auc_gt_2h,0.0,2,2,False
allele_embedding,peptide_disjoint,mse,all,HLA-A*31:01,spearman,0.8660254037844387,3,3,False
allele_embedding,peptide_disjoint,mse,all,HLA-A*31:01,pearson_log,0.9598120494710833,3,3,False
allele_embedding,peptide_disjoint,mse,all,HLA-A*31:01,auc_gt_2h,,3,3,False
allele_embedding,peptide_disjoint,mse,all,HLA-A*32:01,spearman,-1.0,3,3,False
allele_embedding,peptide_disjoint,mse,all,HLA-A*32:01,pearson_log,-0.8338741229154625,3,3,False
allele_embedding,peptide_disjoint,mse,all,HLA-A*32:01,auc_gt_2h,0.0,3,3,False
allele_embedding,peptide_disjoint,mse,all,HLA-A*32:07,spearman,0.5,3,3,False
allele_embedding,peptide_disjoint,mse,all,HLA-A*32:07,pearson_log,0.5423258184327558,3,3,False
allele_embedding,peptide_disjoint,mse,all,HLA-A*32:07,auc_gt_2h,1.0,3,3,False
allele_embedding,peptide_disjoint,mse,all,HLA-A*33:03,spearman,,2,2,False
allele_embedding,peptide_disjoint,mse,all,HLA-A*33:03,pearson_log,,2,2,False
allele_embedding,peptide_disjoint,mse,all,HLA-A*33:03,auc_gt_2h,1.0,2,2,False
allele_embedding,peptide_disjoint,mse,all,HLA-A*43:01,spearman,-0.14494275891311212,6,6,False
allele_embedding,peptide_disjoint,mse,all,HLA-A*43:01,pearson_log,0.1759248189890861,6,6,False
allele_embedding,peptide_disjoint,mse,all,HLA-A*43:01,auc_gt_2h,0.4,6,6,False
allele_embedding,peptide_disjoint,mse,all,HLA-A*66:01,spearman,,1,1,True
allele_embedding,peptide_disjoint,mse,all,HLA-A*66:01,pearson_log,,1,1,True
allele_embedding,peptide_disjoint,mse,all,HLA-A*66:01,auc_gt_2h,,1,1,True
allele_embedding,peptide_disjoint,mse,all,HLA-A*68:01,spearman,-0.4103913408340617,5,5,False
allele_embedding,peptide_disjoint,mse,all,HLA-A*68:01,pearson_log,-0.44804927892859625,5,5,False
allele_embedding,peptide_disjoint,mse,all,HLA-A*68:01,auc_gt_2h,0.16666666666666669,5,5,False
allele_embedding,peptide_disjoint,mse,all,HLA-A*68:02,spearman,0.3,5,5,False
allele_embedding,peptide_disjoint,mse,all,HLA-A*68:02,pearson_log,0.38208650438195535,5,5,False
allele_embedding,peptide_disjoint,mse,all,HLA-A*68:02,auc_gt_2h,,5,5,False
allele_embedding,peptide_disjoint,mse,all,HLA-A*68:23,spearman,-0.316227766016838,4,4,False
allele_embedding,peptide_disjoint,mse,all,HLA-A*68:23,pearson_log,-0.5125761389323371,4,4,False
allele_embedding,peptide_disjoint,mse,all,HLA-A*68:23,auc_gt_2h,,4,4,False
allele_embedding,peptide_disjoint,mse,all,HLA-A*69:01,spearman,0.35909242322980395,5,5,False
allele_embedding,peptide_disjoint,mse,all,HLA-A*69:01,pearson_log,0.008598414292892653,5,5,False
allele_embedding,peptide_disjoint,mse,all,HLA-A*69:01,auc_gt_2h,,5,5,False
allele_embedding,peptide_disjoint,mse,all,HLA-A*74:01,spearman,,1,1,True
allele_embedding,peptide_disjoint,mse,all,HLA-A*74:01,pearson_log,,1,1,True
allele_embedding,peptide_disjoint,mse,all,HLA-A*74:01,auc_gt_2h,,1,1,True
allele_embedding,peptide_disjoint,mse,all,HLA-A*80:01,spearman,,2,2,False
allele_embedding,peptide_disjoint,mse,all,HLA-A*80:01,pearson_log,,2,2,False
allele_embedding,peptide_disjoint,mse,all,HLA-A*80:01,auc_gt_2h,,2,2,False
allele_embedding,peptide_disjoint,mse,all,HLA-B*07:02,spearman,-0.31622776601683794,5,5,False
allele_embedding,peptide_disjoint,mse,all,HLA-B*07:02,pearson_log,-0.09849755126999729,5,5,False
allele_embedding,peptide_disjoint,mse,all,HLA-B*07:02,auc_gt_2h,0.5,5,5,False
allele_embedding,peptide_disjoint,mse,all,HLA-B*08:01,spearman,,2,2,False
allele_embedding,peptide_disjoint,mse,all,HLA-B*08:01,pearson_log,,2,2,False
allele_embedding,peptide_disjoint,mse,all,HLA-B*08:01,auc_gt_2h,,2,2,False
allele_embedding,peptide_disjoint,mse,all,HLA-B*08:03,spearman,,2,2,False
allele_embedding,peptide_disjoint,mse,all,HLA-B*08:03,pearson_log,,2,2,False
allele_embedding,peptide_disjoint,mse,all,HLA-B*08:03,auc_gt_2h,1.0,2,2,False
allele_embedding,peptide_disjoint,mse,all,HLA-B*13:02,spearman,,2,2,False
allele_embedding,peptide_disjoint,mse,all,HLA-B*13:02,pearson_log,,2,2,False
allele_embedding,peptide_disjoint,mse,all,HLA-B*13:02,auc_gt_2h,0.0,2,2,False
allele_embedding,peptide_disjoint,mse,all,HLA-B*14:01(C67S),spearman,,1,1,True
allele_embedding,peptide_disjoint,mse,all,HLA-B*14:01(C67S),pearson_log,,1,1,True
allele_embedding,peptide_disjoint,mse,all,HLA-B*14:01(C67S),auc_gt_2h,,1,1,True
allele_embedding,peptide_disjoint,mse,all,HLA-B*14:02(C67S),spearman,,1,1,True
allele_embedding,peptide_disjoint,mse,all,HLA-B*14:02(C67S),pearson_log,,1,1,True
allele_embedding,peptide_disjoint,mse,all,HLA-B*14:02(C67S),auc_gt_2h,,1,1,True
allele_embedding,peptide_disjoint,mse,all,HLA-B*15:01,spearman,-0.7999999999999999,4,4,False
allele_embedding,peptide_disjoint,mse,all,HLA-B*15:01,pearson_log,-0.9627926775649582,4,4,False
allele_embedding,peptide_disjoint,mse,all,HLA-B*15:01,auc_gt_2h,0.0,4,4,False
allele_embedding,peptide_disjoint,mse,all,HLA-B*15:10,spearman,,2,2,False
allele_embedding,peptide_disjoint,mse,all,HLA-B*15:10,pearson_log,,2,2,False
allele_embedding,peptide_disjoint,mse,all,HLA-B*15:10,auc_gt_2h,1.0,2,2,False
allele_embedding,peptide_disjoint,mse,all,HLA-B*18:01,spearman,,2,2,False
allele_embedding,peptide_disjoint,mse,all,HLA-B*18:01,pearson_log,,2,2,False
allele_embedding,peptide_disjoint,mse,all,HLA-B*18:01,auc_gt_2h,,2,2,False
allele_embedding,peptide_disjoint,mse,all,HLA-B*27:02,spearman,0.5,3,3,False
allele_embedding,peptide_disjoint,mse,all,HLA-B*27:02,pearson_log,0.6651180079483044,3,3,False
allele_embedding,peptide_disjoint,mse,all,HLA-B*27:02,auc_gt_2h,1.0,3,3,False
allele_embedding,peptide_disjoint,mse,all,HLA-B*27:03,spearman,1.0,3,3,False
allele_embedding,peptide_disjoint,mse,all,HLA-B*27:03,pearson_log,0.9935122742446874,3,3,False
allele_embedding,peptide_disjoint,mse,all,HLA-B*27:03,auc_gt_2h,1.0,3,3,False
allele_embedding,peptide_disjoint,mse,all,HLA-B*27:05,spearman,,2,2,False
allele_embedding,peptide_disjoint,mse,all,HLA-B*27:05,pearson_log,,2,2,False
allele_embedding,peptide_disjoint,mse,all,HLA-B*27:05,auc_gt_2h,,2,2,False
allele_embedding,peptide_disjoint,mse,all,HLA-B*27:20,spearman,-0.5,3,3,False
allele_embedding,peptide_disjoint,mse,all,HLA-B*27:20,pearson_log,-0.8778498043231521,3,3,False
allele_embedding,peptide_disjoint,mse,all,HLA-B*27:20,auc_gt_2h,0.5,3,3,False
allele_embedding,peptide_disjoint,mse,all,HLA-B*35:01,spearman,,2,2,False
allele_embedding,peptide_disjoint,mse,all,HLA-B*35:01,pearson_log,,2,2,False
allele_embedding,peptide_disjoint,mse,all,HLA-B*35:01,auc_gt_2h,1.0,2,2,False
allele_embedding,peptide_disjoint,mse,all,HLA-B*35:03,spearman,,2,2,False
allele_embedding,peptide_disjoint,mse,all,HLA-B*35:03,pearson_log,,2,2,False
allele_embedding,peptide_disjoint,mse,all,HLA-B*35:03,auc_gt_2h,1.0,2,2,False
allele_embedding,peptide_disjoint,mse,all,HLA-B*35:08,spearman,-0.8660254037844387,3,3,False
allele_embedding,peptide_disjoint,mse,all,HLA-B*35:08,pearson_log,-0.9895249291496506,3,3,False
allele_embedding,peptide_disjoint,mse,all,HLA-B*35:08,auc_gt_2h,0.0,3,3,False
allele_embedding,peptide_disjoint,mse,all,HLA-B*39:01,spearman,0.15389675281277312,5,5,False
allele_embedding,peptide_disjoint,mse,all,HLA-B*39:01,pearson_log,-0.17269798108102696,5,5,False
allele_embedding,peptide_disjoint,mse,all,HLA-B*39:01,auc_gt_2h,0.5,5,5,False
allele_embedding,peptide_disjoint,mse,all,HLA-B*39:02,spearman,,1,1,True
allele_embedding,peptide_disjoint,mse,all,HLA-B*39:02,pearson_log,,1,1,True
allele_embedding,peptide_disjoint,mse,all,HLA-B*39:02,auc_gt_2h,,1,1,True
allele_embedding,peptide_disjoint,mse,all,HLA-B*39:06(C67S),spearman,0.8660254037844387,3,3,False
allele_embedding,peptide_disjoint,mse,all,HLA-B*39:06(C67S),pearson_log,0.8394101452940832,3,3,False
allele_embedding,peptide_disjoint,mse,all,HLA-B*39:06(C67S),auc_gt_2h,1.0,3,3,False
allele_embedding,peptide_disjoint,mse,all,HLA-B*39:10,spearman,,1,1,True
allele_embedding,peptide_disjoint,mse,all,HLA-B*39:10,pearson_log,,1,1,True
allele_embedding,peptide_disjoint,mse,all,HLA-B*39:10,auc_gt_2h,,1,1,True
allele_embedding,peptide_disjoint,mse,all,HLA-B*40:01,spearman,,2,2,False
allele_embedding,peptide_disjoint,mse,all,HLA-B*40:01,pearson_log,,2,2,False
allele_embedding,peptide_disjoint,mse,all,HLA-B*40:01,auc_gt_2h,,2,2,False
allele_embedding,peptide_disjoint,mse,all,HLA-B*40:02,spearman,,2,2,False
allele_embedding,peptide_disjoint,mse,all,HLA-B*40:02,pearson_log,,2,2,False
allele_embedding,peptide_disjoint,mse,all,HLA-B*40:02,auc_gt_2h,0.0,2,2,False
allele_embedding,peptide_disjoint,mse,all,HLA-B*41:01,spearman,0.8660254037844387,3,3,False
allele_embedding,peptide_disjoint,mse,all,HLA-B*41:01,pearson_log,0.9920454864818782,3,3,False
allele_embedding,peptide_disjoint,mse,all,HLA-B*41:01,auc_gt_2h,,3,3,False
allele_embedding,peptide_disjoint,mse,all,HLA-B*42:01,spearman,,1,1,True
allele_embedding,peptide_disjoint,mse,all,HLA-B*42:01,pearson_log,,1,1,True
allele_embedding,peptide_disjoint,mse,all,HLA-B*42:01,auc_gt_2h,,1,1,True
allele_embedding,peptide_disjoint,mse,all,HLA-B*42:02,spearman,-0.5,3,3,False
allele_embedding,peptide_disjoint,mse,all,HLA-B*42:02,pearson_log,-0.8955844244248851,3,3,False
allele_embedding,peptide_disjoint,mse,all,HLA-B*42:02,auc_gt_2h,0.5,3,3,False
allele_embedding,peptide_disjoint,mse,all,HLA-B*44:05,spearman,,1,1,True
allele_embedding,peptide_disjoint,mse,all,HLA-B*44:05,pearson_log,,1,1,True
allele_embedding,peptide_disjoint,mse,all,HLA-B*44:05,auc_gt_2h,,1,1,True
allele_embedding,peptide_disjoint,mse,all,HLA-B*45:01,spearman,,2,2,False
allele_embedding,peptide_disjoint,mse,all,HLA-B*45:01,pearson_log,,2,2,False
allele_embedding,peptide_disjoint,mse,all,HLA-B*45:01,auc_gt_2h,,2,2,False
allele_embedding,peptide_disjoint,mse,all,HLA-B*51:01,spearman,,1,1,True
allele_embedding,peptide_disjoint,mse,all,HLA-B*51:01,pearson_log,,1,1,True
allele_embedding,peptide_disjoint,mse,all,HLA-B*51:01,auc_gt_2h,,1,1,True
allele_embedding,peptide_disjoint,mse,all,HLA-B*54:01,spearman,0.5217939320872036,6,6,False
allele_embedding,peptide_disjoint,mse,all,HLA-B*54:01,pearson_log,0.7005629544829995,6,6,False
allele_embedding,peptide_disjoint,mse,all,HLA-B*54:01,auc_gt_2h,1.0,6,6,False
allele_embedding,peptide_disjoint,mse,all,HLA-B*55:01,spearman,,1,1,True
allele_embedding,peptide_disjoint,mse,all,HLA-B*55:01,pearson_log,,1,1,True
allele_embedding,peptide_disjoint,mse,all,HLA-B*55:01,auc_gt_2h,,1,1,True
allele_embedding,peptide_disjoint,mse,all,HLA-B*56:01,spearman,0.8660254037844387,3,3,False
allele_embedding,peptide_disjoint,mse,all,HLA-B*56:01,pearson_log,0.8101990020285201,3,3,False
allele_embedding,peptide_disjoint,mse,all,HLA-B*56:01,auc_gt_2h,,3,3,False
allele_embedding,peptide_disjoint,mse,all,HLA-B*57:01,spearman,,1,1,True
allele_embedding,peptide_disjoint,mse,all,HLA-B*57:01,pearson_log,,1,1,True
allele_embedding,peptide_disjoint,mse,all,HLA-B*57:01,auc_gt_2h,,1,1,True
allele_embedding,peptide_disjoint,mse,all,HLA-B*57:02,spearman,-0.5,3,3,False
allele_embedding,peptide_disjoint,mse,all,HLA-B*57:02,pearson_log,-0.07157309015336799,3,3,False
allele_embedding,peptide_disjoint,mse,all,HLA-B*57:02,auc_gt_2h,,3,3,False
allele_embedding,peptide_disjoint,mse,all,HLA-B*57:03,spearman,,2,2,False
allele_embedding,peptide_disjoint,mse,all,HLA-B*57:03,pearson_log,,2,2,False
allele_embedding,peptide_disjoint,mse,all,HLA-B*57:03,auc_gt_2h,0.0,2,2,False
allele_embedding,peptide_disjoint,mse,all,HLA-B*58:01,spearman,0.8999999999999998,5,5,False
allele_embedding,peptide_disjoint,mse,all,HLA-B*58:01,pearson_log,0.9598085629340656,5,5,False
allele_embedding,peptide_disjoint,mse,all,HLA-B*58:01,auc_gt_2h,1.0,5,5,False
allele_embedding,peptide_disjoint,mse,all,HLA-B*81:01,spearman,0.2571428571428572,6,6,False
allele_embedding,peptide_disjoint,mse,all,HLA-B*81:01,pearson_log,0.8754847807450439,6,6,False
allele_embedding,peptide_disjoint,mse,all,HLA-B*81:01,auc_gt_2h,,6,6,False
allele_embedding,peptide_disjoint,mse,nonzero,HLA-A*01:01,spearman,,2,2,False
allele_embedding,peptide_disjoint,mse,nonzero,HLA-A*01:01,pearson_log,,2,2,False
allele_embedding,peptide_disjoint,mse,nonzero,HLA-A*01:01,auc_gt_2h,1.0,2,2,False
allele_embedding,peptide_disjoint,mse,nonzero,HLA-A*02:01,spearman,0.5,3,3,False
allele_embedding,peptide_disjoint,mse,nonzero,HLA-A*02:01,pearson_log,0.024359198767017032,3,3,False
allele_embedding,peptide_disjoint,mse,nonzero,HLA-A*02:01,auc_gt_2h,,3,3,False
allele_embedding,peptide_disjoint,mse,nonzero,HLA-A*02:03,spearman,,1,1,True
allele_embedding,peptide_disjoint,mse,nonzero,HLA-A*02:03,pearson_log,,1,1,True
allele_embedding,peptide_disjoint,mse,nonzero,HLA-A*02:03,auc_gt_2h,,1,1,True
allele_embedding,peptide_disjoint,mse,nonzero,HLA-A*02:05,spearman,0.19999999999999998,5,5,False
allele_embedding,peptide_disjoint,mse,nonzero,HLA-A*02:05,pearson_log,-0.31984418424235933,5,5,False
allele_embedding,peptide_disjoint,mse,nonzero,HLA-A*02:05,auc_gt_2h,0.6666666666666666,5,5,False
allele_embedding,peptide_disjoint,mse,nonzero,HLA-A*02:10,spearman,,2,2,False
allele_embedding,peptide_disjoint,mse,nonzero,HLA-A*02:10,pearson_log,,2,2,False
allele_embedding,peptide_disjoint,mse,nonzero,HLA-A*02:10,auc_gt_2h,1.0,2,2,False
allele_embedding,peptide_disjoint,mse,nonzero,HLA-A*02:11,spearman,,2,2,False
allele_embedding,peptide_disjoint,mse,nonzero,HLA-A*02:11,pearson_log,,2,2,False
allele_embedding,peptide_disjoint,mse,nonzero,HLA-A*02:11,auc_gt_2h,,2,2,False
allele_embedding,peptide_disjoint,mse,nonzero,HLA-A*02:12,spearman,0.7999999999999999,4,4,False
allele_embedding,peptide_disjoint,mse,nonzero,HLA-A*02:12,pearson_log,0.8303198913791145,4,4,False
allele_embedding,peptide_disjoint,mse,nonzero,HLA-A*02:12,auc_gt_2h,1.0,4,4,False
allele_embedding,peptide_disjoint,mse,nonzero,HLA-A*02:19,spearman,0.49999999999999994,5,5,False
allele_embedding,peptide_disjoint,mse,nonzero,HLA-A*02:19,pearson_log,0.476714524943574,5,5,False
allele_embedding,peptide_disjoint,mse,nonzero,HLA-A*02:19,auc_gt_2h,0.75,5,5,False
allele_embedding,peptide_disjoint,mse,nonzero,HLA-A*02:50,spearman,0.7999999999999999,4,4,False
allele_embedding,peptide_disjoint,mse,nonzero,HLA-A*02:50,pearson_log,0.8852376852681847,4,4,False
allele_embedding,peptide_disjoint,mse,nonzero,HLA-A*02:50,auc_gt_2h,,4,4,False
allele_embedding,peptide_disjoint,mse,nonzero,HLA-A*03:01,spearman,0.6,5,5,False
allele_embedding,peptide_disjoint,mse,nonzero,HLA-A*03:01,pearson_log,0.5976475349996976,5,5,False
allele_embedding,peptide_disjoint,mse,nonzero,HLA-A*03:01,auc_gt_2h,1.0,5,5,False
allele_embedding,peptide_disjoint,mse,nonzero,HLA-A*11:01,spearman,,1,1,True
allele_embedding,peptide_disjoint,mse,nonzero,HLA-A*11:01,pearson_log,,1,1,True
allele_embedding,peptide_disjoint,mse,nonzero,HLA-A*11:01,auc_gt_2h,,1,1,True
allele_embedding,peptide_disjoint,mse,nonzero,HLA-A*23:01,spearman,,2,2,False
allele_embedding,peptide_disjoint,mse,nonzero,HLA-A*23:01,pearson_log,,2,2,False
allele_embedding,peptide_disjoint,mse,nonzero,HLA-A*23:01,auc_gt_2h,0.0,2,2,False
allele_embedding,peptide_disjoint,mse,nonzero,HLA-A*24:02,spearman,0.0,4,4,False
allele_embedding,peptide_disjoint,mse,nonzero,HLA-A*24:02,pearson_log,0.24357835427063768,4,4,False
allele_embedding,peptide_disjoint,mse,nonzero,HLA-A*24:02,auc_gt_2h,0.75,4,4,False
allele_embedding,peptide_disjoint,mse,nonzero,HLA-A*24:03,spearman,,2,2,False
allele_embedding,peptide_disjoint,mse,nonzero,HLA-A*24:03,pearson_log,,2,2,False
allele_embedding,peptide_disjoint,mse,nonzero,HLA-A*24:03,auc_gt_2h,,2,2,False
allele_embedding,peptide_disjoint,mse,nonzero,HLA-A*24:07,spearman,,2,2,False
allele_embedding,peptide_disjoint,mse,nonzero,HLA-A*24:07,pearson_log,,2,2,False
allele_embedding,peptide_disjoint,mse,nonzero,HLA-A*24:07,auc_gt_2h,0.0,2,2,False
allele_embedding,peptide_disjoint,mse,nonzero,HLA-A*24:19,spearman,,2,2,False
allele_embedding,peptide_disjoint,mse,nonzero,HLA-A*24:19,pearson_log,,2,2,False
allele_embedding,peptide_disjoint,mse,nonzero,HLA-A*24:19,auc_gt_2h,,2,2,False
allele_embedding,peptide_disjoint,mse,nonzero,HLA-A*26:01,spearman,-0.5,3,3,False
allele_embedding,peptide_disjoint,mse,nonzero,HLA-A*26:01,pearson_log,-0.8182650896758975,3,3,False
allele_embedding,peptide_disjoint,mse,nonzero,HLA-A*26:01,auc_gt_2h,,3,3,False
allele_embedding,peptide_disjoint,mse,nonzero,HLA-A*26:02,spearman,,2,2,False
allele_embedding,peptide_disjoint,mse,nonzero,HLA-A*26:02,pearson_log,,2,2,False
allele_embedding,peptide_disjoint,mse,nonzero,HLA-A*26:02,auc_gt_2h,,2,2,False
allele_embedding,peptide_disjoint,mse,nonzero,HLA-A*29:02,spearman,0.7,5,5,False
allele_embedding,peptide_disjoint,mse,nonzero,HLA-A*29:02,pearson_log,0.869266669388609,5,5,False
allele_embedding,peptide_disjoint,mse,nonzero,HLA-A*29:02,auc_gt_2h,1.0,5,5,False
allele_embedding,peptide_disjoint,mse,nonzero,HLA-A*30:01,spearman,,2,2,False
allele_embedding,peptide_disjoint,mse,nonzero,HLA-A*30:01,pearson_log,,2,2,False
allele_embedding,peptide_disjoint,mse,nonzero,HLA-A*30:01,auc_gt_2h,,2,2,False
allele_embedding,peptide_disjoint,mse,nonzero,HLA-A*30:02,spearman,,1,1,True
allele_embedding,peptide_disjoint,mse,nonzero,HLA-A*30:02,pearson_log,,1,1,True
allele_embedding,peptide_disjoint,mse,nonzero,HLA-A*30:02,auc_gt_2h,,1,1,True
allele_embedding,peptide_disjoint,mse,nonzero,HLA-A*31:01,spearman,0.8660254037844387,3,3,False
allele_embedding,peptide_disjoint,mse,nonzero,HLA-A*31:01,pearson_log,0.9598120494710833,3,3,False
allele_embedding,peptide_disjoint,mse,nonzero,HLA-A*31:01,auc_gt_2h,,3,3,False
allele_embedding,peptide_disjoint,mse,nonzero,HLA-A*32:01,spearman,-1.0,3,3,False
allele_embedding,peptide_disjoint,mse,nonzero,HLA-A*32:01,pearson_log,-0.8338741229154625,3,3,False
allele_embedding,peptide_disjoint,mse,nonzero,HLA-A*32:01,auc_gt_2h,0.0,3,3,False
allele_embedding,peptide_disjoint,mse,nonzero,HLA-A*32:07,spearman,,2,2,False
allele_embedding,peptide_disjoint,mse,nonzero,HLA-A*32:07,pearson_log,,2,2,False
allele_embedding,peptide_disjoint,mse,nonzero,HLA-A*32:07,auc_gt_2h,1.0,2,2,False
allele_embedding,peptide_disjoint,mse,nonzero,HLA-A*33:03,spearman,,1,1,True
allele_embedding,peptide_disjoint,mse,nonzero,HLA-A*33:03,pearson_log,,1,1,True
allele_embedding,peptide_disjoint,mse,nonzero,HLA-A*33:03,auc_gt_2h,,1,1,True
allele_embedding,peptide_disjoint,mse,nonzero,HLA-A*43:01,spearman,0.0,4,4,False
allele_embedding,peptide_disjoint,mse,nonzero,HLA-A*43:01,pearson_log,0.45410070232289274,4,4,False
allele_embedding,peptide_disjoint,mse,nonzero,HLA-A*43:01,auc_gt_2h,0.33333333333333337,4,4,False
allele_embedding,peptide_disjoint,mse,nonzero,HLA-A*66:01,spearman,,1,1,True
allele_embedding,peptide_disjoint,mse,nonzero,HLA-A*66:01,pearson_log,,1,1,True
allele_embedding,peptide_disjoint,mse,nonzero,HLA-A*66:01,auc_gt_2h,,1,1,True
allele_embedding,peptide_disjoint,mse,nonzero,HLA-A*68:01,spearman,-1.0,3,3,False
allele_embedding,peptide_disjoint,mse,nonzero,HLA-A*68:01,pearson_log,-0.9541250493352976,3,3,False
allele_embedding,peptide_disjoint,mse,nonzero,HLA-A*68:01,auc_gt_2h,0.0,3,3,False
allele_embedding,peptide_disjoint,mse,nonzero,HLA-A*68:02,spearman,0.3,5,5,False
allele_embedding,peptide_disjoint,mse,nonzero,HLA-A*68:02,pearson_log,0.38208650438195535,5,5,False
allele_embedding,peptide_disjoint,mse,nonzero,HLA-A*68:02,auc_gt_2h,,5,5,False
allele_embedding,peptide_disjoint,mse,nonzero,HLA-A*68:23,spearman,-0.316227766016838,4,4,False
allele_embedding,peptide_disjoint,mse,nonzero,HLA-A*68:23,pearson_log,-0.5125761389323371,4,4,False
allele_embedding,peptide_disjoint,mse,nonzero,HLA-A*68:23,auc_gt_2h,,4,4,False
allele_embedding,peptide_disjoint,mse,nonzero,HLA-A*69:01,spearman,0.9486832980505139,4,4,False
allele_embedding,peptide_disjoint,mse,nonzero,HLA-A*69:01,pearson_log,0.9832835746654701,4,4,False
allele_embedding,peptide_disjoint,mse,nonzero,HLA-A*69:01,auc_gt_2h,,4,4,False
allele_embedding,peptide_disjoint,mse,nonzero,HLA-A*80:01,spearman,,2,2,False
allele_embedding,peptide_disjoint,mse,nonzero,HLA-A*80:01,pearson_log,,2,2,False
allele_embedding,peptide_disjoint,mse,nonzero,HLA-A*80:01,auc_gt_2h,,2,2,False
allele_embedding,peptide_disjoint,mse,nonzero,HLA-B*07:02,spearman,-0.31622776601683794,5,5,False
allele_embedding,peptide_disjoint,mse,nonzero,HLA-B*07:02,pearson_log,-0.09849755126999729,5,5,False
allele_embedding,peptide_disjoint,mse,nonzero,HLA-B*07:02,auc_gt_2h,0.5,5,5,False
allele_embedding,peptide_disjoint,mse,nonzero,HLA-B*08:01,spearman,,2,2,False
allele_embedding,peptide_disjoint,mse,nonzero,HLA-B*08:01,pearson_log,,2,2,False
allele_embedding,peptide_disjoint,mse,nonzero,HLA-B*08:01,auc_gt_2h,,2,2,False
allele_embedding,peptide_disjoint,mse,nonzero,HLA-B*08:03,spearman,,2,2,False
allele_embedding,peptide_disjoint,mse,nonzero,HLA-B*08:03,pearson_log,,2,2,False
allele_embedding,peptide_disjoint,mse,nonzero,HLA-B*08:03,auc_gt_2h,1.0,2,2,False
allele_embedding,peptide_disjoint,mse,nonzero,HLA-B*13:02,spearman,,1,1,True
allele_embedding,peptide_disjoint,mse,nonzero,HLA-B*13:02,pearson_log,,1,1,True
allele_embedding,peptide_disjoint,mse,nonzero,HLA-B*13:02,auc_gt_2h,,1,1,True
allele_embedding,peptide_disjoint,mse,nonzero,HLA-B*15:01,spearman,-0.7999999999999999,4,4,False
allele_embedding,peptide_disjoint,mse,nonzero,HLA-B*15:01,pearson_log,-0.9627926775649582,4,4,False
allele_embedding,peptide_disjoint,mse,nonzero,HLA-B*15:01,auc_gt_2h,0.0,4,4,False
allele_embedding,peptide_disjoint,mse,nonzero,HLA-B*15:10,spearman,,2,2,False
allele_embedding,peptide_disjoint,mse,nonzero,HLA-B*15:10,pearson_log,,2,2,False
allele_embedding,peptide_disjoint,mse,nonzero,HLA-B*15:10,auc_gt_2h,1.0,2,2,False
allele_embedding,peptide_disjoint,mse,nonzero,HLA-B*18:01,spearman,,2,2,False
allele_embedding,peptide_disjoint,mse,nonzero,HLA-B*18:01,pearson_log,,2,2,False
allele_embedding,peptide_disjoint,mse,nonzero,HLA-B*18:01,auc_gt_2h,,2,2,False
allele_embedding,peptide_disjoint,mse,nonzero,HLA-B*27:02,spearman,0.5,3,3,False
allele_embedding,peptide_disjoint,mse,nonzero,HLA-B*27:02,pearson_log,0.6651180079483044,3,3,False
allele_embedding,peptide_disjoint,mse,nonzero,HLA-B*27:02,auc_gt_2h,1.0,3,3,False
allele_embedding,peptide_disjoint,mse,nonzero,HLA-B*27:03,spearman,,2,2,False
allele_embedding,peptide_disjoint,mse,nonzero,HLA-B*27:03,pearson_log,,2,2,False
allele_embedding,peptide_disjoint,mse,nonzero,HLA-B*27:03,auc_gt_2h,,2,2,False
allele_embedding,peptide_disjoint,mse,nonzero,HLA-B*27:05,spearman,,1,1,True
allele_embedding,peptide_disjoint,mse,nonzero,HLA-B*27:05,pearson_log,,1,1,True
allele_embedding,peptide_disjoint,mse,nonzero,HLA-B*27:05,auc_gt_2h,,1,1,True
allele_embedding,peptide_disjoint,mse,nonzero,HLA-B*27:20,spearman,-0.5,3,3,False
allele_embedding,peptide_disjoint,mse,nonzero,HLA-B*27:20,pearson_log,-0.8778498043231521,3,3,False
allele_embedding,peptide_disjoint,mse,nonzero,HLA-B*27:20,auc_gt_2h,0.5,3,3,False
allele_embedding,peptide_disjoint,mse,nonzero,HLA-B*35:01,spearman,,1,1,True
allele_embedding,peptide_disjoint,mse,nonzero,HLA-B*35:01,pearson_log,,1,1,True
allele_embedding,peptide_disjoint,mse,nonzero,HLA-B*35:01,auc_gt_2h,,1,1,True
allele_embedding,peptide_disjoint,mse,nonzero,HLA-B*35:03,spearman,,2,2,False
allele_embedding,peptide_disjoint,mse,nonzero,HLA-B*35:03,pearson_log,,2,2,False
allele_embedding,peptide_disjoint,mse,nonzero,HLA-B*35:03,auc_gt_2h,1.0,2,2,False
allele_embedding,peptide_disjoint,mse,nonzero,HLA-B*35:08,spearman,-0.8660254037844387,3,3,False
allele_embedding,peptide_disjoint,mse,nonzero,HLA-B*35:08,pearson_log,-0.9895249291496506,3,3,False
allele_embedding,peptide_disjoint,mse,nonzero,HLA-B*35:08,auc_gt_2h,0.0,3,3,False
allele_embedding,peptide_disjoint,mse,nonzero,HLA-B*39:01,spearman,0.7378647873726218,4,4,False
allele_embedding,peptide_disjoint,mse,nonzero,HLA-B*39:01,pearson_log,0.3090655485716468,4,4,False
allele_embedding,peptide_disjoint,mse,nonzero,HLA-B*39:01,auc_gt_2h,0.6666666666666667,4,4,False
allele_embedding,peptide_disjoint,mse,nonzero,HLA-B*39:02,spearman,,1,1,True
allele_embedding,peptide_disjoint,mse,nonzero,HLA-B*39:02,pearson_log,,1,1,True
allele_embedding,peptide_disjoint,mse,nonzero,HLA-B*39:02,auc_gt_2h,,1,1,True
allele_embedding,peptide_disjoint,mse,nonzero,HLA-B*39:06(C67S),spearman,,1,1,True
allele_embedding,peptide_disjoint,mse,nonzero,HLA-B*39:06(C67S),pearson_log,,1,1,True
allele_embedding,peptide_disjoint,mse,nonzero,HLA-B*39:06(C67S),auc_gt_2h,,1,1,True
allele_embedding,peptide_disjoint,mse,nonzero,HLA-B*39:10,spearman,,1,1,True
allele_embedding,peptide_disjoint,mse,nonzero,HLA-B*39:10,pearson_log,,1,1,True
allele_embedding,peptide_disjoint,mse,nonzero,HLA-B*39:10,auc_gt_2h,,1,1,True
allele_embedding,peptide_disjoint,mse,nonzero,HLA-B*40:01,spearman,,2,2,False
allele_embedding,peptide_disjoint,mse,nonzero,HLA-B*40:01,pearson_log,,2,2,False
allele_embedding,peptide_disjoint,mse,nonzero,HLA-B*40:01,auc_gt_2h,,2,2,False
allele_embedding,peptide_disjoint,mse,nonzero,HLA-B*40:02,spearman,,2,2,False
allele_embedding,peptide_disjoint,mse,nonzero,HLA-B*40:02,pearson_log,,2,2,False
allele_embedding,peptide_disjoint,mse,nonzero,HLA-B*40:02,auc_gt_2h,0.0,2,2,False
allele_embedding,peptide_disjoint,mse,nonzero,HLA-B*41:01,spearman,,2,2,False
allele_embedding,peptide_disjoint,mse,nonzero,HLA-B*41:01,pearson_log,,2,2,False
allele_embedding,peptide_disjoint,mse,nonzero,HLA-B*41:01,auc_gt_2h,,2,2,False
allele_embedding,peptide_disjoint,mse,nonzero,HLA-B*42:01,spearman,,1,1,True
allele_embedding,peptide_disjoint,mse,nonzero,HLA-B*42:01,pearson_log,,1,1,True
allele_embedding,peptide_disjoint,mse,nonzero,HLA-B*42:01,auc_gt_2h,,1,1,True
allele_embedding,peptide_disjoint,mse,nonzero,HLA-B*42:02,spearman,-0.5,3,3,False
allele_embedding,peptide_disjoint,mse,nonzero,HLA-B*42:02,pearson_log,-0.8955844244248851,3,3,False
allele_embedding,peptide_disjoint,mse,nonzero,HLA-B*42:02,auc_gt_2h,0.5,3,3,False
allele_embedding,peptide_disjoint,mse,nonzero,HLA-B*44:05,spearman,,1,1,True
allele_embedding,peptide_disjoint,mse,nonzero,HLA-B*44:05,pearson_log,,1,1,True
allele_embedding,peptide_disjoint,mse,nonzero,HLA-B*44:05,auc_gt_2h,,1,1,True
allele_embedding,peptide_disjoint,mse,nonzero,HLA-B*51:01,spearman,,1,1,True
allele_embedding,peptide_disjoint,mse,nonzero,HLA-B*51:01,pearson_log,,1,1,True
allele_embedding,peptide_disjoint,mse,nonzero,HLA-B*51:01,auc_gt_2h,,1,1,True
allele_embedding,peptide_disjoint,mse,nonzero,HLA-B*54:01,spearman,0.39999999999999997,4,4,False
allele_embedding,peptide_disjoint,mse,nonzero,HLA-B*54:01,pearson_log,0.6408543421532038,4,4,False
allele_embedding,peptide_disjoint,mse,nonzero,HLA-B*54:01,auc_gt_2h,1.0,4,4,False
allele_embedding,peptide_disjoint,mse,nonzero,HLA-B*56:01,spearman,,2,2,False
allele_embedding,peptide_disjoint,mse,nonzero,HLA-B*56:01,pearson_log,,2,2,False
allele_embedding,peptide_disjoint,mse,nonzero,HLA-B*56:01,auc_gt_2h,,2,2,False
allele_embedding,peptide_disjoint,mse,nonzero,HLA-B*57:01,spearman,,1,1,True
allele_embedding,peptide_disjoint,mse,nonzero,HLA-B*57:01,pearson_log,,1,1,True
allele_embedding,peptide_disjoint,mse,nonzero,HLA-B*57:01,auc_gt_2h,,1,1,True
allele_embedding,peptide_disjoint,mse,nonzero,HLA-B*57:02,spearman,-0.5,3,3,False
allele_embedding,peptide_disjoint,mse,nonzero,HLA-B*57:02,pearson_log,-0.07157309015336799,3,3,False
allele_embedding,peptide_disjoint,mse,nonzero,HLA-B*57:02,auc_gt_2h,,3,3,False
allele_embedding,peptide_disjoint,mse,nonzero,HLA-B*57:03,spearman,,2,2,False
allele_embedding,peptide_disjoint,mse,nonzero,HLA-B*57:03,pearson_log,,2,2,False
allele_embedding,peptide_disjoint,mse,nonzero,HLA-B*57:03,auc_gt_2h,0.0,2,2,False
allele_embedding,peptide_disjoint,mse,nonzero,HLA-B*58:01,spearman,0.8999999999999998,5,5,False
allele_embedding,peptide_disjoint,mse,nonzero,HLA-B*58:01,pearson_log,0.9598085629340656,5,5,False
allele_embedding,peptide_disjoint,mse,nonzero,HLA-B*58:01,auc_gt_2h,1.0,5,5,False
allele_embedding,peptide_disjoint,mse,nonzero,HLA-B*81:01,spearman,-0.3,5,5,False
allele_embedding,peptide_disjoint,mse,nonzero,HLA-B*81:01,pearson_log,-0.3462171470207555,5,5,False
allele_embedding,peptide_disjoint,mse,nonzero,HLA-B*81:01,auc_gt_2h,,5,5,False
allele_embedding,peptide_disjoint,ranking,all,HLA-A*01:01,spearman,,2,2,False
allele_embedding,peptide_disjoint,ranking,all,HLA-A*01:01,pearson_log,,2,2,False
allele_embedding,peptide_disjoint,ranking,all,HLA-A*01:01,auc_gt_2h,1.0,2,2,False
allele_embedding,peptide_disjoint,ranking,all,HLA-A*02:01,spearman,-0.5,3,3,False
allele_embedding,peptide_disjoint,ranking,all,HLA-A*02:01,pearson_log,-0.6189061179411695,3,3,False
allele_embedding,peptide_disjoint,ranking,all,HLA-A*02:01,auc_gt_2h,,3,3,False
allele_embedding,peptide_disjoint,ranking,all,HLA-A*02:03,spearman,,2,2,False
allele_embedding,peptide_disjoint,ranking,all,HLA-A*02:03,pearson_log,,2,2,False
allele_embedding,peptide_disjoint,ranking,all,HLA-A*02:03,auc_gt_2h,0.0,2,2,False
allele_embedding,peptide_disjoint,ranking,all,HLA-A*02:05,spearman,0.49999999999999994,5,5,False
allele_embedding,peptide_disjoint,ranking,all,HLA-A*02:05,pearson_log,0.5515993272926036,5,5,False
allele_embedding,peptide_disjoint,ranking,all,HLA-A*02:05,auc_gt_2h,1.0,5,5,False
allele_embedding,peptide_disjoint,ranking,all,HLA-A*02:10,spearman,,2,2,False
allele_embedding,peptide_disjoint,ranking,all,HLA-A*02:10,pearson_log,,2,2,False
allele_embedding,peptide_disjoint,ranking,all,HLA-A*02:10,auc_gt_2h,1.0,2,2,False
allele_embedding,peptide_disjoint,ranking,all,HLA-A*02:11,spearman,,2,2,False
allele_embedding,peptide_disjoint,ranking,all,HLA-A*02:11,pearson_log,,2,2,False
allele_embedding,peptide_disjoint,ranking,all,HLA-A*02:11,auc_gt_2h,,2,2,False
allele_embedding,peptide_disjoint,ranking,all,HLA-A*02:12,spearman,0.19999999999999998,4,4,False
allele_embedding,peptide_disjoint,ranking,all,HLA-A*02:12,pearson_log,0.23082188170194134,4,4,False
allele_embedding,peptide_disjoint,ranking,all,HLA-A*02:12,auc_gt_2h,0.5,4,4,False
allele_embedding,peptide_disjoint,ranking,all,HLA-A*02:19,spearman,0.7,5,5,False
allele_embedding,peptide_disjoint,ranking,all,HLA-A*02:19,pearson_log,0.47400632210585,5,5,False
allele_embedding,peptide_disjoint,ranking,all,HLA-A*02:19,auc_gt_2h,0.5,5,5,False
allele_embedding,peptide_disjoint,ranking,all,HLA-A*02:50,spearman,0.7999999999999999,4,4,False
allele_embedding,peptide_disjoint,ranking,all,HLA-A*02:50,pearson_log,0.9035012487895557,4,4,False
allele_embedding,peptide_disjoint,ranking,all,HLA-A*02:50,auc_gt_2h,,4,4,False
allele_embedding,peptide_disjoint,ranking,all,HLA-A*03:01,spearman,-0.3,5,5,False
allele_embedding,peptide_disjoint,ranking,all,HLA-A*03:01,pearson_log,-0.33066519419496576,5,5,False
allele_embedding,peptide_disjoint,ranking,all,HLA-A*03:01,auc_gt_2h,0.0,5,5,False
allele_embedding,peptide_disjoint,ranking,all,HLA-A*11:01,spearman,,1,1,True
allele_embedding,peptide_disjoint,ranking,all,HLA-A*11:01,pearson_log,,1,1,True
allele_embedding,peptide_disjoint,ranking,all,HLA-A*11:01,auc_gt_2h,,1,1,True
allele_embedding,peptide_disjoint,ranking,all,HLA-A*23:01,spearman,,2,2,False
allele_embedding,peptide_disjoint,ranking,all,HLA-A*23:01,pearson_log,,2,2,False
allele_embedding,peptide_disjoint,ranking,all,HLA-A*23:01,auc_gt_2h,1.0,2,2,False
allele_embedding,peptide_disjoint,ranking,all,HLA-A*24:02,spearman,-0.39999999999999997,4,4,False
allele_embedding,peptide_disjoint,ranking,all,HLA-A*24:02,pearson_log,-0.05457006112752477,4,4,False
allele_embedding,peptide_disjoint,ranking,all,HLA-A*24:02,auc_gt_2h,0.5,4,4,False
allele_embedding,peptide_disjoint,ranking,all,HLA-A*24:03,spearman,,2,2,False
allele_embedding,peptide_disjoint,ranking,all,HLA-A*24:03,pearson_log,,2,2,False
allele_embedding,peptide_disjoint,ranking,all,HLA-A*24:03,auc_gt_2h,,2,2,False
allele_embedding,peptide_disjoint,ranking,all,HLA-A*24:07,spearman,,2,2,False
allele_embedding,peptide_disjoint,ranking,all,HLA-A*24:07,pearson_log,,2,2,False
allele_embedding,peptide_disjoint,ranking,all,HLA-A*24:07,auc_gt_2h,1.0,2,2,False
allele_embedding,peptide_disjoint,ranking,all,HLA-A*24:19,spearman,1.0,3,3,False
allele_embedding,peptide_disjoint,ranking,all,HLA-A*24:19,pearson_log,0.8130207701462144,3,3,False
allele_embedding,peptide_disjoint,ranking,all,HLA-A*24:19,auc_gt_2h,,3,3,False
allele_embedding,peptide_disjoint,ranking,all,HLA-A*25:01,spearman,,1,1,True
allele_embedding,peptide_disjoint,ranking,all,HLA-A*25:01,pearson_log,,1,1,True
allele_embedding,peptide_disjoint,ranking,all,HLA-A*25:01,auc_gt_2h,,1,1,True
allele_embedding,peptide_disjoint,ranking,all,HLA-A*26:01,spearman,0.5,3,3,False
allele_embedding,peptide_disjoint,ranking,all,HLA-A*26:01,pearson_log,0.7496254054520777,3,3,False
allele_embedding,peptide_disjoint,ranking,all,HLA-A*26:01,auc_gt_2h,,3,3,False
allele_embedding,peptide_disjoint,ranking,all,HLA-A*26:02,spearman,,2,2,False
allele_embedding,peptide_disjoint,ranking,all,HLA-A*26:02,pearson_log,,2,2,False
allele_embedding,peptide_disjoint,ranking,all,HLA-A*26:02,auc_gt_2h,,2,2,False
allele_embedding,peptide_disjoint,ranking,all,HLA-A*26:03,spearman,,1,1,True
allele_embedding,peptide_disjoint,ranking,all,HLA-A*26:03,pearson_log,,1,1,True
allele_embedding,peptide_disjoint,ranking,all,HLA-A*26:03,auc_gt_2h,,1,1,True
allele_embedding,peptide_disjoint,ranking,all,HLA-A*29:02,spearman,0.09999999999999999,5,5,False
allele_embedding,peptide_disjoint,ranking,all,HLA-A*29:02,pearson_log,0.16009049714965806,5,5,False
allele_embedding,peptide_disjoint,ranking,all,HLA-A*29:02,auc_gt_2h,0.5,5,5,False
allele_embedding,peptide_disjoint,ranking,all,HLA-A*30:01,spearman,,2,2,False
allele_embedding,peptide_disjoint,ranking,all,HLA-A*30:01,pearson_log,,2,2,False
allele_embedding,peptide_disjoint,ranking,all,HLA-A*30:01,auc_gt_2h,,2,2,False
allele_embedding,peptide_disjoint,ranking,all,HLA-A*30:02,spearman,,2,2,False
allele_embedding,peptide_disjoint,ranking,all,HLA-A*30:02,pearson_log,,2,2,False
allele_embedding,peptide_disjoint,ranking,all,HLA-A*30:02,auc_gt_2h,1.0,2,2,False
allele_embedding,peptide_disjoint,ranking,all,HLA-A*31:01,spearman,0.0,3,3,False
allele_embedding,peptide_disjoint,ranking,all,HLA-A*31:01,pearson_log,0.41429432749350864,3,3,False
allele_embedding,peptide_disjoint,ranking,all,HLA-A*31:01,auc_gt_2h,,3,3,False
allele_embedding,peptide_disjoint,ranking,all,HLA-A*32:01,spearman,-0.5,3,3,False
allele_embedding,peptide_disjoint,ranking,all,HLA-A*32:01,pearson_log,-0.7057564591257718,3,3,False
allele_embedding,peptide_disjoint,ranking,all,HLA-A*32:01,auc_gt_2h,0.5,3,3,False
allele_embedding,peptide_disjoint,ranking,all,HLA-A*32:07,spearman,0.5,3,3,False
allele_embedding,peptide_disjoint,ranking,all,HLA-A*32:07,pearson_log,0.8795225571458671,3,3,False
allele_embedding,peptide_disjoint,ranking,all,HLA-A*32:07,auc_gt_2h,1.0,3,3,False
allele_embedding,peptide_disjoint,ranking,all,HLA-A*33:03,spearman,,2,2,False
allele_embedding,peptide_disjoint,ranking,all,HLA-A*33:03,pearson_log,,2,2,False
allele_embedding,peptide_disjoint,ranking,all,HLA-A*33:03,auc_gt_2h,1.0,2,2,False
allele_embedding,peptide_disjoint,ranking,all,HLA-A*43:01,spearman,0.4928053803045812,6,6,False
allele_embedding,peptide_disjoint,ranking,all,HLA-A*43:01,pearson_log,0.3434299428843842,6,6,False
allele_embedding,peptide_disjoint,ranking,all,HLA-A*43:01,auc_gt_2h,0.8,6,6,False
allele_embedding,peptide_disjoint,ranking,all,HLA-A*66:01,spearman,,1,1,True
allele_embedding,peptide_disjoint,ranking,all,HLA-A*66:01,pearson_log,,1,1,True
allele_embedding,peptide_disjoint,ranking,all,HLA-A*66:01,auc_gt_2h,,1,1,True
allele_embedding,peptide_disjoint,ranking,all,HLA-A*68:01,spearman,-0.5642880936468347,5,5,False
allele_embedding,peptide_disjoint,ranking,all,HLA-A*68:01,pearson_log,-0.44931381710261475,5,5,False
allele_embedding,peptide_disjoint,ranking,all,HLA-A*68:01,auc_gt_2h,0.0,5,5,False
allele_embedding,peptide_disjoint,ranking,all,HLA-A*68:02,spearman,0.19999999999999998,5,5,False
allele_embedding,peptide_disjoint,ranking,all,HLA-A*68:02,pearson_log,0.7126511631017002,5,5,False
allele_embedding,peptide_disjoint,ranking,all,HLA-A*68:02,auc_gt_2h,,5,5,False
allele_embedding,peptide_disjoint,ranking,all,HLA-A*68:23,spearman,-0.632455532033676,4,4,False
allele_embedding,peptide_disjoint,ranking,all,HLA-A*68:23,pearson_log,-0.34048259940349923,4,4,False
allele_embedding,peptide_disjoint,ranking,all,HLA-A*68:23,auc_gt_2h,,4,4,False
allele_embedding,peptide_disjoint,ranking,all,HLA-A*69:01,spearman,0.20519567041703085,5,5,False
allele_embedding,peptide_disjoint,ranking,all,HLA-A*69:01,pearson_log,0.03362152133989321,5,5,False
allele_embedding,peptide_disjoint,ranking,all,HLA-A*69:01,auc_gt_2h,,5,5,False
allele_embedding,peptide_disjoint,ranking,all,HLA-A*74:01,spearman,,1,1,True
allele_embedding,peptide_disjoint,ranking,all,HLA-A*74:01,pearson_log,,1,1,True
allele_embedding,peptide_disjoint,ranking,all,HLA-A*74:01,auc_gt_2h,,1,1,True
allele_embedding,peptide_disjoint,ranking,all,HLA-A*80:01,spearman,,2,2,False
allele_embedding,peptide_disjoint,ranking,all,HLA-A*80:01,pearson_log,,2,2,False
allele_embedding,peptide_disjoint,ranking,all,HLA-A*80:01,auc_gt_2h,,2,2,False
allele_embedding,peptide_disjoint,ranking,all,HLA-B*07:02,spearman,0.0,5,5,False
allele_embedding,peptide_disjoint,ranking,all,HLA-B*07:02,pearson_log,0.059638531715148546,5,5,False
allele_embedding,peptide_disjoint,ranking,all,HLA-B*07:02,auc_gt_2h,0.6666666666666666,5,5,False
allele_embedding,peptide_disjoint,ranking,all,HLA-B*08:01,spearman,,2,2,False
allele_embedding,peptide_disjoint,ranking,all,HLA-B*08:01,pearson_log,,2,2,False
allele_embedding,peptide_disjoint,ranking,all,HLA-B*08:01,auc_gt_2h,,2,2,False
allele_embedding,peptide_disjoint,ranking,all,HLA-B*08:03,spearman,,2,2,False
allele_embedding,peptide_disjoint,ranking,all,HLA-B*08:03,pearson_log,,2,2,False
allele_embedding,peptide_disjoint,ranking,all,HLA-B*08:03,auc_gt_2h,0.0,2,2,False
allele_embedding,peptide_disjoint,ranking,all,HLA-B*13:02,spearman,,2,2,False
allele_embedding,peptide_disjoint,ranking,all,HLA-B*13:02,pearson_log,,2,2,False
allele_embedding,peptide_disjoint,ranking,all,HLA-B*13:02,auc_gt_2h,0.0,2,2,False
allele_embedding,peptide_disjoint,ranking,all,HLA-B*14:01(C67S),spearman,,1,1,True
allele_embedding,peptide_disjoint,ranking,all,HLA-B*14:01(C67S),pearson_log,,1,1,True
allele_embedding,peptide_disjoint,ranking,all,HLA-B*14:01(C67S),auc_gt_2h,,1,1,True
allele_embedding,peptide_disjoint,ranking,all,HLA-B*14:02(C67S),spearman,,1,1,True
allele_embedding,peptide_disjoint,ranking,all,HLA-B*14:02(C67S),pearson_log,,1,1,True
allele_embedding,peptide_disjoint,ranking,all,HLA-B*14:02(C67S),auc_gt_2h,,1,1,True
allele_embedding,peptide_disjoint,ranking,all,HLA-B*15:01,spearman,0.19999999999999998,4,4,False
allele_embedding,peptide_disjoint,ranking,all,HLA-B*15:01,pearson_log,0.19145416167052987,4,4,False
allele_embedding,peptide_disjoint,ranking,all,HLA-B*15:01,auc_gt_2h,0.3333333333333333,4,4,False
allele_embedding,peptide_disjoint,ranking,all,HLA-B*15:10,spearman,,2,2,False
allele_embedding,peptide_disjoint,ranking,all,HLA-B*15:10,pearson_log,,2,2,False
allele_embedding,peptide_disjoint,ranking,all,HLA-B*15:10,auc_gt_2h,0.0,2,2,False
allele_embedding,peptide_disjoint,ranking,all,HLA-B*18:01,spearman,,2,2,False
allele_embedding,peptide_disjoint,ranking,all,HLA-B*18:01,pearson_log,,2,2,False
allele_embedding,peptide_disjoint,ranking,all,HLA-B*18:01,auc_gt_2h,,2,2,False
allele_embedding,peptide_disjoint,ranking,all,HLA-B*27:02,spearman,1.0,3,3,False
allele_embedding,peptide_disjoint,ranking,all,HLA-B*27:02,pearson_log,0.9830353379143593,3,3,False
allele_embedding,peptide_disjoint,ranking,all,HLA-B*27:02,auc_gt_2h,1.0,3,3,False
allele_embedding,peptide_disjoint,ranking,all,HLA-B*27:03,spearman,1.0,3,3,False
allele_embedding,peptide_disjoint,ranking,all,HLA-B*27:03,pearson_log,0.9062224410294539,3,3,False
allele_embedding,peptide_disjoint,ranking,all,HLA-B*27:03,auc_gt_2h,1.0,3,3,False
allele_embedding,peptide_disjoint,ranking,all,HLA-B*27:05,spearman,,2,2,False
allele_embedding,peptide_disjoint,ranking,all,HLA-B*27:05,pearson_log,,2,2,False
allele_embedding,peptide_disjoint,ranking,all,HLA-B*27:05,auc_gt_2h,,2,2,False
allele_embedding,peptide_disjoint,ranking,all,HLA-B*27:20,spearman,-0.5,3,3,False
allele_embedding,peptide_disjoint,ranking,all,HLA-B*27:20,pearson_log,0.07136043433454095,3,3,False
allele_embedding,peptide_disjoint,ranking,all,HLA-B*27:20,auc_gt_2h,0.0,3,3,False
allele_embedding,peptide_disjoint,ranking,all,HLA-B*35:01,spearman,,2,2,False
allele_embedding,peptide_disjoint,ranking,all,HLA-B*35:01,pearson_log,,2,2,False
allele_embedding,peptide_disjoint,ranking,all,HLA-B*35:01,auc_gt_2h,0.0,2,2,False
allele_embedding,peptide_disjoint,ranking,all,HLA-B*35:03,spearman,,2,2,False
allele_embedding,peptide_disjoint,ranking,all,HLA-B*35:03,pearson_log,,2,2,False
allele_embedding,peptide_disjoint,ranking,all,HLA-B*35:03,auc_gt_2h,1.0,2,2,False
allele_embedding,peptide_disjoint,ranking,all,HLA-B*35:08,spearman,0.0,3,3,False
allele_embedding,peptide_disjoint,ranking,all,HLA-B*35:08,pearson_log,-0.3331827508717712,3,3,False
allele_embedding,peptide_disjoint,ranking,all,HLA-B*35:08,auc_gt_2h,0.5,3,3,False
allele_embedding,peptide_disjoint,ranking,all,HLA-B*39:01,spearman,-0.05129891760425771,5,5,False
allele_embedding,peptide_disjoint,ranking,all,HLA-B*39:01,pearson_log,0.16613758750930888,5,5,False
allele_embedding,peptide_disjoint,ranking,all,HLA-B*39:01,auc_gt_2h,0.75,5,5,False
allele_embedding,peptide_disjoint,ranking,all,HLA-B*39:02,spearman,,1,1,True
allele_embedding,peptide_disjoint,ranking,all,HLA-B*39:02,pearson_log,,1,1,True
allele_embedding,peptide_disjoint,ranking,all,HLA-B*39:02,auc_gt_2h,,1,1,True
allele_embedding,peptide_disjoint,ranking,all,HLA-B*39:06(C67S),spearman,0.8660254037844387,3,3,False
allele_embedding,peptide_disjoint,ranking,all,HLA-B*39:06(C67S),pearson_log,0.9630657441845025,3,3,False
allele_embedding,peptide_disjoint,ranking,all,HLA-B*39:06(C67S),auc_gt_2h,1.0,3,3,False
allele_embedding,peptide_disjoint,ranking,all,HLA-B*39:10,spearman,,1,1,True
allele_embedding,peptide_disjoint,ranking,all,HLA-B*39:10,pearson_log,,1,1,True
allele_embedding,peptide_disjoint,ranking,all,HLA-B*39:10,auc_gt_2h,,1,1,True
allele_embedding,peptide_disjoint,ranking,all,HLA-B*40:01,spearman,,2,2,False
allele_embedding,peptide_disjoint,ranking,all,HLA-B*40:01,pearson_log,,2,2,False
allele_embedding,peptide_disjoint,ranking,all,HLA-B*40:01,auc_gt_2h,,2,2,False
allele_embedding,peptide_disjoint,ranking,all,HLA-B*40:02,spearman,,2,2,False
allele_embedding,peptide_disjoint,ranking,all,HLA-B*40:02,pearson_log,,2,2,False
allele_embedding,peptide_disjoint,ranking,all,HLA-B*40:02,auc_gt_2h,0.0,2,2,False
allele_embedding,peptide_disjoint,ranking,all,HLA-B*41:01,spearman,-0.8660254037844387,3,3,False
allele_embedding,peptide_disjoint,ranking,all,HLA-B*41:01,pearson_log,-0.6925187050389131,3,3,False
allele_embedding,peptide_disjoint,ranking,all,HLA-B*41:01,auc_gt_2h,,3,3,False
allele_embedding,peptide_disjoint,ranking,all,HLA-B*42:01,spearman,,1,1,True
allele_embedding,peptide_disjoint,ranking,all,HLA-B*42:01,pearson_log,,1,1,True
allele_embedding,peptide_disjoint,ranking,all,HLA-B*42:01,auc_gt_2h,,1,1,True
allele_embedding,peptide_disjoint,ranking,all,HLA-B*42:02,spearman,-1.0,3,3,False
allele_embedding,peptide_disjoint,ranking,all,HLA-B*42:02,pearson_log,-0.8251678580886788,3,3,False
allele_embedding,peptide_disjoint,ranking,all,HLA-B*42:02,auc_gt_2h,0.0,3,3,False
allele_embedding,peptide_disjoint,ranking,all,HLA-B*44:05,spearman,,1,1,True
allele_embedding,peptide_disjoint,ranking,all,HLA-B*44:05,pearson_log,,1,1,True
allele_embedding,peptide_disjoint,ranking,all,HLA-B*44:05,auc_gt_2h,,1,1,True
allele_embedding,peptide_disjoint,ranking,all,HLA-B*45:01,spearman,,2,2,False
allele_embedding,peptide_disjoint,ranking,all,HLA-B*45:01,pearson_log,,2,2,False
allele_embedding,peptide_disjoint,ranking,all,HLA-B*45:01,auc_gt_2h,,2,2,False
allele_embedding,peptide_disjoint,ranking,all,HLA-B*51:01,spearman,,1,1,True
allele_embedding,peptide_disjoint,ranking,all,HLA-B*51:01,pearson_log,,1,1,True
allele_embedding,peptide_disjoint,ranking,all,HLA-B*51:01,auc_gt_2h,,1,1,True
allele_embedding,peptide_disjoint,ranking,all,HLA-B*54:01,spearman,0.5217939320872036,6,6,False
allele_embedding,peptide_disjoint,ranking,all,HLA-B*54:01,pearson_log,0.6772498128873976,6,6,False
allele_embedding,peptide_disjoint,ranking,all,HLA-B*54:01,auc_gt_2h,0.8,6,6,False
allele_embedding,peptide_disjoint,ranking,all,HLA-B*55:01,spearman,,1,1,True
allele_embedding,peptide_disjoint,ranking,all,HLA-B*55:01,pearson_log,,1,1,True
allele_embedding,peptide_disjoint,ranking,all,HLA-B*55:01,auc_gt_2h,,1,1,True
allele_embedding,peptide_disjoint,ranking,all,HLA-B*56:01,spearman,-0.8660254037844387,3,3,False
allele_embedding,peptide_disjoint,ranking,all,HLA-B*56:01,pearson_log,-0.9999957164802555,3,3,False
allele_embedding,peptide_disjoint,ranking,all,HLA-B*56:01,auc_gt_2h,,3,3,False
allele_embedding,peptide_disjoint,ranking,all,HLA-B*57:01,spearman,,1,1,True
allele_embedding,peptide_disjoint,ranking,all,HLA-B*57:01,pearson_log,,1,1,True
allele_embedding,peptide_disjoint,ranking,all,HLA-B*57:01,auc_gt_2h,,1,1,True
allele_embedding,peptide_disjoint,ranking,all,HLA-B*57:02,spearman,0.5,3,3,False
allele_embedding,peptide_disjoint,ranking,all,HLA-B*57:02,pearson_log,0.5565380749846285,3,3,False
allele_embedding,peptide_disjoint,ranking,all,HLA-B*57:02,auc_gt_2h,,3,3,False
allele_embedding,peptide_disjoint,ranking,all,HLA-B*57:03,spearman,,2,2,False
allele_embedding,peptide_disjoint,ranking,all,HLA-B*57:03,pearson_log,,2,2,False
allele_embedding,peptide_disjoint,ranking,all,HLA-B*57:03,auc_gt_2h,0.0,2,2,False
allele_embedding,peptide_disjoint,ranking,all,HLA-B*58:01,spearman,0.7999999999999999,5,5,False
allele_embedding,peptide_disjoint,ranking,all,HLA-B*58:01,pearson_log,0.8747877632013068,5,5,False
allele_embedding,peptide_disjoint,ranking,all,HLA-B*58:01,auc_gt_2h,1.0,5,5,False
allele_embedding,peptide_disjoint,ranking,all,HLA-B*81:01,spearman,0.08571428571428573,6,6,False
allele_embedding,peptide_disjoint,ranking,all,HLA-B*81:01,pearson_log,0.5715891154822348,6,6,False
allele_embedding,peptide_disjoint,ranking,all,HLA-B*81:01,auc_gt_2h,,6,6,False
allele_embedding,peptide_disjoint,ranking,nonzero,HLA-A*01:01,spearman,,2,2,False
allele_embedding,peptide_disjoint,ranking,nonzero,HLA-A*01:01,pearson_log,,2,2,False
allele_embedding,peptide_disjoint,ranking,nonzero,HLA-A*01:01,auc_gt_2h,1.0,2,2,False
allele_embedding,peptide_disjoint,ranking,nonzero,HLA-A*02:01,spearman,-0.5,3,3,False
allele_embedding,peptide_disjoint,ranking,nonzero,HLA-A*02:01,pearson_log,-0.6189061179411695,3,3,False
allele_embedding,peptide_disjoint,ranking,nonzero,HLA-A*02:01,auc_gt_2h,,3,3,False
allele_embedding,peptide_disjoint,ranking,nonzero,HLA-A*02:03,spearman,,1,1,True
allele_embedding,peptide_disjoint,ranking,nonzero,HLA-A*02:03,pearson_log,,1,1,True
allele_embedding,peptide_disjoint,ranking,nonzero,HLA-A*02:03,auc_gt_2h,,1,1,True
allele_embedding,peptide_disjoint,ranking,nonzero,HLA-A*02:05,spearman,0.49999999999999994,5,5,False
allele_embedding,peptide_disjoint,ranking,nonzero,HLA-A*02:05,pearson_log,0.5515993272926036,5,5,False
allele_embedding,peptide_disjoint,ranking,nonzero,HLA-A*02:05,auc_gt_2h,1.0,5,5,False
allele_embedding,peptide_disjoint,ranking,nonzero,HLA-A*02:10,spearman,,2,2,False
allele_embedding,peptide_disjoint,ranking,nonzero,HLA-A*02:10,pearson_log,,2,2,False
allele_embedding,peptide_disjoint,ranking,nonzero,HLA-A*02:10,auc_gt_2h,1.0,2,2,False
allele_embedding,peptide_disjoint,ranking,nonzero,HLA-A*02:11,spearman,,2,2,False
allele_embedding,peptide_disjoint,ranking,nonzero,HLA-A*02:11,pearson_log,,2,2,False
allele_embedding,peptide_disjoint,ranking,nonzero,HLA-A*02:11,auc_gt_2h,,2,2,False
allele_embedding,peptide_disjoint,ranking,nonzero,HLA-A*02:12,spearman,0.19999999999999998,4,4,False
allele_embedding,peptide_disjoint,ranking,nonzero,HLA-A*02:12,pearson_log,0.23082188170194134,4,4,False
allele_embedding,peptide_disjoint,ranking,nonzero,HLA-A*02:12,auc_gt_2h,0.5,4,4,False
allele_embedding,peptide_disjoint,ranking,nonzero,HLA-A*02:19,spearman,0.7,5,5,False
allele_embedding,peptide_disjoint,ranking,nonzero,HLA-A*02:19,pearson_log,0.47400632210585,5,5,False
allele_embedding,peptide_disjoint,ranking,nonzero,HLA-A*02:19,auc_gt_2h,0.5,5,5,False
allele_embedding,peptide_disjoint,ranking,nonzero,HLA-A*02:50,spearman,0.7999999999999999,4,4,False
allele_embedding,peptide_disjoint,ranking,nonzero,HLA-A*02:50,pearson_log,0.9035012487895557,4,4,False
allele_embedding,peptide_disjoint,ranking,nonzero,HLA-A*02:50,auc_gt_2h,,4,4,False
allele_embedding,peptide_disjoint,ranking,nonzero,HLA-A*03:01,spearman,-0.3,5,5,False
allele_embedding,peptide_disjoint,ranking,nonzero,HLA-A*03:01,pearson_log,-0.33066519419496576,5,5,False
allele_embedding,peptide_disjoint,ranking,nonzero,HLA-A*03:01,auc_gt_2h,0.0,5,5,False
allele_embedding,peptide_disjoint,ranking,nonzero,HLA-A*11:01,spearman,,1,1,True
allele_embedding,peptide_disjoint,ranking,nonzero,HLA-A*11:01,pearson_log,,1,1,True
allele_embedding,peptide_disjoint,ranking,nonzero,HLA-A*11:01,auc_gt_2h,,1,1,True
allele_embedding,peptide_disjoint,ranking,nonzero,HLA-A*23:01,spearman,,2,2,False
allele_embedding,peptide_disjoint,ranking,nonzero,HLA-A*23:01,pearson_log,,2,2,False
allele_embedding,peptide_disjoint,ranking,nonzero,HLA-A*23:01,auc_gt_2h,1.0,2,2,False
allele_embedding,peptide_disjoint,ranking,nonzero,HLA-A*24:02,spearman,-0.39999999999999997,4,4,False
allele_embedding,peptide_disjoint,ranking,nonzero,HLA-A*24:02,pearson_log,-0.05457006112752477,4,4,False
allele_embedding,peptide_disjoint,ranking,nonzero,HLA-A*24:02,auc_gt_2h,0.5,4,4,False
allele_embedding,peptide_disjoint,ranking,nonzero,HLA-A*24:03,spearman,,2,2,False
allele_embedding,peptide_disjoint,ranking,nonzero,HLA-A*24:03,pearson_log,,2,2,False
allele_embedding,peptide_disjoint,ranking,nonzero,HLA-A*24:03,auc_gt_2h,,2,2,False
allele_embedding,peptide_disjoint,ranking,nonzero,HLA-A*24:07,spearman,,2,2,False
allele_embedding,peptide_disjoint,ranking,nonzero,HLA-A*24:07,pearson_log,,2,2,False
allele_embedding,peptide_disjoint,ranking,nonzero,HLA-A*24:07,auc_gt_2h,1.0,2,2,False
allele_embedding,peptide_disjoint,ranking,nonzero,HLA-A*24:19,spearman,,2,2,False
allele_embedding,peptide_disjoint,ranking,nonzero,HLA-A*24:19,pearson_log,,2,2,False
allele_embedding,peptide_disjoint,ranking,nonzero,HLA-A*24:19,auc_gt_2h,,2,2,False
allele_embedding,peptide_disjoint,ranking,nonzero,HLA-A*26:01,spearman,0.5,3,3,False
allele_embedding,peptide_disjoint,ranking,nonzero,HLA-A*26:01,pearson_log,0.7496254054520777,3,3,False
allele_embedding,peptide_disjoint,ranking,nonzero,HLA-A*26:01,auc_gt_2h,,3,3,False
allele_embedding,peptide_disjoint,ranking,nonzero,HLA-A*26:02,spearman,,2,2,False
allele_embedding,peptide_disjoint,ranking,nonzero,HLA-A*26:02,pearson_log,,2,2,False
allele_embedding,peptide_disjoint,ranking,nonzero,HLA-A*26:02,auc_gt_2h,,2,2,False
allele_embedding,peptide_disjoint,ranking,nonzero,HLA-A*29:02,spearman,0.09999999999999999,5,5,False
allele_embedding,peptide_disjoint,ranking,nonzero,HLA-A*29:02,pearson_log,0.16009049714965806,5,5,False
allele_embedding,peptide_disjoint,ranking,nonzero,HLA-A*29:02,auc_gt_2h,0.5,5,5,False
allele_embedding,peptide_disjoint,ranking,nonzero,HLA-A*30:01,spearman,,2,2,False
allele_embedding,peptide_disjoint,ranking,nonzero,HLA-A*30:01,pearson_log,,2,2,False
allele_embedding,peptide_disjoint,ranking,nonzero,HLA-A*30:01,auc_gt_2h,,2,2,False
allele_embedding,peptide_disjoint,ranking,nonzero,HLA-A*30:02,spearman,,1,1,True
allele_embedding,peptide_disjoint,ranking,nonzero,HLA-A*30:02,pearson_log,,1,1,True
allele_embedding,peptide_disjoint,ranking,nonzero,HLA-A*30:02,auc_gt_2h,,1,1,True
allele_embedding,peptide_disjoint,ranking,nonzero,HLA-A*31:01,spearman,0.0,3,3,False
allele_embedding,peptide_disjoint,ranking,nonzero,HLA-A*31:01,pearson_log,0.41429432749350864,3,3,False
allele_embedding,peptide_disjoint,ranking,nonzero,HLA-A*31:01,auc_gt_2h,,3,3,False
allele_embedding,peptide_disjoint,ranking,nonzero,HLA-A*32:01,spearman,-0.5,3,3,False
allele_embedding,peptide_disjoint,ranking,nonzero,HLA-A*32:01,pearson_log,-0.7057564591257718,3,3,False
allele_embedding,peptide_disjoint,ranking,nonzero,HLA-A*32:01,auc_gt_2h,0.5,3,3,False
allele_embedding,peptide_disjoint,ranking,nonzero,HLA-A*32:07,spearman,,2,2,False
allele_embedding,peptide_disjoint,ranking,nonzero,HLA-A*32:07,pearson_log,,2,2,False
allele_embedding,peptide_disjoint,ranking,nonzero,HLA-A*32:07,auc_gt_2h,1.0,2,2,False
allele_embedding,peptide_disjoint,ranking,nonzero,HLA-A*33:03,spearman,,1,1,True
allele_embedding,peptide_disjoint,ranking,nonzero,HLA-A*33:03,pearson_log,,1,1,True
allele_embedding,peptide_disjoint,ranking,nonzero,HLA-A*33:03,auc_gt_2h,,1,1,True
allele_embedding,peptide_disjoint,ranking,nonzero,HLA-A*43:01,spearman,0.6000000000000001,4,4,False
allele_embedding,peptide_disjoint,ranking,nonzero,HLA-A*43:01,pearson_log,0.5353994678071411,4,4,False
allele_embedding,peptide_disjoint,ranking,nonzero,HLA-A*43:01,auc_gt_2h,0.6666666666666667,4,4,False
allele_embedding,peptide_disjoint,ranking,nonzero,HLA-A*66:01,spearman,,1,1,True
allele_embedding,peptide_disjoint,ranking,nonzero,HLA-A*66:01,pearson_log,,1,1,True
allele_embedding,peptide_disjoint,ranking,nonzero,HLA-A*66:01,auc_gt_2h,,1,1,True
allele_embedding,peptide_disjoint,ranking,nonzero,HLA-A*68:01,spearman,-0.5,3,3,False
allele_embedding,peptide_disjoint,ranking,nonzero,HLA-A*68:01,pearson_log,-0.7341088717219325,3,3,False
allele_embedding,peptide_disjoint,ranking,nonzero,HLA-A*68:01,auc_gt_2h,0.0,3,3,False
allele_embedding,peptide_disjoint,ranking,nonzero,HLA-A*68:02,spearman,0.19999999999999998,5,5,False
allele_embedding,peptide_disjoint,ranking,nonzero,HLA-A*68:02,pearson_log,0.7126511631017002,5,5,False
allele_embedding,peptide_disjoint,ranking,nonzero,HLA-A*68:02,auc_gt_2h,,5,5,False
allele_embedding,peptide_disjoint,ranking,nonzero,HLA-A*68:23,spearman,-0.632455532033676,4,4,False
allele_embedding,peptide_disjoint,ranking,nonzero,HLA-A*68:23,pearson_log,-0.34048259940349923,4,4,False
allele_embedding,peptide_disjoint,ranking,nonzero,HLA-A*68:23,auc_gt_2h,,4,4,False
allele_embedding,peptide_disjoint,ranking,nonzero,HLA-A*69:01,spearman,0.632455532033676,4,4,False
allele_embedding,peptide_disjoint,ranking,nonzero,HLA-A*69:01,pearson_log,0.7733303919477073,4,4,False
allele_embedding,peptide_disjoint,ranking,nonzero,HLA-A*69:01,auc_gt_2h,,4,4,False
allele_embedding,peptide_disjoint,ranking,nonzero,HLA-A*80:01,spearman,,2,2,False
allele_embedding,peptide_disjoint,ranking,nonzero,HLA-A*80:01,pearson_log,,2,2,False
allele_embedding,peptide_disjoint,ranking,nonzero,HLA-A*80:01,auc_gt_2h,,2,2,False
allele_embedding,peptide_disjoint,ranking,nonzero,HLA-B*07:02,spearman,0.0,5,5,False
allele_embedding,peptide_disjoint,ranking,nonzero,HLA-B*07:02,pearson_log,0.059638531715148546,5,5,False
allele_embedding,peptide_disjoint,ranking,nonzero,HLA-B*07:02,auc_gt_2h,0.6666666666666666,5,5,False
allele_embedding,peptide_disjoint,ranking,nonzero,HLA-B*08:01,spearman,,2,2,False
allele_embedding,peptide_disjoint,ranking,nonzero,HLA-B*08:01,pearson_log,,2,2,False
allele_embedding,peptide_disjoint,ranking,nonzero,HLA-B*08:01,auc_gt_2h,,2,2,False
allele_embedding,peptide_disjoint,ranking,nonzero,HLA-B*08:03,spearman,,2,2,False
allele_embedding,peptide_disjoint,ranking,nonzero,HLA-B*08:03,pearson_log,,2,2,False
allele_embedding,peptide_disjoint,ranking,nonzero,HLA-B*08:03,auc_gt_2h,0.0,2,2,False
allele_embedding,peptide_disjoint,ranking,nonzero,HLA-B*13:02,spearman,,1,1,True
allele_embedding,peptide_disjoint,ranking,nonzero,HLA-B*13:02,pearson_log,,1,1,True
allele_embedding,peptide_disjoint,ranking,nonzero,HLA-B*13:02,auc_gt_2h,,1,1,True
allele_embedding,peptide_disjoint,ranking,nonzero,HLA-B*15:01,spearman,0.19999999999999998,4,4,False
allele_embedding,peptide_disjoint,ranking,nonzero,HLA-B*15:01,pearson_log,0.19145416167052987,4,4,False
allele_embedding,peptide_disjoint,ranking,nonzero,HLA-B*15:01,auc_gt_2h,0.3333333333333333,4,4,False
allele_embedding,peptide_disjoint,ranking,nonzero,HLA-B*15:10,spearman,,2,2,False
allele_embedding,peptide_disjoint,ranking,nonzero,HLA-B*15:10,pearson_log,,2,2,False
allele_embedding,peptide_disjoint,ranking,nonzero,HLA-B*15:10,auc_gt_2h,0.0,2,2,False
allele_embedding,peptide_disjoint,ranking,nonzero,HLA-B*18:01,spearman,,2,2,False
allele_embedding,peptide_disjoint,ranking,nonzero,HLA-B*18:01,pearson_log,,2,2,False
allele_embedding,peptide_disjoint,ranking,nonzero,HLA-B*18:01,auc_gt_2h,,2,2,False
allele_embedding,peptide_disjoint,ranking,nonzero,HLA-B*27:02,spearman,1.0,3,3,False
allele_embedding,peptide_disjoint,ranking,nonzero,HLA-B*27:02,pearson_log,0.9830353379143593,3,3,False
allele_embedding,peptide_disjoint,ranking,nonzero,HLA-B*27:02,auc_gt_2h,1.0,3,3,False
allele_embedding,peptide_disjoint,ranking,nonzero,HLA-B*27:03,spearman,,2,2,False
allele_embedding,peptide_disjoint,ranking,nonzero,HLA-B*27:03,pearson_log,,2,2,False
allele_embedding,peptide_disjoint,ranking,nonzero,HLA-B*27:03,auc_gt_2h,,2,2,False
allele_embedding,peptide_disjoint,ranking,nonzero,HLA-B*27:05,spearman,,1,1,True
allele_embedding,peptide_disjoint,ranking,nonzero,HLA-B*27:05,pearson_log,,1,1,True
allele_embedding,peptide_disjoint,ranking,nonzero,HLA-B*27:05,auc_gt_2h,,1,1,True
allele_embedding,peptide_disjoint,ranking,nonzero,HLA-B*27:20,spearman,-0.5,3,3,False
allele_embedding,peptide_disjoint,ranking,nonzero,HLA-B*27:20,pearson_log,0.07136043433454095,3,3,False
allele_embedding,peptide_disjoint,ranking,nonzero,HLA-B*27:20,auc_gt_2h,0.0,3,3,False
allele_embedding,peptide_disjoint,ranking,nonzero,HLA-B*35:01,spearman,,1,1,True
allele_embedding,peptide_disjoint,ranking,nonzero,HLA-B*35:01,pearson_log,,1,1,True
allele_embedding,peptide_disjoint,ranking,nonzero,HLA-B*35:01,auc_gt_2h,,1,1,True
allele_embedding,peptide_disjoint,ranking,nonzero,HLA-B*35:03,spearman,,2,2,False
allele_embedding,peptide_disjoint,ranking,nonzero,HLA-B*35:03,pearson_log,,2,2,False
allele_embedding,peptide_disjoint,ranking,nonzero,HLA-B*35:03,auc_gt_2h,1.0,2,2,False
allele_embedding,peptide_disjoint,ranking,nonzero,HLA-B*35:08,spearman,0.0,3,3,False
allele_embedding,peptide_disjoint,ranking,nonzero,HLA-B*35:08,pearson_log,-0.3331827508717712,3,3,False
allele_embedding,peptide_disjoint,ranking,nonzero,HLA-B*35:08,auc_gt_2h,0.5,3,3,False
allele_embedding,peptide_disjoint,ranking,nonzero,HLA-B*39:01,spearman,0.9486832980505139,4,4,False
allele_embedding,peptide_disjoint,ranking,nonzero,HLA-B*39:01,pearson_log,0.8556446693527812,4,4,False
allele_embedding,peptide_disjoint,ranking,nonzero,HLA-B*39:01,auc_gt_2h,1.0,4,4,False
allele_embedding,peptide_disjoint,ranking,nonzero,HLA-B*39:02,spearman,,1,1,True
allele_embedding,peptide_disjoint,ranking,nonzero,HLA-B*39:02,pearson_log,,1,1,True
allele_embedding,peptide_disjoint,ranking,nonzero,HLA-B*39:02,auc_gt_2h,,1,1,True
allele_embedding,peptide_disjoint,ranking,nonzero,HLA-B*39:06(C67S),spearman,,1,1,True
allele_embedding,peptide_disjoint,ranking,nonzero,HLA-B*39:06(C67S),pearson_log,,1,1,True
allele_embedding,peptide_disjoint,ranking,nonzero,HLA-B*39:06(C67S),auc_gt_2h,,1,1,True
allele_embedding,peptide_disjoint,ranking,nonzero,HLA-B*39:10,spearman,,1,1,True
allele_embedding,peptide_disjoint,ranking,nonzero,HLA-B*39:10,pearson_log,,1,1,True
allele_embedding,peptide_disjoint,ranking,nonzero,HLA-B*39:10,auc_gt_2h,,1,1,True
allele_embedding,peptide_disjoint,ranking,nonzero,HLA-B*40:01,spearman,,2,2,False
allele_embedding,peptide_disjoint,ranking,nonzero,HLA-B*40:01,pearson_log,,2,2,False
allele_embedding,peptide_disjoint,ranking,nonzero,HLA-B*40:01,auc_gt_2h,,2,2,False
allele_embedding,peptide_disjoint,ranking,nonzero,HLA-B*40:02,spearman,,2,2,False
allele_embedding,peptide_disjoint,ranking,nonzero,HLA-B*40:02,pearson_log,,2,2,False
allele_embedding,peptide_disjoint,ranking,nonzero,HLA-B*40:02,auc_gt_2h,0.0,2,2,False
allele_embedding,peptide_disjoint,ranking,nonzero,HLA-B*41:01,spearman,,2,2,False
allele_embedding,peptide_disjoint,ranking,nonzero,HLA-B*41:01,pearson_log,,2,2,False
allele_embedding,peptide_disjoint,ranking,nonzero,HLA-B*41:01,auc_gt_2h,,2,2,False
allele_embedding,peptide_disjoint,ranking,nonzero,HLA-B*42:01,spearman,,1,1,True
allele_embedding,peptide_disjoint,ranking,nonzero,HLA-B*42:01,pearson_log,,1,1,True
allele_embedding,peptide_disjoint,ranking,nonzero,HLA-B*42:01,auc_gt_2h,,1,1,True
allele_embedding,peptide_disjoint,ranking,nonzero,HLA-B*42:02,spearman,-1.0,3,3,False
allele_embedding,peptide_disjoint,ranking,nonzero,HLA-B*42:02,pearson_log,-0.8251678580886788,3,3,False
allele_embedding,peptide_disjoint,ranking,nonzero,HLA-B*42:02,auc_gt_2h,0.0,3,3,False
allele_embedding,peptide_disjoint,ranking,nonzero,HLA-B*44:05,spearman,,1,1,True
allele_embedding,peptide_disjoint,ranking,nonzero,HLA-B*44:05,pearson_log,,1,1,True
allele_embedding,peptide_disjoint,ranking,nonzero,HLA-B*44:05,auc_gt_2h,,1,1,True
allele_embedding,peptide_disjoint,ranking,nonzero,HLA-B*51:01,spearman,,1,1,True
allele_embedding,peptide_disjoint,ranking,nonzero,HLA-B*51:01,pearson_log,,1,1,True
allele_embedding,peptide_disjoint,ranking,nonzero,HLA-B*51:01,auc_gt_2h,,1,1,True
allele_embedding,peptide_disjoint,ranking,nonzero,HLA-B*54:01,spearman,0.39999999999999997,4,4,False
allele_embedding,peptide_disjoint,ranking,nonzero,HLA-B*54:01,pearson_log,0.5579846132934375,4,4,False
allele_embedding,peptide_disjoint,ranking,nonzero,HLA-B*54:01,auc_gt_2h,0.6666666666666667,4,4,False
allele_embedding,peptide_disjoint,ranking,nonzero,HLA-B*56:01,spearman,,2,2,False
allele_embedding,peptide_disjoint,ranking,nonzero,HLA-B*56:01,pearson_log,,2,2,False
allele_embedding,peptide_disjoint,ranking,nonzero,HLA-B*56:01,auc_gt_2h,,2,2,False
allele_embedding,peptide_disjoint,ranking,nonzero,HLA-B*57:01,spearman,,1,1,True
allele_embedding,peptide_disjoint,ranking,nonzero,HLA-B*57:01,pearson_log,,1,1,True
allele_embedding,peptide_disjoint,ranking,nonzero,HLA-B*57:01,auc_gt_2h,,1,1,True
allele_embedding,peptide_disjoint,ranking,nonzero,HLA-B*57:02,spearman,0.5,3,3,False
allele_embedding,peptide_disjoint,ranking,nonzero,HLA-B*57:02,pearson_log,0.5565380749846285,3,3,False
allele_embedding,peptide_disjoint,ranking,nonzero,HLA-B*57:02,auc_gt_2h,,3,3,False
allele_embedding,peptide_disjoint,ranking,nonzero,HLA-B*57:03,spearman,,2,2,False
allele_embedding,peptide_disjoint,ranking,nonzero,HLA-B*57:03,pearson_log,,2,2,False
allele_embedding,peptide_disjoint,ranking,nonzero,HLA-B*57:03,auc_gt_2h,0.0,2,2,False
allele_embedding,peptide_disjoint,ranking,nonzero,HLA-B*58:01,spearman,0.7999999999999999,5,5,False
allele_embedding,peptide_disjoint,ranking,nonzero,HLA-B*58:01,pearson_log,0.8747877632013068,5,5,False
allele_embedding,peptide_disjoint,ranking,nonzero,HLA-B*58:01,auc_gt_2h,1.0,5,5,False
allele_embedding,peptide_disjoint,ranking,nonzero,HLA-B*81:01,spearman,-0.6,5,5,False
allele_embedding,peptide_disjoint,ranking,nonzero,HLA-B*81:01,pearson_log,-0.5077185269531995,5,5,False
allele_embedding,peptide_disjoint,ranking,nonzero,HLA-B*81:01,auc_gt_2h,,5,5,False
allele_embedding,random,censored_hinge,all,HLA-A*01:01,spearman,1.0,3,3,False
allele_embedding,random,censored_hinge,all,HLA-A*01:01,pearson_log,0.9879682582027443,3,3,False
allele_embedding,random,censored_hinge,all,HLA-A*01:01,auc_gt_2h,,3,3,False
allele_embedding,random,censored_hinge,all,HLA-A*02:01,spearman,-0.5,3,3,False
allele_embedding,random,censored_hinge,all,HLA-A*02:01,pearson_log,-0.5859683409199891,3,3,False
allele_embedding,random,censored_hinge,all,HLA-A*02:01,auc_gt_2h,,3,3,False
allele_embedding,random,censored_hinge,all,HLA-A*02:03,spearman,0.5,3,3,False
allele_embedding,random,censored_hinge,all,HLA-A*02:03,pearson_log,0.5166566041140679,3,3,False
allele_embedding,random,censored_hinge,all,HLA-A*02:03,auc_gt_2h,1.0,3,3,False
allele_embedding,random,censored_hinge,all,HLA-A*02:05,spearman,1.0,3,3,False
allele_embedding,random,censored_hinge,all,HLA-A*02:05,pearson_log,0.9779577901289422,3,3,False
allele_embedding,random,censored_hinge,all,HLA-A*02:05,auc_gt_2h,,3,3,False
allele_embedding,random,censored_hinge,all,HLA-A*02:10,spearman,1.0,3,3,False
allele_embedding,random,censored_hinge,all,HLA-A*02:10,pearson_log,0.9240547559555488,3,3,False
allele_embedding,random,censored_hinge,all,HLA-A*02:10,auc_gt_2h,1.0,3,3,False
allele_embedding,random,censored_hinge,all,HLA-A*02:11,spearman,-1.0,3,3,False
allele_embedding,random,censored_hinge,all,HLA-A*02:11,pearson_log,-0.8550850677897683,3,3,False
allele_embedding,random,censored_hinge,all,HLA-A*02:11,auc_gt_2h,,3,3,False
allele_embedding,random,censored_hinge,all,HLA-A*02:12,spearman,0.5,3,3,False
allele_embedding,random,censored_hinge,all,HLA-A*02:12,pearson_log,-0.23170441112555779,3,3,False
allele_embedding,random,censored_hinge,all,HLA-A*02:12,auc_gt_2h,,3,3,False
allele_embedding,random,censored_hinge,all,HLA-A*02:16,spearman,0.5,3,3,False
allele_embedding,random,censored_hinge,all,HLA-A*02:16,pearson_log,0.7150648109485922,3,3,False
allele_embedding,random,censored_hinge,all,HLA-A*02:16,auc_gt_2h,0.5,3,3,False
allele_embedding,random,censored_hinge,all,HLA-A*02:19,spearman,-0.5,3,3,False
allele_embedding,random,censored_hinge,all,HLA-A*02:19,pearson_log,-0.4379274724484099,3,3,False
allele_embedding,random,censored_hinge,all,HLA-A*02:19,auc_gt_2h,,3,3,False
allele_embedding,random,censored_hinge,all,HLA-A*02:50,spearman,-1.0,3,3,False
allele_embedding,random,censored_hinge,all,HLA-A*02:50,pearson_log,-0.9958736499882836,3,3,False
allele_embedding,random,censored_hinge,all,HLA-A*02:50,auc_gt_2h,,3,3,False
allele_embedding,random,censored_hinge,all,HLA-A*03:01,spearman,-1.0,3,3,False
allele_embedding,random,censored_hinge,all,HLA-A*03:01,pearson_log,-0.8933728532065611,3,3,False
allele_embedding,random,censored_hinge,all,HLA-A*03:01,auc_gt_2h,0.0,3,3,False
allele_embedding,random,censored_hinge,all,HLA-A*11:01,spearman,1.0,3,3,False
allele_embedding,random,censored_hinge,all,HLA-A*11:01,pearson_log,0.9856357401234599,3,3,False
allele_embedding,random,censored_hinge,all,HLA-A*11:01,auc_gt_2h,1.0,3,3,False
allele_embedding,random,censored_hinge,all,HLA-A*23:01,spearman,1.0,3,3,False
allele_embedding,random,censored_hinge,all,HLA-A*23:01,pearson_log,0.9795535474158319,3,3,False
allele_embedding,random,censored_hinge,all,HLA-A*23:01,auc_gt_2h,1.0,3,3,False
allele_embedding,random,censored_hinge,all,HLA-A*24:02,spearman,0.5,3,3,False
allele_embedding,random,censored_hinge,all,HLA-A*24:02,pearson_log,0.9139047731373602,3,3,False
allele_embedding,random,censored_hinge,all,HLA-A*24:02,auc_gt_2h,1.0,3,3,False
allele_embedding,random,censored_hinge,all,HLA-A*24:03,spearman,0.5,3,3,False
allele_embedding,random,censored_hinge,all,HLA-A*24:03,pearson_log,0.489554388856442,3,3,False
allele_embedding,random,censored_hinge,all,HLA-A*24:03,auc_gt_2h,0.5,3,3,False
allele_embedding,random,censored_hinge,all,HLA-A*24:07,spearman,0.5,3,3,False
allele_embedding,random,censored_hinge,all,HLA-A*24:07,pearson_log,0.06827039745478267,3,3,False
allele_embedding,random,censored_hinge,all,HLA-A*24:07,auc_gt_2h,,3,3,False
allele_embedding,random,censored_hinge,all,HLA-A*24:19,spearman,0.5,3,3,False
allele_embedding,random,censored_hinge,all,HLA-A*24:19,pearson_log,0.8442268044063683,3,3,False
allele_embedding,random,censored_hinge,all,HLA-A*24:19,auc_gt_2h,,3,3,False
allele_embedding,random,censored_hinge,all,HLA-A*25:01,spearman,-0.8660254037844387,3,3,False
allele_embedding,random,censored_hinge,all,HLA-A*25:01,pearson_log,-0.7326453522717837,3,3,False
allele_embedding,random,censored_hinge,all,HLA-A*25:01,auc_gt_2h,,3,3,False
allele_embedding,random,censored_hinge,all,HLA-A*26:01,spearman,0.5,3,3,False
allele_embedding,random,censored_hinge,all,HLA-A*26:01,pearson_log,0.7267414151696915,3,3,False
allele_embedding,random,censored_hinge,all,HLA-A*26:01,auc_gt_2h,,3,3,False
allele_embedding,random,censored_hinge,all,HLA-A*26:02,spearman,1.0,3,3,False
allele_embedding,random,censored_hinge,all,HLA-A*26:02,pearson_log,0.8210420057919761,3,3,False
allele_embedding,random,censored_hinge,all,HLA-A*26:02,auc_gt_2h,1.0,3,3,False
allele_embedding,random,censored_hinge,all,HLA-A*26:03,spearman,-0.8660254037844387,3,3,False
allele_embedding,random,censored_hinge,all,HLA-A*26:03,pearson_log,-0.8595118590357785,3,3,False
allele_embedding,random,censored_hinge,all,HLA-A*26:03,auc_gt_2h,,3,3,False
allele_embedding,random,censored_hinge,all,HLA-A*29:02,spearman,0.5,3,3,False
allele_embedding,random,censored_hinge,all,HLA-A*29:02,pearson_log,0.7847729580575685,3,3,False
allele_embedding,random,censored_hinge,all,HLA-A*29:02,auc_gt_2h,1.0,3,3,False
allele_embedding,random,censored_hinge,all,HLA-A*30:01,spearman,-0.5,3,3,False
allele_embedding,random,censored_hinge,all,HLA-A*30:01,pearson_log,-0.03268583479738979,3,3,False
allele_embedding,random,censored_hinge,all,HLA-A*30:01,auc_gt_2h,0.5,3,3,False
allele_embedding,random,censored_hinge,all,HLA-A*30:02,spearman,-1.0,3,3,False
allele_embedding,random,censored_hinge,all,HLA-A*30:02,pearson_log,-0.9463915884152263,3,3,False
allele_embedding,random,censored_hinge,all,HLA-A*30:02,auc_gt_2h,0.0,3,3,False
allele_embedding,random,censored_hinge,all,HLA-A*31:01,spearman,0.5,3,3,False
allele_embedding,random,censored_hinge,all,HLA-A*31:01,pearson_log,0.27503795765975936,3,3,False
allele_embedding,random,censored_hinge,all,HLA-A*31:01,auc_gt_2h,1.0,3,3,False
allele_embedding,random,censored_hinge,all,HLA-A*32:01,spearman,0.5,3,3,False
allele_embedding,random,censored_hinge,all,HLA-A*32:01,pearson_log,-0.3214079875143238,3,3,False
allele_embedding,random,censored_hinge,all,HLA-A*32:01,auc_gt_2h,0.5,3,3,False
allele_embedding,random,censored_hinge,all,HLA-A*32:07,spearman,0.5,3,3,False
allele_embedding,random,censored_hinge,all,HLA-A*32:07,pearson_log,0.48995250525252043,3,3,False
allele_embedding,random,censored_hinge,all,HLA-A*32:07,auc_gt_2h,0.5,3,3,False
allele_embedding,random,censored_hinge,all,HLA-A*33:03,spearman,0.5,3,3,False
allele_embedding,random,censored_hinge,all,HLA-A*33:03,pearson_log,0.7058365414807626,3,3,False
allele_embedding,random,censored_hinge,all,HLA-A*33:03,auc_gt_2h,1.0,3,3,False
allele_embedding,random,censored_hinge,all,HLA-A*43:01,spearman,0.5,3,3,False
allele_embedding,random,censored_hinge,all,HLA-A*43:01,pearson_log,0.6279563696390739,3,3,False
allele_embedding,random,censored_hinge,all,HLA-A*43:01,auc_gt_2h,0.5,3,3,False
allele_embedding,random,censored_hinge,all,HLA-A*66:01,spearman,-0.5,3,3,False
allele_embedding,random,censored_hinge,all,HLA-A*66:01,pearson_log,-0.31304980605755084,3,3,False
allele_embedding,random,censored_hinge,all,HLA-A*66:01,auc_gt_2h,,3,3,False
allele_embedding,random,censored_hinge,all,HLA-A*68:01,spearman,-1.0,3,3,False
allele_embedding,random,censored_hinge,all,HLA-A*68:01,pearson_log,-0.8839345507121485,3,3,False
allele_embedding,random,censored_hinge,all,HLA-A*68:01,auc_gt_2h,0.0,3,3,False
allele_embedding,random,censored_hinge,all,HLA-A*68:02,spearman,-0.5,3,3,False
allele_embedding,random,censored_hinge,all,HLA-A*68:02,pearson_log,-0.45738561551392976,3,3,False
allele_embedding,random,censored_hinge,all,HLA-A*68:02,auc_gt_2h,0.0,3,3,False
allele_embedding,random,censored_hinge,all,HLA-A*68:23,spearman,,2,2,False
allele_embedding,random,censored_hinge,all,HLA-A*68:23,pearson_log,,2,2,False
allele_embedding,random,censored_hinge,all,HLA-A*68:23,auc_gt_2h,,2,2,False
allele_embedding,random,censored_hinge,all,HLA-A*69:01,spearman,0.5,3,3,False
allele_embedding,random,censored_hinge,all,HLA-A*69:01,pearson_log,0.8982525895179363,3,3,False
allele_embedding,random,censored_hinge,all,HLA-A*69:01,auc_gt_2h,,3,3,False
allele_embedding,random,censored_hinge,all,HLA-A*74:01,spearman,,2,2,False
allele_embedding,random,censored_hinge,all,HLA-A*74:01,pearson_log,,2,2,False
allele_embedding,random,censored_hinge,all,HLA-A*74:01,auc_gt_2h,,2,2,False
allele_embedding,random,censored_hinge,all,HLA-A*80:01,spearman,0.5,3,3,False
allele_embedding,random,censored_hinge,all,HLA-A*80:01,pearson_log,0.6727910079283411,3,3,False
allele_embedding,random,censored_hinge,all,HLA-A*80:01,auc_gt_2h,0.5,3,3,False
allele_embedding,random,censored_hinge,all,HLA-B*07:02,spearman,,2,2,False
allele_embedding,random,censored_hinge,all,HLA-B*07:02,pearson_log,,2,2,False
allele_embedding,random,censored_hinge,all,HLA-B*07:02,auc_gt_2h,,2,2,False
allele_embedding,random,censored_hinge,all,HLA-B*08:01,spearman,0.0,3,3,False
allele_embedding,random,censored_hinge,all,HLA-B*08:01,pearson_log,0.26198065451507957,3,3,False
allele_embedding,random,censored_hinge,all,HLA-B*08:01,auc_gt_2h,,3,3,False
allele_embedding,random,censored_hinge,all,HLA-B*08:03,spearman,,2,2,False
allele_embedding,random,censored_hinge,all,HLA-B*08:03,pearson_log,,2,2,False
allele_embedding,random,censored_hinge,all,HLA-B*08:03,auc_gt_2h,,2,2,False
allele_embedding,random,censored_hinge,all,HLA-B*13:02,spearman,,1,1,True
allele_embedding,random,censored_hinge,all,HLA-B*13:02,pearson_log,,1,1,True
allele_embedding,random,censored_hinge,all,HLA-B*13:02,auc_gt_2h,,1,1,True
allele_embedding,random,censored_hinge,all,HLA-B*14:01(C67S),spearman,,2,2,False
allele_embedding,random,censored_hinge,all,HLA-B*14:01(C67S),pearson_log,,2,2,False
allele_embedding,random,censored_hinge,all,HLA-B*14:01(C67S),auc_gt_2h,,2,2,False
allele_embedding,random,censored_hinge,all,HLA-B*14:02(C67S),spearman,,2,2,False
allele_embedding,random,censored_hinge,all,HLA-B*14:02(C67S),pearson_log,,2,2,False
allele_embedding,random,censored_hinge,all,HLA-B*14:02(C67S),auc_gt_2h,1.0,2,2,False
allele_embedding,random,censored_hinge,all,HLA-B*15:01,spearman,0.5,3,3,False
allele_embedding,random,censored_hinge,all,HLA-B*15:01,pearson_log,0.3264927346936425,3,3,False
allele_embedding,random,censored_hinge,all,HLA-B*15:01,auc_gt_2h,1.0,3,3,False
allele_embedding,random,censored_hinge,all,HLA-B*15:02,spearman,-0.5,3,3,False
allele_embedding,random,censored_hinge,all,HLA-B*15:02,pearson_log,-0.9786622319513519,3,3,False
allele_embedding,random,censored_hinge,all,HLA-B*15:02,auc_gt_2h,0.5,3,3,False
allele_embedding,random,censored_hinge,all,HLA-B*15:10,spearman,,2,2,False
allele_embedding,random,censored_hinge,all,HLA-B*15:10,pearson_log,,2,2,False
allele_embedding,random,censored_hinge,all,HLA-B*15:10,auc_gt_2h,1.0,2,2,False
allele_embedding,random,censored_hinge,all,HLA-B*15:17,spearman,,2,2,False
allele_embedding,random,censored_hinge,all,HLA-B*15:17,pearson_log,,2,2,False
allele_embedding,random,censored_hinge,all,HLA-B*15:17,auc_gt_2h,0.0,2,2,False
allele_embedding,random,censored_hinge,all,HLA-B*18:01,spearman,,2,2,False
allele_embedding,random,censored_hinge,all,HLA-B*18:01,pearson_log,,2,2,False
allele_embedding,random,censored_hinge,all,HLA-B*18:01,auc_gt_2h,0.0,2,2,False
allele_embedding,random,censored_hinge,all,HLA-B*27:02,spearman,,2,2,False
allele_embedding,random,censored_hinge,all,HLA-B*27:02,pearson_log,,2,2,False
allele_embedding,random,censored_hinge,all,HLA-B*27:02,auc_gt_2h,,2,2,False
allele_embedding,random,censored_hinge,all,HLA-B*27:03,spearman,,2,2,False
allele_embedding,random,censored_hinge,all,HLA-B*27:03,pearson_log,,2,2,False
allele_embedding,random,censored_hinge,all,HLA-B*27:03,auc_gt_2h,,2,2,False
allele_embedding,random,censored_hinge,all,HLA-B*27:05,spearman,0.5,3,3,False
allele_embedding,random,censored_hinge,all,HLA-B*27:05,pearson_log,0.5516167735889203,3,3,False
allele_embedding,random,censored_hinge,all,HLA-B*27:05,auc_gt_2h,0.5,3,3,False
allele_embedding,random,censored_hinge,all,HLA-B*27:20,spearman,,2,2,False
allele_embedding,random,censored_hinge,all,HLA-B*27:20,pearson_log,,2,2,False
allele_embedding,random,censored_hinge,all,HLA-B*27:20,auc_gt_2h,,2,2,False
allele_embedding,random,censored_hinge,all,HLA-B*35:01,spearman,,2,2,False
allele_embedding,random,censored_hinge,all,HLA-B*35:01,pearson_log,,2,2,False
allele_embedding,random,censored_hinge,all,HLA-B*35:01,auc_gt_2h,0.0,2,2,False
allele_embedding,random,censored_hinge,all,HLA-B*35:03,spearman,,2,2,False
allele_embedding,random,censored_hinge,all,HLA-B*35:03,pearson_log,,2,2,False
allele_embedding,random,censored_hinge,all,HLA-B*35:03,auc_gt_2h,0.0,2,2,False
allele_embedding,random,censored_hinge,all,HLA-B*35:08,spearman,-0.5,3,3,False
allele_embedding,random,censored_hinge,all,HLA-B*35:08,pearson_log,-0.7015046930285844,3,3,False
allele_embedding,random,censored_hinge,all,HLA-B*35:08,auc_gt_2h,0.5,3,3,False
allele_embedding,random,censored_hinge,all,HLA-B*39:01,spearman,,2,2,False
allele_embedding,random,censored_hinge,all,HLA-B*39:01,pearson_log,,2,2,False
allele_embedding,random,censored_hinge,all,HLA-B*39:01,auc_gt_2h,,2,2,False
allele_embedding,random,censored_hinge,all,HLA-B*39:02,spearman,0.0,3,3,False
allele_embedding,random,censored_hinge,all,HLA-B*39:02,pearson_log,0.2529595475894714,3,3,False
allele_embedding,random,censored_hinge,all,HLA-B*39:02,auc_gt_2h,,3,3,False
allele_embedding,random,censored_hinge,all,HLA-B*39:06(C67S),spearman,,3,3,False
allele_embedding,random,censored_hinge,all,HLA-B*39:06(C67S),pearson_log,,3,3,False
allele_embedding,random,censored_hinge,all,HLA-B*39:06(C67S),auc_gt_2h,,3,3,False
allele_embedding,random,censored_hinge,all,HLA-B*39:10,spearman,,2,2,False
allele_embedding,random,censored_hinge,all,HLA-B*39:10,pearson_log,,2,2,False
allele_embedding,random,censored_hinge,all,HLA-B*39:10,auc_gt_2h,1.0,2,2,False
allele_embedding,random,censored_hinge,all,HLA-B*40:01,spearman,-0.5,3,3,False
allele_embedding,random,censored_hinge,all,HLA-B*40:01,pearson_log,-0.1500529939509251,3,3,False
allele_embedding,random,censored_hinge,all,HLA-B*40:01,auc_gt_2h,,3,3,False
allele_embedding,random,censored_hinge,all,HLA-B*40:02,spearman,0.5,3,3,False
allele_embedding,random,censored_hinge,all,HLA-B*40:02,pearson_log,0.9000541911837601,3,3,False
allele_embedding,random,censored_hinge,all,HLA-B*40:02,auc_gt_2h,1.0,3,3,False
allele_embedding,random,censored_hinge,all,HLA-B*41:01,spearman,-0.5,3,3,False
allele_embedding,random,censored_hinge,all,HLA-B*41:01,pearson_log,-0.9132238185175499,3,3,False
allele_embedding,random,censored_hinge,all,HLA-B*41:01,auc_gt_2h,,3,3,False
allele_embedding,random,censored_hinge,all,HLA-B*42:01,spearman,,2,2,False
allele_embedding,random,censored_hinge,all,HLA-B*42:01,pearson_log,,2,2,False
allele_embedding,random,censored_hinge,all,HLA-B*42:01,auc_gt_2h,,2,2,False
allele_embedding,random,censored_hinge,all,HLA-B*42:02,spearman,-0.5,3,3,False
allele_embedding,random,censored_hinge,all,HLA-B*42:02,pearson_log,-0.7012910558482905,3,3,False
allele_embedding,random,censored_hinge,all,HLA-B*42:02,auc_gt_2h,0.0,3,3,False
allele_embedding,random,censored_hinge,all,HLA-B*44:05,spearman,,2,2,False
allele_embedding,random,censored_hinge,all,HLA-B*44:05,pearson_log,,2,2,False
allele_embedding,random,censored_hinge,all,HLA-B*44:05,auc_gt_2h,,2,2,False
allele_embedding,random,censored_hinge,all,HLA-B*45:01,spearman,0.8660254037844387,3,3,False
allele_embedding,random,censored_hinge,all,HLA-B*45:01,pearson_log,0.7222901364573648,3,3,False
allele_embedding,random,censored_hinge,all,HLA-B*45:01,auc_gt_2h,,3,3,False
allele_embedding,random,censored_hinge,all,HLA-B*46:01,spearman,-0.8660254037844387,3,3,False
allele_embedding,random,censored_hinge,all,HLA-B*46:01,pearson_log,-0.9987408024810254,3,3,False
allele_embedding,random,censored_hinge,all,HLA-B*46:01,auc_gt_2h,,3,3,False
allele_embedding,random,censored_hinge,all,HLA-B*51:01,spearman,0.0,3,3,False
allele_embedding,random,censored_hinge,all,HLA-B*51:01,pearson_log,-0.380163505936561,3,3,False
allele_embedding,random,censored_hinge,all,HLA-B*51:01,auc_gt_2h,0.5,3,3,False
allele_embedding,random,censored_hinge,all,HLA-B*54:01,spearman,1.0,3,3,False
allele_embedding,random,censored_hinge,all,HLA-B*54:01,pearson_log,0.9695955297985543,3,3,False
allele_embedding,random,censored_hinge,all,HLA-B*54:01,auc_gt_2h,1.0,3,3,False
allele_embedding,random,censored_hinge,all,HLA-B*55:01,spearman,,2,2,False
allele_embedding,random,censored_hinge,all,HLA-B*55:01,pearson_log,,2,2,False
allele_embedding,random,censored_hinge,all,HLA-B*55:01,auc_gt_2h,,2,2,False
allele_embedding,random,censored_hinge,all,HLA-B*56:01,spearman,-0.5,3,3,False
allele_embedding,random,censored_hinge,all,HLA-B*56:01,pearson_log,-0.6425188149895573,3,3,False
allele_embedding,random,censored_hinge,all,HLA-B*56:01,auc_gt_2h,,3,3,False
allele_embedding,random,censored_hinge,all,HLA-B*57:01,spearman,,2,2,False
allele_embedding,random,censored_hinge,all,HLA-B*57:01,pearson_log,,2,2,False
allele_embedding,random,censored_hinge,all,HLA-B*57:01,auc_gt_2h,,2,2,False
allele_embedding,random,censored_hinge,all,HLA-B*57:02,spearman,,2,2,False
allele_embedding,random,censored_hinge,all,HLA-B*57:02,pearson_log,,2,2,False
allele_embedding,random,censored_hinge,all,HLA-B*57:02,auc_gt_2h,,2,2,False
allele_embedding,random,censored_hinge,all,HLA-B*57:03,spearman,,2,2,False
allele_embedding,random,censored_hinge,all,HLA-B*57:03,pearson_log,,2,2,False
allele_embedding,random,censored_hinge,all,HLA-B*57:03,auc_gt_2h,,2,2,False
allele_embedding,random,censored_hinge,all,HLA-B*58:01,spearman,-1.0,3,3,False
allele_embedding,random,censored_hinge,all,HLA-B*58:01,pearson_log,-0.9460722749154272,3,3,False
allele_embedding,random,censored_hinge,all,HLA-B*58:01,auc_gt_2h,0.0,3,3,False
allele_embedding,random,censored_hinge,all,HLA-B*81:01,spearman,,2,2,False
allele_embedding,random,censored_hinge,all,HLA-B*81:01,pearson_log,,2,2,False
allele_embedding,random,censored_hinge,all,HLA-B*81:01,auc_gt_2h,,2,2,False
allele_embedding,random,censored_hinge,nonzero,HLA-A*01:01,spearman,,2,2,False
allele_embedding,random,censored_hinge,nonzero,HLA-A*01:01,pearson_log,,2,2,False
allele_embedding,random,censored_hinge,nonzero,HLA-A*01:01,auc_gt_2h,,2,2,False
allele_embedding,random,censored_hinge,nonzero,HLA-A*02:01,spearman,-0.5,3,3,False
allele_embedding,random,censored_hinge,nonzero,HLA-A*02:01,pearson_log,-0.5859683409199891,3,3,False
allele_embedding,random,censored_hinge,nonzero,HLA-A*02:01,auc_gt_2h,,3,3,False
allele_embedding,random,censored_hinge,nonzero,HLA-A*02:03,spearman,,2,2,False
allele_embedding,random,censored_hinge,nonzero,HLA-A*02:03,pearson_log,,2,2,False
allele_embedding,random,censored_hinge,nonzero,HLA-A*02:03,auc_gt_2h,1.0,2,2,False
allele_embedding,random,censored_hinge,nonzero,HLA-A*02:05,spearman,1.0,3,3,False
allele_embedding,random,censored_hinge,nonzero,HLA-A*02:05,pearson_log,0.9779577901289422,3,3,False
allele_embedding,random,censored_hinge,nonzero,HLA-A*02:05,auc_gt_2h,,3,3,False
allele_embedding,random,censored_hinge,nonzero,HLA-A*02:10,spearman,1.0,3,3,False
allele_embedding,random,censored_hinge,nonzero,HLA-A*02:10,pearson_log,0.9240547559555488,3,3,False
allele_embedding,random,censored_hinge,nonzero,HLA-A*02:10,auc_gt_2h,1.0,3,3,False
allele_embedding,random,censored_hinge,nonzero,HLA-A*02:11,spearman,-1.0,3,3,False
allele_embedding,random,censored_hinge,nonzero,HLA-A*02:11,pearson_log,-0.8550850677897683,3,3,False
allele_embedding,random,censored_hinge,nonzero,HLA-A*02:11,auc_gt_2h,,3,3,False
allele_embedding,random,censored_hinge,nonzero,HLA-A*02:12,spearman,0.5,3,3,False
allele_embedding,random,censored_hinge,nonzero,HLA-A*02:12,pearson_log,-0.23170441112555779,3,3,False
allele_embedding,random,censored_hinge,nonzero,HLA-A*02:12,auc_gt_2h,,3,3,False
allele_embedding,random,censored_hinge,nonzero,HLA-A*02:16,spearman,0.5,3,3,False
allele_embedding,random,censored_hinge,nonzero,HLA-A*02:16,pearson_log,0.7150648109485922,3,3,False
allele_embedding,random,censored_hinge,nonzero,HLA-A*02:16,auc_gt_2h,0.5,3,3,False
allele_embedding,random,censored_hinge,nonzero,HLA-A*02:19,spearman,-0.5,3,3,False
allele_embedding,random,censored_hinge,nonzero,HLA-A*02:19,pearson_log,-0.4379274724484099,3,3,False
allele_embedding,random,censored_hinge,nonzero,HLA-A*02:19,auc_gt_2h,,3,3,False
allele_embedding,random,censored_hinge,nonzero,HLA-A*02:50,spearman,-1.0,3,3,False
allele_embedding,random,censored_hinge,nonzero,HLA-A*02:50,pearson_log,-0.9958736499882836,3,3,False
allele_embedding,random,censored_hinge,nonzero,HLA-A*02:50,auc_gt_2h,,3,3,False
allele_embedding,random,censored_hinge,nonzero,HLA-A*03:01,spearman,,2,2,False
allele_embedding,random,censored_hinge,nonzero,HLA-A*03:01,pearson_log,,2,2,False
allele_embedding,random,censored_hinge,nonzero,HLA-A*03:01,auc_gt_2h,0.0,2,2,False
allele_embedding,random,censored_hinge,nonzero,HLA-A*11:01,spearman,1.0,3,3,False
allele_embedding,random,censored_hinge,nonzero,HLA-A*11:01,pearson_log,0.9856357401234599,3,3,False
allele_embedding,random,censored_hinge,nonzero,HLA-A*11:01,auc_gt_2h,1.0,3,3,False
allele_embedding,random,censored_hinge,nonzero,HLA-A*23:01,spearman,1.0,3,3,False
allele_embedding,random,censored_hinge,nonzero,HLA-A*23:01,pearson_log,0.9795535474158319,3,3,False
allele_embedding,random,censored_hinge,nonzero,HLA-A*23:01,auc_gt_2h,1.0,3,3,False
allele_embedding,random,censored_hinge,nonzero,HLA-A*24:02,spearman,0.5,3,3,False
allele_embedding,random,censored_hinge,nonzero,HLA-A*24:02,pearson_log,0.9139047731373602,3,3,False
allele_embedding,random,censored_hinge,nonzero,HLA-A*24:02,auc_gt_2h,1.0,3,3,False
allele_embedding,random,censored_hinge,nonzero,HLA-A*24:03,spearman,0.5,3,3,False
allele_embedding,random,censored_hinge,nonzero,HLA-A*24:03,pearson_log,0.489554388856442,3,3,False
allele_embedding,random,censored_hinge,nonzero,HLA-A*24:03,auc_gt_2h,0.5,3,3,False
allele_embedding,random,censored_hinge,nonzero,HLA-A*24:07,spearman,0.5,3,3,False
allele_embedding,random,censored_hinge,nonzero,HLA-A*24:07,pearson_log,0.06827039745478267,3,3,False
allele_embedding,random,censored_hinge,nonzero,HLA-A*24:07,auc_gt_2h,,3,3,False
allele_embedding,random,censored_hinge,nonzero,HLA-A*24:19,spearman,,2,2,False
allele_embedding,random,censored_hinge,nonzero,HLA-A*24:19,pearson_log,,2,2,False
allele_embedding,random,censored_hinge,nonzero,HLA-A*24:19,auc_gt_2h,,2,2,False
allele_embedding,random,censored_hinge,nonzero,HLA-A*25:01,spearman,,1,1,True
allele_embedding,random,censored_hinge,nonzero,HLA-A*25:01,pearson_log,,1,1,True
allele_embedding,random,censored_hinge,nonzero,HLA-A*25:01,auc_gt_2h,,1,1,True
allele_embedding,random,censored_hinge,nonzero,HLA-A*26:01,spearman,0.5,3,3,False
allele_embedding,random,censored_hinge,nonzero,HLA-A*26:01,pearson_log,0.7267414151696915,3,3,False
allele_embedding,random,censored_hinge,nonzero,HLA-A*26:01,auc_gt_2h,,3,3,False
allele_embedding,random,censored_hinge,nonzero,HLA-A*26:02,spearman,1.0,3,3,False
allele_embedding,random,censored_hinge,nonzero,HLA-A*26:02,pearson_log,0.8210420057919761,3,3,False
allele_embedding,random,censored_hinge,nonzero,HLA-A*26:02,auc_gt_2h,1.0,3,3,False
allele_embedding,random,censored_hinge,nonzero,HLA-A*26:03,spearman,,1,1,True
allele_embedding,random,censored_hinge,nonzero,HLA-A*26:03,pearson_log,,1,1,True
allele_embedding,random,censored_hinge,nonzero,HLA-A*26:03,auc_gt_2h,,1,1,True
allele_embedding,random,censored_hinge,nonzero,HLA-A*29:02,spearman,0.5,3,3,False
allele_embedding,random,censored_hinge,nonzero,HLA-A*29:02,pearson_log,0.7847729580575685,3,3,False
allele_embedding,random,censored_hinge,nonzero,HLA-A*29:02,auc_gt_2h,1.0,3,3,False
allele_embedding,random,censored_hinge,nonzero,HLA-A*30:01,spearman,,2,2,False
allele_embedding,random,censored_hinge,nonzero,HLA-A*30:01,pearson_log,,2,2,False
allele_embedding,random,censored_hinge,nonzero,HLA-A*30:01,auc_gt_2h,1.0,2,2,False
allele_embedding,random,censored_hinge,nonzero,HLA-A*30:02,spearman,,2,2,False
allele_embedding,random,censored_hinge,nonzero,HLA-A*30:02,pearson_log,,2,2,False
allele_embedding,random,censored_hinge,nonzero,HLA-A*30:02,auc_gt_2h,0.0,2,2,False
allele_embedding,random,censored_hinge,nonzero,HLA-A*31:01,spearman,0.5,3,3,False
allele_embedding,random,censored_hinge,nonzero,HLA-A*31:01,pearson_log,0.27503795765975936,3,3,False
allele_embedding,random,censored_hinge,nonzero,HLA-A*31:01,auc_gt_2h,1.0,3,3,False
allele_embedding,random,censored_hinge,nonzero,HLA-A*32:01,spearman,,2,2,False
allele_embedding,random,censored_hinge,nonzero,HLA-A*32:01,pearson_log,,2,2,False
allele_embedding,random,censored_hinge,nonzero,HLA-A*32:01,auc_gt_2h,,2,2,False
allele_embedding,random,censored_hinge,nonzero,HLA-A*32:07,spearman,0.5,3,3,False
allele_embedding,random,censored_hinge,nonzero,HLA-A*32:07,pearson_log,0.48995250525252043,3,3,False
allele_embedding,random,censored_hinge,nonzero,HLA-A*32:07,auc_gt_2h,0.5,3,3,False
allele_embedding,random,censored_hinge,nonzero,HLA-A*33:03,spearman,,2,2,False
allele_embedding,random,censored_hinge,nonzero,HLA-A*33:03,pearson_log,,2,2,False
allele_embedding,random,censored_hinge,nonzero,HLA-A*33:03,auc_gt_2h,1.0,2,2,False
allele_embedding,random,censored_hinge,nonzero,HLA-A*43:01,spearman,,2,2,False
allele_embedding,random,censored_hinge,nonzero,HLA-A*43:01,pearson_log,,2,2,False
allele_embedding,random,censored_hinge,nonzero,HLA-A*43:01,auc_gt_2h,0.0,2,2,False
allele_embedding,random,censored_hinge,nonzero,HLA-A*66:01,spearman,,2,2,False
allele_embedding,random,censored_hinge,nonzero,HLA-A*66:01,pearson_log,,2,2,False
allele_embedding,random,censored_hinge,nonzero,HLA-A*66:01,auc_gt_2h,,2,2,False
allele_embedding,random,censored_hinge,nonzero,HLA-A*68:01,spearman,,2,2,False
allele_embedding,random,censored_hinge,nonzero,HLA-A*68:01,pearson_log,,2,2,False
allele_embedding,random,censored_hinge,nonzero,HLA-A*68:01,auc_gt_2h,,2,2,False
allele_embedding,random,censored_hinge,nonzero,HLA-A*68:02,spearman,-0.5,3,3,False
allele_embedding,random,censored_hinge,nonzero,HLA-A*68:02,pearson_log,-0.45738561551392976,3,3,False
allele_embedding,random,censored_hinge,nonzero,HLA-A*68:02,auc_gt_2h,0.0,3,3,False
allele_embedding,random,censored_hinge,nonzero,HLA-A*68:23,spearman,,2,2,False
allele_embedding,random,censored_hinge,nonzero,HLA-A*68:23,pearson_log,,2,2,False
allele_embedding,random,censored_hinge,nonzero,HLA-A*68:23,auc_gt_2h,,2,2,False
allele_embedding,random,censored_hinge,nonzero,HLA-A*69:01,spearman,0.5,3,3,False
allele_embedding,random,censored_hinge,nonzero,HLA-A*69:01,pearson_log,0.8982525895179363,3,3,False
allele_embedding,random,censored_hinge,nonzero,HLA-A*69:01,auc_gt_2h,,3,3,False
allele_embedding,random,censored_hinge,nonzero,HLA-A*74:01,spearman,,2,2,False
allele_embedding,random,censored_hinge,nonzero,HLA-A*74:01,pearson_log,,2,2,False
allele_embedding,random,censored_hinge,nonzero,HLA-A*74:01,auc_gt_2h,,2,2,False
allele_embedding,random,censored_hinge,nonzero,HLA-A*80:01,spearman,,2,2,False
allele_embedding,random,censored_hinge,nonzero,HLA-A*80:01,pearson_log,,2,2,False
allele_embedding,random,censored_hinge,nonzero,HLA-A*80:01,auc_gt_2h,0.0,2,2,False
allele_embedding,random,censored_hinge,nonzero,HLA-B*07:02,spearman,,2,2,False
allele_embedding,random,censored_hinge,nonzero,HLA-B*07:02,pearson_log,,2,2,False
allele_embedding,random,censored_hinge,nonzero,HLA-B*07:02,auc_gt_2h,,2,2,False
allele_embedding,random,censored_hinge,nonzero,HLA-B*08:01,spearman,0.0,3,3,False
allele_embedding,random,censored_hinge,nonzero,HLA-B*08:01,pearson_log,0.26198065451507957,3,3,False
allele_embedding,random,censored_hinge,nonzero,HLA-B*08:01,auc_gt_2h,,3,3,False
allele_embedding,random,censored_hinge,nonzero,HLA-B*08:03,spearman,,1,1,True
allele_embedding,random,censored_hinge,nonzero,HLA-B*08:03,pearson_log,,1,1,True
allele_embedding,random,censored_hinge,nonzero,HLA-B*08:03,auc_gt_2h,,1,1,True
allele_embedding,random,censored_hinge,nonzero,HLA-B*13:02,spearman,,1,1,True
allele_embedding,random,censored_hinge,nonzero,HLA-B*13:02,pearson_log,,1,1,True
allele_embedding,random,censored_hinge,nonzero,HLA-B*13:02,auc_gt_2h,,1,1,True
allele_embedding,random,censored_hinge,nonzero,HLA-B*14:02(C67S),spearman,,1,1,True
allele_embedding,random,censored_hinge,nonzero,HLA-B*14:02(C67S),pearson_log,,1,1,True
allele_embedding,random,censored_hinge,nonzero,HLA-B*14:02(C67S),auc_gt_2h,,1,1,True
allele_embedding,random,censored_hinge,nonzero,HLA-B*15:01,spearman,,2,2,False
allele_embedding,random,censored_hinge,nonzero,HLA-B*15:01,pearson_log,,2,2,False
allele_embedding,random,censored_hinge,nonzero,HLA-B*15:01,auc_gt_2h,1.0,2,2,False
allele_embedding,random,censored_hinge,nonzero,HLA-B*15:02,spearman,,2,2,False
allele_embedding,random,censored_hinge,nonzero,HLA-B*15:02,pearson_log,,2,2,False
allele_embedding,random,censored_hinge,nonzero,HLA-B*15:02,auc_gt_2h,1.0,2,2,False
allele_embedding,random,censored_hinge,nonzero,HLA-B*15:10,spearman,,2,2,False
allele_embedding,random,censored_hinge,nonzero,HLA-B*15:10,pearson_log,,2,2,False
allele_embedding,random,censored_hinge,nonzero,HLA-B*15:10,auc_gt_2h,1.0,2,2,False
allele_embedding,random,censored_hinge,nonzero,HLA-B*15:17,spearman,,1,1,True
allele_embedding,random,censored_hinge,nonzero,HLA-B*15:17,pearson_log,,1,1,True
allele_embedding,random,censored_hinge,nonzero,HLA-B*15:17,auc_gt_2h,,1,1,True
allele_embedding,random,censored_hinge,nonzero,HLA-B*18:01,spearman,,2,2,False
allele_embedding,random,censored_hinge,nonzero,HLA-B*18:01,pearson_log,,2,2,False
allele_embedding,random,censored_hinge,nonzero,HLA-B*18:01,auc_gt_2h,0.0,2,2,False
allele_embedding,random,censored_hinge,nonzero,HLA-B*27:02,spearman,,2,2,False
allele_embedding,random,censored_hinge,nonzero,HLA-B*27:02,pearson_log,,2,2,False
allele_embedding,random,censored_hinge,nonzero,HLA-B*27:02,auc_gt_2h,,2,2,False
allele_embedding,random,censored_hinge,nonzero,HLA-B*27:03,spearman,,2,2,False
allele_embedding,random,censored_hinge,nonzero,HLA-B*27:03,pearson_log,,2,2,False
allele_embedding,random,censored_hinge,nonzero,HLA-B*27:03,auc_gt_2h,,2,2,False
allele_embedding,random,censored_hinge,nonzero,HLA-B*27:05,spearman,0.5,3,3,False
allele_embedding,random,censored_hinge,nonzero,HLA-B*27:05,pearson_log,0.5516167735889203,3,3,False
allele_embedding,random,censored_hinge,nonzero,HLA-B*27:05,auc_gt_2h,0.5,3,3,False
allele_embedding,random,censored_hinge,nonzero,HLA-B*27:20,spearman,,1,1,True
allele_embedding,random,censored_hinge,nonzero,HLA-B*27:20,pearson_log,,1,1,True
allele_embedding,random,censored_hinge,nonzero,HLA-B*27:20,auc_gt_2h,,1,1,True
allele_embedding,random,censored_hinge,nonzero,HLA-B*35:01,spearman,,1,1,True
allele_embedding,random,censored_hinge,nonzero,HLA-B*35:01,pearson_log,,1,1,True
allele_embedding,random,censored_hinge,nonzero,HLA-B*35:01,auc_gt_2h,,1,1,True
allele_embedding,random,censored_hinge,nonzero,HLA-B*35:03,spearman,,2,2,False
allele_embedding,random,censored_hinge,nonzero,HLA-B*35:03,pearson_log,,2,2,False
allele_embedding,random,censored_hinge,nonzero,HLA-B*35:03,auc_gt_2h,0.0,2,2,False
allele_embedding,random,censored_hinge,nonzero,HLA-B*35:08,spearman,-0.5,3,3,False
allele_embedding,random,censored_hinge,nonzero,HLA-B*35:08,pearson_log,-0.7015046930285844,3,3,False
allele_embedding,random,censored_hinge,nonzero,HLA-B*35:08,auc_gt_2h,0.5,3,3,False
allele_embedding,random,censored_hinge,nonzero,HLA-B*39:01,spearman,,2,2,False
allele_embedding,random,censored_hinge,nonzero,HLA-B*39:01,pearson_log,,2,2,False
allele_embedding,random,censored_hinge,nonzero,HLA-B*39:01,auc_gt_2h,,2,2,False
allele_embedding,random,censored_hinge,nonzero,HLA-B*39:02,spearman,,2,2,False
allele_embedding,random,censored_hinge,nonzero,HLA-B*39:02,pearson_log,,2,2,False
allele_embedding,random,censored_hinge,nonzero,HLA-B*39:02,auc_gt_2h,,2,2,False
allele_embedding,random,censored_hinge,nonzero,HLA-B*39:10,spearman,,2,2,False
allele_embedding,random,censored_hinge,nonzero,HLA-B*39:10,pearson_log,,2,2,False
allele_embedding,random,censored_hinge,nonzero,HLA-B*39:10,auc_gt_2h,1.0,2,2,False
allele_embedding,random,censored_hinge,nonzero,HLA-B*40:01,spearman,-0.5,3,3,False
allele_embedding,random,censored_hinge,nonzero,HLA-B*40:01,pearson_log,-0.1500529939509251,3,3,False
allele_embedding,random,censored_hinge,nonzero,HLA-B*40:01,auc_gt_2h,,3,3,False
allele_embedding,random,censored_hinge,nonzero,HLA-B*40:02,spearman,0.5,3,3,False
allele_embedding,random,censored_hinge,nonzero,HLA-B*40:02,pearson_log,0.9000541911837601,3,3,False
allele_embedding,random,censored_hinge,nonzero,HLA-B*40:02,auc_gt_2h,1.0,3,3,False
allele_embedding,random,censored_hinge,nonzero,HLA-B*41:01,spearman,,2,2,False
allele_embedding,random,censored_hinge,nonzero,HLA-B*41:01,pearson_log,,2,2,False
allele_embedding,random,censored_hinge,nonzero,HLA-B*41:01,auc_gt_2h,,2,2,False
allele_embedding,random,censored_hinge,nonzero,HLA-B*42:01,spearman,,2,2,False
allele_embedding,random,censored_hinge,nonzero,HLA-B*42:01,pearson_log,,2,2,False
allele_embedding,random,censored_hinge,nonzero,HLA-B*42:01,auc_gt_2h,,2,2,False
allele_embedding,random,censored_hinge,nonzero,HLA-B*42:02,spearman,-0.5,3,3,False
allele_embedding,random,censored_hinge,nonzero,HLA-B*42:02,pearson_log,-0.7012910558482905,3,3,False
allele_embedding,random,censored_hinge,nonzero,HLA-B*42:02,auc_gt_2h,0.0,3,3,False
allele_embedding,random,censored_hinge,nonzero,HLA-B*44:05,spearman,,2,2,False
allele_embedding,random,censored_hinge,nonzero,HLA-B*44:05,pearson_log,,2,2,False
allele_embedding,random,censored_hinge,nonzero,HLA-B*44:05,auc_gt_2h,,2,2,False
allele_embedding,random,censored_hinge,nonzero,HLA-B*45:01,spearman,,1,1,True
allele_embedding,random,censored_hinge,nonzero,HLA-B*45:01,pearson_log,,1,1,True
allele_embedding,random,censored_hinge,nonzero,HLA-B*45:01,auc_gt_2h,,1,1,True
allele_embedding,random,censored_hinge,nonzero,HLA-B*46:01,spearman,,1,1,True
allele_embedding,random,censored_hinge,nonzero,HLA-B*46:01,pearson_log,,1,1,True
allele_embedding,random,censored_hinge,nonzero,HLA-B*46:01,auc_gt_2h,,1,1,True
allele_embedding,random,censored_hinge,nonzero,HLA-B*51:01,spearman,,1,1,True
allele_embedding,random,censored_hinge,nonzero,HLA-B*51:01,pearson_log,,1,1,True
allele_embedding,random,censored_hinge,nonzero,HLA-B*51:01,auc_gt_2h,,1,1,True
allele_embedding,random,censored_hinge,nonzero,HLA-B*54:01,spearman,,2,2,False
allele_embedding,random,censored_hinge,nonzero,HLA-B*54:01,pearson_log,,2,2,False
allele_embedding,random,censored_hinge,nonzero,HLA-B*54:01,auc_gt_2h,1.0,2,2,False
allele_embedding,random,censored_hinge,nonzero,HLA-B*56:01,spearman,,2,2,False
allele_embedding,random,censored_hinge,nonzero,HLA-B*56:01,pearson_log,,2,2,False
allele_embedding,random,censored_hinge,nonzero,HLA-B*56:01,auc_gt_2h,,2,2,False
allele_embedding,random,censored_hinge,nonzero,HLA-B*57:01,spearman,,2,2,False
allele_embedding,random,censored_hinge,nonzero,HLA-B*57:01,pearson_log,,2,2,False
allele_embedding,random,censored_hinge,nonzero,HLA-B*57:01,auc_gt_2h,,2,2,False
allele_embedding,random,censored_hinge,nonzero,HLA-B*57:02,spearman,,2,2,False
allele_embedding,random,censored_hinge,nonzero,HLA-B*57:02,pearson_log,,2,2,False
allele_embedding,random,censored_hinge,nonzero,HLA-B*57:02,auc_gt_2h,,2,2,False
allele_embedding,random,censored_hinge,nonzero,HLA-B*57:03,spearman,,2,2,False
allele_embedding,random,censored_hinge,nonzero,HLA-B*57:03,pearson_log,,2,2,False
allele_embedding,random,censored_hinge,nonzero,HLA-B*57:03,auc_gt_2h,,2,2,False
allele_embedding,random,censored_hinge,nonzero,HLA-B*58:01,spearman,-1.0,3,3,False
allele_embedding,random,censored_hinge,nonzero,HLA-B*58:01,pearson_log,-0.9460722749154272,3,3,False
allele_embedding,random,censored_hinge,nonzero,HLA-B*58:01,auc_gt_2h,0.0,3,3,False
allele_embedding,random,censored_hinge,nonzero,HLA-B*81:01,spearman,,2,2,False
allele_embedding,random,censored_hinge,nonzero,HLA-B*81:01,pearson_log,,2,2,False
allele_embedding,random,censored_hinge,nonzero,HLA-B*81:01,auc_gt_2h,,2,2,False
allele_embedding,random,mse,all,HLA-A*01:01,spearman,1.0,3,3,False
allele_embedding,random,mse,all,HLA-A*01:01,pearson_log,0.9936447195905869,3,3,False
allele_embedding,random,mse,all,HLA-A*01:01,auc_gt_2h,,3,3,False
allele_embedding,random,mse,all,HLA-A*02:01,spearman,-0.5,3,3,False
allele_embedding,random,mse,all,HLA-A*02:01,pearson_log,-0.5349031782073944,3,3,False
allele_embedding,random,mse,all,HLA-A*02:01,auc_gt_2h,,3,3,False
allele_embedding,random,mse,all,HLA-A*02:03,spearman,-0.5,3,3,False
allele_embedding,random,mse,all,HLA-A*02:03,pearson_log,-0.19128407891997204,3,3,False
allele_embedding,random,mse,all,HLA-A*02:03,auc_gt_2h,0.5,3,3,False
allele_embedding,random,mse,all,HLA-A*02:05,spearman,1.0,3,3,False
allele_embedding,random,mse,all,HLA-A*02:05,pearson_log,0.9999054933639562,3,3,False
allele_embedding,random,mse,all,HLA-A*02:05,auc_gt_2h,,3,3,False
allele_embedding,random,mse,all,HLA-A*02:10,spearman,0.5,3,3,False
allele_embedding,random,mse,all,HLA-A*02:10,pearson_log,0.905053786628447,3,3,False
allele_embedding,random,mse,all,HLA-A*02:10,auc_gt_2h,1.0,3,3,False
allele_embedding,random,mse,all,HLA-A*02:11,spearman,-1.0,3,3,False
allele_embedding,random,mse,all,HLA-A*02:11,pearson_log,-0.886493840342511,3,3,False
allele_embedding,random,mse,all,HLA-A*02:11,auc_gt_2h,,3,3,False
allele_embedding,random,mse,all,HLA-A*02:12,spearman,-0.5,3,3,False
allele_embedding,random,mse,all,HLA-A*02:12,pearson_log,-0.6169463421932966,3,3,False
allele_embedding,random,mse,all,HLA-A*02:12,auc_gt_2h,,3,3,False
allele_embedding,random,mse,all,HLA-A*02:16,spearman,0.5,3,3,False
allele_embedding,random,mse,all,HLA-A*02:16,pearson_log,0.08732447962331955,3,3,False
allele_embedding,random,mse,all,HLA-A*02:16,auc_gt_2h,0.5,3,3,False
allele_embedding,random,mse,all,HLA-A*02:19,spearman,-0.5,3,3,False
allele_embedding,random,mse,all,HLA-A*02:19,pearson_log,-0.24840264483801064,3,3,False
allele_embedding,random,mse,all,HLA-A*02:19,auc_gt_2h,,3,3,False
allele_embedding,random,mse,all,HLA-A*02:50,spearman,-1.0,3,3,False
allele_embedding,random,mse,all,HLA-A*02:50,pearson_log,-0.9816199586803049,3,3,False
allele_embedding,random,mse,all,HLA-A*02:50,auc_gt_2h,,3,3,False
allele_embedding,random,mse,all,HLA-A*03:01,spearman,-1.0,3,3,False
allele_embedding,random,mse,all,HLA-A*03:01,pearson_log,-0.9905793053044123,3,3,False
allele_embedding,random,mse,all,HLA-A*03:01,auc_gt_2h,0.0,3,3,False
allele_embedding,random,mse,all,HLA-A*11:01,spearman,1.0,3,3,False
allele_embedding,random,mse,all,HLA-A*11:01,pearson_log,0.9883927673539696,3,3,False
allele_embedding,random,mse,all,HLA-A*11:01,auc_gt_2h,1.0,3,3,False
allele_embedding,random,mse,all,HLA-A*23:01,spearman,1.0,3,3,False
allele_embedding,random,mse,all,HLA-A*23:01,pearson_log,0.9278090798876526,3,3,False
allele_embedding,random,mse,all,HLA-A*23:01,auc_gt_2h,1.0,3,3,False
allele_embedding,random,mse,all,HLA-A*24:02,spearman,0.5,3,3,False
allele_embedding,random,mse,all,HLA-A*24:02,pearson_log,0.9505293380598033,3,3,False
allele_embedding,random,mse,all,HLA-A*24:02,auc_gt_2h,1.0,3,3,False
allele_embedding,random,mse,all,HLA-A*24:03,spearman,1.0,3,3,False
allele_embedding,random,mse,all,HLA-A*24:03,pearson_log,0.8409181276333859,3,3,False
allele_embedding,random,mse,all,HLA-A*24:03,auc_gt_2h,1.0,3,3,False
allele_embedding,random,mse,all,HLA-A*24:07,spearman,-0.5,3,3,False
allele_embedding,random,mse,all,HLA-A*24:07,pearson_log,-0.8602584810203684,3,3,False
allele_embedding,random,mse,all,HLA-A*24:07,auc_gt_2h,,3,3,False
allele_embedding,random,mse,all,HLA-A*24:19,spearman,0.5,3,3,False
allele_embedding,random,mse,all,HLA-A*24:19,pearson_log,0.8285254992417854,3,3,False
allele_embedding,random,mse,all,HLA-A*24:19,auc_gt_2h,,3,3,False
allele_embedding,random,mse,all,HLA-A*25:01,spearman,-0.8660254037844387,3,3,False
allele_embedding,random,mse,all,HLA-A*25:01,pearson_log,-0.5789191011534552,3,3,False
allele_embedding,random,mse,all,HLA-A*25:01,auc_gt_2h,,3,3,False
allele_embedding,random,mse,all,HLA-A*26:01,spearman,-1.0,3,3,False
allele_embedding,random,mse,all,HLA-A*26:01,pearson_log,-0.8668242914584275,3,3,False
allele_embedding,random,mse,all,HLA-A*26:01,auc_gt_2h,,3,3,False
allele_embedding,random,mse,all,HLA-A*26:02,spearman,-0.5,3,3,False
allele_embedding,random,mse,all,HLA-A*26:02,pearson_log,-0.7122803407755178,3,3,False
allele_embedding,random,mse,all,HLA-A*26:02,auc_gt_2h,0.0,3,3,False
allele_embedding,random,mse,all,HLA-A*26:03,spearman,-0.8660254037844387,3,3,False
allele_embedding,random,mse,all,HLA-A*26:03,pearson_log,-0.8152492556802994,3,3,False
allele_embedding,random,mse,all,HLA-A*26:03,auc_gt_2h,,3,3,False
allele_embedding,random,mse,all,HLA-A*29:02,spearman,0.5,3,3,False
allele_embedding,random,mse,all,HLA-A*29:02,pearson_log,0.7198387920479313,3,3,False
allele_embedding,random,mse,all,HLA-A*29:02,auc_gt_2h,1.0,3,3,False
allele_embedding,random,mse,all,HLA-A*30:01,spearman,-0.5,3,3,False
allele_embedding,random,mse,all,HLA-A*30:01,pearson_log,-0.0013486207821333251,3,3,False
allele_embedding,random,mse,all,HLA-A*30:01,auc_gt_2h,0.5,3,3,False
allele_embedding,random,mse,all,HLA-A*30:02,spearman,-1.0,3,3,False
allele_embedding,random,mse,all,HLA-A*30:02,pearson_log,-0.9393044022763339,3,3,False
allele_embedding,random,mse,all,HLA-A*30:02,auc_gt_2h,0.0,3,3,False
allele_embedding,random,mse,all,HLA-A*31:01,spearman,0.5,3,3,False
allele_embedding,random,mse,all,HLA-A*31:01,pearson_log,0.17883238796055362,3,3,False
allele_embedding,random,mse,all,HLA-A*31:01,auc_gt_2h,1.0,3,3,False
allele_embedding,random,mse,all,HLA-A*32:01,spearman,0.5,3,3,False
allele_embedding,random,mse,all,HLA-A*32:01,pearson_log,-0.3413083264435667,3,3,False
allele_embedding,random,mse,all,HLA-A*32:01,auc_gt_2h,0.5,3,3,False
allele_embedding,random,mse,all,HLA-A*32:07,spearman,0.5,3,3,False
allele_embedding,random,mse,all,HLA-A*32:07,pearson_log,0.19472418883147102,3,3,False
allele_embedding,random,mse,all,HLA-A*32:07,auc_gt_2h,0.5,3,3,False
allele_embedding,random,mse,all,HLA-A*33:03,spearman,0.5,3,3,False
allele_embedding,random,mse,all,HLA-A*33:03,pearson_log,0.8980289189945077,3,3,False
allele_embedding,random,mse,all,HLA-A*33:03,auc_gt_2h,1.0,3,3,False
allele_embedding,random,mse,all,HLA-A*43:01,spearman,0.5,3,3,False
allele_embedding,random,mse,all,HLA-A*43:01,pearson_log,0.19963692601829014,3,3,False
allele_embedding,random,mse,all,HLA-A*43:01,auc_gt_2h,0.5,3,3,False
allele_embedding,random,mse,all,HLA-A*66:01,spearman,0.5,3,3,False
allele_embedding,random,mse,all,HLA-A*66:01,pearson_log,-0.24443073169623167,3,3,False
allele_embedding,random,mse,all,HLA-A*66:01,auc_gt_2h,,3,3,False
allele_embedding,random,mse,all,HLA-A*68:01,spearman,-1.0,3,3,False
allele_embedding,random,mse,all,HLA-A*68:01,pearson_log,-0.9760078174281854,3,3,False
allele_embedding,random,mse,all,HLA-A*68:01,auc_gt_2h,0.0,3,3,False
allele_embedding,random,mse,all,HLA-A*68:02,spearman,-0.5,3,3,False
allele_embedding,random,mse,all,HLA-A*68:02,pearson_log,-0.2507735695390514,3,3,False
allele_embedding,random,mse,all,HLA-A*68:02,auc_gt_2h,0.0,3,3,False
allele_embedding,random,mse,all,HLA-A*68:23,spearman,,2,2,False
allele_embedding,random,mse,all,HLA-A*68:23,pearson_log,,2,2,False
allele_embedding,random,mse,all,HLA-A*68:23,auc_gt_2h,,2,2,False
allele_embedding,random,mse,all,HLA-A*69:01,spearman,0.5,3,3,False
allele_embedding,random,mse,all,HLA-A*69:01,pearson_log,0.43120179798720903,3,3,False
allele_embedding,random,mse,all,HLA-A*69:01,auc_gt_2h,,3,3,False
allele_embedding,random,mse,all,HLA-A*74:01,spearman,,2,2,False
allele_embedding,random,mse,all,HLA-A*74:01,pearson_log,,2,2,False
allele_embedding,random,mse,all,HLA-A*74:01,auc_gt_2h,,2,2,False
allele_embedding,random,mse,all,HLA-A*80:01,spearman,0.5,3,3,False
allele_embedding,random,mse,all,HLA-A*80:01,pearson_log,0.7844560308467846,3,3,False
allele_embedding,random,mse,all,HLA-A*80:01,auc_gt_2h,0.5,3,3,False
allele_embedding,random,mse,all,HLA-B*07:02,spearman,,2,2,False
allele_embedding,random,mse,all,HLA-B*07:02,pearson_log,,2,2,False
allele_embedding,random,mse,all,HLA-B*07:02,auc_gt_2h,,2,2,False
allele_embedding,random,mse,all,HLA-B*08:01,spearman,0.0,3,3,False
allele_embedding,random,mse,all,HLA-B*08:01,pearson_log,0.023688252907659413,3,3,False
allele_embedding,random,mse,all,HLA-B*08:01,auc_gt_2h,,3,3,False
allele_embedding,random,mse,all,HLA-B*08:03,spearman,,2,2,False
allele_embedding,random,mse,all,HLA-B*08:03,pearson_log,,2,2,False
allele_embedding,random,mse,all,HLA-B*08:03,auc_gt_2h,,2,2,False
allele_embedding,random,mse,all,HLA-B*13:02,spearman,,1,1,True
allele_embedding,random,mse,all,HLA-B*13:02,pearson_log,,1,1,True
allele_embedding,random,mse,all,HLA-B*13:02,auc_gt_2h,,1,1,True
allele_embedding,random,mse,all,HLA-B*14:01(C67S),spearman,,2,2,False
allele_embedding,random,mse,all,HLA-B*14:01(C67S),pearson_log,,2,2,False
allele_embedding,random,mse,all,HLA-B*14:01(C67S),auc_gt_2h,,2,2,False
allele_embedding,random,mse,all,HLA-B*14:02(C67S),spearman,,2,2,False
allele_embedding,random,mse,all,HLA-B*14:02(C67S),pearson_log,,2,2,False
allele_embedding,random,mse,all,HLA-B*14:02(C67S),auc_gt_2h,0.0,2,2,False
allele_embedding,random,mse,all,HLA-B*15:01,spearman,0.5,3,3,False
allele_embedding,random,mse,all,HLA-B*15:01,pearson_log,0.21178231818851403,3,3,False
allele_embedding,random,mse,all,HLA-B*15:01,auc_gt_2h,1.0,3,3,False
allele_embedding,random,mse,all,HLA-B*15:02,spearman,-0.5,3,3,False
allele_embedding,random,mse,all,HLA-B*15:02,pearson_log,-0.8314485689508971,3,3,False
allele_embedding,random,mse,all,HLA-B*15:02,auc_gt_2h,0.5,3,3,False
allele_embedding,random,mse,all,HLA-B*15:10,spearman,,2,2,False
allele_embedding,random,mse,all,HLA-B*15:10,pearson_log,,2,2,False
allele_embedding,random,mse,all,HLA-B*15:10,auc_gt_2h,0.0,2,2,False
allele_embedding,random,mse,all,HLA-B*15:17,spearman,,2,2,False
allele_embedding,random,mse,all,HLA-B*15:17,pearson_log,,2,2,False
allele_embedding,random,mse,all,HLA-B*15:17,auc_gt_2h,0.0,2,2,False
allele_embedding,random,mse,all,HLA-B*18:01,spearman,,2,2,False
allele_embedding,random,mse,all,HLA-B*18:01,pearson_log,,2,2,False
allele_embedding,random,mse,all,HLA-B*18:01,auc_gt_2h,0.0,2,2,False
allele_embedding,random,mse,all,HLA-B*27:02,spearman,,2,2,False
allele_embedding,random,mse,all,HLA-B*27:02,pearson_log,,2,2,False
allele_embedding,random,mse,all,HLA-B*27:02,auc_gt_2h,,2,2,False
allele_embedding,random,mse,all,HLA-B*27:03,spearman,,2,2,False
allele_embedding,random,mse,all,HLA-B*27:03,pearson_log,,2,2,False
allele_embedding,random,mse,all,HLA-B*27:03,auc_gt_2h,,2,2,False
allele_embedding,random,mse,all,HLA-B*27:05,spearman,0.5,3,3,False
allele_embedding,random,mse,all,HLA-B*27:05,pearson_log,0.6691050358496046,3,3,False
allele_embedding,random,mse,all,HLA-B*27:05,auc_gt_2h,0.5,3,3,False
allele_embedding,random,mse,all,HLA-B*27:20,spearman,,2,2,False
allele_embedding,random,mse,all,HLA-B*27:20,pearson_log,,2,2,False
allele_embedding,random,mse,all,HLA-B*27:20,auc_gt_2h,,2,2,False
allele_embedding,random,mse,all,HLA-B*35:01,spearman,,2,2,False
allele_embedding,random,mse,all,HLA-B*35:01,pearson_log,,2,2,False
allele_embedding,random,mse,all,HLA-B*35:01,auc_gt_2h,0.0,2,2,False
allele_embedding,random,mse,all,HLA-B*35:03,spearman,,2,2,False
allele_embedding,random,mse,all,HLA-B*35:03,pearson_log,,2,2,False
allele_embedding,random,mse,all,HLA-B*35:03,auc_gt_2h,1.0,2,2,False
allele_embedding,random,mse,all,HLA-B*35:08,spearman,-1.0,3,3,False
allele_embedding,random,mse,all,HLA-B*35:08,pearson_log,-0.8238344364834022,3,3,False
allele_embedding,random,mse,all,HLA-B*35:08,auc_gt_2h,0.0,3,3,False
allele_embedding,random,mse,all,HLA-B*39:01,spearman,,2,2,False
allele_embedding,random,mse,all,HLA-B*39:01,pearson_log,,2,2,False
allele_embedding,random,mse,all,HLA-B*39:01,auc_gt_2h,,2,2,False
allele_embedding,random,mse,all,HLA-B*39:02,spearman,0.8660254037844387,3,3,False
allele_embedding,random,mse,all,HLA-B*39:02,pearson_log,0.7416880536994932,3,3,False
allele_embedding,random,mse,all,HLA-B*39:02,auc_gt_2h,,3,3,False
allele_embedding,random,mse,all,HLA-B*39:06(C67S),spearman,,3,3,False
allele_embedding,random,mse,all,HLA-B*39:06(C67S),pearson_log,,3,3,False
allele_embedding,random,mse,all,HLA-B*39:06(C67S),auc_gt_2h,,3,3,False
allele_embedding,random,mse,all,HLA-B*39:10,spearman,,2,2,False
allele_embedding,random,mse,all,HLA-B*39:10,pearson_log,,2,2,False
allele_embedding,random,mse,all,HLA-B*39:10,auc_gt_2h,1.0,2,2,False
allele_embedding,random,mse,all,HLA-B*40:01,spearman,-0.5,3,3,False
allele_embedding,random,mse,all,HLA-B*40:01,pearson_log,0.17124796126099223,3,3,False
allele_embedding,random,mse,all,HLA-B*40:01,auc_gt_2h,,3,3,False
allele_embedding,random,mse,all,HLA-B*40:02,spearman,1.0,3,3,False
allele_embedding,random,mse,all,HLA-B*40:02,pearson_log,0.956080514517835,3,3,False
allele_embedding,random,mse,all,HLA-B*40:02,auc_gt_2h,1.0,3,3,False
allele_embedding,random,mse,all,HLA-B*41:01,spearman,-0.5,3,3,False
allele_embedding,random,mse,all,HLA-B*41:01,pearson_log,-0.8874081180274328,3,3,False
allele_embedding,random,mse,all,HLA-B*41:01,auc_gt_2h,,3,3,False
allele_embedding,random,mse,all,HLA-B*42:01,spearman,,2,2,False
allele_embedding,random,mse,all,HLA-B*42:01,pearson_log,,2,2,False
allele_embedding,random,mse,all,HLA-B*42:01,auc_gt_2h,,2,2,False
allele_embedding,random,mse,all,HLA-B*42:02,spearman,-0.5,3,3,False
allele_embedding,random,mse,all,HLA-B*42:02,pearson_log,-0.8257889001112199,3,3,False
allele_embedding,random,mse,all,HLA-B*42:02,auc_gt_2h,0.0,3,3,False
allele_embedding,random,mse,all,HLA-B*44:05,spearman,,2,2,False
allele_embedding,random,mse,all,HLA-B*44:05,pearson_log,,2,2,False
allele_embedding,random,mse,all,HLA-B*44:05,auc_gt_2h,,2,2,False
allele_embedding,random,mse,all,HLA-B*45:01,spearman,0.8660254037844387,3,3,False
allele_embedding,random,mse,all,HLA-B*45:01,pearson_log,0.8936920491423916,3,3,False
allele_embedding,random,mse,all,HLA-B*45:01,auc_gt_2h,,3,3,False
allele_embedding,random,mse,all,HLA-B*46:01,spearman,-0.8660254037844387,3,3,False
allele_embedding,random,mse,all,HLA-B*46:01,pearson_log,-0.9795872888985238,3,3,False
allele_embedding,random,mse,all,HLA-B*46:01,auc_gt_2h,,3,3,False
allele_embedding,random,mse,all,HLA-B*51:01,spearman,-0.8660254037844387,3,3,False
allele_embedding,random,mse,all,HLA-B*51:01,pearson_log,-0.5286208070460958,3,3,False
allele_embedding,random,mse,all,HLA-B*51:01,auc_gt_2h,0.0,3,3,False
allele_embedding,random,mse,all,HLA-B*54:01,spearman,1.0,3,3,False
allele_embedding,random,mse,all,HLA-B*54:01,pearson_log,0.9957207106819771,3,3,False
allele_embedding,random,mse,all,HLA-B*54:01,auc_gt_2h,1.0,3,3,False
allele_embedding,random,mse,all,HLA-B*55:01,spearman,,2,2,False
allele_embedding,random,mse,all,HLA-B*55:01,pearson_log,,2,2,False
allele_embedding,random,mse,all,HLA-B*55:01,auc_gt_2h,,2,2,False
allele_embedding,random,mse,all,HLA-B*56:01,spearman,-0.5,3,3,False
allele_embedding,random,mse,all,HLA-B*56:01,pearson_log,-0.33333364206182736,3,3,False
allele_embedding,random,mse,all,HLA-B*56:01,auc_gt_2h,,3,3,False
allele_embedding,random,mse,all,HLA-B*57:01,spearman,,2,2,False
allele_embedding,random,mse,all,HLA-B*57:01,pearson_log,,2,2,False
allele_embedding,random,mse,all,HLA-B*57:01,auc_gt_2h,,2,2,False
allele_embedding,random,mse,all,HLA-B*57:02,spearman,,2,2,False
allele_embedding,random,mse,all,HLA-B*57:02,pearson_log,,2,2,False
allele_embedding,random,mse,all,HLA-B*57:02,auc_gt_2h,,2,2,False
allele_embedding,random,mse,all,HLA-B*57:03,spearman,,2,2,False
allele_embedding,random,mse,all,HLA-B*57:03,pearson_log,,2,2,False
allele_embedding,random,mse,all,HLA-B*57:03,auc_gt_2h,,2,2,False
allele_embedding,random,mse,all,HLA-B*58:01,spearman,-1.0,3,3,False
allele_embedding,random,mse,all,HLA-B*58:01,pearson_log,-0.9724300527915181,3,3,False
allele_embedding,random,mse,all,HLA-B*58:01,auc_gt_2h,0.0,3,3,False
allele_embedding,random,mse,all,HLA-B*81:01,spearman,,2,2,False
allele_embedding,random,mse,all,HLA-B*81:01,pearson_log,,2,2,False
allele_embedding,random,mse,all,HLA-B*81:01,auc_gt_2h,,2,2,False
allele_embedding,random,mse,nonzero,HLA-A*01:01,spearman,,2,2,False
allele_embedding,random,mse,nonzero,HLA-A*01:01,pearson_log,,2,2,False
allele_embedding,random,mse,nonzero,HLA-A*01:01,auc_gt_2h,,2,2,False
allele_embedding,random,mse,nonzero,HLA-A*02:01,spearman,-0.5,3,3,False
allele_embedding,random,mse,nonzero,HLA-A*02:01,pearson_log,-0.5349031782073944,3,3,False
allele_embedding,random,mse,nonzero,HLA-A*02:01,auc_gt_2h,,3,3,False
allele_embedding,random,mse,nonzero,HLA-A*02:03,spearman,,2,2,False
allele_embedding,random,mse,nonzero,HLA-A*02:03,pearson_log,,2,2,False
allele_embedding,random,mse,nonzero,HLA-A*02:03,auc_gt_2h,1.0,2,2,False
allele_embedding,random,mse,nonzero,HLA-A*02:05,spearman,1.0,3,3,False
allele_embedding,random,mse,nonzero,HLA-A*02:05,pearson_log,0.9999054933639562,3,3,False
allele_embedding,random,mse,nonzero,HLA-A*02:05,auc_gt_2h,,3,3,False
allele_embedding,random,mse,nonzero,HLA-A*02:10,spearman,0.5,3,3,False
allele_embedding,random,mse,nonzero,HLA-A*02:10,pearson_log,0.905053786628447,3,3,False
allele_embedding,random,mse,nonzero,HLA-A*02:10,auc_gt_2h,1.0,3,3,False
allele_embedding,random,mse,nonzero,HLA-A*02:11,spearman,-1.0,3,3,False
allele_embedding,random,mse,nonzero,HLA-A*02:11,pearson_log,-0.886493840342511,3,3,False
allele_embedding,random,mse,nonzero,HLA-A*02:11,auc_gt_2h,,3,3,False
allele_embedding,random,mse,nonzero,HLA-A*02:12,spearman,-0.5,3,3,False
allele_embedding,random,mse,nonzero,HLA-A*02:12,pearson_log,-0.6169463421932966,3,3,False
allele_embedding,random,mse,nonzero,HLA-A*02:12,auc_gt_2h,,3,3,False
allele_embedding,random,mse,nonzero,HLA-A*02:16,spearman,0.5,3,3,False
allele_embedding,random,mse,nonzero,HLA-A*02:16,pearson_log,0.08732447962331955,3,3,False
allele_embedding,random,mse,nonzero,HLA-A*02:16,auc_gt_2h,0.5,3,3,False
allele_embedding,random,mse,nonzero,HLA-A*02:19,spearman,-0.5,3,3,False
allele_embedding,random,mse,nonzero,HLA-A*02:19,pearson_log,-0.24840264483801064,3,3,False
allele_embedding,random,mse,nonzero,HLA-A*02:19,auc_gt_2h,,3,3,False
allele_embedding,random,mse,nonzero,HLA-A*02:50,spearman,-1.0,3,3,False
allele_embedding,random,mse,nonzero,HLA-A*02:50,pearson_log,-0.9816199586803049,3,3,False
allele_embedding,random,mse,nonzero,HLA-A*02:50,auc_gt_2h,,3,3,False
allele_embedding,random,mse,nonzero,HLA-A*03:01,spearman,,2,2,False
allele_embedding,random,mse,nonzero,HLA-A*03:01,pearson_log,,2,2,False
allele_embedding,random,mse,nonzero,HLA-A*03:01,auc_gt_2h,0.0,2,2,False
allele_embedding,random,mse,nonzero,HLA-A*11:01,spearman,1.0,3,3,False
allele_embedding,random,mse,nonzero,HLA-A*11:01,pearson_log,0.9883927673539696,3,3,False
allele_embedding,random,mse,nonzero,HLA-A*11:01,auc_gt_2h,1.0,3,3,False
allele_embedding,random,mse,nonzero,HLA-A*23:01,spearman,1.0,3,3,False
allele_embedding,random,mse,nonzero,HLA-A*23:01,pearson_log,0.9278090798876526,3,3,False
allele_embedding,random,mse,nonzero,HLA-A*23:01,auc_gt_2h,1.0,3,3,False
allele_embedding,random,mse,nonzero,HLA-A*24:02,spearman,0.5,3,3,False
allele_embedding,random,mse,nonzero,HLA-A*24:02,pearson_log,0.9505293380598033,3,3,False
allele_embedding,random,mse,nonzero,HLA-A*24:02,auc_gt_2h,1.0,3,3,False
allele_embedding,random,mse,nonzero,HLA-A*24:03,spearman,1.0,3,3,False
allele_embedding,random,mse,nonzero,HLA-A*24:03,pearson_log,0.8409181276333859,3,3,False
allele_embedding,random,mse,nonzero,HLA-A*24:03,auc_gt_2h,1.0,3,3,False
allele_embedding,random,mse,nonzero,HLA-A*24:07,spearman,-0.5,3,3,False
allele_embedding,random,mse,nonzero,HLA-A*24:07,pearson_log,-0.8602584810203684,3,3,False
allele_embedding,random,mse,nonzero,HLA-A*24:07,auc_gt_2h,,3,3,False
allele_embedding,random,mse,nonzero,HLA-A*24:19,spearman,,2,2,False
allele_embedding,random,mse,nonzero,HLA-A*24:19,pearson_log,,2,2,False
allele_embedding,random,mse,nonzero,HLA-A*24:19,auc_gt_2h,,2,2,False
allele_embedding,random,mse,nonzero,HLA-A*25:01,spearman,,1,1,True
allele_embedding,random,mse,nonzero,HLA-A*25:01,pearson_log,,1,1,True
allele_embedding,random,mse,nonzero,HLA-A*25:01,auc_gt_2h,,1,1,True
allele_embedding,random,mse,nonzero,HLA-A*26:01,spearman,-1.0,3,3,False
allele_embedding,random,mse,nonzero,HLA-A*26:01,pearson_log,-0.8668242914584275,3,3,False
allele_embedding,random,mse,nonzero,HLA-A*26:01,auc_gt_2h,,3,3,False
allele_embedding,random,mse,nonzero,HLA-A*26:02,spearman,-0.5,3,3,False
allele_embedding,random,mse,nonzero,HLA-A*26:02,pearson_log,-0.7122803407755178,3,3,False
allele_embedding,random,mse,nonzero,HLA-A*26:02,auc_gt_2h,0.0,3,3,False
allele_embedding,random,mse,nonzero,HLA-A*26:03,spearman,,1,1,True
allele_embedding,random,mse,nonzero,HLA-A*26:03,pearson_log,,1,1,True
allele_embedding,random,mse,nonzero,HLA-A*26:03,auc_gt_2h,,1,1,True
allele_embedding,random,mse,nonzero,HLA-A*29:02,spearman,0.5,3,3,False
allele_embedding,random,mse,nonzero,HLA-A*29:02,pearson_log,0.7198387920479313,3,3,False
allele_embedding,random,mse,nonzero,HLA-A*29:02,auc_gt_2h,1.0,3,3,False
allele_embedding,random,mse,nonzero,HLA-A*30:01,spearman,,2,2,False
allele_embedding,random,mse,nonzero,HLA-A*30:01,pearson_log,,2,2,False
allele_embedding,random,mse,nonzero,HLA-A*30:01,auc_gt_2h,1.0,2,2,False
allele_embedding,random,mse,nonzero,HLA-A*30:02,spearman,,2,2,False
allele_embedding,random,mse,nonzero,HLA-A*30:02,pearson_log,,2,2,False
allele_embedding,random,mse,nonzero,HLA-A*30:02,auc_gt_2h,0.0,2,2,False
allele_embedding,random,mse,nonzero,HLA-A*31:01,spearman,0.5,3,3,False
allele_embedding,random,mse,nonzero,HLA-A*31:01,pearson_log,0.17883238796055362,3,3,False
allele_embedding,random,mse,nonzero,HLA-A*31:01,auc_gt_2h,1.0,3,3,False
allele_embedding,random,mse,nonzero,HLA-A*32:01,spearman,,2,2,False
allele_embedding,random,mse,nonzero,HLA-A*32:01,pearson_log,,2,2,False
allele_embedding,random,mse,nonzero,HLA-A*32:01,auc_gt_2h,,2,2,False
allele_embedding,random,mse,nonzero,HLA-A*32:07,spearman,0.5,3,3,False
allele_embedding,random,mse,nonzero,HLA-A*32:07,pearson_log,0.19472418883147102,3,3,False
allele_embedding,random,mse,nonzero,HLA-A*32:07,auc_gt_2h,0.5,3,3,False
allele_embedding,random,mse,nonzero,HLA-A*33:03,spearman,,2,2,False
allele_embedding,random,mse,nonzero,HLA-A*33:03,pearson_log,,2,2,False
allele_embedding,random,mse,nonzero,HLA-A*33:03,auc_gt_2h,1.0,2,2,False
allele_embedding,random,mse,nonzero,HLA-A*43:01,spearman,,2,2,False
allele_embedding,random,mse,nonzero,HLA-A*43:01,pearson_log,,2,2,False
allele_embedding,random,mse,nonzero,HLA-A*43:01,auc_gt_2h,0.0,2,2,False
allele_embedding,random,mse,nonzero,HLA-A*66:01,spearman,,2,2,False
allele_embedding,random,mse,nonzero,HLA-A*66:01,pearson_log,,2,2,False
allele_embedding,random,mse,nonzero,HLA-A*66:01,auc_gt_2h,,2,2,False
allele_embedding,random,mse,nonzero,HLA-A*68:01,spearman,,2,2,False
allele_embedding,random,mse,nonzero,HLA-A*68:01,pearson_log,,2,2,False
allele_embedding,random,mse,nonzero,HLA-A*68:01,auc_gt_2h,,2,2,False
allele_embedding,random,mse,nonzero,HLA-A*68:02,spearman,-0.5,3,3,False
allele_embedding,random,mse,nonzero,HLA-A*68:02,pearson_log,-0.2507735695390514,3,3,False
allele_embedding,random,mse,nonzero,HLA-A*68:02,auc_gt_2h,0.0,3,3,False
allele_embedding,random,mse,nonzero,HLA-A*68:23,spearman,,2,2,False
allele_embedding,random,mse,nonzero,HLA-A*68:23,pearson_log,,2,2,False
allele_embedding,random,mse,nonzero,HLA-A*68:23,auc_gt_2h,,2,2,False
allele_embedding,random,mse,nonzero,HLA-A*69:01,spearman,0.5,3,3,False
allele_embedding,random,mse,nonzero,HLA-A*69:01,pearson_log,0.43120179798720903,3,3,False
allele_embedding,random,mse,nonzero,HLA-A*69:01,auc_gt_2h,,3,3,False
allele_embedding,random,mse,nonzero,HLA-A*74:01,spearman,,2,2,False
allele_embedding,random,mse,nonzero,HLA-A*74:01,pearson_log,,2,2,False
allele_embedding,random,mse,nonzero,HLA-A*74:01,auc_gt_2h,,2,2,False
allele_embedding,random,mse,nonzero,HLA-A*80:01,spearman,,2,2,False
allele_embedding,random,mse,nonzero,HLA-A*80:01,pearson_log,,2,2,False
allele_embedding,random,mse,nonzero,HLA-A*80:01,auc_gt_2h,0.0,2,2,False
allele_embedding,random,mse,nonzero,HLA-B*07:02,spearman,,2,2,False
allele_embedding,random,mse,nonzero,HLA-B*07:02,pearson_log,,2,2,False
allele_embedding,random,mse,nonzero,HLA-B*07:02,auc_gt_2h,,2,2,False
allele_embedding,random,mse,nonzero,HLA-B*08:01,spearman,0.0,3,3,False
allele_embedding,random,mse,nonzero,HLA-B*08:01,pearson_log,0.023688252907659413,3,3,False
allele_embedding,random,mse,nonzero,HLA-B*08:01,auc_gt_2h,,3,3,False
allele_embedding,random,mse,nonzero,HLA-B*08:03,spearman,,1,1,True
allele_embedding,random,mse,nonzero,HLA-B*08:03,pearson_log,,1,1,True
allele_embedding,random,mse,nonzero,HLA-B*08:03,auc_gt_2h,,1,1,True
allele_embedding,random,mse,nonzero,HLA-B*13:02,spearman,,1,1,True
allele_embedding,random,mse,nonzero,HLA-B*13:02,pearson_log,,1,1,True
allele_embedding,random,mse,nonzero,HLA-B*13:02,auc_gt_2h,,1,1,True
allele_embedding,random,mse,nonzero,HLA-B*14:02(C67S),spearman,,1,1,True
allele_embedding,random,mse,nonzero,HLA-B*14:02(C67S),pearson_log,,1,1,True
allele_embedding,random,mse,nonzero,HLA-B*14:02(C67S),auc_gt_2h,,1,1,True
allele_embedding,random,mse,nonzero,HLA-B*15:01,spearman,,2,2,False
allele_embedding,random,mse,nonzero,HLA-B*15:01,pearson_log,,2,2,False
allele_embedding,random,mse,nonzero,HLA-B*15:01,auc_gt_2h,1.0,2,2,False
allele_embedding,random,mse,nonzero,HLA-B*15:02,spearman,,2,2,False
allele_embedding,random,mse,nonzero,HLA-B*15:02,pearson_log,,2,2,False
allele_embedding,random,mse,nonzero,HLA-B*15:02,auc_gt_2h,1.0,2,2,False
allele_embedding,random,mse,nonzero,HLA-B*15:10,spearman,,2,2,False
allele_embedding,random,mse,nonzero,HLA-B*15:10,pearson_log,,2,2,False
allele_embedding,random,mse,nonzero,HLA-B*15:10,auc_gt_2h,0.0,2,2,False
allele_embedding,random,mse,nonzero,HLA-B*15:17,spearman,,1,1,True
allele_embedding,random,mse,nonzero,HLA-B*15:17,pearson_log,,1,1,True
allele_embedding,random,mse,nonzero,HLA-B*15:17,auc_gt_2h,,1,1,True
allele_embedding,random,mse,nonzero,HLA-B*18:01,spearman,,2,2,False
allele_embedding,random,mse,nonzero,HLA-B*18:01,pearson_log,,2,2,False
allele_embedding,random,mse,nonzero,HLA-B*18:01,auc_gt_2h,0.0,2,2,False
allele_embedding,random,mse,nonzero,HLA-B*27:02,spearman,,2,2,False
allele_embedding,random,mse,nonzero,HLA-B*27:02,pearson_log,,2,2,False
allele_embedding,random,mse,nonzero,HLA-B*27:02,auc_gt_2h,,2,2,False
allele_embedding,random,mse,nonzero,HLA-B*27:03,spearman,,2,2,False
allele_embedding,random,mse,nonzero,HLA-B*27:03,pearson_log,,2,2,False
allele_embedding,random,mse,nonzero,HLA-B*27:03,auc_gt_2h,,2,2,False
allele_embedding,random,mse,nonzero,HLA-B*27:05,spearman,0.5,3,3,False
allele_embedding,random,mse,nonzero,HLA-B*27:05,pearson_log,0.6691050358496046,3,3,False
allele_embedding,random,mse,nonzero,HLA-B*27:05,auc_gt_2h,0.5,3,3,False
allele_embedding,random,mse,nonzero,HLA-B*27:20,spearman,,1,1,True
allele_embedding,random,mse,nonzero,HLA-B*27:20,pearson_log,,1,1,True
allele_embedding,random,mse,nonzero,HLA-B*27:20,auc_gt_2h,,1,1,True
allele_embedding,random,mse,nonzero,HLA-B*35:01,spearman,,1,1,True
allele_embedding,random,mse,nonzero,HLA-B*35:01,pearson_log,,1,1,True
allele_embedding,random,mse,nonzero,HLA-B*35:01,auc_gt_2h,,1,1,True
allele_embedding,random,mse,nonzero,HLA-B*35:03,spearman,,2,2,False
allele_embedding,random,mse,nonzero,HLA-B*35:03,pearson_log,,2,2,False
allele_embedding,random,mse,nonzero,HLA-B*35:03,auc_gt_2h,1.0,2,2,False
allele_embedding,random,mse,nonzero,HLA-B*35:08,spearman,-1.0,3,3,False
allele_embedding,random,mse,nonzero,HLA-B*35:08,pearson_log,-0.8238344364834022,3,3,False
allele_embedding,random,mse,nonzero,HLA-B*35:08,auc_gt_2h,0.0,3,3,False
allele_embedding,random,mse,nonzero,HLA-B*39:01,spearman,,2,2,False
allele_embedding,random,mse,nonzero,HLA-B*39:01,pearson_log,,2,2,False
allele_embedding,random,mse,nonzero,HLA-B*39:01,auc_gt_2h,,2,2,False
allele_embedding,random,mse,nonzero,HLA-B*39:02,spearman,,2,2,False
allele_embedding,random,mse,nonzero,HLA-B*39:02,pearson_log,,2,2,False
allele_embedding,random,mse,nonzero,HLA-B*39:02,auc_gt_2h,,2,2,False
allele_embedding,random,mse,nonzero,HLA-B*39:10,spearman,,2,2,False
allele_embedding,random,mse,nonzero,HLA-B*39:10,pearson_log,,2,2,False
allele_embedding,random,mse,nonzero,HLA-B*39:10,auc_gt_2h,1.0,2,2,False
allele_embedding,random,mse,nonzero,HLA-B*40:01,spearman,-0.5,3,3,False
allele_embedding,random,mse,nonzero,HLA-B*40:01,pearson_log,0.17124796126099223,3,3,False
allele_embedding,random,mse,nonzero,HLA-B*40:01,auc_gt_2h,,3,3,False
allele_embedding,random,mse,nonzero,HLA-B*40:02,spearman,1.0,3,3,False
allele_embedding,random,mse,nonzero,HLA-B*40:02,pearson_log,0.956080514517835,3,3,False
allele_embedding,random,mse,nonzero,HLA-B*40:02,auc_gt_2h,1.0,3,3,False
allele_embedding,random,mse,nonzero,HLA-B*41:01,spearman,,2,2,False
allele_embedding,random,mse,nonzero,HLA-B*41:01,pearson_log,,2,2,False
allele_embedding,random,mse,nonzero,HLA-B*41:01,auc_gt_2h,,2,2,False
allele_embedding,random,mse,nonzero,HLA-B*42:01,spearman,,2,2,False
allele_embedding,random,mse,nonzero,HLA-B*42:01,pearson_log,,2,2,False
allele_embedding,random,mse,nonzero,HLA-B*42:01,auc_gt_2h,,2,2,False
allele_embedding,random,mse,nonzero,HLA-B*42:02,spearman,-0.5,3,3,False
allele_embedding,random,mse,nonzero,HLA-B*42:02,pearson_log,-0.8257889001112199,3,3,False
allele_embedding,random,mse,nonzero,HLA-B*42:02,auc_gt_2h,0.0,3,3,False
allele_embedding,random,mse,nonzero,HLA-B*44:05,spearman,,2,2,False
allele_embedding,random,mse,nonzero,HLA-B*44:05,pearson_log,,2,2,False
allele_embedding,random,mse,nonzero,HLA-B*44:05,auc_gt_2h,,2,2,False
allele_embedding,random,mse,nonzero,HLA-B*45:01,spearman,,1,1,True
allele_embedding,random,mse,nonzero,HLA-B*45:01,pearson_log,,1,1,True
allele_embedding,random,mse,nonzero,HLA-B*45:01,auc_gt_2h,,1,1,True
allele_embedding,random,mse,nonzero,HLA-B*46:01,spearman,,1,1,True
allele_embedding,random,mse,nonzero,HLA-B*46:01,pearson_log,,1,1,True
allele_embedding,random,mse,nonzero,HLA-B*46:01,auc_gt_2h,,1,1,True
allele_embedding,random,mse,nonzero,HLA-B*51:01,spearman,,1,1,True
allele_embedding,random,mse,nonzero,HLA-B*51:01,pearson_log,,1,1,True
allele_embedding,random,mse,nonzero,HLA-B*51:01,auc_gt_2h,,1,1,True
allele_embedding,random,mse,nonzero,HLA-B*54:01,spearman,,2,2,False
allele_embedding,random,mse,nonzero,HLA-B*54:01,pearson_log,,2,2,False
allele_embedding,random,mse,nonzero,HLA-B*54:01,auc_gt_2h,1.0,2,2,False
allele_embedding,random,mse,nonzero,HLA-B*56:01,spearman,,2,2,False
allele_embedding,random,mse,nonzero,HLA-B*56:01,pearson_log,,2,2,False
allele_embedding,random,mse,nonzero,HLA-B*56:01,auc_gt_2h,,2,2,False
allele_embedding,random,mse,nonzero,HLA-B*57:01,spearman,,2,2,False
allele_embedding,random,mse,nonzero,HLA-B*57:01,pearson_log,,2,2,False
allele_embedding,random,mse,nonzero,HLA-B*57:01,auc_gt_2h,,2,2,False
allele_embedding,random,mse,nonzero,HLA-B*57:02,spearman,,2,2,False
allele_embedding,random,mse,nonzero,HLA-B*57:02,pearson_log,,2,2,False
allele_embedding,random,mse,nonzero,HLA-B*57:02,auc_gt_2h,,2,2,False
allele_embedding,random,mse,nonzero,HLA-B*57:03,spearman,,2,2,False
allele_embedding,random,mse,nonzero,HLA-B*57:03,pearson_log,,2,2,False
allele_embedding,random,mse,nonzero,HLA-B*57:03,auc_gt_2h,,2,2,False
allele_embedding,random,mse,nonzero,HLA-B*58:01,spearman,-1.0,3,3,False
allele_embedding,random,mse,nonzero,HLA-B*58:01,pearson_log,-0.9724300527915181,3,3,False
allele_embedding,random,mse,nonzero,HLA-B*58:01,auc_gt_2h,0.0,3,3,False
allele_embedding,random,mse,nonzero,HLA-B*81:01,spearman,,2,2,False
allele_embedding,random,mse,nonzero,HLA-B*81:01,pearson_log,,2,2,False
allele_embedding,random,mse,nonzero,HLA-B*81:01,auc_gt_2h,,2,2,False
allele_embedding,random,ranking,all,HLA-A*01:01,spearman,1.0,3,3,False
allele_embedding,random,ranking,all,HLA-A*01:01,pearson_log,0.762509317237366,3,3,False
allele_embedding,random,ranking,all,HLA-A*01:01,auc_gt_2h,,3,3,False
allele_embedding,random,ranking,all,HLA-A*02:01,spearman,-0.5,3,3,False
allele_embedding,random,ranking,all,HLA-A*02:01,pearson_log,-0.41553396205946613,3,3,False
allele_embedding,random,ranking,all,HLA-A*02:01,auc_gt_2h,,3,3,False
allele_embedding,random,ranking,all,HLA-A*02:03,spearman,-1.0,3,3,False
allele_embedding,random,ranking,all,HLA-A*02:03,pearson_log,-0.8729078428798698,3,3,False
allele_embedding,random,ranking,all,HLA-A*02:03,auc_gt_2h,0.0,3,3,False
allele_embedding,random,ranking,all,HLA-A*02:05,spearman,-0.5,3,3,False
allele_embedding,random,ranking,all,HLA-A*02:05,pearson_log,-0.9498505559896258,3,3,False
allele_embedding,random,ranking,all,HLA-A*02:05,auc_gt_2h,,3,3,False
allele_embedding,random,ranking,all,HLA-A*02:10,spearman,1.0,3,3,False
allele_embedding,random,ranking,all,HLA-A*02:10,pearson_log,0.9299509325531679,3,3,False
allele_embedding,random,ranking,all,HLA-A*02:10,auc_gt_2h,1.0,3,3,False
allele_embedding,random,ranking,all,HLA-A*02:11,spearman,-0.5,3,3,False
allele_embedding,random,ranking,all,HLA-A*02:11,pearson_log,-0.9355927581163234,3,3,False
allele_embedding,random,ranking,all,HLA-A*02:11,auc_gt_2h,,3,3,False
allele_embedding,random,ranking,all,HLA-A*02:12,spearman,-0.5,3,3,False
allele_embedding,random,ranking,all,HLA-A*02:12,pearson_log,-0.9131842650395335,3,3,False
allele_embedding,random,ranking,all,HLA-A*02:12,auc_gt_2h,,3,3,False
allele_embedding,random,ranking,all,HLA-A*02:16,spearman,-0.5,3,3,False
allele_embedding,random,ranking,all,HLA-A*02:16,pearson_log,-0.46839917127608766,3,3,False
allele_embedding,random,ranking,all,HLA-A*02:16,auc_gt_2h,0.0,3,3,False
allele_embedding,random,ranking,all,HLA-A*02:19,spearman,-0.5,3,3,False
allele_embedding,random,ranking,all,HLA-A*02:19,pearson_log,-0.29748293971012707,3,3,False
allele_embedding,random,ranking,all,HLA-A*02:19,auc_gt_2h,,3,3,False
allele_embedding,random,ranking,all,HLA-A*02:50,spearman,1.0,3,3,False
allele_embedding,random,ranking,all,HLA-A*02:50,pearson_log,0.9996115125649983,3,3,False
allele_embedding,random,ranking,all,HLA-A*02:50,auc_gt_2h,,3,3,False
allele_embedding,random,ranking,all,HLA-A*03:01,spearman,-0.5,3,3,False
allele_embedding,random,ranking,all,HLA-A*03:01,pearson_log,-0.8332245044632864,3,3,False
allele_embedding,random,ranking,all,HLA-A*03:01,auc_gt_2h,0.0,3,3,False
allele_embedding,random,ranking,all,HLA-A*11:01,spearman,1.0,3,3,False
allele_embedding,random,ranking,all,HLA-A*11:01,pearson_log,0.8249702925704809,3,3,False
allele_embedding,random,ranking,all,HLA-A*11:01,auc_gt_2h,1.0,3,3,False
allele_embedding,random,ranking,all,HLA-A*23:01,spearman,-0.5,3,3,False
allele_embedding,random,ranking,all,HLA-A*23:01,pearson_log,0.06869192558469492,3,3,False
allele_embedding,random,ranking,all,HLA-A*23:01,auc_gt_2h,0.5,3,3,False
allele_embedding,random,ranking,all,HLA-A*24:02,spearman,1.0,3,3,False
allele_embedding,random,ranking,all,HLA-A*24:02,pearson_log,0.9731171333401374,3,3,False
allele_embedding,random,ranking,all,HLA-A*24:02,auc_gt_2h,1.0,3,3,False
allele_embedding,random,ranking,all,HLA-A*24:03,spearman,0.5,3,3,False
allele_embedding,random,ranking,all,HLA-A*24:03,pearson_log,0.9376451255399858,3,3,False
allele_embedding,random,ranking,all,HLA-A*24:03,auc_gt_2h,1.0,3,3,False
allele_embedding,random,ranking,all,HLA-A*24:07,spearman,0.5,3,3,False
allele_embedding,random,ranking,all,HLA-A*24:07,pearson_log,0.41071234692530434,3,3,False
allele_embedding,random,ranking,all,HLA-A*24:07,auc_gt_2h,,3,3,False
allele_embedding,random,ranking,all,HLA-A*24:19,spearman,-0.5,3,3,False
allele_embedding,random,ranking,all,HLA-A*24:19,pearson_log,0.027518419483416046,3,3,False
allele_embedding,random,ranking,all,HLA-A*24:19,auc_gt_2h,,3,3,False
allele_embedding,random,ranking,all,HLA-A*25:01,spearman,0.0,3,3,False
allele_embedding,random,ranking,all,HLA-A*25:01,pearson_log,-0.2601718823694792,3,3,False
allele_embedding,random,ranking,all,HLA-A*25:01,auc_gt_2h,,3,3,False
allele_embedding,random,ranking,all,HLA-A*26:01,spearman,-1.0,3,3,False
allele_embedding,random,ranking,all,HLA-A*26:01,pearson_log,-0.9412903164510557,3,3,False
allele_embedding,random,ranking,all,HLA-A*26:01,auc_gt_2h,,3,3,False
allele_embedding,random,ranking,all,HLA-A*26:02,spearman,0.5,3,3,False
allele_embedding,random,ranking,all,HLA-A*26:02,pearson_log,-0.20493335703692228,3,3,False
allele_embedding,random,ranking,all,HLA-A*26:02,auc_gt_2h,0.5,3,3,False
allele_embedding,random,ranking,all,HLA-A*26:03,spearman,-0.8660254037844387,3,3,False
allele_embedding,random,ranking,all,HLA-A*26:03,pearson_log,-0.8231606660896291,3,3,False
allele_embedding,random,ranking,all,HLA-A*26:03,auc_gt_2h,,3,3,False
allele_embedding,random,ranking,all,HLA-A*29:02,spearman,-0.5,3,3,False
allele_embedding,random,ranking,all,HLA-A*29:02,pearson_log,0.09268706408869715,3,3,False
allele_embedding,random,ranking,all,HLA-A*29:02,auc_gt_2h,0.5,3,3,False
allele_embedding,random,ranking,all,HLA-A*30:01,spearman,0.5,3,3,False
allele_embedding,random,ranking,all,HLA-A*30:01,pearson_log,0.3253915400722389,3,3,False
allele_embedding,random,ranking,all,HLA-A*30:01,auc_gt_2h,1.0,3,3,False
allele_embedding,random,ranking,all,HLA-A*30:02,spearman,1.0,3,3,False
allele_embedding,random,ranking,all,HLA-A*30:02,pearson_log,0.9920403103578628,3,3,False
allele_embedding,random,ranking,all,HLA-A*30:02,auc_gt_2h,1.0,3,3,False
allele_embedding,random,ranking,all,HLA-A*31:01,spearman,1.0,3,3,False
allele_embedding,random,ranking,all,HLA-A*31:01,pearson_log,0.9995332453261613,3,3,False
allele_embedding,random,ranking,all,HLA-A*31:01,auc_gt_2h,1.0,3,3,False
allele_embedding,random,ranking,all,HLA-A*32:01,spearman,-0.5,3,3,False
allele_embedding,random,ranking,all,HLA-A*32:01,pearson_log,0.05128969598174804,3,3,False
allele_embedding,random,ranking,all,HLA-A*32:01,auc_gt_2h,0.5,3,3,False
allele_embedding,random,ranking,all,HLA-A*32:07,spearman,-0.5,3,3,False
allele_embedding,random,ranking,all,HLA-A*32:07,pearson_log,-0.618558016444489,3,3,False
allele_embedding,random,ranking,all,HLA-A*32:07,auc_gt_2h,0.0,3,3,False
allele_embedding,random,ranking,all,HLA-A*33:03,spearman,0.5,3,3,False
allele_embedding,random,ranking,all,HLA-A*33:03,pearson_log,0.71285947359273,3,3,False
allele_embedding,random,ranking,all,HLA-A*33:03,auc_gt_2h,0.5,3,3,False
allele_embedding,random,ranking,all,HLA-A*43:01,spearman,-0.5,3,3,False
allele_embedding,random,ranking,all,HLA-A*43:01,pearson_log,0.15466284126905222,3,3,False
allele_embedding,random,ranking,all,HLA-A*43:01,auc_gt_2h,0.0,3,3,False
allele_embedding,random,ranking,all,HLA-A*66:01,spearman,-0.5,3,3,False
allele_embedding,random,ranking,all,HLA-A*66:01,pearson_log,-0.34712907606377674,3,3,False
allele_embedding,random,ranking,all,HLA-A*66:01,auc_gt_2h,,3,3,False
allele_embedding,random,ranking,all,HLA-A*68:01,spearman,-0.5,3,3,False
allele_embedding,random,ranking,all,HLA-A*68:01,pearson_log,0.19098625609833508,3,3,False
allele_embedding,random,ranking,all,HLA-A*68:01,auc_gt_2h,0.5,3,3,False
allele_embedding,random,ranking,all,HLA-A*68:02,spearman,-1.0,3,3,False
allele_embedding,random,ranking,all,HLA-A*68:02,pearson_log,-0.9909762880524211,3,3,False
allele_embedding,random,ranking,all,HLA-A*68:02,auc_gt_2h,0.0,3,3,False
allele_embedding,random,ranking,all,HLA-A*68:23,spearman,,2,2,False
allele_embedding,random,ranking,all,HLA-A*68:23,pearson_log,,2,2,False
allele_embedding,random,ranking,all,HLA-A*68:23,auc_gt_2h,,2,2,False
allele_embedding,random,ranking,all,HLA-A*69:01,spearman,-1.0,3,3,False
allele_embedding,random,ranking,all,HLA-A*69:01,pearson_log,-0.9938180688931952,3,3,False
allele_embedding,random,ranking,all,HLA-A*69:01,auc_gt_2h,,3,3,False
allele_embedding,random,ranking,all,HLA-A*74:01,spearman,,2,2,False
allele_embedding,random,ranking,all,HLA-A*74:01,pearson_log,,2,2,False
allele_embedding,random,ranking,all,HLA-A*74:01,auc_gt_2h,,2,2,False
allele_embedding,random,ranking,all,HLA-A*80:01,spearman,0.5,3,3,False
allele_embedding,random,ranking,all,HLA-A*80:01,pearson_log,0.646898099377589,3,3,False
allele_embedding,random,ranking,all,HLA-A*80:01,auc_gt_2h,1.0,3,3,False
allele_embedding,random,ranking,all,HLA-B*07:02,spearman,,2,2,False
allele_embedding,random,ranking,all,HLA-B*07:02,pearson_log,,2,2,False
allele_embedding,random,ranking,all,HLA-B*07:02,auc_gt_2h,,2,2,False
allele_embedding,random,ranking,all,HLA-B*08:01,spearman,0.0,3,3,False
allele_embedding,random,ranking,all,HLA-B*08:01,pearson_log,0.4214570846003098,3,3,False
allele_embedding,random,ranking,all,HLA-B*08:01,auc_gt_2h,,3,3,False
allele_embedding,random,ranking,all,HLA-B*08:03,spearman,,2,2,False
allele_embedding,random,ranking,all,HLA-B*08:03,pearson_log,,2,2,False
allele_embedding,random,ranking,all,HLA-B*08:03,auc_gt_2h,,2,2,False
allele_embedding,random,ranking,all,HLA-B*13:02,spearman,,1,1,True
allele_embedding,random,ranking,all,HLA-B*13:02,pearson_log,,1,1,True
allele_embedding,random,ranking,all,HLA-B*13:02,auc_gt_2h,,1,1,True
allele_embedding,random,ranking,all,HLA-B*14:01(C67S),spearman,,2,2,False
allele_embedding,random,ranking,all,HLA-B*14:01(C67S),pearson_log,,2,2,False
allele_embedding,random,ranking,all,HLA-B*14:01(C67S),auc_gt_2h,,2,2,False
allele_embedding,random,ranking,all,HLA-B*14:02(C67S),spearman,,2,2,False
allele_embedding,random,ranking,all,HLA-B*14:02(C67S),pearson_log,,2,2,False
allele_embedding,random,ranking,all,HLA-B*14:02(C67S),auc_gt_2h,0.0,2,2,False
allele_embedding,random,ranking,all,HLA-B*15:01,spearman,1.0,3,3,False
allele_embedding,random,ranking,all,HLA-B*15:01,pearson_log,0.8956722105175958,3,3,False
allele_embedding,random,ranking,all,HLA-B*15:01,auc_gt_2h,1.0,3,3,False
allele_embedding,random,ranking,all,HLA-B*15:02,spearman,-0.5,3,3,False
allele_embedding,random,ranking,all,HLA-B*15:02,pearson_log,-0.7105352062813906,3,3,False
allele_embedding,random,ranking,all,HLA-B*15:02,auc_gt_2h,0.5,3,3,False
allele_embedding,random,ranking,all,HLA-B*15:10,spearman,,2,2,False
allele_embedding,random,ranking,all,HLA-B*15:10,pearson_log,,2,2,False
allele_embedding,random,ranking,all,HLA-B*15:10,auc_gt_2h,1.0,2,2,False
allele_embedding,random,ranking,all,HLA-B*15:17,spearman,,2,2,False
allele_embedding,random,ranking,all,HLA-B*15:17,pearson_log,,2,2,False
allele_embedding,random,ranking,all,HLA-B*15:17,auc_gt_2h,0.0,2,2,False
allele_embedding,random,ranking,all,HLA-B*18:01,spearman,,2,2,False
allele_embedding,random,ranking,all,HLA-B*18:01,pearson_log,,2,2,False
allele_embedding,random,ranking,all,HLA-B*18:01,auc_gt_2h,0.0,2,2,False
allele_embedding,random,ranking,all,HLA-B*27:02,spearman,,2,2,False
allele_embedding,random,ranking,all,HLA-B*27:02,pearson_log,,2,2,False
allele_embedding,random,ranking,all,HLA-B*27:02,auc_gt_2h,,2,2,False
allele_embedding,random,ranking,all,HLA-B*27:03,spearman,,2,2,False
allele_embedding,random,ranking,all,HLA-B*27:03,pearson_log,,2,2,False
allele_embedding,random,ranking,all,HLA-B*27:03,auc_gt_2h,,2,2,False
allele_embedding,random,ranking,all,HLA-B*27:05,spearman,1.0,3,3,False
allele_embedding,random,ranking,all,HLA-B*27:05,pearson_log,0.982333197263642,3,3,False
allele_embedding,random,ranking,all,HLA-B*27:05,auc_gt_2h,1.0,3,3,False
allele_embedding,random,ranking,all,HLA-B*27:20,spearman,,2,2,False
allele_embedding,random,ranking,all,HLA-B*27:20,pearson_log,,2,2,False
allele_embedding,random,ranking,all,HLA-B*27:20,auc_gt_2h,,2,2,False
allele_embedding,random,ranking,all,HLA-B*35:01,spearman,,2,2,False
allele_embedding,random,ranking,all,HLA-B*35:01,pearson_log,,2,2,False
allele_embedding,random,ranking,all,HLA-B*35:01,auc_gt_2h,0.0,2,2,False
allele_embedding,random,ranking,all,HLA-B*35:03,spearman,,2,2,False
allele_embedding,random,ranking,all,HLA-B*35:03,pearson_log,,2,2,False
allele_embedding,random,ranking,all,HLA-B*35:03,auc_gt_2h,0.0,2,2,False
allele_embedding,random,ranking,all,HLA-B*35:08,spearman,-0.5,3,3,False
allele_embedding,random,ranking,all,HLA-B*35:08,pearson_log,0.11946905964224833,3,3,False
allele_embedding,random,ranking,all,HLA-B*35:08,auc_gt_2h,0.5,3,3,False
allele_embedding,random,ranking,all,HLA-B*39:01,spearman,,2,2,False
allele_embedding,random,ranking,all,HLA-B*39:01,pearson_log,,2,2,False
allele_embedding,random,ranking,all,HLA-B*39:01,auc_gt_2h,,2,2,False
allele_embedding,random,ranking,all,HLA-B*39:02,spearman,0.0,3,3,False
allele_embedding,random,ranking,all,HLA-B*39:02,pearson_log,0.2755616200672139,3,3,False
allele_embedding,random,ranking,all,HLA-B*39:02,auc_gt_2h,,3,3,False
allele_embedding,random,ranking,all,HLA-B*39:06(C67S),spearman,,3,3,False
allele_embedding,random,ranking,all,HLA-B*39:06(C67S),pearson_log,,3,3,False
allele_embedding,random,ranking,all,HLA-B*39:06(C67S),auc_gt_2h,,3,3,False
allele_embedding,random,ranking,all,HLA-B*39:10,spearman,,2,2,False
allele_embedding,random,ranking,all,HLA-B*39:10,pearson_log,,2,2,False
allele_embedding,random,ranking,all,HLA-B*39:10,auc_gt_2h,0.0,2,2,False
allele_embedding,random,ranking,all,HLA-B*40:01,spearman,0.5,3,3,False
allele_embedding,random,ranking,all,HLA-B*40:01,pearson_log,0.7170570055333023,3,3,False
allele_embedding,random,ranking,all,HLA-B*40:01,auc_gt_2h,,3,3,False
allele_embedding,random,ranking,all,HLA-B*40:02,spearman,1.0,3,3,False
allele_embedding,random,ranking,all,HLA-B*40:02,pearson_log,0.5836948717692563,3,3,False
allele_embedding,random,ranking,all,HLA-B*40:02,auc_gt_2h,1.0,3,3,False
allele_embedding,random,ranking,all,HLA-B*41:01,spearman,-0.5,3,3,False
allele_embedding,random,ranking,all,HLA-B*41:01,pearson_log,-0.7642740891708464,3,3,False
allele_embedding,random,ranking,all,HLA-B*41:01,auc_gt_2h,,3,3,False
allele_embedding,random,ranking,all,HLA-B*42:01,spearman,,2,2,False
allele_embedding,random,ranking,all,HLA-B*42:01,pearson_log,,2,2,False
allele_embedding,random,ranking,all,HLA-B*42:01,auc_gt_2h,,2,2,False
allele_embedding,random,ranking,all,HLA-B*42:02,spearman,-0.5,3,3,False
allele_embedding,random,ranking,all,HLA-B*42:02,pearson_log,-0.7251599726804494,3,3,False
allele_embedding,random,ranking,all,HLA-B*42:02,auc_gt_2h,0.0,3,3,False
allele_embedding,random,ranking,all,HLA-B*44:05,spearman,,2,2,False
allele_embedding,random,ranking,all,HLA-B*44:05,pearson_log,,2,2,False
allele_embedding,random,ranking,all,HLA-B*44:05,auc_gt_2h,,2,2,False
allele_embedding,random,ranking,all,HLA-B*45:01,spearman,0.8660254037844387,3,3,False
allele_embedding,random,ranking,all,HLA-B*45:01,pearson_log,0.9992025006324372,3,3,False
allele_embedding,random,ranking,all,HLA-B*45:01,auc_gt_2h,,3,3,False
allele_embedding,random,ranking,all,HLA-B*46:01,spearman,-0.8660254037844387,3,3,False
allele_embedding,random,ranking,all,HLA-B*46:01,pearson_log,-0.9978385278774403,3,3,False
allele_embedding,random,ranking,all,HLA-B*46:01,auc_gt_2h,,3,3,False
allele_embedding,random,ranking,all,HLA-B*51:01,spearman,0.0,3,3,False
allele_embedding,random,ranking,all,HLA-B*51:01,pearson_log,-0.3263506584992173,3,3,False
allele_embedding,random,ranking,all,HLA-B*51:01,auc_gt_2h,0.5,3,3,False
allele_embedding,random,ranking,all,HLA-B*54:01,spearman,0.5,3,3,False
allele_embedding,random,ranking,all,HLA-B*54:01,pearson_log,0.6017468761323804,3,3,False
allele_embedding,random,ranking,all,HLA-B*54:01,auc_gt_2h,0.5,3,3,False
allele_embedding,random,ranking,all,HLA-B*55:01,spearman,,2,2,False
allele_embedding,random,ranking,all,HLA-B*55:01,pearson_log,,2,2,False
allele_embedding,random,ranking,all,HLA-B*55:01,auc_gt_2h,,2,2,False
allele_embedding,random,ranking,all,HLA-B*56:01,spearman,-0.5,3,3,False
allele_embedding,random,ranking,all,HLA-B*56:01,pearson_log,0.04538553501817927,3,3,False
allele_embedding,random,ranking,all,HLA-B*56:01,auc_gt_2h,,3,3,False
allele_embedding,random,ranking,all,HLA-B*57:01,spearman,,2,2,False
allele_embedding,random,ranking,all,HLA-B*57:01,pearson_log,,2,2,False
allele_embedding,random,ranking,all,HLA-B*57:01,auc_gt_2h,,2,2,False
allele_embedding,random,ranking,all,HLA-B*57:02,spearman,,2,2,False
allele_embedding,random,ranking,all,HLA-B*57:02,pearson_log,,2,2,False
allele_embedding,random,ranking,all,HLA-B*57:02,auc_gt_2h,,2,2,False
allele_embedding,random,ranking,all,HLA-B*57:03,spearman,,2,2,False
allele_embedding,random,ranking,all,HLA-B*57:03,pearson_log,,2,2,False
allele_embedding,random,ranking,all,HLA-B*57:03,auc_gt_2h,,2,2,False
allele_embedding,random,ranking,all,HLA-B*58:01,spearman,-0.5,3,3,False
allele_embedding,random,ranking,all,HLA-B*58:01,pearson_log,-0.2778760150218185,3,3,False
allele_embedding,random,ranking,all,HLA-B*58:01,auc_gt_2h,0.5,3,3,False
allele_embedding,random,ranking,all,HLA-B*81:01,spearman,,2,2,False
allele_embedding,random,ranking,all,HLA-B*81:01,pearson_log,,2,2,False
allele_embedding,random,ranking,all,HLA-B*81:01,auc_gt_2h,,2,2,False
allele_embedding,random,ranking,nonzero,HLA-A*01:01,spearman,,2,2,False
allele_embedding,random,ranking,nonzero,HLA-A*01:01,pearson_log,,2,2,False
allele_embedding,random,ranking,nonzero,HLA-A*01:01,auc_gt_2h,,2,2,False
allele_embedding,random,ranking,nonzero,HLA-A*02:01,spearman,-0.5,3,3,False
allele_embedding,random,ranking,nonzero,HLA-A*02:01,pearson_log,-0.41553396205946613,3,3,False
allele_embedding,random,ranking,nonzero,HLA-A*02:01,auc_gt_2h,,3,3,False
allele_embedding,random,ranking,nonzero,HLA-A*02:03,spearman,,2,2,False
allele_embedding,random,ranking,nonzero,HLA-A*02:03,pearson_log,,2,2,False
allele_embedding,random,ranking,nonzero,HLA-A*02:03,auc_gt_2h,0.0,2,2,False
allele_embedding,random,ranking,nonzero,HLA-A*02:05,spearman,-0.5,3,3,False
allele_embedding,random,ranking,nonzero,HLA-A*02:05,pearson_log,-0.9498505559896258,3,3,False
allele_embedding,random,ranking,nonzero,HLA-A*02:05,auc_gt_2h,,3,3,False
allele_embedding,random,ranking,nonzero,HLA-A*02:10,spearman,1.0,3,3,False
allele_embedding,random,ranking,nonzero,HLA-A*02:10,pearson_log,0.9299509325531679,3,3,False
allele_embedding,random,ranking,nonzero,HLA-A*02:10,auc_gt_2h,1.0,3,3,False
allele_embedding,random,ranking,nonzero,HLA-A*02:11,spearman,-0.5,3,3,False
allele_embedding,random,ranking,nonzero,HLA-A*02:11,pearson_log,-0.9355927581163234,3,3,False
allele_embedding,random,ranking,nonzero,HLA-A*02:11,auc_gt_2h,,3,3,False
allele_embedding,random,ranking,nonzero,HLA-A*02:12,spearman,-0.5,3,3,False
allele_embedding,random,ranking,nonzero,HLA-A*02:12,pearson_log,-0.9131842650395335,3,3,False
allele_embedding,random,ranking,nonzero,HLA-A*02:12,auc_gt_2h,,3,3,False
allele_embedding,random,ranking,nonzero,HLA-A*02:16,spearman,-0.5,3,3,False
allele_embedding,random,ranking,nonzero,HLA-A*02:16,pearson_log,-0.46839917127608766,3,3,False
allele_embedding,random,ranking,nonzero,HLA-A*02:16,auc_gt_2h,0.0,3,3,False
allele_embedding,random,ranking,nonzero,HLA-A*02:19,spearman,-0.5,3,3,False
allele_embedding,random,ranking,nonzero,HLA-A*02:19,pearson_log,-0.29748293971012707,3,3,False
allele_embedding,random,ranking,nonzero,HLA-A*02:19,auc_gt_2h,,3,3,False
allele_embedding,random,ranking,nonzero,HLA-A*02:50,spearman,1.0,3,3,False
allele_embedding,random,ranking,nonzero,HLA-A*02:50,pearson_log,0.9996115125649983,3,3,False
allele_embedding,random,ranking,nonzero,HLA-A*02:50,auc_gt_2h,,3,3,False
allele_embedding,random,ranking,nonzero,HLA-A*03:01,spearman,,2,2,False
allele_embedding,random,ranking,nonzero,HLA-A*03:01,pearson_log,,2,2,False
allele_embedding,random,ranking,nonzero,HLA-A*03:01,auc_gt_2h,0.0,2,2,False
allele_embedding,random,ranking,nonzero,HLA-A*11:01,spearman,1.0,3,3,False
allele_embedding,random,ranking,nonzero,HLA-A*11:01,pearson_log,0.8249702925704809,3,3,False
allele_embedding,random,ranking,nonzero,HLA-A*11:01,auc_gt_2h,1.0,3,3,False
allele_embedding,random,ranking,nonzero,HLA-A*23:01,spearman,-0.5,3,3,False
allele_embedding,random,ranking,nonzero,HLA-A*23:01,pearson_log,0.06869192558469492,3,3,False
allele_embedding,random,ranking,nonzero,HLA-A*23:01,auc_gt_2h,0.5,3,3,False
allele_embedding,random,ranking,nonzero,HLA-A*24:02,spearman,1.0,3,3,False
allele_embedding,random,ranking,nonzero,HLA-A*24:02,pearson_log,0.9731171333401374,3,3,False
allele_embedding,random,ranking,nonzero,HLA-A*24:02,auc_gt_2h,1.0,3,3,False
allele_embedding,random,ranking,nonzero,HLA-A*24:03,spearman,0.5,3,3,False
allele_embedding,random,ranking,nonzero,HLA-A*24:03,pearson_log,0.9376451255399858,3,3,False
allele_embedding,random,ranking,nonzero,HLA-A*24:03,auc_gt_2h,1.0,3,3,False
allele_embedding,random,ranking,nonzero,HLA-A*24:07,spearman,0.5,3,3,False
allele_embedding,random,ranking,nonzero,HLA-A*24:07,pearson_log,0.41071234692530434,3,3,False
allele_embedding,random,ranking,nonzero,HLA-A*24:07,auc_gt_2h,,3,3,False
allele_embedding,random,ranking,nonzero,HLA-A*24:19,spearman,,2,2,False
allele_embedding,random,ranking,nonzero,HLA-A*24:19,pearson_log,,2,2,False
allele_embedding,random,ranking,nonzero,HLA-A*24:19,auc_gt_2h,,2,2,False
allele_embedding,random,ranking,nonzero,HLA-A*25:01,spearman,,1,1,True
allele_embedding,random,ranking,nonzero,HLA-A*25:01,pearson_log,,1,1,True
allele_embedding,random,ranking,nonzero,HLA-A*25:01,auc_gt_2h,,1,1,True
allele_embedding,random,ranking,nonzero,HLA-A*26:01,spearman,-1.0,3,3,False
allele_embedding,random,ranking,nonzero,HLA-A*26:01,pearson_log,-0.9412903164510557,3,3,False
allele_embedding,random,ranking,nonzero,HLA-A*26:01,auc_gt_2h,,3,3,False
allele_embedding,random,ranking,nonzero,HLA-A*26:02,spearman,0.5,3,3,False
allele_embedding,random,ranking,nonzero,HLA-A*26:02,pearson_log,-0.20493335703692228,3,3,False
allele_embedding,random,ranking,nonzero,HLA-A*26:02,auc_gt_2h,0.5,3,3,False
allele_embedding,random,ranking,nonzero,HLA-A*26:03,spearman,,1,1,True
allele_embedding,random,ranking,nonzero,HLA-A*26:03,pearson_log,,1,1,True
allele_embedding,random,ranking,nonzero,HLA-A*26:03,auc_gt_2h,,1,1,True
allele_embedding,random,ranking,nonzero,HLA-A*29:02,spearman,-0.5,3,3,False
allele_embedding,random,ranking,nonzero,HLA-A*29:02,pearson_log,0.09268706408869715,3,3,False
allele_embedding,random,ranking,nonzero,HLA-A*29:02,auc_gt_2h,0.5,3,3,False
allele_embedding,random,ranking,nonzero,HLA-A*30:01,spearman,,2,2,False
allele_embedding,random,ranking,nonzero,HLA-A*30:01,pearson_log,,2,2,False
allele_embedding,random,ranking,nonzero,HLA-A*30:01,auc_gt_2h,1.0,2,2,False
allele_embedding,random,ranking,nonzero,HLA-A*30:02,spearman,,2,2,False
allele_embedding,random,ranking,nonzero,HLA-A*30:02,pearson_log,,2,2,False
allele_embedding,random,ranking,nonzero,HLA-A*30:02,auc_gt_2h,1.0,2,2,False
allele_embedding,random,ranking,nonzero,HLA-A*31:01,spearman,1.0,3,3,False
allele_embedding,random,ranking,nonzero,HLA-A*31:01,pearson_log,0.9995332453261613,3,3,False
allele_embedding,random,ranking,nonzero,HLA-A*31:01,auc_gt_2h,1.0,3,3,False
allele_embedding,random,ranking,nonzero,HLA-A*32:01,spearman,,2,2,False
allele_embedding,random,ranking,nonzero,HLA-A*32:01,pearson_log,,2,2,False
allele_embedding,random,ranking,nonzero,HLA-A*32:01,auc_gt_2h,,2,2,False
allele_embedding,random,ranking,nonzero,HLA-A*32:07,spearman,-0.5,3,3,False
allele_embedding,random,ranking,nonzero,HLA-A*32:07,pearson_log,-0.618558016444489,3,3,False
allele_embedding,random,ranking,nonzero,HLA-A*32:07,auc_gt_2h,0.0,3,3,False
allele_embedding,random,ranking,nonzero,HLA-A*33:03,spearman,,2,2,False
allele_embedding,random,ranking,nonzero,HLA-A*33:03,pearson_log,,2,2,False
allele_embedding,random,ranking,nonzero,HLA-A*33:03,auc_gt_2h,0.0,2,2,False
allele_embedding,random,ranking,nonzero,HLA-A*43:01,spearman,,2,2,False
allele_embedding,random,ranking,nonzero,HLA-A*43:01,pearson_log,,2,2,False
allele_embedding,random,ranking,nonzero,HLA-A*43:01,auc_gt_2h,0.0,2,2,False
allele_embedding,random,ranking,nonzero,HLA-A*66:01,spearman,,2,2,False
allele_embedding,random,ranking,nonzero,HLA-A*66:01,pearson_log,,2,2,False
allele_embedding,random,ranking,nonzero,HLA-A*66:01,auc_gt_2h,,2,2,False
allele_embedding,random,ranking,nonzero,HLA-A*68:01,spearman,,2,2,False
allele_embedding,random,ranking,nonzero,HLA-A*68:01,pearson_log,,2,2,False
allele_embedding,random,ranking,nonzero,HLA-A*68:01,auc_gt_2h,,2,2,False
allele_embedding,random,ranking,nonzero,HLA-A*68:02,spearman,-1.0,3,3,False
allele_embedding,random,ranking,nonzero,HLA-A*68:02,pearson_log,-0.9909762880524211,3,3,False
allele_embedding,random,ranking,nonzero,HLA-A*68:02,auc_gt_2h,0.0,3,3,False
allele_embedding,random,ranking,nonzero,HLA-A*68:23,spearman,,2,2,False
allele_embedding,random,ranking,nonzero,HLA-A*68:23,pearson_log,,2,2,False
allele_embedding,random,ranking,nonzero,HLA-A*68:23,auc_gt_2h,,2,2,False
allele_embedding,random,ranking,nonzero,HLA-A*69:01,spearman,-1.0,3,3,False
allele_embedding,random,ranking,nonzero,HLA-A*69:01,pearson_log,-0.9938180688931952,3,3,False
allele_embedding,random,ranking,nonzero,HLA-A*69:01,auc_gt_2h,,3,3,False
allele_embedding,random,ranking,nonzero,HLA-A*74:01,spearman,,2,2,False
allele_embedding,random,ranking,nonzero,HLA-A*74:01,pearson_log,,2,2,False
allele_embedding,random,ranking,nonzero,HLA-A*74:01,auc_gt_2h,,2,2,False
allele_embedding,random,ranking,nonzero,HLA-A*80:01,spearman,,2,2,False
allele_embedding,random,ranking,nonzero,HLA-A*80:01,pearson_log,,2,2,False
allele_embedding,random,ranking,nonzero,HLA-A*80:01,auc_gt_2h,1.0,2,2,False
allele_embedding,random,ranking,nonzero,HLA-B*07:02,spearman,,2,2,False
allele_embedding,random,ranking,nonzero,HLA-B*07:02,pearson_log,,2,2,False
allele_embedding,random,ranking,nonzero,HLA-B*07:02,auc_gt_2h,,2,2,False
allele_embedding,random,ranking,nonzero,HLA-B*08:01,spearman,0.0,3,3,False
allele_embedding,random,ranking,nonzero,HLA-B*08:01,pearson_log,0.4214570846003098,3,3,False
allele_embedding,random,ranking,nonzero,HLA-B*08:01,auc_gt_2h,,3,3,False
allele_embedding,random,ranking,nonzero,HLA-B*08:03,spearman,,1,1,True
allele_embedding,random,ranking,nonzero,HLA-B*08:03,pearson_log,,1,1,True
allele_embedding,random,ranking,nonzero,HLA-B*08:03,auc_gt_2h,,1,1,True
allele_embedding,random,ranking,nonzero,HLA-B*13:02,spearman,,1,1,True
allele_embedding,random,ranking,nonzero,HLA-B*13:02,pearson_log,,1,1,True
allele_embedding,random,ranking,nonzero,HLA-B*13:02,auc_gt_2h,,1,1,True
allele_embedding,random,ranking,nonzero,HLA-B*14:02(C67S),spearman,,1,1,True
allele_embedding,random,ranking,nonzero,HLA-B*14:02(C67S),pearson_log,,1,1,True
allele_embedding,random,ranking,nonzero,HLA-B*14:02(C67S),auc_gt_2h,,1,1,True
allele_embedding,random,ranking,nonzero,HLA-B*15:01,spearman,,2,2,False
allele_embedding,random,ranking,nonzero,HLA-B*15:01,pearson_log,,2,2,False
allele_embedding,random,ranking,nonzero,HLA-B*15:01,auc_gt_2h,1.0,2,2,False
allele_embedding,random,ranking,nonzero,HLA-B*15:02,spearman,,2,2,False
allele_embedding,random,ranking,nonzero,HLA-B*15:02,pearson_log,,2,2,False
allele_embedding,random,ranking,nonzero,HLA-B*15:02,auc_gt_2h,1.0,2,2,False
allele_embedding,random,ranking,nonzero,HLA-B*15:10,spearman,,2,2,False
allele_embedding,random,ranking,nonzero,HLA-B*15:10,pearson_log,,2,2,False
allele_embedding,random,ranking,nonzero,HLA-B*15:10,auc_gt_2h,1.0,2,2,False
allele_embedding,random,ranking,nonzero,HLA-B*15:17,spearman,,1,1,True
allele_embedding,random,ranking,nonzero,HLA-B*15:17,pearson_log,,1,1,True
allele_embedding,random,ranking,nonzero,HLA-B*15:17,auc_gt_2h,,1,1,True
allele_embedding,random,ranking,nonzero,HLA-B*18:01,spearman,,2,2,False
allele_embedding,random,ranking,nonzero,HLA-B*18:01,pearson_log,,2,2,False
allele_embedding,random,ranking,nonzero,HLA-B*18:01,auc_gt_2h,0.0,2,2,False
allele_embedding,random,ranking,nonzero,HLA-B*27:02,spearman,,2,2,False
allele_embedding,random,ranking,nonzero,HLA-B*27:02,pearson_log,,2,2,False
allele_embedding,random,ranking,nonzero,HLA-B*27:02,auc_gt_2h,,2,2,False
allele_embedding,random,ranking,nonzero,HLA-B*27:03,spearman,,2,2,False
allele_embedding,random,ranking,nonzero,HLA-B*27:03,pearson_log,,2,2,False
allele_embedding,random,ranking,nonzero,HLA-B*27:03,auc_gt_2h,,2,2,False
allele_embedding,random,ranking,nonzero,HLA-B*27:05,spearman,1.0,3,3,False
allele_embedding,random,ranking,nonzero,HLA-B*27:05,pearson_log,0.982333197263642,3,3,False
allele_embedding,random,ranking,nonzero,HLA-B*27:05,auc_gt_2h,1.0,3,3,False
allele_embedding,random,ranking,nonzero,HLA-B*27:20,spearman,,1,1,True
allele_embedding,random,ranking,nonzero,HLA-B*27:20,pearson_log,,1,1,True
allele_embedding,random,ranking,nonzero,HLA-B*27:20,auc_gt_2h,,1,1,True
allele_embedding,random,ranking,nonzero,HLA-B*35:01,spearman,,1,1,True
allele_embedding,random,ranking,nonzero,HLA-B*35:01,pearson_log,,1,1,True
allele_embedding,random,ranking,nonzero,HLA-B*35:01,auc_gt_2h,,1,1,True
allele_embedding,random,ranking,nonzero,HLA-B*35:03,spearman,,2,2,False
allele_embedding,random,ranking,nonzero,HLA-B*35:03,pearson_log,,2,2,False
allele_embedding,random,ranking,nonzero,HLA-B*35:03,auc_gt_2h,0.0,2,2,False
allele_embedding,random,ranking,nonzero,HLA-B*35:08,spearman,-0.5,3,3,False
allele_embedding,random,ranking,nonzero,HLA-B*35:08,pearson_log,0.11946905964224833,3,3,False
allele_embedding,random,ranking,nonzero,HLA-B*35:08,auc_gt_2h,0.5,3,3,False
allele_embedding,random,ranking,nonzero,HLA-B*39:01,spearman,,2,2,False
allele_embedding,random,ranking,nonzero,HLA-B*39:01,pearson_log,,2,2,False
allele_embedding,random,ranking,nonzero,HLA-B*39:01,auc_gt_2h,,2,2,False
allele_embedding,random,ranking,nonzero,HLA-B*39:02,spearman,,2,2,False
allele_embedding,random,ranking,nonzero,HLA-B*39:02,pearson_log,,2,2,False
allele_embedding,random,ranking,nonzero,HLA-B*39:02,auc_gt_2h,,2,2,False
allele_embedding,random,ranking,nonzero,HLA-B*39:10,spearman,,2,2,False
allele_embedding,random,ranking,nonzero,HLA-B*39:10,pearson_log,,2,2,False
allele_embedding,random,ranking,nonzero,HLA-B*39:10,auc_gt_2h,0.0,2,2,False
allele_embedding,random,ranking,nonzero,HLA-B*40:01,spearman,0.5,3,3,False
allele_embedding,random,ranking,nonzero,HLA-B*40:01,pearson_log,0.7170570055333023,3,3,False
allele_embedding,random,ranking,nonzero,HLA-B*40:01,auc_gt_2h,,3,3,False
allele_embedding,random,ranking,nonzero,HLA-B*40:02,spearman,1.0,3,3,False
allele_embedding,random,ranking,nonzero,HLA-B*40:02,pearson_log,0.5836948717692563,3,3,False
allele_embedding,random,ranking,nonzero,HLA-B*40:02,auc_gt_2h,1.0,3,3,False
allele_embedding,random,ranking,nonzero,HLA-B*41:01,spearman,,2,2,False
allele_embedding,random,ranking,nonzero,HLA-B*41:01,pearson_log,,2,2,False
allele_embedding,random,ranking,nonzero,HLA-B*41:01,auc_gt_2h,,2,2,False
allele_embedding,random,ranking,nonzero,HLA-B*42:01,spearman,,2,2,False
allele_embedding,random,ranking,nonzero,HLA-B*42:01,pearson_log,,2,2,False
allele_embedding,random,ranking,nonzero,HLA-B*42:01,auc_gt_2h,,2,2,False
allele_embedding,random,ranking,nonzero,HLA-B*42:02,spearman,-0.5,3,3,False
allele_embedding,random,ranking,nonzero,HLA-B*42:02,pearson_log,-0.7251599726804494,3,3,False
allele_embedding,random,ranking,nonzero,HLA-B*42:02,auc_gt_2h,0.0,3,3,False
allele_embedding,random,ranking,nonzero,HLA-B*44:05,spearman,,2,2,False
allele_embedding,random,ranking,nonzero,HLA-B*44:05,pearson_log,,2,2,False
allele_embedding,random,ranking,nonzero,HLA-B*44:05,auc_gt_2h,,2,2,False
allele_embedding,random,ranking,nonzero,HLA-B*45:01,spearman,,1,1,True
allele_embedding,random,ranking,nonzero,HLA-B*45:01,pearson_log,,1,1,True
allele_embedding,random,ranking,nonzero,HLA-B*45:01,auc_gt_2h,,1,1,True
allele_embedding,random,ranking,nonzero,HLA-B*46:01,spearman,,1,1,True
allele_embedding,random,ranking,nonzero,HLA-B*46:01,pearson_log,,1,1,True
allele_embedding,random,ranking,nonzero,HLA-B*46:01,auc_gt_2h,,1,1,True
allele_embedding,random,ranking,nonzero,HLA-B*51:01,spearman,,1,1,True
allele_embedding,random,ranking,nonzero,HLA-B*51:01,pearson_log,,1,1,True
allele_embedding,random,ranking,nonzero,HLA-B*51:01,auc_gt_2h,,1,1,True
allele_embedding,random,ranking,nonzero,HLA-B*54:01,spearman,,2,2,False
allele_embedding,random,ranking,nonzero,HLA-B*54:01,pearson_log,,2,2,False
allele_embedding,random,ranking,nonzero,HLA-B*54:01,auc_gt_2h,0.0,2,2,False
allele_embedding,random,ranking,nonzero,HLA-B*56:01,spearman,,2,2,False
allele_embedding,random,ranking,nonzero,HLA-B*56:01,pearson_log,,2,2,False
allele_embedding,random,ranking,nonzero,HLA-B*56:01,auc_gt_2h,,2,2,False
allele_embedding,random,ranking,nonzero,HLA-B*57:01,spearman,,2,2,False
allele_embedding,random,ranking,nonzero,HLA-B*57:01,pearson_log,,2,2,False
allele_embedding,random,ranking,nonzero,HLA-B*57:01,auc_gt_2h,,2,2,False
allele_embedding,random,ranking,nonzero,HLA-B*57:02,spearman,,2,2,False
allele_embedding,random,ranking,nonzero,HLA-B*57:02,pearson_log,,2,2,False
allele_embedding,random,ranking,nonzero,HLA-B*57:02,auc_gt_2h,,2,2,False
allele_embedding,random,ranking,nonzero,HLA-B*57:03,spearman,,2,2,False
allele_embedding,random,ranking,nonzero,HLA-B*57:03,pearson_log,,2,2,False
allele_embedding,random,ranking,nonzero,HLA-B*57:03,auc_gt_2h,,2,2,False
allele_embedding,random,ranking,nonzero,HLA-B*58:01,spearman,-0.5,3,3,False
allele_embedding,random,ranking,nonzero,HLA-B*58:01,pearson_log,-0.2778760150218185,3,3,False
allele_embedding,random,ranking,nonzero,HLA-B*58:01,auc_gt_2h,0.5,3,3,False
allele_embedding,random,ranking,nonzero,HLA-B*81:01,spearman,,2,2,False
allele_embedding,random,ranking,nonzero,HLA-B*81:01,pearson_log,,2,2,False
allele_embedding,random,ranking,nonzero,HLA-B*81:01,auc_gt_2h,,2,2,False
allele_mean,leave_one_allele_out,reference,all,HLA-A*01:01,spearman,0.0,14,14,True
allele_mean,leave_one_allele_out,reference,all,HLA-A*01:01,pearson_log,0.0,14,14,True
allele_mean,leave_one_allele_out,reference,all,HLA-A*01:01,auc_gt_2h,0.5,14,14,True
allele_mean,leave_one_allele_out,reference,all,HLA-A*02:01,spearman,0.0,14,14,True
allele_mean,leave_one_allele_out,reference,all,HLA-A*02:01,pearson_log,0.0,14,14,True
allele_mean,leave_one_allele_out,reference,all,HLA-A*02:01,auc_gt_2h,0.5,14,14,True
allele_mean,leave_one_allele_out,reference,all,HLA-A*02:03,spearman,0.0,14,14,True
allele_mean,leave_one_allele_out,reference,all,HLA-A*02:03,pearson_log,0.0,14,14,True
allele_mean,leave_one_allele_out,reference,all,HLA-A*02:03,auc_gt_2h,0.5,14,14,True
allele_mean,leave_one_allele_out,reference,all,HLA-A*02:05,spearman,0.0,14,14,True
allele_mean,leave_one_allele_out,reference,all,HLA-A*02:05,pearson_log,0.0,14,14,True
allele_mean,leave_one_allele_out,reference,all,HLA-A*02:05,auc_gt_2h,0.5,14,14,True
allele_mean,leave_one_allele_out,reference,all,HLA-A*02:10,spearman,0.0,14,14,True
allele_mean,leave_one_allele_out,reference,all,HLA-A*02:10,pearson_log,0.0,14,14,True
allele_mean,leave_one_allele_out,reference,all,HLA-A*02:10,auc_gt_2h,0.5,14,14,True
allele_mean,leave_one_allele_out,reference,all,HLA-A*02:11,spearman,0.0,14,14,True
allele_mean,leave_one_allele_out,reference,all,HLA-A*02:11,pearson_log,0.0,14,14,True
allele_mean,leave_one_allele_out,reference,all,HLA-A*02:11,auc_gt_2h,0.5,14,14,True
allele_mean,leave_one_allele_out,reference,all,HLA-A*02:12,spearman,0.0,14,14,True
allele_mean,leave_one_allele_out,reference,all,HLA-A*02:12,pearson_log,0.0,14,14,True
allele_mean,leave_one_allele_out,reference,all,HLA-A*02:12,auc_gt_2h,0.5,14,14,True
allele_mean,leave_one_allele_out,reference,all,HLA-A*02:16,spearman,0.0,14,14,True
allele_mean,leave_one_allele_out,reference,all,HLA-A*02:16,pearson_log,0.0,14,14,True
allele_mean,leave_one_allele_out,reference,all,HLA-A*02:16,auc_gt_2h,0.5,14,14,True
allele_mean,leave_one_allele_out,reference,all,HLA-A*02:19,spearman,0.0,14,14,True
allele_mean,leave_one_allele_out,reference,all,HLA-A*02:19,pearson_log,0.0,14,14,True
allele_mean,leave_one_allele_out,reference,all,HLA-A*02:19,auc_gt_2h,0.5,14,14,True
allele_mean,leave_one_allele_out,reference,all,HLA-A*02:50,spearman,0.0,14,14,True
allele_mean,leave_one_allele_out,reference,all,HLA-A*02:50,pearson_log,0.0,14,14,True
allele_mean,leave_one_allele_out,reference,all,HLA-A*02:50,auc_gt_2h,0.5,14,14,True
allele_mean,leave_one_allele_out,reference,all,HLA-A*03:01,spearman,0.0,14,14,True
allele_mean,leave_one_allele_out,reference,all,HLA-A*03:01,pearson_log,0.0,14,14,True
allele_mean,leave_one_allele_out,reference,all,HLA-A*03:01,auc_gt_2h,0.5,14,14,True
allele_mean,leave_one_allele_out,reference,all,HLA-A*11:01,spearman,0.0,14,14,True
allele_mean,leave_one_allele_out,reference,all,HLA-A*11:01,pearson_log,0.0,14,14,True
allele_mean,leave_one_allele_out,reference,all,HLA-A*11:01,auc_gt_2h,0.5,14,14,True
allele_mean,leave_one_allele_out,reference,all,HLA-A*23:01,spearman,0.0,14,14,True
allele_mean,leave_one_allele_out,reference,all,HLA-A*23:01,pearson_log,0.0,14,14,True
allele_mean,leave_one_allele_out,reference,all,HLA-A*23:01,auc_gt_2h,0.5,14,14,True
allele_mean,leave_one_allele_out,reference,all,HLA-A*24:02,spearman,0.0,14,14,True
allele_mean,leave_one_allele_out,reference,all,HLA-A*24:02,pearson_log,0.0,14,14,True
allele_mean,leave_one_allele_out,reference,all,HLA-A*24:02,auc_gt_2h,0.5,14,14,True
allele_mean,leave_one_allele_out,reference,all,HLA-A*24:03,spearman,0.0,14,14,True
allele_mean,leave_one_allele_out,reference,all,HLA-A*24:03,pearson_log,0.0,14,14,True
allele_mean,leave_one_allele_out,reference,all,HLA-A*24:03,auc_gt_2h,0.5,14,14,True
allele_mean,leave_one_allele_out,reference,all,HLA-A*24:07,spearman,0.0,14,14,True
allele_mean,leave_one_allele_out,reference,all,HLA-A*24:07,pearson_log,0.0,14,14,True
allele_mean,leave_one_allele_out,reference,all,HLA-A*24:07,auc_gt_2h,0.5,14,14,True
allele_mean,leave_one_allele_out,reference,all,HLA-A*24:19,spearman,0.0,14,14,True
allele_mean,leave_one_allele_out,reference,all,HLA-A*24:19,pearson_log,0.0,14,14,True
allele_mean,leave_one_allele_out,reference,all,HLA-A*24:19,auc_gt_2h,0.5,14,14,True
allele_mean,leave_one_allele_out,reference,all,HLA-A*25:01,spearman,0.0,14,14,True
allele_mean,leave_one_allele_out,reference,all,HLA-A*25:01,pearson_log,0.0,14,14,True
allele_mean,leave_one_allele_out,reference,all,HLA-A*25:01,auc_gt_2h,0.5,14,14,True
allele_mean,leave_one_allele_out,reference,all,HLA-A*26:01,spearman,0.0,14,14,True
allele_mean,leave_one_allele_out,reference,all,HLA-A*26:01,pearson_log,0.0,14,14,True
allele_mean,leave_one_allele_out,reference,all,HLA-A*26:01,auc_gt_2h,0.5,14,14,True
allele_mean,leave_one_allele_out,reference,all,HLA-A*26:02,spearman,0.0,14,14,True
allele_mean,leave_one_allele_out,reference,all,HLA-A*26:02,pearson_log,0.0,14,14,True
allele_mean,leave_one_allele_out,reference,all,HLA-A*26:02,auc_gt_2h,0.5,14,14,True
allele_mean,leave_one_allele_out,reference,all,HLA-A*26:03,spearman,0.0,14,14,True
allele_mean,leave_one_allele_out,reference,all,HLA-A*26:03,pearson_log,0.0,14,14,True
allele_mean,leave_one_allele_out,reference,all,HLA-A*26:03,auc_gt_2h,0.5,14,14,True
allele_mean,leave_one_allele_out,reference,all,HLA-A*29:02,spearman,0.0,14,14,True
allele_mean,leave_one_allele_out,reference,all,HLA-A*29:02,pearson_log,0.0,14,14,True
allele_mean,leave_one_allele_out,reference,all,HLA-A*29:02,auc_gt_2h,0.5,14,14,True
allele_mean,leave_one_allele_out,reference,all,HLA-A*30:01,spearman,0.0,14,14,True
allele_mean,leave_one_allele_out,reference,all,HLA-A*30:01,pearson_log,0.0,14,14,True
allele_mean,leave_one_allele_out,reference,all,HLA-A*30:01,auc_gt_2h,0.5,14,14,True
allele_mean,leave_one_allele_out,reference,all,HLA-A*30:02,spearman,0.0,14,14,True
allele_mean,leave_one_allele_out,reference,all,HLA-A*30:02,pearson_log,0.0,14,14,True
allele_mean,leave_one_allele_out,reference,all,HLA-A*30:02,auc_gt_2h,0.5,14,14,True
allele_mean,leave_one_allele_out,reference,all,HLA-A*31:01,spearman,0.0,14,14,True
allele_mean,leave_one_allele_out,reference,all,HLA-A*31:01,pearson_log,0.0,14,14,True
allele_mean,leave_one_allele_out,reference,all,HLA-A*31:01,auc_gt_2h,0.5,14,14,True
allele_mean,leave_one_allele_out,reference,all,HLA-A*32:01,spearman,0.0,14,14,True
allele_mean,leave_one_allele_out,reference,all,HLA-A*32:01,pearson_log,0.0,14,14,True
allele_mean,leave_one_allele_out,reference,all,HLA-A*32:01,auc_gt_2h,0.5,14,14,True
allele_mean,leave_one_allele_out,reference,all,HLA-A*32:07,spearman,0.0,14,14,True
allele_mean,leave_one_allele_out,reference,all,HLA-A*32:07,pearson_log,0.0,14,14,True
allele_mean,leave_one_allele_out,reference,all,HLA-A*32:07,auc_gt_2h,0.5,14,14,True
allele_mean,leave_one_allele_out,reference,all,HLA-A*33:03,spearman,0.0,14,14,True
allele_mean,leave_one_allele_out,reference,all,HLA-A*33:03,pearson_log,0.0,14,14,True
allele_mean,leave_one_allele_out,reference,all,HLA-A*33:03,auc_gt_2h,0.5,14,14,True
allele_mean,leave_one_allele_out,reference,all,HLA-A*43:01,spearman,0.0,14,14,True
allele_mean,leave_one_allele_out,reference,all,HLA-A*43:01,pearson_log,0.0,14,14,True
allele_mean,leave_one_allele_out,reference,all,HLA-A*43:01,auc_gt_2h,0.5,14,14,True
allele_mean,leave_one_allele_out,reference,all,HLA-A*66:01,spearman,0.0,14,14,True
allele_mean,leave_one_allele_out,reference,all,HLA-A*66:01,pearson_log,0.0,14,14,True
allele_mean,leave_one_allele_out,reference,all,HLA-A*66:01,auc_gt_2h,0.5,14,14,True
allele_mean,leave_one_allele_out,reference,all,HLA-A*68:01,spearman,0.0,14,14,True
allele_mean,leave_one_allele_out,reference,all,HLA-A*68:01,pearson_log,0.0,14,14,True
allele_mean,leave_one_allele_out,reference,all,HLA-A*68:01,auc_gt_2h,0.5,14,14,True
allele_mean,leave_one_allele_out,reference,all,HLA-A*68:02,spearman,0.0,13,13,True
allele_mean,leave_one_allele_out,reference,all,HLA-A*68:02,pearson_log,0.0,13,13,True
allele_mean,leave_one_allele_out,reference,all,HLA-A*68:02,auc_gt_2h,0.5,13,13,True
allele_mean,leave_one_allele_out,reference,all,HLA-A*68:23,spearman,0.0,13,13,True
allele_mean,leave_one_allele_out,reference,all,HLA-A*68:23,pearson_log,0.0,13,13,True
allele_mean,leave_one_allele_out,reference,all,HLA-A*68:23,auc_gt_2h,0.5,13,13,True
allele_mean,leave_one_allele_out,reference,all,HLA-A*69:01,spearman,0.0,13,13,True
allele_mean,leave_one_allele_out,reference,all,HLA-A*69:01,pearson_log,0.0,13,13,True
allele_mean,leave_one_allele_out,reference,all,HLA-A*69:01,auc_gt_2h,0.5,13,13,True
allele_mean,leave_one_allele_out,reference,all,HLA-A*74:01,spearman,0.0,13,13,True
allele_mean,leave_one_allele_out,reference,all,HLA-A*74:01,pearson_log,0.0,13,13,True
allele_mean,leave_one_allele_out,reference,all,HLA-A*74:01,auc_gt_2h,0.5,13,13,True
allele_mean,leave_one_allele_out,reference,all,HLA-A*80:01,spearman,0.0,13,13,True
allele_mean,leave_one_allele_out,reference,all,HLA-A*80:01,pearson_log,0.0,13,13,True
allele_mean,leave_one_allele_out,reference,all,HLA-A*80:01,auc_gt_2h,0.5,13,13,True
allele_mean,leave_one_allele_out,reference,all,HLA-B*07:02,spearman,0.0,13,13,True
allele_mean,leave_one_allele_out,reference,all,HLA-B*07:02,pearson_log,0.0,13,13,True
allele_mean,leave_one_allele_out,reference,all,HLA-B*07:02,auc_gt_2h,0.5,13,13,True
allele_mean,leave_one_allele_out,reference,all,HLA-B*08:01,spearman,0.0,13,13,True
allele_mean,leave_one_allele_out,reference,all,HLA-B*08:01,pearson_log,0.0,13,13,True
allele_mean,leave_one_allele_out,reference,all,HLA-B*08:01,auc_gt_2h,,13,13,True
allele_mean,leave_one_allele_out,reference,all,HLA-B*08:03,spearman,0.0,13,13,True
allele_mean,leave_one_allele_out,reference,all,HLA-B*08:03,pearson_log,0.0,13,13,True
allele_mean,leave_one_allele_out,reference,all,HLA-B*08:03,auc_gt_2h,0.5,13,13,True
allele_mean,leave_one_allele_out,reference,all,HLA-B*13:02,spearman,0.0,7,7,True
allele_mean,leave_one_allele_out,reference,all,HLA-B*13:02,pearson_log,0.0,7,7,True
allele_mean,leave_one_allele_out,reference,all,HLA-B*13:02,auc_gt_2h,0.5,7,7,True
allele_mean,leave_one_allele_out,reference,all,HLA-B*14:01(C67S),spearman,0.0,13,13,True
allele_mean,leave_one_allele_out,reference,all,HLA-B*14:01(C67S),pearson_log,0.0,13,13,True
allele_mean,leave_one_allele_out,reference,all,HLA-B*14:01(C67S),auc_gt_2h,,13,13,True
allele_mean,leave_one_allele_out,reference,all,HLA-B*14:02(C67S),spearman,0.0,13,13,True
allele_mean,leave_one_allele_out,reference,all,HLA-B*14:02(C67S),pearson_log,0.0,13,13,True
allele_mean,leave_one_allele_out,reference,all,HLA-B*14:02(C67S),auc_gt_2h,0.5,13,13,True
allele_mean,leave_one_allele_out,reference,all,HLA-B*15:01,spearman,0.0,13,13,True
allele_mean,leave_one_allele_out,reference,all,HLA-B*15:01,pearson_log,0.0,13,13,True
allele_mean,leave_one_allele_out,reference,all,HLA-B*15:01,auc_gt_2h,0.5,13,13,True
allele_mean,leave_one_allele_out,reference,all,HLA-B*15:02,spearman,0.0,13,13,True
allele_mean,leave_one_allele_out,reference,all,HLA-B*15:02,pearson_log,0.0,13,13,True
allele_mean,leave_one_allele_out,reference,all,HLA-B*15:02,auc_gt_2h,0.5,13,13,True
allele_mean,leave_one_allele_out,reference,all,HLA-B*15:10,spearman,0.0,13,13,True
allele_mean,leave_one_allele_out,reference,all,HLA-B*15:10,pearson_log,0.0,13,13,True
allele_mean,leave_one_allele_out,reference,all,HLA-B*15:10,auc_gt_2h,0.5,13,13,True
allele_mean,leave_one_allele_out,reference,all,HLA-B*15:17,spearman,0.0,13,13,True
allele_mean,leave_one_allele_out,reference,all,HLA-B*15:17,pearson_log,0.0,13,13,True
allele_mean,leave_one_allele_out,reference,all,HLA-B*15:17,auc_gt_2h,0.5,13,13,True
allele_mean,leave_one_allele_out,reference,all,HLA-B*18:01,spearman,0.0,13,13,True
allele_mean,leave_one_allele_out,reference,all,HLA-B*18:01,pearson_log,0.0,13,13,True
allele_mean,leave_one_allele_out,reference,all,HLA-B*18:01,auc_gt_2h,0.5,13,13,True
allele_mean,leave_one_allele_out,reference,all,HLA-B*27:02,spearman,0.0,13,13,True
allele_mean,leave_one_allele_out,reference,all,HLA-B*27:02,pearson_log,0.0,13,13,True
allele_mean,leave_one_allele_out,reference,all,HLA-B*27:02,auc_gt_2h,0.5,13,13,True
allele_mean,leave_one_allele_out,reference,all,HLA-B*27:03,spearman,0.0,13,13,True
allele_mean,leave_one_allele_out,reference,all,HLA-B*27:03,pearson_log,0.0,13,13,True
allele_mean,leave_one_allele_out,reference,all,HLA-B*27:03,auc_gt_2h,0.5,13,13,True
allele_mean,leave_one_allele_out,reference,all,HLA-B*27:05,spearman,0.0,13,13,True
allele_mean,leave_one_allele_out,reference,all,HLA-B*27:05,pearson_log,0.0,13,13,True
allele_mean,leave_one_allele_out,reference,all,HLA-B*27:05,auc_gt_2h,0.5,13,13,True
allele_mean,leave_one_allele_out,reference,all,HLA-B*27:20,spearman,0.0,13,13,True
allele_mean,leave_one_allele_out,reference,all,HLA-B*27:20,pearson_log,0.0,13,13,True
allele_mean,leave_one_allele_out,reference,all,HLA-B*27:20,auc_gt_2h,0.5,13,13,True
allele_mean,leave_one_allele_out,reference,all,HLA-B*35:01,spearman,0.0,13,13,True
allele_mean,leave_one_allele_out,reference,all,HLA-B*35:01,pearson_log,0.0,13,13,True
allele_mean,leave_one_allele_out,reference,all,HLA-B*35:01,auc_gt_2h,0.5,13,13,True
allele_mean,leave_one_allele_out,reference,all,HLA-B*35:03,spearman,0.0,13,13,True
allele_mean,leave_one_allele_out,reference,all,HLA-B*35:03,pearson_log,0.0,13,13,True
allele_mean,leave_one_allele_out,reference,all,HLA-B*35:03,auc_gt_2h,0.5,13,13,True
allele_mean,leave_one_allele_out,reference,all,HLA-B*35:08,spearman,0.0,13,13,True
allele_mean,leave_one_allele_out,reference,all,HLA-B*35:08,pearson_log,0.0,13,13,True
allele_mean,leave_one_allele_out,reference,all,HLA-B*35:08,auc_gt_2h,0.5,13,13,True
allele_mean,leave_one_allele_out,reference,all,HLA-B*39:01,spearman,0.0,13,13,True
allele_mean,leave_one_allele_out,reference,all,HLA-B*39:01,pearson_log,0.0,13,13,True
allele_mean,leave_one_allele_out,reference,all,HLA-B*39:01,auc_gt_2h,0.5,13,13,True
allele_mean,leave_one_allele_out,reference,all,HLA-B*39:02,spearman,0.0,13,13,True
allele_mean,leave_one_allele_out,reference,all,HLA-B*39:02,pearson_log,0.0,13,13,True
allele_mean,leave_one_allele_out,reference,all,HLA-B*39:02,auc_gt_2h,0.5,13,13,True
allele_mean,leave_one_allele_out,reference,all,HLA-B*39:06(C67S),spearman,0.0,13,13,True
allele_mean,leave_one_allele_out,reference,all,HLA-B*39:06(C67S),pearson_log,0.0,13,13,True
allele_mean,leave_one_allele_out,reference,all,HLA-B*39:06(C67S),auc_gt_2h,0.5,13,13,True
allele_mean,leave_one_allele_out,reference,all,HLA-B*39:10,spearman,0.0,13,13,True
allele_mean,leave_one_allele_out,reference,all,HLA-B*39:10,pearson_log,0.0,13,13,True
allele_mean,leave_one_allele_out,reference,all,HLA-B*39:10,auc_gt_2h,0.5,13,13,True
allele_mean,leave_one_allele_out,reference,all,HLA-B*40:01,spearman,0.0,13,13,True
allele_mean,leave_one_allele_out,reference,all,HLA-B*40:01,pearson_log,0.0,13,13,True
allele_mean,leave_one_allele_out,reference,all,HLA-B*40:01,auc_gt_2h,0.5,13,13,True
allele_mean,leave_one_allele_out,reference,all,HLA-B*40:02,spearman,0.0,13,13,True
allele_mean,leave_one_allele_out,reference,all,HLA-B*40:02,pearson_log,0.0,13,13,True
allele_mean,leave_one_allele_out,reference,all,HLA-B*40:02,auc_gt_2h,0.5,13,13,True
allele_mean,leave_one_allele_out,reference,all,HLA-B*41:01,spearman,0.0,13,13,True
allele_mean,leave_one_allele_out,reference,all,HLA-B*41:01,pearson_log,0.0,13,13,True
allele_mean,leave_one_allele_out,reference,all,HLA-B*41:01,auc_gt_2h,,13,13,True
allele_mean,leave_one_allele_out,reference,all,HLA-B*42:01,spearman,0.0,13,13,True
allele_mean,leave_one_allele_out,reference,all,HLA-B*42:01,pearson_log,0.0,13,13,True
allele_mean,leave_one_allele_out,reference,all,HLA-B*42:01,auc_gt_2h,0.5,13,13,True
allele_mean,leave_one_allele_out,reference,all,HLA-B*42:02,spearman,0.0,13,13,True
allele_mean,leave_one_allele_out,reference,all,HLA-B*42:02,pearson_log,0.0,13,13,True
allele_mean,leave_one_allele_out,reference,all,HLA-B*42:02,auc_gt_2h,0.5,13,13,True
allele_mean,leave_one_allele_out,reference,all,HLA-B*44:05,spearman,0.0,13,13,True
allele_mean,leave_one_allele_out,reference,all,HLA-B*44:05,pearson_log,0.0,13,13,True
allele_mean,leave_one_allele_out,reference,all,HLA-B*44:05,auc_gt_2h,0.5,13,13,True
allele_mean,leave_one_allele_out,reference,all,HLA-B*45:01,spearman,0.0,13,13,True
allele_mean,leave_one_allele_out,reference,all,HLA-B*45:01,pearson_log,0.0,13,13,True
allele_mean,leave_one_allele_out,reference,all,HLA-B*45:01,auc_gt_2h,0.5,13,13,True
allele_mean,leave_one_allele_out,reference,all,HLA-B*46:01,spearman,0.0,13,13,True
allele_mean,leave_one_allele_out,reference,all,HLA-B*46:01,pearson_log,0.0,13,13,True
allele_mean,leave_one_allele_out,reference,all,HLA-B*46:01,auc_gt_2h,0.5,13,13,True
allele_mean,leave_one_allele_out,reference,all,HLA-B*51:01,spearman,0.0,13,13,True
allele_mean,leave_one_allele_out,reference,all,HLA-B*51:01,pearson_log,0.0,13,13,True
allele_mean,leave_one_allele_out,reference,all,HLA-B*51:01,auc_gt_2h,0.5,13,13,True
allele_mean,leave_one_allele_out,reference,all,HLA-B*54:01,spearman,0.0,13,13,True
allele_mean,leave_one_allele_out,reference,all,HLA-B*54:01,pearson_log,0.0,13,13,True
allele_mean,leave_one_allele_out,reference,all,HLA-B*54:01,auc_gt_2h,0.5,13,13,True
allele_mean,leave_one_allele_out,reference,all,HLA-B*55:01,spearman,0.0,13,13,True
allele_mean,leave_one_allele_out,reference,all,HLA-B*55:01,pearson_log,0.0,13,13,True
allele_mean,leave_one_allele_out,reference,all,HLA-B*55:01,auc_gt_2h,0.5,13,13,True
allele_mean,leave_one_allele_out,reference,all,HLA-B*56:01,spearman,0.0,13,13,True
allele_mean,leave_one_allele_out,reference,all,HLA-B*56:01,pearson_log,0.0,13,13,True
allele_mean,leave_one_allele_out,reference,all,HLA-B*56:01,auc_gt_2h,,13,13,True
allele_mean,leave_one_allele_out,reference,all,HLA-B*57:01,spearman,0.0,13,13,True
allele_mean,leave_one_allele_out,reference,all,HLA-B*57:01,pearson_log,0.0,13,13,True
allele_mean,leave_one_allele_out,reference,all,HLA-B*57:01,auc_gt_2h,0.5,13,13,True
allele_mean,leave_one_allele_out,reference,all,HLA-B*57:02,spearman,0.0,13,13,True
allele_mean,leave_one_allele_out,reference,all,HLA-B*57:02,pearson_log,0.0,13,13,True
allele_mean,leave_one_allele_out,reference,all,HLA-B*57:02,auc_gt_2h,0.5,13,13,True
allele_mean,leave_one_allele_out,reference,all,HLA-B*57:03,spearman,0.0,13,13,True
allele_mean,leave_one_allele_out,reference,all,HLA-B*57:03,pearson_log,0.0,13,13,True
allele_mean,leave_one_allele_out,reference,all,HLA-B*57:03,auc_gt_2h,0.5,13,13,True
allele_mean,leave_one_allele_out,reference,all,HLA-B*58:01,spearman,0.0,13,13,True
allele_mean,leave_one_allele_out,reference,all,HLA-B*58:01,pearson_log,0.0,13,13,True
allele_mean,leave_one_allele_out,reference,all,HLA-B*58:01,auc_gt_2h,0.5,13,13,True
allele_mean,leave_one_allele_out,reference,all,HLA-B*81:01,spearman,0.0,13,13,True
allele_mean,leave_one_allele_out,reference,all,HLA-B*81:01,pearson_log,0.0,13,13,True
allele_mean,leave_one_allele_out,reference,all,HLA-B*81:01,auc_gt_2h,0.5,13,13,True
allele_mean,leave_one_allele_out,reference,nonzero,HLA-A*01:01,spearman,0.0,13,13,True
allele_mean,leave_one_allele_out,reference,nonzero,HLA-A*01:01,pearson_log,0.0,13,13,True
allele_mean,leave_one_allele_out,reference,nonzero,HLA-A*01:01,auc_gt_2h,0.5,13,13,True
allele_mean,leave_one_allele_out,reference,nonzero,HLA-A*02:01,spearman,0.0,14,14,True
allele_mean,leave_one_allele_out,reference,nonzero,HLA-A*02:01,pearson_log,0.0,14,14,True
allele_mean,leave_one_allele_out,reference,nonzero,HLA-A*02:01,auc_gt_2h,0.5,14,14,True
allele_mean,leave_one_allele_out,reference,nonzero,HLA-A*02:03,spearman,0.0,11,11,True
allele_mean,leave_one_allele_out,reference,nonzero,HLA-A*02:03,pearson_log,0.0,11,11,True
allele_mean,leave_one_allele_out,reference,nonzero,HLA-A*02:03,auc_gt_2h,0.5,11,11,True
allele_mean,leave_one_allele_out,reference,nonzero,HLA-A*02:05,spearman,0.0,14,14,True
allele_mean,leave_one_allele_out,reference,nonzero,HLA-A*02:05,pearson_log,0.0,14,14,True
allele_mean,leave_one_allele_out,reference,nonzero,HLA-A*02:05,auc_gt_2h,0.5,14,14,True
allele_mean,leave_one_allele_out,reference,nonzero,HLA-A*02:10,spearman,0.0,14,14,True
allele_mean,leave_one_allele_out,reference,nonzero,HLA-A*02:10,pearson_log,0.0,14,14,True
allele_mean,leave_one_allele_out,reference,nonzero,HLA-A*02:10,auc_gt_2h,0.5,14,14,True
allele_mean,leave_one_allele_out,reference,nonzero,HLA-A*02:11,spearman,0.0,14,14,True
allele_mean,leave_one_allele_out,reference,nonzero,HLA-A*02:11,pearson_log,0.0,14,14,True
allele_mean,leave_one_allele_out,reference,nonzero,HLA-A*02:11,auc_gt_2h,0.5,14,14,True
allele_mean,leave_one_allele_out,reference,nonzero,HLA-A*02:12,spearman,0.0,14,14,True
allele_mean,leave_one_allele_out,reference,nonzero,HLA-A*02:12,pearson_log,0.0,14,14,True
allele_mean,leave_one_allele_out,reference,nonzero,HLA-A*02:12,auc_gt_2h,0.5,14,14,True
allele_mean,leave_one_allele_out,reference,nonzero,HLA-A*02:16,spearman,0.0,14,14,True
allele_mean,leave_one_allele_out,reference,nonzero,HLA-A*02:16,pearson_log,0.0,14,14,True
allele_mean,leave_one_allele_out,reference,nonzero,HLA-A*02:16,auc_gt_2h,0.5,14,14,True
allele_mean,leave_one_allele_out,reference,nonzero,HLA-A*02:19,spearman,0.0,12,12,True
allele_mean,leave_one_allele_out,reference,nonzero,HLA-A*02:19,pearson_log,0.0,12,12,True
allele_mean,leave_one_allele_out,reference,nonzero,HLA-A*02:19,auc_gt_2h,0.5,12,12,True
allele_mean,leave_one_allele_out,reference,nonzero,HLA-A*02:50,spearman,0.0,14,14,True
allele_mean,leave_one_allele_out,reference,nonzero,HLA-A*02:50,pearson_log,0.0,14,14,True
allele_mean,leave_one_allele_out,reference,nonzero,HLA-A*02:50,auc_gt_2h,0.5,14,14,True
allele_mean,leave_one_allele_out,reference,nonzero,HLA-A*03:01,spearman,0.0,12,12,True
allele_mean,leave_one_allele_out,reference,nonzero,HLA-A*03:01,pearson_log,0.0,12,12,True
allele_mean,leave_one_allele_out,reference,nonzero,HLA-A*03:01,auc_gt_2h,0.5,12,12,True
allele_mean,leave_one_allele_out,reference,nonzero,HLA-A*11:01,spearman,0.0,14,14,True
allele_mean,leave_one_allele_out,reference,nonzero,HLA-A*11:01,pearson_log,0.0,14,14,True
allele_mean,leave_one_allele_out,reference,nonzero,HLA-A*11:01,auc_gt_2h,0.5,14,14,True
allele_mean,leave_one_allele_out,reference,nonzero,HLA-A*23:01,spearman,0.0,14,14,True
allele_mean,leave_one_allele_out,reference,nonzero,HLA-A*23:01,pearson_log,0.0,14,14,True
allele_mean,leave_one_allele_out,reference,nonzero,HLA-A*23:01,auc_gt_2h,0.5,14,14,True
allele_mean,leave_one_allele_out,reference,nonzero,HLA-A*24:02,spearman,0.0,13,13,True
allele_mean,leave_one_allele_out,reference,nonzero,HLA-A*24:02,pearson_log,0.0,13,13,True
allele_mean,leave_one_allele_out,reference,nonzero,HLA-A*24:02,auc_gt_2h,0.5,13,13,True
allele_mean,leave_one_allele_out,reference,nonzero,HLA-A*24:03,spearman,0.0,14,14,True
allele_mean,leave_one_allele_out,reference,nonzero,HLA-A*24:03,pearson_log,0.0,14,14,True
allele_mean,leave_one_allele_out,reference,nonzero,HLA-A*24:03,auc_gt_2h,0.5,14,14,True
allele_mean,leave_one_allele_out,reference,nonzero,HLA-A*24:07,spearman,0.0,14,14,True
allele_mean,leave_one_allele_out,reference,nonzero,HLA-A*24:07,pearson_log,0.0,14,14,True
allele_mean,leave_one_allele_out,reference,nonzero,HLA-A*24:07,auc_gt_2h,0.5,14,14,True
allele_mean,leave_one_allele_out,reference,nonzero,HLA-A*24:19,spearman,0.0,8,8,True
allele_mean,leave_one_allele_out,reference,nonzero,HLA-A*24:19,pearson_log,0.0,8,8,True
allele_mean,leave_one_allele_out,reference,nonzero,HLA-A*24:19,auc_gt_2h,0.5,8,8,True
allele_mean,leave_one_allele_out,reference,nonzero,HLA-A*25:01,spearman,0.0,9,9,True
allele_mean,leave_one_allele_out,reference,nonzero,HLA-A*25:01,pearson_log,0.0,9,9,True
allele_mean,leave_one_allele_out,reference,nonzero,HLA-A*25:01,auc_gt_2h,0.5,9,9,True
allele_mean,leave_one_allele_out,reference,nonzero,HLA-A*26:01,spearman,0.0,13,13,True
allele_mean,leave_one_allele_out,reference,nonzero,HLA-A*26:01,pearson_log,0.0,13,13,True
allele_mean,leave_one_allele_out,reference,nonzero,HLA-A*26:01,auc_gt_2h,0.5,13,13,True
allele_mean,leave_one_allele_out,reference,nonzero,HLA-A*26:02,spearman,0.0,13,13,True
allele_mean,leave_one_allele_out,reference,nonzero,HLA-A*26:02,pearson_log,0.0,13,13,True
allele_mean,leave_one_allele_out,reference,nonzero,HLA-A*26:02,auc_gt_2h,0.5,13,13,True
allele_mean,leave_one_allele_out,reference,nonzero,HLA-A*26:03,spearman,0.0,8,8,True
allele_mean,leave_one_allele_out,reference,nonzero,HLA-A*26:03,pearson_log,0.0,8,8,True
allele_mean,leave_one_allele_out,reference,nonzero,HLA-A*26:03,auc_gt_2h,0.5,8,8,True
allele_mean,leave_one_allele_out,reference,nonzero,HLA-A*29:02,spearman,0.0,14,14,True
allele_mean,leave_one_allele_out,reference,nonzero,HLA-A*29:02,pearson_log,0.0,14,14,True
allele_mean,leave_one_allele_out,reference,nonzero,HLA-A*29:02,auc_gt_2h,0.5,14,14,True
allele_mean,leave_one_allele_out,reference,nonzero,HLA-A*30:01,spearman,0.0,11,11,True
allele_mean,leave_one_allele_out,reference,nonzero,HLA-A*30:01,pearson_log,0.0,11,11,True
allele_mean,leave_one_allele_out,reference,nonzero,HLA-A*30:01,auc_gt_2h,0.5,11,11,True
allele_mean,leave_one_allele_out,reference,nonzero,HLA-A*30:02,spearman,0.0,13,13,True
allele_mean,leave_one_allele_out,reference,nonzero,HLA-A*30:02,pearson_log,0.0,13,13,True
allele_mean,leave_one_allele_out,reference,nonzero,HLA-A*30:02,auc_gt_2h,0.5,13,13,True
allele_mean,leave_one_allele_out,reference,nonzero,HLA-A*31:01,spearman,0.0,14,14,True
allele_mean,leave_one_allele_out,reference,nonzero,HLA-A*31:01,pearson_log,0.0,14,14,True
allele_mean,leave_one_allele_out,reference,nonzero,HLA-A*31:01,auc_gt_2h,0.5,14,14,True
allele_mean,leave_one_allele_out,reference,nonzero,HLA-A*32:01,spearman,0.0,13,13,True
allele_mean,leave_one_allele_out,reference,nonzero,HLA-A*32:01,pearson_log,0.0,13,13,True
allele_mean,leave_one_allele_out,reference,nonzero,HLA-A*32:01,auc_gt_2h,0.5,13,13,True
allele_mean,leave_one_allele_out,reference,nonzero,HLA-A*32:07,spearman,0.0,11,11,True
allele_mean,leave_one_allele_out,reference,nonzero,HLA-A*32:07,pearson_log,0.0,11,11,True
allele_mean,leave_one_allele_out,reference,nonzero,HLA-A*32:07,auc_gt_2h,0.5,11,11,True
allele_mean,leave_one_allele_out,reference,nonzero,HLA-A*33:03,spearman,0.0,7,7,True
allele_mean,leave_one_allele_out,reference,nonzero,HLA-A*33:03,pearson_log,0.0,7,7,True
allele_mean,leave_one_allele_out,reference,nonzero,HLA-A*33:03,auc_gt_2h,0.5,7,7,True
allele_mean,leave_one_allele_out,reference,nonzero,HLA-A*43:01,spearman,0.0,12,12,True
allele_mean,leave_one_allele_out,reference,nonzero,HLA-A*43:01,pearson_log,0.0,12,12,True
allele_mean,leave_one_allele_out,reference,nonzero,HLA-A*43:01,auc_gt_2h,0.5,12,12,True
allele_mean,leave_one_allele_out,reference,nonzero,HLA-A*66:01,spearman,0.0,9,9,True
allele_mean,leave_one_allele_out,reference,nonzero,HLA-A*66:01,pearson_log,0.0,9,9,True
allele_mean,leave_one_allele_out,reference,nonzero,HLA-A*66:01,auc_gt_2h,0.5,9,9,True
allele_mean,leave_one_allele_out,reference,nonzero,HLA-A*68:01,spearman,0.0,10,10,True
allele_mean,leave_one_allele_out,reference,nonzero,HLA-A*68:01,pearson_log,0.0,10,10,True
allele_mean,leave_one_allele_out,reference,nonzero,HLA-A*68:01,auc_gt_2h,0.5,10,10,True
allele_mean,leave_one_allele_out,reference,nonzero,HLA-A*68:02,spearman,0.0,13,13,True
allele_mean,leave_one_allele_out,reference,nonzero,HLA-A*68:02,pearson_log,0.0,13,13,True
allele_mean,leave_one_allele_out,reference,nonzero,HLA-A*68:02,auc_gt_2h,0.5,13,13,True
allele_mean,leave_one_allele_out,reference,nonzero,HLA-A*68:23,spearman,0.0,10,10,True
allele_mean,leave_one_allele_out,reference,nonzero,HLA-A*68:23,pearson_log,0.0,10,10,True
allele_mean,leave_one_allele_out,reference,nonzero,HLA-A*68:23,auc_gt_2h,0.5,10,10,True
allele_mean,leave_one_allele_out,reference,nonzero,HLA-A*69:01,spearman,0.0,9,9,True
allele_mean,leave_one_allele_out,reference,nonzero,HLA-A*69:01,pearson_log,0.0,9,9,True
allele_mean,leave_one_allele_out,reference,nonzero,HLA-A*69:01,auc_gt_2h,0.5,9,9,True
allele_mean,leave_one_allele_out,reference,nonzero,HLA-A*74:01,spearman,0.0,12,12,True
allele_mean,leave_one_allele_out,reference,nonzero,HLA-A*74:01,pearson_log,0.0,12,12,True
allele_mean,leave_one_allele_out,reference,nonzero,HLA-A*74:01,auc_gt_2h,0.5,12,12,True
allele_mean,leave_one_allele_out,reference,nonzero,HLA-A*80:01,spearman,0.0,10,10,True
allele_mean,leave_one_allele_out,reference,nonzero,HLA-A*80:01,pearson_log,0.0,10,10,True
allele_mean,leave_one_allele_out,reference,nonzero,HLA-A*80:01,auc_gt_2h,0.5,10,10,True
allele_mean,leave_one_allele_out,reference,nonzero,HLA-B*07:02,spearman,0.0,13,13,True
allele_mean,leave_one_allele_out,reference,nonzero,HLA-B*07:02,pearson_log,0.0,13,13,True
allele_mean,leave_one_allele_out,reference,nonzero,HLA-B*07:02,auc_gt_2h,0.5,13,13,True
allele_mean,leave_one_allele_out,reference,nonzero,HLA-B*08:01,spearman,0.0,10,10,True
allele_mean,leave_one_allele_out,reference,nonzero,HLA-B*08:01,pearson_log,0.0,10,10,True
allele_mean,leave_one_allele_out,reference,nonzero,HLA-B*08:01,auc_gt_2h,,10,10,True
allele_mean,leave_one_allele_out,reference,nonzero,HLA-B*08:03,spearman,0.0,9,9,True
allele_mean,leave_one_allele_out,reference,nonzero,HLA-B*08:03,pearson_log,0.0,9,9,True
allele_mean,leave_one_allele_out,reference,nonzero,HLA-B*08:03,auc_gt_2h,0.5,9,9,True
allele_mean,leave_one_allele_out,reference,nonzero,HLA-B*13:02,spearman,0.0,4,4,True
allele_mean,leave_one_allele_out,reference,nonzero,HLA-B*13:02,pearson_log,0.0,4,4,True
allele_mean,leave_one_allele_out,reference,nonzero,HLA-B*13:02,auc_gt_2h,0.5,4,4,True
allele_mean,leave_one_allele_out,reference,nonzero,HLA-B*14:01(C67S),spearman,,1,1,True
allele_mean,leave_one_allele_out,reference,nonzero,HLA-B*14:01(C67S),pearson_log,,1,1,True
allele_mean,leave_one_allele_out,reference,nonzero,HLA-B*14:01(C67S),auc_gt_2h,,1,1,True
allele_mean,leave_one_allele_out,reference,nonzero,HLA-B*14:02(C67S),spearman,0.0,5,5,True
allele_mean,leave_one_allele_out,reference,nonzero,HLA-B*14:02(C67S),pearson_log,0.0,5,5,True
allele_mean,leave_one_allele_out,reference,nonzero,HLA-B*14:02(C67S),auc_gt_2h,0.5,5,5,True
allele_mean,leave_one_allele_out,reference,nonzero,HLA-B*15:01,spearman,0.0,11,11,True
allele_mean,leave_one_allele_out,reference,nonzero,HLA-B*15:01,pearson_log,0.0,11,11,True
allele_mean,leave_one_allele_out,reference,nonzero,HLA-B*15:01,auc_gt_2h,0.5,11,11,True
allele_mean,leave_one_allele_out,reference,nonzero,HLA-B*15:02,spearman,0.0,8,8,True
allele_mean,leave_one_allele_out,reference,nonzero,HLA-B*15:02,pearson_log,0.0,8,8,True
allele_mean,leave_one_allele_out,reference,nonzero,HLA-B*15:02,auc_gt_2h,0.5,8,8,True
allele_mean,leave_one_allele_out,reference,nonzero,HLA-B*15:10,spearman,0.0,12,12,True
allele_mean,leave_one_allele_out,reference,nonzero,HLA-B*15:10,pearson_log,0.0,12,12,True
allele_mean,leave_one_allele_out,reference,nonzero,HLA-B*15:10,auc_gt_2h,0.5,12,12,True
allele_mean,leave_one_allele_out,reference,nonzero,HLA-B*15:17,spearman,0.0,10,10,True
allele_mean,leave_one_allele_out,reference,nonzero,HLA-B*15:17,pearson_log,0.0,10,10,True
allele_mean,leave_one_allele_out,reference,nonzero,HLA-B*15:17,auc_gt_2h,0.5,10,10,True
allele_mean,leave_one_allele_out,reference,nonzero,HLA-B*18:01,spearman,0.0,13,13,True
allele_mean,leave_one_allele_out,reference,nonzero,HLA-B*18:01,pearson_log,0.0,13,13,True
allele_mean,leave_one_allele_out,reference,nonzero,HLA-B*18:01,auc_gt_2h,0.5,13,13,True
allele_mean,leave_one_allele_out,reference,nonzero,HLA-B*27:02,spearman,0.0,11,11,True
allele_mean,leave_one_allele_out,reference,nonzero,HLA-B*27:02,pearson_log,0.0,11,11,True
allele_mean,leave_one_allele_out,reference,nonzero,HLA-B*27:02,auc_gt_2h,0.5,11,11,True
allele_mean,leave_one_allele_out,reference,nonzero,HLA-B*27:03,spearman,0.0,9,9,True
allele_mean,leave_one_allele_out,reference,nonzero,HLA-B*27:03,pearson_log,0.0,9,9,True
allele_mean,leave_one_allele_out,reference,nonzero,HLA-B*27:03,auc_gt_2h,0.5,9,9,True
allele_mean,leave_one_allele_out,reference,nonzero,HLA-B*27:05,spearman,0.0,11,11,True
allele_mean,leave_one_allele_out,reference,nonzero,HLA-B*27:05,pearson_log,0.0,11,11,True
allele_mean,leave_one_allele_out,reference,nonzero,HLA-B*27:05,auc_gt_2h,0.5,11,11,True
allele_mean,leave_one_allele_out,reference,nonzero,HLA-B*27:20,spearman,0.0,11,11,True
allele_mean,leave_one_allele_out,reference,nonzero,HLA-B*27:20,pearson_log,0.0,11,11,True
allele_mean,leave_one_allele_out,reference,nonzero,HLA-B*27:20,auc_gt_2h,0.5,11,11,True
allele_mean,leave_one_allele_out,reference,nonzero,HLA-B*35:01,spearman,0.0,9,9,True
allele_mean,leave_one_allele_out,reference,nonzero,HLA-B*35:01,pearson_log,0.0,9,9,True
allele_mean,leave_one_allele_out,reference,nonzero,HLA-B*35:01,auc_gt_2h,0.5,9,9,True
allele_mean,leave_one_allele_out,reference,nonzero,HLA-B*35:03,spearman,0.0,12,12,True
allele_mean,leave_one_allele_out,reference,nonzero,HLA-B*35:03,pearson_log,0.0,12,12,True
allele_mean,leave_one_allele_out,reference,nonzero,HLA-B*35:03,auc_gt_2h,0.5,12,12,True
allele_mean,leave_one_allele_out,reference,nonzero,HLA-B*35:08,spearman,0.0,11,11,True
allele_mean,leave_one_allele_out,reference,nonzero,HLA-B*35:08,pearson_log,0.0,11,11,True
allele_mean,leave_one_allele_out,reference,nonzero,HLA-B*35:08,auc_gt_2h,0.5,11,11,True
allele_mean,leave_one_allele_out,reference,nonzero,HLA-B*39:01,spearman,0.0,11,11,True
allele_mean,leave_one_allele_out,reference,nonzero,HLA-B*39:01,pearson_log,0.0,11,11,True
allele_mean,leave_one_allele_out,reference,nonzero,HLA-B*39:01,auc_gt_2h,0.5,11,11,True
allele_mean,leave_one_allele_out,reference,nonzero,HLA-B*39:02,spearman,0.0,9,9,True
allele_mean,leave_one_allele_out,reference,nonzero,HLA-B*39:02,pearson_log,0.0,9,9,True
allele_mean,leave_one_allele_out,reference,nonzero,HLA-B*39:02,auc_gt_2h,0.5,9,9,True
allele_mean,leave_one_allele_out,reference,nonzero,HLA-B*39:06(C67S),spearman,,1,1,True
allele_mean,leave_one_allele_out,reference,nonzero,HLA-B*39:06(C67S),pearson_log,,1,1,True
allele_mean,leave_one_allele_out,reference,nonzero,HLA-B*39:06(C67S),auc_gt_2h,,1,1,True
allele_mean,leave_one_allele_out,reference,nonzero,HLA-B*39:10,spearman,0.0,11,11,True
allele_mean,leave_one_allele_out,reference,nonzero,HLA-B*39:10,pearson_log,0.0,11,11,True
allele_mean,leave_one_allele_out,reference,nonzero,HLA-B*39:10,auc_gt_2h,0.5,11,11,True
allele_mean,leave_one_allele_out,reference,nonzero,HLA-B*40:01,spearman,0.0,12,12,True
allele_mean,leave_one_allele_out,reference,nonzero,HLA-B*40:01,pearson_log,0.0,12,12,True
allele_mean,leave_one_allele_out,reference,nonzero,HLA-B*40:01,auc_gt_2h,0.5,12,12,True
allele_mean,leave_one_allele_out,reference,nonzero,HLA-B*40:02,spearman,0.0,13,13,True
allele_mean,leave_one_allele_out,reference,nonzero,HLA-B*40:02,pearson_log,0.0,13,13,True
allele_mean,leave_one_allele_out,reference,nonzero,HLA-B*40:02,auc_gt_2h,0.5,13,13,True
allele_mean,leave_one_allele_out,reference,nonzero,HLA-B*41:01,spearman,0.0,6,6,True
allele_mean,leave_one_allele_out,reference,nonzero,HLA-B*41:01,pearson_log,0.0,6,6,True
allele_mean,leave_one_allele_out,reference,nonzero,HLA-B*41:01,auc_gt_2h,,6,6,True
allele_mean,leave_one_allele_out,reference,nonzero,HLA-B*42:01,spearman,0.0,12,12,True
allele_mean,leave_one_allele_out,reference,nonzero,HLA-B*42:01,pearson_log,0.0,12,12,True
allele_mean,leave_one_allele_out,reference,nonzero,HLA-B*42:01,auc_gt_2h,0.5,12,12,True
allele_mean,leave_one_allele_out,reference,nonzero,HLA-B*42:02,spearman,0.0,11,11,True
allele_mean,leave_one_allele_out,reference,nonzero,HLA-B*42:02,pearson_log,0.0,11,11,True
allele_mean,leave_one_allele_out,reference,nonzero,HLA-B*42:02,auc_gt_2h,0.5,11,11,True
allele_mean,leave_one_allele_out,reference,nonzero,HLA-B*44:05,spearman,0.0,12,12,True
allele_mean,leave_one_allele_out,reference,nonzero,HLA-B*44:05,pearson_log,0.0,12,12,True
allele_mean,leave_one_allele_out,reference,nonzero,HLA-B*44:05,auc_gt_2h,0.5,12,12,True
allele_mean,leave_one_allele_out,reference,nonzero,HLA-B*45:01,spearman,0.0,3,3,True
allele_mean,leave_one_allele_out,reference,nonzero,HLA-B*45:01,pearson_log,0.0,3,3,True
allele_mean,leave_one_allele_out,reference,nonzero,HLA-B*45:01,auc_gt_2h,0.5,3,3,True
allele_mean,leave_one_allele_out,reference,nonzero,HLA-B*46:01,spearman,0.0,7,7,True
allele_mean,leave_one_allele_out,reference,nonzero,HLA-B*46:01,pearson_log,0.0,7,7,True
allele_mean,leave_one_allele_out,reference,nonzero,HLA-B*46:01,auc_gt_2h,0.5,7,7,True
allele_mean,leave_one_allele_out,reference,nonzero,HLA-B*51:01,spearman,0.0,4,4,True
allele_mean,leave_one_allele_out,reference,nonzero,HLA-B*51:01,pearson_log,0.0,4,4,True
allele_mean,leave_one_allele_out,reference,nonzero,HLA-B*51:01,auc_gt_2h,,4,4,True
allele_mean,leave_one_allele_out,reference,nonzero,HLA-B*54:01,spearman,0.0,8,8,True
allele_mean,leave_one_allele_out,reference,nonzero,HLA-B*54:01,pearson_log,0.0,8,8,True
allele_mean,leave_one_allele_out,reference,nonzero,HLA-B*54:01,auc_gt_2h,0.5,8,8,True
allele_mean,leave_one_allele_out,reference,nonzero,HLA-B*55:01,spearman,0.0,3,3,True
allele_mean,leave_one_allele_out,reference,nonzero,HLA-B*55:01,pearson_log,0.0,3,3,True
allele_mean,leave_one_allele_out,reference,nonzero,HLA-B*55:01,auc_gt_2h,0.5,3,3,True
allele_mean,leave_one_allele_out,reference,nonzero,HLA-B*56:01,spearman,0.0,8,8,True
allele_mean,leave_one_allele_out,reference,nonzero,HLA-B*56:01,pearson_log,0.0,8,8,True
allele_mean,leave_one_allele_out,reference,nonzero,HLA-B*56:01,auc_gt_2h,,8,8,True
allele_mean,leave_one_allele_out,reference,nonzero,HLA-B*57:01,spearman,0.0,12,12,True
allele_mean,leave_one_allele_out,reference,nonzero,HLA-B*57:01,pearson_log,0.0,12,12,True
allele_mean,leave_one_allele_out,reference,nonzero,HLA-B*57:01,auc_gt_2h,,12,12,True
allele_mean,leave_one_allele_out,reference,nonzero,HLA-B*57:02,spearman,0.0,13,13,True
allele_mean,leave_one_allele_out,reference,nonzero,HLA-B*57:02,pearson_log,0.0,13,13,True
allele_mean,leave_one_allele_out,reference,nonzero,HLA-B*57:02,auc_gt_2h,0.5,13,13,True
allele_mean,leave_one_allele_out,reference,nonzero,HLA-B*57:03,spearman,0.0,13,13,True
allele_mean,leave_one_allele_out,reference,nonzero,HLA-B*57:03,pearson_log,0.0,13,13,True
allele_mean,leave_one_allele_out,reference,nonzero,HLA-B*57:03,auc_gt_2h,0.5,13,13,True
allele_mean,leave_one_allele_out,reference,nonzero,HLA-B*58:01,spearman,0.0,12,12,True
allele_mean,leave_one_allele_out,reference,nonzero,HLA-B*58:01,pearson_log,0.0,12,12,True
allele_mean,leave_one_allele_out,reference,nonzero,HLA-B*58:01,auc_gt_2h,0.5,12,12,True
allele_mean,leave_one_allele_out,reference,nonzero,HLA-B*81:01,spearman,0.0,11,11,True
allele_mean,leave_one_allele_out,reference,nonzero,HLA-B*81:01,pearson_log,0.0,11,11,True
allele_mean,leave_one_allele_out,reference,nonzero,HLA-B*81:01,auc_gt_2h,0.5,11,11,True
allele_mean,peptide_disjoint,reference,all,HLA-A*01:01,spearman,,2,2,True
allele_mean,peptide_disjoint,reference,all,HLA-A*01:01,pearson_log,,2,2,True
allele_mean,peptide_disjoint,reference,all,HLA-A*01:01,auc_gt_2h,0.5,2,2,True
allele_mean,peptide_disjoint,reference,all,HLA-A*02:01,spearman,0.0,3,3,True
allele_mean,peptide_disjoint,reference,all,HLA-A*02:01,pearson_log,0.0,3,3,True
allele_mean,peptide_disjoint,reference,all,HLA-A*02:01,auc_gt_2h,,3,3,True
allele_mean,peptide_disjoint,reference,all,HLA-A*02:03,spearman,,2,2,True
allele_mean,peptide_disjoint,reference,all,HLA-A*02:03,pearson_log,,2,2,True
allele_mean,peptide_disjoint,reference,all,HLA-A*02:03,auc_gt_2h,0.5,2,2,True
allele_mean,peptide_disjoint,reference,all,HLA-A*02:05,spearman,0.0,5,5,True
allele_mean,peptide_disjoint,reference,all,HLA-A*02:05,pearson_log,0.0,5,5,True
allele_mean,peptide_disjoint,reference,all,HLA-A*02:05,auc_gt_2h,0.5,5,5,True
allele_mean,peptide_disjoint,reference,all,HLA-A*02:10,spearman,,2,2,True
allele_mean,peptide_disjoint,reference,all,HLA-A*02:10,pearson_log,,2,2,True
allele_mean,peptide_disjoint,reference,all,HLA-A*02:10,auc_gt_2h,0.5,2,2,True
allele_mean,peptide_disjoint,reference,all,HLA-A*02:11,spearman,,2,2,True
allele_mean,peptide_disjoint,reference,all,HLA-A*02:11,pearson_log,,2,2,True
allele_mean,peptide_disjoint,reference,all,HLA-A*02:11,auc_gt_2h,,2,2,True
allele_mean,peptide_disjoint,reference,all,HLA-A*02:12,spearman,0.0,4,4,True
allele_mean,peptide_disjoint,reference,all,HLA-A*02:12,pearson_log,0.0,4,4,True
allele_mean,peptide_disjoint,reference,all,HLA-A*02:12,auc_gt_2h,0.5,4,4,True
allele_mean,peptide_disjoint,reference,all,HLA-A*02:19,spearman,0.0,5,5,True
allele_mean,peptide_disjoint,reference,all,HLA-A*02:19,pearson_log,0.0,5,5,True
allele_mean,peptide_disjoint,reference,all,HLA-A*02:19,auc_gt_2h,0.5,5,5,True
allele_mean,peptide_disjoint,reference,all,HLA-A*02:50,spearman,0.0,4,4,True
allele_mean,peptide_disjoint,reference,all,HLA-A*02:50,pearson_log,0.0,4,4,True
allele_mean,peptide_disjoint,reference,all,HLA-A*02:50,auc_gt_2h,,4,4,True
allele_mean,peptide_disjoint,reference,all,HLA-A*03:01,spearman,0.0,5,5,True
allele_mean,peptide_disjoint,reference,all,HLA-A*03:01,pearson_log,0.0,5,5,True
allele_mean,peptide_disjoint,reference,all,HLA-A*03:01,auc_gt_2h,0.5,5,5,True
allele_mean,peptide_disjoint,reference,all,HLA-A*11:01,spearman,,1,1,True
allele_mean,peptide_disjoint,reference,all,HLA-A*11:01,pearson_log,,1,1,True
allele_mean,peptide_disjoint,reference,all,HLA-A*11:01,auc_gt_2h,,1,1,True
allele_mean,peptide_disjoint,reference,all,HLA-A*23:01,spearman,,2,2,True
allele_mean,peptide_disjoint,reference,all,HLA-A*23:01,pearson_log,,2,2,True
allele_mean,peptide_disjoint,reference,all,HLA-A*23:01,auc_gt_2h,0.5,2,2,True
allele_mean,peptide_disjoint,reference,all,HLA-A*24:02,spearman,0.0,4,4,True
allele_mean,peptide_disjoint,reference,all,HLA-A*24:02,pearson_log,0.0,4,4,True
allele_mean,peptide_disjoint,reference,all,HLA-A*24:02,auc_gt_2h,0.5,4,4,True
allele_mean,peptide_disjoint,reference,all,HLA-A*24:03,spearman,,2,2,True
allele_mean,peptide_disjoint,reference,all,HLA-A*24:03,pearson_log,,2,2,True
allele_mean,peptide_disjoint,reference,all,HLA-A*24:03,auc_gt_2h,,2,2,True
allele_mean,peptide_disjoint,reference,all,HLA-A*24:07,spearman,,2,2,True
allele_mean,peptide_disjoint,reference,all,HLA-A*24:07,pearson_log,,2,2,True
allele_mean,peptide_disjoint,reference,all,HLA-A*24:07,auc_gt_2h,0.5,2,2,True
allele_mean,peptide_disjoint,reference,all,HLA-A*24:19,spearman,0.0,3,3,True
allele_mean,peptide_disjoint,reference,all,HLA-A*24:19,pearson_log,0.0,3,3,True
allele_mean,peptide_disjoint,reference,all,HLA-A*24:19,auc_gt_2h,,3,3,True
allele_mean,peptide_disjoint,reference,all,HLA-A*25:01,spearman,,1,1,True
allele_mean,peptide_disjoint,reference,all,HLA-A*25:01,pearson_log,,1,1,True
allele_mean,peptide_disjoint,reference,all,HLA-A*25:01,auc_gt_2h,,1,1,True
allele_mean,peptide_disjoint,reference,all,HLA-A*26:01,spearman,0.0,3,3,True
allele_mean,peptide_disjoint,reference,all,HLA-A*26:01,pearson_log,0.0,3,3,True
allele_mean,peptide_disjoint,reference,all,HLA-A*26:01,auc_gt_2h,,3,3,True
allele_mean,peptide_disjoint,reference,all,HLA-A*26:02,spearman,,2,2,True
allele_mean,peptide_disjoint,reference,all,HLA-A*26:02,pearson_log,,2,2,True
allele_mean,peptide_disjoint,reference,all,HLA-A*26:02,auc_gt_2h,,2,2,True
allele_mean,peptide_disjoint,reference,all,HLA-A*26:03,spearman,,1,1,True
allele_mean,peptide_disjoint,reference,all,HLA-A*26:03,pearson_log,,1,1,True
allele_mean,peptide_disjoint,reference,all,HLA-A*26:03,auc_gt_2h,,1,1,True
allele_mean,peptide_disjoint,reference,all,HLA-A*29:02,spearman,0.0,5,5,True
allele_mean,peptide_disjoint,reference,all,HLA-A*29:02,pearson_log,0.0,5,5,True
allele_mean,peptide_disjoint,reference,all,HLA-A*29:02,auc_gt_2h,0.5,5,5,True
allele_mean,peptide_disjoint,reference,all,HLA-A*30:01,spearman,,2,2,True
allele_mean,peptide_disjoint,reference,all,HLA-A*30:01,pearson_log,,2,2,True
allele_mean,peptide_disjoint,reference,all,HLA-A*30:01,auc_gt_2h,,2,2,True
allele_mean,peptide_disjoint,reference,all,HLA-A*30:02,spearman,,2,2,True
allele_mean,peptide_disjoint,reference,all,HLA-A*30:02,pearson_log,,2,2,True
allele_mean,peptide_disjoint,reference,all,HLA-A*30:02,auc_gt_2h,0.5,2,2,True
allele_mean,peptide_disjoint,reference,all,HLA-A*31:01,spearman,0.0,3,3,True
allele_mean,peptide_disjoint,reference,all,HLA-A*31:01,pearson_log,0.0,3,3,True
allele_mean,peptide_disjoint,reference,all,HLA-A*31:01,auc_gt_2h,,3,3,True
allele_mean,peptide_disjoint,reference,all,HLA-A*32:01,spearman,0.0,3,3,True
allele_mean,peptide_disjoint,reference,all,HLA-A*32:01,pearson_log,0.0,3,3,True
allele_mean,peptide_disjoint,reference,all,HLA-A*32:01,auc_gt_2h,0.5,3,3,True
allele_mean,peptide_disjoint,reference,all,HLA-A*32:07,spearman,0.0,3,3,True
allele_mean,peptide_disjoint,reference,all,HLA-A*32:07,pearson_log,0.0,3,3,True
allele_mean,peptide_disjoint,reference,all,HLA-A*32:07,auc_gt_2h,0.5,3,3,True
allele_mean,peptide_disjoint,reference,all,HLA-A*33:03,spearman,,2,2,True
allele_mean,peptide_disjoint,reference,all,HLA-A*33:03,pearson_log,,2,2,True
allele_mean,peptide_disjoint,reference,all,HLA-A*33:03,auc_gt_2h,0.5,2,2,True
allele_mean,peptide_disjoint,reference,all,HLA-A*43:01,spearman,0.0,6,6,True
allele_mean,peptide_disjoint,reference,all,HLA-A*43:01,pearson_log,0.0,6,6,True
allele_mean,peptide_disjoint,reference,all,HLA-A*43:01,auc_gt_2h,0.5,6,6,True
allele_mean,peptide_disjoint,reference,all,HLA-A*66:01,spearman,,1,1,True
allele_mean,peptide_disjoint,reference,all,HLA-A*66:01,pearson_log,,1,1,True
allele_mean,peptide_disjoint,reference,all,HLA-A*66:01,auc_gt_2h,,1,1,True
allele_mean,peptide_disjoint,reference,all,HLA-A*68:01,spearman,0.0,5,5,True
allele_mean,peptide_disjoint,reference,all,HLA-A*68:01,pearson_log,0.0,5,5,True
allele_mean,peptide_disjoint,reference,all,HLA-A*68:01,auc_gt_2h,0.5,5,5,True
allele_mean,peptide_disjoint,reference,all,HLA-A*68:02,spearman,0.0,5,5,True
allele_mean,peptide_disjoint,reference,all,HLA-A*68:02,pearson_log,0.0,5,5,True
allele_mean,peptide_disjoint,reference,all,HLA-A*68:02,auc_gt_2h,,5,5,True
allele_mean,peptide_disjoint,reference,all,HLA-A*68:23,spearman,0.0,4,4,True
allele_mean,peptide_disjoint,reference,all,HLA-A*68:23,pearson_log,0.0,4,4,True
allele_mean,peptide_disjoint,reference,all,HLA-A*68:23,auc_gt_2h,,4,4,True
allele_mean,peptide_disjoint,reference,all,HLA-A*69:01,spearman,0.0,5,5,True
allele_mean,peptide_disjoint,reference,all,HLA-A*69:01,pearson_log,0.0,5,5,True
allele_mean,peptide_disjoint,reference,all,HLA-A*69:01,auc_gt_2h,,5,5,True
allele_mean,peptide_disjoint,reference,all,HLA-A*74:01,spearman,,1,1,True
allele_mean,peptide_disjoint,reference,all,HLA-A*74:01,pearson_log,,1,1,True
allele_mean,peptide_disjoint,reference,all,HLA-A*74:01,auc_gt_2h,,1,1,True
allele_mean,peptide_disjoint,reference,all,HLA-A*80:01,spearman,,2,2,True
allele_mean,peptide_disjoint,reference,all,HLA-A*80:01,pearson_log,,2,2,True
allele_mean,peptide_disjoint,reference,all,HLA-A*80:01,auc_gt_2h,,2,2,True
allele_mean,peptide_disjoint,reference,all,HLA-B*07:02,spearman,0.0,5,5,True
allele_mean,peptide_disjoint,reference,all,HLA-B*07:02,pearson_log,0.0,5,5,True
allele_mean,peptide_disjoint,reference,all,HLA-B*07:02,auc_gt_2h,0.5,5,5,True
allele_mean,peptide_disjoint,reference,all,HLA-B*08:01,spearman,,2,2,True
allele_mean,peptide_disjoint,reference,all,HLA-B*08:01,pearson_log,,2,2,True
allele_mean,peptide_disjoint,reference,all,HLA-B*08:01,auc_gt_2h,,2,2,True
allele_mean,peptide_disjoint,reference,all,HLA-B*08:03,spearman,,2,2,True
allele_mean,peptide_disjoint,reference,all,HLA-B*08:03,pearson_log,,2,2,True
allele_mean,peptide_disjoint,reference,all,HLA-B*08:03,auc_gt_2h,0.5,2,2,True
allele_mean,peptide_disjoint,reference,all,HLA-B*13:02,spearman,,2,2,True
allele_mean,peptide_disjoint,reference,all,HLA-B*13:02,pearson_log,,2,2,True
allele_mean,peptide_disjoint,reference,all,HLA-B*13:02,auc_gt_2h,0.5,2,2,True
allele_mean,peptide_disjoint,reference,all,HLA-B*14:01(C67S),spearman,,1,1,True
allele_mean,peptide_disjoint,reference,all,HLA-B*14:01(C67S),pearson_log,,1,1,True
allele_mean,peptide_disjoint,reference,all,HLA-B*14:01(C67S),auc_gt_2h,,1,1,True
allele_mean,peptide_disjoint,reference,all,HLA-B*14:02(C67S),spearman,,1,1,True
allele_mean,peptide_disjoint,reference,all,HLA-B*14:02(C67S),pearson_log,,1,1,True
allele_mean,peptide_disjoint,reference,all,HLA-B*14:02(C67S),auc_gt_2h,,1,1,True
allele_mean,peptide_disjoint,reference,all,HLA-B*15:01,spearman,0.0,4,4,True
allele_mean,peptide_disjoint,reference,all,HLA-B*15:01,pearson_log,0.0,4,4,True
allele_mean,peptide_disjoint,reference,all,HLA-B*15:01,auc_gt_2h,0.5,4,4,True
allele_mean,peptide_disjoint,reference,all,HLA-B*15:10,spearman,,2,2,True
allele_mean,peptide_disjoint,reference,all,HLA-B*15:10,pearson_log,,2,2,True
allele_mean,peptide_disjoint,reference,all,HLA-B*15:10,auc_gt_2h,0.5,2,2,True
allele_mean,peptide_disjoint,reference,all,HLA-B*18:01,spearman,,2,2,True
allele_mean,peptide_disjoint,reference,all,HLA-B*18:01,pearson_log,,2,2,True
allele_mean,peptide_disjoint,reference,all,HLA-B*18:01,auc_gt_2h,,2,2,True
allele_mean,peptide_disjoint,reference,all,HLA-B*27:02,spearman,0.0,3,3,True
allele_mean,peptide_disjoint,reference,all,HLA-B*27:02,pearson_log,0.0,3,3,True
allele_mean,peptide_disjoint,reference,all,HLA-B*27:02,auc_gt_2h,0.5,3,3,True
allele_mean,peptide_disjoint,reference,all,HLA-B*27:03,spearman,0.0,3,3,True
allele_mean,peptide_disjoint,reference,all,HLA-B*27:03,pearson_log,0.0,3,3,True
allele_mean,peptide_disjoint,reference,all,HLA-B*27:03,auc_gt_2h,0.5,3,3,True
allele_mean,peptide_disjoint,reference,all,HLA-B*27:05,spearman,,2,2,True
allele_mean,peptide_disjoint,reference,all,HLA-B*27:05,pearson_log,,2,2,True
allele_mean,peptide_disjoint,reference,all,HLA-B*27:05,auc_gt_2h,,2,2,True
allele_mean,peptide_disjoint,reference,all,HLA-B*27:20,spearman,0.0,3,3,True
allele_mean,peptide_disjoint,reference,all,HLA-B*27:20,pearson_log,0.0,3,3,True
allele_mean,peptide_disjoint,reference,all,HLA-B*27:20,auc_gt_2h,0.5,3,3,True
allele_mean,peptide_disjoint,reference,all,HLA-B*35:01,spearman,,2,2,True
allele_mean,peptide_disjoint,reference,all,HLA-B*35:01,pearson_log,,2,2,True
allele_mean,peptide_disjoint,reference,all,HLA-B*35:01,auc_gt_2h,0.5,2,2,True
allele_mean,peptide_disjoint,reference,all,HLA-B*35:03,spearman,,2,2,True
allele_mean,peptide_disjoint,reference,all,HLA-B*35:03,pearson_log,,2,2,True
allele_mean,peptide_disjoint,reference,all,HLA-B*35:03,auc_gt_2h,0.5,2,2,True
allele_mean,peptide_disjoint,reference,all,HLA-B*35:08,spearman,0.0,3,3,True
allele_mean,peptide_disjoint,reference,all,HLA-B*35:08,pearson_log,0.0,3,3,True
allele_mean,peptide_disjoint,reference,all,HLA-B*35:08,auc_gt_2h,0.5,3,3,True
allele_mean,peptide_disjoint,reference,all,HLA-B*39:01,spearman,0.0,5,5,True
allele_mean,peptide_disjoint,reference,all,HLA-B*39:01,pearson_log,0.0,5,5,True
allele_mean,peptide_disjoint,reference,all,HLA-B*39:01,auc_gt_2h,0.5,5,5,True
allele_mean,peptide_disjoint,reference,all,HLA-B*39:02,spearman,,1,1,True
allele_mean,peptide_disjoint,reference,all,HLA-B*39:02,pearson_log,,1,1,True
allele_mean,peptide_disjoint,reference,all,HLA-B*39:02,auc_gt_2h,,1,1,True
allele_mean,peptide_disjoint,reference,all,HLA-B*39:06(C67S),spearman,0.0,3,3,True
allele_mean,peptide_disjoint,reference,all,HLA-B*39:06(C67S),pearson_log,0.0,3,3,True
allele_mean,peptide_disjoint,reference,all,HLA-B*39:06(C67S),auc_gt_2h,0.5,3,3,True
allele_mean,peptide_disjoint,reference,all,HLA-B*39:10,spearman,,1,1,True
allele_mean,peptide_disjoint,reference,all,HLA-B*39:10,pearson_log,,1,1,True
allele_mean,peptide_disjoint,reference,all,HLA-B*39:10,auc_gt_2h,,1,1,True
allele_mean,peptide_disjoint,reference,all,HLA-B*40:01,spearman,,2,2,True
allele_mean,peptide_disjoint,reference,all,HLA-B*40:01,pearson_log,,2,2,True
allele_mean,peptide_disjoint,reference,all,HLA-B*40:01,auc_gt_2h,,2,2,True
allele_mean,peptide_disjoint,reference,all,HLA-B*40:02,spearman,,2,2,True
allele_mean,peptide_disjoint,reference,all,HLA-B*40:02,pearson_log,,2,2,True
allele_mean,peptide_disjoint,reference,all,HLA-B*40:02,auc_gt_2h,0.5,2,2,True
allele_mean,peptide_disjoint,reference,all,HLA-B*41:01,spearman,0.0,3,3,True
allele_mean,peptide_disjoint,reference,all,HLA-B*41:01,pearson_log,0.0,3,3,True
allele_mean,peptide_disjoint,reference,all,HLA-B*41:01,auc_gt_2h,,3,3,True
allele_mean,peptide_disjoint,reference,all,HLA-B*42:01,spearman,,1,1,True
allele_mean,peptide_disjoint,reference,all,HLA-B*42:01,pearson_log,,1,1,True
allele_mean,peptide_disjoint,reference,all,HLA-B*42:01,auc_gt_2h,,1,1,True
allele_mean,peptide_disjoint,reference,all,HLA-B*42:02,spearman,0.0,3,3,True
allele_mean,peptide_disjoint,reference,all,HLA-B*42:02,pearson_log,0.0,3,3,True
allele_mean,peptide_disjoint,reference,all,HLA-B*42:02,auc_gt_2h,0.5,3,3,True
allele_mean,peptide_disjoint,reference,all,HLA-B*44:05,spearman,,1,1,True
allele_mean,peptide_disjoint,reference,all,HLA-B*44:05,pearson_log,,1,1,True
allele_mean,peptide_disjoint,reference,all,HLA-B*44:05,auc_gt_2h,,1,1,True
allele_mean,peptide_disjoint,reference,all,HLA-B*45:01,spearman,,2,2,True
allele_mean,peptide_disjoint,reference,all,HLA-B*45:01,pearson_log,,2,2,True
allele_mean,peptide_disjoint,reference,all,HLA-B*45:01,auc_gt_2h,,2,2,True
allele_mean,peptide_disjoint,reference,all,HLA-B*51:01,spearman,,1,1,True
allele_mean,peptide_disjoint,reference,all,HLA-B*51:01,pearson_log,,1,1,True
allele_mean,peptide_disjoint,reference,all,HLA-B*51:01,auc_gt_2h,,1,1,True
allele_mean,peptide_disjoint,reference,all,HLA-B*54:01,spearman,0.0,6,6,True
allele_mean,peptide_disjoint,reference,all,HLA-B*54:01,pearson_log,0.0,6,6,True
allele_mean,peptide_disjoint,reference,all,HLA-B*54:01,auc_gt_2h,0.5,6,6,True
allele_mean,peptide_disjoint,reference,all,HLA-B*55:01,spearman,,1,1,True
allele_mean,peptide_disjoint,reference,all,HLA-B*55:01,pearson_log,,1,1,True
allele_mean,peptide_disjoint,reference,all,HLA-B*55:01,auc_gt_2h,,1,1,True
allele_mean,peptide_disjoint,reference,all,HLA-B*56:01,spearman,0.0,3,3,True
allele_mean,peptide_disjoint,reference,all,HLA-B*56:01,pearson_log,0.0,3,3,True
allele_mean,peptide_disjoint,reference,all,HLA-B*56:01,auc_gt_2h,,3,3,True
allele_mean,peptide_disjoint,reference,all,HLA-B*57:01,spearman,,1,1,True
allele_mean,peptide_disjoint,reference,all,HLA-B*57:01,pearson_log,,1,1,True
allele_mean,peptide_disjoint,reference,all,HLA-B*57:01,auc_gt_2h,,1,1,True
allele_mean,peptide_disjoint,reference,all,HLA-B*57:02,spearman,0.0,3,3,True
allele_mean,peptide_disjoint,reference,all,HLA-B*57:02,pearson_log,0.0,3,3,True
allele_mean,peptide_disjoint,reference,all,HLA-B*57:02,auc_gt_2h,,3,3,True
allele_mean,peptide_disjoint,reference,all,HLA-B*57:03,spearman,,2,2,True
allele_mean,peptide_disjoint,reference,all,HLA-B*57:03,pearson_log,,2,2,True
allele_mean,peptide_disjoint,reference,all,HLA-B*57:03,auc_gt_2h,0.5,2,2,True
allele_mean,peptide_disjoint,reference,all,HLA-B*58:01,spearman,0.0,5,5,True
allele_mean,peptide_disjoint,reference,all,HLA-B*58:01,pearson_log,0.0,5,5,True
allele_mean,peptide_disjoint,reference,all,HLA-B*58:01,auc_gt_2h,0.5,5,5,True
allele_mean,peptide_disjoint,reference,all,HLA-B*81:01,spearman,0.0,6,6,True
allele_mean,peptide_disjoint,reference,all,HLA-B*81:01,pearson_log,0.0,6,6,True
allele_mean,peptide_disjoint,reference,all,HLA-B*81:01,auc_gt_2h,,6,6,True
allele_mean,peptide_disjoint,reference,nonzero,HLA-A*01:01,spearman,,2,2,True
allele_mean,peptide_disjoint,reference,nonzero,HLA-A*01:01,pearson_log,,2,2,True
allele_mean,peptide_disjoint,reference,nonzero,HLA-A*01:01,auc_gt_2h,0.5,2,2,True
allele_mean,peptide_disjoint,reference,nonzero,HLA-A*02:01,spearman,0.0,3,3,True
allele_mean,peptide_disjoint,reference,nonzero,HLA-A*02:01,pearson_log,0.0,3,3,True
allele_mean,peptide_disjoint,reference,nonzero,HLA-A*02:01,auc_gt_2h,,3,3,True
allele_mean,peptide_disjoint,reference,nonzero,HLA-A*02:03,spearman,,1,1,True
allele_mean,peptide_disjoint,reference,nonzero,HLA-A*02:03,pearson_log,,1,1,True
allele_mean,peptide_disjoint,reference,nonzero,HLA-A*02:03,auc_gt_2h,,1,1,True
allele_mean,peptide_disjoint,reference,nonzero,HLA-A*02:05,spearman,0.0,5,5,True
allele_mean,peptide_disjoint,reference,nonzero,HLA-A*02:05,pearson_log,0.0,5,5,True
allele_mean,peptide_disjoint,reference,nonzero,HLA-A*02:05,auc_gt_2h,0.5,5,5,True
allele_mean,peptide_disjoint,reference,nonzero,HLA-A*02:10,spearman,,2,2,True
allele_mean,peptide_disjoint,reference,nonzero,HLA-A*02:10,pearson_log,,2,2,True
allele_mean,peptide_disjoint,reference,nonzero,HLA-A*02:10,auc_gt_2h,0.5,2,2,True
allele_mean,peptide_disjoint,reference,nonzero,HLA-A*02:11,spearman,,2,2,True
allele_mean,peptide_disjoint,reference,nonzero,HLA-A*02:11,pearson_log,,2,2,True
allele_mean,peptide_disjoint,reference,nonzero,HLA-A*02:11,auc_gt_2h,,2,2,True
allele_mean,peptide_disjoint,reference,nonzero,HLA-A*02:12,spearman,0.0,4,4,True
allele_mean,peptide_disjoint,reference,nonzero,HLA-A*02:12,pearson_log,0.0,4,4,True
allele_mean,peptide_disjoint,reference,nonzero,HLA-A*02:12,auc_gt_2h,0.5,4,4,True
allele_mean,peptide_disjoint,reference,nonzero,HLA-A*02:19,spearman,0.0,5,5,True
allele_mean,peptide_disjoint,reference,nonzero,HLA-A*02:19,pearson_log,0.0,5,5,True
allele_mean,peptide_disjoint,reference,nonzero,HLA-A*02:19,auc_gt_2h,0.5,5,5,True
allele_mean,peptide_disjoint,reference,nonzero,HLA-A*02:50,spearman,0.0,4,4,True
allele_mean,peptide_disjoint,reference,nonzero,HLA-A*02:50,pearson_log,0.0,4,4,True
allele_mean,peptide_disjoint,reference,nonzero,HLA-A*02:50,auc_gt_2h,,4,4,True
allele_mean,peptide_disjoint,reference,nonzero,HLA-A*03:01,spearman,0.0,5,5,True
allele_mean,peptide_disjoint,reference,nonzero,HLA-A*03:01,pearson_log,0.0,5,5,True
allele_mean,peptide_disjoint,reference,nonzero,HLA-A*03:01,auc_gt_2h,0.5,5,5,True
allele_mean,peptide_disjoint,reference,nonzero,HLA-A*11:01,spearman,,1,1,True
allele_mean,peptide_disjoint,reference,nonzero,HLA-A*11:01,pearson_log,,1,1,True
allele_mean,peptide_disjoint,reference,nonzero,HLA-A*11:01,auc_gt_2h,,1,1,True
allele_mean,peptide_disjoint,reference,nonzero,HLA-A*23:01,spearman,,2,2,True
allele_mean,peptide_disjoint,reference,nonzero,HLA-A*23:01,pearson_log,,2,2,True
allele_mean,peptide_disjoint,reference,nonzero,HLA-A*23:01,auc_gt_2h,0.5,2,2,True
allele_mean,peptide_disjoint,reference,nonzero,HLA-A*24:02,spearman,0.0,4,4,True
allele_mean,peptide_disjoint,reference,nonzero,HLA-A*24:02,pearson_log,0.0,4,4,True
allele_mean,peptide_disjoint,reference,nonzero,HLA-A*24:02,auc_gt_2h,0.5,4,4,True
allele_mean,peptide_disjoint,reference,nonzero,HLA-A*24:03,spearman,,2,2,True
allele_mean,peptide_disjoint,reference,nonzero,HLA-A*24:03,pearson_log,,2,2,True
allele_mean,peptide_disjoint,reference,nonzero,HLA-A*24:03,auc_gt_2h,,2,2,True
allele_mean,peptide_disjoint,reference,nonzero,HLA-A*24:07,spearman,,2,2,True
allele_mean,peptide_disjoint,reference,nonzero,HLA-A*24:07,pearson_log,,2,2,True
allele_mean,peptide_disjoint,reference,nonzero,HLA-A*24:07,auc_gt_2h,0.5,2,2,True
allele_mean,peptide_disjoint,reference,nonzero,HLA-A*24:19,spearman,,2,2,True
allele_mean,peptide_disjoint,reference,nonzero,HLA-A*24:19,pearson_log,,2,2,True
allele_mean,peptide_disjoint,reference,nonzero,HLA-A*24:19,auc_gt_2h,,2,2,True
allele_mean,peptide_disjoint,reference,nonzero,HLA-A*26:01,spearman,0.0,3,3,True
allele_mean,peptide_disjoint,reference,nonzero,HLA-A*26:01,pearson_log,0.0,3,3,True
allele_mean,peptide_disjoint,reference,nonzero,HLA-A*26:01,auc_gt_2h,,3,3,True
allele_mean,peptide_disjoint,reference,nonzero,HLA-A*26:02,spearman,,2,2,True
allele_mean,peptide_disjoint,reference,nonzero,HLA-A*26:02,pearson_log,,2,2,True
allele_mean,peptide_disjoint,reference,nonzero,HLA-A*26:02,auc_gt_2h,,2,2,True
allele_mean,peptide_disjoint,reference,nonzero,HLA-A*29:02,spearman,0.0,5,5,True
allele_mean,peptide_disjoint,reference,nonzero,HLA-A*29:02,pearson_log,0.0,5,5,True
allele_mean,peptide_disjoint,reference,nonzero,HLA-A*29:02,auc_gt_2h,0.5,5,5,True
allele_mean,peptide_disjoint,reference,nonzero,HLA-A*30:01,spearman,,2,2,True
allele_mean,peptide_disjoint,reference,nonzero,HLA-A*30:01,pearson_log,,2,2,True
allele_mean,peptide_disjoint,reference,nonzero,HLA-A*30:01,auc_gt_2h,,2,2,True
allele_mean,peptide_disjoint,reference,nonzero,HLA-A*30:02,spearman,,1,1,True
allele_mean,peptide_disjoint,reference,nonzero,HLA-A*30:02,pearson_log,,1,1,True
allele_mean,peptide_disjoint,reference,nonzero,HLA-A*30:02,auc_gt_2h,,1,1,True
allele_mean,peptide_disjoint,reference,nonzero,HLA-A*31:01,spearman,0.0,3,3,True
allele_mean,peptide_disjoint,reference,nonzero,HLA-A*31:01,pearson_log,0.0,3,3,True
allele_mean,peptide_disjoint,reference,nonzero,HLA-A*31:01,auc_gt_2h,,3,3,True
allele_mean,peptide_disjoint,reference,nonzero,HLA-A*32:01,spearman,0.0,3,3,True
allele_mean,peptide_disjoint,reference,nonzero,HLA-A*32:01,pearson_log,0.0,3,3,True
allele_mean,peptide_disjoint,reference,nonzero,HLA-A*32:01,auc_gt_2h,0.5,3,3,True
allele_mean,peptide_disjoint,reference,nonzero,HLA-A*32:07,spearman,,2,2,True
allele_mean,peptide_disjoint,reference,nonzero,HLA-A*32:07,pearson_log,,2,2,True
allele_mean,peptide_disjoint,reference,nonzero,HLA-A*32:07,auc_gt_2h,0.5,2,2,True
allele_mean,peptide_disjoint,reference,nonzero,HLA-A*33:03,spearman,,1,1,True
allele_mean,peptide_disjoint,reference,nonzero,HLA-A*33:03,pearson_log,,1,1,True
allele_mean,peptide_disjoint,reference,nonzero,HLA-A*33:03,auc_gt_2h,,1,1,True
allele_mean,peptide_disjoint,reference,nonzero,HLA-A*43:01,spearman,0.0,4,4,True
allele_mean,peptide_disjoint,reference,nonzero,HLA-A*43:01,pearson_log,0.0,4,4,True
allele_mean,peptide_disjoint,reference,nonzero,HLA-A*43:01,auc_gt_2h,0.5,4,4,True
allele_mean,peptide_disjoint,reference,nonzero,HLA-A*66:01,spearman,,1,1,True
allele_mean,peptide_disjoint,reference,nonzero,HLA-A*66:01,pearson_log,,1,1,True
allele_mean,peptide_disjoint,reference,nonzero,HLA-A*66:01,auc_gt_2h,,1,1,True
allele_mean,peptide_disjoint,reference,nonzero,HLA-A*68:01,spearman,0.0,3,3,True
allele_mean,peptide_disjoint,reference,nonzero,HLA-A*68:01,pearson_log,0.0,3,3,True
allele_mean,peptide_disjoint,reference,nonzero,HLA-A*68:01,auc_gt_2h,0.5,3,3,True
allele_mean,peptide_disjoint,reference,nonzero,HLA-A*68:02,spearman,0.0,5,5,True
allele_mean,peptide_disjoint,reference,nonzero,HLA-A*68:02,pearson_log,0.0,5,5,True
allele_mean,peptide_disjoint,reference,nonzero,HLA-A*68:02,auc_gt_2h,,5,5,True
allele_mean,peptide_disjoint,reference,nonzero,HLA-A*68:23,spearman,0.0,4,4,True
allele_mean,peptide_disjoint,reference,nonzero,HLA-A*68:23,pearson_log,0.0,4,4,True
allele_mean,peptide_disjoint,reference,nonzero,HLA-A*68:23,auc_gt_2h,,4,4,True
allele_mean,peptide_disjoint,reference,nonzero,HLA-A*69:01,spearman,0.0,4,4,True
allele_mean,peptide_disjoint,reference,nonzero,HLA-A*69:01,pearson_log,0.0,4,4,True
allele_mean,peptide_disjoint,reference,nonzero,HLA-A*69:01,auc_gt_2h,,4,4,True
allele_mean,peptide_disjoint,reference,nonzero,HLA-A*80:01,spearman,,2,2,True
allele_mean,peptide_disjoint,reference,nonzero,HLA-A*80:01,pearson_log,,2,2,True
allele_mean,peptide_disjoint,reference,nonzero,HLA-A*80:01,auc_gt_2h,,2,2,True
allele_mean,peptide_disjoint,reference,nonzero,HLA-B*07:02,spearman,0.0,5,5,True
allele_mean,peptide_disjoint,reference,nonzero,HLA-B*07:02,pearson_log,0.0,5,5,True
allele_mean,peptide_disjoint,reference,nonzero,HLA-B*07:02,auc_gt_2h,0.5,5,5,True
allele_mean,peptide_disjoint,reference,nonzero,HLA-B*08:01,spearman,,2,2,True
allele_mean,peptide_disjoint,reference,nonzero,HLA-B*08:01,pearson_log,,2,2,True
allele_mean,peptide_disjoint,reference,nonzero,HLA-B*08:01,auc_gt_2h,,2,2,True
allele_mean,peptide_disjoint,reference,nonzero,HLA-B*08:03,spearman,,2,2,True
allele_mean,peptide_disjoint,reference,nonzero,HLA-B*08:03,pearson_log,,2,2,True
allele_mean,peptide_disjoint,reference,nonzero,HLA-B*08:03,auc_gt_2h,0.5,2,2,True
allele_mean,peptide_disjoint,reference,nonzero,HLA-B*13:02,spearman,,1,1,True
allele_mean,peptide_disjoint,reference,nonzero,HLA-B*13:02,pearson_log,,1,1,True
allele_mean,peptide_disjoint,reference,nonzero,HLA-B*13:02,auc_gt_2h,,1,1,True
allele_mean,peptide_disjoint,reference,nonzero,HLA-B*15:01,spearman,0.0,4,4,True
allele_mean,peptide_disjoint,reference,nonzero,HLA-B*15:01,pearson_log,0.0,4,4,True
allele_mean,peptide_disjoint,reference,nonzero,HLA-B*15:01,auc_gt_2h,0.5,4,4,True
allele_mean,peptide_disjoint,reference,nonzero,HLA-B*15:10,spearman,,2,2,True
allele_mean,peptide_disjoint,reference,nonzero,HLA-B*15:10,pearson_log,,2,2,True
allele_mean,peptide_disjoint,reference,nonzero,HLA-B*15:10,auc_gt_2h,0.5,2,2,True
allele_mean,peptide_disjoint,reference,nonzero,HLA-B*18:01,spearman,,2,2,True
allele_mean,peptide_disjoint,reference,nonzero,HLA-B*18:01,pearson_log,,2,2,True
allele_mean,peptide_disjoint,reference,nonzero,HLA-B*18:01,auc_gt_2h,,2,2,True
allele_mean,peptide_disjoint,reference,nonzero,HLA-B*27:02,spearman,0.0,3,3,True
allele_mean,peptide_disjoint,reference,nonzero,HLA-B*27:02,pearson_log,0.0,3,3,True
allele_mean,peptide_disjoint,reference,nonzero,HLA-B*27:02,auc_gt_2h,0.5,3,3,True
allele_mean,peptide_disjoint,reference,nonzero,HLA-B*27:03,spearman,,2,2,True
allele_mean,peptide_disjoint,reference,nonzero,HLA-B*27:03,pearson_log,,2,2,True
allele_mean,peptide_disjoint,reference,nonzero,HLA-B*27:03,auc_gt_2h,,2,2,True
allele_mean,peptide_disjoint,reference,nonzero,HLA-B*27:05,spearman,,1,1,True
allele_mean,peptide_disjoint,reference,nonzero,HLA-B*27:05,pearson_log,,1,1,True
allele_mean,peptide_disjoint,reference,nonzero,HLA-B*27:05,auc_gt_2h,,1,1,True
allele_mean,peptide_disjoint,reference,nonzero,HLA-B*27:20,spearman,0.0,3,3,True
allele_mean,peptide_disjoint,reference,nonzero,HLA-B*27:20,pearson_log,0.0,3,3,True
allele_mean,peptide_disjoint,reference,nonzero,HLA-B*27:20,auc_gt_2h,0.5,3,3,True
allele_mean,peptide_disjoint,reference,nonzero,HLA-B*35:01,spearman,,1,1,True
allele_mean,peptide_disjoint,reference,nonzero,HLA-B*35:01,pearson_log,,1,1,True
allele_mean,peptide_disjoint,reference,nonzero,HLA-B*35:01,auc_gt_2h,,1,1,True
allele_mean,peptide_disjoint,reference,nonzero,HLA-B*35:03,spearman,,2,2,True
allele_mean,peptide_disjoint,reference,nonzero,HLA-B*35:03,pearson_log,,2,2,True
allele_mean,peptide_disjoint,reference,nonzero,HLA-B*35:03,auc_gt_2h,0.5,2,2,True
allele_mean,peptide_disjoint,reference,nonzero,HLA-B*35:08,spearman,0.0,3,3,True
allele_mean,peptide_disjoint,reference,nonzero,HLA-B*35:08,pearson_log,0.0,3,3,True
allele_mean,peptide_disjoint,reference,nonzero,HLA-B*35:08,auc_gt_2h,0.5,3,3,True
allele_mean,peptide_disjoint,reference,nonzero,HLA-B*39:01,spearman,0.0,4,4,True
allele_mean,peptide_disjoint,reference,nonzero,HLA-B*39:01,pearson_log,0.0,4,4,True
allele_mean,peptide_disjoint,reference,nonzero,HLA-B*39:01,auc_gt_2h,0.5,4,4,True
allele_mean,peptide_disjoint,reference,nonzero,HLA-B*39:02,spearman,,1,1,True
allele_mean,peptide_disjoint,reference,nonzero,HLA-B*39:02,pearson_log,,1,1,True
allele_mean,peptide_disjoint,reference,nonzero,HLA-B*39:02,auc_gt_2h,,1,1,True
allele_mean,peptide_disjoint,reference,nonzero,HLA-B*39:06(C67S),spearman,,1,1,True
allele_mean,peptide_disjoint,reference,nonzero,HLA-B*39:06(C67S),pearson_log,,1,1,True
allele_mean,peptide_disjoint,reference,nonzero,HLA-B*39:06(C67S),auc_gt_2h,,1,1,True
allele_mean,peptide_disjoint,reference,nonzero,HLA-B*39:10,spearman,,1,1,True
allele_mean,peptide_disjoint,reference,nonzero,HLA-B*39:10,pearson_log,,1,1,True
allele_mean,peptide_disjoint,reference,nonzero,HLA-B*39:10,auc_gt_2h,,1,1,True
allele_mean,peptide_disjoint,reference,nonzero,HLA-B*40:01,spearman,,2,2,True
allele_mean,peptide_disjoint,reference,nonzero,HLA-B*40:01,pearson_log,,2,2,True
allele_mean,peptide_disjoint,reference,nonzero,HLA-B*40:01,auc_gt_2h,,2,2,True
allele_mean,peptide_disjoint,reference,nonzero,HLA-B*40:02,spearman,,2,2,True
allele_mean,peptide_disjoint,reference,nonzero,HLA-B*40:02,pearson_log,,2,2,True
allele_mean,peptide_disjoint,reference,nonzero,HLA-B*40:02,auc_gt_2h,0.5,2,2,True
allele_mean,peptide_disjoint,reference,nonzero,HLA-B*41:01,spearman,,2,2,True
allele_mean,peptide_disjoint,reference,nonzero,HLA-B*41:01,pearson_log,,2,2,True
allele_mean,peptide_disjoint,reference,nonzero,HLA-B*41:01,auc_gt_2h,,2,2,True
allele_mean,peptide_disjoint,reference,nonzero,HLA-B*42:01,spearman,,1,1,True
allele_mean,peptide_disjoint,reference,nonzero,HLA-B*42:01,pearson_log,,1,1,True
allele_mean,peptide_disjoint,reference,nonzero,HLA-B*42:01,auc_gt_2h,,1,1,True
allele_mean,peptide_disjoint,reference,nonzero,HLA-B*42:02,spearman,0.0,3,3,True
allele_mean,peptide_disjoint,reference,nonzero,HLA-B*42:02,pearson_log,0.0,3,3,True
allele_mean,peptide_disjoint,reference,nonzero,HLA-B*42:02,auc_gt_2h,0.5,3,3,True
allele_mean,peptide_disjoint,reference,nonzero,HLA-B*44:05,spearman,,1,1,True
allele_mean,peptide_disjoint,reference,nonzero,HLA-B*44:05,pearson_log,,1,1,True
allele_mean,peptide_disjoint,reference,nonzero,HLA-B*44:05,auc_gt_2h,,1,1,True
allele_mean,peptide_disjoint,reference,nonzero,HLA-B*51:01,spearman,,1,1,True
allele_mean,peptide_disjoint,reference,nonzero,HLA-B*51:01,pearson_log,,1,1,True
allele_mean,peptide_disjoint,reference,nonzero,HLA-B*51:01,auc_gt_2h,,1,1,True
allele_mean,peptide_disjoint,reference,nonzero,HLA-B*54:01,spearman,0.0,4,4,True
allele_mean,peptide_disjoint,reference,nonzero,HLA-B*54:01,pearson_log,0.0,4,4,True
allele_mean,peptide_disjoint,reference,nonzero,HLA-B*54:01,auc_gt_2h,0.5,4,4,True
allele_mean,peptide_disjoint,reference,nonzero,HLA-B*56:01,spearman,,2,2,True
allele_mean,peptide_disjoint,reference,nonzero,HLA-B*56:01,pearson_log,,2,2,True
allele_mean,peptide_disjoint,reference,nonzero,HLA-B*56:01,auc_gt_2h,,2,2,True
allele_mean,peptide_disjoint,reference,nonzero,HLA-B*57:01,spearman,,1,1,True
allele_mean,peptide_disjoint,reference,nonzero,HLA-B*57:01,pearson_log,,1,1,True
allele_mean,peptide_disjoint,reference,nonzero,HLA-B*57:01,auc_gt_2h,,1,1,True
allele_mean,peptide_disjoint,reference,nonzero,HLA-B*57:02,spearman,0.0,3,3,True
allele_mean,peptide_disjoint,reference,nonzero,HLA-B*57:02,pearson_log,0.0,3,3,True
allele_mean,peptide_disjoint,reference,nonzero,HLA-B*57:02,auc_gt_2h,,3,3,True
allele_mean,peptide_disjoint,reference,nonzero,HLA-B*57:03,spearman,,2,2,True
allele_mean,peptide_disjoint,reference,nonzero,HLA-B*57:03,pearson_log,,2,2,True
allele_mean,peptide_disjoint,reference,nonzero,HLA-B*57:03,auc_gt_2h,0.5,2,2,True
allele_mean,peptide_disjoint,reference,nonzero,HLA-B*58:01,spearman,0.0,5,5,True
allele_mean,peptide_disjoint,reference,nonzero,HLA-B*58:01,pearson_log,0.0,5,5,True
allele_mean,peptide_disjoint,reference,nonzero,HLA-B*58:01,auc_gt_2h,0.5,5,5,True
allele_mean,peptide_disjoint,reference,nonzero,HLA-B*81:01,spearman,0.0,5,5,True
allele_mean,peptide_disjoint,reference,nonzero,HLA-B*81:01,pearson_log,0.0,5,5,True
allele_mean,peptide_disjoint,reference,nonzero,HLA-B*81:01,auc_gt_2h,,5,5,True
allele_mean,random,reference,all,HLA-A*01:01,spearman,0.0,3,3,True
allele_mean,random,reference,all,HLA-A*01:01,pearson_log,0.0,3,3,True
allele_mean,random,reference,all,HLA-A*01:01,auc_gt_2h,,3,3,True
allele_mean,random,reference,all,HLA-A*02:01,spearman,0.0,3,3,True
allele_mean,random,reference,all,HLA-A*02:01,pearson_log,0.0,3,3,True
allele_mean,random,reference,all,HLA-A*02:01,auc_gt_2h,,3,3,True
allele_mean,random,reference,all,HLA-A*02:03,spearman,0.0,3,3,True
allele_mean,random,reference,all,HLA-A*02:03,pearson_log,0.0,3,3,True
allele_mean,random,reference,all,HLA-A*02:03,auc_gt_2h,0.5,3,3,True
allele_mean,random,reference,all,HLA-A*02:05,spearman,0.0,3,3,True
allele_mean,random,reference,all,HLA-A*02:05,pearson_log,0.0,3,3,True
allele_mean,random,reference,all,HLA-A*02:05,auc_gt_2h,,3,3,True
allele_mean,random,reference,all,HLA-A*02:10,spearman,0.0,3,3,True
allele_mean,random,reference,all,HLA-A*02:10,pearson_log,0.0,3,3,True
allele_mean,random,reference,all,HLA-A*02:10,auc_gt_2h,0.5,3,3,True
allele_mean,random,reference,all,HLA-A*02:11,spearman,0.0,3,3,True
allele_mean,random,reference,all,HLA-A*02:11,pearson_log,0.0,3,3,True
allele_mean,random,reference,all,HLA-A*02:11,auc_gt_2h,,3,3,True
allele_mean,random,reference,all,HLA-A*02:12,spearman,0.0,3,3,True
allele_mean,random,reference,all,HLA-A*02:12,pearson_log,0.0,3,3,True
allele_mean,random,reference,all,HLA-A*02:12,auc_gt_2h,,3,3,True
allele_mean,random,reference,all,HLA-A*02:16,spearman,0.0,3,3,True
allele_mean,random,reference,all,HLA-A*02:16,pearson_log,0.0,3,3,True
allele_mean,random,reference,all,HLA-A*02:16,auc_gt_2h,0.5,3,3,True
allele_mean,random,reference,all,HLA-A*02:19,spearman,0.0,3,3,True
allele_mean,random,reference,all,HLA-A*02:19,pearson_log,0.0,3,3,True
allele_mean,random,reference,all,HLA-A*02:19,auc_gt_2h,,3,3,True
allele_mean,random,reference,all,HLA-A*02:50,spearman,0.0,3,3,True
allele_mean,random,reference,all,HLA-A*02:50,pearson_log,0.0,3,3,True
allele_mean,random,reference,all,HLA-A*02:50,auc_gt_2h,,3,3,True
allele_mean,random,reference,all,HLA-A*03:01,spearman,0.0,3,3,True
allele_mean,random,reference,all,HLA-A*03:01,pearson_log,0.0,3,3,True
allele_mean,random,reference,all,HLA-A*03:01,auc_gt_2h,0.5,3,3,True
allele_mean,random,reference,all,HLA-A*11:01,spearman,0.0,3,3,True
allele_mean,random,reference,all,HLA-A*11:01,pearson_log,0.0,3,3,True
allele_mean,random,reference,all,HLA-A*11:01,auc_gt_2h,0.5,3,3,True
allele_mean,random,reference,all,HLA-A*23:01,spearman,0.0,3,3,True
allele_mean,random,reference,all,HLA-A*23:01,pearson_log,0.0,3,3,True
allele_mean,random,reference,all,HLA-A*23:01,auc_gt_2h,0.5,3,3,True
allele_mean,random,reference,all,HLA-A*24:02,spearman,0.0,3,3,True
allele_mean,random,reference,all,HLA-A*24:02,pearson_log,0.0,3,3,True
allele_mean,random,reference,all,HLA-A*24:02,auc_gt_2h,0.5,3,3,True
allele_mean,random,reference,all,HLA-A*24:03,spearman,0.0,3,3,True
allele_mean,random,reference,all,HLA-A*24:03,pearson_log,0.0,3,3,True
allele_mean,random,reference,all,HLA-A*24:03,auc_gt_2h,0.5,3,3,True
allele_mean,random,reference,all,HLA-A*24:07,spearman,0.0,3,3,True
allele_mean,random,reference,all,HLA-A*24:07,pearson_log,0.0,3,3,True
allele_mean,random,reference,all,HLA-A*24:07,auc_gt_2h,,3,3,True
allele_mean,random,reference,all,HLA-A*24:19,spearman,0.0,3,3,True
allele_mean,random,reference,all,HLA-A*24:19,pearson_log,0.0,3,3,True
allele_mean,random,reference,all,HLA-A*24:19,auc_gt_2h,,3,3,True
allele_mean,random,reference,all,HLA-A*25:01,spearman,0.0,3,3,True
allele_mean,random,reference,all,HLA-A*25:01,pearson_log,0.0,3,3,True
allele_mean,random,reference,all,HLA-A*25:01,auc_gt_2h,,3,3,True
allele_mean,random,reference,all,HLA-A*26:01,spearman,0.0,3,3,True
allele_mean,random,reference,all,HLA-A*26:01,pearson_log,0.0,3,3,True
allele_mean,random,reference,all,HLA-A*26:01,auc_gt_2h,,3,3,True
allele_mean,random,reference,all,HLA-A*26:02,spearman,0.0,3,3,True
allele_mean,random,reference,all,HLA-A*26:02,pearson_log,0.0,3,3,True
allele_mean,random,reference,all,HLA-A*26:02,auc_gt_2h,0.5,3,3,True
allele_mean,random,reference,all,HLA-A*26:03,spearman,0.0,3,3,True
allele_mean,random,reference,all,HLA-A*26:03,pearson_log,0.0,3,3,True
allele_mean,random,reference,all,HLA-A*26:03,auc_gt_2h,,3,3,True
allele_mean,random,reference,all,HLA-A*29:02,spearman,0.0,3,3,True
allele_mean,random,reference,all,HLA-A*29:02,pearson_log,0.0,3,3,True
allele_mean,random,reference,all,HLA-A*29:02,auc_gt_2h,0.5,3,3,True
allele_mean,random,reference,all,HLA-A*30:01,spearman,0.0,3,3,True
allele_mean,random,reference,all,HLA-A*30:01,pearson_log,0.0,3,3,True
allele_mean,random,reference,all,HLA-A*30:01,auc_gt_2h,0.5,3,3,True
allele_mean,random,reference,all,HLA-A*30:02,spearman,0.0,3,3,True
allele_mean,random,reference,all,HLA-A*30:02,pearson_log,0.0,3,3,True
allele_mean,random,reference,all,HLA-A*30:02,auc_gt_2h,0.5,3,3,True
allele_mean,random,reference,all,HLA-A*31:01,spearman,0.0,3,3,True
allele_mean,random,reference,all,HLA-A*31:01,pearson_log,0.0,3,3,True
allele_mean,random,reference,all,HLA-A*31:01,auc_gt_2h,0.5,3,3,True
allele_mean,random,reference,all,HLA-A*32:01,spearman,0.0,3,3,True
allele_mean,random,reference,all,HLA-A*32:01,pearson_log,0.0,3,3,True
allele_mean,random,reference,all,HLA-A*32:01,auc_gt_2h,0.5,3,3,True
allele_mean,random,reference,all,HLA-A*32:07,spearman,0.0,3,3,True
allele_mean,random,reference,all,HLA-A*32:07,pearson_log,0.0,3,3,True
allele_mean,random,reference,all,HLA-A*32:07,auc_gt_2h,0.5,3,3,True
allele_mean,random,reference,all,HLA-A*33:03,spearman,0.0,3,3,True
allele_mean,random,reference,all,HLA-A*33:03,pearson_log,0.0,3,3,True
allele_mean,random,reference,all,HLA-A*33:03,auc_gt_2h,0.5,3,3,True
allele_mean,random,reference,all,HLA-A*43:01,spearman,0.0,3,3,True
allele_mean,random,reference,all,HLA-A*43:01,pearson_log,0.0,3,3,True
allele_mean,random,reference,all,HLA-A*43:01,auc_gt_2h,0.5,3,3,True
allele_mean,random,reference,all,HLA-A*66:01,spearman,0.0,3,3,True
allele_mean,random,reference,all,HLA-A*66:01,pearson_log,0.0,3,3,True
allele_mean,random,reference,all,HLA-A*66:01,auc_gt_2h,,3,3,True
allele_mean,random,reference,all,HLA-A*68:01,spearman,0.0,3,3,True
allele_mean,random,reference,all,HLA-A*68:01,pearson_log,0.0,3,3,True
allele_mean,random,reference,all,HLA-A*68:01,auc_gt_2h,0.5,3,3,True
allele_mean,random,reference,all,HLA-A*68:02,spearman,0.0,3,3,True
allele_mean,random,reference,all,HLA-A*68:02,pearson_log,0.0,3,3,True
allele_mean,random,reference,all,HLA-A*68:02,auc_gt_2h,0.5,3,3,True
allele_mean,random,reference,all,HLA-A*68:23,spearman,,2,2,True
allele_mean,random,reference,all,HLA-A*68:23,pearson_log,,2,2,True
allele_mean,random,reference,all,HLA-A*68:23,auc_gt_2h,,2,2,True
allele_mean,random,reference,all,HLA-A*69:01,spearman,0.0,3,3,True
allele_mean,random,reference,all,HLA-A*69:01,pearson_log,0.0,3,3,True
allele_mean,random,reference,all,HLA-A*69:01,auc_gt_2h,,3,3,True
allele_mean,random,reference,all,HLA-A*74:01,spearman,,2,2,True
allele_mean,random,reference,all,HLA-A*74:01,pearson_log,,2,2,True
allele_mean,random,reference,all,HLA-A*74:01,auc_gt_2h,,2,2,True
allele_mean,random,reference,all,HLA-A*80:01,spearman,0.0,3,3,True
allele_mean,random,reference,all,HLA-A*80:01,pearson_log,0.0,3,3,True
allele_mean,random,reference,all,HLA-A*80:01,auc_gt_2h,0.5,3,3,True
allele_mean,random,reference,all,HLA-B*07:02,spearman,,2,2,True
allele_mean,random,reference,all,HLA-B*07:02,pearson_log,,2,2,True
allele_mean,random,reference,all,HLA-B*07:02,auc_gt_2h,,2,2,True
allele_mean,random,reference,all,HLA-B*08:01,spearman,0.0,3,3,True
allele_mean,random,reference,all,HLA-B*08:01,pearson_log,0.0,3,3,True
allele_mean,random,reference,all,HLA-B*08:01,auc_gt_2h,,3,3,True
allele_mean,random,reference,all,HLA-B*08:03,spearman,,2,2,True
allele_mean,random,reference,all,HLA-B*08:03,pearson_log,,2,2,True
allele_mean,random,reference,all,HLA-B*08:03,auc_gt_2h,,2,2,True
allele_mean,random,reference,all,HLA-B*13:02,spearman,,1,1,True
allele_mean,random,reference,all,HLA-B*13:02,pearson_log,,1,1,True
allele_mean,random,reference,all,HLA-B*13:02,auc_gt_2h,,1,1,True
allele_mean,random,reference,all,HLA-B*14:01(C67S),spearman,,2,2,True
allele_mean,random,reference,all,HLA-B*14:01(C67S),pearson_log,,2,2,True
allele_mean,random,reference,all,HLA-B*14:01(C67S),auc_gt_2h,,2,2,True
allele_mean,random,reference,all,HLA-B*14:02(C67S),spearman,,2,2,True
allele_mean,random,reference,all,HLA-B*14:02(C67S),pearson_log,,2,2,True
allele_mean,random,reference,all,HLA-B*14:02(C67S),auc_gt_2h,0.5,2,2,True
allele_mean,random,reference,all,HLA-B*15:01,spearman,0.0,3,3,True
allele_mean,random,reference,all,HLA-B*15:01,pearson_log,0.0,3,3,True
allele_mean,random,reference,all,HLA-B*15:01,auc_gt_2h,0.5,3,3,True
allele_mean,random,reference,all,HLA-B*15:02,spearman,0.0,3,3,True
allele_mean,random,reference,all,HLA-B*15:02,pearson_log,0.0,3,3,True
allele_mean,random,reference,all,HLA-B*15:02,auc_gt_2h,0.5,3,3,True
allele_mean,random,reference,all,HLA-B*15:10,spearman,,2,2,True
allele_mean,random,reference,all,HLA-B*15:10,pearson_log,,2,2,True
allele_mean,random,reference,all,HLA-B*15:10,auc_gt_2h,0.5,2,2,True
allele_mean,random,reference,all,HLA-B*15:17,spearman,,2,2,True
allele_mean,random,reference,all,HLA-B*15:17,pearson_log,,2,2,True
allele_mean,random,reference,all,HLA-B*15:17,auc_gt_2h,0.5,2,2,True
allele_mean,random,reference,all,HLA-B*18:01,spearman,,2,2,True
allele_mean,random,reference,all,HLA-B*18:01,pearson_log,,2,2,True
allele_mean,random,reference,all,HLA-B*18:01,auc_gt_2h,0.5,2,2,True
allele_mean,random,reference,all,HLA-B*27:02,spearman,,2,2,True
allele_mean,random,reference,all,HLA-B*27:02,pearson_log,,2,2,True
allele_mean,random,reference,all,HLA-B*27:02,auc_gt_2h,,2,2,True
allele_mean,random,reference,all,HLA-B*27:03,spearman,,2,2,True
allele_mean,random,reference,all,HLA-B*27:03,pearson_log,,2,2,True
allele_mean,random,reference,all,HLA-B*27:03,auc_gt_2h,,2,2,True
allele_mean,random,reference,all,HLA-B*27:05,spearman,0.0,3,3,True
allele_mean,random,reference,all,HLA-B*27:05,pearson_log,0.0,3,3,True
allele_mean,random,reference,all,HLA-B*27:05,auc_gt_2h,0.5,3,3,True
allele_mean,random,reference,all,HLA-B*27:20,spearman,,2,2,True
allele_mean,random,reference,all,HLA-B*27:20,pearson_log,,2,2,True
allele_mean,random,reference,all,HLA-B*27:20,auc_gt_2h,,2,2,True
allele_mean,random,reference,all,HLA-B*35:01,spearman,,2,2,True
allele_mean,random,reference,all,HLA-B*35:01,pearson_log,,2,2,True
allele_mean,random,reference,all,HLA-B*35:01,auc_gt_2h,0.5,2,2,True
allele_mean,random,reference,all,HLA-B*35:03,spearman,,2,2,True
allele_mean,random,reference,all,HLA-B*35:03,pearson_log,,2,2,True
allele_mean,random,reference,all,HLA-B*35:03,auc_gt_2h,0.5,2,2,True
allele_mean,random,reference,all,HLA-B*35:08,spearman,0.0,3,3,True
allele_mean,random,reference,all,HLA-B*35:08,pearson_log,0.0,3,3,True
allele_mean,random,reference,all,HLA-B*35:08,auc_gt_2h,0.5,3,3,True
allele_mean,random,reference,all,HLA-B*39:01,spearman,,2,2,True
allele_mean,random,reference,all,HLA-B*39:01,pearson_log,,2,2,True
allele_mean,random,reference,all,HLA-B*39:01,auc_gt_2h,,2,2,True
allele_mean,random,reference,all,HLA-B*39:02,spearman,0.0,3,3,True
allele_mean,random,reference,all,HLA-B*39:02,pearson_log,0.0,3,3,True
allele_mean,random,reference,all,HLA-B*39:02,auc_gt_2h,,3,3,True
allele_mean,random,reference,all,HLA-B*39:06(C67S),spearman,,3,3,True
allele_mean,random,reference,all,HLA-B*39:06(C67S),pearson_log,,3,3,True
allele_mean,random,reference,all,HLA-B*39:06(C67S),auc_gt_2h,,3,3,True
allele_mean,random,reference,all,HLA-B*39:10,spearman,,2,2,True
allele_mean,random,reference,all,HLA-B*39:10,pearson_log,,2,2,True
allele_mean,random,reference,all,HLA-B*39:10,auc_gt_2h,0.5,2,2,True
allele_mean,random,reference,all,HLA-B*40:01,spearman,0.0,3,3,True
allele_mean,random,reference,all,HLA-B*40:01,pearson_log,0.0,3,3,True
allele_mean,random,reference,all,HLA-B*40:01,auc_gt_2h,,3,3,True
allele_mean,random,reference,all,HLA-B*40:02,spearman,0.0,3,3,True
allele_mean,random,reference,all,HLA-B*40:02,pearson_log,0.0,3,3,True
allele_mean,random,reference,all,HLA-B*40:02,auc_gt_2h,0.5,3,3,True
allele_mean,random,reference,all,HLA-B*41:01,spearman,0.0,3,3,True
allele_mean,random,reference,all,HLA-B*41:01,pearson_log,0.0,3,3,True
allele_mean,random,reference,all,HLA-B*41:01,auc_gt_2h,,3,3,True
allele_mean,random,reference,all,HLA-B*42:01,spearman,,2,2,True
allele_mean,random,reference,all,HLA-B*42:01,pearson_log,,2,2,True
allele_mean,random,reference,all,HLA-B*42:01,auc_gt_2h,,2,2,True
allele_mean,random,reference,all,HLA-B*42:02,spearman,0.0,3,3,True
allele_mean,random,reference,all,HLA-B*42:02,pearson_log,0.0,3,3,True
allele_mean,random,reference,all,HLA-B*42:02,auc_gt_2h,0.5,3,3,True
allele_mean,random,reference,all,HLA-B*44:05,spearman,,2,2,True
allele_mean,random,reference,all,HLA-B*44:05,pearson_log,,2,2,True
allele_mean,random,reference,all,HLA-B*44:05,auc_gt_2h,,2,2,True
allele_mean,random,reference,all,HLA-B*45:01,spearman,0.0,3,3,True
allele_mean,random,reference,all,HLA-B*45:01,pearson_log,0.0,3,3,True
allele_mean,random,reference,all,HLA-B*45:01,auc_gt_2h,,3,3,True
allele_mean,random,reference,all,HLA-B*46:01,spearman,0.0,3,3,True
allele_mean,random,reference,all,HLA-B*46:01,pearson_log,0.0,3,3,True
allele_mean,random,reference,all,HLA-B*46:01,auc_gt_2h,,3,3,True
allele_mean,random,reference,all,HLA-B*51:01,spearman,0.0,3,3,True
allele_mean,random,reference,all,HLA-B*51:01,pearson_log,0.0,3,3,True
allele_mean,random,reference,all,HLA-B*51:01,auc_gt_2h,0.5,3,3,True
allele_mean,random,reference,all,HLA-B*54:01,spearman,0.0,3,3,True
allele_mean,random,reference,all,HLA-B*54:01,pearson_log,0.0,3,3,True
allele_mean,random,reference,all,HLA-B*54:01,auc_gt_2h,0.5,3,3,True
allele_mean,random,reference,all,HLA-B*55:01,spearman,,2,2,True
allele_mean,random,reference,all,HLA-B*55:01,pearson_log,,2,2,True
allele_mean,random,reference,all,HLA-B*55:01,auc_gt_2h,,2,2,True
allele_mean,random,reference,all,HLA-B*56:01,spearman,0.0,3,3,True
allele_mean,random,reference,all,HLA-B*56:01,pearson_log,0.0,3,3,True
allele_mean,random,reference,all,HLA-B*56:01,auc_gt_2h,,3,3,True
allele_mean,random,reference,all,HLA-B*57:01,spearman,,2,2,True
allele_mean,random,reference,all,HLA-B*57:01,pearson_log,,2,2,True
allele_mean,random,reference,all,HLA-B*57:01,auc_gt_2h,,2,2,True
allele_mean,random,reference,all,HLA-B*57:02,spearman,,2,2,True
allele_mean,random,reference,all,HLA-B*57:02,pearson_log,,2,2,True
allele_mean,random,reference,all,HLA-B*57:02,auc_gt_2h,,2,2,True
allele_mean,random,reference,all,HLA-B*57:03,spearman,,2,2,True
allele_mean,random,reference,all,HLA-B*57:03,pearson_log,,2,2,True
allele_mean,random,reference,all,HLA-B*57:03,auc_gt_2h,,2,2,True
allele_mean,random,reference,all,HLA-B*58:01,spearman,0.0,3,3,True
allele_mean,random,reference,all,HLA-B*58:01,pearson_log,0.0,3,3,True
allele_mean,random,reference,all,HLA-B*58:01,auc_gt_2h,0.5,3,3,True
allele_mean,random,reference,all,HLA-B*81:01,spearman,,2,2,True
allele_mean,random,reference,all,HLA-B*81:01,pearson_log,,2,2,True
allele_mean,random,reference,all,HLA-B*81:01,auc_gt_2h,,2,2,True
allele_mean,random,reference,nonzero,HLA-A*01:01,spearman,,2,2,True
allele_mean,random,reference,nonzero,HLA-A*01:01,pearson_log,,2,2,True
allele_mean,random,reference,nonzero,HLA-A*01:01,auc_gt_2h,,2,2,True
allele_mean,random,reference,nonzero,HLA-A*02:01,spearman,0.0,3,3,True
allele_mean,random,reference,nonzero,HLA-A*02:01,pearson_log,0.0,3,3,True
allele_mean,random,reference,nonzero,HLA-A*02:01,auc_gt_2h,,3,3,True
allele_mean,random,reference,nonzero,HLA-A*02:03,spearman,,2,2,True
allele_mean,random,reference,nonzero,HLA-A*02:03,pearson_log,,2,2,True
allele_mean,random,reference,nonzero,HLA-A*02:03,auc_gt_2h,0.5,2,2,True
allele_mean,random,reference,nonzero,HLA-A*02:05,spearman,0.0,3,3,True
allele_mean,random,reference,nonzero,HLA-A*02:05,pearson_log,0.0,3,3,True
allele_mean,random,reference,nonzero,HLA-A*02:05,auc_gt_2h,,3,3,True
allele_mean,random,reference,nonzero,HLA-A*02:10,spearman,0.0,3,3,True
allele_mean,random,reference,nonzero,HLA-A*02:10,pearson_log,0.0,3,3,True
allele_mean,random,reference,nonzero,HLA-A*02:10,auc_gt_2h,0.5,3,3,True
allele_mean,random,reference,nonzero,HLA-A*02:11,spearman,0.0,3,3,True
allele_mean,random,reference,nonzero,HLA-A*02:11,pearson_log,0.0,3,3,True
allele_mean,random,reference,nonzero,HLA-A*02:11,auc_gt_2h,,3,3,True
allele_mean,random,reference,nonzero,HLA-A*02:12,spearman,0.0,3,3,True
allele_mean,random,reference,nonzero,HLA-A*02:12,pearson_log,0.0,3,3,True
allele_mean,random,reference,nonzero,HLA-A*02:12,auc_gt_2h,,3,3,True
allele_mean,random,reference,nonzero,HLA-A*02:16,spearman,0.0,3,3,True
allele_mean,random,reference,nonzero,HLA-A*02:16,pearson_log,0.0,3,3,True
allele_mean,random,reference,nonzero,HLA-A*02:16,auc_gt_2h,0.5,3,3,True
allele_mean,random,reference,nonzero,HLA-A*02:19,spearman,0.0,3,3,True
allele_mean,random,reference,nonzero,HLA-A*02:19,pearson_log,0.0,3,3,True
allele_mean,random,reference,nonzero,HLA-A*02:19,auc_gt_2h,,3,3,True
allele_mean,random,reference,nonzero,HLA-A*02:50,spearman,0.0,3,3,True
allele_mean,random,reference,nonzero,HLA-A*02:50,pearson_log,0.0,3,3,True
allele_mean,random,reference,nonzero,HLA-A*02:50,auc_gt_2h,,3,3,True
allele_mean,random,reference,nonzero,HLA-A*03:01,spearman,,2,2,True
allele_mean,random,reference,nonzero,HLA-A*03:01,pearson_log,,2,2,True
allele_mean,random,reference,nonzero,HLA-A*03:01,auc_gt_2h,0.5,2,2,True
allele_mean,random,reference,nonzero,HLA-A*11:01,spearman,0.0,3,3,True
allele_mean,random,reference,nonzero,HLA-A*11:01,pearson_log,0.0,3,3,True
allele_mean,random,reference,nonzero,HLA-A*11:01,auc_gt_2h,0.5,3,3,True
allele_mean,random,reference,nonzero,HLA-A*23:01,spearman,0.0,3,3,True
allele_mean,random,reference,nonzero,HLA-A*23:01,pearson_log,0.0,3,3,True
allele_mean,random,reference,nonzero,HLA-A*23:01,auc_gt_2h,0.5,3,3,True
allele_mean,random,reference,nonzero,HLA-A*24:02,spearman,0.0,3,3,True
allele_mean,random,reference,nonzero,HLA-A*24:02,pearson_log,0.0,3,3,True
allele_mean,random,reference,nonzero,HLA-A*24:02,auc_gt_2h,0.5,3,3,True
allele_mean,random,reference,nonzero,HLA-A*24:03,spearman,0.0,3,3,True
allele_mean,random,reference,nonzero,HLA-A*24:03,pearson_log,0.0,3,3,True
allele_mean,random,reference,nonzero,HLA-A*24:03,auc_gt_2h,0.5,3,3,True
allele_mean,random,reference,nonzero,HLA-A*24:07,spearman,0.0,3,3,True
allele_mean,random,reference,nonzero,HLA-A*24:07,pearson_log,0.0,3,3,True
allele_mean,random,reference,nonzero,HLA-A*24:07,auc_gt_2h,,3,3,True
allele_mean,random,reference,nonzero,HLA-A*24:19,spearman,,2,2,True
allele_mean,random,reference,nonzero,HLA-A*24:19,pearson_log,,2,2,True
allele_mean,random,reference,nonzero,HLA-A*24:19,auc_gt_2h,,2,2,True
allele_mean,random,reference,nonzero,HLA-A*25:01,spearman,,1,1,True
allele_mean,random,reference,nonzero,HLA-A*25:01,pearson_log,,1,1,True
allele_mean,random,reference,nonzero,HLA-A*25:01,auc_gt_2h,,1,1,True
allele_mean,random,reference,nonzero,HLA-A*26:01,spearman,0.0,3,3,True
allele_mean,random,reference,nonzero,HLA-A*26:01,pearson_log,0.0,3,3,True
allele_mean,random,reference,nonzero,HLA-A*26:01,auc_gt_2h,,3,3,True
allele_mean,random,reference,nonzero,HLA-A*26:02,spearman,0.0,3,3,True
allele_mean,random,reference,nonzero,HLA-A*26:02,pearson_log,0.0,3,3,True
allele_mean,random,reference,nonzero,HLA-A*26:02,auc_gt_2h,0.5,3,3,True
allele_mean,random,reference,nonzero,HLA-A*26:03,spearman,,1,1,True
allele_mean,random,reference,nonzero,HLA-A*26:03,pearson_log,,1,1,True
allele_mean,random,reference,nonzero,HLA-A*26:03,auc_gt_2h,,1,1,True
allele_mean,random,reference,nonzero,HLA-A*29:02,spearman,0.0,3,3,True
allele_mean,random,reference,nonzero,HLA-A*29:02,pearson_log,0.0,3,3,True
allele_mean,random,reference,nonzero,HLA-A*29:02,auc_gt_2h,0.5,3,3,True
allele_mean,random,reference,nonzero,HLA-A*30:01,spearman,,2,2,True
allele_mean,random,reference,nonzero,HLA-A*30:01,pearson_log,,2,2,True
allele_mean,random,reference,nonzero,HLA-A*30:01,auc_gt_2h,0.5,2,2,True
allele_mean,random,reference,nonzero,HLA-A*30:02,spearman,,2,2,True
allele_mean,random,reference,nonzero,HLA-A*30:02,pearson_log,,2,2,True
allele_mean,random,reference,nonzero,HLA-A*30:02,auc_gt_2h,0.5,2,2,True
allele_mean,random,reference,nonzero,HLA-A*31:01,spearman,0.0,3,3,True
allele_mean,random,reference,nonzero,HLA-A*31:01,pearson_log,0.0,3,3,True
allele_mean,random,reference,nonzero,HLA-A*31:01,auc_gt_2h,0.5,3,3,True
allele_mean,random,reference,nonzero,HLA-A*32:01,spearman,,2,2,True
allele_mean,random,reference,nonzero,HLA-A*32:01,pearson_log,,2,2,True
allele_mean,random,reference,nonzero,HLA-A*32:01,auc_gt_2h,,2,2,True
allele_mean,random,reference,nonzero,HLA-A*32:07,spearman,0.0,3,3,True
allele_mean,random,reference,nonzero,HLA-A*32:07,pearson_log,0.0,3,3,True
allele_mean,random,reference,nonzero,HLA-A*32:07,auc_gt_2h,0.5,3,3,True
allele_mean,random,reference,nonzero,HLA-A*33:03,spearman,,2,2,True
allele_mean,random,reference,nonzero,HLA-A*33:03,pearson_log,,2,2,True
allele_mean,random,reference,nonzero,HLA-A*33:03,auc_gt_2h,0.5,2,2,True
allele_mean,random,reference,nonzero,HLA-A*43:01,spearman,,2,2,True
allele_mean,random,reference,nonzero,HLA-A*43:01,pearson_log,,2,2,True
allele_mean,random,reference,nonzero,HLA-A*43:01,auc_gt_2h,0.5,2,2,True
allele_mean,random,reference,nonzero,HLA-A*66:01,spearman,,2,2,True
allele_mean,random,reference,nonzero,HLA-A*66:01,pearson_log,,2,2,True
allele_mean,random,reference,nonzero,HLA-A*66:01,auc_gt_2h,,2,2,True
allele_mean,random,reference,nonzero,HLA-A*68:01,spearman,,2,2,True
allele_mean,random,reference,nonzero,HLA-A*68:01,pearson_log,,2,2,True
allele_mean,random,reference,nonzero,HLA-A*68:01,auc_gt_2h,,2,2,True
allele_mean,random,reference,nonzero,HLA-A*68:02,spearman,0.0,3,3,True
allele_mean,random,reference,nonzero,HLA-A*68:02,pearson_log,0.0,3,3,True
allele_mean,random,reference,nonzero,HLA-A*68:02,auc_gt_2h,0.5,3,3,True
allele_mean,random,reference,nonzero,HLA-A*68:23,spearman,,2,2,True
allele_mean,random,reference,nonzero,HLA-A*68:23,pearson_log,,2,2,True
allele_mean,random,reference,nonzero,HLA-A*68:23,auc_gt_2h,,2,2,True
allele_mean,random,reference,nonzero,HLA-A*69:01,spearman,0.0,3,3,True
allele_mean,random,reference,nonzero,HLA-A*69:01,pearson_log,0.0,3,3,True
allele_mean,random,reference,nonzero,HLA-A*69:01,auc_gt_2h,,3,3,True
allele_mean,random,reference,nonzero,HLA-A*74:01,spearman,,2,2,True
allele_mean,random,reference,nonzero,HLA-A*74:01,pearson_log,,2,2,True
allele_mean,random,reference,nonzero,HLA-A*74:01,auc_gt_2h,,2,2,True
allele_mean,random,reference,nonzero,HLA-A*80:01,spearman,,2,2,True
allele_mean,random,reference,nonzero,HLA-A*80:01,pearson_log,,2,2,True
allele_mean,random,reference,nonzero,HLA-A*80:01,auc_gt_2h,0.5,2,2,True
allele_mean,random,reference,nonzero,HLA-B*07:02,spearman,,2,2,True
allele_mean,random,reference,nonzero,HLA-B*07:02,pearson_log,,2,2,True
allele_mean,random,reference,nonzero,HLA-B*07:02,auc_gt_2h,,2,2,True
allele_mean,random,reference,nonzero,HLA-B*08:01,spearman,0.0,3,3,True
allele_mean,random,reference,nonzero,HLA-B*08:01,pearson_log,0.0,3,3,True
allele_mean,random,reference,nonzero,HLA-B*08:01,auc_gt_2h,,3,3,True
allele_mean,random,reference,nonzero,HLA-B*08:03,spearman,,1,1,True
allele_mean,random,reference,nonzero,HLA-B*08:03,pearson_log,,1,1,True
allele_mean,random,reference,nonzero,HLA-B*08:03,auc_gt_2h,,1,1,True
allele_mean,random,reference,nonzero,HLA-B*13:02,spearman,,1,1,True
allele_mean,random,reference,nonzero,HLA-B*13:02,pearson_log,,1,1,True
allele_mean,random,reference,nonzero,HLA-B*13:02,auc_gt_2h,,1,1,True
allele_mean,random,reference,nonzero,HLA-B*14:02(C67S),spearman,,1,1,True
allele_mean,random,reference,nonzero,HLA-B*14:02(C67S),pearson_log,,1,1,True
allele_mean,random,reference,nonzero,HLA-B*14:02(C67S),auc_gt_2h,,1,1,True
allele_mean,random,reference,nonzero,HLA-B*15:01,spearman,,2,2,True
allele_mean,random,reference,nonzero,HLA-B*15:01,pearson_log,,2,2,True
allele_mean,random,reference,nonzero,HLA-B*15:01,auc_gt_2h,0.5,2,2,True
allele_mean,random,reference,nonzero,HLA-B*15:02,spearman,,2,2,True
allele_mean,random,reference,nonzero,HLA-B*15:02,pearson_log,,2,2,True
allele_mean,random,reference,nonzero,HLA-B*15:02,auc_gt_2h,0.5,2,2,True
allele_mean,random,reference,nonzero,HLA-B*15:10,spearman,,2,2,True
allele_mean,random,reference,nonzero,HLA-B*15:10,pearson_log,,2,2,True
allele_mean,random,reference,nonzero,HLA-B*15:10,auc_gt_2h,0.5,2,2,True
allele_mean,random,reference,nonzero,HLA-B*15:17,spearman,,1,1,True
allele_mean,random,reference,nonzero,HLA-B*15:17,pearson_log,,1,1,True
allele_mean,random,reference,nonzero,HLA-B*15:17,auc_gt_2h,,1,1,True
allele_mean,random,reference,nonzero,HLA-B*18:01,spearman,,2,2,True
allele_mean,random,reference,nonzero,HLA-B*18:01,pearson_log,,2,2,True
allele_mean,random,reference,nonzero,HLA-B*18:01,auc_gt_2h,0.5,2,2,True
allele_mean,random,reference,nonzero,HLA-B*27:02,spearman,,2,2,True
allele_mean,random,reference,nonzero,HLA-B*27:02,pearson_log,,2,2,True
allele_mean,random,reference,nonzero,HLA-B*27:02,auc_gt_2h,,2,2,True
allele_mean,random,reference,nonzero,HLA-B*27:03,spearman,,2,2,True
allele_mean,random,reference,nonzero,HLA-B*27:03,pearson_log,,2,2,True
allele_mean,random,reference,nonzero,HLA-B*27:03,auc_gt_2h,,2,2,True
allele_mean,random,reference,nonzero,HLA-B*27:05,spearman,0.0,3,3,True
allele_mean,random,reference,nonzero,HLA-B*27:05,pearson_log,0.0,3,3,True
allele_mean,random,reference,nonzero,HLA-B*27:05,auc_gt_2h,0.5,3,3,True
allele_mean,random,reference,nonzero,HLA-B*27:20,spearman,,1,1,True
allele_mean,random,reference,nonzero,HLA-B*27:20,pearson_log,,1,1,True
allele_mean,random,reference,nonzero,HLA-B*27:20,auc_gt_2h,,1,1,True
allele_mean,random,reference,nonzero,HLA-B*35:01,spearman,,1,1,True
allele_mean,random,reference,nonzero,HLA-B*35:01,pearson_log,,1,1,True
allele_mean,random,reference,nonzero,HLA-B*35:01,auc_gt_2h,,1,1,True
allele_mean,random,reference,nonzero,HLA-B*35:03,spearman,,2,2,True
allele_mean,random,reference,nonzero,HLA-B*35:03,pearson_log,,2,2,True
allele_mean,random,reference,nonzero,HLA-B*35:03,auc_gt_2h,0.5,2,2,True
allele_mean,random,reference,nonzero,HLA-B*35:08,spearman,0.0,3,3,True
allele_mean,random,reference,nonzero,HLA-B*35:08,pearson_log,0.0,3,3,True
allele_mean,random,reference,nonzero,HLA-B*35:08,auc_gt_2h,0.5,3,3,True
allele_mean,random,reference,nonzero,HLA-B*39:01,spearman,,2,2,True
allele_mean,random,reference,nonzero,HLA-B*39:01,pearson_log,,2,2,True
allele_mean,random,reference,nonzero,HLA-B*39:01,auc_gt_2h,,2,2,True
allele_mean,random,reference,nonzero,HLA-B*39:02,spearman,,2,2,True
allele_mean,random,reference,nonzero,HLA-B*39:02,pearson_log,,2,2,True
allele_mean,random,reference,nonzero,HLA-B*39:02,auc_gt_2h,,2,2,True
allele_mean,random,reference,nonzero,HLA-B*39:10,spearman,,2,2,True
allele_mean,random,reference,nonzero,HLA-B*39:10,pearson_log,,2,2,True
allele_mean,random,reference,nonzero,HLA-B*39:10,auc_gt_2h,0.5,2,2,True
allele_mean,random,reference,nonzero,HLA-B*40:01,spearman,0.0,3,3,True
allele_mean,random,reference,nonzero,HLA-B*40:01,pearson_log,0.0,3,3,True
allele_mean,random,reference,nonzero,HLA-B*40:01,auc_gt_2h,,3,3,True
allele_mean,random,reference,nonzero,HLA-B*40:02,spearman,0.0,3,3,True
allele_mean,random,reference,nonzero,HLA-B*40:02,pearson_log,0.0,3,3,True
allele_mean,random,reference,nonzero,HLA-B*40:02,auc_gt_2h,0.5,3,3,True
allele_mean,random,reference,nonzero,HLA-B*41:01,spearman,,2,2,True
allele_mean,random,reference,nonzero,HLA-B*41:01,pearson_log,,2,2,True
allele_mean,random,reference,nonzero,HLA-B*41:01,auc_gt_2h,,2,2,True
allele_mean,random,reference,nonzero,HLA-B*42:01,spearman,,2,2,True
allele_mean,random,reference,nonzero,HLA-B*42:01,pearson_log,,2,2,True
allele_mean,random,reference,nonzero,HLA-B*42:01,auc_gt_2h,,2,2,True
allele_mean,random,reference,nonzero,HLA-B*42:02,spearman,0.0,3,3,True
allele_mean,random,reference,nonzero,HLA-B*42:02,pearson_log,0.0,3,3,True
allele_mean,random,reference,nonzero,HLA-B*42:02,auc_gt_2h,0.5,3,3,True
allele_mean,random,reference,nonzero,HLA-B*44:05,spearman,,2,2,True
allele_mean,random,reference,nonzero,HLA-B*44:05,pearson_log,,2,2,True
allele_mean,random,reference,nonzero,HLA-B*44:05,auc_gt_2h,,2,2,True
allele_mean,random,reference,nonzero,HLA-B*45:01,spearman,,1,1,True
allele_mean,random,reference,nonzero,HLA-B*45:01,pearson_log,,1,1,True
allele_mean,random,reference,nonzero,HLA-B*45:01,auc_gt_2h,,1,1,True
allele_mean,random,reference,nonzero,HLA-B*46:01,spearman,,1,1,True
allele_mean,random,reference,nonzero,HLA-B*46:01,pearson_log,,1,1,True
allele_mean,random,reference,nonzero,HLA-B*46:01,auc_gt_2h,,1,1,True
allele_mean,random,reference,nonzero,HLA-B*51:01,spearman,,1,1,True
allele_mean,random,reference,nonzero,HLA-B*51:01,pearson_log,,1,1,True
allele_mean,random,reference,nonzero,HLA-B*51:01,auc_gt_2h,,1,1,True
allele_mean,random,reference,nonzero,HLA-B*54:01,spearman,,2,2,True
allele_mean,random,reference,nonzero,HLA-B*54:01,pearson_log,,2,2,True
allele_mean,random,reference,nonzero,HLA-B*54:01,auc_gt_2h,0.5,2,2,True
allele_mean,random,reference,nonzero,HLA-B*56:01,spearman,,2,2,True
allele_mean,random,reference,nonzero,HLA-B*56:01,pearson_log,,2,2,True
allele_mean,random,reference,nonzero,HLA-B*56:01,auc_gt_2h,,2,2,True
allele_mean,random,reference,nonzero,HLA-B*57:01,spearman,,2,2,True
allele_mean,random,reference,nonzero,HLA-B*57:01,pearson_log,,2,2,True
allele_mean,random,reference,nonzero,HLA-B*57:01,auc_gt_2h,,2,2,True
allele_mean,random,reference,nonzero,HLA-B*57:02,spearman,,2,2,True
allele_mean,random,reference,nonzero,HLA-B*57:02,pearson_log,,2,2,True
allele_mean,random,reference,nonzero,HLA-B*57:02,auc_gt_2h,,2,2,True
allele_mean,random,reference,nonzero,HLA-B*57:03,spearman,,2,2,True
allele_mean,random,reference,nonzero,HLA-B*57:03,pearson_log,,2,2,True
allele_mean,random,reference,nonzero,HLA-B*57:03,auc_gt_2h,,2,2,True
allele_mean,random,reference,nonzero,HLA-B*58:01,spearman,0.0,3,3,True
allele_mean,random,reference,nonzero,HLA-B*58:01,pearson_log,0.0,3,3,True
allele_mean,random,reference,nonzero,HLA-B*58:01,auc_gt_2h,0.5,3,3,True
allele_mean,random,reference,nonzero,HLA-B*81:01,spearman,,2,2,True
allele_mean,random,reference,nonzero,HLA-B*81:01,pearson_log,,2,2,True
allele_mean,random,reference,nonzero,HLA-B*81:01,auc_gt_2h,,2,2,True
blosum_pseudoseq,leave_one_allele_out,censored_hinge,all,HLA-A*01:01,spearman,0.33591672902677655,14,14,False
blosum_pseudoseq,leave_one_allele_out,censored_hinge,all,HLA-A*01:01,pearson_log,0.1974615365377662,14,14,False
blosum_pseudoseq,leave_one_allele_out,censored_hinge,all,HLA-A*01:01,auc_gt_2h,0.75,14,14,False
blosum_pseudoseq,leave_one_allele_out,censored_hinge,all,HLA-A*02:01,spearman,0.34763497383764064,14,14,False
blosum_pseudoseq,leave_one_allele_out,censored_hinge,all,HLA-A*02:01,pearson_log,0.5520487199813109,14,14,False
blosum_pseudoseq,leave_one_allele_out,censored_hinge,all,HLA-A*02:01,auc_gt_2h,0.9393939393939394,14,14,False
blosum_pseudoseq,leave_one_allele_out,censored_hinge,all,HLA-A*02:03,spearman,0.4569580959930881,14,14,False
blosum_pseudoseq,leave_one_allele_out,censored_hinge,all,HLA-A*02:03,pearson_log,0.3003234967161565,14,14,False
blosum_pseudoseq,leave_one_allele_out,censored_hinge,all,HLA-A*02:03,auc_gt_2h,0.6666666666666667,14,14,False
blosum_pseudoseq,leave_one_allele_out,censored_hinge,all,HLA-A*02:05,spearman,-0.06813186813186813,14,14,False
blosum_pseudoseq,leave_one_allele_out,censored_hinge,all,HLA-A*02:05,pearson_log,-0.11744809607223577,14,14,False
blosum_pseudoseq,leave_one_allele_out,censored_hinge,all,HLA-A*02:05,auc_gt_2h,0.425,14,14,False
blosum_pseudoseq,leave_one_allele_out,censored_hinge,all,HLA-A*02:10,spearman,0.3538461538461538,14,14,False
blosum_pseudoseq,leave_one_allele_out,censored_hinge,all,HLA-A*02:10,pearson_log,0.3320956094294105,14,14,False
blosum_pseudoseq,leave_one_allele_out,censored_hinge,all,HLA-A*02:10,auc_gt_2h,0.6888888888888889,14,14,False
blosum_pseudoseq,leave_one_allele_out,censored_hinge,all,HLA-A*02:11,spearman,0.13922864426767714,14,14,False
blosum_pseudoseq,leave_one_allele_out,censored_hinge,all,HLA-A*02:11,pearson_log,0.28847754859850794,14,14,False
blosum_pseudoseq,leave_one_allele_out,censored_hinge,all,HLA-A*02:11,auc_gt_2h,0.7916666666666667,14,14,False
blosum_pseudoseq,leave_one_allele_out,censored_hinge,all,HLA-A*02:12,spearman,0.3494505494505495,14,14,False
blosum_pseudoseq,leave_one_allele_out,censored_hinge,all,HLA-A*02:12,pearson_log,0.6706991706558475,14,14,False
blosum_pseudoseq,leave_one_allele_out,censored_hinge,all,HLA-A*02:12,auc_gt_2h,1.0,14,14,False
blosum_pseudoseq,leave_one_allele_out,censored_hinge,all,HLA-A*02:16,spearman,0.26402656240833466,14,14,False
blosum_pseudoseq,leave_one_allele_out,censored_hinge,all,HLA-A*02:16,pearson_log,0.31058533215424833,14,14,False
blosum_pseudoseq,leave_one_allele_out,censored_hinge,all,HLA-A*02:16,auc_gt_2h,0.6060606060606061,14,14,False
blosum_pseudoseq,leave_one_allele_out,censored_hinge,all,HLA-A*02:19,spearman,0.572057551884725,14,14,False
blosum_pseudoseq,leave_one_allele_out,censored_hinge,all,HLA-A*02:19,pearson_log,0.5653910743869783,14,14,False
blosum_pseudoseq,leave_one_allele_out,censored_hinge,all,HLA-A*02:19,auc_gt_2h,0.8,14,14,False
blosum_pseudoseq,leave_one_allele_out,censored_hinge,all,HLA-A*02:50,spearman,0.21318681318681318,14,14,False
blosum_pseudoseq,leave_one_allele_out,censored_hinge,all,HLA-A*02:50,pearson_log,0.23271322240302855,14,14,False
blosum_pseudoseq,leave_one_allele_out,censored_hinge,all,HLA-A*02:50,auc_gt_2h,0.9230769230769231,14,14,False
blosum_pseudoseq,leave_one_allele_out,censored_hinge,all,HLA-A*03:01,spearman,-0.2466966336842674,14,14,False
blosum_pseudoseq,leave_one_allele_out,censored_hinge,all,HLA-A*03:01,pearson_log,-0.17012368520481597,14,14,False
blosum_pseudoseq,leave_one_allele_out,censored_hinge,all,HLA-A*03:01,auc_gt_2h,0.5777777777777778,14,14,False
blosum_pseudoseq,leave_one_allele_out,censored_hinge,all,HLA-A*11:01,spearman,-0.02417582417582418,14,14,False
blosum_pseudoseq,leave_one_allele_out,censored_hinge,all,HLA-A*11:01,pearson_log,-0.04298245143053084,14,14,False
blosum_pseudoseq,leave_one_allele_out,censored_hinge,all,HLA-A*11:01,auc_gt_2h,0.4222222222222222,14,14,False
blosum_pseudoseq,leave_one_allele_out,censored_hinge,all,HLA-A*23:01,spearman,0.5472527472527472,14,14,False
blosum_pseudoseq,leave_one_allele_out,censored_hinge,all,HLA-A*23:01,pearson_log,0.617720241934095,14,14,False
blosum_pseudoseq,leave_one_allele_out,censored_hinge,all,HLA-A*23:01,auc_gt_2h,0.7291666666666666,14,14,False
blosum_pseudoseq,leave_one_allele_out,censored_hinge,all,HLA-A*24:02,spearman,0.3580165138311697,14,14,False
blosum_pseudoseq,leave_one_allele_out,censored_hinge,all,HLA-A*24:02,pearson_log,0.41010585918016296,14,14,False
blosum_pseudoseq,leave_one_allele_out,censored_hinge,all,HLA-A*24:02,auc_gt_2h,0.875,14,14,False
blosum_pseudoseq,leave_one_allele_out,censored_hinge,all,HLA-A*24:03,spearman,0.6424646351936143,14,14,False
blosum_pseudoseq,leave_one_allele_out,censored_hinge,all,HLA-A*24:03,pearson_log,0.6931708373832401,14,14,False
blosum_pseudoseq,leave_one_allele_out,censored_hinge,all,HLA-A*24:03,auc_gt_2h,0.8444444444444444,14,14,False
blosum_pseudoseq,leave_one_allele_out,censored_hinge,all,HLA-A*24:07,spearman,-0.13406593406593406,14,14,False
blosum_pseudoseq,leave_one_allele_out,censored_hinge,all,HLA-A*24:07,pearson_log,-0.1677764063960838,14,14,False
blosum_pseudoseq,leave_one_allele_out,censored_hinge,all,HLA-A*24:07,auc_gt_2h,0.3125,14,14,False
blosum_pseudoseq,leave_one_allele_out,censored_hinge,all,HLA-A*24:19,spearman,0.6748257910357244,14,14,False
blosum_pseudoseq,leave_one_allele_out,censored_hinge,all,HLA-A*24:19,pearson_log,0.7050775683176241,14,14,False
blosum_pseudoseq,leave_one_allele_out,censored_hinge,all,HLA-A*24:19,auc_gt_2h,0.9230769230769231,14,14,False
blosum_pseudoseq,leave_one_allele_out,censored_hinge,all,HLA-A*25:01,spearman,-0.07417603469297736,14,14,False
blosum_pseudoseq,leave_one_allele_out,censored_hinge,all,HLA-A*25:01,pearson_log,0.06360583183736672,14,14,False
blosum_pseudoseq,leave_one_allele_out,censored_hinge,all,HLA-A*25:01,auc_gt_2h,0.45454545454545453,14,14,False
blosum_pseudoseq,leave_one_allele_out,censored_hinge,all,HLA-A*26:01,spearman,-0.23894331612090058,14,14,False
blosum_pseudoseq,leave_one_allele_out,censored_hinge,all,HLA-A*26:01,pearson_log,-0.23453799651078844,14,14,False
blosum_pseudoseq,leave_one_allele_out,censored_hinge,all,HLA-A*26:01,auc_gt_2h,0.3939393939393939,14,14,False
blosum_pseudoseq,leave_one_allele_out,censored_hinge,all,HLA-A*26:02,spearman,0.5066091584587634,14,14,False
blosum_pseudoseq,leave_one_allele_out,censored_hinge,all,HLA-A*26:02,pearson_log,0.5454055453219693,14,14,False
blosum_pseudoseq,leave_one_allele_out,censored_hinge,all,HLA-A*26:02,auc_gt_2h,0.6875,14,14,False
blosum_pseudoseq,leave_one_allele_out,censored_hinge,all,HLA-A*26:03,spearman,0.1352876560581092,14,14,False
blosum_pseudoseq,leave_one_allele_out,censored_hinge,all,HLA-A*26:03,pearson_log,0.28473040810601136,14,14,False
blosum_pseudoseq,leave_one_allele_out,censored_hinge,all,HLA-A*26:03,auc_gt_2h,0.7878787878787878,14,14,False
blosum_pseudoseq,leave_one_allele_out,censored_hinge,all,HLA-A*29:02,spearman,0.26593406593406593,14,14,False
blosum_pseudoseq,leave_one_allele_out,censored_hinge,all,HLA-A*29:02,pearson_log,0.23339342448283057,14,14,False
blosum_pseudoseq,leave_one_allele_out,censored_hinge,all,HLA-A*29:02,auc_gt_2h,0.6041666666666667,14,14,False
blosum_pseudoseq,leave_one_allele_out,censored_hinge,all,HLA-A*30:01,spearman,0.030974133571227854,14,14,False
blosum_pseudoseq,leave_one_allele_out,censored_hinge,all,HLA-A*30:01,pearson_log,-0.08889250003067274,14,14,False
blosum_pseudoseq,leave_one_allele_out,censored_hinge,all,HLA-A*30:01,auc_gt_2h,0.4166666666666667,14,14,False
blosum_pseudoseq,leave_one_allele_out,censored_hinge,all,HLA-A*30:02,spearman,0.1423910821477956,14,14,False
blosum_pseudoseq,leave_one_allele_out,censored_hinge,all,HLA-A*30:02,pearson_log,0.09020506409697829,14,14,False
blosum_pseudoseq,leave_one_allele_out,censored_hinge,all,HLA-A*30:02,auc_gt_2h,0.5,14,14,False
blosum_pseudoseq,leave_one_allele_out,censored_hinge,all,HLA-A*31:01,spearman,0.03318657168345842,14,14,False
blosum_pseudoseq,leave_one_allele_out,censored_hinge,all,HLA-A*31:01,pearson_log,-0.13033108288250922,14,14,False
blosum_pseudoseq,leave_one_allele_out,censored_hinge,all,HLA-A*31:01,auc_gt_2h,0.5454545454545454,14,14,False
blosum_pseudoseq,leave_one_allele_out,censored_hinge,all,HLA-A*32:01,spearman,0.015469849363075236,14,14,False
blosum_pseudoseq,leave_one_allele_out,censored_hinge,all,HLA-A*32:01,pearson_log,0.041028733284858204,14,14,False
blosum_pseudoseq,leave_one_allele_out,censored_hinge,all,HLA-A*32:01,auc_gt_2h,0.5333333333333334,14,14,False
blosum_pseudoseq,leave_one_allele_out,censored_hinge,all,HLA-A*32:07,spearman,0.6762534150144317,14,14,False
blosum_pseudoseq,leave_one_allele_out,censored_hinge,all,HLA-A*32:07,pearson_log,0.5827873504799678,14,14,False
blosum_pseudoseq,leave_one_allele_out,censored_hinge,all,HLA-A*32:07,auc_gt_2h,0.8775510204081632,14,14,False
blosum_pseudoseq,leave_one_allele_out,censored_hinge,all,HLA-A*33:03,spearman,-0.030548938060998163,14,14,False
blosum_pseudoseq,leave_one_allele_out,censored_hinge,all,HLA-A*33:03,pearson_log,-0.13107341973014858,14,14,False
blosum_pseudoseq,leave_one_allele_out,censored_hinge,all,HLA-A*33:03,auc_gt_2h,0.4848484848484848,14,14,False
blosum_pseudoseq,leave_one_allele_out,censored_hinge,all,HLA-A*43:01,spearman,-0.08492812969085811,14,14,False
blosum_pseudoseq,leave_one_allele_out,censored_hinge,all,HLA-A*43:01,pearson_log,-0.14249616511431834,14,14,False
blosum_pseudoseq,leave_one_allele_out,censored_hinge,all,HLA-A*43:01,auc_gt_2h,0.3846153846153846,14,14,False
blosum_pseudoseq,leave_one_allele_out,censored_hinge,all,HLA-A*66:01,spearman,0.19668866222845824,14,14,False
blosum_pseudoseq,leave_one_allele_out,censored_hinge,all,HLA-A*66:01,pearson_log,0.2505662087187879,14,14,False
blosum_pseudoseq,leave_one_allele_out,censored_hinge,all,HLA-A*66:01,auc_gt_2h,0.9230769230769231,14,14,False
blosum_pseudoseq,leave_one_allele_out,censored_hinge,all,HLA-A*68:01,spearman,-0.05339665580542335,14,14,False
blosum_pseudoseq,leave_one_allele_out,censored_hinge,all,HLA-A*68:01,pearson_log,-0.1320735031969862,14,14,False
blosum_pseudoseq,leave_one_allele_out,censored_hinge,all,HLA-A*68:01,auc_gt_2h,0.3469387755102041,14,14,False
blosum_pseudoseq,leave_one_allele_out,censored_hinge,all,HLA-A*68:02,spearman,-0.253444487872598,13,13,False
blosum_pseudoseq,leave_one_allele_out,censored_hinge,all,HLA-A*68:02,pearson_log,-0.33704614673801225,13,13,False
blosum_pseudoseq,leave_one_allele_out,censored_hinge,all,HLA-A*68:02,auc_gt_2h,0.0,13,13,False
blosum_pseudoseq,leave_one_allele_out,censored_hinge,all,HLA-A*68:23,spearman,-0.03366804048583554,13,13,False
blosum_pseudoseq,leave_one_allele_out,censored_hinge,all,HLA-A*68:23,pearson_log,-0.024157039948741965,13,13,False
blosum_pseudoseq,leave_one_allele_out,censored_hinge,all,HLA-A*68:23,auc_gt_2h,0.6666666666666667,13,13,False
blosum_pseudoseq,leave_one_allele_out,censored_hinge,all,HLA-A*69:01,spearman,-0.45537122169769306,13,13,False
blosum_pseudoseq,leave_one_allele_out,censored_hinge,all,HLA-A*69:01,pearson_log,-0.4319653813441948,13,13,False
blosum_pseudoseq,leave_one_allele_out,censored_hinge,all,HLA-A*69:01,auc_gt_2h,0.08333333333333337,13,13,False
blosum_pseudoseq,leave_one_allele_out,censored_hinge,all,HLA-A*74:01,spearman,-0.002754831389919543,13,13,False
blosum_pseudoseq,leave_one_allele_out,censored_hinge,all,HLA-A*74:01,pearson_log,-0.056962366280868065,13,13,False
blosum_pseudoseq,leave_one_allele_out,censored_hinge,all,HLA-A*74:01,auc_gt_2h,0.45,13,13,False
blosum_pseudoseq,leave_one_allele_out,censored_hinge,all,HLA-A*80:01,spearman,0.7822837490761932,13,13,False
blosum_pseudoseq,leave_one_allele_out,censored_hinge,all,HLA-A*80:01,pearson_log,0.6874872904467202,13,13,False
blosum_pseudoseq,leave_one_allele_out,censored_hinge,all,HLA-A*80:01,auc_gt_2h,0.8181818181818182,13,13,False
blosum_pseudoseq,leave_one_allele_out,censored_hinge,all,HLA-B*07:02,spearman,-0.3098276026226581,13,13,False
blosum_pseudoseq,leave_one_allele_out,censored_hinge,all,HLA-B*07:02,pearson_log,-0.11350403464279354,13,13,False
blosum_pseudoseq,leave_one_allele_out,censored_hinge,all,HLA-B*07:02,auc_gt_2h,0.47619047619047616,13,13,False
blosum_pseudoseq,leave_one_allele_out,censored_hinge,all,HLA-B*08:01,spearman,-0.16112105716236677,13,13,False
blosum_pseudoseq,leave_one_allele_out,censored_hinge,all,HLA-B*08:01,pearson_log,-0.036161016805383334,13,13,False
blosum_pseudoseq,leave_one_allele_out,censored_hinge,all,HLA-B*08:01,auc_gt_2h,,13,13,False
blosum_pseudoseq,leave_one_allele_out,censored_hinge,all,HLA-B*08:03,spearman,-0.12327299922971567,13,13,False
blosum_pseudoseq,leave_one_allele_out,censored_hinge,all,HLA-B*08:03,pearson_log,-0.1400542005595157,13,13,False
blosum_pseudoseq,leave_one_allele_out,censored_hinge,all,HLA-B*08:03,auc_gt_2h,0.4333333333333333,13,13,False
blosum_pseudoseq,leave_one_allele_out,censored_hinge,all,HLA-B*13:02,spearman,-0.48181205582971587,7,7,False
blosum_pseudoseq,leave_one_allele_out,censored_hinge,all,HLA-B*13:02,pearson_log,-0.5226002902772027,7,7,False
blosum_pseudoseq,leave_one_allele_out,censored_hinge,all,HLA-B*13:02,auc_gt_2h,0.16666666666666666,7,7,False
blosum_pseudoseq,leave_one_allele_out,censored_hinge,all,HLA-B*14:01(C67S),spearman,-0.23145502494313785,13,13,False
blosum_pseudoseq,leave_one_allele_out,censored_hinge,all,HLA-B*14:01(C67S),pearson_log,-0.15139167880360735,13,13,False
blosum_pseudoseq,leave_one_allele_out,censored_hinge,all,HLA-B*14:01(C67S),auc_gt_2h,,13,13,False
blosum_pseudoseq,leave_one_allele_out,censored_hinge,all,HLA-B*14:02(C67S),spearman,0.15035280330977643,13,13,False
blosum_pseudoseq,leave_one_allele_out,censored_hinge,all,HLA-B*14:02(C67S),pearson_log,-0.0177024601826207,13,13,False
blosum_pseudoseq,leave_one_allele_out,censored_hinge,all,HLA-B*14:02(C67S),auc_gt_2h,0.5277777777777778,13,13,False
blosum_pseudoseq,leave_one_allele_out,censored_hinge,all,HLA-B*15:01,spearman,-0.07427792446389848,13,13,False
blosum_pseudoseq,leave_one_allele_out,censored_hinge,all,HLA-B*15:01,pearson_log,-0.3973719498101951,13,13,False
blosum_pseudoseq,leave_one_allele_out,censored_hinge,all,HLA-B*15:01,auc_gt_2h,0.3888888888888889,13,13,False
blosum_pseudoseq,leave_one_allele_out,censored_hinge,all,HLA-B*15:02,spearman,-0.1299953802084638,13,13,False
blosum_pseudoseq,leave_one_allele_out,censored_hinge,all,HLA-B*15:02,pearson_log,-0.22386782353290333,13,13,False
blosum_pseudoseq,leave_one_allele_out,censored_hinge,all,HLA-B*15:02,auc_gt_2h,0.575,13,13,False
blosum_pseudoseq,leave_one_allele_out,censored_hinge,all,HLA-B*15:10,spearman,0.2778544581797684,13,13,False
blosum_pseudoseq,leave_one_allele_out,censored_hinge,all,HLA-B*15:10,pearson_log,0.35607841694811987,13,13,False
blosum_pseudoseq,leave_one_allele_out,censored_hinge,all,HLA-B*15:10,auc_gt_2h,0.6363636363636364,13,13,False
blosum_pseudoseq,leave_one_allele_out,censored_hinge,all,HLA-B*15:17,spearman,0.08587554152138938,13,13,False
blosum_pseudoseq,leave_one_allele_out,censored_hinge,all,HLA-B*15:17,pearson_log,-0.12164497898536913,13,13,False
blosum_pseudoseq,leave_one_allele_out,censored_hinge,all,HLA-B*15:17,auc_gt_2h,0.6666666666666666,13,13,False
blosum_pseudoseq,leave_one_allele_out,censored_hinge,all,HLA-B*18:01,spearman,-0.1458048146883933,13,13,False
blosum_pseudoseq,leave_one_allele_out,censored_hinge,all,HLA-B*18:01,pearson_log,-0.1645343921580983,13,13,False
blosum_pseudoseq,leave_one_allele_out,censored_hinge,all,HLA-B*18:01,auc_gt_2h,0.28571428571428575,13,13,False
blosum_pseudoseq,leave_one_allele_out,censored_hinge,all,HLA-B*27:02,spearman,0.002766317880559448,13,13,False
blosum_pseudoseq,leave_one_allele_out,censored_hinge,all,HLA-B*27:02,pearson_log,0.07001088126853681,13,13,False
blosum_pseudoseq,leave_one_allele_out,censored_hinge,all,HLA-B*27:02,auc_gt_2h,0.6944444444444444,13,13,False
blosum_pseudoseq,leave_one_allele_out,censored_hinge,all,HLA-B*27:03,spearman,0.6806937794762604,13,13,False
blosum_pseudoseq,leave_one_allele_out,censored_hinge,all,HLA-B*27:03,pearson_log,0.7023695083348596,13,13,False
blosum_pseudoseq,leave_one_allele_out,censored_hinge,all,HLA-B*27:03,auc_gt_2h,0.825,13,13,False
blosum_pseudoseq,leave_one_allele_out,censored_hinge,all,HLA-B*27:05,spearman,-0.002758644307162943,13,13,False
blosum_pseudoseq,leave_one_allele_out,censored_hinge,all,HLA-B*27:05,pearson_log,0.10933767102708705,13,13,False
blosum_pseudoseq,leave_one_allele_out,censored_hinge,all,HLA-B*27:05,auc_gt_2h,0.42500000000000004,13,13,False
blosum_pseudoseq,leave_one_allele_out,censored_hinge,all,HLA-B*27:20,spearman,0.10192876142702309,13,13,False
blosum_pseudoseq,leave_one_allele_out,censored_hinge,all,HLA-B*27:20,pearson_log,0.04005860219283122,13,13,False
blosum_pseudoseq,leave_one_allele_out,censored_hinge,all,HLA-B*27:20,auc_gt_2h,0.5,13,13,False
blosum_pseudoseq,leave_one_allele_out,censored_hinge,all,HLA-B*35:01,spearman,0.3654544471778283,13,13,False
blosum_pseudoseq,leave_one_allele_out,censored_hinge,all,HLA-B*35:01,pearson_log,0.33254477058865994,13,13,False
blosum_pseudoseq,leave_one_allele_out,censored_hinge,all,HLA-B*35:01,auc_gt_2h,0.7333333333333333,13,13,False
blosum_pseudoseq,leave_one_allele_out,censored_hinge,all,HLA-B*35:03,spearman,0.20110269146412665,13,13,False
blosum_pseudoseq,leave_one_allele_out,censored_hinge,all,HLA-B*35:03,pearson_log,0.14661579602699643,13,13,False
blosum_pseudoseq,leave_one_allele_out,censored_hinge,all,HLA-B*35:03,auc_gt_2h,0.425,13,13,False
blosum_pseudoseq,leave_one_allele_out,censored_hinge,all,HLA-B*35:08,spearman,-0.44599878015947386,13,13,False
blosum_pseudoseq,leave_one_allele_out,censored_hinge,all,HLA-B*35:08,pearson_log,-0.5317762079525519,13,13,False
blosum_pseudoseq,leave_one_allele_out,censored_hinge,all,HLA-B*35:08,auc_gt_2h,0.09090909090909088,13,13,False
blosum_pseudoseq,leave_one_allele_out,censored_hinge,all,HLA-B*39:01,spearman,0.3681113029743735,13,13,False
blosum_pseudoseq,leave_one_allele_out,censored_hinge,all,HLA-B*39:01,pearson_log,0.5794349976392172,13,13,False
blosum_pseudoseq,leave_one_allele_out,censored_hinge,all,HLA-B*39:01,auc_gt_2h,0.9090909090909091,13,13,False
blosum_pseudoseq,leave_one_allele_out,censored_hinge,all,HLA-B*39:02,spearman,-0.38662895212956283,13,13,False
blosum_pseudoseq,leave_one_allele_out,censored_hinge,all,HLA-B*39:02,pearson_log,-0.26491444653060703,13,13,False
blosum_pseudoseq,leave_one_allele_out,censored_hinge,all,HLA-B*39:02,auc_gt_2h,0.45454545454545453,13,13,False
blosum_pseudoseq,leave_one_allele_out,censored_hinge,all,HLA-B*39:06(C67S),spearman,0.4629100498862757,13,13,False
blosum_pseudoseq,leave_one_allele_out,censored_hinge,all,HLA-B*39:06(C67S),pearson_log,0.5753438450178873,13,13,False
blosum_pseudoseq,leave_one_allele_out,censored_hinge,all,HLA-B*39:06(C67S),auc_gt_2h,1.0,13,13,False
blosum_pseudoseq,leave_one_allele_out,censored_hinge,all,HLA-B*39:10,spearman,-0.3658875538406851,13,13,False
blosum_pseudoseq,leave_one_allele_out,censored_hinge,all,HLA-B*39:10,pearson_log,-0.3213219448153287,13,13,False
blosum_pseudoseq,leave_one_allele_out,censored_hinge,all,HLA-B*39:10,auc_gt_2h,0.23809523809523808,13,13,False
blosum_pseudoseq,leave_one_allele_out,censored_hinge,all,HLA-B*40:01,spearman,-0.22314134258348303,13,13,False
blosum_pseudoseq,leave_one_allele_out,censored_hinge,all,HLA-B*40:01,pearson_log,-0.11462155093255744,13,13,False
blosum_pseudoseq,leave_one_allele_out,censored_hinge,all,HLA-B*40:01,auc_gt_2h,0.75,13,13,False
blosum_pseudoseq,leave_one_allele_out,censored_hinge,all,HLA-B*40:02,spearman,0.33516483516483514,13,13,False
blosum_pseudoseq,leave_one_allele_out,censored_hinge,all,HLA-B*40:02,pearson_log,0.3331369864080489,13,13,False
blosum_pseudoseq,leave_one_allele_out,censored_hinge,all,HLA-B*40:02,auc_gt_2h,0.7,13,13,False
blosum_pseudoseq,leave_one_allele_out,censored_hinge,all,HLA-B*41:01,spearman,-0.06613558465853375,13,13,False
blosum_pseudoseq,leave_one_allele_out,censored_hinge,all,HLA-B*41:01,pearson_log,-0.08279957683813122,13,13,False
blosum_pseudoseq,leave_one_allele_out,censored_hinge,all,HLA-B*41:01,auc_gt_2h,,13,13,False
blosum_pseudoseq,leave_one_allele_out,censored_hinge,all,HLA-B*42:01,spearman,-0.4835164835164835,13,13,False
blosum_pseudoseq,leave_one_allele_out,censored_hinge,all,HLA-B*42:01,pearson_log,-0.2791137564743813,13,13,False
blosum_pseudoseq,leave_one_allele_out,censored_hinge,all,HLA-B*42:01,auc_gt_2h,0.2727272727272727,13,13,False
blosum_pseudoseq,leave_one_allele_out,censored_hinge,all,HLA-B*42:02,spearman,-0.5151534699149546,13,13,False
blosum_pseudoseq,leave_one_allele_out,censored_hinge,all,HLA-B*42:02,pearson_log,-0.5153205508329297,13,13,False
blosum_pseudoseq,leave_one_allele_out,censored_hinge,all,HLA-B*42:02,auc_gt_2h,0.2619047619047619,13,13,False
blosum_pseudoseq,leave_one_allele_out,censored_hinge,all,HLA-B*44:05,spearman,-0.3581280806895406,13,13,False
blosum_pseudoseq,leave_one_allele_out,censored_hinge,all,HLA-B*44:05,pearson_log,-0.6734658487233414,13,13,False
blosum_pseudoseq,leave_one_allele_out,censored_hinge,all,HLA-B*44:05,auc_gt_2h,0.30000000000000004,13,13,False
blosum_pseudoseq,leave_one_allele_out,censored_hinge,all,HLA-B*45:01,spearman,0.04469901562676742,13,13,False
blosum_pseudoseq,leave_one_allele_out,censored_hinge,all,HLA-B*45:01,pearson_log,0.05616598639929114,13,13,False
blosum_pseudoseq,leave_one_allele_out,censored_hinge,all,HLA-B*45:01,auc_gt_2h,0.5,13,13,False
blosum_pseudoseq,leave_one_allele_out,censored_hinge,all,HLA-B*46:01,spearman,-0.31786597623893154,13,13,False
blosum_pseudoseq,leave_one_allele_out,censored_hinge,all,HLA-B*46:01,pearson_log,-0.25298282023253615,13,13,False
blosum_pseudoseq,leave_one_allele_out,censored_hinge,all,HLA-B*46:01,auc_gt_2h,0.5909090909090908,13,13,False
blosum_pseudoseq,leave_one_allele_out,censored_hinge,all,HLA-B*51:01,spearman,0.0,13,13,False
blosum_pseudoseq,leave_one_allele_out,censored_hinge,all,HLA-B*51:01,pearson_log,-0.11764147902912443,13,13,False
blosum_pseudoseq,leave_one_allele_out,censored_hinge,all,HLA-B*51:01,auc_gt_2h,0.5,13,13,False
blosum_pseudoseq,leave_one_allele_out,censored_hinge,all,HLA-B*54:01,spearman,0.19216708378642472,13,13,False
blosum_pseudoseq,leave_one_allele_out,censored_hinge,all,HLA-B*54:01,pearson_log,0.28518323596919304,13,13,False
blosum_pseudoseq,leave_one_allele_out,censored_hinge,all,HLA-B*54:01,auc_gt_2h,0.8636363636363636,13,13,False
blosum_pseudoseq,leave_one_allele_out,censored_hinge,all,HLA-B*55:01,spearman,0.08174203600721401,13,13,False
blosum_pseudoseq,leave_one_allele_out,censored_hinge,all,HLA-B*55:01,pearson_log,0.10959306249077264,13,13,False
blosum_pseudoseq,leave_one_allele_out,censored_hinge,all,HLA-B*55:01,auc_gt_2h,0.41666666666666663,13,13,False
blosum_pseudoseq,leave_one_allele_out,censored_hinge,all,HLA-B*56:01,spearman,-0.41379868950962345,13,13,False
blosum_pseudoseq,leave_one_allele_out,censored_hinge,all,HLA-B*56:01,pearson_log,-0.3565344896462058,13,13,False
blosum_pseudoseq,leave_one_allele_out,censored_hinge,all,HLA-B*56:01,auc_gt_2h,,13,13,False
blosum_pseudoseq,leave_one_allele_out,censored_hinge,all,HLA-B*57:01,spearman,0.07702895870330212,13,13,False
blosum_pseudoseq,leave_one_allele_out,censored_hinge,all,HLA-B*57:01,pearson_log,0.39386209990113485,13,13,False
blosum_pseudoseq,leave_one_allele_out,censored_hinge,all,HLA-B*57:01,auc_gt_2h,1.0,13,13,False
blosum_pseudoseq,leave_one_allele_out,censored_hinge,all,HLA-B*57:02,spearman,-0.32276138393806436,13,13,False
blosum_pseudoseq,leave_one_allele_out,censored_hinge,all,HLA-B*57:02,pearson_log,-0.38978654477865143,13,13,False
blosum_pseudoseq,leave_one_allele_out,censored_hinge,all,HLA-B*57:02,auc_gt_2h,0.2272727272727273,13,13,False
blosum_pseudoseq,leave_one_allele_out,censored_hinge,all,HLA-B*57:03,spearman,0.4835164835164835,13,13,False
blosum_pseudoseq,leave_one_allele_out,censored_hinge,all,HLA-B*57:03,pearson_log,0.3734353127087604,13,13,False
blosum_pseudoseq,leave_one_allele_out,censored_hinge,all,HLA-B*57:03,auc_gt_2h,0.6333333333333333,13,13,False
blosum_pseudoseq,leave_one_allele_out,censored_hinge,all,HLA-B*58:01,spearman,0.030261376633440123,13,13,False
blosum_pseudoseq,leave_one_allele_out,censored_hinge,all,HLA-B*58:01,pearson_log,-0.20678412915554018,13,13,False
blosum_pseudoseq,leave_one_allele_out,censored_hinge,all,HLA-B*58:01,auc_gt_2h,0.5476190476190477,13,13,False
blosum_pseudoseq,leave_one_allele_out,censored_hinge,all,HLA-B*81:01,spearman,0.3134683108000349,13,13,False
blosum_pseudoseq,leave_one_allele_out,censored_hinge,all,HLA-B*81:01,pearson_log,0.4089647835475859,13,13,False
blosum_pseudoseq,leave_one_allele_out,censored_hinge,all,HLA-B*81:01,auc_gt_2h,0.5833333333333333,13,13,False
blosum_pseudoseq,leave_one_allele_out,censored_hinge,nonzero,HLA-A*01:01,spearman,0.2793981059365042,13,13,False
blosum_pseudoseq,leave_one_allele_out,censored_hinge,nonzero,HLA-A*01:01,pearson_log,0.18270942950110686,13,13,False
blosum_pseudoseq,leave_one_allele_out,censored_hinge,nonzero,HLA-A*01:01,auc_gt_2h,0.7222222222222222,13,13,False
blosum_pseudoseq,leave_one_allele_out,censored_hinge,nonzero,HLA-A*02:01,spearman,0.34763497383764064,14,14,False
blosum_pseudoseq,leave_one_allele_out,censored_hinge,nonzero,HLA-A*02:01,pearson_log,0.5520487199813109,14,14,False
blosum_pseudoseq,leave_one_allele_out,censored_hinge,nonzero,HLA-A*02:01,auc_gt_2h,0.9393939393939394,14,14,False
blosum_pseudoseq,leave_one_allele_out,censored_hinge,nonzero,HLA-A*02:03,spearman,0.17272727272727276,11,11,False
blosum_pseudoseq,leave_one_allele_out,censored_hinge,nonzero,HLA-A*02:03,pearson_log,-0.012276995491391413,11,11,False
blosum_pseudoseq,leave_one_allele_out,censored_hinge,nonzero,HLA-A*02:03,auc_gt_2h,0.45833333333333337,11,11,False
blosum_pseudoseq,leave_one_allele_out,censored_hinge,nonzero,HLA-A*02:05,spearman,-0.06813186813186813,14,14,False
blosum_pseudoseq,leave_one_allele_out,censored_hinge,nonzero,HLA-A*02:05,pearson_log,-0.11744809607223577,14,14,False
blosum_pseudoseq,leave_one_allele_out,censored_hinge,nonzero,HLA-A*02:05,auc_gt_2h,0.425,14,14,False
blosum_pseudoseq,leave_one_allele_out,censored_hinge,nonzero,HLA-A*02:10,spearman,0.3538461538461538,14,14,False
blosum_pseudoseq,leave_one_allele_out,censored_hinge,nonzero,HLA-A*02:10,pearson_log,0.3320956094294105,14,14,False
blosum_pseudoseq,leave_one_allele_out,censored_hinge,nonzero,HLA-A*02:10,auc_gt_2h,0.6888888888888889,14,14,False
blosum_pseudoseq,leave_one_allele_out,censored_hinge,nonzero,HLA-A*02:11,spearman,0.13922864426767714,14,14,False
blosum_pseudoseq,leave_one_allele_out,censored_hinge,nonzero,HLA-A*02:11,pearson_log,0.28847754859850794,14,14,False
blosum_pseudoseq,leave_one_allele_out,censored_hinge,nonzero,HLA-A*02:11,auc_gt_2h,0.7916666666666667,14,14,False
blosum_pseudoseq,leave_one_allele_out,censored_hinge,nonzero,HLA-A*02:12,spearman,0.3494505494505495,14,14,False
blosum_pseudoseq,leave_one_allele_out,censored_hinge,nonzero,HLA-A*02:12,pearson_log,0.6706991706558475,14,14,False
blosum_pseudoseq,leave_one_allele_out,censored_hinge,nonzero,HLA-A*02:12,auc_gt_2h,1.0,14,14,False
blosum_pseudoseq,leave_one_allele_out,censored_hinge,nonzero,HLA-A*02:16,spearman,0.26402656240833466,14,14,False
blosum_pseudoseq,leave_one_allele_out,censored_hinge,nonzero,HLA-A*02:16,pearson_log,0.31058533215424833,14,14,False
blosum_pseudoseq,leave_one_allele_out,censored_hinge,nonzero,HLA-A*02:16,auc_gt_2h,0.6060606060606061,14,14,False
blosum_pseudoseq,leave_one_allele_out,censored_hinge,nonzero,HLA-A*02:19,spearman,0.5174825174825175,12,12,False
blosum_pseudoseq,leave_one_allele_out,censored_hinge,nonzero,HLA-A*02:19,pearson_log,0.4927568007320403,12,12,False
blosum_pseudoseq,leave_one_allele_out,censored_hinge,nonzero,HLA-A*02:19,auc_gt_2h,0.8,12,12,False
blosum_pseudoseq,leave_one_allele_out,censored_hinge,nonzero,HLA-A*02:50,spearman,0.21318681318681318,14,14,False
blosum_pseudoseq,leave_one_allele_out,censored_hinge,nonzero,HLA-A*02:50,pearson_log,0.23271322240302855,14,14,False
blosum_pseudoseq,leave_one_allele_out,censored_hinge,nonzero,HLA-A*02:50,auc_gt_2h,0.9230769230769231,14,14,False
blosum_pseudoseq,leave_one_allele_out,censored_hinge,nonzero,HLA-A*03:01,spearman,0.11558686727582713,12,12,False
blosum_pseudoseq,leave_one_allele_out,censored_hinge,nonzero,HLA-A*03:01,pearson_log,0.32194791020771013,12,12,False
blosum_pseudoseq,leave_one_allele_out,censored_hinge,nonzero,HLA-A*03:01,auc_gt_2h,0.7142857142857143,12,12,False
blosum_pseudoseq,leave_one_allele_out,censored_hinge,nonzero,HLA-A*11:01,spearman,-0.02417582417582418,14,14,False
blosum_pseudoseq,leave_one_allele_out,censored_hinge,nonzero,HLA-A*11:01,pearson_log,-0.04298245143053084,14,14,False
blosum_pseudoseq,leave_one_allele_out,censored_hinge,nonzero,HLA-A*11:01,auc_gt_2h,0.4222222222222222,14,14,False
blosum_pseudoseq,leave_one_allele_out,censored_hinge,nonzero,HLA-A*23:01,spearman,0.5472527472527472,14,14,False
blosum_pseudoseq,leave_one_allele_out,censored_hinge,nonzero,HLA-A*23:01,pearson_log,0.617720241934095,14,14,False
blosum_pseudoseq,leave_one_allele_out,censored_hinge,nonzero,HLA-A*23:01,auc_gt_2h,0.7291666666666666,14,14,False
blosum_pseudoseq,leave_one_allele_out,censored_hinge,nonzero,HLA-A*24:02,spearman,0.39005082115888223,13,13,False
blosum_pseudoseq,leave_one_allele_out,censored_hinge,nonzero,HLA-A*24:02,pearson_log,0.5034385197940969,13,13,False
blosum_pseudoseq,leave_one_allele_out,censored_hinge,nonzero,HLA-A*24:02,auc_gt_2h,0.8611111111111112,13,13,False
blosum_pseudoseq,leave_one_allele_out,censored_hinge,nonzero,HLA-A*24:03,spearman,0.6424646351936143,14,14,False
blosum_pseudoseq,leave_one_allele_out,censored_hinge,nonzero,HLA-A*24:03,pearson_log,0.6931708373832401,14,14,False
blosum_pseudoseq,leave_one_allele_out,censored_hinge,nonzero,HLA-A*24:03,auc_gt_2h,0.8444444444444444,14,14,False
blosum_pseudoseq,leave_one_allele_out,censored_hinge,nonzero,HLA-A*24:07,spearman,-0.13406593406593406,14,14,False
blosum_pseudoseq,leave_one_allele_out,censored_hinge,nonzero,HLA-A*24:07,pearson_log,-0.1677764063960838,14,14,False
blosum_pseudoseq,leave_one_allele_out,censored_hinge,nonzero,HLA-A*24:07,auc_gt_2h,0.3125,14,14,False
blosum_pseudoseq,leave_one_allele_out,censored_hinge,nonzero,HLA-A*24:19,spearman,0.4523809523809524,8,8,False
blosum_pseudoseq,leave_one_allele_out,censored_hinge,nonzero,HLA-A*24:19,pearson_log,0.5351716929840529,8,8,False
blosum_pseudoseq,leave_one_allele_out,censored_hinge,nonzero,HLA-A*24:19,auc_gt_2h,0.8571428571428572,8,8,False
blosum_pseudoseq,leave_one_allele_out,censored_hinge,nonzero,HLA-A*25:01,spearman,0.18333333333333335,9,9,False
blosum_pseudoseq,leave_one_allele_out,censored_hinge,nonzero,HLA-A*25:01,pearson_log,0.11542796225519827,9,9,False
blosum_pseudoseq,leave_one_allele_out,censored_hinge,nonzero,HLA-A*25:01,auc_gt_2h,0.5555555555555556,9,9,False
blosum_pseudoseq,leave_one_allele_out,censored_hinge,nonzero,HLA-A*26:01,spearman,-0.047093038898826434,13,13,False
blosum_pseudoseq,leave_one_allele_out,censored_hinge,nonzero,HLA-A*26:01,pearson_log,-0.020971666660654587,13,13,False
blosum_pseudoseq,leave_one_allele_out,censored_hinge,nonzero,HLA-A*26:01,auc_gt_2h,0.4333333333333333,13,13,False
blosum_pseudoseq,leave_one_allele_out,censored_hinge,nonzero,HLA-A*26:02,spearman,0.5316824582544718,13,13,False
blosum_pseudoseq,leave_one_allele_out,censored_hinge,nonzero,HLA-A*26:02,pearson_log,0.6189922493847266,13,13,False
blosum_pseudoseq,leave_one_allele_out,censored_hinge,nonzero,HLA-A*26:02,auc_gt_2h,0.6904761904761905,13,13,False
blosum_pseudoseq,leave_one_allele_out,censored_hinge,nonzero,HLA-A*26:03,spearman,0.37352108685170693,8,8,False
blosum_pseudoseq,leave_one_allele_out,censored_hinge,nonzero,HLA-A*26:03,pearson_log,0.4890777766491688,8,8,False
blosum_pseudoseq,leave_one_allele_out,censored_hinge,nonzero,HLA-A*26:03,auc_gt_2h,0.8666666666666667,8,8,False
blosum_pseudoseq,leave_one_allele_out,censored_hinge,nonzero,HLA-A*29:02,spearman,0.26593406593406593,14,14,False
blosum_pseudoseq,leave_one_allele_out,censored_hinge,nonzero,HLA-A*29:02,pearson_log,0.23339342448283057,14,14,False
blosum_pseudoseq,leave_one_allele_out,censored_hinge,nonzero,HLA-A*29:02,auc_gt_2h,0.6041666666666667,14,14,False
blosum_pseudoseq,leave_one_allele_out,censored_hinge,nonzero,HLA-A*30:01,spearman,0.17351779069134482,11,11,False
blosum_pseudoseq,leave_one_allele_out,censored_hinge,nonzero,HLA-A*30:01,pearson_log,0.19810757018156136,11,11,False
blosum_pseudoseq,leave_one_allele_out,censored_hinge,nonzero,HLA-A*30:01,auc_gt_2h,0.38888888888888895,11,11,False
blosum_pseudoseq,leave_one_allele_out,censored_hinge,nonzero,HLA-A*30:02,spearman,0.055794572088218065,13,13,False
blosum_pseudoseq,leave_one_allele_out,censored_hinge,nonzero,HLA-A*30:02,pearson_log,0.029220442138537424,13,13,False
blosum_pseudoseq,leave_one_allele_out,censored_hinge,nonzero,HLA-A*30:02,auc_gt_2h,0.47222222222222227,13,13,False
blosum_pseudoseq,leave_one_allele_out,censored_hinge,nonzero,HLA-A*31:01,spearman,0.03318657168345842,14,14,False
blosum_pseudoseq,leave_one_allele_out,censored_hinge,nonzero,HLA-A*31:01,pearson_log,-0.13033108288250922,14,14,False
blosum_pseudoseq,leave_one_allele_out,censored_hinge,nonzero,HLA-A*31:01,auc_gt_2h,0.5454545454545454,14,14,False
blosum_pseudoseq,leave_one_allele_out,censored_hinge,nonzero,HLA-A*32:01,spearman,0.18810961587804245,13,13,False
blosum_pseudoseq,leave_one_allele_out,censored_hinge,nonzero,HLA-A*32:01,pearson_log,0.2224795115808439,13,13,False
blosum_pseudoseq,leave_one_allele_out,censored_hinge,nonzero,HLA-A*32:01,auc_gt_2h,0.5750000000000001,13,13,False
blosum_pseudoseq,leave_one_allele_out,censored_hinge,nonzero,HLA-A*32:07,spearman,0.8382709675438977,11,11,False
blosum_pseudoseq,leave_one_allele_out,censored_hinge,nonzero,HLA-A*32:07,pearson_log,0.7784521217782578,11,11,False
blosum_pseudoseq,leave_one_allele_out,censored_hinge,nonzero,HLA-A*32:07,auc_gt_2h,0.9285714285714286,11,11,False
blosum_pseudoseq,leave_one_allele_out,censored_hinge,nonzero,HLA-A*33:03,spearman,0.34235623582431246,7,7,False
blosum_pseudoseq,leave_one_allele_out,censored_hinge,nonzero,HLA-A*33:03,pearson_log,0.10697328884035166,7,7,False
blosum_pseudoseq,leave_one_allele_out,censored_hinge,nonzero,HLA-A*33:03,auc_gt_2h,0.5833333333333333,7,7,False
blosum_pseudoseq,leave_one_allele_out,censored_hinge,nonzero,HLA-A*43:01,spearman,-0.10397538312588425,12,12,False
blosum_pseudoseq,leave_one_allele_out,censored_hinge,nonzero,HLA-A*43:01,pearson_log,-0.11008212460594842,12,12,False
blosum_pseudoseq,leave_one_allele_out,censored_hinge,nonzero,HLA-A*43:01,auc_gt_2h,0.36363636363636365,12,12,False
blosum_pseudoseq,leave_one_allele_out,censored_hinge,nonzero,HLA-A*66:01,spearman,0.681005224606999,9,9,False
blosum_pseudoseq,leave_one_allele_out,censored_hinge,nonzero,HLA-A*66:01,pearson_log,0.6995283593986359,9,9,False
blosum_pseudoseq,leave_one_allele_out,censored_hinge,nonzero,HLA-A*66:01,auc_gt_2h,0.875,9,9,False
blosum_pseudoseq,leave_one_allele_out,censored_hinge,nonzero,HLA-A*68:01,spearman,-0.24316221747202585,10,10,False
blosum_pseudoseq,leave_one_allele_out,censored_hinge,nonzero,HLA-A*68:01,pearson_log,-0.3533580996219126,10,10,False
blosum_pseudoseq,leave_one_allele_out,censored_hinge,nonzero,HLA-A*68:01,auc_gt_2h,0.1904761904761905,10,10,False
blosum_pseudoseq,leave_one_allele_out,censored_hinge,nonzero,HLA-A*68:02,spearman,-0.253444487872598,13,13,False
blosum_pseudoseq,leave_one_allele_out,censored_hinge,nonzero,HLA-A*68:02,pearson_log,-0.33704614673801225,13,13,False
blosum_pseudoseq,leave_one_allele_out,censored_hinge,nonzero,HLA-A*68:02,auc_gt_2h,0.0,13,13,False
blosum_pseudoseq,leave_one_allele_out,censored_hinge,nonzero,HLA-A*68:23,spearman,-0.22583963760295228,10,10,False
blosum_pseudoseq,leave_one_allele_out,censored_hinge,nonzero,HLA-A*68:23,pearson_log,0.10218549204545263,10,10,False
blosum_pseudoseq,leave_one_allele_out,censored_hinge,nonzero,HLA-A*68:23,auc_gt_2h,0.6666666666666667,10,10,False
blosum_pseudoseq,leave_one_allele_out,censored_hinge,nonzero,HLA-A*69:01,spearman,-0.42018290340800896,9,9,False
blosum_pseudoseq,leave_one_allele_out,censored_hinge,nonzero,HLA-A*69:01,pearson_log,-0.31301515306199934,9,9,False
blosum_pseudoseq,leave_one_allele_out,censored_hinge,nonzero,HLA-A*69:01,auc_gt_2h,0.125,9,9,False
blosum_pseudoseq,leave_one_allele_out,censored_hinge,nonzero,HLA-A*74:01,spearman,-0.1298253605771632,12,12,False
blosum_pseudoseq,leave_one_allele_out,censored_hinge,nonzero,HLA-A*74:01,pearson_log,-0.12991640013293376,12,12,False
blosum_pseudoseq,leave_one_allele_out,censored_hinge,nonzero,HLA-A*74:01,auc_gt_2h,0.4,12,12,False
blosum_pseudoseq,leave_one_allele_out,censored_hinge,nonzero,HLA-A*80:01,spearman,0.6911605858848819,10,10,False
blosum_pseudoseq,leave_one_allele_out,censored_hinge,nonzero,HLA-A*80:01,pearson_log,0.5315554890847078,10,10,False
blosum_pseudoseq,leave_one_allele_out,censored_hinge,nonzero,HLA-A*80:01,auc_gt_2h,0.75,10,10,False
blosum_pseudoseq,leave_one_allele_out,censored_hinge,nonzero,HLA-B*07:02,spearman,-0.3098276026226581,13,13,False
blosum_pseudoseq,leave_one_allele_out,censored_hinge,nonzero,HLA-B*07:02,pearson_log,-0.11350403464279354,13,13,False
blosum_pseudoseq,leave_one_allele_out,censored_hinge,nonzero,HLA-B*07:02,auc_gt_2h,0.47619047619047616,13,13,False
blosum_pseudoseq,leave_one_allele_out,censored_hinge,nonzero,HLA-B*08:01,spearman,-0.15952121097636068,10,10,False
blosum_pseudoseq,leave_one_allele_out,censored_hinge,nonzero,HLA-B*08:01,pearson_log,-0.10885698575076157,10,10,False
blosum_pseudoseq,leave_one_allele_out,censored_hinge,nonzero,HLA-B*08:01,auc_gt_2h,,10,10,False
blosum_pseudoseq,leave_one_allele_out,censored_hinge,nonzero,HLA-B*08:03,spearman,0.01695158759052026,9,9,False
blosum_pseudoseq,leave_one_allele_out,censored_hinge,nonzero,HLA-B*08:03,pearson_log,-0.13695382015555504,9,9,False
blosum_pseudoseq,leave_one_allele_out,censored_hinge,nonzero,HLA-B*08:03,auc_gt_2h,0.5,9,9,False
blosum_pseudoseq,leave_one_allele_out,censored_hinge,nonzero,HLA-B*13:02,spearman,0.19999999999999998,4,4,False
blosum_pseudoseq,leave_one_allele_out,censored_hinge,nonzero,HLA-B*13:02,pearson_log,0.287375506166028,4,4,False
blosum_pseudoseq,leave_one_allele_out,censored_hinge,nonzero,HLA-B*13:02,auc_gt_2h,0.3333333333333333,4,4,False
blosum_pseudoseq,leave_one_allele_out,censored_hinge,nonzero,HLA-B*14:01(C67S),spearman,,1,1,True
blosum_pseudoseq,leave_one_allele_out,censored_hinge,nonzero,HLA-B*14:01(C67S),pearson_log,,1,1,True
blosum_pseudoseq,leave_one_allele_out,censored_hinge,nonzero,HLA-B*14:01(C67S),auc_gt_2h,,1,1,True
blosum_pseudoseq,leave_one_allele_out,censored_hinge,nonzero,HLA-B*14:02(C67S),spearman,0.7,5,5,False
blosum_pseudoseq,leave_one_allele_out,censored_hinge,nonzero,HLA-B*14:02(C67S),pearson_log,0.4836398380089052,5,5,False
blosum_pseudoseq,leave_one_allele_out,censored_hinge,nonzero,HLA-B*14:02(C67S),auc_gt_2h,0.5,5,5,False
blosum_pseudoseq,leave_one_allele_out,censored_hinge,nonzero,HLA-B*15:01,spearman,0.11818181818181818,11,11,False
blosum_pseudoseq,leave_one_allele_out,censored_hinge,nonzero,HLA-B*15:01,pearson_log,-0.3714067143500968,11,11,False
blosum_pseudoseq,leave_one_allele_out,censored_hinge,nonzero,HLA-B*15:01,auc_gt_2h,0.5,11,11,False
blosum_pseudoseq,leave_one_allele_out,censored_hinge,nonzero,HLA-B*15:02,spearman,0.7142857142857144,8,8,False
blosum_pseudoseq,leave_one_allele_out,censored_hinge,nonzero,HLA-B*15:02,pearson_log,0.7697997979100275,8,8,False
blosum_pseudoseq,leave_one_allele_out,censored_hinge,nonzero,HLA-B*15:02,auc_gt_2h,0.9333333333333333,8,8,False
blosum_pseudoseq,leave_one_allele_out,censored_hinge,nonzero,HLA-B*15:10,spearman,0.0875658085422933,12,12,False
blosum_pseudoseq,leave_one_allele_out,censored_hinge,nonzero,HLA-B*15:10,pearson_log,0.22569963847776253,12,12,False
blosum_pseudoseq,leave_one_allele_out,censored_hinge,nonzero,HLA-B*15:10,auc_gt_2h,0.6000000000000001,12,12,False
blosum_pseudoseq,leave_one_allele_out,censored_hinge,nonzero,HLA-B*15:17,spearman,0.6585488279846325,10,10,False
blosum_pseudoseq,leave_one_allele_out,censored_hinge,nonzero,HLA-B*15:17,pearson_log,0.47678157894478174,10,10,False
blosum_pseudoseq,leave_one_allele_out,censored_hinge,nonzero,HLA-B*15:17,auc_gt_2h,0.8095238095238095,10,10,False
blosum_pseudoseq,leave_one_allele_out,censored_hinge,nonzero,HLA-B*18:01,spearman,-0.1458048146883933,13,13,False
blosum_pseudoseq,leave_one_allele_out,censored_hinge,nonzero,HLA-B*18:01,pearson_log,-0.1645343921580983,13,13,False
blosum_pseudoseq,leave_one_allele_out,censored_hinge,nonzero,HLA-B*18:01,auc_gt_2h,0.28571428571428575,13,13,False
blosum_pseudoseq,leave_one_allele_out,censored_hinge,nonzero,HLA-B*27:02,spearman,0.27524094128159016,11,11,False
blosum_pseudoseq,leave_one_allele_out,censored_hinge,nonzero,HLA-B*27:02,pearson_log,0.3704424243476191,11,11,False
blosum_pseudoseq,leave_one_allele_out,censored_hinge,nonzero,HLA-B*27:02,auc_gt_2h,0.7857142857142857,11,11,False
blosum_pseudoseq,leave_one_allele_out,censored_hinge,nonzero,HLA-B*27:03,spearman,0.30125786715206027,9,9,False
blosum_pseudoseq,leave_one_allele_out,censored_hinge,nonzero,HLA-B*27:03,pearson_log,0.352152685821072,9,9,False
blosum_pseudoseq,leave_one_allele_out,censored_hinge,nonzero,HLA-B*27:03,auc_gt_2h,0.7,9,9,False
blosum_pseudoseq,leave_one_allele_out,censored_hinge,nonzero,HLA-B*27:05,spearman,0.022831288248861156,11,11,False
blosum_pseudoseq,leave_one_allele_out,censored_hinge,nonzero,HLA-B*27:05,pearson_log,0.11117182563609154,11,11,False
blosum_pseudoseq,leave_one_allele_out,censored_hinge,nonzero,HLA-B*27:05,auc_gt_2h,0.43333333333333335,11,11,False
blosum_pseudoseq,leave_one_allele_out,censored_hinge,nonzero,HLA-B*27:20,spearman,-0.1138955118945513,11,11,False
blosum_pseudoseq,leave_one_allele_out,censored_hinge,nonzero,HLA-B*27:20,pearson_log,-0.12453565388660487,11,11,False
blosum_pseudoseq,leave_one_allele_out,censored_hinge,nonzero,HLA-B*27:20,auc_gt_2h,0.4285714285714286,11,11,False
blosum_pseudoseq,leave_one_allele_out,censored_hinge,nonzero,HLA-B*35:01,spearman,0.34309923758984645,9,9,False
blosum_pseudoseq,leave_one_allele_out,censored_hinge,nonzero,HLA-B*35:01,pearson_log,0.395774436199228,9,9,False
blosum_pseudoseq,leave_one_allele_out,censored_hinge,nonzero,HLA-B*35:01,auc_gt_2h,0.6666666666666667,9,9,False
blosum_pseudoseq,leave_one_allele_out,censored_hinge,nonzero,HLA-B*35:03,spearman,0.06315828352402536,12,12,False
blosum_pseudoseq,leave_one_allele_out,censored_hinge,nonzero,HLA-B*35:03,pearson_log,-0.08131561549629737,12,12,False
blosum_pseudoseq,leave_one_allele_out,censored_hinge,nonzero,HLA-B*35:03,auc_gt_2h,0.37142857142857144,12,12,False
blosum_pseudoseq,leave_one_allele_out,censored_hinge,nonzero,HLA-B*35:08,spearman,-0.21610623023970038,11,11,False
blosum_pseudoseq,leave_one_allele_out,censored_hinge,nonzero,HLA-B*35:08,pearson_log,-0.30492986650992715,11,11,False
blosum_pseudoseq,leave_one_allele_out,censored_hinge,nonzero,HLA-B*35:08,auc_gt_2h,0.1111111111111111,11,11,False
blosum_pseudoseq,leave_one_allele_out,censored_hinge,nonzero,HLA-B*39:01,spearman,0.20875122777798033,11,11,False
blosum_pseudoseq,leave_one_allele_out,censored_hinge,nonzero,HLA-B*39:01,pearson_log,0.49761727013283996,11,11,False
blosum_pseudoseq,leave_one_allele_out,censored_hinge,nonzero,HLA-B*39:01,auc_gt_2h,0.8888888888888888,11,11,False
blosum_pseudoseq,leave_one_allele_out,censored_hinge,nonzero,HLA-B*39:02,spearman,0.15256428831468233,9,9,False
blosum_pseudoseq,leave_one_allele_out,censored_hinge,nonzero,HLA-B*39:02,pearson_log,-0.0676788810644747,9,9,False
blosum_pseudoseq,leave_one_allele_out,censored_hinge,nonzero,HLA-B*39:02,auc_gt_2h,0.5714285714285714,9,9,False
blosum_pseudoseq,leave_one_allele_out,censored_hinge,nonzero,HLA-B*39:06(C67S),spearman,,1,1,True
blosum_pseudoseq,leave_one_allele_out,censored_hinge,nonzero,HLA-B*39:06(C67S),pearson_log,,1,1,True
blosum_pseudoseq,leave_one_allele_out,censored_hinge,nonzero,HLA-B*39:06(C67S),auc_gt_2h,,1,1,True
blosum_pseudoseq,leave_one_allele_out,censored_hinge,nonzero,HLA-B*39:10,spearman,-0.2545454545454546,11,11,False
blosum_pseudoseq,leave_one_allele_out,censored_hinge,nonzero,HLA-B*39:10,pearson_log,-0.27181311405026176,11,11,False
blosum_pseudoseq,leave_one_allele_out,censored_hinge,nonzero,HLA-B*39:10,auc_gt_2h,0.26666666666666666,11,11,False
blosum_pseudoseq,leave_one_allele_out,censored_hinge,nonzero,HLA-B*40:01,spearman,-0.42807281055172736,12,12,False
blosum_pseudoseq,leave_one_allele_out,censored_hinge,nonzero,HLA-B*40:01,pearson_log,-0.5895366634981942,12,12,False
blosum_pseudoseq,leave_one_allele_out,censored_hinge,nonzero,HLA-B*40:01,auc_gt_2h,0.7272727272727273,12,12,False
blosum_pseudoseq,leave_one_allele_out,censored_hinge,nonzero,HLA-B*40:02,spearman,0.33516483516483514,13,13,False
blosum_pseudoseq,leave_one_allele_out,censored_hinge,nonzero,HLA-B*40:02,pearson_log,0.3331369864080489,13,13,False
blosum_pseudoseq,leave_one_allele_out,censored_hinge,nonzero,HLA-B*40:02,auc_gt_2h,0.7,13,13,False
blosum_pseudoseq,leave_one_allele_out,censored_hinge,nonzero,HLA-B*41:01,spearman,-0.21251185925162072,6,6,False
blosum_pseudoseq,leave_one_allele_out,censored_hinge,nonzero,HLA-B*41:01,pearson_log,-0.03592655787834201,6,6,False
blosum_pseudoseq,leave_one_allele_out,censored_hinge,nonzero,HLA-B*41:01,auc_gt_2h,,6,6,False
blosum_pseudoseq,leave_one_allele_out,censored_hinge,nonzero,HLA-B*42:01,spearman,-0.46153846153846156,12,12,False
blosum_pseudoseq,leave_one_allele_out,censored_hinge,nonzero,HLA-B*42:01,pearson_log,-0.30469571006646823,12,12,False
blosum_pseudoseq,leave_one_allele_out,censored_hinge,nonzero,HLA-B*42:01,auc_gt_2h,0.2727272727272727,12,12,False
blosum_pseudoseq,leave_one_allele_out,censored_hinge,nonzero,HLA-B*42:02,spearman,-0.5375868161422822,11,11,False
blosum_pseudoseq,leave_one_allele_out,censored_hinge,nonzero,HLA-B*42:02,pearson_log,-0.5343717363036465,11,11,False
blosum_pseudoseq,leave_one_allele_out,censored_hinge,nonzero,HLA-B*42:02,auc_gt_2h,0.26666666666666666,11,11,False
blosum_pseudoseq,leave_one_allele_out,censored_hinge,nonzero,HLA-B*44:05,spearman,-0.182457263513851,12,12,False
blosum_pseudoseq,leave_one_allele_out,censored_hinge,nonzero,HLA-B*44:05,pearson_log,-0.20160240620342731,12,12,False
blosum_pseudoseq,leave_one_allele_out,censored_hinge,nonzero,HLA-B*44:05,auc_gt_2h,0.45,12,12,False
blosum_pseudoseq,leave_one_allele_out,censored_hinge,nonzero,HLA-B*45:01,spearman,0.0,3,3,False
blosum_pseudoseq,leave_one_allele_out,censored_hinge,nonzero,HLA-B*45:01,pearson_log,-0.2514445510605656,3,3,False
blosum_pseudoseq,leave_one_allele_out,censored_hinge,nonzero,HLA-B*45:01,auc_gt_2h,0.5,3,3,False
blosum_pseudoseq,leave_one_allele_out,censored_hinge,nonzero,HLA-B*46:01,spearman,-0.25,7,7,False
blosum_pseudoseq,leave_one_allele_out,censored_hinge,nonzero,HLA-B*46:01,pearson_log,-0.23854122580424775,7,7,False
blosum_pseudoseq,leave_one_allele_out,censored_hinge,nonzero,HLA-B*46:01,auc_gt_2h,0.7,7,7,False
blosum_pseudoseq,leave_one_allele_out,censored_hinge,nonzero,HLA-B*51:01,spearman,0.0,4,4,False
blosum_pseudoseq,leave_one_allele_out,censored_hinge,nonzero,HLA-B*51:01,pearson_log,0.15202224882449875,4,4,False
blosum_pseudoseq,leave_one_allele_out,censored_hinge,nonzero,HLA-B*51:01,auc_gt_2h,,4,4,False
blosum_pseudoseq,leave_one_allele_out,censored_hinge,nonzero,HLA-B*54:01,spearman,0.28571428571428575,8,8,False
blosum_pseudoseq,leave_one_allele_out,censored_hinge,nonzero,HLA-B*54:01,pearson_log,0.48950357601213224,8,8,False
blosum_pseudoseq,leave_one_allele_out,censored_hinge,nonzero,HLA-B*54:01,auc_gt_2h,0.8333333333333334,8,8,False
blosum_pseudoseq,leave_one_allele_out,censored_hinge,nonzero,HLA-B*55:01,spearman,-0.5,3,3,False
blosum_pseudoseq,leave_one_allele_out,censored_hinge,nonzero,HLA-B*55:01,pearson_log,-0.9946612409152316,3,3,False
blosum_pseudoseq,leave_one_allele_out,censored_hinge,nonzero,HLA-B*55:01,auc_gt_2h,0.0,3,3,False
blosum_pseudoseq,leave_one_allele_out,censored_hinge,nonzero,HLA-B*56:01,spearman,-0.7831893756568049,8,8,False
blosum_pseudoseq,leave_one_allele_out,censored_hinge,nonzero,HLA-B*56:01,pearson_log,-0.6347571117773745,8,8,False
blosum_pseudoseq,leave_one_allele_out,censored_hinge,nonzero,HLA-B*56:01,auc_gt_2h,,8,8,False
blosum_pseudoseq,leave_one_allele_out,censored_hinge,nonzero,HLA-B*57:01,spearman,-0.1751316170845866,12,12,False
blosum_pseudoseq,leave_one_allele_out,censored_hinge,nonzero,HLA-B*57:01,pearson_log,-0.2638451326436059,12,12,False
blosum_pseudoseq,leave_one_allele_out,censored_hinge,nonzero,HLA-B*57:01,auc_gt_2h,,12,12,False
blosum_pseudoseq,leave_one_allele_out,censored_hinge,nonzero,HLA-B*57:02,spearman,-0.32276138393806436,13,13,False
blosum_pseudoseq,leave_one_allele_out,censored_hinge,nonzero,HLA-B*57:02,pearson_log,-0.38978654477865143,13,13,False
blosum_pseudoseq,leave_one_allele_out,censored_hinge,nonzero,HLA-B*57:02,auc_gt_2h,0.2272727272727273,13,13,False
blosum_pseudoseq,leave_one_allele_out,censored_hinge,nonzero,HLA-B*57:03,spearman,0.4835164835164835,13,13,False
blosum_pseudoseq,leave_one_allele_out,censored_hinge,nonzero,HLA-B*57:03,pearson_log,0.3734353127087604,13,13,False
blosum_pseudoseq,leave_one_allele_out,censored_hinge,nonzero,HLA-B*57:03,auc_gt_2h,0.6333333333333333,13,13,False
blosum_pseudoseq,leave_one_allele_out,censored_hinge,nonzero,HLA-B*58:01,spearman,0.234676366893346,12,12,False
blosum_pseudoseq,leave_one_allele_out,censored_hinge,nonzero,HLA-B*58:01,pearson_log,0.1334114706497579,12,12,False
blosum_pseudoseq,leave_one_allele_out,censored_hinge,nonzero,HLA-B*58:01,auc_gt_2h,0.6285714285714286,12,12,False
blosum_pseudoseq,leave_one_allele_out,censored_hinge,nonzero,HLA-B*81:01,spearman,0.06452229531745701,11,11,False
blosum_pseudoseq,leave_one_allele_out,censored_hinge,nonzero,HLA-B*81:01,pearson_log,0.03544553037374332,11,11,False
blosum_pseudoseq,leave_one_allele_out,censored_hinge,nonzero,HLA-B*81:01,auc_gt_2h,0.5,11,11,False
blosum_pseudoseq,leave_one_allele_out,mse,all,HLA-A*01:01,spearman,0.18784817083734218,14,14,False
blosum_pseudoseq,leave_one_allele_out,mse,all,HLA-A*01:01,pearson_log,0.167966274584166,14,14,False
blosum_pseudoseq,leave_one_allele_out,mse,all,HLA-A*01:01,auc_gt_2h,0.65,14,14,False
blosum_pseudoseq,leave_one_allele_out,mse,all,HLA-A*02:01,spearman,0.39603984361250194,14,14,False
blosum_pseudoseq,leave_one_allele_out,mse,all,HLA-A*02:01,pearson_log,0.5989655359739788,14,14,False
blosum_pseudoseq,leave_one_allele_out,mse,all,HLA-A*02:01,auc_gt_2h,1.0,14,14,False
blosum_pseudoseq,leave_one_allele_out,mse,all,HLA-A*02:03,spearman,0.5408441232768435,14,14,False
blosum_pseudoseq,leave_one_allele_out,mse,all,HLA-A*02:03,pearson_log,0.4155473980815491,14,14,False
blosum_pseudoseq,leave_one_allele_out,mse,all,HLA-A*02:03,auc_gt_2h,0.7083333333333334,14,14,False
blosum_pseudoseq,leave_one_allele_out,mse,all,HLA-A*02:05,spearman,-0.15164835164835166,14,14,False
blosum_pseudoseq,leave_one_allele_out,mse,all,HLA-A*02:05,pearson_log,-0.21819085041233652,14,14,False
blosum_pseudoseq,leave_one_allele_out,mse,all,HLA-A*02:05,auc_gt_2h,0.32499999999999996,14,14,False
blosum_pseudoseq,leave_one_allele_out,mse,all,HLA-A*02:10,spearman,0.3450549450549451,14,14,False
blosum_pseudoseq,leave_one_allele_out,mse,all,HLA-A*02:10,pearson_log,0.39029680272989187,14,14,False
blosum_pseudoseq,leave_one_allele_out,mse,all,HLA-A*02:10,auc_gt_2h,0.6888888888888889,14,14,False
blosum_pseudoseq,leave_one_allele_out,mse,all,HLA-A*02:11,spearman,0.18784817083734218,14,14,False
blosum_pseudoseq,leave_one_allele_out,mse,all,HLA-A*02:11,pearson_log,0.33200547550771253,14,14,False
blosum_pseudoseq,leave_one_allele_out,mse,all,HLA-A*02:11,auc_gt_2h,0.8333333333333334,14,14,False
blosum_pseudoseq,leave_one_allele_out,mse,all,HLA-A*02:12,spearman,0.3934065934065934,14,14,False
blosum_pseudoseq,leave_one_allele_out,mse,all,HLA-A*02:12,pearson_log,0.5779587048550945,14,14,False
blosum_pseudoseq,leave_one_allele_out,mse,all,HLA-A*02:12,auc_gt_2h,0.9583333333333333,14,14,False
blosum_pseudoseq,leave_one_allele_out,mse,all,HLA-A*02:16,spearman,0.38063829413868244,14,14,False
blosum_pseudoseq,leave_one_allele_out,mse,all,HLA-A*02:16,pearson_log,0.3956201411854503,14,14,False
blosum_pseudoseq,leave_one_allele_out,mse,all,HLA-A*02:16,auc_gt_2h,0.6969696969696969,14,14,False
blosum_pseudoseq,leave_one_allele_out,mse,all,HLA-A*02:19,spearman,0.6776681768480589,14,14,False
blosum_pseudoseq,leave_one_allele_out,mse,all,HLA-A*02:19,pearson_log,0.6512827241550945,14,14,False
blosum_pseudoseq,leave_one_allele_out,mse,all,HLA-A*02:19,auc_gt_2h,0.9,14,14,False
blosum_pseudoseq,leave_one_allele_out,mse,all,HLA-A*02:50,spearman,0.23076923076923075,14,14,False
blosum_pseudoseq,leave_one_allele_out,mse,all,HLA-A*02:50,pearson_log,0.21579779880474523,14,14,False
blosum_pseudoseq,leave_one_allele_out,mse,all,HLA-A*02:50,auc_gt_2h,0.9230769230769231,14,14,False
blosum_pseudoseq,leave_one_allele_out,mse,all,HLA-A*03:01,spearman,-0.17621188120304812,14,14,False
blosum_pseudoseq,leave_one_allele_out,mse,all,HLA-A*03:01,pearson_log,-0.1492153351970805,14,14,False
blosum_pseudoseq,leave_one_allele_out,mse,all,HLA-A*03:01,auc_gt_2h,0.6666666666666667,14,14,False
blosum_pseudoseq,leave_one_allele_out,mse,all,HLA-A*11:01,spearman,-0.06373626373626373,14,14,False
blosum_pseudoseq,leave_one_allele_out,mse,all,HLA-A*11:01,pearson_log,-0.047127542485234236,14,14,False
blosum_pseudoseq,leave_one_allele_out,mse,all,HLA-A*11:01,auc_gt_2h,0.4222222222222222,14,14,False
blosum_pseudoseq,leave_one_allele_out,mse,all,HLA-A*23:01,spearman,0.5164835164835165,14,14,False
blosum_pseudoseq,leave_one_allele_out,mse,all,HLA-A*23:01,pearson_log,0.4328579431531141,14,14,False
blosum_pseudoseq,leave_one_allele_out,mse,all,HLA-A*23:01,auc_gt_2h,0.6666666666666666,14,14,False
blosum_pseudoseq,leave_one_allele_out,mse,all,HLA-A*24:02,spearman,0.2828772454962329,14,14,False
blosum_pseudoseq,leave_one_allele_out,mse,all,HLA-A*24:02,pearson_log,0.37623259605398585,14,14,False
blosum_pseudoseq,leave_one_allele_out,mse,all,HLA-A*24:02,auc_gt_2h,0.825,14,14,False
blosum_pseudoseq,leave_one_allele_out,mse,all,HLA-A*24:03,spearman,0.635863971133406,14,14,False
blosum_pseudoseq,leave_one_allele_out,mse,all,HLA-A*24:03,pearson_log,0.6373809280693519,14,14,False
blosum_pseudoseq,leave_one_allele_out,mse,all,HLA-A*24:03,auc_gt_2h,0.7777777777777778,14,14,False
blosum_pseudoseq,leave_one_allele_out,mse,all,HLA-A*24:07,spearman,-0.04615384615384615,14,14,False
blosum_pseudoseq,leave_one_allele_out,mse,all,HLA-A*24:07,pearson_log,-0.07581904753762707,14,14,False
blosum_pseudoseq,leave_one_allele_out,mse,all,HLA-A*24:07,auc_gt_2h,0.35416666666666663,14,14,False
blosum_pseudoseq,leave_one_allele_out,mse,all,HLA-A*24:19,spearman,0.7160016020141753,14,14,False
blosum_pseudoseq,leave_one_allele_out,mse,all,HLA-A*24:19,pearson_log,0.7539114657208711,14,14,False
blosum_pseudoseq,leave_one_allele_out,mse,all,HLA-A*24:19,auc_gt_2h,0.9230769230769231,14,14,False
blosum_pseudoseq,leave_one_allele_out,mse,all,HLA-A*25:01,spearman,-0.0696805174388575,14,14,False
blosum_pseudoseq,leave_one_allele_out,mse,all,HLA-A*25:01,pearson_log,-0.0001997237043611516,14,14,False
blosum_pseudoseq,leave_one_allele_out,mse,all,HLA-A*25:01,auc_gt_2h,0.4242424242424242,14,14,False
blosum_pseudoseq,leave_one_allele_out,mse,all,HLA-A*26:01,spearman,-0.17478261086621433,14,14,False
blosum_pseudoseq,leave_one_allele_out,mse,all,HLA-A*26:01,pearson_log,-0.2970726870232972,14,14,False
blosum_pseudoseq,leave_one_allele_out,mse,all,HLA-A*26:01,auc_gt_2h,0.3939393939393939,14,14,False
blosum_pseudoseq,leave_one_allele_out,mse,all,HLA-A*26:02,spearman,0.31718138616548663,14,14,False
blosum_pseudoseq,leave_one_allele_out,mse,all,HLA-A*26:02,pearson_log,0.41822672613557954,14,14,False
blosum_pseudoseq,leave_one_allele_out,mse,all,HLA-A*26:02,auc_gt_2h,0.5833333333333334,14,14,False
blosum_pseudoseq,leave_one_allele_out,mse,all,HLA-A*26:03,spearman,0.13070163381885128,14,14,False
blosum_pseudoseq,leave_one_allele_out,mse,all,HLA-A*26:03,pearson_log,0.27824609014504254,14,14,False
blosum_pseudoseq,leave_one_allele_out,mse,all,HLA-A*26:03,auc_gt_2h,0.7272727272727273,14,14,False
blosum_pseudoseq,leave_one_allele_out,mse,all,HLA-A*29:02,spearman,0.3010989010989011,14,14,False
blosum_pseudoseq,leave_one_allele_out,mse,all,HLA-A*29:02,pearson_log,0.3138207298308231,14,14,False
blosum_pseudoseq,leave_one_allele_out,mse,all,HLA-A*29:02,auc_gt_2h,0.6041666666666667,14,14,False
blosum_pseudoseq,leave_one_allele_out,mse,all,HLA-A*30:01,spearman,0.03318657168345842,14,14,False
blosum_pseudoseq,leave_one_allele_out,mse,all,HLA-A*30:01,pearson_log,-0.0070261937281778375,14,14,False
blosum_pseudoseq,leave_one_allele_out,mse,all,HLA-A*30:01,auc_gt_2h,0.4166666666666667,14,14,False
blosum_pseudoseq,leave_one_allele_out,mse,all,HLA-A*30:02,spearman,0.013349163951355837,14,14,False
blosum_pseudoseq,leave_one_allele_out,mse,all,HLA-A*30:02,pearson_log,-0.0633456791004757,14,14,False
blosum_pseudoseq,leave_one_allele_out,mse,all,HLA-A*30:02,auc_gt_2h,0.4,14,14,False
blosum_pseudoseq,leave_one_allele_out,mse,all,HLA-A*31:01,spearman,-0.181419925202906,14,14,False
blosum_pseudoseq,leave_one_allele_out,mse,all,HLA-A*31:01,pearson_log,-0.2938126773732679,14,14,False
blosum_pseudoseq,leave_one_allele_out,mse,all,HLA-A*31:01,auc_gt_2h,0.3939393939393939,14,14,False
blosum_pseudoseq,leave_one_allele_out,mse,all,HLA-A*32:01,spearman,0.02651974176527183,14,14,False
blosum_pseudoseq,leave_one_allele_out,mse,all,HLA-A*32:01,pearson_log,0.04451089050663529,14,14,False
blosum_pseudoseq,leave_one_allele_out,mse,all,HLA-A*32:01,auc_gt_2h,0.5333333333333334,14,14,False
blosum_pseudoseq,leave_one_allele_out,mse,all,HLA-A*32:07,spearman,0.5127150074619221,14,14,False
blosum_pseudoseq,leave_one_allele_out,mse,all,HLA-A*32:07,pearson_log,0.4338641795328561,14,14,False
blosum_pseudoseq,leave_one_allele_out,mse,all,HLA-A*32:07,auc_gt_2h,0.7959183673469388,14,14,False
blosum_pseudoseq,leave_one_allele_out,mse,all,HLA-A*33:03,spearman,0.002349918312384474,14,14,False
blosum_pseudoseq,leave_one_allele_out,mse,all,HLA-A*33:03,pearson_log,-0.2554224359593411,14,14,False
blosum_pseudoseq,leave_one_allele_out,mse,all,HLA-A*33:03,auc_gt_2h,0.48484848484848486,14,14,False
blosum_pseudoseq,leave_one_allele_out,mse,all,HLA-A*43:01,spearman,-0.07822327734684299,14,14,False
blosum_pseudoseq,leave_one_allele_out,mse,all,HLA-A*43:01,pearson_log,-0.07149548071293824,14,14,False
blosum_pseudoseq,leave_one_allele_out,mse,all,HLA-A*43:01,auc_gt_2h,0.3846153846153846,14,14,False
blosum_pseudoseq,leave_one_allele_out,mse,all,HLA-A*66:01,spearman,0.23286128976472645,14,14,False
blosum_pseudoseq,leave_one_allele_out,mse,all,HLA-A*66:01,pearson_log,0.3293813265959964,14,14,False
blosum_pseudoseq,leave_one_allele_out,mse,all,HLA-A*66:01,auc_gt_2h,0.9230769230769231,14,14,False
blosum_pseudoseq,leave_one_allele_out,mse,all,HLA-A*68:01,spearman,0.0711955410738978,14,14,False
blosum_pseudoseq,leave_one_allele_out,mse,all,HLA-A*68:01,pearson_log,0.014282498085383163,14,14,False
blosum_pseudoseq,leave_one_allele_out,mse,all,HLA-A*68:01,auc_gt_2h,0.3877551020408163,14,14,False
blosum_pseudoseq,leave_one_allele_out,mse,all,HLA-A*68:02,spearman,-0.23967033092300027,13,13,False
blosum_pseudoseq,leave_one_allele_out,mse,all,HLA-A*68:02,pearson_log,-0.3247152670836007,13,13,False
blosum_pseudoseq,leave_one_allele_out,mse,all,HLA-A*68:02,auc_gt_2h,0.0,13,13,False
blosum_pseudoseq,leave_one_allele_out,mse,all,HLA-A*68:23,spearman,0.12064381174091068,13,13,False
blosum_pseudoseq,leave_one_allele_out,mse,all,HLA-A*68:23,pearson_log,0.034352500719253054,13,13,False
blosum_pseudoseq,leave_one_allele_out,mse,all,HLA-A*68:23,auc_gt_2h,0.8333333333333334,13,13,False
blosum_pseudoseq,leave_one_allele_out,mse,all,HLA-A*69:01,spearman,-0.3520047480607934,13,13,False
blosum_pseudoseq,leave_one_allele_out,mse,all,HLA-A*69:01,pearson_log,-0.34884631721858494,13,13,False
blosum_pseudoseq,leave_one_allele_out,mse,all,HLA-A*69:01,auc_gt_2h,0.16666666666666663,13,13,False
blosum_pseudoseq,leave_one_allele_out,mse,all,HLA-A*74:01,spearman,0.0,13,13,False
blosum_pseudoseq,leave_one_allele_out,mse,all,HLA-A*74:01,pearson_log,-0.05328420739539308,13,13,False
blosum_pseudoseq,leave_one_allele_out,mse,all,HLA-A*74:01,auc_gt_2h,0.475,13,13,False
blosum_pseudoseq,leave_one_allele_out,mse,all,HLA-A*80:01,spearman,0.7046101853381315,13,13,False
blosum_pseudoseq,leave_one_allele_out,mse,all,HLA-A*80:01,pearson_log,0.6647791327774599,13,13,False
blosum_pseudoseq,leave_one_allele_out,mse,all,HLA-A*80:01,auc_gt_2h,0.7272727272727273,13,13,False
blosum_pseudoseq,leave_one_allele_out,mse,all,HLA-B*07:02,spearman,-0.2600338807725881,13,13,False
blosum_pseudoseq,leave_one_allele_out,mse,all,HLA-B*07:02,pearson_log,-0.16909262693333837,13,13,False
blosum_pseudoseq,leave_one_allele_out,mse,all,HLA-B*07:02,auc_gt_2h,0.47619047619047616,13,13,False
blosum_pseudoseq,leave_one_allele_out,mse,all,HLA-B*08:01,spearman,-0.18334465125372773,13,13,False
blosum_pseudoseq,leave_one_allele_out,mse,all,HLA-B*08:01,pearson_log,-0.019719263733485037,13,13,False
blosum_pseudoseq,leave_one_allele_out,mse,all,HLA-B*08:01,auc_gt_2h,,13,13,False
blosum_pseudoseq,leave_one_allele_out,mse,all,HLA-B*08:03,spearman,-0.1568929081105472,13,13,False
blosum_pseudoseq,leave_one_allele_out,mse,all,HLA-B*08:03,pearson_log,-0.12614444562319033,13,13,False
blosum_pseudoseq,leave_one_allele_out,mse,all,HLA-B*08:03,auc_gt_2h,0.39999999999999997,13,13,False
blosum_pseudoseq,leave_one_allele_out,mse,all,HLA-B*13:02,spearman,-0.29649972666444047,7,7,False
blosum_pseudoseq,leave_one_allele_out,mse,all,HLA-B*13:02,pearson_log,-0.4776346315120569,7,7,False
blosum_pseudoseq,leave_one_allele_out,mse,all,HLA-B*13:02,auc_gt_2h,0.25,7,7,False
blosum_pseudoseq,leave_one_allele_out,mse,all,HLA-B*14:01(C67S),spearman,-0.23145502494313785,13,13,False
blosum_pseudoseq,leave_one_allele_out,mse,all,HLA-B*14:01(C67S),pearson_log,-0.1389852633938562,13,13,False
blosum_pseudoseq,leave_one_allele_out,mse,all,HLA-B*14:01(C67S),auc_gt_2h,,13,13,False
blosum_pseudoseq,leave_one_allele_out,mse,all,HLA-B*14:02(C67S),spearman,0.02192645048267573,13,13,False
blosum_pseudoseq,leave_one_allele_out,mse,all,HLA-B*14:02(C67S),pearson_log,-0.0014983769870514502,13,13,False
blosum_pseudoseq,leave_one_allele_out,mse,all,HLA-B*14:02(C67S),auc_gt_2h,0.4444444444444444,13,13,False
blosum_pseudoseq,leave_one_allele_out,mse,all,HLA-B*15:01,spearman,0.005502068478807295,13,13,False
blosum_pseudoseq,leave_one_allele_out,mse,all,HLA-B*15:01,pearson_log,-0.3198365060333279,13,13,False
blosum_pseudoseq,leave_one_allele_out,mse,all,HLA-B*15:01,auc_gt_2h,0.41666666666666663,13,13,False
blosum_pseudoseq,leave_one_allele_out,mse,all,HLA-B*15:02,spearman,-0.011303946105083808,13,13,False
blosum_pseudoseq,leave_one_allele_out,mse,all,HLA-B*15:02,pearson_log,-0.1882352854492612,13,13,False
blosum_pseudoseq,leave_one_allele_out,mse,all,HLA-B*15:02,auc_gt_2h,0.625,13,13,False
blosum_pseudoseq,leave_one_allele_out,mse,all,HLA-B*15:10,spearman,0.1458048146883933,13,13,False
blosum_pseudoseq,leave_one_allele_out,mse,all,HLA-B*15:10,pearson_log,0.3646213898746291,13,13,False
blosum_pseudoseq,leave_one_allele_out,mse,all,HLA-B*15:10,auc_gt_2h,0.45454545454545453,13,13,False
blosum_pseudoseq,leave_one_allele_out,mse,all,HLA-B*15:17,spearman,-0.016621072552526976,13,13,False
blosum_pseudoseq,leave_one_allele_out,mse,all,HLA-B*15:17,pearson_log,-0.24303949196821298,13,13,False
blosum_pseudoseq,leave_one_allele_out,mse,all,HLA-B*15:17,auc_gt_2h,0.6,13,13,False
blosum_pseudoseq,leave_one_allele_out,mse,all,HLA-B*18:01,spearman,-0.12379654077316414,13,13,False
blosum_pseudoseq,leave_one_allele_out,mse,all,HLA-B*18:01,pearson_log,-0.11582327330465153,13,13,False
blosum_pseudoseq,leave_one_allele_out,mse,all,HLA-B*18:01,auc_gt_2h,0.2857142857142857,13,13,False
blosum_pseudoseq,leave_one_allele_out,mse,all,HLA-B*27:02,spearman,0.10788639734181847,13,13,False
blosum_pseudoseq,leave_one_allele_out,mse,all,HLA-B*27:02,pearson_log,0.14067994097914813,13,13,False
blosum_pseudoseq,leave_one_allele_out,mse,all,HLA-B*27:02,auc_gt_2h,0.75,13,13,False
blosum_pseudoseq,leave_one_allele_out,mse,all,HLA-B*27:03,spearman,0.5802635497174679,13,13,False
blosum_pseudoseq,leave_one_allele_out,mse,all,HLA-B*27:03,pearson_log,0.6742538459639877,13,13,False
blosum_pseudoseq,leave_one_allele_out,mse,all,HLA-B*27:03,auc_gt_2h,0.725,13,13,False
blosum_pseudoseq,leave_one_allele_out,mse,all,HLA-B*27:05,spearman,0.035862375993118256,13,13,False
blosum_pseudoseq,leave_one_allele_out,mse,all,HLA-B*27:05,pearson_log,0.07530771224415916,13,13,False
blosum_pseudoseq,leave_one_allele_out,mse,all,HLA-B*27:05,auc_gt_2h,0.47500000000000003,13,13,False
blosum_pseudoseq,leave_one_allele_out,mse,all,HLA-B*27:20,spearman,-0.0385676394588736,13,13,False
blosum_pseudoseq,leave_one_allele_out,mse,all,HLA-B*27:20,pearson_log,0.06988418993517781,13,13,False
blosum_pseudoseq,leave_one_allele_out,mse,all,HLA-B*27:20,auc_gt_2h,0.4166666666666667,13,13,False
blosum_pseudoseq,leave_one_allele_out,mse,all,HLA-B*35:01,spearman,0.45472576251897723,13,13,False
blosum_pseudoseq,leave_one_allele_out,mse,all,HLA-B*35:01,pearson_log,0.3460200176907251,13,13,False
blosum_pseudoseq,leave_one_allele_out,mse,all,HLA-B*35:01,auc_gt_2h,0.7666666666666666,13,13,False
blosum_pseudoseq,leave_one_allele_out,mse,all,HLA-B*35:03,spearman,0.3636377434693797,13,13,False
blosum_pseudoseq,leave_one_allele_out,mse,all,HLA-B*35:03,pearson_log,0.28268699216687193,13,13,False
blosum_pseudoseq,leave_one_allele_out,mse,all,HLA-B*35:03,auc_gt_2h,0.55,13,13,False
blosum_pseudoseq,leave_one_allele_out,mse,all,HLA-B*35:08,spearman,-0.3268810935330305,13,13,False
blosum_pseudoseq,leave_one_allele_out,mse,all,HLA-B*35:08,pearson_log,-0.4658695546063482,13,13,False
blosum_pseudoseq,leave_one_allele_out,mse,all,HLA-B*35:08,auc_gt_2h,0.2272727272727273,13,13,False
blosum_pseudoseq,leave_one_allele_out,mse,all,HLA-B*39:01,spearman,0.4144875301207513,13,13,False
blosum_pseudoseq,leave_one_allele_out,mse,all,HLA-B*39:01,pearson_log,0.6459738436134039,13,13,False
blosum_pseudoseq,leave_one_allele_out,mse,all,HLA-B*39:01,auc_gt_2h,0.9090909090909091,13,13,False
blosum_pseudoseq,leave_one_allele_out,mse,all,HLA-B*39:02,spearman,-0.12607465830311831,13,13,False
blosum_pseudoseq,leave_one_allele_out,mse,all,HLA-B*39:02,pearson_log,-0.15255155023134948,13,13,False
blosum_pseudoseq,leave_one_allele_out,mse,all,HLA-B*39:02,auc_gt_2h,0.5909090909090909,13,13,False
blosum_pseudoseq,leave_one_allele_out,mse,all,HLA-B*39:06(C67S),spearman,0.4629100498862757,13,13,False
blosum_pseudoseq,leave_one_allele_out,mse,all,HLA-B*39:06(C67S),pearson_log,0.6032295957036833,13,13,False
blosum_pseudoseq,leave_one_allele_out,mse,all,HLA-B*39:06(C67S),auc_gt_2h,1.0,13,13,False
blosum_pseudoseq,leave_one_allele_out,mse,all,HLA-B*39:10,spearman,-0.02200827391522918,13,13,False
blosum_pseudoseq,leave_one_allele_out,mse,all,HLA-B*39:10,pearson_log,-0.10692936188497618,13,13,False
blosum_pseudoseq,leave_one_allele_out,mse,all,HLA-B*39:10,auc_gt_2h,0.38095238095238093,13,13,False
blosum_pseudoseq,leave_one_allele_out,mse,all,HLA-B*40:01,spearman,-0.09641909864718402,13,13,False
blosum_pseudoseq,leave_one_allele_out,mse,all,HLA-B*40:01,pearson_log,0.11148524707308732,13,13,False
blosum_pseudoseq,leave_one_allele_out,mse,all,HLA-B*40:01,auc_gt_2h,0.8333333333333334,13,13,False
blosum_pseudoseq,leave_one_allele_out,mse,all,HLA-B*40:02,spearman,0.4450549450549451,13,13,False
blosum_pseudoseq,leave_one_allele_out,mse,all,HLA-B*40:02,pearson_log,0.44230105207975146,13,13,False
blosum_pseudoseq,leave_one_allele_out,mse,all,HLA-B*40:02,auc_gt_2h,0.7666666666666667,13,13,False
blosum_pseudoseq,leave_one_allele_out,mse,all,HLA-B*41:01,spearman,-0.030061629390242612,13,13,False
blosum_pseudoseq,leave_one_allele_out,mse,all,HLA-B*41:01,pearson_log,-0.10097767365264537,13,13,False
blosum_pseudoseq,leave_one_allele_out,mse,all,HLA-B*41:01,auc_gt_2h,,13,13,False
blosum_pseudoseq,leave_one_allele_out,mse,all,HLA-B*42:01,spearman,-0.47802197802197804,13,13,False
blosum_pseudoseq,leave_one_allele_out,mse,all,HLA-B*42:01,pearson_log,-0.2215580535600809,13,13,False
blosum_pseudoseq,leave_one_allele_out,mse,all,HLA-B*42:01,auc_gt_2h,0.2727272727272727,13,13,False
blosum_pseudoseq,leave_one_allele_out,mse,all,HLA-B*42:02,spearman,-0.4848503246258396,13,13,False
blosum_pseudoseq,leave_one_allele_out,mse,all,HLA-B*42:02,pearson_log,-0.4905350553393396,13,13,False
blosum_pseudoseq,leave_one_allele_out,mse,all,HLA-B*42:02,auc_gt_2h,0.2619047619047619,13,13,False
blosum_pseudoseq,leave_one_allele_out,mse,all,HLA-B*44:05,spearman,-0.2369154995330807,13,13,False
blosum_pseudoseq,leave_one_allele_out,mse,all,HLA-B*44:05,pearson_log,-0.6327045480065724,13,13,False
blosum_pseudoseq,leave_one_allele_out,mse,all,HLA-B*44:05,auc_gt_2h,0.33333333333333337,13,13,False
blosum_pseudoseq,leave_one_allele_out,mse,all,HLA-B*45:01,spearman,0.21232032422714525,13,13,False
blosum_pseudoseq,leave_one_allele_out,mse,all,HLA-B*45:01,pearson_log,0.31418409767465144,13,13,False
blosum_pseudoseq,leave_one_allele_out,mse,all,HLA-B*45:01,auc_gt_2h,0.75,13,13,False
blosum_pseudoseq,leave_one_allele_out,mse,all,HLA-B*46:01,spearman,-0.04912474178238033,13,13,False
blosum_pseudoseq,leave_one_allele_out,mse,all,HLA-B*46:01,pearson_log,-0.13064256521778952,13,13,False
blosum_pseudoseq,leave_one_allele_out,mse,all,HLA-B*46:01,auc_gt_2h,0.6818181818181819,13,13,False
blosum_pseudoseq,leave_one_allele_out,mse,all,HLA-B*51:01,spearman,-0.04026573593245191,13,13,False
blosum_pseudoseq,leave_one_allele_out,mse,all,HLA-B*51:01,pearson_log,-0.10265574500439834,13,13,False
blosum_pseudoseq,leave_one_allele_out,mse,all,HLA-B*51:01,auc_gt_2h,0.4722222222222222,13,13,False
blosum_pseudoseq,leave_one_allele_out,mse,all,HLA-B*54:01,spearman,0.32781443704743046,13,13,False
blosum_pseudoseq,leave_one_allele_out,mse,all,HLA-B*54:01,pearson_log,0.39365187309311883,13,13,False
blosum_pseudoseq,leave_one_allele_out,mse,all,HLA-B*54:01,auc_gt_2h,0.9090909090909091,13,13,False
blosum_pseudoseq,leave_one_allele_out,mse,all,HLA-B*55:01,spearman,0.026008829638659,13,13,False
blosum_pseudoseq,leave_one_allele_out,mse,all,HLA-B*55:01,pearson_log,0.0857991189863109,13,13,False
blosum_pseudoseq,leave_one_allele_out,mse,all,HLA-B*55:01,auc_gt_2h,0.33333333333333337,13,13,False
blosum_pseudoseq,leave_one_allele_out,mse,all,HLA-B*56:01,spearman,-0.2749210471399553,13,13,False
blosum_pseudoseq,leave_one_allele_out,mse,all,HLA-B*56:01,pearson_log,-0.38163497780986744,13,13,False
blosum_pseudoseq,leave_one_allele_out,mse,all,HLA-B*56:01,auc_gt_2h,,13,13,False
blosum_pseudoseq,leave_one_allele_out,mse,all,HLA-B*57:01,spearman,0.04401654783045836,13,13,False
blosum_pseudoseq,leave_one_allele_out,mse,all,HLA-B*57:01,pearson_log,0.2833418081422863,13,13,False
blosum_pseudoseq,leave_one_allele_out,mse,all,HLA-B*57:01,auc_gt_2h,0.9166666666666666,13,13,False
blosum_pseudoseq,leave_one_allele_out,mse,all,HLA-B*57:02,spearman,-0.28689900794494605,13,13,False
blosum_pseudoseq,leave_one_allele_out,mse,all,HLA-B*57:02,pearson_log,-0.2595184338324675,13,13,False
blosum_pseudoseq,leave_one_allele_out,mse,all,HLA-B*57:02,auc_gt_2h,0.22727272727272724,13,13,False
blosum_pseudoseq,leave_one_allele_out,mse,all,HLA-B*57:03,spearman,0.5054945054945055,13,13,False
blosum_pseudoseq,leave_one_allele_out,mse,all,HLA-B*57:03,pearson_log,0.3106441230610064,13,13,False
blosum_pseudoseq,leave_one_allele_out,mse,all,HLA-B*57:03,auc_gt_2h,0.6333333333333334,13,13,False
blosum_pseudoseq,leave_one_allele_out,mse,all,HLA-B*58:01,spearman,0.15405791740660424,13,13,False
blosum_pseudoseq,leave_one_allele_out,mse,all,HLA-B*58:01,pearson_log,-0.11966552709361211,13,13,False
blosum_pseudoseq,leave_one_allele_out,mse,all,HLA-B*58:01,auc_gt_2h,0.6190476190476191,13,13,False
blosum_pseudoseq,leave_one_allele_out,mse,all,HLA-B*81:01,spearman,0.37172348360358115,13,13,False
blosum_pseudoseq,leave_one_allele_out,mse,all,HLA-B*81:01,pearson_log,0.4301837607296099,13,13,False
blosum_pseudoseq,leave_one_allele_out,mse,all,HLA-B*81:01,auc_gt_2h,0.5833333333333333,13,13,False
blosum_pseudoseq,leave_one_allele_out,mse,nonzero,HLA-A*01:01,spearman,0.15491380131132906,13,13,False
blosum_pseudoseq,leave_one_allele_out,mse,nonzero,HLA-A*01:01,pearson_log,0.1516793525102024,13,13,False
blosum_pseudoseq,leave_one_allele_out,mse,nonzero,HLA-A*01:01,auc_gt_2h,0.6388888888888888,13,13,False
blosum_pseudoseq,leave_one_allele_out,mse,nonzero,HLA-A*02:01,spearman,0.39603984361250194,14,14,False
blosum_pseudoseq,leave_one_allele_out,mse,nonzero,HLA-A*02:01,pearson_log,0.5989655359739788,14,14,False
blosum_pseudoseq,leave_one_allele_out,mse,nonzero,HLA-A*02:01,auc_gt_2h,1.0,14,14,False
blosum_pseudoseq,leave_one_allele_out,mse,nonzero,HLA-A*02:03,spearman,0.3181818181818182,11,11,False
blosum_pseudoseq,leave_one_allele_out,mse,nonzero,HLA-A*02:03,pearson_log,0.12304181136232578,11,11,False
blosum_pseudoseq,leave_one_allele_out,mse,nonzero,HLA-A*02:03,auc_gt_2h,0.5416666666666667,11,11,False
blosum_pseudoseq,leave_one_allele_out,mse,nonzero,HLA-A*02:05,spearman,-0.15164835164835166,14,14,False
blosum_pseudoseq,leave_one_allele_out,mse,nonzero,HLA-A*02:05,pearson_log,-0.21819085041233652,14,14,False
blosum_pseudoseq,leave_one_allele_out,mse,nonzero,HLA-A*02:05,auc_gt_2h,0.32499999999999996,14,14,False
blosum_pseudoseq,leave_one_allele_out,mse,nonzero,HLA-A*02:10,spearman,0.3450549450549451,14,14,False
blosum_pseudoseq,leave_one_allele_out,mse,nonzero,HLA-A*02:10,pearson_log,0.39029680272989187,14,14,False
blosum_pseudoseq,leave_one_allele_out,mse,nonzero,HLA-A*02:10,auc_gt_2h,0.6888888888888889,14,14,False
blosum_pseudoseq,leave_one_allele_out,mse,nonzero,HLA-A*02:11,spearman,0.18784817083734218,14,14,False
blosum_pseudoseq,leave_one_allele_out,mse,nonzero,HLA-A*02:11,pearson_log,0.33200547550771253,14,14,False
blosum_pseudoseq,leave_one_allele_out,mse,nonzero,HLA-A*02:11,auc_gt_2h,0.8333333333333334,14,14,False
blosum_pseudoseq,leave_one_allele_out,mse,nonzero,HLA-A*02:12,spearman,0.3934065934065934,14,14,False
blosum_pseudoseq,leave_one_allele_out,mse,nonzero,HLA-A*02:12,pearson_log,0.5779587048550945,14,14,False
blosum_pseudoseq,leave_one_allele_out,mse,nonzero,HLA-A*02:12,auc_gt_2h,0.9583333333333333,14,14,False
blosum_pseudoseq,leave_one_allele_out,mse,nonzero,HLA-A*02:16,spearman,0.38063829413868244,14,14,False
blosum_pseudoseq,leave_one_allele_out,mse,nonzero,HLA-A*02:16,pearson_log,0.3956201411854503,14,14,False
blosum_pseudoseq,leave_one_allele_out,mse,nonzero,HLA-A*02:16,auc_gt_2h,0.6969696969696969,14,14,False
blosum_pseudoseq,leave_one_allele_out,mse,nonzero,HLA-A*02:19,spearman,0.5944055944055945,12,12,False
blosum_pseudoseq,leave_one_allele_out,mse,nonzero,HLA-A*02:19,pearson_log,0.583957756892193,12,12,False
blosum_pseudoseq,leave_one_allele_out,mse,nonzero,HLA-A*02:19,auc_gt_2h,0.9,12,12,False
blosum_pseudoseq,leave_one_allele_out,mse,nonzero,HLA-A*02:50,spearman,0.23076923076923075,14,14,False
blosum_pseudoseq,leave_one_allele_out,mse,nonzero,HLA-A*02:50,pearson_log,0.21579779880474523,14,14,False
blosum_pseudoseq,leave_one_allele_out,mse,nonzero,HLA-A*02:50,auc_gt_2h,0.9230769230769231,14,14,False
blosum_pseudoseq,leave_one_allele_out,mse,nonzero,HLA-A*03:01,spearman,0.1681263524012031,12,12,False
blosum_pseudoseq,leave_one_allele_out,mse,nonzero,HLA-A*03:01,pearson_log,0.3227144416812873,12,12,False
blosum_pseudoseq,leave_one_allele_out,mse,nonzero,HLA-A*03:01,auc_gt_2h,0.7999999999999999,12,12,False
blosum_pseudoseq,leave_one_allele_out,mse,nonzero,HLA-A*11:01,spearman,-0.06373626373626373,14,14,False
blosum_pseudoseq,leave_one_allele_out,mse,nonzero,HLA-A*11:01,pearson_log,-0.047127542485234236,14,14,False
blosum_pseudoseq,leave_one_allele_out,mse,nonzero,HLA-A*11:01,auc_gt_2h,0.4222222222222222,14,14,False
blosum_pseudoseq,leave_one_allele_out,mse,nonzero,HLA-A*23:01,spearman,0.5164835164835165,14,14,False
blosum_pseudoseq,leave_one_allele_out,mse,nonzero,HLA-A*23:01,pearson_log,0.4328579431531141,14,14,False
blosum_pseudoseq,leave_one_allele_out,mse,nonzero,HLA-A*23:01,auc_gt_2h,0.6666666666666666,14,14,False
blosum_pseudoseq,leave_one_allele_out,mse,nonzero,HLA-A*24:02,spearman,0.2876970595781826,13,13,False
blosum_pseudoseq,leave_one_allele_out,mse,nonzero,HLA-A*24:02,pearson_log,0.4291623829277762,13,13,False
blosum_pseudoseq,leave_one_allele_out,mse,nonzero,HLA-A*24:02,auc_gt_2h,0.8055555555555556,13,13,False
blosum_pseudoseq,leave_one_allele_out,mse,nonzero,HLA-A*24:03,spearman,0.635863971133406,14,14,False
blosum_pseudoseq,leave_one_allele_out,mse,nonzero,HLA-A*24:03,pearson_log,0.6373809280693519,14,14,False
blosum_pseudoseq,leave_one_allele_out,mse,nonzero,HLA-A*24:03,auc_gt_2h,0.7777777777777778,14,14,False
blosum_pseudoseq,leave_one_allele_out,mse,nonzero,HLA-A*24:07,spearman,-0.04615384615384615,14,14,False
blosum_pseudoseq,leave_one_allele_out,mse,nonzero,HLA-A*24:07,pearson_log,-0.07581904753762707,14,14,False
blosum_pseudoseq,leave_one_allele_out,mse,nonzero,HLA-A*24:07,auc_gt_2h,0.35416666666666663,14,14,False
blosum_pseudoseq,leave_one_allele_out,mse,nonzero,HLA-A*24:19,spearman,0.4285714285714286,8,8,False
blosum_pseudoseq,leave_one_allele_out,mse,nonzero,HLA-A*24:19,pearson_log,0.5441694871283062,8,8,False
blosum_pseudoseq,leave_one_allele_out,mse,nonzero,HLA-A*24:19,auc_gt_2h,0.8571428571428572,8,8,False
blosum_pseudoseq,leave_one_allele_out,mse,nonzero,HLA-A*25:01,spearman,0.09999999999999999,9,9,False
blosum_pseudoseq,leave_one_allele_out,mse,nonzero,HLA-A*25:01,pearson_log,0.0430333487397866,9,9,False
blosum_pseudoseq,leave_one_allele_out,mse,nonzero,HLA-A*25:01,auc_gt_2h,0.49999999999999994,9,9,False
blosum_pseudoseq,leave_one_allele_out,mse,nonzero,HLA-A*26:01,spearman,0.03324214510505395,13,13,False
blosum_pseudoseq,leave_one_allele_out,mse,nonzero,HLA-A*26:01,pearson_log,-0.05837994482856121,13,13,False
blosum_pseudoseq,leave_one_allele_out,mse,nonzero,HLA-A*26:01,auc_gt_2h,0.4333333333333333,13,13,False
blosum_pseudoseq,leave_one_allele_out,mse,nonzero,HLA-A*26:02,spearman,0.44352785377704645,13,13,False
blosum_pseudoseq,leave_one_allele_out,mse,nonzero,HLA-A*26:02,pearson_log,0.5057738765116426,13,13,False
blosum_pseudoseq,leave_one_allele_out,mse,nonzero,HLA-A*26:02,auc_gt_2h,0.6190476190476191,13,13,False
blosum_pseudoseq,leave_one_allele_out,mse,nonzero,HLA-A*26:03,spearman,0.37352108685170693,8,8,False
blosum_pseudoseq,leave_one_allele_out,mse,nonzero,HLA-A*26:03,pearson_log,0.4175388248059145,8,8,False
blosum_pseudoseq,leave_one_allele_out,mse,nonzero,HLA-A*26:03,auc_gt_2h,0.8,8,8,False
blosum_pseudoseq,leave_one_allele_out,mse,nonzero,HLA-A*29:02,spearman,0.3010989010989011,14,14,False
blosum_pseudoseq,leave_one_allele_out,mse,nonzero,HLA-A*29:02,pearson_log,0.3138207298308231,14,14,False
blosum_pseudoseq,leave_one_allele_out,mse,nonzero,HLA-A*29:02,auc_gt_2h,0.6041666666666667,14,14,False
blosum_pseudoseq,leave_one_allele_out,mse,nonzero,HLA-A*30:01,spearman,0.23287914013838382,11,11,False
blosum_pseudoseq,leave_one_allele_out,mse,nonzero,HLA-A*30:01,pearson_log,0.2636758942184356,11,11,False
blosum_pseudoseq,leave_one_allele_out,mse,nonzero,HLA-A*30:01,auc_gt_2h,0.38888888888888895,11,11,False
blosum_pseudoseq,leave_one_allele_out,mse,nonzero,HLA-A*30:02,spearman,-0.0892713153411489,13,13,False
blosum_pseudoseq,leave_one_allele_out,mse,nonzero,HLA-A*30:02,pearson_log,-0.15940944372205643,13,13,False
blosum_pseudoseq,leave_one_allele_out,mse,nonzero,HLA-A*30:02,auc_gt_2h,0.36111111111111116,13,13,False
blosum_pseudoseq,leave_one_allele_out,mse,nonzero,HLA-A*31:01,spearman,-0.181419925202906,14,14,False
blosum_pseudoseq,leave_one_allele_out,mse,nonzero,HLA-A*31:01,pearson_log,-0.2938126773732679,14,14,False
blosum_pseudoseq,leave_one_allele_out,mse,nonzero,HLA-A*31:01,auc_gt_2h,0.3939393939393939,14,14,False
blosum_pseudoseq,leave_one_allele_out,mse,nonzero,HLA-A*32:01,spearman,0.20194120528083973,13,13,False
blosum_pseudoseq,leave_one_allele_out,mse,nonzero,HLA-A*32:01,pearson_log,0.23786208414991664,13,13,False
blosum_pseudoseq,leave_one_allele_out,mse,nonzero,HLA-A*32:01,auc_gt_2h,0.5750000000000001,13,13,False
blosum_pseudoseq,leave_one_allele_out,mse,nonzero,HLA-A*32:07,spearman,0.8200476856407694,11,11,False
blosum_pseudoseq,leave_one_allele_out,mse,nonzero,HLA-A*32:07,pearson_log,0.7490620378146227,11,11,False
blosum_pseudoseq,leave_one_allele_out,mse,nonzero,HLA-A*32:07,auc_gt_2h,0.9285714285714286,11,11,False
blosum_pseudoseq,leave_one_allele_out,mse,nonzero,HLA-A*33:03,spearman,0.2522624895547565,7,7,False
blosum_pseudoseq,leave_one_allele_out,mse,nonzero,HLA-A*33:03,pearson_log,0.05437895505234235,7,7,False
blosum_pseudoseq,leave_one_allele_out,mse,nonzero,HLA-A*33:03,auc_gt_2h,0.5,7,7,False
blosum_pseudoseq,leave_one_allele_out,mse,nonzero,HLA-A*43:01,spearman,-0.16134111174706176,12,12,False
blosum_pseudoseq,leave_one_allele_out,mse,nonzero,HLA-A*43:01,pearson_log,-0.08856865758977084,12,12,False
blosum_pseudoseq,leave_one_allele_out,mse,nonzero,HLA-A*43:01,auc_gt_2h,0.36363636363636365,12,12,False
blosum_pseudoseq,leave_one_allele_out,mse,nonzero,HLA-A*66:01,spearman,0.7065429205297614,9,9,False
blosum_pseudoseq,leave_one_allele_out,mse,nonzero,HLA-A*66:01,pearson_log,0.7579069319639349,9,9,False
blosum_pseudoseq,leave_one_allele_out,mse,nonzero,HLA-A*66:01,auc_gt_2h,0.875,9,9,False
blosum_pseudoseq,leave_one_allele_out,mse,nonzero,HLA-A*68:01,spearman,-0.10334394242561099,10,10,False
blosum_pseudoseq,leave_one_allele_out,mse,nonzero,HLA-A*68:01,pearson_log,-0.27626559611188894,10,10,False
blosum_pseudoseq,leave_one_allele_out,mse,nonzero,HLA-A*68:01,auc_gt_2h,0.2380952380952381,10,10,False
blosum_pseudoseq,leave_one_allele_out,mse,nonzero,HLA-A*68:02,spearman,-0.23967033092300027,13,13,False
blosum_pseudoseq,leave_one_allele_out,mse,nonzero,HLA-A*68:02,pearson_log,-0.3247152670836007,13,13,False
blosum_pseudoseq,leave_one_allele_out,mse,nonzero,HLA-A*68:02,auc_gt_2h,0.0,13,13,False
blosum_pseudoseq,leave_one_allele_out,mse,nonzero,HLA-A*68:23,spearman,0.050186586133989394,10,10,False
blosum_pseudoseq,leave_one_allele_out,mse,nonzero,HLA-A*68:23,pearson_log,0.1383686851792955,10,10,False
blosum_pseudoseq,leave_one_allele_out,mse,nonzero,HLA-A*68:23,auc_gt_2h,0.8888888888888888,10,10,False
blosum_pseudoseq,leave_one_allele_out,mse,nonzero,HLA-A*69:01,spearman,-0.42018290340800896,9,9,False
blosum_pseudoseq,leave_one_allele_out,mse,nonzero,HLA-A*69:01,pearson_log,-0.2763981492867509,9,9,False
blosum_pseudoseq,leave_one_allele_out,mse,nonzero,HLA-A*69:01,auc_gt_2h,0.125,9,9,False
blosum_pseudoseq,leave_one_allele_out,mse,nonzero,HLA-A*74:01,spearman,-0.12631656704805072,12,12,False
blosum_pseudoseq,leave_one_allele_out,mse,nonzero,HLA-A*74:01,pearson_log,-0.10355019581223353,12,12,False
blosum_pseudoseq,leave_one_allele_out,mse,nonzero,HLA-A*74:01,auc_gt_2h,0.4285714285714286,12,12,False
blosum_pseudoseq,leave_one_allele_out,mse,nonzero,HLA-A*80:01,spearman,0.7400923087793867,10,10,False
blosum_pseudoseq,leave_one_allele_out,mse,nonzero,HLA-A*80:01,pearson_log,0.6218606007642722,10,10,False
blosum_pseudoseq,leave_one_allele_out,mse,nonzero,HLA-A*80:01,auc_gt_2h,0.6875,10,10,False
blosum_pseudoseq,leave_one_allele_out,mse,nonzero,HLA-B*07:02,spearman,-0.2600338807725881,13,13,False
blosum_pseudoseq,leave_one_allele_out,mse,nonzero,HLA-B*07:02,pearson_log,-0.16909262693333837,13,13,False
blosum_pseudoseq,leave_one_allele_out,mse,nonzero,HLA-B*07:02,auc_gt_2h,0.47619047619047616,13,13,False
blosum_pseudoseq,leave_one_allele_out,mse,nonzero,HLA-B*08:01,spearman,-0.3435841467183153,10,10,False
blosum_pseudoseq,leave_one_allele_out,mse,nonzero,HLA-B*08:01,pearson_log,-0.24788858384345933,10,10,False
blosum_pseudoseq,leave_one_allele_out,mse,nonzero,HLA-B*08:01,auc_gt_2h,,10,10,False
blosum_pseudoseq,leave_one_allele_out,mse,nonzero,HLA-B*08:03,spearman,-0.08475793795260131,9,9,False
blosum_pseudoseq,leave_one_allele_out,mse,nonzero,HLA-B*08:03,pearson_log,-0.04525151110872752,9,9,False
blosum_pseudoseq,leave_one_allele_out,mse,nonzero,HLA-B*08:03,auc_gt_2h,0.4444444444444445,9,9,False
blosum_pseudoseq,leave_one_allele_out,mse,nonzero,HLA-B*13:02,spearman,0.19999999999999998,4,4,False
blosum_pseudoseq,leave_one_allele_out,mse,nonzero,HLA-B*13:02,pearson_log,0.08417075706780029,4,4,False
blosum_pseudoseq,leave_one_allele_out,mse,nonzero,HLA-B*13:02,auc_gt_2h,0.3333333333333333,4,4,False
blosum_pseudoseq,leave_one_allele_out,mse,nonzero,HLA-B*14:01(C67S),spearman,,1,1,True
blosum_pseudoseq,leave_one_allele_out,mse,nonzero,HLA-B*14:01(C67S),pearson_log,,1,1,True
blosum_pseudoseq,leave_one_allele_out,mse,nonzero,HLA-B*14:01(C67S),auc_gt_2h,,1,1,True
blosum_pseudoseq,leave_one_allele_out,mse,nonzero,HLA-B*14:02(C67S),spearman,0.7,5,5,False
blosum_pseudoseq,leave_one_allele_out,mse,nonzero,HLA-B*14:02(C67S),pearson_log,0.060419941662153163,5,5,False
blosum_pseudoseq,leave_one_allele_out,mse,nonzero,HLA-B*14:02(C67S),auc_gt_2h,0.5,5,5,False
blosum_pseudoseq,leave_one_allele_out,mse,nonzero,HLA-B*15:01,spearman,0.21818181818181823,11,11,False
blosum_pseudoseq,leave_one_allele_out,mse,nonzero,HLA-B*15:01,pearson_log,-0.15502212638126905,11,11,False
blosum_pseudoseq,leave_one_allele_out,mse,nonzero,HLA-B*15:01,auc_gt_2h,0.5,11,11,False
blosum_pseudoseq,leave_one_allele_out,mse,nonzero,HLA-B*15:02,spearman,0.7142857142857144,8,8,False
blosum_pseudoseq,leave_one_allele_out,mse,nonzero,HLA-B*15:02,pearson_log,0.7435369307361321,8,8,False
blosum_pseudoseq,leave_one_allele_out,mse,nonzero,HLA-B*15:02,auc_gt_2h,0.9333333333333333,8,8,False
blosum_pseudoseq,leave_one_allele_out,mse,nonzero,HLA-B*15:10,spearman,-0.08056054385890983,12,12,False
blosum_pseudoseq,leave_one_allele_out,mse,nonzero,HLA-B*15:10,pearson_log,0.14345116858116463,12,12,False
blosum_pseudoseq,leave_one_allele_out,mse,nonzero,HLA-B*15:10,auc_gt_2h,0.4,12,12,False
blosum_pseudoseq,leave_one_allele_out,mse,nonzero,HLA-B*15:17,spearman,0.4756185979889012,10,10,False
blosum_pseudoseq,leave_one_allele_out,mse,nonzero,HLA-B*15:17,pearson_log,0.416181377232282,10,10,False
blosum_pseudoseq,leave_one_allele_out,mse,nonzero,HLA-B*15:17,auc_gt_2h,0.7142857142857142,10,10,False
blosum_pseudoseq,leave_one_allele_out,mse,nonzero,HLA-B*18:01,spearman,-0.12379654077316414,13,13,False
blosum_pseudoseq,leave_one_allele_out,mse,nonzero,HLA-B*18:01,pearson_log,-0.11582327330465153,13,13,False
blosum_pseudoseq,leave_one_allele_out,mse,nonzero,HLA-B*18:01,auc_gt_2h,0.2857142857142857,13,13,False
blosum_pseudoseq,leave_one_allele_out,mse,nonzero,HLA-B*27:02,spearman,0.3302891295379082,11,11,False
blosum_pseudoseq,leave_one_allele_out,mse,nonzero,HLA-B*27:02,pearson_log,0.4592488503793575,11,11,False
blosum_pseudoseq,leave_one_allele_out,mse,nonzero,HLA-B*27:02,auc_gt_2h,0.8214285714285714,11,11,False
blosum_pseudoseq,leave_one_allele_out,mse,nonzero,HLA-B*27:03,spearman,0.108787563138244,9,9,False
blosum_pseudoseq,leave_one_allele_out,mse,nonzero,HLA-B*27:03,pearson_log,0.19901801325634735,9,9,False
blosum_pseudoseq,leave_one_allele_out,mse,nonzero,HLA-B*27:03,auc_gt_2h,0.5499999999999999,9,9,False
blosum_pseudoseq,leave_one_allele_out,mse,nonzero,HLA-B*27:05,spearman,0.06392760709681124,11,11,False
blosum_pseudoseq,leave_one_allele_out,mse,nonzero,HLA-B*27:05,pearson_log,0.11223152352196358,11,11,False
blosum_pseudoseq,leave_one_allele_out,mse,nonzero,HLA-B*27:05,auc_gt_2h,0.4666666666666667,11,11,False
blosum_pseudoseq,leave_one_allele_out,mse,nonzero,HLA-B*27:20,spearman,-0.3143516128289616,11,11,False
blosum_pseudoseq,leave_one_allele_out,mse,nonzero,HLA-B*27:20,pearson_log,-0.23155556926867918,11,11,False
blosum_pseudoseq,leave_one_allele_out,mse,nonzero,HLA-B*27:20,auc_gt_2h,0.35714285714285715,11,11,False
blosum_pseudoseq,leave_one_allele_out,mse,nonzero,HLA-B*35:01,spearman,0.34309923758984645,9,9,False
blosum_pseudoseq,leave_one_allele_out,mse,nonzero,HLA-B*35:01,pearson_log,0.36418687570525726,9,9,False
blosum_pseudoseq,leave_one_allele_out,mse,nonzero,HLA-B*35:01,auc_gt_2h,0.6666666666666667,9,9,False
blosum_pseudoseq,leave_one_allele_out,mse,nonzero,HLA-B*35:03,spearman,0.270177101741664,12,12,False
blosum_pseudoseq,leave_one_allele_out,mse,nonzero,HLA-B*35:03,pearson_log,0.06665680672502625,12,12,False
blosum_pseudoseq,leave_one_allele_out,mse,nonzero,HLA-B*35:03,auc_gt_2h,0.5142857142857142,12,12,False
blosum_pseudoseq,leave_one_allele_out,mse,nonzero,HLA-B*35:08,spearman,-0.04598004898717029,11,11,False
blosum_pseudoseq,leave_one_allele_out,mse,nonzero,HLA-B*35:08,pearson_log,-0.13332319636146645,11,11,False
blosum_pseudoseq,leave_one_allele_out,mse,nonzero,HLA-B*35:08,auc_gt_2h,0.2777777777777778,11,11,False
blosum_pseudoseq,leave_one_allele_out,mse,nonzero,HLA-B*39:01,spearman,0.28827550502673477,11,11,False
blosum_pseudoseq,leave_one_allele_out,mse,nonzero,HLA-B*39:01,pearson_log,0.6166264176829328,11,11,False
blosum_pseudoseq,leave_one_allele_out,mse,nonzero,HLA-B*39:01,auc_gt_2h,0.8888888888888888,11,11,False
blosum_pseudoseq,leave_one_allele_out,mse,nonzero,HLA-B*39:02,spearman,0.37293492699144576,9,9,False
blosum_pseudoseq,leave_one_allele_out,mse,nonzero,HLA-B*39:02,pearson_log,0.07363412465170963,9,9,False
blosum_pseudoseq,leave_one_allele_out,mse,nonzero,HLA-B*39:02,auc_gt_2h,0.7142857142857142,9,9,False
blosum_pseudoseq,leave_one_allele_out,mse,nonzero,HLA-B*39:06(C67S),spearman,,1,1,True
blosum_pseudoseq,leave_one_allele_out,mse,nonzero,HLA-B*39:06(C67S),pearson_log,,1,1,True
blosum_pseudoseq,leave_one_allele_out,mse,nonzero,HLA-B*39:06(C67S),auc_gt_2h,,1,1,True
blosum_pseudoseq,leave_one_allele_out,mse,nonzero,HLA-B*39:10,spearman,-0.045454545454545456,11,11,False
blosum_pseudoseq,leave_one_allele_out,mse,nonzero,HLA-B*39:10,pearson_log,-0.14708428892704073,11,11,False
blosum_pseudoseq,leave_one_allele_out,mse,nonzero,HLA-B*39:10,auc_gt_2h,0.36666666666666664,11,11,False
blosum_pseudoseq,leave_one_allele_out,mse,nonzero,HLA-B*40:01,spearman,-0.31228262409101426,12,12,False
blosum_pseudoseq,leave_one_allele_out,mse,nonzero,HLA-B*40:01,pearson_log,-0.3660654534965593,12,12,False
blosum_pseudoseq,leave_one_allele_out,mse,nonzero,HLA-B*40:01,auc_gt_2h,0.8181818181818181,12,12,False
blosum_pseudoseq,leave_one_allele_out,mse,nonzero,HLA-B*40:02,spearman,0.4450549450549451,13,13,False
blosum_pseudoseq,leave_one_allele_out,mse,nonzero,HLA-B*40:02,pearson_log,0.44230105207975146,13,13,False
blosum_pseudoseq,leave_one_allele_out,mse,nonzero,HLA-B*40:02,auc_gt_2h,0.7666666666666667,13,13,False
blosum_pseudoseq,leave_one_allele_out,mse,nonzero,HLA-B*41:01,spearman,0.030358837035945815,6,6,False
blosum_pseudoseq,leave_one_allele_out,mse,nonzero,HLA-B*41:01,pearson_log,0.10594165929827756,6,6,False
blosum_pseudoseq,leave_one_allele_out,mse,nonzero,HLA-B*41:01,auc_gt_2h,,6,6,False
blosum_pseudoseq,leave_one_allele_out,mse,nonzero,HLA-B*42:01,spearman,-0.4545454545454546,12,12,False
blosum_pseudoseq,leave_one_allele_out,mse,nonzero,HLA-B*42:01,pearson_log,-0.23300292181030088,12,12,False
blosum_pseudoseq,leave_one_allele_out,mse,nonzero,HLA-B*42:01,auc_gt_2h,0.2727272727272727,12,12,False
blosum_pseudoseq,leave_one_allele_out,mse,nonzero,HLA-B*42:02,spearman,-0.5375868161422822,11,11,False
blosum_pseudoseq,leave_one_allele_out,mse,nonzero,HLA-B*42:02,pearson_log,-0.5768314526949755,11,11,False
blosum_pseudoseq,leave_one_allele_out,mse,nonzero,HLA-B*42:02,auc_gt_2h,0.26666666666666666,11,11,False
blosum_pseudoseq,leave_one_allele_out,mse,nonzero,HLA-B*44:05,spearman,-0.028070348232900152,12,12,False
blosum_pseudoseq,leave_one_allele_out,mse,nonzero,HLA-B*44:05,pearson_log,-0.18464341238523566,12,12,False
blosum_pseudoseq,leave_one_allele_out,mse,nonzero,HLA-B*44:05,auc_gt_2h,0.5,12,12,False
blosum_pseudoseq,leave_one_allele_out,mse,nonzero,HLA-B*45:01,spearman,0.0,3,3,False
blosum_pseudoseq,leave_one_allele_out,mse,nonzero,HLA-B*45:01,pearson_log,0.40478525422785844,3,3,False
blosum_pseudoseq,leave_one_allele_out,mse,nonzero,HLA-B*45:01,auc_gt_2h,0.5,3,3,False
blosum_pseudoseq,leave_one_allele_out,mse,nonzero,HLA-B*46:01,spearman,-0.25,7,7,False
blosum_pseudoseq,leave_one_allele_out,mse,nonzero,HLA-B*46:01,pearson_log,-0.293092950705928,7,7,False
blosum_pseudoseq,leave_one_allele_out,mse,nonzero,HLA-B*46:01,auc_gt_2h,0.7,7,7,False
blosum_pseudoseq,leave_one_allele_out,mse,nonzero,HLA-B*51:01,spearman,0.19999999999999998,4,4,False
blosum_pseudoseq,leave_one_allele_out,mse,nonzero,HLA-B*51:01,pearson_log,0.29043103791018965,4,4,False
blosum_pseudoseq,leave_one_allele_out,mse,nonzero,HLA-B*51:01,auc_gt_2h,,4,4,False
blosum_pseudoseq,leave_one_allele_out,mse,nonzero,HLA-B*54:01,spearman,0.261904761904762,8,8,False
blosum_pseudoseq,leave_one_allele_out,mse,nonzero,HLA-B*54:01,pearson_log,0.4763077502679231,8,8,False
blosum_pseudoseq,leave_one_allele_out,mse,nonzero,HLA-B*54:01,auc_gt_2h,0.9166666666666667,8,8,False
blosum_pseudoseq,leave_one_allele_out,mse,nonzero,HLA-B*55:01,spearman,-0.5,3,3,False
blosum_pseudoseq,leave_one_allele_out,mse,nonzero,HLA-B*55:01,pearson_log,-0.9565042827742493,3,3,False
blosum_pseudoseq,leave_one_allele_out,mse,nonzero,HLA-B*55:01,auc_gt_2h,0.0,3,3,False
blosum_pseudoseq,leave_one_allele_out,mse,nonzero,HLA-B*56:01,spearman,-0.4578645580762859,8,8,False
blosum_pseudoseq,leave_one_allele_out,mse,nonzero,HLA-B*56:01,pearson_log,-0.5571242363420131,8,8,False
blosum_pseudoseq,leave_one_allele_out,mse,nonzero,HLA-B*56:01,auc_gt_2h,,8,8,False
blosum_pseudoseq,leave_one_allele_out,mse,nonzero,HLA-B*57:01,spearman,-0.16112108771781966,12,12,False
blosum_pseudoseq,leave_one_allele_out,mse,nonzero,HLA-B*57:01,pearson_log,-0.33663396613387775,12,12,False
blosum_pseudoseq,leave_one_allele_out,mse,nonzero,HLA-B*57:01,auc_gt_2h,,12,12,False
blosum_pseudoseq,leave_one_allele_out,mse,nonzero,HLA-B*57:02,spearman,-0.28689900794494605,13,13,False
blosum_pseudoseq,leave_one_allele_out,mse,nonzero,HLA-B*57:02,pearson_log,-0.2595184338324675,13,13,False
blosum_pseudoseq,leave_one_allele_out,mse,nonzero,HLA-B*57:02,auc_gt_2h,0.22727272727272724,13,13,False
blosum_pseudoseq,leave_one_allele_out,mse,nonzero,HLA-B*57:03,spearman,0.5054945054945055,13,13,False
blosum_pseudoseq,leave_one_allele_out,mse,nonzero,HLA-B*57:03,pearson_log,0.3106441230610064,13,13,False
blosum_pseudoseq,leave_one_allele_out,mse,nonzero,HLA-B*57:03,auc_gt_2h,0.6333333333333334,13,13,False
blosum_pseudoseq,leave_one_allele_out,mse,nonzero,HLA-B*58:01,spearman,0.3362527048024062,12,12,False
blosum_pseudoseq,leave_one_allele_out,mse,nonzero,HLA-B*58:01,pearson_log,0.182823303646516,12,12,False
blosum_pseudoseq,leave_one_allele_out,mse,nonzero,HLA-B*58:01,auc_gt_2h,0.6857142857142858,12,12,False
blosum_pseudoseq,leave_one_allele_out,mse,nonzero,HLA-B*81:01,spearman,0.06452229531745701,11,11,False
blosum_pseudoseq,leave_one_allele_out,mse,nonzero,HLA-B*81:01,pearson_log,0.04702624267493882,11,11,False
blosum_pseudoseq,leave_one_allele_out,mse,nonzero,HLA-B*81:01,auc_gt_2h,0.5,11,11,False
blosum_pseudoseq,leave_one_allele_out,ranking,all,HLA-A*01:01,spearman,0.4243158682443493,14,14,False
blosum_pseudoseq,leave_one_allele_out,ranking,all,HLA-A*01:01,pearson_log,0.39819790514917275,14,14,False
blosum_pseudoseq,leave_one_allele_out,ranking,all,HLA-A*01:01,auc_gt_2h,0.7749999999999999,14,14,False
blosum_pseudoseq,leave_one_allele_out,ranking,all,HLA-A*02:01,spearman,-0.30583076812298765,14,14,False
blosum_pseudoseq,leave_one_allele_out,ranking,all,HLA-A*02:01,pearson_log,-0.12524983930632647,14,14,False
blosum_pseudoseq,leave_one_allele_out,ranking,all,HLA-A*02:01,auc_gt_2h,0.6060606060606061,14,14,False
blosum_pseudoseq,leave_one_allele_out,ranking,all,HLA-A*02:03,spearman,0.2450355007499168,14,14,False
blosum_pseudoseq,leave_one_allele_out,ranking,all,HLA-A*02:03,pearson_log,0.289356175303108,14,14,False
blosum_pseudoseq,leave_one_allele_out,ranking,all,HLA-A*02:03,auc_gt_2h,0.6041666666666666,14,14,False
blosum_pseudoseq,leave_one_allele_out,ranking,all,HLA-A*02:05,spearman,-0.13406593406593406,14,14,False
blosum_pseudoseq,leave_one_allele_out,ranking,all,HLA-A*02:05,pearson_log,-0.4351734489186018,14,14,False
blosum_pseudoseq,leave_one_allele_out,ranking,all,HLA-A*02:05,auc_gt_2h,0.175,14,14,False
blosum_pseudoseq,leave_one_allele_out,ranking,all,HLA-A*02:10,spearman,0.432967032967033,14,14,False
blosum_pseudoseq,leave_one_allele_out,ranking,all,HLA-A*02:10,pearson_log,0.41930715398464125,14,14,False
blosum_pseudoseq,leave_one_allele_out,ranking,all,HLA-A*02:10,auc_gt_2h,0.6666666666666666,14,14,False
blosum_pseudoseq,leave_one_allele_out,ranking,all,HLA-A*02:11,spearman,0.14364860122855574,14,14,False
blosum_pseudoseq,leave_one_allele_out,ranking,all,HLA-A*02:11,pearson_log,0.20587999650326294,14,14,False
blosum_pseudoseq,leave_one_allele_out,ranking,all,HLA-A*02:11,auc_gt_2h,0.7916666666666667,14,14,False
blosum_pseudoseq,leave_one_allele_out,ranking,all,HLA-A*02:12,spearman,0.3054945054945055,14,14,False
blosum_pseudoseq,leave_one_allele_out,ranking,all,HLA-A*02:12,pearson_log,0.43743337020620865,14,14,False
blosum_pseudoseq,leave_one_allele_out,ranking,all,HLA-A*02:12,auc_gt_2h,0.875,14,14,False
blosum_pseudoseq,leave_one_allele_out,ranking,all,HLA-A*02:16,spearman,0.33003320301041833,14,14,False
blosum_pseudoseq,leave_one_allele_out,ranking,all,HLA-A*02:16,pearson_log,0.347664965888932,14,14,False
blosum_pseudoseq,leave_one_allele_out,ranking,all,HLA-A*02:16,auc_gt_2h,0.6666666666666667,14,14,False
blosum_pseudoseq,leave_one_allele_out,ranking,all,HLA-A*02:19,spearman,0.6930697263218785,14,14,False
blosum_pseudoseq,leave_one_allele_out,ranking,all,HLA-A*02:19,pearson_log,0.6828452545237375,14,14,False
blosum_pseudoseq,leave_one_allele_out,ranking,all,HLA-A*02:19,auc_gt_2h,0.925,14,14,False
blosum_pseudoseq,leave_one_allele_out,ranking,all,HLA-A*02:50,spearman,0.2835164835164835,14,14,False
blosum_pseudoseq,leave_one_allele_out,ranking,all,HLA-A*02:50,pearson_log,0.4270449037708809,14,14,False
blosum_pseudoseq,leave_one_allele_out,ranking,all,HLA-A*02:50,auc_gt_2h,1.0,14,14,False
blosum_pseudoseq,leave_one_allele_out,ranking,all,HLA-A*03:01,spearman,-0.2907496039850294,14,14,False
blosum_pseudoseq,leave_one_allele_out,ranking,all,HLA-A*03:01,pearson_log,-0.277463418891851,14,14,False
blosum_pseudoseq,leave_one_allele_out,ranking,all,HLA-A*03:01,auc_gt_2h,0.48888888888888893,14,14,False
blosum_pseudoseq,leave_one_allele_out,ranking,all,HLA-A*11:01,spearman,-0.3538461538461538,14,14,False
blosum_pseudoseq,leave_one_allele_out,ranking,all,HLA-A*11:01,pearson_log,-0.37681956669046085,14,14,False
blosum_pseudoseq,leave_one_allele_out,ranking,all,HLA-A*11:01,auc_gt_2h,0.3555555555555555,14,14,False
blosum_pseudoseq,leave_one_allele_out,ranking,all,HLA-A*23:01,spearman,0.45494505494505494,14,14,False
blosum_pseudoseq,leave_one_allele_out,ranking,all,HLA-A*23:01,pearson_log,0.47909700577927233,14,14,False
blosum_pseudoseq,leave_one_allele_out,ranking,all,HLA-A*23:01,auc_gt_2h,0.7291666666666667,14,14,False
blosum_pseudoseq,leave_one_allele_out,ranking,all,HLA-A*24:02,spearman,-0.0795592252958155,14,14,False
blosum_pseudoseq,leave_one_allele_out,ranking,all,HLA-A*24:02,pearson_log,0.02362031957866676,14,14,False
blosum_pseudoseq,leave_one_allele_out,ranking,all,HLA-A*24:02,auc_gt_2h,0.625,14,14,False
blosum_pseudoseq,leave_one_allele_out,ranking,all,HLA-A*24:03,spearman,0.40044028631930756,14,14,False
blosum_pseudoseq,leave_one_allele_out,ranking,all,HLA-A*24:03,pearson_log,0.3954224477687847,14,14,False
blosum_pseudoseq,leave_one_allele_out,ranking,all,HLA-A*24:03,auc_gt_2h,0.6222222222222222,14,14,False
blosum_pseudoseq,leave_one_allele_out,ranking,all,HLA-A*24:07,spearman,0.06813186813186813,14,14,False
blosum_pseudoseq,leave_one_allele_out,ranking,all,HLA-A*24:07,pearson_log,0.08522987833468348,14,14,False
blosum_pseudoseq,leave_one_allele_out,ranking,all,HLA-A*24:07,auc_gt_2h,0.375,14,14,False
blosum_pseudoseq,leave_one_allele_out,ranking,all,HLA-A*24:19,spearman,0.34770684826247494,14,14,False
blosum_pseudoseq,leave_one_allele_out,ranking,all,HLA-A*24:19,pearson_log,0.42479570702619407,14,14,False
blosum_pseudoseq,leave_one_allele_out,ranking,all,HLA-A*24:19,auc_gt_2h,0.6923076923076923,14,14,False
blosum_pseudoseq,leave_one_allele_out,ranking,all,HLA-A*25:01,spearman,0.44730396678492396,14,14,False
blosum_pseudoseq,leave_one_allele_out,ranking,all,HLA-A*25:01,pearson_log,0.392590179809526,14,14,False
blosum_pseudoseq,leave_one_allele_out,ranking,all,HLA-A*25:01,auc_gt_2h,0.5757575757575757,14,14,False
blosum_pseudoseq,leave_one_allele_out,ranking,all,HLA-A*26:01,spearman,0.024336819234536174,14,14,False
blosum_pseudoseq,leave_one_allele_out,ranking,all,HLA-A*26:01,pearson_log,0.1991349886968392,14,14,False
blosum_pseudoseq,leave_one_allele_out,ranking,all,HLA-A*26:01,auc_gt_2h,0.5454545454545454,14,14,False
blosum_pseudoseq,leave_one_allele_out,ranking,all,HLA-A*26:02,spearman,0.4361244059775441,14,14,False
blosum_pseudoseq,leave_one_allele_out,ranking,all,HLA-A*26:02,pearson_log,0.4183943200892259,14,14,False
blosum_pseudoseq,leave_one_allele_out,ranking,all,HLA-A*26:02,auc_gt_2h,0.75,14,14,False
blosum_pseudoseq,leave_one_allele_out,ranking,all,HLA-A*26:03,spearman,-0.10318550038330362,14,14,False
blosum_pseudoseq,leave_one_allele_out,ranking,all,HLA-A*26:03,pearson_log,-0.019322764222401284,14,14,False
blosum_pseudoseq,leave_one_allele_out,ranking,all,HLA-A*26:03,auc_gt_2h,0.5454545454545455,14,14,False
blosum_pseudoseq,leave_one_allele_out,ranking,all,HLA-A*29:02,spearman,0.02857142857142857,14,14,False
blosum_pseudoseq,leave_one_allele_out,ranking,all,HLA-A*29:02,pearson_log,0.14048082922414137,14,14,False
blosum_pseudoseq,leave_one_allele_out,ranking,all,HLA-A*29:02,auc_gt_2h,0.5416666666666667,14,14,False
blosum_pseudoseq,leave_one_allele_out,ranking,all,HLA-A*30:01,spearman,0.2146064968863644,14,14,False
blosum_pseudoseq,leave_one_allele_out,ranking,all,HLA-A*30:01,pearson_log,0.23200657413973938,14,14,False
blosum_pseudoseq,leave_one_allele_out,ranking,all,HLA-A*30:01,auc_gt_2h,0.5,14,14,False
blosum_pseudoseq,leave_one_allele_out,ranking,all,HLA-A*30:02,spearman,-0.4427472710533019,14,14,False
blosum_pseudoseq,leave_one_allele_out,ranking,all,HLA-A*30:02,pearson_log,-0.46318642418729916,14,14,False
blosum_pseudoseq,leave_one_allele_out,ranking,all,HLA-A*30:02,auc_gt_2h,0.07499999999999998,14,14,False
blosum_pseudoseq,leave_one_allele_out,ranking,all,HLA-A*31:01,spearman,0.013274628673383365,14,14,False
blosum_pseudoseq,leave_one_allele_out,ranking,all,HLA-A*31:01,pearson_log,-0.032657981045724885,14,14,False
blosum_pseudoseq,leave_one_allele_out,ranking,all,HLA-A*31:01,auc_gt_2h,0.5151515151515151,14,14,False
blosum_pseudoseq,leave_one_allele_out,ranking,all,HLA-A*32:01,spearman,0.07292928985449755,14,14,False
blosum_pseudoseq,leave_one_allele_out,ranking,all,HLA-A*32:01,pearson_log,0.14331519203448875,14,14,False
blosum_pseudoseq,leave_one_allele_out,ranking,all,HLA-A*32:01,auc_gt_2h,0.5777777777777778,14,14,False
blosum_pseudoseq,leave_one_allele_out,ranking,all,HLA-A*32:07,spearman,-0.0022099784804393194,14,14,False
blosum_pseudoseq,leave_one_allele_out,ranking,all,HLA-A*32:07,pearson_log,0.029439980094260354,14,14,False
blosum_pseudoseq,leave_one_allele_out,ranking,all,HLA-A*32:07,auc_gt_2h,0.4897959183673469,14,14,False
blosum_pseudoseq,leave_one_allele_out,ranking,all,HLA-A*33:03,spearman,0.07989722262107211,14,14,False
blosum_pseudoseq,leave_one_allele_out,ranking,all,HLA-A*33:03,pearson_log,0.023599539342782083,14,14,False
blosum_pseudoseq,leave_one_allele_out,ranking,all,HLA-A*33:03,auc_gt_2h,0.5151515151515151,14,14,False
blosum_pseudoseq,leave_one_allele_out,ranking,all,HLA-A*43:01,spearman,0.4358154023609824,14,14,False
blosum_pseudoseq,leave_one_allele_out,ranking,all,HLA-A*43:01,pearson_log,0.2685715058447354,14,14,False
blosum_pseudoseq,leave_one_allele_out,ranking,all,HLA-A*43:01,auc_gt_2h,0.3076923076923077,14,14,False
blosum_pseudoseq,leave_one_allele_out,ranking,all,HLA-A*66:01,spearman,0.4657225795294529,14,14,False
blosum_pseudoseq,leave_one_allele_out,ranking,all,HLA-A*66:01,pearson_log,0.4489233453058291,14,14,False
blosum_pseudoseq,leave_one_allele_out,ranking,all,HLA-A*66:01,auc_gt_2h,0.9230769230769231,14,14,False
blosum_pseudoseq,leave_one_allele_out,ranking,all,HLA-A*68:01,spearman,0.2580838363928795,14,14,False
blosum_pseudoseq,leave_one_allele_out,ranking,all,HLA-A*68:01,pearson_log,0.1276688465917883,14,14,False
blosum_pseudoseq,leave_one_allele_out,ranking,all,HLA-A*68:01,auc_gt_2h,0.5714285714285714,14,14,False
blosum_pseudoseq,leave_one_allele_out,ranking,all,HLA-A*68:02,spearman,-0.18181887173468986,13,13,False
blosum_pseudoseq,leave_one_allele_out,ranking,all,HLA-A*68:02,pearson_log,-0.4271954663844609,13,13,False
blosum_pseudoseq,leave_one_allele_out,ranking,all,HLA-A*68:02,auc_gt_2h,0.0,13,13,False
blosum_pseudoseq,leave_one_allele_out,ranking,all,HLA-A*68:23,spearman,0.24970463360328024,13,13,False
blosum_pseudoseq,leave_one_allele_out,ranking,all,HLA-A*68:23,pearson_log,0.06849407721190943,13,13,False
blosum_pseudoseq,leave_one_allele_out,ranking,all,HLA-A*68:23,auc_gt_2h,0.9166666666666666,13,13,False
blosum_pseudoseq,leave_one_allele_out,ranking,all,HLA-A*69:01,spearman,-0.05866745801013224,13,13,False
blosum_pseudoseq,leave_one_allele_out,ranking,all,HLA-A*69:01,pearson_log,-0.016978738654251344,13,13,False
blosum_pseudoseq,leave_one_allele_out,ranking,all,HLA-A*69:01,auc_gt_2h,0.6666666666666667,13,13,False
blosum_pseudoseq,leave_one_allele_out,ranking,all,HLA-A*74:01,spearman,0.11570291837662082,13,13,False
blosum_pseudoseq,leave_one_allele_out,ranking,all,HLA-A*74:01,pearson_log,0.14236205360421322,13,13,False
blosum_pseudoseq,leave_one_allele_out,ranking,all,HLA-A*74:01,auc_gt_2h,0.475,13,13,False
blosum_pseudoseq,leave_one_allele_out,ranking,all,HLA-A*80:01,spearman,0.3828197069947329,13,13,False
blosum_pseudoseq,leave_one_allele_out,ranking,all,HLA-A*80:01,pearson_log,0.41518949269022387,13,13,False
blosum_pseudoseq,leave_one_allele_out,ranking,all,HLA-A*80:01,auc_gt_2h,0.7272727272727273,13,13,False
blosum_pseudoseq,leave_one_allele_out,ranking,all,HLA-B*07:02,spearman,-0.37345291387552554,13,13,False
blosum_pseudoseq,leave_one_allele_out,ranking,all,HLA-B*07:02,pearson_log,-0.23772613843446588,13,13,False
blosum_pseudoseq,leave_one_allele_out,ranking,all,HLA-B*07:02,auc_gt_2h,0.4285714285714286,13,13,False
blosum_pseudoseq,leave_one_allele_out,ranking,all,HLA-B*08:01,spearman,-0.03889128965988163,13,13,False
blosum_pseudoseq,leave_one_allele_out,ranking,all,HLA-B*08:01,pearson_log,-0.0353668558131687,13,13,False
blosum_pseudoseq,leave_one_allele_out,ranking,all,HLA-B*08:01,auc_gt_2h,,13,13,False
blosum_pseudoseq,leave_one_allele_out,ranking,all,HLA-B*08:03,spearman,0.1624962262573525,13,13,False
blosum_pseudoseq,leave_one_allele_out,ranking,all,HLA-B*08:03,pearson_log,-0.00824072816588546,13,13,False
blosum_pseudoseq,leave_one_allele_out,ranking,all,HLA-B*08:03,auc_gt_2h,0.7,13,13,False
blosum_pseudoseq,leave_one_allele_out,ranking,all,HLA-B*13:02,spearman,-0.5188745216627708,7,7,False
blosum_pseudoseq,leave_one_allele_out,ranking,all,HLA-B*13:02,pearson_log,-0.5586082365316838,7,7,False
blosum_pseudoseq,leave_one_allele_out,ranking,all,HLA-B*13:02,auc_gt_2h,0.08333333333333333,7,7,False
blosum_pseudoseq,leave_one_allele_out,ranking,all,HLA-B*14:01(C67S),spearman,-0.1543033499620919,13,13,False
blosum_pseudoseq,leave_one_allele_out,ranking,all,HLA-B*14:01(C67S),pearson_log,-0.17366888411525505,13,13,False
blosum_pseudoseq,leave_one_allele_out,ranking,all,HLA-B*14:01(C67S),auc_gt_2h,,13,13,False
blosum_pseudoseq,leave_one_allele_out,ranking,all,HLA-B*14:02(C67S),spearman,0.45419075999828296,13,13,False
blosum_pseudoseq,leave_one_allele_out,ranking,all,HLA-B*14:02(C67S),pearson_log,0.38322050496539384,13,13,False
blosum_pseudoseq,leave_one_allele_out,ranking,all,HLA-B*14:02(C67S),auc_gt_2h,0.75,13,13,False
blosum_pseudoseq,leave_one_allele_out,ranking,all,HLA-B*15:01,spearman,0.08803309566091672,13,13,False
blosum_pseudoseq,leave_one_allele_out,ranking,all,HLA-B*15:01,pearson_log,-0.09319758491564194,13,13,False
blosum_pseudoseq,leave_one_allele_out,ranking,all,HLA-B*15:01,auc_gt_2h,0.5277777777777778,13,13,False
blosum_pseudoseq,leave_one_allele_out,ranking,all,HLA-B*15:02,spearman,0.011303946105083808,13,13,False
blosum_pseudoseq,leave_one_allele_out,ranking,all,HLA-B*15:02,pearson_log,-0.24613297839137965,13,13,False
blosum_pseudoseq,leave_one_allele_out,ranking,all,HLA-B*15:02,auc_gt_2h,0.625,13,13,False
blosum_pseudoseq,leave_one_allele_out,ranking,all,HLA-B*15:10,spearman,0.1045393010973386,13,13,False
blosum_pseudoseq,leave_one_allele_out,ranking,all,HLA-B*15:10,pearson_log,0.24043581542947173,13,13,False
blosum_pseudoseq,leave_one_allele_out,ranking,all,HLA-B*15:10,auc_gt_2h,0.45454545454545453,13,13,False
blosum_pseudoseq,leave_one_allele_out,ranking,all,HLA-B*15:17,spearman,-0.20222304938907823,13,13,False
blosum_pseudoseq,leave_one_allele_out,ranking,all,HLA-B*15:17,pearson_log,-0.4711313391759899,13,13,False
blosum_pseudoseq,leave_one_allele_out,ranking,all,HLA-B*15:17,auc_gt_2h,0.49999999999999994,13,13,False
blosum_pseudoseq,leave_one_allele_out,ranking,all,HLA-B*18:01,spearman,0.18982136251885168,13,13,False
blosum_pseudoseq,leave_one_allele_out,ranking,all,HLA-B*18:01,pearson_log,0.2259361408881455,13,13,False
blosum_pseudoseq,leave_one_allele_out,ranking,all,HLA-B*18:01,auc_gt_2h,0.4761904761904762,13,13,False
blosum_pseudoseq,leave_one_allele_out,ranking,all,HLA-B*27:02,spearman,0.24896860925035033,13,13,False
blosum_pseudoseq,leave_one_allele_out,ranking,all,HLA-B*27:02,pearson_log,0.31621772949626636,13,13,False
blosum_pseudoseq,leave_one_allele_out,ranking,all,HLA-B*27:02,auc_gt_2h,0.8333333333333334,13,13,False
blosum_pseudoseq,leave_one_allele_out,ranking,all,HLA-B*27:03,spearman,0.661165679245384,13,13,False
blosum_pseudoseq,leave_one_allele_out,ranking,all,HLA-B*27:03,pearson_log,0.7447623216479712,13,13,False
blosum_pseudoseq,leave_one_allele_out,ranking,all,HLA-B*27:03,auc_gt_2h,0.85,13,13,False
blosum_pseudoseq,leave_one_allele_out,ranking,all,HLA-B*27:05,spearman,0.18482916857991716,13,13,False
blosum_pseudoseq,leave_one_allele_out,ranking,all,HLA-B*27:05,pearson_log,0.002939981260319746,13,13,False
blosum_pseudoseq,leave_one_allele_out,ranking,all,HLA-B*27:05,auc_gt_2h,0.5750000000000001,13,13,False
blosum_pseudoseq,leave_one_allele_out,ranking,all,HLA-B*27:20,spearman,0.2617089820423566,13,13,False
blosum_pseudoseq,leave_one_allele_out,ranking,all,HLA-B*27:20,pearson_log,0.3374881917902886,13,13,False
blosum_pseudoseq,leave_one_allele_out,ranking,all,HLA-B*27:20,auc_gt_2h,0.6111111111111112,13,13,False
blosum_pseudoseq,leave_one_allele_out,ranking,all,HLA-B*35:01,spearman,0.5970019213439333,13,13,False
blosum_pseudoseq,leave_one_allele_out,ranking,all,HLA-B*35:01,pearson_log,0.5177846397495692,13,13,False
blosum_pseudoseq,leave_one_allele_out,ranking,all,HLA-B*35:01,auc_gt_2h,0.6666666666666666,13,13,False
blosum_pseudoseq,leave_one_allele_out,ranking,all,HLA-B*35:03,spearman,-0.1652898833951726,13,13,False
blosum_pseudoseq,leave_one_allele_out,ranking,all,HLA-B*35:03,pearson_log,-0.07981259791975179,13,13,False
blosum_pseudoseq,leave_one_allele_out,ranking,all,HLA-B*35:03,auc_gt_2h,0.275,13,13,False
blosum_pseudoseq,leave_one_allele_out,ranking,all,HLA-B*35:08,spearman,-0.1440492954552338,13,13,False
blosum_pseudoseq,leave_one_allele_out,ranking,all,HLA-B*35:08,pearson_log,-0.06770457556396144,13,13,False
blosum_pseudoseq,leave_one_allele_out,ranking,all,HLA-B*35:08,auc_gt_2h,0.2727272727272727,13,13,False
blosum_pseudoseq,leave_one_allele_out,ranking,all,HLA-B*39:01,spearman,0.20579450796205132,13,13,False
blosum_pseudoseq,leave_one_allele_out,ranking,all,HLA-B*39:01,pearson_log,0.4022590502774973,13,13,False
blosum_pseudoseq,leave_one_allele_out,ranking,all,HLA-B*39:01,auc_gt_2h,0.9090909090909091,13,13,False
blosum_pseudoseq,leave_one_allele_out,ranking,all,HLA-B*39:02,spearman,-0.2745625891934576,13,13,False
blosum_pseudoseq,leave_one_allele_out,ranking,all,HLA-B*39:02,pearson_log,-0.213130968485513,13,13,False
blosum_pseudoseq,leave_one_allele_out,ranking,all,HLA-B*39:02,auc_gt_2h,0.6363636363636364,13,13,False
blosum_pseudoseq,leave_one_allele_out,ranking,all,HLA-B*39:06(C67S),spearman,0.4629100498862757,13,13,False
blosum_pseudoseq,leave_one_allele_out,ranking,all,HLA-B*39:06(C67S),pearson_log,0.6181333561459972,13,13,False
blosum_pseudoseq,leave_one_allele_out,ranking,all,HLA-B*39:06(C67S),auc_gt_2h,1.0,13,13,False
blosum_pseudoseq,leave_one_allele_out,ranking,all,HLA-B*39:10,spearman,0.27510342394036474,13,13,False
blosum_pseudoseq,leave_one_allele_out,ranking,all,HLA-B*39:10,pearson_log,0.33338347527270146,13,13,False
blosum_pseudoseq,leave_one_allele_out,ranking,all,HLA-B*39:10,auc_gt_2h,0.5,13,13,False
blosum_pseudoseq,leave_one_allele_out,ranking,all,HLA-B*40:01,spearman,0.1212125811564599,13,13,False
blosum_pseudoseq,leave_one_allele_out,ranking,all,HLA-B*40:01,pearson_log,0.47838585616917484,13,13,False
blosum_pseudoseq,leave_one_allele_out,ranking,all,HLA-B*40:01,auc_gt_2h,0.8333333333333334,13,13,False
blosum_pseudoseq,leave_one_allele_out,ranking,all,HLA-B*40:02,spearman,0.0879120879120879,13,13,False
blosum_pseudoseq,leave_one_allele_out,ranking,all,HLA-B*40:02,pearson_log,0.037272778467587274,13,13,False
blosum_pseudoseq,leave_one_allele_out,ranking,all,HLA-B*40:02,auc_gt_2h,0.5,13,13,False
blosum_pseudoseq,leave_one_allele_out,ranking,all,HLA-B*41:01,spearman,-0.541109329024367,13,13,False
blosum_pseudoseq,leave_one_allele_out,ranking,all,HLA-B*41:01,pearson_log,-0.4559808503487603,13,13,False
blosum_pseudoseq,leave_one_allele_out,ranking,all,HLA-B*41:01,auc_gt_2h,,13,13,False
blosum_pseudoseq,leave_one_allele_out,ranking,all,HLA-B*42:01,spearman,-0.34065934065934067,13,13,False
blosum_pseudoseq,leave_one_allele_out,ranking,all,HLA-B*42:01,pearson_log,-0.2836331228253466,13,13,False
blosum_pseudoseq,leave_one_allele_out,ranking,all,HLA-B*42:01,auc_gt_2h,0.4090909090909091,13,13,False
blosum_pseudoseq,leave_one_allele_out,ranking,all,HLA-B*42:02,spearman,-0.19283819729436805,13,13,False
blosum_pseudoseq,leave_one_allele_out,ranking,all,HLA-B*42:02,pearson_log,-0.285447999039479,13,13,False
blosum_pseudoseq,leave_one_allele_out,ranking,all,HLA-B*42:02,auc_gt_2h,0.30952380952380953,13,13,False
blosum_pseudoseq,leave_one_allele_out,ranking,all,HLA-B*44:05,spearman,-0.18732853451452894,13,13,False
blosum_pseudoseq,leave_one_allele_out,ranking,all,HLA-B*44:05,pearson_log,-0.21667882994488868,13,13,False
blosum_pseudoseq,leave_one_allele_out,ranking,all,HLA-B*44:05,auc_gt_2h,0.4,13,13,False
blosum_pseudoseq,leave_one_allele_out,ranking,all,HLA-B*45:01,spearman,-0.11174753906691855,13,13,False
blosum_pseudoseq,leave_one_allele_out,ranking,all,HLA-B*45:01,pearson_log,-0.08537618742016068,13,13,False
blosum_pseudoseq,leave_one_allele_out,ranking,all,HLA-B*45:01,auc_gt_2h,0.33333333333333337,13,13,False
blosum_pseudoseq,leave_one_allele_out,ranking,all,HLA-B*46:01,spearman,-0.04912474178238033,13,13,False
blosum_pseudoseq,leave_one_allele_out,ranking,all,HLA-B*46:01,pearson_log,-0.07552395933319392,13,13,False
blosum_pseudoseq,leave_one_allele_out,ranking,all,HLA-B*46:01,auc_gt_2h,0.7272727272727273,13,13,False
blosum_pseudoseq,leave_one_allele_out,ranking,all,HLA-B*51:01,spearman,-0.1006643398311298,13,13,False
blosum_pseudoseq,leave_one_allele_out,ranking,all,HLA-B*51:01,pearson_log,-0.010945909911839136,13,13,False
blosum_pseudoseq,leave_one_allele_out,ranking,all,HLA-B*51:01,auc_gt_2h,0.4444444444444444,13,13,False
blosum_pseudoseq,leave_one_allele_out,ranking,all,HLA-B*54:01,spearman,0.2656427334694695,13,13,False
blosum_pseudoseq,leave_one_allele_out,ranking,all,HLA-B*54:01,pearson_log,0.2962347525791872,13,13,False
blosum_pseudoseq,leave_one_allele_out,ranking,all,HLA-B*54:01,auc_gt_2h,0.8181818181818182,13,13,False
blosum_pseudoseq,leave_one_allele_out,ranking,all,HLA-B*55:01,spearman,-0.06687984764226601,13,13,False
blosum_pseudoseq,leave_one_allele_out,ranking,all,HLA-B*55:01,pearson_log,0.001310525813727384,13,13,False
blosum_pseudoseq,leave_one_allele_out,ranking,all,HLA-B*55:01,auc_gt_2h,0.16666666666666663,13,13,False
blosum_pseudoseq,leave_one_allele_out,ranking,all,HLA-B*56:01,spearman,-0.3259373239288129,13,13,False
blosum_pseudoseq,leave_one_allele_out,ranking,all,HLA-B*56:01,pearson_log,-0.20938064708294668,13,13,False
blosum_pseudoseq,leave_one_allele_out,ranking,all,HLA-B*56:01,auc_gt_2h,,13,13,False
blosum_pseudoseq,leave_one_allele_out,ranking,all,HLA-B*57:01,spearman,0.11829447229435683,13,13,False
blosum_pseudoseq,leave_one_allele_out,ranking,all,HLA-B*57:01,pearson_log,0.6834298656668075,13,13,False
blosum_pseudoseq,leave_one_allele_out,ranking,all,HLA-B*57:01,auc_gt_2h,1.0,13,13,False
blosum_pseudoseq,leave_one_allele_out,ranking,all,HLA-B*57:02,spearman,-0.10206983936502888,13,13,False
blosum_pseudoseq,leave_one_allele_out,ranking,all,HLA-B*57:02,pearson_log,-0.06274567806818691,13,13,False
blosum_pseudoseq,leave_one_allele_out,ranking,all,HLA-B*57:02,auc_gt_2h,0.4090909090909091,13,13,False
blosum_pseudoseq,leave_one_allele_out,ranking,all,HLA-B*57:03,spearman,0.35714285714285715,13,13,False
blosum_pseudoseq,leave_one_allele_out,ranking,all,HLA-B*57:03,pearson_log,0.3103358322736452,13,13,False
blosum_pseudoseq,leave_one_allele_out,ranking,all,HLA-B*57:03,auc_gt_2h,0.5333333333333333,13,13,False
blosum_pseudoseq,leave_one_allele_out,ranking,all,HLA-B*58:01,spearman,-0.08253102718210942,13,13,False
blosum_pseudoseq,leave_one_allele_out,ranking,all,HLA-B*58:01,pearson_log,-0.14356550931526396,13,13,False
blosum_pseudoseq,leave_one_allele_out,ranking,all,HLA-B*58:01,auc_gt_2h,0.5476190476190476,13,13,False
blosum_pseudoseq,leave_one_allele_out,ranking,all,HLA-B*81:01,spearman,0.23856880290976104,13,13,False
blosum_pseudoseq,leave_one_allele_out,ranking,all,HLA-B*81:01,pearson_log,0.44267423835301006,13,13,False
blosum_pseudoseq,leave_one_allele_out,ranking,all,HLA-B*81:01,auc_gt_2h,0.5,13,13,False
blosum_pseudoseq,leave_one_allele_out,ranking,nonzero,HLA-A*01:01,spearman,0.41218136420335777,13,13,False
blosum_pseudoseq,leave_one_allele_out,ranking,nonzero,HLA-A*01:01,pearson_log,0.40203081731349605,13,13,False
blosum_pseudoseq,leave_one_allele_out,ranking,nonzero,HLA-A*01:01,auc_gt_2h,0.7500000000000001,13,13,False
blosum_pseudoseq,leave_one_allele_out,ranking,nonzero,HLA-A*02:01,spearman,-0.30583076812298765,14,14,False
blosum_pseudoseq,leave_one_allele_out,ranking,nonzero,HLA-A*02:01,pearson_log,-0.12524983930632647,14,14,False
blosum_pseudoseq,leave_one_allele_out,ranking,nonzero,HLA-A*02:01,auc_gt_2h,0.6060606060606061,14,14,False
blosum_pseudoseq,leave_one_allele_out,ranking,nonzero,HLA-A*02:03,spearman,0.16363636363636366,11,11,False
blosum_pseudoseq,leave_one_allele_out,ranking,nonzero,HLA-A*02:03,pearson_log,0.1612502643260809,11,11,False
blosum_pseudoseq,leave_one_allele_out,ranking,nonzero,HLA-A*02:03,auc_gt_2h,0.5416666666666667,11,11,False
blosum_pseudoseq,leave_one_allele_out,ranking,nonzero,HLA-A*02:05,spearman,-0.13406593406593406,14,14,False
blosum_pseudoseq,leave_one_allele_out,ranking,nonzero,HLA-A*02:05,pearson_log,-0.4351734489186018,14,14,False
blosum_pseudoseq,leave_one_allele_out,ranking,nonzero,HLA-A*02:05,auc_gt_2h,0.175,14,14,False
blosum_pseudoseq,leave_one_allele_out,ranking,nonzero,HLA-A*02:10,spearman,0.432967032967033,14,14,False
blosum_pseudoseq,leave_one_allele_out,ranking,nonzero,HLA-A*02:10,pearson_log,0.41930715398464125,14,14,False
blosum_pseudoseq,leave_one_allele_out,ranking,nonzero,HLA-A*02:10,auc_gt_2h,0.6666666666666666,14,14,False
blosum_pseudoseq,leave_one_allele_out,ranking,nonzero,HLA-A*02:11,spearman,0.14364860122855574,14,14,False
blosum_pseudoseq,leave_one_allele_out,ranking,nonzero,HLA-A*02:11,pearson_log,0.20587999650326294,14,14,False
blosum_pseudoseq,leave_one_allele_out,ranking,nonzero,HLA-A*02:11,auc_gt_2h,0.7916666666666667,14,14,False
blosum_pseudoseq,leave_one_allele_out,ranking,nonzero,HLA-A*02:12,spearman,0.3054945054945055,14,14,False
blosum_pseudoseq,leave_one_allele_out,ranking,nonzero,HLA-A*02:12,pearson_log,0.43743337020620865,14,14,False
blosum_pseudoseq,leave_one_allele_out,ranking,nonzero,HLA-A*02:12,auc_gt_2h,0.875,14,14,False
blosum_pseudoseq,leave_one_allele_out,ranking,nonzero,HLA-A*02:16,spearman,0.33003320301041833,14,14,False
blosum_pseudoseq,leave_one_allele_out,ranking,nonzero,HLA-A*02:16,pearson_log,0.347664965888932,14,14,False
blosum_pseudoseq,leave_one_allele_out,ranking,nonzero,HLA-A*02:16,auc_gt_2h,0.6666666666666667,14,14,False
blosum_pseudoseq,leave_one_allele_out,ranking,nonzero,HLA-A*02:19,spearman,0.5874125874125874,12,12,False
blosum_pseudoseq,leave_one_allele_out,ranking,nonzero,HLA-A*02:19,pearson_log,0.589232644610306,12,12,False
blosum_pseudoseq,leave_one_allele_out,ranking,nonzero,HLA-A*02:19,auc_gt_2h,0.9,12,12,False
blosum_pseudoseq,leave_one_allele_out,ranking,nonzero,HLA-A*02:50,spearman,0.2835164835164835,14,14,False
blosum_pseudoseq,leave_one_allele_out,ranking,nonzero,HLA-A*02:50,pearson_log,0.4270449037708809,14,14,False
blosum_pseudoseq,leave_one_allele_out,ranking,nonzero,HLA-A*02:50,auc_gt_2h,1.0,14,14,False
blosum_pseudoseq,leave_one_allele_out,ranking,nonzero,HLA-A*03:01,spearman,-0.08406317620060155,12,12,False
blosum_pseudoseq,leave_one_allele_out,ranking,nonzero,HLA-A*03:01,pearson_log,-0.032169344975831834,12,12,False
blosum_pseudoseq,leave_one_allele_out,ranking,nonzero,HLA-A*03:01,auc_gt_2h,0.5714285714285714,12,12,False
blosum_pseudoseq,leave_one_allele_out,ranking,nonzero,HLA-A*11:01,spearman,-0.3538461538461538,14,14,False
blosum_pseudoseq,leave_one_allele_out,ranking,nonzero,HLA-A*11:01,pearson_log,-0.37681956669046085,14,14,False
blosum_pseudoseq,leave_one_allele_out,ranking,nonzero,HLA-A*11:01,auc_gt_2h,0.3555555555555555,14,14,False
blosum_pseudoseq,leave_one_allele_out,ranking,nonzero,HLA-A*23:01,spearman,0.45494505494505494,14,14,False
blosum_pseudoseq,leave_one_allele_out,ranking,nonzero,HLA-A*23:01,pearson_log,0.47909700577927233,14,14,False
blosum_pseudoseq,leave_one_allele_out,ranking,nonzero,HLA-A*23:01,auc_gt_2h,0.7291666666666667,14,14,False
blosum_pseudoseq,leave_one_allele_out,ranking,nonzero,HLA-A*24:02,spearman,-0.10788639734181847,13,13,False
blosum_pseudoseq,leave_one_allele_out,ranking,nonzero,HLA-A*24:02,pearson_log,0.017826913505410213,13,13,False
blosum_pseudoseq,leave_one_allele_out,ranking,nonzero,HLA-A*24:02,auc_gt_2h,0.6111111111111112,13,13,False
blosum_pseudoseq,leave_one_allele_out,ranking,nonzero,HLA-A*24:03,spearman,0.40044028631930756,14,14,False
blosum_pseudoseq,leave_one_allele_out,ranking,nonzero,HLA-A*24:03,pearson_log,0.3954224477687847,14,14,False
blosum_pseudoseq,leave_one_allele_out,ranking,nonzero,HLA-A*24:03,auc_gt_2h,0.6222222222222222,14,14,False
blosum_pseudoseq,leave_one_allele_out,ranking,nonzero,HLA-A*24:07,spearman,0.06813186813186813,14,14,False
blosum_pseudoseq,leave_one_allele_out,ranking,nonzero,HLA-A*24:07,pearson_log,0.08522987833468348,14,14,False
blosum_pseudoseq,leave_one_allele_out,ranking,nonzero,HLA-A*24:07,auc_gt_2h,0.375,14,14,False
blosum_pseudoseq,leave_one_allele_out,ranking,nonzero,HLA-A*24:19,spearman,-0.09523809523809526,8,8,False
blosum_pseudoseq,leave_one_allele_out,ranking,nonzero,HLA-A*24:19,pearson_log,-0.08544336052447338,8,8,False
blosum_pseudoseq,leave_one_allele_out,ranking,nonzero,HLA-A*24:19,auc_gt_2h,0.5714285714285714,8,8,False
blosum_pseudoseq,leave_one_allele_out,ranking,nonzero,HLA-A*25:01,spearman,0.3666666666666667,9,9,False
blosum_pseudoseq,leave_one_allele_out,ranking,nonzero,HLA-A*25:01,pearson_log,0.06405899083360257,9,9,False
blosum_pseudoseq,leave_one_allele_out,ranking,nonzero,HLA-A*25:01,auc_gt_2h,0.4444444444444445,9,9,False
blosum_pseudoseq,leave_one_allele_out,ranking,nonzero,HLA-A*26:01,spearman,0.1357387591789703,13,13,False
blosum_pseudoseq,leave_one_allele_out,ranking,nonzero,HLA-A*26:01,pearson_log,0.2929892541856781,13,13,False
blosum_pseudoseq,leave_one_allele_out,ranking,nonzero,HLA-A*26:01,auc_gt_2h,0.5666666666666667,13,13,False
blosum_pseudoseq,leave_one_allele_out,ranking,nonzero,HLA-A*26:02,spearman,0.5867790860528628,13,13,False
blosum_pseudoseq,leave_one_allele_out,ranking,nonzero,HLA-A*26:02,pearson_log,0.5852841093882205,13,13,False
blosum_pseudoseq,leave_one_allele_out,ranking,nonzero,HLA-A*26:02,auc_gt_2h,0.7857142857142857,13,13,False
blosum_pseudoseq,leave_one_allele_out,ranking,nonzero,HLA-A*26:03,spearman,0.15663787513136096,8,8,False
blosum_pseudoseq,leave_one_allele_out,ranking,nonzero,HLA-A*26:03,pearson_log,0.3493741989934051,8,8,False
blosum_pseudoseq,leave_one_allele_out,ranking,nonzero,HLA-A*26:03,auc_gt_2h,0.6666666666666666,8,8,False
blosum_pseudoseq,leave_one_allele_out,ranking,nonzero,HLA-A*29:02,spearman,0.02857142857142857,14,14,False
blosum_pseudoseq,leave_one_allele_out,ranking,nonzero,HLA-A*29:02,pearson_log,0.14048082922414137,14,14,False
blosum_pseudoseq,leave_one_allele_out,ranking,nonzero,HLA-A*29:02,auc_gt_2h,0.5416666666666667,14,14,False
blosum_pseudoseq,leave_one_allele_out,ranking,nonzero,HLA-A*30:01,spearman,0.315071777834284,11,11,False
blosum_pseudoseq,leave_one_allele_out,ranking,nonzero,HLA-A*30:01,pearson_log,0.34262198412835093,11,11,False
blosum_pseudoseq,leave_one_allele_out,ranking,nonzero,HLA-A*30:01,auc_gt_2h,0.5,11,11,False
blosum_pseudoseq,leave_one_allele_out,ranking,nonzero,HLA-A*30:02,spearman,-0.490992234376319,13,13,False
blosum_pseudoseq,leave_one_allele_out,ranking,nonzero,HLA-A*30:02,pearson_log,-0.6267716816527987,13,13,False
blosum_pseudoseq,leave_one_allele_out,ranking,nonzero,HLA-A*30:02,auc_gt_2h,0.08333333333333334,13,13,False
blosum_pseudoseq,leave_one_allele_out,ranking,nonzero,HLA-A*31:01,spearman,0.013274628673383365,14,14,False
blosum_pseudoseq,leave_one_allele_out,ranking,nonzero,HLA-A*31:01,pearson_log,-0.032657981045724885,14,14,False
blosum_pseudoseq,leave_one_allele_out,ranking,nonzero,HLA-A*31:01,auc_gt_2h,0.5151515151515151,14,14,False
blosum_pseudoseq,leave_one_allele_out,ranking,nonzero,HLA-A*32:01,spearman,0.2517349271309098,13,13,False
blosum_pseudoseq,leave_one_allele_out,ranking,nonzero,HLA-A*32:01,pearson_log,0.31285112148190974,13,13,False
blosum_pseudoseq,leave_one_allele_out,ranking,nonzero,HLA-A*32:01,auc_gt_2h,0.625,13,13,False
blosum_pseudoseq,leave_one_allele_out,ranking,nonzero,HLA-A*32:07,spearman,0.027334922854692318,11,11,False
blosum_pseudoseq,leave_one_allele_out,ranking,nonzero,HLA-A*32:07,pearson_log,-0.003855367842292113,11,11,False
blosum_pseudoseq,leave_one_allele_out,ranking,nonzero,HLA-A*32:07,auc_gt_2h,0.5,11,11,False
blosum_pseudoseq,leave_one_allele_out,ranking,nonzero,HLA-A*33:03,spearman,0.2522624895547565,7,7,False
blosum_pseudoseq,leave_one_allele_out,ranking,nonzero,HLA-A*33:03,pearson_log,0.08617842875548642,7,7,False
blosum_pseudoseq,leave_one_allele_out,ranking,nonzero,HLA-A*33:03,auc_gt_2h,0.5,7,7,False
blosum_pseudoseq,leave_one_allele_out,ranking,nonzero,HLA-A*43:01,spearman,0.4051454583870662,12,12,False
blosum_pseudoseq,leave_one_allele_out,ranking,nonzero,HLA-A*43:01,pearson_log,0.29044730545185893,12,12,False
blosum_pseudoseq,leave_one_allele_out,ranking,nonzero,HLA-A*43:01,auc_gt_2h,0.2727272727272727,12,12,False
blosum_pseudoseq,leave_one_allele_out,ranking,nonzero,HLA-A*66:01,spearman,0.8001811389132237,9,9,False
blosum_pseudoseq,leave_one_allele_out,ranking,nonzero,HLA-A*66:01,pearson_log,0.8788180083503576,9,9,False
blosum_pseudoseq,leave_one_allele_out,ranking,nonzero,HLA-A*66:01,auc_gt_2h,0.875,9,9,False
blosum_pseudoseq,leave_one_allele_out,ranking,nonzero,HLA-A*68:01,spearman,0.1945297739776207,10,10,False
blosum_pseudoseq,leave_one_allele_out,ranking,nonzero,HLA-A*68:01,pearson_log,0.11305593265222463,10,10,False
blosum_pseudoseq,leave_one_allele_out,ranking,nonzero,HLA-A*68:01,auc_gt_2h,0.5238095238095238,10,10,False
blosum_pseudoseq,leave_one_allele_out,ranking,nonzero,HLA-A*68:02,spearman,-0.18181887173468986,13,13,False
blosum_pseudoseq,leave_one_allele_out,ranking,nonzero,HLA-A*68:02,pearson_log,-0.4271954663844609,13,13,False
blosum_pseudoseq,leave_one_allele_out,ranking,nonzero,HLA-A*68:02,auc_gt_2h,0.0,13,13,False
blosum_pseudoseq,leave_one_allele_out,ranking,nonzero,HLA-A*68:23,spearman,0.28857287027043904,10,10,False
blosum_pseudoseq,leave_one_allele_out,ranking,nonzero,HLA-A*68:23,pearson_log,0.5288844531972132,10,10,False
blosum_pseudoseq,leave_one_allele_out,ranking,nonzero,HLA-A*68:23,auc_gt_2h,1.0,10,10,False
blosum_pseudoseq,leave_one_allele_out,ranking,nonzero,HLA-A*69:01,spearman,0.07563292261344161,9,9,False
blosum_pseudoseq,leave_one_allele_out,ranking,nonzero,HLA-A*69:01,pearson_log,0.26257484326367203,9,9,False
blosum_pseudoseq,leave_one_allele_out,ranking,nonzero,HLA-A*69:01,auc_gt_2h,0.75,9,9,False
blosum_pseudoseq,leave_one_allele_out,ranking,nonzero,HLA-A*74:01,spearman,-0.08070225116958794,12,12,False
blosum_pseudoseq,leave_one_allele_out,ranking,nonzero,HLA-A*74:01,pearson_log,0.016489118620299698,12,12,False
blosum_pseudoseq,leave_one_allele_out,ranking,nonzero,HLA-A*74:01,auc_gt_2h,0.4,12,12,False
blosum_pseudoseq,leave_one_allele_out,ranking,nonzero,HLA-A*80:01,spearman,0.428152575326918,10,10,False
blosum_pseudoseq,leave_one_allele_out,ranking,nonzero,HLA-A*80:01,pearson_log,0.4878891291702142,10,10,False
blosum_pseudoseq,leave_one_allele_out,ranking,nonzero,HLA-A*80:01,auc_gt_2h,0.75,10,10,False
blosum_pseudoseq,leave_one_allele_out,ranking,nonzero,HLA-B*07:02,spearman,-0.37345291387552554,13,13,False
blosum_pseudoseq,leave_one_allele_out,ranking,nonzero,HLA-B*07:02,pearson_log,-0.23772613843446588,13,13,False
blosum_pseudoseq,leave_one_allele_out,ranking,nonzero,HLA-B*07:02,auc_gt_2h,0.4285714285714286,13,13,False
blosum_pseudoseq,leave_one_allele_out,ranking,nonzero,HLA-B*08:01,spearman,0.0,10,10,False
blosum_pseudoseq,leave_one_allele_out,ranking,nonzero,HLA-B*08:01,pearson_log,0.07320857027602837,10,10,False
blosum_pseudoseq,leave_one_allele_out,ranking,nonzero,HLA-B*08:01,auc_gt_2h,,10,10,False
blosum_pseudoseq,leave_one_allele_out,ranking,nonzero,HLA-B*08:03,spearman,0.4237896897630065,9,9,False
blosum_pseudoseq,leave_one_allele_out,ranking,nonzero,HLA-B*08:03,pearson_log,0.34598564317206953,9,9,False
blosum_pseudoseq,leave_one_allele_out,ranking,nonzero,HLA-B*08:03,auc_gt_2h,0.7222222222222223,9,9,False
blosum_pseudoseq,leave_one_allele_out,ranking,nonzero,HLA-B*13:02,spearman,-0.39999999999999997,4,4,False
blosum_pseudoseq,leave_one_allele_out,ranking,nonzero,HLA-B*13:02,pearson_log,-0.5835893515883199,4,4,False
blosum_pseudoseq,leave_one_allele_out,ranking,nonzero,HLA-B*13:02,auc_gt_2h,0.0,4,4,False
blosum_pseudoseq,leave_one_allele_out,ranking,nonzero,HLA-B*14:01(C67S),spearman,,1,1,True
blosum_pseudoseq,leave_one_allele_out,ranking,nonzero,HLA-B*14:01(C67S),pearson_log,,1,1,True
blosum_pseudoseq,leave_one_allele_out,ranking,nonzero,HLA-B*14:01(C67S),auc_gt_2h,,1,1,True
blosum_pseudoseq,leave_one_allele_out,ranking,nonzero,HLA-B*14:02(C67S),spearman,0.7999999999999999,5,5,False
blosum_pseudoseq,leave_one_allele_out,ranking,nonzero,HLA-B*14:02(C67S),pearson_log,0.6333751830274769,5,5,False
blosum_pseudoseq,leave_one_allele_out,ranking,nonzero,HLA-B*14:02(C67S),auc_gt_2h,0.75,5,5,False
blosum_pseudoseq,leave_one_allele_out,ranking,nonzero,HLA-B*15:01,spearman,0.3090909090909091,11,11,False
blosum_pseudoseq,leave_one_allele_out,ranking,nonzero,HLA-B*15:01,pearson_log,0.1881476703381135,11,11,False
blosum_pseudoseq,leave_one_allele_out,ranking,nonzero,HLA-B*15:01,auc_gt_2h,0.7222222222222222,11,11,False
blosum_pseudoseq,leave_one_allele_out,ranking,nonzero,HLA-B*15:02,spearman,0.6666666666666669,8,8,False
blosum_pseudoseq,leave_one_allele_out,ranking,nonzero,HLA-B*15:02,pearson_log,0.6441405674799734,8,8,False
blosum_pseudoseq,leave_one_allele_out,ranking,nonzero,HLA-B*15:02,auc_gt_2h,0.9333333333333333,8,8,False
blosum_pseudoseq,leave_one_allele_out,ranking,nonzero,HLA-B*15:10,spearman,-0.14010529366766927,12,12,False
blosum_pseudoseq,leave_one_allele_out,ranking,nonzero,HLA-B*15:10,pearson_log,-0.1385231054378656,12,12,False
blosum_pseudoseq,leave_one_allele_out,ranking,nonzero,HLA-B*15:10,auc_gt_2h,0.4,12,12,False
blosum_pseudoseq,leave_one_allele_out,ranking,nonzero,HLA-B*15:17,spearman,0.3231767396591252,10,10,False
blosum_pseudoseq,leave_one_allele_out,ranking,nonzero,HLA-B*15:17,pearson_log,-0.0074519133942723415,10,10,False
blosum_pseudoseq,leave_one_allele_out,ranking,nonzero,HLA-B*15:17,auc_gt_2h,0.6190476190476191,10,10,False
blosum_pseudoseq,leave_one_allele_out,ranking,nonzero,HLA-B*18:01,spearman,0.18982136251885168,13,13,False
blosum_pseudoseq,leave_one_allele_out,ranking,nonzero,HLA-B*18:01,pearson_log,0.2259361408881455,13,13,False
blosum_pseudoseq,leave_one_allele_out,ranking,nonzero,HLA-B*18:01,auc_gt_2h,0.4761904761904762,13,13,False
blosum_pseudoseq,leave_one_allele_out,ranking,nonzero,HLA-B*27:02,spearman,0.42203610996510493,11,11,False
blosum_pseudoseq,leave_one_allele_out,ranking,nonzero,HLA-B*27:02,pearson_log,0.6072469422625661,11,11,False
blosum_pseudoseq,leave_one_allele_out,ranking,nonzero,HLA-B*27:02,auc_gt_2h,0.8571428571428572,11,11,False
blosum_pseudoseq,leave_one_allele_out,ranking,nonzero,HLA-B*27:03,spearman,0.33473096350228926,9,9,False
blosum_pseudoseq,leave_one_allele_out,ranking,nonzero,HLA-B*27:03,pearson_log,0.5471085136609872,9,9,False
blosum_pseudoseq,leave_one_allele_out,ranking,nonzero,HLA-B*27:03,auc_gt_2h,0.75,9,9,False
blosum_pseudoseq,leave_one_allele_out,ranking,nonzero,HLA-B*27:05,spearman,0.10959018359453357,11,11,False
blosum_pseudoseq,leave_one_allele_out,ranking,nonzero,HLA-B*27:05,pearson_log,-0.055981213277144004,11,11,False
blosum_pseudoseq,leave_one_allele_out,ranking,nonzero,HLA-B*27:05,auc_gt_2h,0.5333333333333333,11,11,False
blosum_pseudoseq,leave_one_allele_out,ranking,nonzero,HLA-B*27:20,spearman,-0.10478387094298722,11,11,False
blosum_pseudoseq,leave_one_allele_out,ranking,nonzero,HLA-B*27:20,pearson_log,-0.05777195973854775,11,11,False
blosum_pseudoseq,leave_one_allele_out,ranking,nonzero,HLA-B*27:20,auc_gt_2h,0.5,11,11,False
blosum_pseudoseq,leave_one_allele_out,ranking,nonzero,HLA-B*35:01,spearman,0.25941649671427414,9,9,False
blosum_pseudoseq,leave_one_allele_out,ranking,nonzero,HLA-B*35:01,pearson_log,0.18361998071871433,9,9,False
blosum_pseudoseq,leave_one_allele_out,ranking,nonzero,HLA-B*35:01,auc_gt_2h,0.49999999999999994,9,9,False
blosum_pseudoseq,leave_one_allele_out,ranking,nonzero,HLA-B*35:03,spearman,-0.3263177982074643,12,12,False
blosum_pseudoseq,leave_one_allele_out,ranking,nonzero,HLA-B*35:03,pearson_log,-0.3575744841829157,12,12,False
blosum_pseudoseq,leave_one_allele_out,ranking,nonzero,HLA-B*35:03,auc_gt_2h,0.2285714285714286,12,12,False
blosum_pseudoseq,leave_one_allele_out,ranking,nonzero,HLA-B*35:08,spearman,-0.13794014696151086,11,11,False
blosum_pseudoseq,leave_one_allele_out,ranking,nonzero,HLA-B*35:08,pearson_log,-0.09553278257408285,11,11,False
blosum_pseudoseq,leave_one_allele_out,ranking,nonzero,HLA-B*35:08,auc_gt_2h,0.2777777777777778,11,11,False
blosum_pseudoseq,leave_one_allele_out,ranking,nonzero,HLA-B*39:01,spearman,0.24851336640235752,11,11,False
blosum_pseudoseq,leave_one_allele_out,ranking,nonzero,HLA-B*39:01,pearson_log,0.5094113589012191,11,11,False
blosum_pseudoseq,leave_one_allele_out,ranking,nonzero,HLA-B*39:01,auc_gt_2h,0.9444444444444444,11,11,False
blosum_pseudoseq,leave_one_allele_out,ranking,nonzero,HLA-B*39:02,spearman,0.5085476277156078,9,9,False
blosum_pseudoseq,leave_one_allele_out,ranking,nonzero,HLA-B*39:02,pearson_log,0.4372506238954371,9,9,False
blosum_pseudoseq,leave_one_allele_out,ranking,nonzero,HLA-B*39:02,auc_gt_2h,0.8571428571428572,9,9,False
blosum_pseudoseq,leave_one_allele_out,ranking,nonzero,HLA-B*39:06(C67S),spearman,,1,1,True
blosum_pseudoseq,leave_one_allele_out,ranking,nonzero,HLA-B*39:06(C67S),pearson_log,,1,1,True
blosum_pseudoseq,leave_one_allele_out,ranking,nonzero,HLA-B*39:06(C67S),auc_gt_2h,,1,1,True
blosum_pseudoseq,leave_one_allele_out,ranking,nonzero,HLA-B*39:10,spearman,0.3181818181818182,11,11,False
blosum_pseudoseq,leave_one_allele_out,ranking,nonzero,HLA-B*39:10,pearson_log,0.26149074648081216,11,11,False
blosum_pseudoseq,leave_one_allele_out,ranking,nonzero,HLA-B*39:10,auc_gt_2h,0.4666666666666666,11,11,False
blosum_pseudoseq,leave_one_allele_out,ranking,nonzero,HLA-B*40:01,spearman,-0.11929897998982567,12,12,False
blosum_pseudoseq,leave_one_allele_out,ranking,nonzero,HLA-B*40:01,pearson_log,-0.060405064343859366,12,12,False
blosum_pseudoseq,leave_one_allele_out,ranking,nonzero,HLA-B*40:01,auc_gt_2h,0.8181818181818181,12,12,False
blosum_pseudoseq,leave_one_allele_out,ranking,nonzero,HLA-B*40:02,spearman,0.0879120879120879,13,13,False
blosum_pseudoseq,leave_one_allele_out,ranking,nonzero,HLA-B*40:02,pearson_log,0.037272778467587274,13,13,False
blosum_pseudoseq,leave_one_allele_out,ranking,nonzero,HLA-B*40:02,auc_gt_2h,0.5,13,13,False
blosum_pseudoseq,leave_one_allele_out,ranking,nonzero,HLA-B*41:01,spearman,-0.15179418517972906,6,6,False
blosum_pseudoseq,leave_one_allele_out,ranking,nonzero,HLA-B*41:01,pearson_log,0.12060962189866709,6,6,False
blosum_pseudoseq,leave_one_allele_out,ranking,nonzero,HLA-B*41:01,auc_gt_2h,,6,6,False
blosum_pseudoseq,leave_one_allele_out,ranking,nonzero,HLA-B*42:01,spearman,-0.16083916083916086,12,12,False
blosum_pseudoseq,leave_one_allele_out,ranking,nonzero,HLA-B*42:01,pearson_log,0.05197374369795412,12,12,False
blosum_pseudoseq,leave_one_allele_out,ranking,nonzero,HLA-B*42:01,auc_gt_2h,0.8181818181818182,12,12,False
blosum_pseudoseq,leave_one_allele_out,ranking,nonzero,HLA-B*42:02,spearman,-0.2323468442648847,11,11,False
blosum_pseudoseq,leave_one_allele_out,ranking,nonzero,HLA-B*42:02,pearson_log,-0.27764381602129296,11,11,False
blosum_pseudoseq,leave_one_allele_out,ranking,nonzero,HLA-B*42:02,auc_gt_2h,0.2666666666666666,11,11,False
blosum_pseudoseq,leave_one_allele_out,ranking,nonzero,HLA-B*44:05,spearman,-0.08070225116958794,12,12,False
blosum_pseudoseq,leave_one_allele_out,ranking,nonzero,HLA-B*44:05,pearson_log,-0.1046535603317445,12,12,False
blosum_pseudoseq,leave_one_allele_out,ranking,nonzero,HLA-B*44:05,auc_gt_2h,0.5,12,12,False
blosum_pseudoseq,leave_one_allele_out,ranking,nonzero,HLA-B*45:01,spearman,0.0,3,3,False
blosum_pseudoseq,leave_one_allele_out,ranking,nonzero,HLA-B*45:01,pearson_log,-0.008507105746576649,3,3,False
blosum_pseudoseq,leave_one_allele_out,ranking,nonzero,HLA-B*45:01,auc_gt_2h,0.5,3,3,False
blosum_pseudoseq,leave_one_allele_out,ranking,nonzero,HLA-B*46:01,spearman,0.0,7,7,False
blosum_pseudoseq,leave_one_allele_out,ranking,nonzero,HLA-B*46:01,pearson_log,-0.032293339565789364,7,7,False
blosum_pseudoseq,leave_one_allele_out,ranking,nonzero,HLA-B*46:01,auc_gt_2h,0.8,7,7,False
blosum_pseudoseq,leave_one_allele_out,ranking,nonzero,HLA-B*51:01,spearman,-0.19999999999999998,4,4,False
blosum_pseudoseq,leave_one_allele_out,ranking,nonzero,HLA-B*51:01,pearson_log,-0.19609893939824577,4,4,False
blosum_pseudoseq,leave_one_allele_out,ranking,nonzero,HLA-B*51:01,auc_gt_2h,,4,4,False
blosum_pseudoseq,leave_one_allele_out,ranking,nonzero,HLA-B*54:01,spearman,0.14285714285714288,8,8,False
blosum_pseudoseq,leave_one_allele_out,ranking,nonzero,HLA-B*54:01,pearson_log,0.419098962472311,8,8,False
blosum_pseudoseq,leave_one_allele_out,ranking,nonzero,HLA-B*54:01,auc_gt_2h,0.7500000000000001,8,8,False
blosum_pseudoseq,leave_one_allele_out,ranking,nonzero,HLA-B*55:01,spearman,-1.0,3,3,False
blosum_pseudoseq,leave_one_allele_out,ranking,nonzero,HLA-B*55:01,pearson_log,-0.9581148567011628,3,3,False
blosum_pseudoseq,leave_one_allele_out,ranking,nonzero,HLA-B*55:01,auc_gt_2h,0.0,3,3,False
blosum_pseudoseq,leave_one_allele_out,ranking,nonzero,HLA-B*56:01,spearman,-0.590404298572053,8,8,False
blosum_pseudoseq,leave_one_allele_out,ranking,nonzero,HLA-B*56:01,pearson_log,-0.739979815809337,8,8,False
blosum_pseudoseq,leave_one_allele_out,ranking,nonzero,HLA-B*56:01,auc_gt_2h,,8,8,False
blosum_pseudoseq,leave_one_allele_out,ranking,nonzero,HLA-B*57:01,spearman,-0.1225921319592106,12,12,False
blosum_pseudoseq,leave_one_allele_out,ranking,nonzero,HLA-B*57:01,pearson_log,-0.028348498614482118,12,12,False
blosum_pseudoseq,leave_one_allele_out,ranking,nonzero,HLA-B*57:01,auc_gt_2h,,12,12,False
blosum_pseudoseq,leave_one_allele_out,ranking,nonzero,HLA-B*57:02,spearman,-0.10206983936502888,13,13,False
blosum_pseudoseq,leave_one_allele_out,ranking,nonzero,HLA-B*57:02,pearson_log,-0.06274567806818691,13,13,False
blosum_pseudoseq,leave_one_allele_out,ranking,nonzero,HLA-B*57:02,auc_gt_2h,0.4090909090909091,13,13,False
blosum_pseudoseq,leave_one_allele_out,ranking,nonzero,HLA-B*57:03,spearman,0.35714285714285715,13,13,False
blosum_pseudoseq,leave_one_allele_out,ranking,nonzero,HLA-B*57:03,pearson_log,0.3103358322736452,13,13,False
blosum_pseudoseq,leave_one_allele_out,ranking,nonzero,HLA-B*57:03,auc_gt_2h,0.5333333333333333,13,13,False
blosum_pseudoseq,leave_one_allele_out,ranking,nonzero,HLA-B*58:01,spearman,0.042031588100300776,12,12,False
blosum_pseudoseq,leave_one_allele_out,ranking,nonzero,HLA-B*58:01,pearson_log,0.09019411794660409,12,12,False
blosum_pseudoseq,leave_one_allele_out,ranking,nonzero,HLA-B*58:01,auc_gt_2h,0.6,12,12,False
blosum_pseudoseq,leave_one_allele_out,ranking,nonzero,HLA-B*81:01,spearman,-0.21661056285146282,11,11,False
blosum_pseudoseq,leave_one_allele_out,ranking,nonzero,HLA-B*81:01,pearson_log,-0.07944367038515446,11,11,False
blosum_pseudoseq,leave_one_allele_out,ranking,nonzero,HLA-B*81:01,auc_gt_2h,0.4,11,11,False
blosum_pseudoseq,peptide_disjoint,censored_hinge,all,HLA-A*01:01,spearman,,2,2,False
blosum_pseudoseq,peptide_disjoint,censored_hinge,all,HLA-A*01:01,pearson_log,,2,2,False
blosum_pseudoseq,peptide_disjoint,censored_hinge,all,HLA-A*01:01,auc_gt_2h,1.0,2,2,False
blosum_pseudoseq,peptide_disjoint,censored_hinge,all,HLA-A*02:01,spearman,0.5,3,3,False
blosum_pseudoseq,peptide_disjoint,censored_hinge,all,HLA-A*02:01,pearson_log,-0.0036923718725822563,3,3,False
blosum_pseudoseq,peptide_disjoint,censored_hinge,all,HLA-A*02:01,auc_gt_2h,,3,3,False
blosum_pseudoseq,peptide_disjoint,censored_hinge,all,HLA-A*02:03,spearman,,2,2,False
blosum_pseudoseq,peptide_disjoint,censored_hinge,all,HLA-A*02:03,pearson_log,,2,2,False
blosum_pseudoseq,peptide_disjoint,censored_hinge,all,HLA-A*02:03,auc_gt_2h,0.0,2,2,False
blosum_pseudoseq,peptide_disjoint,censored_hinge,all,HLA-A*02:05,spearman,0.0,5,5,False
blosum_pseudoseq,peptide_disjoint,censored_hinge,all,HLA-A*02:05,pearson_log,-0.29938857312807937,5,5,False
blosum_pseudoseq,peptide_disjoint,censored_hinge,all,HLA-A*02:05,auc_gt_2h,0.3333333333333333,5,5,False
blosum_pseudoseq,peptide_disjoint,censored_hinge,all,HLA-A*02:10,spearman,,2,2,False
blosum_pseudoseq,peptide_disjoint,censored_hinge,all,HLA-A*02:10,pearson_log,,2,2,False
blosum_pseudoseq,peptide_disjoint,censored_hinge,all,HLA-A*02:10,auc_gt_2h,1.0,2,2,False
blosum_pseudoseq,peptide_disjoint,censored_hinge,all,HLA-A*02:11,spearman,,2,2,False
blosum_pseudoseq,peptide_disjoint,censored_hinge,all,HLA-A*02:11,pearson_log,,2,2,False
blosum_pseudoseq,peptide_disjoint,censored_hinge,all,HLA-A*02:11,auc_gt_2h,,2,2,False
blosum_pseudoseq,peptide_disjoint,censored_hinge,all,HLA-A*02:12,spearman,0.7999999999999999,4,4,False
blosum_pseudoseq,peptide_disjoint,censored_hinge,all,HLA-A*02:12,pearson_log,0.9440658071701558,4,4,False
blosum_pseudoseq,peptide_disjoint,censored_hinge,all,HLA-A*02:12,auc_gt_2h,1.0,4,4,False
blosum_pseudoseq,peptide_disjoint,censored_hinge,all,HLA-A*02:19,spearman,0.49999999999999994,5,5,False
blosum_pseudoseq,peptide_disjoint,censored_hinge,all,HLA-A*02:19,pearson_log,0.2602610088275745,5,5,False
blosum_pseudoseq,peptide_disjoint,censored_hinge,all,HLA-A*02:19,auc_gt_2h,0.75,5,5,False
blosum_pseudoseq,peptide_disjoint,censored_hinge,all,HLA-A*02:50,spearman,0.7999999999999999,4,4,False
blosum_pseudoseq,peptide_disjoint,censored_hinge,all,HLA-A*02:50,pearson_log,0.9142760113764771,4,4,False
blosum_pseudoseq,peptide_disjoint,censored_hinge,all,HLA-A*02:50,auc_gt_2h,,4,4,False
blosum_pseudoseq,peptide_disjoint,censored_hinge,all,HLA-A*03:01,spearman,0.7,5,5,False
blosum_pseudoseq,peptide_disjoint,censored_hinge,all,HLA-A*03:01,pearson_log,0.6690644121875029,5,5,False
blosum_pseudoseq,peptide_disjoint,censored_hinge,all,HLA-A*03:01,auc_gt_2h,1.0,5,5,False
blosum_pseudoseq,peptide_disjoint,censored_hinge,all,HLA-A*11:01,spearman,,1,1,True
blosum_pseudoseq,peptide_disjoint,censored_hinge,all,HLA-A*11:01,pearson_log,,1,1,True
blosum_pseudoseq,peptide_disjoint,censored_hinge,all,HLA-A*11:01,auc_gt_2h,,1,1,True
blosum_pseudoseq,peptide_disjoint,censored_hinge,all,HLA-A*23:01,spearman,,2,2,False
blosum_pseudoseq,peptide_disjoint,censored_hinge,all,HLA-A*23:01,pearson_log,,2,2,False
blosum_pseudoseq,peptide_disjoint,censored_hinge,all,HLA-A*23:01,auc_gt_2h,1.0,2,2,False
blosum_pseudoseq,peptide_disjoint,censored_hinge,all,HLA-A*24:02,spearman,0.6000000000000001,4,4,False
blosum_pseudoseq,peptide_disjoint,censored_hinge,all,HLA-A*24:02,pearson_log,0.32846804572156363,4,4,False
blosum_pseudoseq,peptide_disjoint,censored_hinge,all,HLA-A*24:02,auc_gt_2h,1.0,4,4,False
blosum_pseudoseq,peptide_disjoint,censored_hinge,all,HLA-A*24:03,spearman,,2,2,False
blosum_pseudoseq,peptide_disjoint,censored_hinge,all,HLA-A*24:03,pearson_log,,2,2,False
blosum_pseudoseq,peptide_disjoint,censored_hinge,all,HLA-A*24:03,auc_gt_2h,,2,2,False
blosum_pseudoseq,peptide_disjoint,censored_hinge,all,HLA-A*24:07,spearman,,2,2,False
blosum_pseudoseq,peptide_disjoint,censored_hinge,all,HLA-A*24:07,pearson_log,,2,2,False
blosum_pseudoseq,peptide_disjoint,censored_hinge,all,HLA-A*24:07,auc_gt_2h,0.0,2,2,False
blosum_pseudoseq,peptide_disjoint,censored_hinge,all,HLA-A*24:19,spearman,1.0,3,3,False
blosum_pseudoseq,peptide_disjoint,censored_hinge,all,HLA-A*24:19,pearson_log,0.9620112899271567,3,3,False
blosum_pseudoseq,peptide_disjoint,censored_hinge,all,HLA-A*24:19,auc_gt_2h,,3,3,False
blosum_pseudoseq,peptide_disjoint,censored_hinge,all,HLA-A*25:01,spearman,,1,1,True
blosum_pseudoseq,peptide_disjoint,censored_hinge,all,HLA-A*25:01,pearson_log,,1,1,True
blosum_pseudoseq,peptide_disjoint,censored_hinge,all,HLA-A*25:01,auc_gt_2h,,1,1,True
blosum_pseudoseq,peptide_disjoint,censored_hinge,all,HLA-A*26:01,spearman,-0.5,3,3,False
blosum_pseudoseq,peptide_disjoint,censored_hinge,all,HLA-A*26:01,pearson_log,-0.6801053564639964,3,3,False
blosum_pseudoseq,peptide_disjoint,censored_hinge,all,HLA-A*26:01,auc_gt_2h,,3,3,False
blosum_pseudoseq,peptide_disjoint,censored_hinge,all,HLA-A*26:02,spearman,,2,2,False
blosum_pseudoseq,peptide_disjoint,censored_hinge,all,HLA-A*26:02,pearson_log,,2,2,False
blosum_pseudoseq,peptide_disjoint,censored_hinge,all,HLA-A*26:02,auc_gt_2h,,2,2,False
blosum_pseudoseq,peptide_disjoint,censored_hinge,all,HLA-A*26:03,spearman,,1,1,True
blosum_pseudoseq,peptide_disjoint,censored_hinge,all,HLA-A*26:03,pearson_log,,1,1,True
blosum_pseudoseq,peptide_disjoint,censored_hinge,all,HLA-A*26:03,auc_gt_2h,,1,1,True
blosum_pseudoseq,peptide_disjoint,censored_hinge,all,HLA-A*29:02,spearman,0.8999999999999998,5,5,False
blosum_pseudoseq,peptide_disjoint,censored_hinge,all,HLA-A*29:02,pearson_log,0.8271695403401582,5,5,False
blosum_pseudoseq,peptide_disjoint,censored_hinge,all,HLA-A*29:02,auc_gt_2h,1.0,5,5,False
blosum_pseudoseq,peptide_disjoint,censored_hinge,all,HLA-A*30:01,spearman,,2,2,False
blosum_pseudoseq,peptide_disjoint,censored_hinge,all,HLA-A*30:01,pearson_log,,2,2,False
blosum_pseudoseq,peptide_disjoint,censored_hinge,all,HLA-A*30:01,auc_gt_2h,,2,2,False
blosum_pseudoseq,peptide_disjoint,censored_hinge,all,HLA-A*30:02,spearman,,2,2,False
blosum_pseudoseq,peptide_disjoint,censored_hinge,all,HLA-A*30:02,pearson_log,,2,2,False
blosum_pseudoseq,peptide_disjoint,censored_hinge,all,HLA-A*30:02,auc_gt_2h,0.0,2,2,False
blosum_pseudoseq,peptide_disjoint,censored_hinge,all,HLA-A*31:01,spearman,0.8660254037844387,3,3,False
blosum_pseudoseq,peptide_disjoint,censored_hinge,all,HLA-A*31:01,pearson_log,0.9785282447357112,3,3,False
blosum_pseudoseq,peptide_disjoint,censored_hinge,all,HLA-A*31:01,auc_gt_2h,,3,3,False
blosum_pseudoseq,peptide_disjoint,censored_hinge,all,HLA-A*32:01,spearman,-1.0,3,3,False
blosum_pseudoseq,peptide_disjoint,censored_hinge,all,HLA-A*32:01,pearson_log,-0.8874960872407963,3,3,False
blosum_pseudoseq,peptide_disjoint,censored_hinge,all,HLA-A*32:01,auc_gt_2h,0.0,3,3,False
blosum_pseudoseq,peptide_disjoint,censored_hinge,all,HLA-A*32:07,spearman,0.5,3,3,False
blosum_pseudoseq,peptide_disjoint,censored_hinge,all,HLA-A*32:07,pearson_log,0.5022540845531873,3,3,False
blosum_pseudoseq,peptide_disjoint,censored_hinge,all,HLA-A*32:07,auc_gt_2h,1.0,3,3,False
blosum_pseudoseq,peptide_disjoint,censored_hinge,all,HLA-A*33:03,spearman,,2,2,False
blosum_pseudoseq,peptide_disjoint,censored_hinge,all,HLA-A*33:03,pearson_log,,2,2,False
blosum_pseudoseq,peptide_disjoint,censored_hinge,all,HLA-A*33:03,auc_gt_2h,1.0,2,2,False
blosum_pseudoseq,peptide_disjoint,censored_hinge,all,HLA-A*43:01,spearman,-0.2608969660436018,6,6,False
blosum_pseudoseq,peptide_disjoint,censored_hinge,all,HLA-A*43:01,pearson_log,-0.0027358300567328353,6,6,False
blosum_pseudoseq,peptide_disjoint,censored_hinge,all,HLA-A*43:01,auc_gt_2h,0.4,6,6,False
blosum_pseudoseq,peptide_disjoint,censored_hinge,all,HLA-A*66:01,spearman,,1,1,True
blosum_pseudoseq,peptide_disjoint,censored_hinge,all,HLA-A*66:01,pearson_log,,1,1,True
blosum_pseudoseq,peptide_disjoint,censored_hinge,all,HLA-A*66:01,auc_gt_2h,,1,1,True
blosum_pseudoseq,peptide_disjoint,censored_hinge,all,HLA-A*68:01,spearman,-0.4103913408340617,5,5,False
blosum_pseudoseq,peptide_disjoint,censored_hinge,all,HLA-A*68:01,pearson_log,-0.49772629195296564,5,5,False
blosum_pseudoseq,peptide_disjoint,censored_hinge,all,HLA-A*68:01,auc_gt_2h,0.16666666666666669,5,5,False
blosum_pseudoseq,peptide_disjoint,censored_hinge,all,HLA-A*68:02,spearman,0.49999999999999994,5,5,False
blosum_pseudoseq,peptide_disjoint,censored_hinge,all,HLA-A*68:02,pearson_log,0.1329928470817681,5,5,False
blosum_pseudoseq,peptide_disjoint,censored_hinge,all,HLA-A*68:02,auc_gt_2h,,5,5,False
blosum_pseudoseq,peptide_disjoint,censored_hinge,all,HLA-A*68:23,spearman,-0.9486832980505139,4,4,False
blosum_pseudoseq,peptide_disjoint,censored_hinge,all,HLA-A*68:23,pearson_log,-0.8597105701956782,4,4,False
blosum_pseudoseq,peptide_disjoint,censored_hinge,all,HLA-A*68:23,auc_gt_2h,,4,4,False
blosum_pseudoseq,peptide_disjoint,censored_hinge,all,HLA-A*69:01,spearman,0.15389675281277312,5,5,False
blosum_pseudoseq,peptide_disjoint,censored_hinge,all,HLA-A*69:01,pearson_log,-0.02358771448611449,5,5,False
blosum_pseudoseq,peptide_disjoint,censored_hinge,all,HLA-A*69:01,auc_gt_2h,,5,5,False
blosum_pseudoseq,peptide_disjoint,censored_hinge,all,HLA-A*74:01,spearman,,1,1,True
blosum_pseudoseq,peptide_disjoint,censored_hinge,all,HLA-A*74:01,pearson_log,,1,1,True
blosum_pseudoseq,peptide_disjoint,censored_hinge,all,HLA-A*74:01,auc_gt_2h,,1,1,True
blosum_pseudoseq,peptide_disjoint,censored_hinge,all,HLA-A*80:01,spearman,,2,2,False
blosum_pseudoseq,peptide_disjoint,censored_hinge,all,HLA-A*80:01,pearson_log,,2,2,False
blosum_pseudoseq,peptide_disjoint,censored_hinge,all,HLA-A*80:01,auc_gt_2h,,2,2,False
blosum_pseudoseq,peptide_disjoint,censored_hinge,all,HLA-B*07:02,spearman,0.0,5,5,False
blosum_pseudoseq,peptide_disjoint,censored_hinge,all,HLA-B*07:02,pearson_log,0.35206749184391367,5,5,False
blosum_pseudoseq,peptide_disjoint,censored_hinge,all,HLA-B*07:02,auc_gt_2h,0.6666666666666666,5,5,False
blosum_pseudoseq,peptide_disjoint,censored_hinge,all,HLA-B*08:01,spearman,,2,2,False
blosum_pseudoseq,peptide_disjoint,censored_hinge,all,HLA-B*08:01,pearson_log,,2,2,False
blosum_pseudoseq,peptide_disjoint,censored_hinge,all,HLA-B*08:01,auc_gt_2h,,2,2,False
blosum_pseudoseq,peptide_disjoint,censored_hinge,all,HLA-B*08:03,spearman,,2,2,False
blosum_pseudoseq,peptide_disjoint,censored_hinge,all,HLA-B*08:03,pearson_log,,2,2,False
blosum_pseudoseq,peptide_disjoint,censored_hinge,all,HLA-B*08:03,auc_gt_2h,0.0,2,2,False
blosum_pseudoseq,peptide_disjoint,censored_hinge,all,HLA-B*13:02,spearman,,2,2,False
blosum_pseudoseq,peptide_disjoint,censored_hinge,all,HLA-B*13:02,pearson_log,,2,2,False
blosum_pseudoseq,peptide_disjoint,censored_hinge,all,HLA-B*13:02,auc_gt_2h,0.0,2,2,False
blosum_pseudoseq,peptide_disjoint,censored_hinge,all,HLA-B*14:01(C67S),spearman,,1,1,True
blosum_pseudoseq,peptide_disjoint,censored_hinge,all,HLA-B*14:01(C67S),pearson_log,,1,1,True
blosum_pseudoseq,peptide_disjoint,censored_hinge,all,HLA-B*14:01(C67S),auc_gt_2h,,1,1,True
blosum_pseudoseq,peptide_disjoint,censored_hinge,all,HLA-B*14:02(C67S),spearman,,1,1,True
blosum_pseudoseq,peptide_disjoint,censored_hinge,all,HLA-B*14:02(C67S),pearson_log,,1,1,True
blosum_pseudoseq,peptide_disjoint,censored_hinge,all,HLA-B*14:02(C67S),auc_gt_2h,,1,1,True
blosum_pseudoseq,peptide_disjoint,censored_hinge,all,HLA-B*15:01,spearman,-0.39999999999999997,4,4,False
blosum_pseudoseq,peptide_disjoint,censored_hinge,all,HLA-B*15:01,pearson_log,-0.9552025567910121,4,4,False
blosum_pseudoseq,peptide_disjoint,censored_hinge,all,HLA-B*15:01,auc_gt_2h,0.0,4,4,False
blosum_pseudoseq,peptide_disjoint,censored_hinge,all,HLA-B*15:10,spearman,,2,2,False
blosum_pseudoseq,peptide_disjoint,censored_hinge,all,HLA-B*15:10,pearson_log,,2,2,False
blosum_pseudoseq,peptide_disjoint,censored_hinge,all,HLA-B*15:10,auc_gt_2h,1.0,2,2,False
blosum_pseudoseq,peptide_disjoint,censored_hinge,all,HLA-B*18:01,spearman,,2,2,False
blosum_pseudoseq,peptide_disjoint,censored_hinge,all,HLA-B*18:01,pearson_log,,2,2,False
blosum_pseudoseq,peptide_disjoint,censored_hinge,all,HLA-B*18:01,auc_gt_2h,,2,2,False
blosum_pseudoseq,peptide_disjoint,censored_hinge,all,HLA-B*27:02,spearman,1.0,3,3,False
blosum_pseudoseq,peptide_disjoint,censored_hinge,all,HLA-B*27:02,pearson_log,0.9779699503039901,3,3,False
blosum_pseudoseq,peptide_disjoint,censored_hinge,all,HLA-B*27:02,auc_gt_2h,1.0,3,3,False
blosum_pseudoseq,peptide_disjoint,censored_hinge,all,HLA-B*27:03,spearman,1.0,3,3,False
blosum_pseudoseq,peptide_disjoint,censored_hinge,all,HLA-B*27:03,pearson_log,0.997009631264972,3,3,False
blosum_pseudoseq,peptide_disjoint,censored_hinge,all,HLA-B*27:03,auc_gt_2h,1.0,3,3,False
blosum_pseudoseq,peptide_disjoint,censored_hinge,all,HLA-B*27:05,spearman,,2,2,False
blosum_pseudoseq,peptide_disjoint,censored_hinge,all,HLA-B*27:05,pearson_log,,2,2,False
blosum_pseudoseq,peptide_disjoint,censored_hinge,all,HLA-B*27:05,auc_gt_2h,,2,2,False
blosum_pseudoseq,peptide_disjoint,censored_hinge,all,HLA-B*27:20,spearman,-1.0,3,3,False
blosum_pseudoseq,peptide_disjoint,censored_hinge,all,HLA-B*27:20,pearson_log,-0.997651992367566,3,3,False
blosum_pseudoseq,peptide_disjoint,censored_hinge,all,HLA-B*27:20,auc_gt_2h,0.0,3,3,False
blosum_pseudoseq,peptide_disjoint,censored_hinge,all,HLA-B*35:01,spearman,,2,2,False
blosum_pseudoseq,peptide_disjoint,censored_hinge,all,HLA-B*35:01,pearson_log,,2,2,False
blosum_pseudoseq,peptide_disjoint,censored_hinge,all,HLA-B*35:01,auc_gt_2h,1.0,2,2,False
blosum_pseudoseq,peptide_disjoint,censored_hinge,all,HLA-B*35:03,spearman,,2,2,False
blosum_pseudoseq,peptide_disjoint,censored_hinge,all,HLA-B*35:03,pearson_log,,2,2,False
blosum_pseudoseq,peptide_disjoint,censored_hinge,all,HLA-B*35:03,auc_gt_2h,1.0,2,2,False
blosum_pseudoseq,peptide_disjoint,censored_hinge,all,HLA-B*35:08,spearman,-0.8660254037844387,3,3,False
blosum_pseudoseq,peptide_disjoint,censored_hinge,all,HLA-B*35:08,pearson_log,-0.9753280989835724,3,3,False
blosum_pseudoseq,peptide_disjoint,censored_hinge,all,HLA-B*35:08,auc_gt_2h,0.0,3,3,False
blosum_pseudoseq,peptide_disjoint,censored_hinge,all,HLA-B*39:01,spearman,0.7181848464596079,5,5,False
blosum_pseudoseq,peptide_disjoint,censored_hinge,all,HLA-B*39:01,pearson_log,0.4806730078748611,5,5,False
blosum_pseudoseq,peptide_disjoint,censored_hinge,all,HLA-B*39:01,auc_gt_2h,0.75,5,5,False
blosum_pseudoseq,peptide_disjoint,censored_hinge,all,HLA-B*39:02,spearman,,1,1,True
blosum_pseudoseq,peptide_disjoint,censored_hinge,all,HLA-B*39:02,pearson_log,,1,1,True
blosum_pseudoseq,peptide_disjoint,censored_hinge,all,HLA-B*39:02,auc_gt_2h,,1,1,True
blosum_pseudoseq,peptide_disjoint,censored_hinge,all,HLA-B*39:06(C67S),spearman,0.0,3,3,False
blosum_pseudoseq,peptide_disjoint,censored_hinge,all,HLA-B*39:06(C67S),pearson_log,0.4907581199881953,3,3,False
blosum_pseudoseq,peptide_disjoint,censored_hinge,all,HLA-B*39:06(C67S),auc_gt_2h,0.5,3,3,False
blosum_pseudoseq,peptide_disjoint,censored_hinge,all,HLA-B*39:10,spearman,,1,1,True
blosum_pseudoseq,peptide_disjoint,censored_hinge,all,HLA-B*39:10,pearson_log,,1,1,True
blosum_pseudoseq,peptide_disjoint,censored_hinge,all,HLA-B*39:10,auc_gt_2h,,1,1,True
blosum_pseudoseq,peptide_disjoint,censored_hinge,all,HLA-B*40:01,spearman,,2,2,False
blosum_pseudoseq,peptide_disjoint,censored_hinge,all,HLA-B*40:01,pearson_log,,2,2,False
blosum_pseudoseq,peptide_disjoint,censored_hinge,all,HLA-B*40:01,auc_gt_2h,,2,2,False
blosum_pseudoseq,peptide_disjoint,censored_hinge,all,HLA-B*40:02,spearman,,2,2,False
blosum_pseudoseq,peptide_disjoint,censored_hinge,all,HLA-B*40:02,pearson_log,,2,2,False
blosum_pseudoseq,peptide_disjoint,censored_hinge,all,HLA-B*40:02,auc_gt_2h,0.0,2,2,False
blosum_pseudoseq,peptide_disjoint,censored_hinge,all,HLA-B*41:01,spearman,0.8660254037844387,3,3,False
blosum_pseudoseq,peptide_disjoint,censored_hinge,all,HLA-B*41:01,pearson_log,0.911067771783039,3,3,False
blosum_pseudoseq,peptide_disjoint,censored_hinge,all,HLA-B*41:01,auc_gt_2h,,3,3,False
blosum_pseudoseq,peptide_disjoint,censored_hinge,all,HLA-B*42:01,spearman,,1,1,True
blosum_pseudoseq,peptide_disjoint,censored_hinge,all,HLA-B*42:01,pearson_log,,1,1,True
blosum_pseudoseq,peptide_disjoint,censored_hinge,all,HLA-B*42:01,auc_gt_2h,,1,1,True
blosum_pseudoseq,peptide_disjoint,censored_hinge,all,HLA-B*42:02,spearman,-0.5,3,3,False
blosum_pseudoseq,peptide_disjoint,censored_hinge,all,HLA-B*42:02,pearson_log,-0.4746757190655181,3,3,False
blosum_pseudoseq,peptide_disjoint,censored_hinge,all,HLA-B*42:02,auc_gt_2h,0.5,3,3,False
blosum_pseudoseq,peptide_disjoint,censored_hinge,all,HLA-B*44:05,spearman,,1,1,True
blosum_pseudoseq,peptide_disjoint,censored_hinge,all,HLA-B*44:05,pearson_log,,1,1,True
blosum_pseudoseq,peptide_disjoint,censored_hinge,all,HLA-B*44:05,auc_gt_2h,,1,1,True
blosum_pseudoseq,peptide_disjoint,censored_hinge,all,HLA-B*45:01,spearman,,2,2,False
blosum_pseudoseq,peptide_disjoint,censored_hinge,all,HLA-B*45:01,pearson_log,,2,2,False
blosum_pseudoseq,peptide_disjoint,censored_hinge,all,HLA-B*45:01,auc_gt_2h,,2,2,False
blosum_pseudoseq,peptide_disjoint,censored_hinge,all,HLA-B*51:01,spearman,,1,1,True
blosum_pseudoseq,peptide_disjoint,censored_hinge,all,HLA-B*51:01,pearson_log,,1,1,True
blosum_pseudoseq,peptide_disjoint,censored_hinge,all,HLA-B*51:01,auc_gt_2h,,1,1,True
blosum_pseudoseq,peptide_disjoint,censored_hinge,all,HLA-B*54:01,spearman,0.550782483869826,6,6,False
blosum_pseudoseq,peptide_disjoint,censored_hinge,all,HLA-B*54:01,pearson_log,0.5336598874749445,6,6,False
blosum_pseudoseq,peptide_disjoint,censored_hinge,all,HLA-B*54:01,auc_gt_2h,1.0,6,6,False
blosum_pseudoseq,peptide_disjoint,censored_hinge,all,HLA-B*55:01,spearman,,1,1,True
blosum_pseudoseq,peptide_disjoint,censored_hinge,all,HLA-B*55:01,pearson_log,,1,1,True
blosum_pseudoseq,peptide_disjoint,censored_hinge,all,HLA-B*55:01,auc_gt_2h,,1,1,True
blosum_pseudoseq,peptide_disjoint,censored_hinge,all,HLA-B*56:01,spearman,0.8660254037844387,3,3,False
blosum_pseudoseq,peptide_disjoint,censored_hinge,all,HLA-B*56:01,pearson_log,0.869933209886091,3,3,False
blosum_pseudoseq,peptide_disjoint,censored_hinge,all,HLA-B*56:01,auc_gt_2h,,3,3,False
blosum_pseudoseq,peptide_disjoint,censored_hinge,all,HLA-B*57:01,spearman,,1,1,True
blosum_pseudoseq,peptide_disjoint,censored_hinge,all,HLA-B*57:01,pearson_log,,1,1,True
blosum_pseudoseq,peptide_disjoint,censored_hinge,all,HLA-B*57:01,auc_gt_2h,,1,1,True
blosum_pseudoseq,peptide_disjoint,censored_hinge,all,HLA-B*57:02,spearman,-0.5,3,3,False
blosum_pseudoseq,peptide_disjoint,censored_hinge,all,HLA-B*57:02,pearson_log,-0.5542969147524042,3,3,False
blosum_pseudoseq,peptide_disjoint,censored_hinge,all,HLA-B*57:02,auc_gt_2h,,3,3,False
blosum_pseudoseq,peptide_disjoint,censored_hinge,all,HLA-B*57:03,spearman,,2,2,False
blosum_pseudoseq,peptide_disjoint,censored_hinge,all,HLA-B*57:03,pearson_log,,2,2,False
blosum_pseudoseq,peptide_disjoint,censored_hinge,all,HLA-B*57:03,auc_gt_2h,0.0,2,2,False
blosum_pseudoseq,peptide_disjoint,censored_hinge,all,HLA-B*58:01,spearman,0.39999999999999997,5,5,False
blosum_pseudoseq,peptide_disjoint,censored_hinge,all,HLA-B*58:01,pearson_log,0.46274084763572343,5,5,False
blosum_pseudoseq,peptide_disjoint,censored_hinge,all,HLA-B*58:01,auc_gt_2h,0.8333333333333334,5,5,False
blosum_pseudoseq,peptide_disjoint,censored_hinge,all,HLA-B*81:01,spearman,0.8285714285714287,6,6,False
blosum_pseudoseq,peptide_disjoint,censored_hinge,all,HLA-B*81:01,pearson_log,0.9524747166240264,6,6,False
blosum_pseudoseq,peptide_disjoint,censored_hinge,all,HLA-B*81:01,auc_gt_2h,,6,6,False
blosum_pseudoseq,peptide_disjoint,censored_hinge,nonzero,HLA-A*01:01,spearman,,2,2,False
blosum_pseudoseq,peptide_disjoint,censored_hinge,nonzero,HLA-A*01:01,pearson_log,,2,2,False
blosum_pseudoseq,peptide_disjoint,censored_hinge,nonzero,HLA-A*01:01,auc_gt_2h,1.0,2,2,False
blosum_pseudoseq,peptide_disjoint,censored_hinge,nonzero,HLA-A*02:01,spearman,0.5,3,3,False
blosum_pseudoseq,peptide_disjoint,censored_hinge,nonzero,HLA-A*02:01,pearson_log,-0.0036923718725822563,3,3,False
blosum_pseudoseq,peptide_disjoint,censored_hinge,nonzero,HLA-A*02:01,auc_gt_2h,,3,3,False
blosum_pseudoseq,peptide_disjoint,censored_hinge,nonzero,HLA-A*02:03,spearman,,1,1,True
blosum_pseudoseq,peptide_disjoint,censored_hinge,nonzero,HLA-A*02:03,pearson_log,,1,1,True
blosum_pseudoseq,peptide_disjoint,censored_hinge,nonzero,HLA-A*02:03,auc_gt_2h,,1,1,True
blosum_pseudoseq,peptide_disjoint,censored_hinge,nonzero,HLA-A*02:05,spearman,0.0,5,5,False
blosum_pseudoseq,peptide_disjoint,censored_hinge,nonzero,HLA-A*02:05,pearson_log,-0.29938857312807937,5,5,False
blosum_pseudoseq,peptide_disjoint,censored_hinge,nonzero,HLA-A*02:05,auc_gt_2h,0.3333333333333333,5,5,False
blosum_pseudoseq,peptide_disjoint,censored_hinge,nonzero,HLA-A*02:10,spearman,,2,2,False
blosum_pseudoseq,peptide_disjoint,censored_hinge,nonzero,HLA-A*02:10,pearson_log,,2,2,False
blosum_pseudoseq,peptide_disjoint,censored_hinge,nonzero,HLA-A*02:10,auc_gt_2h,1.0,2,2,False
blosum_pseudoseq,peptide_disjoint,censored_hinge,nonzero,HLA-A*02:11,spearman,,2,2,False
blosum_pseudoseq,peptide_disjoint,censored_hinge,nonzero,HLA-A*02:11,pearson_log,,2,2,False
blosum_pseudoseq,peptide_disjoint,censored_hinge,nonzero,HLA-A*02:11,auc_gt_2h,,2,2,False
blosum_pseudoseq,peptide_disjoint,censored_hinge,nonzero,HLA-A*02:12,spearman,0.7999999999999999,4,4,False
blosum_pseudoseq,peptide_disjoint,censored_hinge,nonzero,HLA-A*02:12,pearson_log,0.9440658071701558,4,4,False
blosum_pseudoseq,peptide_disjoint,censored_hinge,nonzero,HLA-A*02:12,auc_gt_2h,1.0,4,4,False
blosum_pseudoseq,peptide_disjoint,censored_hinge,nonzero,HLA-A*02:19,spearman,0.49999999999999994,5,5,False
blosum_pseudoseq,peptide_disjoint,censored_hinge,nonzero,HLA-A*02:19,pearson_log,0.2602610088275745,5,5,False
blosum_pseudoseq,peptide_disjoint,censored_hinge,nonzero,HLA-A*02:19,auc_gt_2h,0.75,5,5,False
blosum_pseudoseq,peptide_disjoint,censored_hinge,nonzero,HLA-A*02:50,spearman,0.7999999999999999,4,4,False
blosum_pseudoseq,peptide_disjoint,censored_hinge,nonzero,HLA-A*02:50,pearson_log,0.9142760113764771,4,4,False
blosum_pseudoseq,peptide_disjoint,censored_hinge,nonzero,HLA-A*02:50,auc_gt_2h,,4,4,False
blosum_pseudoseq,peptide_disjoint,censored_hinge,nonzero,HLA-A*03:01,spearman,0.7,5,5,False
blosum_pseudoseq,peptide_disjoint,censored_hinge,nonzero,HLA-A*03:01,pearson_log,0.6690644121875029,5,5,False
blosum_pseudoseq,peptide_disjoint,censored_hinge,nonzero,HLA-A*03:01,auc_gt_2h,1.0,5,5,False
blosum_pseudoseq,peptide_disjoint,censored_hinge,nonzero,HLA-A*11:01,spearman,,1,1,True
blosum_pseudoseq,peptide_disjoint,censored_hinge,nonzero,HLA-A*11:01,pearson_log,,1,1,True
blosum_pseudoseq,peptide_disjoint,censored_hinge,nonzero,HLA-A*11:01,auc_gt_2h,,1,1,True
blosum_pseudoseq,peptide_disjoint,censored_hinge,nonzero,HLA-A*23:01,spearman,,2,2,False
blosum_pseudoseq,peptide_disjoint,censored_hinge,nonzero,HLA-A*23:01,pearson_log,,2,2,False
blosum_pseudoseq,peptide_disjoint,censored_hinge,nonzero,HLA-A*23:01,auc_gt_2h,1.0,2,2,False
blosum_pseudoseq,peptide_disjoint,censored_hinge,nonzero,HLA-A*24:02,spearman,0.6000000000000001,4,4,False
blosum_pseudoseq,peptide_disjoint,censored_hinge,nonzero,HLA-A*24:02,pearson_log,0.32846804572156363,4,4,False
blosum_pseudoseq,peptide_disjoint,censored_hinge,nonzero,HLA-A*24:02,auc_gt_2h,1.0,4,4,False
blosum_pseudoseq,peptide_disjoint,censored_hinge,nonzero,HLA-A*24:03,spearman,,2,2,False
blosum_pseudoseq,peptide_disjoint,censored_hinge,nonzero,HLA-A*24:03,pearson_log,,2,2,False
blosum_pseudoseq,peptide_disjoint,censored_hinge,nonzero,HLA-A*24:03,auc_gt_2h,,2,2,False
blosum_pseudoseq,peptide_disjoint,censored_hinge,nonzero,HLA-A*24:07,spearman,,2,2,False
blosum_pseudoseq,peptide_disjoint,censored_hinge,nonzero,HLA-A*24:07,pearson_log,,2,2,False
blosum_pseudoseq,peptide_disjoint,censored_hinge,nonzero,HLA-A*24:07,auc_gt_2h,0.0,2,2,False
blosum_pseudoseq,peptide_disjoint,censored_hinge,nonzero,HLA-A*24:19,spearman,,2,2,False
blosum_pseudoseq,peptide_disjoint,censored_hinge,nonzero,HLA-A*24:19,pearson_log,,2,2,False
blosum_pseudoseq,peptide_disjoint,censored_hinge,nonzero,HLA-A*24:19,auc_gt_2h,,2,2,False
blosum_pseudoseq,peptide_disjoint,censored_hinge,nonzero,HLA-A*26:01,spearman,-0.5,3,3,False
blosum_pseudoseq,peptide_disjoint,censored_hinge,nonzero,HLA-A*26:01,pearson_log,-0.6801053564639964,3,3,False
blosum_pseudoseq,peptide_disjoint,censored_hinge,nonzero,HLA-A*26:01,auc_gt_2h,,3,3,False
blosum_pseudoseq,peptide_disjoint,censored_hinge,nonzero,HLA-A*26:02,spearman,,2,2,False
blosum_pseudoseq,peptide_disjoint,censored_hinge,nonzero,HLA-A*26:02,pearson_log,,2,2,False
blosum_pseudoseq,peptide_disjoint,censored_hinge,nonzero,HLA-A*26:02,auc_gt_2h,,2,2,False
blosum_pseudoseq,peptide_disjoint,censored_hinge,nonzero,HLA-A*29:02,spearman,0.8999999999999998,5,5,False
blosum_pseudoseq,peptide_disjoint,censored_hinge,nonzero,HLA-A*29:02,pearson_log,0.8271695403401582,5,5,False
blosum_pseudoseq,peptide_disjoint,censored_hinge,nonzero,HLA-A*29:02,auc_gt_2h,1.0,5,5,False
blosum_pseudoseq,peptide_disjoint,censored_hinge,nonzero,HLA-A*30:01,spearman,,2,2,False
blosum_pseudoseq,peptide_disjoint,censored_hinge,nonzero,HLA-A*30:01,pearson_log,,2,2,False
blosum_pseudoseq,peptide_disjoint,censored_hinge,nonzero,HLA-A*30:01,auc_gt_2h,,2,2,False
blosum_pseudoseq,peptide_disjoint,censored_hinge,nonzero,HLA-A*30:02,spearman,,1,1,True
blosum_pseudoseq,peptide_disjoint,censored_hinge,nonzero,HLA-A*30:02,pearson_log,,1,1,True
blosum_pseudoseq,peptide_disjoint,censored_hinge,nonzero,HLA-A*30:02,auc_gt_2h,,1,1,True
blosum_pseudoseq,peptide_disjoint,censored_hinge,nonzero,HLA-A*31:01,spearman,0.8660254037844387,3,3,False
blosum_pseudoseq,peptide_disjoint,censored_hinge,nonzero,HLA-A*31:01,pearson_log,0.9785282447357112,3,3,False
blosum_pseudoseq,peptide_disjoint,censored_hinge,nonzero,HLA-A*31:01,auc_gt_2h,,3,3,False
blosum_pseudoseq,peptide_disjoint,censored_hinge,nonzero,HLA-A*32:01,spearman,-1.0,3,3,False
blosum_pseudoseq,peptide_disjoint,censored_hinge,nonzero,HLA-A*32:01,pearson_log,-0.8874960872407963,3,3,False
blosum_pseudoseq,peptide_disjoint,censored_hinge,nonzero,HLA-A*32:01,auc_gt_2h,0.0,3,3,False
blosum_pseudoseq,peptide_disjoint,censored_hinge,nonzero,HLA-A*32:07,spearman,,2,2,False
blosum_pseudoseq,peptide_disjoint,censored_hinge,nonzero,HLA-A*32:07,pearson_log,,2,2,False
blosum_pseudoseq,peptide_disjoint,censored_hinge,nonzero,HLA-A*32:07,auc_gt_2h,1.0,2,2,False
blosum_pseudoseq,peptide_disjoint,censored_hinge,nonzero,HLA-A*33:03,spearman,,1,1,True
blosum_pseudoseq,peptide_disjoint,censored_hinge,nonzero,HLA-A*33:03,pearson_log,,1,1,True
blosum_pseudoseq,peptide_disjoint,censored_hinge,nonzero,HLA-A*33:03,auc_gt_2h,,1,1,True
blosum_pseudoseq,peptide_disjoint,censored_hinge,nonzero,HLA-A*43:01,spearman,-0.39999999999999997,4,4,False
blosum_pseudoseq,peptide_disjoint,censored_hinge,nonzero,HLA-A*43:01,pearson_log,0.3917619175838934,4,4,False
blosum_pseudoseq,peptide_disjoint,censored_hinge,nonzero,HLA-A*43:01,auc_gt_2h,0.33333333333333337,4,4,False
blosum_pseudoseq,peptide_disjoint,censored_hinge,nonzero,HLA-A*66:01,spearman,,1,1,True
blosum_pseudoseq,peptide_disjoint,censored_hinge,nonzero,HLA-A*66:01,pearson_log,,1,1,True
blosum_pseudoseq,peptide_disjoint,censored_hinge,nonzero,HLA-A*66:01,auc_gt_2h,,1,1,True
blosum_pseudoseq,peptide_disjoint,censored_hinge,nonzero,HLA-A*68:01,spearman,-1.0,3,3,False
blosum_pseudoseq,peptide_disjoint,censored_hinge,nonzero,HLA-A*68:01,pearson_log,-0.940324967089778,3,3,False
blosum_pseudoseq,peptide_disjoint,censored_hinge,nonzero,HLA-A*68:01,auc_gt_2h,0.0,3,3,False
blosum_pseudoseq,peptide_disjoint,censored_hinge,nonzero,HLA-A*68:02,spearman,0.49999999999999994,5,5,False
blosum_pseudoseq,peptide_disjoint,censored_hinge,nonzero,HLA-A*68:02,pearson_log,0.1329928470817681,5,5,False
blosum_pseudoseq,peptide_disjoint,censored_hinge,nonzero,HLA-A*68:02,auc_gt_2h,,5,5,False
blosum_pseudoseq,peptide_disjoint,censored_hinge,nonzero,HLA-A*68:23,spearman,-0.9486832980505139,4,4,False
blosum_pseudoseq,peptide_disjoint,censored_hinge,nonzero,HLA-A*68:23,pearson_log,-0.8597105701956782,4,4,False
blosum_pseudoseq,peptide_disjoint,censored_hinge,nonzero,HLA-A*68:23,auc_gt_2h,,4,4,False
blosum_pseudoseq,peptide_disjoint,censored_hinge,nonzero,HLA-A*69:01,spearman,0.7378647873726218,4,4,False
blosum_pseudoseq,peptide_disjoint,censored_hinge,nonzero,HLA-A*69:01,pearson_log,0.7993349096354737,4,4,False
blosum_pseudoseq,peptide_disjoint,censored_hinge,nonzero,HLA-A*69:01,auc_gt_2h,,4,4,False
blosum_pseudoseq,peptide_disjoint,censored_hinge,nonzero,HLA-A*80:01,spearman,,2,2,False
blosum_pseudoseq,peptide_disjoint,censored_hinge,nonzero,HLA-A*80:01,pearson_log,,2,2,False
blosum_pseudoseq,peptide_disjoint,censored_hinge,nonzero,HLA-A*80:01,auc_gt_2h,,2,2,False
blosum_pseudoseq,peptide_disjoint,censored_hinge,nonzero,HLA-B*07:02,spearman,0.0,5,5,False
blosum_pseudoseq,peptide_disjoint,censored_hinge,nonzero,HLA-B*07:02,pearson_log,0.35206749184391367,5,5,False
blosum_pseudoseq,peptide_disjoint,censored_hinge,nonzero,HLA-B*07:02,auc_gt_2h,0.6666666666666666,5,5,False
blosum_pseudoseq,peptide_disjoint,censored_hinge,nonzero,HLA-B*08:01,spearman,,2,2,False
blosum_pseudoseq,peptide_disjoint,censored_hinge,nonzero,HLA-B*08:01,pearson_log,,2,2,False
blosum_pseudoseq,peptide_disjoint,censored_hinge,nonzero,HLA-B*08:01,auc_gt_2h,,2,2,False
blosum_pseudoseq,peptide_disjoint,censored_hinge,nonzero,HLA-B*08:03,spearman,,2,2,False
blosum_pseudoseq,peptide_disjoint,censored_hinge,nonzero,HLA-B*08:03,pearson_log,,2,2,False
blosum_pseudoseq,peptide_disjoint,censored_hinge,nonzero,HLA-B*08:03,auc_gt_2h,0.0,2,2,False
blosum_pseudoseq,peptide_disjoint,censored_hinge,nonzero,HLA-B*13:02,spearman,,1,1,True
blosum_pseudoseq,peptide_disjoint,censored_hinge,nonzero,HLA-B*13:02,pearson_log,,1,1,True
blosum_pseudoseq,peptide_disjoint,censored_hinge,nonzero,HLA-B*13:02,auc_gt_2h,,1,1,True
blosum_pseudoseq,peptide_disjoint,censored_hinge,nonzero,HLA-B*15:01,spearman,-0.39999999999999997,4,4,False
blosum_pseudoseq,peptide_disjoint,censored_hinge,nonzero,HLA-B*15:01,pearson_log,-0.9552025567910121,4,4,False
blosum_pseudoseq,peptide_disjoint,censored_hinge,nonzero,HLA-B*15:01,auc_gt_2h,0.0,4,4,False
blosum_pseudoseq,peptide_disjoint,censored_hinge,nonzero,HLA-B*15:10,spearman,,2,2,False
blosum_pseudoseq,peptide_disjoint,censored_hinge,nonzero,HLA-B*15:10,pearson_log,,2,2,False
blosum_pseudoseq,peptide_disjoint,censored_hinge,nonzero,HLA-B*15:10,auc_gt_2h,1.0,2,2,False
blosum_pseudoseq,peptide_disjoint,censored_hinge,nonzero,HLA-B*18:01,spearman,,2,2,False
blosum_pseudoseq,peptide_disjoint,censored_hinge,nonzero,HLA-B*18:01,pearson_log,,2,2,False
blosum_pseudoseq,peptide_disjoint,censored_hinge,nonzero,HLA-B*18:01,auc_gt_2h,,2,2,False
blosum_pseudoseq,peptide_disjoint,censored_hinge,nonzero,HLA-B*27:02,spearman,1.0,3,3,False
blosum_pseudoseq,peptide_disjoint,censored_hinge,nonzero,HLA-B*27:02,pearson_log,0.9779699503039901,3,3,False
blosum_pseudoseq,peptide_disjoint,censored_hinge,nonzero,HLA-B*27:02,auc_gt_2h,1.0,3,3,False
blosum_pseudoseq,peptide_disjoint,censored_hinge,nonzero,HLA-B*27:03,spearman,,2,2,False
blosum_pseudoseq,peptide_disjoint,censored_hinge,nonzero,HLA-B*27:03,pearson_log,,2,2,False
blosum_pseudoseq,peptide_disjoint,censored_hinge,nonzero,HLA-B*27:03,auc_gt_2h,,2,2,False
blosum_pseudoseq,peptide_disjoint,censored_hinge,nonzero,HLA-B*27:05,spearman,,1,1,True
blosum_pseudoseq,peptide_disjoint,censored_hinge,nonzero,HLA-B*27:05,pearson_log,,1,1,True
blosum_pseudoseq,peptide_disjoint,censored_hinge,nonzero,HLA-B*27:05,auc_gt_2h,,1,1,True
blosum_pseudoseq,peptide_disjoint,censored_hinge,nonzero,HLA-B*27:20,spearman,-1.0,3,3,False
blosum_pseudoseq,peptide_disjoint,censored_hinge,nonzero,HLA-B*27:20,pearson_log,-0.997651992367566,3,3,False
blosum_pseudoseq,peptide_disjoint,censored_hinge,nonzero,HLA-B*27:20,auc_gt_2h,0.0,3,3,False
blosum_pseudoseq,peptide_disjoint,censored_hinge,nonzero,HLA-B*35:01,spearman,,1,1,True
blosum_pseudoseq,peptide_disjoint,censored_hinge,nonzero,HLA-B*35:01,pearson_log,,1,1,True
blosum_pseudoseq,peptide_disjoint,censored_hinge,nonzero,HLA-B*35:01,auc_gt_2h,,1,1,True
blosum_pseudoseq,peptide_disjoint,censored_hinge,nonzero,HLA-B*35:03,spearman,,2,2,False
blosum_pseudoseq,peptide_disjoint,censored_hinge,nonzero,HLA-B*35:03,pearson_log,,2,2,False
blosum_pseudoseq,peptide_disjoint,censored_hinge,nonzero,HLA-B*35:03,auc_gt_2h,1.0,2,2,False
blosum_pseudoseq,peptide_disjoint,censored_hinge,nonzero,HLA-B*35:08,spearman,-0.8660254037844387,3,3,False
blosum_pseudoseq,peptide_disjoint,censored_hinge,nonzero,HLA-B*35:08,pearson_log,-0.9753280989835724,3,3,False
blosum_pseudoseq,peptide_disjoint,censored_hinge,nonzero,HLA-B*35:08,auc_gt_2h,0.0,3,3,False
blosum_pseudoseq,peptide_disjoint,censored_hinge,nonzero,HLA-B*39:01,spearman,0.7378647873726218,4,4,False
blosum_pseudoseq,peptide_disjoint,censored_hinge,nonzero,HLA-B*39:01,pearson_log,0.26162566300635703,4,4,False
blosum_pseudoseq,peptide_disjoint,censored_hinge,nonzero,HLA-B*39:01,auc_gt_2h,0.6666666666666667,4,4,False
blosum_pseudoseq,peptide_disjoint,censored_hinge,nonzero,HLA-B*39:02,spearman,,1,1,True
blosum_pseudoseq,peptide_disjoint,censored_hinge,nonzero,HLA-B*39:02,pearson_log,,1,1,True
blosum_pseudoseq,peptide_disjoint,censored_hinge,nonzero,HLA-B*39:02,auc_gt_2h,,1,1,True
blosum_pseudoseq,peptide_disjoint,censored_hinge,nonzero,HLA-B*39:06(C67S),spearman,,1,1,True
blosum_pseudoseq,peptide_disjoint,censored_hinge,nonzero,HLA-B*39:06(C67S),pearson_log,,1,1,True
blosum_pseudoseq,peptide_disjoint,censored_hinge,nonzero,HLA-B*39:06(C67S),auc_gt_2h,,1,1,True
blosum_pseudoseq,peptide_disjoint,censored_hinge,nonzero,HLA-B*39:10,spearman,,1,1,True
blosum_pseudoseq,peptide_disjoint,censored_hinge,nonzero,HLA-B*39:10,pearson_log,,1,1,True
blosum_pseudoseq,peptide_disjoint,censored_hinge,nonzero,HLA-B*39:10,auc_gt_2h,,1,1,True
blosum_pseudoseq,peptide_disjoint,censored_hinge,nonzero,HLA-B*40:01,spearman,,2,2,False
blosum_pseudoseq,peptide_disjoint,censored_hinge,nonzero,HLA-B*40:01,pearson_log,,2,2,False
blosum_pseudoseq,peptide_disjoint,censored_hinge,nonzero,HLA-B*40:01,auc_gt_2h,,2,2,False
blosum_pseudoseq,peptide_disjoint,censored_hinge,nonzero,HLA-B*40:02,spearman,,2,2,False
blosum_pseudoseq,peptide_disjoint,censored_hinge,nonzero,HLA-B*40:02,pearson_log,,2,2,False
blosum_pseudoseq,peptide_disjoint,censored_hinge,nonzero,HLA-B*40:02,auc_gt_2h,0.0,2,2,False
blosum_pseudoseq,peptide_disjoint,censored_hinge,nonzero,HLA-B*41:01,spearman,,2,2,False
blosum_pseudoseq,peptide_disjoint,censored_hinge,nonzero,HLA-B*41:01,pearson_log,,2,2,False
blosum_pseudoseq,peptide_disjoint,censored_hinge,nonzero,HLA-B*41:01,auc_gt_2h,,2,2,False
blosum_pseudoseq,peptide_disjoint,censored_hinge,nonzero,HLA-B*42:01,spearman,,1,1,True
blosum_pseudoseq,peptide_disjoint,censored_hinge,nonzero,HLA-B*42:01,pearson_log,,1,1,True
blosum_pseudoseq,peptide_disjoint,censored_hinge,nonzero,HLA-B*42:01,auc_gt_2h,,1,1,True
blosum_pseudoseq,peptide_disjoint,censored_hinge,nonzero,HLA-B*42:02,spearman,-0.5,3,3,False
blosum_pseudoseq,peptide_disjoint,censored_hinge,nonzero,HLA-B*42:02,pearson_log,-0.4746757190655181,3,3,False
blosum_pseudoseq,peptide_disjoint,censored_hinge,nonzero,HLA-B*42:02,auc_gt_2h,0.5,3,3,False
blosum_pseudoseq,peptide_disjoint,censored_hinge,nonzero,HLA-B*44:05,spearman,,1,1,True
blosum_pseudoseq,peptide_disjoint,censored_hinge,nonzero,HLA-B*44:05,pearson_log,,1,1,True
blosum_pseudoseq,peptide_disjoint,censored_hinge,nonzero,HLA-B*44:05,auc_gt_2h,,1,1,True
blosum_pseudoseq,peptide_disjoint,censored_hinge,nonzero,HLA-B*51:01,spearman,,1,1,True
blosum_pseudoseq,peptide_disjoint,censored_hinge,nonzero,HLA-B*51:01,pearson_log,,1,1,True
blosum_pseudoseq,peptide_disjoint,censored_hinge,nonzero,HLA-B*51:01,auc_gt_2h,,1,1,True
blosum_pseudoseq,peptide_disjoint,censored_hinge,nonzero,HLA-B*54:01,spearman,0.7999999999999999,4,4,False
blosum_pseudoseq,peptide_disjoint,censored_hinge,nonzero,HLA-B*54:01,pearson_log,0.8357069056088796,4,4,False
blosum_pseudoseq,peptide_disjoint,censored_hinge,nonzero,HLA-B*54:01,auc_gt_2h,1.0,4,4,False
blosum_pseudoseq,peptide_disjoint,censored_hinge,nonzero,HLA-B*56:01,spearman,,2,2,False
blosum_pseudoseq,peptide_disjoint,censored_hinge,nonzero,HLA-B*56:01,pearson_log,,2,2,False
blosum_pseudoseq,peptide_disjoint,censored_hinge,nonzero,HLA-B*56:01,auc_gt_2h,,2,2,False
blosum_pseudoseq,peptide_disjoint,censored_hinge,nonzero,HLA-B*57:01,spearman,,1,1,True
blosum_pseudoseq,peptide_disjoint,censored_hinge,nonzero,HLA-B*57:01,pearson_log,,1,1,True
blosum_pseudoseq,peptide_disjoint,censored_hinge,nonzero,HLA-B*57:01,auc_gt_2h,,1,1,True
blosum_pseudoseq,peptide_disjoint,censored_hinge,nonzero,HLA-B*57:02,spearman,-0.5,3,3,False
blosum_pseudoseq,peptide_disjoint,censored_hinge,nonzero,HLA-B*57:02,pearson_log,-0.5542969147524042,3,3,False
blosum_pseudoseq,peptide_disjoint,censored_hinge,nonzero,HLA-B*57:02,auc_gt_2h,,3,3,False
blosum_pseudoseq,peptide_disjoint,censored_hinge,nonzero,HLA-B*57:03,spearman,,2,2,False
blosum_pseudoseq,peptide_disjoint,censored_hinge,nonzero,HLA-B*57:03,pearson_log,,2,2,False
blosum_pseudoseq,peptide_disjoint,censored_hinge,nonzero,HLA-B*57:03,auc_gt_2h,0.0,2,2,False
blosum_pseudoseq,peptide_disjoint,censored_hinge,nonzero,HLA-B*58:01,spearman,0.39999999999999997,5,5,False
blosum_pseudoseq,peptide_disjoint,censored_hinge,nonzero,HLA-B*58:01,pearson_log,0.46274084763572343,5,5,False
blosum_pseudoseq,peptide_disjoint,censored_hinge,nonzero,HLA-B*58:01,auc_gt_2h,0.8333333333333334,5,5,False
blosum_pseudoseq,peptide_disjoint,censored_hinge,nonzero,HLA-B*81:01,spearman,0.7,5,5,False
blosum_pseudoseq,peptide_disjoint,censored_hinge,nonzero,HLA-B*81:01,pearson_log,0.6900191390932228,5,5,False
blosum_pseudoseq,peptide_disjoint,censored_hinge,nonzero,HLA-B*81:01,auc_gt_2h,,5,5,False
blosum_pseudoseq,peptide_disjoint,mse,all,HLA-A*01:01,spearman,,2,2,False
blosum_pseudoseq,peptide_disjoint,mse,all,HLA-A*01:01,pearson_log,,2,2,False
blosum_pseudoseq,peptide_disjoint,mse,all,HLA-A*01:01,auc_gt_2h,1.0,2,2,False
blosum_pseudoseq,peptide_disjoint,mse,all,HLA-A*02:01,spearman,0.5,3,3,False
blosum_pseudoseq,peptide_disjoint,mse,all,HLA-A*02:01,pearson_log,-0.17863642361624715,3,3,False
blosum_pseudoseq,peptide_disjoint,mse,all,HLA-A*02:01,auc_gt_2h,,3,3,False
blosum_pseudoseq,peptide_disjoint,mse,all,HLA-A*02:03,spearman,,2,2,False
blosum_pseudoseq,peptide_disjoint,mse,all,HLA-A*02:03,pearson_log,,2,2,False
blosum_pseudoseq,peptide_disjoint,mse,all,HLA-A*02:03,auc_gt_2h,0.0,2,2,False
blosum_pseudoseq,peptide_disjoint,mse,all,HLA-A*02:05,spearman,0.0,5,5,False
blosum_pseudoseq,peptide_disjoint,mse,all,HLA-A*02:05,pearson_log,-0.2621874148306001,5,5,False
blosum_pseudoseq,peptide_disjoint,mse,all,HLA-A*02:05,auc_gt_2h,0.3333333333333333,5,5,False
blosum_pseudoseq,peptide_disjoint,mse,all,HLA-A*02:10,spearman,,2,2,False
blosum_pseudoseq,peptide_disjoint,mse,all,HLA-A*02:10,pearson_log,,2,2,False
blosum_pseudoseq,peptide_disjoint,mse,all,HLA-A*02:10,auc_gt_2h,1.0,2,2,False
blosum_pseudoseq,peptide_disjoint,mse,all,HLA-A*02:11,spearman,,2,2,False
blosum_pseudoseq,peptide_disjoint,mse,all,HLA-A*02:11,pearson_log,,2,2,False
blosum_pseudoseq,peptide_disjoint,mse,all,HLA-A*02:11,auc_gt_2h,,2,2,False
blosum_pseudoseq,peptide_disjoint,mse,all,HLA-A*02:12,spearman,0.7999999999999999,4,4,False
blosum_pseudoseq,peptide_disjoint,mse,all,HLA-A*02:12,pearson_log,0.8371990889186056,4,4,False
blosum_pseudoseq,peptide_disjoint,mse,all,HLA-A*02:12,auc_gt_2h,1.0,4,4,False
blosum_pseudoseq,peptide_disjoint,mse,all,HLA-A*02:19,spearman,0.49999999999999994,5,5,False
blosum_pseudoseq,peptide_disjoint,mse,all,HLA-A*02:19,pearson_log,0.3433069980138435,5,5,False
blosum_pseudoseq,peptide_disjoint,mse,all,HLA-A*02:19,auc_gt_2h,0.75,5,5,False
blosum_pseudoseq,peptide_disjoint,mse,all,HLA-A*02:50,spearman,0.7999999999999999,4,4,False
blosum_pseudoseq,peptide_disjoint,mse,all,HLA-A*02:50,pearson_log,0.8721415348209088,4,4,False
blosum_pseudoseq,peptide_disjoint,mse,all,HLA-A*02:50,auc_gt_2h,,4,4,False
blosum_pseudoseq,peptide_disjoint,mse,all,HLA-A*03:01,spearman,0.6,5,5,False
blosum_pseudoseq,peptide_disjoint,mse,all,HLA-A*03:01,pearson_log,0.43251787399239894,5,5,False
blosum_pseudoseq,peptide_disjoint,mse,all,HLA-A*03:01,auc_gt_2h,1.0,5,5,False
blosum_pseudoseq,peptide_disjoint,mse,all,HLA-A*11:01,spearman,,1,1,True
blosum_pseudoseq,peptide_disjoint,mse,all,HLA-A*11:01,pearson_log,,1,1,True
blosum_pseudoseq,peptide_disjoint,mse,all,HLA-A*11:01,auc_gt_2h,,1,1,True
blosum_pseudoseq,peptide_disjoint,mse,all,HLA-A*23:01,spearman,,2,2,False
blosum_pseudoseq,peptide_disjoint,mse,all,HLA-A*23:01,pearson_log,,2,2,False
blosum_pseudoseq,peptide_disjoint,mse,all,HLA-A*23:01,auc_gt_2h,1.0,2,2,False
blosum_pseudoseq,peptide_disjoint,mse,all,HLA-A*24:02,spearman,0.6000000000000001,4,4,False
blosum_pseudoseq,peptide_disjoint,mse,all,HLA-A*24:02,pearson_log,0.4048535179788869,4,4,False
blosum_pseudoseq,peptide_disjoint,mse,all,HLA-A*24:02,auc_gt_2h,1.0,4,4,False
blosum_pseudoseq,peptide_disjoint,mse,all,HLA-A*24:03,spearman,,2,2,False
blosum_pseudoseq,peptide_disjoint,mse,all,HLA-A*24:03,pearson_log,,2,2,False
blosum_pseudoseq,peptide_disjoint,mse,all,HLA-A*24:03,auc_gt_2h,,2,2,False
blosum_pseudoseq,peptide_disjoint,mse,all,HLA-A*24:07,spearman,,2,2,False
blosum_pseudoseq,peptide_disjoint,mse,all,HLA-A*24:07,pearson_log,,2,2,False
blosum_pseudoseq,peptide_disjoint,mse,all,HLA-A*24:07,auc_gt_2h,0.0,2,2,False
blosum_pseudoseq,peptide_disjoint,mse,all,HLA-A*24:19,spearman,1.0,3,3,False
blosum_pseudoseq,peptide_disjoint,mse,all,HLA-A*24:19,pearson_log,0.7832020274785645,3,3,False
blosum_pseudoseq,peptide_disjoint,mse,all,HLA-A*24:19,auc_gt_2h,,3,3,False
blosum_pseudoseq,peptide_disjoint,mse,all,HLA-A*25:01,spearman,,1,1,True
blosum_pseudoseq,peptide_disjoint,mse,all,HLA-A*25:01,pearson_log,,1,1,True
blosum_pseudoseq,peptide_disjoint,mse,all,HLA-A*25:01,auc_gt_2h,,1,1,True
blosum_pseudoseq,peptide_disjoint,mse,all,HLA-A*26:01,spearman,-1.0,3,3,False
blosum_pseudoseq,peptide_disjoint,mse,all,HLA-A*26:01,pearson_log,-0.885775553771463,3,3,False
blosum_pseudoseq,peptide_disjoint,mse,all,HLA-A*26:01,auc_gt_2h,,3,3,False
blosum_pseudoseq,peptide_disjoint,mse,all,HLA-A*26:02,spearman,,2,2,False
blosum_pseudoseq,peptide_disjoint,mse,all,HLA-A*26:02,pearson_log,,2,2,False
blosum_pseudoseq,peptide_disjoint,mse,all,HLA-A*26:02,auc_gt_2h,,2,2,False
blosum_pseudoseq,peptide_disjoint,mse,all,HLA-A*26:03,spearman,,1,1,True
blosum_pseudoseq,peptide_disjoint,mse,all,HLA-A*26:03,pearson_log,,1,1,True
blosum_pseudoseq,peptide_disjoint,mse,all,HLA-A*26:03,auc_gt_2h,,1,1,True
blosum_pseudoseq,peptide_disjoint,mse,all,HLA-A*29:02,spearman,0.8999999999999998,5,5,False
blosum_pseudoseq,peptide_disjoint,mse,all,HLA-A*29:02,pearson_log,0.7348394427372577,5,5,False
blosum_pseudoseq,peptide_disjoint,mse,all,HLA-A*29:02,auc_gt_2h,1.0,5,5,False
blosum_pseudoseq,peptide_disjoint,mse,all,HLA-A*30:01,spearman,,2,2,False
blosum_pseudoseq,peptide_disjoint,mse,all,HLA-A*30:01,pearson_log,,2,2,False
blosum_pseudoseq,peptide_disjoint,mse,all,HLA-A*30:01,auc_gt_2h,,2,2,False
blosum_pseudoseq,peptide_disjoint,mse,all,HLA-A*30:02,spearman,,2,2,False
blosum_pseudoseq,peptide_disjoint,mse,all,HLA-A*30:02,pearson_log,,2,2,False
blosum_pseudoseq,peptide_disjoint,mse,all,HLA-A*30:02,auc_gt_2h,0.0,2,2,False
blosum_pseudoseq,peptide_disjoint,mse,all,HLA-A*31:01,spearman,0.8660254037844387,3,3,False
blosum_pseudoseq,peptide_disjoint,mse,all,HLA-A*31:01,pearson_log,0.9923627192433396,3,3,False
blosum_pseudoseq,peptide_disjoint,mse,all,HLA-A*31:01,auc_gt_2h,,3,3,False
blosum_pseudoseq,peptide_disjoint,mse,all,HLA-A*32:01,spearman,-1.0,3,3,False
blosum_pseudoseq,peptide_disjoint,mse,all,HLA-A*32:01,pearson_log,-0.9344195767700033,3,3,False
blosum_pseudoseq,peptide_disjoint,mse,all,HLA-A*32:01,auc_gt_2h,0.0,3,3,False
blosum_pseudoseq,peptide_disjoint,mse,all,HLA-A*32:07,spearman,0.5,3,3,False
blosum_pseudoseq,peptide_disjoint,mse,all,HLA-A*32:07,pearson_log,0.3170138637347348,3,3,False
blosum_pseudoseq,peptide_disjoint,mse,all,HLA-A*32:07,auc_gt_2h,1.0,3,3,False
blosum_pseudoseq,peptide_disjoint,mse,all,HLA-A*33:03,spearman,,2,2,False
blosum_pseudoseq,peptide_disjoint,mse,all,HLA-A*33:03,pearson_log,,2,2,False
blosum_pseudoseq,peptide_disjoint,mse,all,HLA-A*33:03,auc_gt_2h,1.0,2,2,False
blosum_pseudoseq,peptide_disjoint,mse,all,HLA-A*43:01,spearman,0.02898855178262242,6,6,False
blosum_pseudoseq,peptide_disjoint,mse,all,HLA-A*43:01,pearson_log,0.21389734414847345,6,6,False
blosum_pseudoseq,peptide_disjoint,mse,all,HLA-A*43:01,auc_gt_2h,0.6,6,6,False
blosum_pseudoseq,peptide_disjoint,mse,all,HLA-A*66:01,spearman,,1,1,True
blosum_pseudoseq,peptide_disjoint,mse,all,HLA-A*66:01,pearson_log,,1,1,True
blosum_pseudoseq,peptide_disjoint,mse,all,HLA-A*66:01,auc_gt_2h,,1,1,True
blosum_pseudoseq,peptide_disjoint,mse,all,HLA-A*68:01,spearman,-0.5642880936468347,5,5,False
blosum_pseudoseq,peptide_disjoint,mse,all,HLA-A*68:01,pearson_log,-0.3907029811489797,5,5,False
blosum_pseudoseq,peptide_disjoint,mse,all,HLA-A*68:01,auc_gt_2h,0.0,5,5,False
blosum_pseudoseq,peptide_disjoint,mse,all,HLA-A*68:02,spearman,0.09999999999999999,5,5,False
blosum_pseudoseq,peptide_disjoint,mse,all,HLA-A*68:02,pearson_log,0.12489404488196104,5,5,False
blosum_pseudoseq,peptide_disjoint,mse,all,HLA-A*68:02,auc_gt_2h,,5,5,False
blosum_pseudoseq,peptide_disjoint,mse,all,HLA-A*68:23,spearman,-0.9486832980505139,4,4,False
blosum_pseudoseq,peptide_disjoint,mse,all,HLA-A*68:23,pearson_log,-0.8223778261583188,4,4,False
blosum_pseudoseq,peptide_disjoint,mse,all,HLA-A*68:23,auc_gt_2h,,4,4,False
blosum_pseudoseq,peptide_disjoint,mse,all,HLA-A*69:01,spearman,0.5642880936468347,5,5,False
blosum_pseudoseq,peptide_disjoint,mse,all,HLA-A*69:01,pearson_log,0.33197083855630716,5,5,False
blosum_pseudoseq,peptide_disjoint,mse,all,HLA-A*69:01,auc_gt_2h,,5,5,False
blosum_pseudoseq,peptide_disjoint,mse,all,HLA-A*74:01,spearman,,1,1,True
blosum_pseudoseq,peptide_disjoint,mse,all,HLA-A*74:01,pearson_log,,1,1,True
blosum_pseudoseq,peptide_disjoint,mse,all,HLA-A*74:01,auc_gt_2h,,1,1,True
blosum_pseudoseq,peptide_disjoint,mse,all,HLA-A*80:01,spearman,,2,2,False
blosum_pseudoseq,peptide_disjoint,mse,all,HLA-A*80:01,pearson_log,,2,2,False
blosum_pseudoseq,peptide_disjoint,mse,all,HLA-A*80:01,auc_gt_2h,,2,2,False
blosum_pseudoseq,peptide_disjoint,mse,all,HLA-B*07:02,spearman,0.0,5,5,False
blosum_pseudoseq,peptide_disjoint,mse,all,HLA-B*07:02,pearson_log,0.20927575791653114,5,5,False
blosum_pseudoseq,peptide_disjoint,mse,all,HLA-B*07:02,auc_gt_2h,0.6666666666666666,5,5,False
blosum_pseudoseq,peptide_disjoint,mse,all,HLA-B*08:01,spearman,,2,2,False
blosum_pseudoseq,peptide_disjoint,mse,all,HLA-B*08:01,pearson_log,,2,2,False
blosum_pseudoseq,peptide_disjoint,mse,all,HLA-B*08:01,auc_gt_2h,,2,2,False
blosum_pseudoseq,peptide_disjoint,mse,all,HLA-B*08:03,spearman,,2,2,False
blosum_pseudoseq,peptide_disjoint,mse,all,HLA-B*08:03,pearson_log,,2,2,False
blosum_pseudoseq,peptide_disjoint,mse,all,HLA-B*08:03,auc_gt_2h,0.0,2,2,False
blosum_pseudoseq,peptide_disjoint,mse,all,HLA-B*13:02,spearman,,2,2,False
blosum_pseudoseq,peptide_disjoint,mse,all,HLA-B*13:02,pearson_log,,2,2,False
blosum_pseudoseq,peptide_disjoint,mse,all,HLA-B*13:02,auc_gt_2h,0.0,2,2,False
blosum_pseudoseq,peptide_disjoint,mse,all,HLA-B*14:01(C67S),spearman,,1,1,True
blosum_pseudoseq,peptide_disjoint,mse,all,HLA-B*14:01(C67S),pearson_log,,1,1,True
blosum_pseudoseq,peptide_disjoint,mse,all,HLA-B*14:01(C67S),auc_gt_2h,,1,1,True
blosum_pseudoseq,peptide_disjoint,mse,all,HLA-B*14:02(C67S),spearman,,1,1,True
blosum_pseudoseq,peptide_disjoint,mse,all,HLA-B*14:02(C67S),pearson_log,,1,1,True
blosum_pseudoseq,peptide_disjoint,mse,all,HLA-B*14:02(C67S),auc_gt_2h,,1,1,True
blosum_pseudoseq,peptide_disjoint,mse,all,HLA-B*15:01,spearman,-0.19999999999999998,4,4,False
blosum_pseudoseq,peptide_disjoint,mse,all,HLA-B*15:01,pearson_log,-0.9522174160929613,4,4,False
blosum_pseudoseq,peptide_disjoint,mse,all,HLA-B*15:01,auc_gt_2h,0.0,4,4,False
blosum_pseudoseq,peptide_disjoint,mse,all,HLA-B*15:10,spearman,,2,2,False
blosum_pseudoseq,peptide_disjoint,mse,all,HLA-B*15:10,pearson_log,,2,2,False
blosum_pseudoseq,peptide_disjoint,mse,all,HLA-B*15:10,auc_gt_2h,1.0,2,2,False
blosum_pseudoseq,peptide_disjoint,mse,all,HLA-B*18:01,spearman,,2,2,False
blosum_pseudoseq,peptide_disjoint,mse,all,HLA-B*18:01,pearson_log,,2,2,False
blosum_pseudoseq,peptide_disjoint,mse,all,HLA-B*18:01,auc_gt_2h,,2,2,False
blosum_pseudoseq,peptide_disjoint,mse,all,HLA-B*27:02,spearman,1.0,3,3,False
blosum_pseudoseq,peptide_disjoint,mse,all,HLA-B*27:02,pearson_log,0.9664009668984767,3,3,False
blosum_pseudoseq,peptide_disjoint,mse,all,HLA-B*27:02,auc_gt_2h,1.0,3,3,False
blosum_pseudoseq,peptide_disjoint,mse,all,HLA-B*27:03,spearman,1.0,3,3,False
blosum_pseudoseq,peptide_disjoint,mse,all,HLA-B*27:03,pearson_log,0.9996042198893904,3,3,False
blosum_pseudoseq,peptide_disjoint,mse,all,HLA-B*27:03,auc_gt_2h,1.0,3,3,False
blosum_pseudoseq,peptide_disjoint,mse,all,HLA-B*27:05,spearman,,2,2,False
blosum_pseudoseq,peptide_disjoint,mse,all,HLA-B*27:05,pearson_log,,2,2,False
blosum_pseudoseq,peptide_disjoint,mse,all,HLA-B*27:05,auc_gt_2h,,2,2,False
blosum_pseudoseq,peptide_disjoint,mse,all,HLA-B*27:20,spearman,-1.0,3,3,False
blosum_pseudoseq,peptide_disjoint,mse,all,HLA-B*27:20,pearson_log,-0.968351852800164,3,3,False
blosum_pseudoseq,peptide_disjoint,mse,all,HLA-B*27:20,auc_gt_2h,0.0,3,3,False
blosum_pseudoseq,peptide_disjoint,mse,all,HLA-B*35:01,spearman,,2,2,False
blosum_pseudoseq,peptide_disjoint,mse,all,HLA-B*35:01,pearson_log,,2,2,False
blosum_pseudoseq,peptide_disjoint,mse,all,HLA-B*35:01,auc_gt_2h,0.0,2,2,False
blosum_pseudoseq,peptide_disjoint,mse,all,HLA-B*35:03,spearman,,2,2,False
blosum_pseudoseq,peptide_disjoint,mse,all,HLA-B*35:03,pearson_log,,2,2,False
blosum_pseudoseq,peptide_disjoint,mse,all,HLA-B*35:03,auc_gt_2h,1.0,2,2,False
blosum_pseudoseq,peptide_disjoint,mse,all,HLA-B*35:08,spearman,-0.8660254037844387,3,3,False
blosum_pseudoseq,peptide_disjoint,mse,all,HLA-B*35:08,pearson_log,-0.5960392994079462,3,3,False
blosum_pseudoseq,peptide_disjoint,mse,all,HLA-B*35:08,auc_gt_2h,0.0,3,3,False
blosum_pseudoseq,peptide_disjoint,mse,all,HLA-B*39:01,spearman,0.35909242322980395,5,5,False
blosum_pseudoseq,peptide_disjoint,mse,all,HLA-B*39:01,pearson_log,0.3442358228976434,5,5,False
blosum_pseudoseq,peptide_disjoint,mse,all,HLA-B*39:01,auc_gt_2h,1.0,5,5,False
blosum_pseudoseq,peptide_disjoint,mse,all,HLA-B*39:02,spearman,,1,1,True
blosum_pseudoseq,peptide_disjoint,mse,all,HLA-B*39:02,pearson_log,,1,1,True
blosum_pseudoseq,peptide_disjoint,mse,all,HLA-B*39:02,auc_gt_2h,,1,1,True
blosum_pseudoseq,peptide_disjoint,mse,all,HLA-B*39:06(C67S),spearman,0.8660254037844387,3,3,False
blosum_pseudoseq,peptide_disjoint,mse,all,HLA-B*39:06(C67S),pearson_log,0.66386073547829,3,3,False
blosum_pseudoseq,peptide_disjoint,mse,all,HLA-B*39:06(C67S),auc_gt_2h,1.0,3,3,False
blosum_pseudoseq,peptide_disjoint,mse,all,HLA-B*39:10,spearman,,1,1,True
blosum_pseudoseq,peptide_disjoint,mse,all,HLA-B*39:10,pearson_log,,1,1,True
blosum_pseudoseq,peptide_disjoint,mse,all,HLA-B*39:10,auc_gt_2h,,1,1,True
blosum_pseudoseq,peptide_disjoint,mse,all,HLA-B*40:01,spearman,,2,2,False
blosum_pseudoseq,peptide_disjoint,mse,all,HLA-B*40:01,pearson_log,,2,2,False
blosum_pseudoseq,peptide_disjoint,mse,all,HLA-B*40:01,auc_gt_2h,,2,2,False
blosum_pseudoseq,peptide_disjoint,mse,all,HLA-B*40:02,spearman,,2,2,False
blosum_pseudoseq,peptide_disjoint,mse,all,HLA-B*40:02,pearson_log,,2,2,False
blosum_pseudoseq,peptide_disjoint,mse,all,HLA-B*40:02,auc_gt_2h,0.0,2,2,False
blosum_pseudoseq,peptide_disjoint,mse,all,HLA-B*41:01,spearman,0.8660254037844387,3,3,False
blosum_pseudoseq,peptide_disjoint,mse,all,HLA-B*41:01,pearson_log,0.9241616175836884,3,3,False
blosum_pseudoseq,peptide_disjoint,mse,all,HLA-B*41:01,auc_gt_2h,,3,3,False
blosum_pseudoseq,peptide_disjoint,mse,all,HLA-B*42:01,spearman,,1,1,True
blosum_pseudoseq,peptide_disjoint,mse,all,HLA-B*42:01,pearson_log,,1,1,True
blosum_pseudoseq,peptide_disjoint,mse,all,HLA-B*42:01,auc_gt_2h,,1,1,True
blosum_pseudoseq,peptide_disjoint,mse,all,HLA-B*42:02,spearman,-0.5,3,3,False
blosum_pseudoseq,peptide_disjoint,mse,all,HLA-B*42:02,pearson_log,-0.9073076850572886,3,3,False
blosum_pseudoseq,peptide_disjoint,mse,all,HLA-B*42:02,auc_gt_2h,0.5,3,3,False
blosum_pseudoseq,peptide_disjoint,mse,all,HLA-B*44:05,spearman,,1,1,True
blosum_pseudoseq,peptide_disjoint,mse,all,HLA-B*44:05,pearson_log,,1,1,True
blosum_pseudoseq,peptide_disjoint,mse,all,HLA-B*44:05,auc_gt_2h,,1,1,True
blosum_pseudoseq,peptide_disjoint,mse,all,HLA-B*45:01,spearman,,2,2,False
blosum_pseudoseq,peptide_disjoint,mse,all,HLA-B*45:01,pearson_log,,2,2,False
blosum_pseudoseq,peptide_disjoint,mse,all,HLA-B*45:01,auc_gt_2h,,2,2,False
blosum_pseudoseq,peptide_disjoint,mse,all,HLA-B*51:01,spearman,,1,1,True
blosum_pseudoseq,peptide_disjoint,mse,all,HLA-B*51:01,pearson_log,,1,1,True
blosum_pseudoseq,peptide_disjoint,mse,all,HLA-B*51:01,auc_gt_2h,,1,1,True
blosum_pseudoseq,peptide_disjoint,mse,all,HLA-B*54:01,spearman,0.753702346348183,6,6,False
blosum_pseudoseq,peptide_disjoint,mse,all,HLA-B*54:01,pearson_log,0.762230855295783,6,6,False
blosum_pseudoseq,peptide_disjoint,mse,all,HLA-B*54:01,auc_gt_2h,1.0,6,6,False
blosum_pseudoseq,peptide_disjoint,mse,all,HLA-B*55:01,spearman,,1,1,True
blosum_pseudoseq,peptide_disjoint,mse,all,HLA-B*55:01,pearson_log,,1,1,True
blosum_pseudoseq,peptide_disjoint,mse,all,HLA-B*55:01,auc_gt_2h,,1,1,True
blosum_pseudoseq,peptide_disjoint,mse,all,HLA-B*56:01,spearman,0.8660254037844387,3,3,False
blosum_pseudoseq,peptide_disjoint,mse,all,HLA-B*56:01,pearson_log,0.7148888946440553,3,3,False
blosum_pseudoseq,peptide_disjoint,mse,all,HLA-B*56:01,auc_gt_2h,,3,3,False
blosum_pseudoseq,peptide_disjoint,mse,all,HLA-B*57:01,spearman,,1,1,True
blosum_pseudoseq,peptide_disjoint,mse,all,HLA-B*57:01,pearson_log,,1,1,True
blosum_pseudoseq,peptide_disjoint,mse,all,HLA-B*57:01,auc_gt_2h,,1,1,True
blosum_pseudoseq,peptide_disjoint,mse,all,HLA-B*57:02,spearman,-0.5,3,3,False
blosum_pseudoseq,peptide_disjoint,mse,all,HLA-B*57:02,pearson_log,-0.5617014619101226,3,3,False
blosum_pseudoseq,peptide_disjoint,mse,all,HLA-B*57:02,auc_gt_2h,,3,3,False
blosum_pseudoseq,peptide_disjoint,mse,all,HLA-B*57:03,spearman,,2,2,False
blosum_pseudoseq,peptide_disjoint,mse,all,HLA-B*57:03,pearson_log,,2,2,False
blosum_pseudoseq,peptide_disjoint,mse,all,HLA-B*57:03,auc_gt_2h,1.0,2,2,False
blosum_pseudoseq,peptide_disjoint,mse,all,HLA-B*58:01,spearman,0.7,5,5,False
blosum_pseudoseq,peptide_disjoint,mse,all,HLA-B*58:01,pearson_log,0.8266538489137205,5,5,False
blosum_pseudoseq,peptide_disjoint,mse,all,HLA-B*58:01,auc_gt_2h,1.0,5,5,False
blosum_pseudoseq,peptide_disjoint,mse,all,HLA-B*81:01,spearman,0.2,6,6,False
blosum_pseudoseq,peptide_disjoint,mse,all,HLA-B*81:01,pearson_log,0.7295041139669747,6,6,False
blosum_pseudoseq,peptide_disjoint,mse,all,HLA-B*81:01,auc_gt_2h,,6,6,False
blosum_pseudoseq,peptide_disjoint,mse,nonzero,HLA-A*01:01,spearman,,2,2,False
blosum_pseudoseq,peptide_disjoint,mse,nonzero,HLA-A*01:01,pearson_log,,2,2,False
blosum_pseudoseq,peptide_disjoint,mse,nonzero,HLA-A*01:01,auc_gt_2h,1.0,2,2,False
blosum_pseudoseq,peptide_disjoint,mse,nonzero,HLA-A*02:01,spearman,0.5,3,3,False
blosum_pseudoseq,peptide_disjoint,mse,nonzero,HLA-A*02:01,pearson_log,-0.17863642361624715,3,3,False
blosum_pseudoseq,peptide_disjoint,mse,nonzero,HLA-A*02:01,auc_gt_2h,,3,3,False
blosum_pseudoseq,peptide_disjoint,mse,nonzero,HLA-A*02:03,spearman,,1,1,True
blosum_pseudoseq,peptide_disjoint,mse,nonzero,HLA-A*02:03,pearson_log,,1,1,True
blosum_pseudoseq,peptide_disjoint,mse,nonzero,HLA-A*02:03,auc_gt_2h,,1,1,True
blosum_pseudoseq,peptide_disjoint,mse,nonzero,HLA-A*02:05,spearman,0.0,5,5,False
blosum_pseudoseq,peptide_disjoint,mse,nonzero,HLA-A*02:05,pearson_log,-0.2621874148306001,5,5,False
blosum_pseudoseq,peptide_disjoint,mse,nonzero,HLA-A*02:05,auc_gt_2h,0.3333333333333333,5,5,False
blosum_pseudoseq,peptide_disjoint,mse,nonzero,HLA-A*02:10,spearman,,2,2,False
blosum_pseudoseq,peptide_disjoint,mse,nonzero,HLA-A*02:10,pearson_log,,2,2,False
blosum_pseudoseq,peptide_disjoint,mse,nonzero,HLA-A*02:10,auc_gt_2h,1.0,2,2,False
blosum_pseudoseq,peptide_disjoint,mse,nonzero,HLA-A*02:11,spearman,,2,2,False
blosum_pseudoseq,peptide_disjoint,mse,nonzero,HLA-A*02:11,pearson_log,,2,2,False
blosum_pseudoseq,peptide_disjoint,mse,nonzero,HLA-A*02:11,auc_gt_2h,,2,2,False
blosum_pseudoseq,peptide_disjoint,mse,nonzero,HLA-A*02:12,spearman,0.7999999999999999,4,4,False
blosum_pseudoseq,peptide_disjoint,mse,nonzero,HLA-A*02:12,pearson_log,0.8371990889186056,4,4,False
blosum_pseudoseq,peptide_disjoint,mse,nonzero,HLA-A*02:12,auc_gt_2h,1.0,4,4,False
blosum_pseudoseq,peptide_disjoint,mse,nonzero,HLA-A*02:19,spearman,0.49999999999999994,5,5,False
blosum_pseudoseq,peptide_disjoint,mse,nonzero,HLA-A*02:19,pearson_log,0.3433069980138435,5,5,False
blosum_pseudoseq,peptide_disjoint,mse,nonzero,HLA-A*02:19,auc_gt_2h,0.75,5,5,False
blosum_pseudoseq,peptide_disjoint,mse,nonzero,HLA-A*02:50,spearman,0.7999999999999999,4,4,False
blosum_pseudoseq,peptide_disjoint,mse,nonzero,HLA-A*02:50,pearson_log,0.8721415348209088,4,4,False
blosum_pseudoseq,peptide_disjoint,mse,nonzero,HLA-A*02:50,auc_gt_2h,,4,4,False
blosum_pseudoseq,peptide_disjoint,mse,nonzero,HLA-A*03:01,spearman,0.6,5,5,False
blosum_pseudoseq,peptide_disjoint,mse,nonzero,HLA-A*03:01,pearson_log,0.43251787399239894,5,5,False
blosum_pseudoseq,peptide_disjoint,mse,nonzero,HLA-A*03:01,auc_gt_2h,1.0,5,5,False
blosum_pseudoseq,peptide_disjoint,mse,nonzero,HLA-A*11:01,spearman,,1,1,True
blosum_pseudoseq,peptide_disjoint,mse,nonzero,HLA-A*11:01,pearson_log,,1,1,True
blosum_pseudoseq,peptide_disjoint,mse,nonzero,HLA-A*11:01,auc_gt_2h,,1,1,True
blosum_pseudoseq,peptide_disjoint,mse,nonzero,HLA-A*23:01,spearman,,2,2,False
blosum_pseudoseq,peptide_disjoint,mse,nonzero,HLA-A*23:01,pearson_log,,2,2,False
blosum_pseudoseq,peptide_disjoint,mse,nonzero,HLA-A*23:01,auc_gt_2h,1.0,2,2,False
blosum_pseudoseq,peptide_disjoint,mse,nonzero,HLA-A*24:02,spearman,0.6000000000000001,4,4,False
blosum_pseudoseq,peptide_disjoint,mse,nonzero,HLA-A*24:02,pearson_log,0.4048535179788869,4,4,False
blosum_pseudoseq,peptide_disjoint,mse,nonzero,HLA-A*24:02,auc_gt_2h,1.0,4,4,False
blosum_pseudoseq,peptide_disjoint,mse,nonzero,HLA-A*24:03,spearman,,2,2,False
blosum_pseudoseq,peptide_disjoint,mse,nonzero,HLA-A*24:03,pearson_log,,2,2,False
blosum_pseudoseq,peptide_disjoint,mse,nonzero,HLA-A*24:03,auc_gt_2h,,2,2,False
blosum_pseudoseq,peptide_disjoint,mse,nonzero,HLA-A*24:07,spearman,,2,2,False
blosum_pseudoseq,peptide_disjoint,mse,nonzero,HLA-A*24:07,pearson_log,,2,2,False
blosum_pseudoseq,peptide_disjoint,mse,nonzero,HLA-A*24:07,auc_gt_2h,0.0,2,2,False
blosum_pseudoseq,peptide_disjoint,mse,nonzero,HLA-A*24:19,spearman,,2,2,False
blosum_pseudoseq,peptide_disjoint,mse,nonzero,HLA-A*24:19,pearson_log,,2,2,False
blosum_pseudoseq,peptide_disjoint,mse,nonzero,HLA-A*24:19,auc_gt_2h,,2,2,False
blosum_pseudoseq,peptide_disjoint,mse,nonzero,HLA-A*26:01,spearman,-1.0,3,3,False
blosum_pseudoseq,peptide_disjoint,mse,nonzero,HLA-A*26:01,pearson_log,-0.885775553771463,3,3,False
blosum_pseudoseq,peptide_disjoint,mse,nonzero,HLA-A*26:01,auc_gt_2h,,3,3,False
blosum_pseudoseq,peptide_disjoint,mse,nonzero,HLA-A*26:02,spearman,,2,2,False
blosum_pseudoseq,peptide_disjoint,mse,nonzero,HLA-A*26:02,pearson_log,,2,2,False
blosum_pseudoseq,peptide_disjoint,mse,nonzero,HLA-A*26:02,auc_gt_2h,,2,2,False
blosum_pseudoseq,peptide_disjoint,mse,nonzero,HLA-A*29:02,spearman,0.8999999999999998,5,5,False
blosum_pseudoseq,peptide_disjoint,mse,nonzero,HLA-A*29:02,pearson_log,0.7348394427372577,5,5,False
blosum_pseudoseq,peptide_disjoint,mse,nonzero,HLA-A*29:02,auc_gt_2h,1.0,5,5,False
blosum_pseudoseq,peptide_disjoint,mse,nonzero,HLA-A*30:01,spearman,,2,2,False
blosum_pseudoseq,peptide_disjoint,mse,nonzero,HLA-A*30:01,pearson_log,,2,2,False
blosum_pseudoseq,peptide_disjoint,mse,nonzero,HLA-A*30:01,auc_gt_2h,,2,2,False
blosum_pseudoseq,peptide_disjoint,mse,nonzero,HLA-A*30:02,spearman,,1,1,True
blosum_pseudoseq,peptide_disjoint,mse,nonzero,HLA-A*30:02,pearson_log,,1,1,True
blosum_pseudoseq,peptide_disjoint,mse,nonzero,HLA-A*30:02,auc_gt_2h,,1,1,True
blosum_pseudoseq,peptide_disjoint,mse,nonzero,HLA-A*31:01,spearman,0.8660254037844387,3,3,False
blosum_pseudoseq,peptide_disjoint,mse,nonzero,HLA-A*31:01,pearson_log,0.9923627192433396,3,3,False
blosum_pseudoseq,peptide_disjoint,mse,nonzero,HLA-A*31:01,auc_gt_2h,,3,3,False
blosum_pseudoseq,peptide_disjoint,mse,nonzero,HLA-A*32:01,spearman,-1.0,3,3,False
blosum_pseudoseq,peptide_disjoint,mse,nonzero,HLA-A*32:01,pearson_log,-0.9344195767700033,3,3,False
blosum_pseudoseq,peptide_disjoint,mse,nonzero,HLA-A*32:01,auc_gt_2h,0.0,3,3,False
blosum_pseudoseq,peptide_disjoint,mse,nonzero,HLA-A*32:07,spearman,,2,2,False
blosum_pseudoseq,peptide_disjoint,mse,nonzero,HLA-A*32:07,pearson_log,,2,2,False
blosum_pseudoseq,peptide_disjoint,mse,nonzero,HLA-A*32:07,auc_gt_2h,1.0,2,2,False
blosum_pseudoseq,peptide_disjoint,mse,nonzero,HLA-A*33:03,spearman,,1,1,True
blosum_pseudoseq,peptide_disjoint,mse,nonzero,HLA-A*33:03,pearson_log,,1,1,True
blosum_pseudoseq,peptide_disjoint,mse,nonzero,HLA-A*33:03,auc_gt_2h,,1,1,True
blosum_pseudoseq,peptide_disjoint,mse,nonzero,HLA-A*43:01,spearman,0.6000000000000001,4,4,False
blosum_pseudoseq,peptide_disjoint,mse,nonzero,HLA-A*43:01,pearson_log,0.7291469713630483,4,4,False
blosum_pseudoseq,peptide_disjoint,mse,nonzero,HLA-A*43:01,auc_gt_2h,0.6666666666666667,4,4,False
blosum_pseudoseq,peptide_disjoint,mse,nonzero,HLA-A*66:01,spearman,,1,1,True
blosum_pseudoseq,peptide_disjoint,mse,nonzero,HLA-A*66:01,pearson_log,,1,1,True
blosum_pseudoseq,peptide_disjoint,mse,nonzero,HLA-A*66:01,auc_gt_2h,,1,1,True
blosum_pseudoseq,peptide_disjoint,mse,nonzero,HLA-A*68:01,spearman,-0.5,3,3,False
blosum_pseudoseq,peptide_disjoint,mse,nonzero,HLA-A*68:01,pearson_log,-0.8037353099492984,3,3,False
blosum_pseudoseq,peptide_disjoint,mse,nonzero,HLA-A*68:01,auc_gt_2h,0.0,3,3,False
blosum_pseudoseq,peptide_disjoint,mse,nonzero,HLA-A*68:02,spearman,0.09999999999999999,5,5,False
blosum_pseudoseq,peptide_disjoint,mse,nonzero,HLA-A*68:02,pearson_log,0.12489404488196104,5,5,False
blosum_pseudoseq,peptide_disjoint,mse,nonzero,HLA-A*68:02,auc_gt_2h,,5,5,False
blosum_pseudoseq,peptide_disjoint,mse,nonzero,HLA-A*68:23,spearman,-0.9486832980505139,4,4,False
blosum_pseudoseq,peptide_disjoint,mse,nonzero,HLA-A*68:23,pearson_log,-0.8223778261583188,4,4,False
blosum_pseudoseq,peptide_disjoint,mse,nonzero,HLA-A*68:23,auc_gt_2h,,4,4,False
blosum_pseudoseq,peptide_disjoint,mse,nonzero,HLA-A*69:01,spearman,0.7378647873726218,4,4,False
blosum_pseudoseq,peptide_disjoint,mse,nonzero,HLA-A*69:01,pearson_log,0.9224447896613017,4,4,False
blosum_pseudoseq,peptide_disjoint,mse,nonzero,HLA-A*69:01,auc_gt_2h,,4,4,False
blosum_pseudoseq,peptide_disjoint,mse,nonzero,HLA-A*80:01,spearman,,2,2,False
blosum_pseudoseq,peptide_disjoint,mse,nonzero,HLA-A*80:01,pearson_log,,2,2,False
blosum_pseudoseq,peptide_disjoint,mse,nonzero,HLA-A*80:01,auc_gt_2h,,2,2,False
blosum_pseudoseq,peptide_disjoint,mse,nonzero,HLA-B*07:02,spearman,0.0,5,5,False
blosum_pseudoseq,peptide_disjoint,mse,nonzero,HLA-B*07:02,pearson_log,0.20927575791653114,5,5,False
blosum_pseudoseq,peptide_disjoint,mse,nonzero,HLA-B*07:02,auc_gt_2h,0.6666666666666666,5,5,False
blosum_pseudoseq,peptide_disjoint,mse,nonzero,HLA-B*08:01,spearman,,2,2,False
blosum_pseudoseq,peptide_disjoint,mse,nonzero,HLA-B*08:01,pearson_log,,2,2,False
blosum_pseudoseq,peptide_disjoint,mse,nonzero,HLA-B*08:01,auc_gt_2h,,2,2,False
blosum_pseudoseq,peptide_disjoint,mse,nonzero,HLA-B*08:03,spearman,,2,2,False
blosum_pseudoseq,peptide_disjoint,mse,nonzero,HLA-B*08:03,pearson_log,,2,2,False
blosum_pseudoseq,peptide_disjoint,mse,nonzero,HLA-B*08:03,auc_gt_2h,0.0,2,2,False
blosum_pseudoseq,peptide_disjoint,mse,nonzero,HLA-B*13:02,spearman,,1,1,True
blosum_pseudoseq,peptide_disjoint,mse,nonzero,HLA-B*13:02,pearson_log,,1,1,True
blosum_pseudoseq,peptide_disjoint,mse,nonzero,HLA-B*13:02,auc_gt_2h,,1,1,True
blosum_pseudoseq,peptide_disjoint,mse,nonzero,HLA-B*15:01,spearman,-0.19999999999999998,4,4,False
blosum_pseudoseq,peptide_disjoint,mse,nonzero,HLA-B*15:01,pearson_log,-0.9522174160929613,4,4,False
blosum_pseudoseq,peptide_disjoint,mse,nonzero,HLA-B*15:01,auc_gt_2h,0.0,4,4,False
blosum_pseudoseq,peptide_disjoint,mse,nonzero,HLA-B*15:10,spearman,,2,2,False
blosum_pseudoseq,peptide_disjoint,mse,nonzero,HLA-B*15:10,pearson_log,,2,2,False
blosum_pseudoseq,peptide_disjoint,mse,nonzero,HLA-B*15:10,auc_gt_2h,1.0,2,2,False
blosum_pseudoseq,peptide_disjoint,mse,nonzero,HLA-B*18:01,spearman,,2,2,False
blosum_pseudoseq,peptide_disjoint,mse,nonzero,HLA-B*18:01,pearson_log,,2,2,False
blosum_pseudoseq,peptide_disjoint,mse,nonzero,HLA-B*18:01,auc_gt_2h,,2,2,False
blosum_pseudoseq,peptide_disjoint,mse,nonzero,HLA-B*27:02,spearman,1.0,3,3,False
blosum_pseudoseq,peptide_disjoint,mse,nonzero,HLA-B*27:02,pearson_log,0.9664009668984767,3,3,False
blosum_pseudoseq,peptide_disjoint,mse,nonzero,HLA-B*27:02,auc_gt_2h,1.0,3,3,False
blosum_pseudoseq,peptide_disjoint,mse,nonzero,HLA-B*27:03,spearman,,2,2,False
blosum_pseudoseq,peptide_disjoint,mse,nonzero,HLA-B*27:03,pearson_log,,2,2,False
blosum_pseudoseq,peptide_disjoint,mse,nonzero,HLA-B*27:03,auc_gt_2h,,2,2,False
blosum_pseudoseq,peptide_disjoint,mse,nonzero,HLA-B*27:05,spearman,,1,1,True
blosum_pseudoseq,peptide_disjoint,mse,nonzero,HLA-B*27:05,pearson_log,,1,1,True
blosum_pseudoseq,peptide_disjoint,mse,nonzero,HLA-B*27:05,auc_gt_2h,,1,1,True
blosum_pseudoseq,peptide_disjoint,mse,nonzero,HLA-B*27:20,spearman,-1.0,3,3,False
blosum_pseudoseq,peptide_disjoint,mse,nonzero,HLA-B*27:20,pearson_log,-0.968351852800164,3,3,False
blosum_pseudoseq,peptide_disjoint,mse,nonzero,HLA-B*27:20,auc_gt_2h,0.0,3,3,False
blosum_pseudoseq,peptide_disjoint,mse,nonzero,HLA-B*35:01,spearman,,1,1,True
blosum_pseudoseq,peptide_disjoint,mse,nonzero,HLA-B*35:01,pearson_log,,1,1,True
blosum_pseudoseq,peptide_disjoint,mse,nonzero,HLA-B*35:01,auc_gt_2h,,1,1,True
blosum_pseudoseq,peptide_disjoint,mse,nonzero,HLA-B*35:03,spearman,,2,2,False
blosum_pseudoseq,peptide_disjoint,mse,nonzero,HLA-B*35:03,pearson_log,,2,2,False
blosum_pseudoseq,peptide_disjoint,mse,nonzero,HLA-B*35:03,auc_gt_2h,1.0,2,2,False
blosum_pseudoseq,peptide_disjoint,mse,nonzero,HLA-B*35:08,spearman,-0.8660254037844387,3,3,False
blosum_pseudoseq,peptide_disjoint,mse,nonzero,HLA-B*35:08,pearson_log,-0.5960392994079462,3,3,False
blosum_pseudoseq,peptide_disjoint,mse,nonzero,HLA-B*35:08,auc_gt_2h,0.0,3,3,False
blosum_pseudoseq,peptide_disjoint,mse,nonzero,HLA-B*39:01,spearman,0.9486832980505139,4,4,False
blosum_pseudoseq,peptide_disjoint,mse,nonzero,HLA-B*39:01,pearson_log,0.8414719602053956,4,4,False
blosum_pseudoseq,peptide_disjoint,mse,nonzero,HLA-B*39:01,auc_gt_2h,1.0,4,4,False
blosum_pseudoseq,peptide_disjoint,mse,nonzero,HLA-B*39:02,spearman,,1,1,True
blosum_pseudoseq,peptide_disjoint,mse,nonzero,HLA-B*39:02,pearson_log,,1,1,True
blosum_pseudoseq,peptide_disjoint,mse,nonzero,HLA-B*39:02,auc_gt_2h,,1,1,True
blosum_pseudoseq,peptide_disjoint,mse,nonzero,HLA-B*39:06(C67S),spearman,,1,1,True
blosum_pseudoseq,peptide_disjoint,mse,nonzero,HLA-B*39:06(C67S),pearson_log,,1,1,True
blosum_pseudoseq,peptide_disjoint,mse,nonzero,HLA-B*39:06(C67S),auc_gt_2h,,1,1,True
blosum_pseudoseq,peptide_disjoint,mse,nonzero,HLA-B*39:10,spearman,,1,1,True
blosum_pseudoseq,peptide_disjoint,mse,nonzero,HLA-B*39:10,pearson_log,,1,1,True
blosum_pseudoseq,peptide_disjoint,mse,nonzero,HLA-B*39:10,auc_gt_2h,,1,1,True
blosum_pseudoseq,peptide_disjoint,mse,nonzero,HLA-B*40:01,spearman,,2,2,False
blosum_pseudoseq,peptide_disjoint,mse,nonzero,HLA-B*40:01,pearson_log,,2,2,False
blosum_pseudoseq,peptide_disjoint,mse,nonzero,HLA-B*40:01,auc_gt_2h,,2,2,False
blosum_pseudoseq,peptide_disjoint,mse,nonzero,HLA-B*40:02,spearman,,2,2,False
blosum_pseudoseq,peptide_disjoint,mse,nonzero,HLA-B*40:02,pearson_log,,2,2,False
blosum_pseudoseq,peptide_disjoint,mse,nonzero,HLA-B*40:02,auc_gt_2h,0.0,2,2,False
blosum_pseudoseq,peptide_disjoint,mse,nonzero,HLA-B*41:01,spearman,,2,2,False
blosum_pseudoseq,peptide_disjoint,mse,nonzero,HLA-B*41:01,pearson_log,,2,2,False
blosum_pseudoseq,peptide_disjoint,mse,nonzero,HLA-B*41:01,auc_gt_2h,,2,2,False
blosum_pseudoseq,peptide_disjoint,mse,nonzero,HLA-B*42:01,spearman,,1,1,True
blosum_pseudoseq,peptide_disjoint,mse,nonzero,HLA-B*42:01,pearson_log,,1,1,True
blosum_pseudoseq,peptide_disjoint,mse,nonzero,HLA-B*42:01,auc_gt_2h,,1,1,True
blosum_pseudoseq,peptide_disjoint,mse,nonzero,HLA-B*42:02,spearman,-0.5,3,3,False
blosum_pseudoseq,peptide_disjoint,mse,nonzero,HLA-B*42:02,pearson_log,-0.9073076850572886,3,3,False
blosum_pseudoseq,peptide_disjoint,mse,nonzero,HLA-B*42:02,auc_gt_2h,0.5,3,3,False
blosum_pseudoseq,peptide_disjoint,mse,nonzero,HLA-B*44:05,spearman,,1,1,True
blosum_pseudoseq,peptide_disjoint,mse,nonzero,HLA-B*44:05,pearson_log,,1,1,True
blosum_pseudoseq,peptide_disjoint,mse,nonzero,HLA-B*44:05,auc_gt_2h,,1,1,True
blosum_pseudoseq,peptide_disjoint,mse,nonzero,HLA-B*51:01,spearman,,1,1,True
blosum_pseudoseq,peptide_disjoint,mse,nonzero,HLA-B*51:01,pearson_log,,1,1,True
blosum_pseudoseq,peptide_disjoint,mse,nonzero,HLA-B*51:01,auc_gt_2h,,1,1,True
blosum_pseudoseq,peptide_disjoint,mse,nonzero,HLA-B*54:01,spearman,0.7999999999999999,4,4,False
blosum_pseudoseq,peptide_disjoint,mse,nonzero,HLA-B*54:01,pearson_log,0.8886392670518175,4,4,False
blosum_pseudoseq,peptide_disjoint,mse,nonzero,HLA-B*54:01,auc_gt_2h,1.0,4,4,False
blosum_pseudoseq,peptide_disjoint,mse,nonzero,HLA-B*56:01,spearman,,2,2,False
blosum_pseudoseq,peptide_disjoint,mse,nonzero,HLA-B*56:01,pearson_log,,2,2,False
blosum_pseudoseq,peptide_disjoint,mse,nonzero,HLA-B*56:01,auc_gt_2h,,2,2,False
blosum_pseudoseq,peptide_disjoint,mse,nonzero,HLA-B*57:01,spearman,,1,1,True
blosum_pseudoseq,peptide_disjoint,mse,nonzero,HLA-B*57:01,pearson_log,,1,1,True
blosum_pseudoseq,peptide_disjoint,mse,nonzero,HLA-B*57:01,auc_gt_2h,,1,1,True
blosum_pseudoseq,peptide_disjoint,mse,nonzero,HLA-B*57:02,spearman,-0.5,3,3,False
blosum_pseudoseq,peptide_disjoint,mse,nonzero,HLA-B*57:02,pearson_log,-0.5617014619101226,3,3,False
blosum_pseudoseq,peptide_disjoint,mse,nonzero,HLA-B*57:02,auc_gt_2h,,3,3,False
blosum_pseudoseq,peptide_disjoint,mse,nonzero,HLA-B*57:03,spearman,,2,2,False
blosum_pseudoseq,peptide_disjoint,mse,nonzero,HLA-B*57:03,pearson_log,,2,2,False
blosum_pseudoseq,peptide_disjoint,mse,nonzero,HLA-B*57:03,auc_gt_2h,1.0,2,2,False
blosum_pseudoseq,peptide_disjoint,mse,nonzero,HLA-B*58:01,spearman,0.7,5,5,False
blosum_pseudoseq,peptide_disjoint,mse,nonzero,HLA-B*58:01,pearson_log,0.8266538489137205,5,5,False
blosum_pseudoseq,peptide_disjoint,mse,nonzero,HLA-B*58:01,auc_gt_2h,1.0,5,5,False
blosum_pseudoseq,peptide_disjoint,mse,nonzero,HLA-B*81:01,spearman,-0.39999999999999997,5,5,False
blosum_pseudoseq,peptide_disjoint,mse,nonzero,HLA-B*81:01,pearson_log,0.07451827109920911,5,5,False
blosum_pseudoseq,peptide_disjoint,mse,nonzero,HLA-B*81:01,auc_gt_2h,,5,5,False
blosum_pseudoseq,peptide_disjoint,ranking,all,HLA-A*01:01,spearman,,2,2,False
blosum_pseudoseq,peptide_disjoint,ranking,all,HLA-A*01:01,pearson_log,,2,2,False
blosum_pseudoseq,peptide_disjoint,ranking,all,HLA-A*01:01,auc_gt_2h,1.0,2,2,False
blosum_pseudoseq,peptide_disjoint,ranking,all,HLA-A*02:01,spearman,-0.5,3,3,False
blosum_pseudoseq,peptide_disjoint,ranking,all,HLA-A*02:01,pearson_log,-0.3529765624770012,3,3,False
blosum_pseudoseq,peptide_disjoint,ranking,all,HLA-A*02:01,auc_gt_2h,,3,3,False
blosum_pseudoseq,peptide_disjoint,ranking,all,HLA-A*02:03,spearman,,2,2,False
blosum_pseudoseq,peptide_disjoint,ranking,all,HLA-A*02:03,pearson_log,,2,2,False
blosum_pseudoseq,peptide_disjoint,ranking,all,HLA-A*02:03,auc_gt_2h,0.0,2,2,False
blosum_pseudoseq,peptide_disjoint,ranking,all,HLA-A*02:05,spearman,0.09999999999999999,5,5,False
blosum_pseudoseq,peptide_disjoint,ranking,all,HLA-A*02:05,pearson_log,0.18148646258146547,5,5,False
blosum_pseudoseq,peptide_disjoint,ranking,all,HLA-A*02:05,auc_gt_2h,0.5,5,5,False
blosum_pseudoseq,peptide_disjoint,ranking,all,HLA-A*02:10,spearman,,2,2,False
blosum_pseudoseq,peptide_disjoint,ranking,all,HLA-A*02:10,pearson_log,,2,2,False
blosum_pseudoseq,peptide_disjoint,ranking,all,HLA-A*02:10,auc_gt_2h,1.0,2,2,False
blosum_pseudoseq,peptide_disjoint,ranking,all,HLA-A*02:11,spearman,,2,2,False
blosum_pseudoseq,peptide_disjoint,ranking,all,HLA-A*02:11,pearson_log,,2,2,False
blosum_pseudoseq,peptide_disjoint,ranking,all,HLA-A*02:11,auc_gt_2h,,2,2,False
blosum_pseudoseq,peptide_disjoint,ranking,all,HLA-A*02:12,spearman,0.39999999999999997,4,4,False
blosum_pseudoseq,peptide_disjoint,ranking,all,HLA-A*02:12,pearson_log,0.550467621674372,4,4,False
blosum_pseudoseq,peptide_disjoint,ranking,all,HLA-A*02:12,auc_gt_2h,0.75,4,4,False
blosum_pseudoseq,peptide_disjoint,ranking,all,HLA-A*02:19,spearman,0.19999999999999998,5,5,False
blosum_pseudoseq,peptide_disjoint,ranking,all,HLA-A*02:19,pearson_log,-0.054459270341819244,5,5,False
blosum_pseudoseq,peptide_disjoint,ranking,all,HLA-A*02:19,auc_gt_2h,0.25,5,5,False
blosum_pseudoseq,peptide_disjoint,ranking,all,HLA-A*02:50,spearman,1.0,4,4,False
blosum_pseudoseq,peptide_disjoint,ranking,all,HLA-A*02:50,pearson_log,0.9752951805192053,4,4,False
blosum_pseudoseq,peptide_disjoint,ranking,all,HLA-A*02:50,auc_gt_2h,,4,4,False
blosum_pseudoseq,peptide_disjoint,ranking,all,HLA-A*03:01,spearman,0.09999999999999999,5,5,False
blosum_pseudoseq,peptide_disjoint,ranking,all,HLA-A*03:01,pearson_log,0.31791862003243254,5,5,False
blosum_pseudoseq,peptide_disjoint,ranking,all,HLA-A*03:01,auc_gt_2h,0.5,5,5,False
blosum_pseudoseq,peptide_disjoint,ranking,all,HLA-A*11:01,spearman,,1,1,True
blosum_pseudoseq,peptide_disjoint,ranking,all,HLA-A*11:01,pearson_log,,1,1,True
blosum_pseudoseq,peptide_disjoint,ranking,all,HLA-A*11:01,auc_gt_2h,,1,1,True
blosum_pseudoseq,peptide_disjoint,ranking,all,HLA-A*23:01,spearman,,2,2,False
blosum_pseudoseq,peptide_disjoint,ranking,all,HLA-A*23:01,pearson_log,,2,2,False
blosum_pseudoseq,peptide_disjoint,ranking,all,HLA-A*23:01,auc_gt_2h,1.0,2,2,False
blosum_pseudoseq,peptide_disjoint,ranking,all,HLA-A*24:02,spearman,0.39999999999999997,4,4,False
blosum_pseudoseq,peptide_disjoint,ranking,all,HLA-A*24:02,pearson_log,0.05754495725231612,4,4,False
blosum_pseudoseq,peptide_disjoint,ranking,all,HLA-A*24:02,auc_gt_2h,0.75,4,4,False
blosum_pseudoseq,peptide_disjoint,ranking,all,HLA-A*24:03,spearman,,2,2,False
blosum_pseudoseq,peptide_disjoint,ranking,all,HLA-A*24:03,pearson_log,,2,2,False
blosum_pseudoseq,peptide_disjoint,ranking,all,HLA-A*24:03,auc_gt_2h,,2,2,False
blosum_pseudoseq,peptide_disjoint,ranking,all,HLA-A*24:07,spearman,,2,2,False
blosum_pseudoseq,peptide_disjoint,ranking,all,HLA-A*24:07,pearson_log,,2,2,False
blosum_pseudoseq,peptide_disjoint,ranking,all,HLA-A*24:07,auc_gt_2h,0.0,2,2,False
blosum_pseudoseq,peptide_disjoint,ranking,all,HLA-A*24:19,spearman,1.0,3,3,False
blosum_pseudoseq,peptide_disjoint,ranking,all,HLA-A*24:19,pearson_log,0.9474606314573707,3,3,False
blosum_pseudoseq,peptide_disjoint,ranking,all,HLA-A*24:19,auc_gt_2h,,3,3,False
blosum_pseudoseq,peptide_disjoint,ranking,all,HLA-A*25:01,spearman,,1,1,True
blosum_pseudoseq,peptide_disjoint,ranking,all,HLA-A*25:01,pearson_log,,1,1,True
blosum_pseudoseq,peptide_disjoint,ranking,all,HLA-A*25:01,auc_gt_2h,,1,1,True
blosum_pseudoseq,peptide_disjoint,ranking,all,HLA-A*26:01,spearman,-0.5,3,3,False
blosum_pseudoseq,peptide_disjoint,ranking,all,HLA-A*26:01,pearson_log,-0.6873809990096033,3,3,False
blosum_pseudoseq,peptide_disjoint,ranking,all,HLA-A*26:01,auc_gt_2h,,3,3,False
blosum_pseudoseq,peptide_disjoint,ranking,all,HLA-A*26:02,spearman,,2,2,False
blosum_pseudoseq,peptide_disjoint,ranking,all,HLA-A*26:02,pearson_log,,2,2,False
blosum_pseudoseq,peptide_disjoint,ranking,all,HLA-A*26:02,auc_gt_2h,,2,2,False
blosum_pseudoseq,peptide_disjoint,ranking,all,HLA-A*26:03,spearman,,1,1,True
blosum_pseudoseq,peptide_disjoint,ranking,all,HLA-A*26:03,pearson_log,,1,1,True
blosum_pseudoseq,peptide_disjoint,ranking,all,HLA-A*26:03,auc_gt_2h,,1,1,True
blosum_pseudoseq,peptide_disjoint,ranking,all,HLA-A*29:02,spearman,0.49999999999999994,5,5,False
blosum_pseudoseq,peptide_disjoint,ranking,all,HLA-A*29:02,pearson_log,0.4288276164067765,5,5,False
blosum_pseudoseq,peptide_disjoint,ranking,all,HLA-A*29:02,auc_gt_2h,1.0,5,5,False
blosum_pseudoseq,peptide_disjoint,ranking,all,HLA-A*30:01,spearman,,2,2,False
blosum_pseudoseq,peptide_disjoint,ranking,all,HLA-A*30:01,pearson_log,,2,2,False
blosum_pseudoseq,peptide_disjoint,ranking,all,HLA-A*30:01,auc_gt_2h,,2,2,False
blosum_pseudoseq,peptide_disjoint,ranking,all,HLA-A*30:02,spearman,,2,2,False
blosum_pseudoseq,peptide_disjoint,ranking,all,HLA-A*30:02,pearson_log,,2,2,False
blosum_pseudoseq,peptide_disjoint,ranking,all,HLA-A*30:02,auc_gt_2h,1.0,2,2,False
blosum_pseudoseq,peptide_disjoint,ranking,all,HLA-A*31:01,spearman,0.0,3,3,False
blosum_pseudoseq,peptide_disjoint,ranking,all,HLA-A*31:01,pearson_log,0.35518542921731233,3,3,False
blosum_pseudoseq,peptide_disjoint,ranking,all,HLA-A*31:01,auc_gt_2h,,3,3,False
blosum_pseudoseq,peptide_disjoint,ranking,all,HLA-A*32:01,spearman,-0.5,3,3,False
blosum_pseudoseq,peptide_disjoint,ranking,all,HLA-A*32:01,pearson_log,-0.90413238190368,3,3,False
blosum_pseudoseq,peptide_disjoint,ranking,all,HLA-A*32:01,auc_gt_2h,0.5,3,3,False
blosum_pseudoseq,peptide_disjoint,ranking,all,HLA-A*32:07,spearman,0.5,3,3,False
blosum_pseudoseq,peptide_disjoint,ranking,all,HLA-A*32:07,pearson_log,0.5804287322194666,3,3,False
blosum_pseudoseq,peptide_disjoint,ranking,all,HLA-A*32:07,auc_gt_2h,1.0,3,3,False
blosum_pseudoseq,peptide_disjoint,ranking,all,HLA-A*33:03,spearman,,2,2,False
blosum_pseudoseq,peptide_disjoint,ranking,all,HLA-A*33:03,pearson_log,,2,2,False
blosum_pseudoseq,peptide_disjoint,ranking,all,HLA-A*33:03,auc_gt_2h,1.0,2,2,False
blosum_pseudoseq,peptide_disjoint,ranking,all,HLA-A*43:01,spearman,0.23190841426097936,6,6,False
blosum_pseudoseq,peptide_disjoint,ranking,all,HLA-A*43:01,pearson_log,0.36409424969089943,6,6,False
blosum_pseudoseq,peptide_disjoint,ranking,all,HLA-A*43:01,auc_gt_2h,0.6,6,6,False
blosum_pseudoseq,peptide_disjoint,ranking,all,HLA-A*66:01,spearman,,1,1,True
blosum_pseudoseq,peptide_disjoint,ranking,all,HLA-A*66:01,pearson_log,,1,1,True
blosum_pseudoseq,peptide_disjoint,ranking,all,HLA-A*66:01,auc_gt_2h,,1,1,True
blosum_pseudoseq,peptide_disjoint,ranking,all,HLA-A*68:01,spearman,-0.20519567041703085,5,5,False
blosum_pseudoseq,peptide_disjoint,ranking,all,HLA-A*68:01,pearson_log,-0.3555082832315791,5,5,False
blosum_pseudoseq,peptide_disjoint,ranking,all,HLA-A*68:01,auc_gt_2h,0.16666666666666669,5,5,False
blosum_pseudoseq,peptide_disjoint,ranking,all,HLA-A*68:02,spearman,0.7,5,5,False
blosum_pseudoseq,peptide_disjoint,ranking,all,HLA-A*68:02,pearson_log,0.715744684471426,5,5,False
blosum_pseudoseq,peptide_disjoint,ranking,all,HLA-A*68:02,auc_gt_2h,,5,5,False
blosum_pseudoseq,peptide_disjoint,ranking,all,HLA-A*68:23,spearman,-0.316227766016838,4,4,False
blosum_pseudoseq,peptide_disjoint,ranking,all,HLA-A*68:23,pearson_log,-0.41099816164051894,4,4,False
blosum_pseudoseq,peptide_disjoint,ranking,all,HLA-A*68:23,auc_gt_2h,,4,4,False
blosum_pseudoseq,peptide_disjoint,ranking,all,HLA-A*69:01,spearman,0.35909242322980395,5,5,False
blosum_pseudoseq,peptide_disjoint,ranking,all,HLA-A*69:01,pearson_log,0.5127384075865213,5,5,False
blosum_pseudoseq,peptide_disjoint,ranking,all,HLA-A*69:01,auc_gt_2h,,5,5,False
blosum_pseudoseq,peptide_disjoint,ranking,all,HLA-A*74:01,spearman,,1,1,True
blosum_pseudoseq,peptide_disjoint,ranking,all,HLA-A*74:01,pearson_log,,1,1,True
blosum_pseudoseq,peptide_disjoint,ranking,all,HLA-A*74:01,auc_gt_2h,,1,1,True
blosum_pseudoseq,peptide_disjoint,ranking,all,HLA-A*80:01,spearman,,2,2,False
blosum_pseudoseq,peptide_disjoint,ranking,all,HLA-A*80:01,pearson_log,,2,2,False
blosum_pseudoseq,peptide_disjoint,ranking,all,HLA-A*80:01,auc_gt_2h,,2,2,False
blosum_pseudoseq,peptide_disjoint,ranking,all,HLA-B*07:02,spearman,0.15811388300841897,5,5,False
blosum_pseudoseq,peptide_disjoint,ranking,all,HLA-B*07:02,pearson_log,0.11519683317901003,5,5,False
blosum_pseudoseq,peptide_disjoint,ranking,all,HLA-B*07:02,auc_gt_2h,0.6666666666666666,5,5,False
blosum_pseudoseq,peptide_disjoint,ranking,all,HLA-B*08:01,spearman,,2,2,False
blosum_pseudoseq,peptide_disjoint,ranking,all,HLA-B*08:01,pearson_log,,2,2,False
blosum_pseudoseq,peptide_disjoint,ranking,all,HLA-B*08:01,auc_gt_2h,,2,2,False
blosum_pseudoseq,peptide_disjoint,ranking,all,HLA-B*08:03,spearman,,2,2,False
blosum_pseudoseq,peptide_disjoint,ranking,all,HLA-B*08:03,pearson_log,,2,2,False
blosum_pseudoseq,peptide_disjoint,ranking,all,HLA-B*08:03,auc_gt_2h,0.0,2,2,False
blosum_pseudoseq,peptide_disjoint,ranking,all,HLA-B*13:02,spearman,,2,2,False
blosum_pseudoseq,peptide_disjoint,ranking,all,HLA-B*13:02,pearson_log,,2,2,False
blosum_pseudoseq,peptide_disjoint,ranking,all,HLA-B*13:02,auc_gt_2h,0.0,2,2,False
blosum_pseudoseq,peptide_disjoint,ranking,all,HLA-B*14:01(C67S),spearman,,1,1,True
blosum_pseudoseq,peptide_disjoint,ranking,all,HLA-B*14:01(C67S),pearson_log,,1,1,True
blosum_pseudoseq,peptide_disjoint,ranking,all,HLA-B*14:01(C67S),auc_gt_2h,,1,1,True
blosum_pseudoseq,peptide_disjoint,ranking,all,HLA-B*14:02(C67S),spearman,,1,1,True
blosum_pseudoseq,peptide_disjoint,ranking,all,HLA-B*14:02(C67S),pearson_log,,1,1,True
blosum_pseudoseq,peptide_disjoint,ranking,all,HLA-B*14:02(C67S),auc_gt_2h,,1,1,True
blosum_pseudoseq,peptide_disjoint,ranking,all,HLA-B*15:01,spearman,-0.19999999999999998,4,4,False
blosum_pseudoseq,peptide_disjoint,ranking,all,HLA-B*15:01,pearson_log,-0.19727610611502774,4,4,False
blosum_pseudoseq,peptide_disjoint,ranking,all,HLA-B*15:01,auc_gt_2h,0.0,4,4,False
blosum_pseudoseq,peptide_disjoint,ranking,all,HLA-B*15:10,spearman,,2,2,False
blosum_pseudoseq,peptide_disjoint,ranking,all,HLA-B*15:10,pearson_log,,2,2,False
blosum_pseudoseq,peptide_disjoint,ranking,all,HLA-B*15:10,auc_gt_2h,0.0,2,2,False
blosum_pseudoseq,peptide_disjoint,ranking,all,HLA-B*18:01,spearman,,2,2,False
blosum_pseudoseq,peptide_disjoint,ranking,all,HLA-B*18:01,pearson_log,,2,2,False
blosum_pseudoseq,peptide_disjoint,ranking,all,HLA-B*18:01,auc_gt_2h,,2,2,False
blosum_pseudoseq,peptide_disjoint,ranking,all,HLA-B*27:02,spearman,1.0,3,3,False
blosum_pseudoseq,peptide_disjoint,ranking,all,HLA-B*27:02,pearson_log,0.9998370227836118,3,3,False
blosum_pseudoseq,peptide_disjoint,ranking,all,HLA-B*27:02,auc_gt_2h,1.0,3,3,False
blosum_pseudoseq,peptide_disjoint,ranking,all,HLA-B*27:03,spearman,1.0,3,3,False
blosum_pseudoseq,peptide_disjoint,ranking,all,HLA-B*27:03,pearson_log,0.9898008955745539,3,3,False
blosum_pseudoseq,peptide_disjoint,ranking,all,HLA-B*27:03,auc_gt_2h,1.0,3,3,False
blosum_pseudoseq,peptide_disjoint,ranking,all,HLA-B*27:05,spearman,,2,2,False
blosum_pseudoseq,peptide_disjoint,ranking,all,HLA-B*27:05,pearson_log,,2,2,False
blosum_pseudoseq,peptide_disjoint,ranking,all,HLA-B*27:05,auc_gt_2h,,2,2,False
blosum_pseudoseq,peptide_disjoint,ranking,all,HLA-B*27:20,spearman,-0.5,3,3,False
blosum_pseudoseq,peptide_disjoint,ranking,all,HLA-B*27:20,pearson_log,-0.21384808223179938,3,3,False
blosum_pseudoseq,peptide_disjoint,ranking,all,HLA-B*27:20,auc_gt_2h,0.0,3,3,False
blosum_pseudoseq,peptide_disjoint,ranking,all,HLA-B*35:01,spearman,,2,2,False
blosum_pseudoseq,peptide_disjoint,ranking,all,HLA-B*35:01,pearson_log,,2,2,False
blosum_pseudoseq,peptide_disjoint,ranking,all,HLA-B*35:01,auc_gt_2h,0.0,2,2,False
blosum_pseudoseq,peptide_disjoint,ranking,all,HLA-B*35:03,spearman,,2,2,False
blosum_pseudoseq,peptide_disjoint,ranking,all,HLA-B*35:03,pearson_log,,2,2,False
blosum_pseudoseq,peptide_disjoint,ranking,all,HLA-B*35:03,auc_gt_2h,1.0,2,2,False
blosum_pseudoseq,peptide_disjoint,ranking,all,HLA-B*35:08,spearman,0.0,3,3,False
blosum_pseudoseq,peptide_disjoint,ranking,all,HLA-B*35:08,pearson_log,-0.10119325796680519,3,3,False
blosum_pseudoseq,peptide_disjoint,ranking,all,HLA-B*35:08,auc_gt_2h,0.5,3,3,False
blosum_pseudoseq,peptide_disjoint,ranking,all,HLA-B*39:01,spearman,-0.20519567041703085,5,5,False
blosum_pseudoseq,peptide_disjoint,ranking,all,HLA-B*39:01,pearson_log,0.009841777696329546,5,5,False
blosum_pseudoseq,peptide_disjoint,ranking,all,HLA-B*39:01,auc_gt_2h,0.75,5,5,False
blosum_pseudoseq,peptide_disjoint,ranking,all,HLA-B*39:02,spearman,,1,1,True
blosum_pseudoseq,peptide_disjoint,ranking,all,HLA-B*39:02,pearson_log,,1,1,True
blosum_pseudoseq,peptide_disjoint,ranking,all,HLA-B*39:02,auc_gt_2h,,1,1,True
blosum_pseudoseq,peptide_disjoint,ranking,all,HLA-B*39:06(C67S),spearman,0.8660254037844387,3,3,False
blosum_pseudoseq,peptide_disjoint,ranking,all,HLA-B*39:06(C67S),pearson_log,0.9747709544982144,3,3,False
blosum_pseudoseq,peptide_disjoint,ranking,all,HLA-B*39:06(C67S),auc_gt_2h,1.0,3,3,False
blosum_pseudoseq,peptide_disjoint,ranking,all,HLA-B*39:10,spearman,,1,1,True
blosum_pseudoseq,peptide_disjoint,ranking,all,HLA-B*39:10,pearson_log,,1,1,True
blosum_pseudoseq,peptide_disjoint,ranking,all,HLA-B*39:10,auc_gt_2h,,1,1,True
blosum_pseudoseq,peptide_disjoint,ranking,all,HLA-B*40:01,spearman,,2,2,False
blosum_pseudoseq,peptide_disjoint,ranking,all,HLA-B*40:01,pearson_log,,2,2,False
blosum_pseudoseq,peptide_disjoint,ranking,all,HLA-B*40:01,auc_gt_2h,,2,2,False
blosum_pseudoseq,peptide_disjoint,ranking,all,HLA-B*40:02,spearman,,2,2,False
blosum_pseudoseq,peptide_disjoint,ranking,all,HLA-B*40:02,pearson_log,,2,2,False
blosum_pseudoseq,peptide_disjoint,ranking,all,HLA-B*40:02,auc_gt_2h,0.0,2,2,False
blosum_pseudoseq,peptide_disjoint,ranking,all,HLA-B*41:01,spearman,-0.8660254037844387,3,3,False
blosum_pseudoseq,peptide_disjoint,ranking,all,HLA-B*41:01,pearson_log,-0.9864081676529055,3,3,False
blosum_pseudoseq,peptide_disjoint,ranking,all,HLA-B*41:01,auc_gt_2h,,3,3,False
blosum_pseudoseq,peptide_disjoint,ranking,all,HLA-B*42:01,spearman,,1,1,True
blosum_pseudoseq,peptide_disjoint,ranking,all,HLA-B*42:01,pearson_log,,1,1,True
blosum_pseudoseq,peptide_disjoint,ranking,all,HLA-B*42:01,auc_gt_2h,,1,1,True
blosum_pseudoseq,peptide_disjoint,ranking,all,HLA-B*42:02,spearman,-0.5,3,3,False
blosum_pseudoseq,peptide_disjoint,ranking,all,HLA-B*42:02,pearson_log,-0.8363388503097171,3,3,False
blosum_pseudoseq,peptide_disjoint,ranking,all,HLA-B*42:02,auc_gt_2h,0.5,3,3,False
blosum_pseudoseq,peptide_disjoint,ranking,all,HLA-B*44:05,spearman,,1,1,True
blosum_pseudoseq,peptide_disjoint,ranking,all,HLA-B*44:05,pearson_log,,1,1,True
blosum_pseudoseq,peptide_disjoint,ranking,all,HLA-B*44:05,auc_gt_2h,,1,1,True
blosum_pseudoseq,peptide_disjoint,ranking,all,HLA-B*45:01,spearman,,2,2,False
blosum_pseudoseq,peptide_disjoint,ranking,all,HLA-B*45:01,pearson_log,,2,2,False
blosum_pseudoseq,peptide_disjoint,ranking,all,HLA-B*45:01,auc_gt_2h,,2,2,False
blosum_pseudoseq,peptide_disjoint,ranking,all,HLA-B*51:01,spearman,,1,1,True
blosum_pseudoseq,peptide_disjoint,ranking,all,HLA-B*51:01,pearson_log,,1,1,True
blosum_pseudoseq,peptide_disjoint,ranking,all,HLA-B*51:01,auc_gt_2h,,1,1,True
blosum_pseudoseq,peptide_disjoint,ranking,all,HLA-B*54:01,spearman,0.5217939320872036,6,6,False
blosum_pseudoseq,peptide_disjoint,ranking,all,HLA-B*54:01,pearson_log,0.7280544176017891,6,6,False
blosum_pseudoseq,peptide_disjoint,ranking,all,HLA-B*54:01,auc_gt_2h,0.8,6,6,False
blosum_pseudoseq,peptide_disjoint,ranking,all,HLA-B*55:01,spearman,,1,1,True
blosum_pseudoseq,peptide_disjoint,ranking,all,HLA-B*55:01,pearson_log,,1,1,True
blosum_pseudoseq,peptide_disjoint,ranking,all,HLA-B*55:01,auc_gt_2h,,1,1,True
blosum_pseudoseq,peptide_disjoint,ranking,all,HLA-B*56:01,spearman,0.0,3,3,False
blosum_pseudoseq,peptide_disjoint,ranking,all,HLA-B*56:01,pearson_log,-0.30975408156829864,3,3,False
blosum_pseudoseq,peptide_disjoint,ranking,all,HLA-B*56:01,auc_gt_2h,,3,3,False
blosum_pseudoseq,peptide_disjoint,ranking,all,HLA-B*57:01,spearman,,1,1,True
blosum_pseudoseq,peptide_disjoint,ranking,all,HLA-B*57:01,pearson_log,,1,1,True
blosum_pseudoseq,peptide_disjoint,ranking,all,HLA-B*57:01,auc_gt_2h,,1,1,True
blosum_pseudoseq,peptide_disjoint,ranking,all,HLA-B*57:02,spearman,-0.5,3,3,False
blosum_pseudoseq,peptide_disjoint,ranking,all,HLA-B*57:02,pearson_log,-0.324720882281841,3,3,False
blosum_pseudoseq,peptide_disjoint,ranking,all,HLA-B*57:02,auc_gt_2h,,3,3,False
blosum_pseudoseq,peptide_disjoint,ranking,all,HLA-B*57:03,spearman,,2,2,False
blosum_pseudoseq,peptide_disjoint,ranking,all,HLA-B*57:03,pearson_log,,2,2,False
blosum_pseudoseq,peptide_disjoint,ranking,all,HLA-B*57:03,auc_gt_2h,1.0,2,2,False
blosum_pseudoseq,peptide_disjoint,ranking,all,HLA-B*58:01,spearman,0.49999999999999994,5,5,False
blosum_pseudoseq,peptide_disjoint,ranking,all,HLA-B*58:01,pearson_log,0.6439654067489234,5,5,False
blosum_pseudoseq,peptide_disjoint,ranking,all,HLA-B*58:01,auc_gt_2h,0.8333333333333334,5,5,False
blosum_pseudoseq,peptide_disjoint,ranking,all,HLA-B*81:01,spearman,0.08571428571428573,6,6,False
blosum_pseudoseq,peptide_disjoint,ranking,all,HLA-B*81:01,pearson_log,0.4023121658712686,6,6,False
blosum_pseudoseq,peptide_disjoint,ranking,all,HLA-B*81:01,auc_gt_2h,,6,6,False
blosum_pseudoseq,peptide_disjoint,ranking,nonzero,HLA-A*01:01,spearman,,2,2,False
blosum_pseudoseq,peptide_disjoint,ranking,nonzero,HLA-A*01:01,pearson_log,,2,2,False
blosum_pseudoseq,peptide_disjoint,ranking,nonzero,HLA-A*01:01,auc_gt_2h,1.0,2,2,False
blosum_pseudoseq,peptide_disjoint,ranking,nonzero,HLA-A*02:01,spearman,-0.5,3,3,False
blosum_pseudoseq,peptide_disjoint,ranking,nonzero,HLA-A*02:01,pearson_log,-0.3529765624770012,3,3,False
blosum_pseudoseq,peptide_disjoint,ranking,nonzero,HLA-A*02:01,auc_gt_2h,,3,3,False
blosum_pseudoseq,peptide_disjoint,ranking,nonzero,HLA-A*02:03,spearman,,1,1,True
blosum_pseudoseq,peptide_disjoint,ranking,nonzero,HLA-A*02:03,pearson_log,,1,1,True
blosum_pseudoseq,peptide_disjoint,ranking,nonzero,HLA-A*02:03,auc_gt_2h,,1,1,True
blosum_pseudoseq,peptide_disjoint,ranking,nonzero,HLA-A*02:05,spearman,0.09999999999999999,5,5,False
blosum_pseudoseq,peptide_disjoint,ranking,nonzero,HLA-A*02:05,pearson_log,0.18148646258146547,5,5,False
blosum_pseudoseq,peptide_disjoint,ranking,nonzero,HLA-A*02:05,auc_gt_2h,0.5,5,5,False
blosum_pseudoseq,peptide_disjoint,ranking,nonzero,HLA-A*02:10,spearman,,2,2,False
blosum_pseudoseq,peptide_disjoint,ranking,nonzero,HLA-A*02:10,pearson_log,,2,2,False
blosum_pseudoseq,peptide_disjoint,ranking,nonzero,HLA-A*02:10,auc_gt_2h,1.0,2,2,False
blosum_pseudoseq,peptide_disjoint,ranking,nonzero,HLA-A*02:11,spearman,,2,2,False
blosum_pseudoseq,peptide_disjoint,ranking,nonzero,HLA-A*02:11,pearson_log,,2,2,False
blosum_pseudoseq,peptide_disjoint,ranking,nonzero,HLA-A*02:11,auc_gt_2h,,2,2,False
blosum_pseudoseq,peptide_disjoint,ranking,nonzero,HLA-A*02:12,spearman,0.39999999999999997,4,4,False
blosum_pseudoseq,peptide_disjoint,ranking,nonzero,HLA-A*02:12,pearson_log,0.550467621674372,4,4,False
blosum_pseudoseq,peptide_disjoint,ranking,nonzero,HLA-A*02:12,auc_gt_2h,0.75,4,4,False
blosum_pseudoseq,peptide_disjoint,ranking,nonzero,HLA-A*02:19,spearman,0.19999999999999998,5,5,False
blosum_pseudoseq,peptide_disjoint,ranking,nonzero,HLA-A*02:19,pearson_log,-0.054459270341819244,5,5,False
blosum_pseudoseq,peptide_disjoint,ranking,nonzero,HLA-A*02:19,auc_gt_2h,0.25,5,5,False
blosum_pseudoseq,peptide_disjoint,ranking,nonzero,HLA-A*02:50,spearman,1.0,4,4,False
blosum_pseudoseq,peptide_disjoint,ranking,nonzero,HLA-A*02:50,pearson_log,0.9752951805192053,4,4,False
blosum_pseudoseq,peptide_disjoint,ranking,nonzero,HLA-A*02:50,auc_gt_2h,,4,4,False
blosum_pseudoseq,peptide_disjoint,ranking,nonzero,HLA-A*03:01,spearman,0.09999999999999999,5,5,False
blosum_pseudoseq,peptide_disjoint,ranking,nonzero,HLA-A*03:01,pearson_log,0.31791862003243254,5,5,False
blosum_pseudoseq,peptide_disjoint,ranking,nonzero,HLA-A*03:01,auc_gt_2h,0.5,5,5,False
blosum_pseudoseq,peptide_disjoint,ranking,nonzero,HLA-A*11:01,spearman,,1,1,True
blosum_pseudoseq,peptide_disjoint,ranking,nonzero,HLA-A*11:01,pearson_log,,1,1,True
blosum_pseudoseq,peptide_disjoint,ranking,nonzero,HLA-A*11:01,auc_gt_2h,,1,1,True
blosum_pseudoseq,peptide_disjoint,ranking,nonzero,HLA-A*23:01,spearman,,2,2,False
blosum_pseudoseq,peptide_disjoint,ranking,nonzero,HLA-A*23:01,pearson_log,,2,2,False
blosum_pseudoseq,peptide_disjoint,ranking,nonzero,HLA-A*23:01,auc_gt_2h,1.0,2,2,False
blosum_pseudoseq,peptide_disjoint,ranking,nonzero,HLA-A*24:02,spearman,0.39999999999999997,4,4,False
blosum_pseudoseq,peptide_disjoint,ranking,nonzero,HLA-A*24:02,pearson_log,0.05754495725231612,4,4,False
blosum_pseudoseq,peptide_disjoint,ranking,nonzero,HLA-A*24:02,auc_gt_2h,0.75,4,4,False
blosum_pseudoseq,peptide_disjoint,ranking,nonzero,HLA-A*24:03,spearman,,2,2,False
blosum_pseudoseq,peptide_disjoint,ranking,nonzero,HLA-A*24:03,pearson_log,,2,2,False
blosum_pseudoseq,peptide_disjoint,ranking,nonzero,HLA-A*24:03,auc_gt_2h,,2,2,False
blosum_pseudoseq,peptide_disjoint,ranking,nonzero,HLA-A*24:07,spearman,,2,2,False
blosum_pseudoseq,peptide_disjoint,ranking,nonzero,HLA-A*24:07,pearson_log,,2,2,False
blosum_pseudoseq,peptide_disjoint,ranking,nonzero,HLA-A*24:07,auc_gt_2h,0.0,2,2,False
blosum_pseudoseq,peptide_disjoint,ranking,nonzero,HLA-A*24:19,spearman,,2,2,False
blosum_pseudoseq,peptide_disjoint,ranking,nonzero,HLA-A*24:19,pearson_log,,2,2,False
blosum_pseudoseq,peptide_disjoint,ranking,nonzero,HLA-A*24:19,auc_gt_2h,,2,2,False
blosum_pseudoseq,peptide_disjoint,ranking,nonzero,HLA-A*26:01,spearman,-0.5,3,3,False
blosum_pseudoseq,peptide_disjoint,ranking,nonzero,HLA-A*26:01,pearson_log,-0.6873809990096033,3,3,False
blosum_pseudoseq,peptide_disjoint,ranking,nonzero,HLA-A*26:01,auc_gt_2h,,3,3,False
blosum_pseudoseq,peptide_disjoint,ranking,nonzero,HLA-A*26:02,spearman,,2,2,False
blosum_pseudoseq,peptide_disjoint,ranking,nonzero,HLA-A*26:02,pearson_log,,2,2,False
blosum_pseudoseq,peptide_disjoint,ranking,nonzero,HLA-A*26:02,auc_gt_2h,,2,2,False
blosum_pseudoseq,peptide_disjoint,ranking,nonzero,HLA-A*29:02,spearman,0.49999999999999994,5,5,False
blosum_pseudoseq,peptide_disjoint,ranking,nonzero,HLA-A*29:02,pearson_log,0.4288276164067765,5,5,False
blosum_pseudoseq,peptide_disjoint,ranking,nonzero,HLA-A*29:02,auc_gt_2h,1.0,5,5,False
blosum_pseudoseq,peptide_disjoint,ranking,nonzero,HLA-A*30:01,spearman,,2,2,False
blosum_pseudoseq,peptide_disjoint,ranking,nonzero,HLA-A*30:01,pearson_log,,2,2,False
blosum_pseudoseq,peptide_disjoint,ranking,nonzero,HLA-A*30:01,auc_gt_2h,,2,2,False
blosum_pseudoseq,peptide_disjoint,ranking,nonzero,HLA-A*30:02,spearman,,1,1,True
blosum_pseudoseq,peptide_disjoint,ranking,nonzero,HLA-A*30:02,pearson_log,,1,1,True
blosum_pseudoseq,peptide_disjoint,ranking,nonzero,HLA-A*30:02,auc_gt_2h,,1,1,True
blosum_pseudoseq,peptide_disjoint,ranking,nonzero,HLA-A*31:01,spearman,0.0,3,3,False
blosum_pseudoseq,peptide_disjoint,ranking,nonzero,HLA-A*31:01,pearson_log,0.35518542921731233,3,3,False
blosum_pseudoseq,peptide_disjoint,ranking,nonzero,HLA-A*31:01,auc_gt_2h,,3,3,False
blosum_pseudoseq,peptide_disjoint,ranking,nonzero,HLA-A*32:01,spearman,-0.5,3,3,False
blosum_pseudoseq,peptide_disjoint,ranking,nonzero,HLA-A*32:01,pearson_log,-0.90413238190368,3,3,False
blosum_pseudoseq,peptide_disjoint,ranking,nonzero,HLA-A*32:01,auc_gt_2h,0.5,3,3,False
blosum_pseudoseq,peptide_disjoint,ranking,nonzero,HLA-A*32:07,spearman,,2,2,False
blosum_pseudoseq,peptide_disjoint,ranking,nonzero,HLA-A*32:07,pearson_log,,2,2,False
blosum_pseudoseq,peptide_disjoint,ranking,nonzero,HLA-A*32:07,auc_gt_2h,1.0,2,2,False
blosum_pseudoseq,peptide_disjoint,ranking,nonzero,HLA-A*33:03,spearman,,1,1,True
blosum_pseudoseq,peptide_disjoint,ranking,nonzero,HLA-A*33:03,pearson_log,,1,1,True
blosum_pseudoseq,peptide_disjoint,ranking,nonzero,HLA-A*33:03,auc_gt_2h,,1,1,True
blosum_pseudoseq,peptide_disjoint,ranking,nonzero,HLA-A*43:01,spearman,0.6000000000000001,4,4,False
blosum_pseudoseq,peptide_disjoint,ranking,nonzero,HLA-A*43:01,pearson_log,0.4679519261004164,4,4,False
blosum_pseudoseq,peptide_disjoint,ranking,nonzero,HLA-A*43:01,auc_gt_2h,0.6666666666666667,4,4,False
blosum_pseudoseq,peptide_disjoint,ranking,nonzero,HLA-A*66:01,spearman,,1,1,True
blosum_pseudoseq,peptide_disjoint,ranking,nonzero,HLA-A*66:01,pearson_log,,1,1,True
blosum_pseudoseq,peptide_disjoint,ranking,nonzero,HLA-A*66:01,auc_gt_2h,,1,1,True
blosum_pseudoseq,peptide_disjoint,ranking,nonzero,HLA-A*68:01,spearman,-0.5,3,3,False
blosum_pseudoseq,peptide_disjoint,ranking,nonzero,HLA-A*68:01,pearson_log,-0.647579380683682,3,3,False
blosum_pseudoseq,peptide_disjoint,ranking,nonzero,HLA-A*68:01,auc_gt_2h,0.0,3,3,False
blosum_pseudoseq,peptide_disjoint,ranking,nonzero,HLA-A*68:02,spearman,0.7,5,5,False
blosum_pseudoseq,peptide_disjoint,ranking,nonzero,HLA-A*68:02,pearson_log,0.715744684471426,5,5,False
blosum_pseudoseq,peptide_disjoint,ranking,nonzero,HLA-A*68:02,auc_gt_2h,,5,5,False
blosum_pseudoseq,peptide_disjoint,ranking,nonzero,HLA-A*68:23,spearman,-0.316227766016838,4,4,False
blosum_pseudoseq,peptide_disjoint,ranking,nonzero,HLA-A*68:23,pearson_log,-0.41099816164051894,4,4,False
blosum_pseudoseq,peptide_disjoint,ranking,nonzero,HLA-A*68:23,auc_gt_2h,,4,4,False
blosum_pseudoseq,peptide_disjoint,ranking,nonzero,HLA-A*69:01,spearman,0.632455532033676,4,4,False
blosum_pseudoseq,peptide_disjoint,ranking,nonzero,HLA-A*69:01,pearson_log,0.692013258492282,4,4,False
blosum_pseudoseq,peptide_disjoint,ranking,nonzero,HLA-A*69:01,auc_gt_2h,,4,4,False
blosum_pseudoseq,peptide_disjoint,ranking,nonzero,HLA-A*80:01,spearman,,2,2,False
blosum_pseudoseq,peptide_disjoint,ranking,nonzero,HLA-A*80:01,pearson_log,,2,2,False
blosum_pseudoseq,peptide_disjoint,ranking,nonzero,HLA-A*80:01,auc_gt_2h,,2,2,False
blosum_pseudoseq,peptide_disjoint,ranking,nonzero,HLA-B*07:02,spearman,0.15811388300841897,5,5,False
blosum_pseudoseq,peptide_disjoint,ranking,nonzero,HLA-B*07:02,pearson_log,0.11519683317901003,5,5,False
blosum_pseudoseq,peptide_disjoint,ranking,nonzero,HLA-B*07:02,auc_gt_2h,0.6666666666666666,5,5,False
blosum_pseudoseq,peptide_disjoint,ranking,nonzero,HLA-B*08:01,spearman,,2,2,False
blosum_pseudoseq,peptide_disjoint,ranking,nonzero,HLA-B*08:01,pearson_log,,2,2,False
blosum_pseudoseq,peptide_disjoint,ranking,nonzero,HLA-B*08:01,auc_gt_2h,,2,2,False
blosum_pseudoseq,peptide_disjoint,ranking,nonzero,HLA-B*08:03,spearman,,2,2,False
blosum_pseudoseq,peptide_disjoint,ranking,nonzero,HLA-B*08:03,pearson_log,,2,2,False
blosum_pseudoseq,peptide_disjoint,ranking,nonzero,HLA-B*08:03,auc_gt_2h,0.0,2,2,False
blosum_pseudoseq,peptide_disjoint,ranking,nonzero,HLA-B*13:02,spearman,,1,1,True
blosum_pseudoseq,peptide_disjoint,ranking,nonzero,HLA-B*13:02,pearson_log,,1,1,True
blosum_pseudoseq,peptide_disjoint,ranking,nonzero,HLA-B*13:02,auc_gt_2h,,1,1,True
blosum_pseudoseq,peptide_disjoint,ranking,nonzero,HLA-B*15:01,spearman,-0.19999999999999998,4,4,False
blosum_pseudoseq,peptide_disjoint,ranking,nonzero,HLA-B*15:01,pearson_log,-0.19727610611502774,4,4,False
blosum_pseudoseq,peptide_disjoint,ranking,nonzero,HLA-B*15:01,auc_gt_2h,0.0,4,4,False
blosum_pseudoseq,peptide_disjoint,ranking,nonzero,HLA-B*15:10,spearman,,2,2,False
blosum_pseudoseq,peptide_disjoint,ranking,nonzero,HLA-B*15:10,pearson_log,,2,2,False
blosum_pseudoseq,peptide_disjoint,ranking,nonzero,HLA-B*15:10,auc_gt_2h,0.0,2,2,False
blosum_pseudoseq,peptide_disjoint,ranking,nonzero,HLA-B*18:01,spearman,,2,2,False
blosum_pseudoseq,peptide_disjoint,ranking,nonzero,HLA-B*18:01,pearson_log,,2,2,False
blosum_pseudoseq,peptide_disjoint,ranking,nonzero,HLA-B*18:01,auc_gt_2h,,2,2,False
blosum_pseudoseq,peptide_disjoint,ranking,nonzero,HLA-B*27:02,spearman,1.0,3,3,False
blosum_pseudoseq,peptide_disjoint,ranking,nonzero,HLA-B*27:02,pearson_log,0.9998370227836118,3,3,False
blosum_pseudoseq,peptide_disjoint,ranking,nonzero,HLA-B*27:02,auc_gt_2h,1.0,3,3,False
blosum_pseudoseq,peptide_disjoint,ranking,nonzero,HLA-B*27:03,spearman,,2,2,False
blosum_pseudoseq,peptide_disjoint,ranking,nonzero,HLA-B*27:03,pearson_log,,2,2,False
blosum_pseudoseq,peptide_disjoint,ranking,nonzero,HLA-B*27:03,auc_gt_2h,,2,2,False
blosum_pseudoseq,peptide_disjoint,ranking,nonzero,HLA-B*27:05,spearman,,1,1,True
blosum_pseudoseq,peptide_disjoint,ranking,nonzero,HLA-B*27:05,pearson_log,,1,1,True
blosum_pseudoseq,peptide_disjoint,ranking,nonzero,HLA-B*27:05,auc_gt_2h,,1,1,True
blosum_pseudoseq,peptide_disjoint,ranking,nonzero,HLA-B*27:20,spearman,-0.5,3,3,False
blosum_pseudoseq,peptide_disjoint,ranking,nonzero,HLA-B*27:20,pearson_log,-0.21384808223179938,3,3,False
blosum_pseudoseq,peptide_disjoint,ranking,nonzero,HLA-B*27:20,auc_gt_2h,0.0,3,3,False
blosum_pseudoseq,peptide_disjoint,ranking,nonzero,HLA-B*35:01,spearman,,1,1,True
blosum_pseudoseq,peptide_disjoint,ranking,nonzero,HLA-B*35:01,pearson_log,,1,1,True
blosum_pseudoseq,peptide_disjoint,ranking,nonzero,HLA-B*35:01,auc_gt_2h,,1,1,True
blosum_pseudoseq,peptide_disjoint,ranking,nonzero,HLA-B*35:03,spearman,,2,2,False
blosum_pseudoseq,peptide_disjoint,ranking,nonzero,HLA-B*35:03,pearson_log,,2,2,False
blosum_pseudoseq,peptide_disjoint,ranking,nonzero,HLA-B*35:03,auc_gt_2h,1.0,2,2,False
blosum_pseudoseq,peptide_disjoint,ranking,nonzero,HLA-B*35:08,spearman,0.0,3,3,False
blosum_pseudoseq,peptide_disjoint,ranking,nonzero,HLA-B*35:08,pearson_log,-0.10119325796680519,3,3,False
blosum_pseudoseq,peptide_disjoint,ranking,nonzero,HLA-B*35:08,auc_gt_2h,0.5,3,3,False
blosum_pseudoseq,peptide_disjoint,ranking,nonzero,HLA-B*39:01,spearman,0.632455532033676,4,4,False
blosum_pseudoseq,peptide_disjoint,ranking,nonzero,HLA-B*39:01,pearson_log,0.8447201653809535,4,4,False
blosum_pseudoseq,peptide_disjoint,ranking,nonzero,HLA-B*39:01,auc_gt_2h,1.0,4,4,False
blosum_pseudoseq,peptide_disjoint,ranking,nonzero,HLA-B*39:02,spearman,,1,1,True
blosum_pseudoseq,peptide_disjoint,ranking,nonzero,HLA-B*39:02,pearson_log,,1,1,True
blosum_pseudoseq,peptide_disjoint,ranking,nonzero,HLA-B*39:02,auc_gt_2h,,1,1,True
blosum_pseudoseq,peptide_disjoint,ranking,nonzero,HLA-B*39:06(C67S),spearman,,1,1,True
blosum_pseudoseq,peptide_disjoint,ranking,nonzero,HLA-B*39:06(C67S),pearson_log,,1,1,True
blosum_pseudoseq,peptide_disjoint,ranking,nonzero,HLA-B*39:06(C67S),auc_gt_2h,,1,1,True
blosum_pseudoseq,peptide_disjoint,ranking,nonzero,HLA-B*39:10,spearman,,1,1,True
blosum_pseudoseq,peptide_disjoint,ranking,nonzero,HLA-B*39:10,pearson_log,,1,1,True
blosum_pseudoseq,peptide_disjoint,ranking,nonzero,HLA-B*39:10,auc_gt_2h,,1,1,True
blosum_pseudoseq,peptide_disjoint,ranking,nonzero,HLA-B*40:01,spearman,,2,2,False
blosum_pseudoseq,peptide_disjoint,ranking,nonzero,HLA-B*40:01,pearson_log,,2,2,False
blosum_pseudoseq,peptide_disjoint,ranking,nonzero,HLA-B*40:01,auc_gt_2h,,2,2,False
blosum_pseudoseq,peptide_disjoint,ranking,nonzero,HLA-B*40:02,spearman,,2,2,False
blosum_pseudoseq,peptide_disjoint,ranking,nonzero,HLA-B*40:02,pearson_log,,2,2,False
blosum_pseudoseq,peptide_disjoint,ranking,nonzero,HLA-B*40:02,auc_gt_2h,0.0,2,2,False
blosum_pseudoseq,peptide_disjoint,ranking,nonzero,HLA-B*41:01,spearman,,2,2,False
blosum_pseudoseq,peptide_disjoint,ranking,nonzero,HLA-B*41:01,pearson_log,,2,2,False
blosum_pseudoseq,peptide_disjoint,ranking,nonzero,HLA-B*41:01,auc_gt_2h,,2,2,False
blosum_pseudoseq,peptide_disjoint,ranking,nonzero,HLA-B*42:01,spearman,,1,1,True
blosum_pseudoseq,peptide_disjoint,ranking,nonzero,HLA-B*42:01,pearson_log,,1,1,True
blosum_pseudoseq,peptide_disjoint,ranking,nonzero,HLA-B*42:01,auc_gt_2h,,1,1,True
blosum_pseudoseq,peptide_disjoint,ranking,nonzero,HLA-B*42:02,spearman,-0.5,3,3,False
blosum_pseudoseq,peptide_disjoint,ranking,nonzero,HLA-B*42:02,pearson_log,-0.8363388503097171,3,3,False
blosum_pseudoseq,peptide_disjoint,ranking,nonzero,HLA-B*42:02,auc_gt_2h,0.5,3,3,False
blosum_pseudoseq,peptide_disjoint,ranking,nonzero,HLA-B*44:05,spearman,,1,1,True
blosum_pseudoseq,peptide_disjoint,ranking,nonzero,HLA-B*44:05,pearson_log,,1,1,True
blosum_pseudoseq,peptide_disjoint,ranking,nonzero,HLA-B*44:05,auc_gt_2h,,1,1,True
blosum_pseudoseq,peptide_disjoint,ranking,nonzero,HLA-B*51:01,spearman,,1,1,True
blosum_pseudoseq,peptide_disjoint,ranking,nonzero,HLA-B*51:01,pearson_log,,1,1,True
blosum_pseudoseq,peptide_disjoint,ranking,nonzero,HLA-B*51:01,auc_gt_2h,,1,1,True
blosum_pseudoseq,peptide_disjoint,ranking,nonzero,HLA-B*54:01,spearman,0.39999999999999997,4,4,False
blosum_pseudoseq,peptide_disjoint,ranking,nonzero,HLA-B*54:01,pearson_log,0.6263672249663836,4,4,False
blosum_pseudoseq,peptide_disjoint,ranking,nonzero,HLA-B*54:01,auc_gt_2h,0.6666666666666667,4,4,False
blosum_pseudoseq,peptide_disjoint,ranking,nonzero,HLA-B*56:01,spearman,,2,2,False
blosum_pseudoseq,peptide_disjoint,ranking,nonzero,HLA-B*56:01,pearson_log,,2,2,False
blosum_pseudoseq,peptide_disjoint,ranking,nonzero,HLA-B*56:01,auc_gt_2h,,2,2,False
blosum_pseudoseq,peptide_disjoint,ranking,nonzero,HLA-B*57:01,spearman,,1,1,True
blosum_pseudoseq,peptide_disjoint,ranking,nonzero,HLA-B*57:01,pearson_log,,1,1,True
blosum_pseudoseq,peptide_disjoint,ranking,nonzero,HLA-B*57:01,auc_gt_2h,,1,1,True
blosum_pseudoseq,peptide_disjoint,ranking,nonzero,HLA-B*57:02,spearman,-0.5,3,3,False
blosum_pseudoseq,peptide_disjoint,ranking,nonzero,HLA-B*57:02,pearson_log,-0.324720882281841,3,3,False
blosum_pseudoseq,peptide_disjoint,ranking,nonzero,HLA-B*57:02,auc_gt_2h,,3,3,False
blosum_pseudoseq,peptide_disjoint,ranking,nonzero,HLA-B*57:03,spearman,,2,2,False
blosum_pseudoseq,peptide_disjoint,ranking,nonzero,HLA-B*57:03,pearson_log,,2,2,False
blosum_pseudoseq,peptide_disjoint,ranking,nonzero,HLA-B*57:03,auc_gt_2h,1.0,2,2,False
blosum_pseudoseq,peptide_disjoint,ranking,nonzero,HLA-B*58:01,spearman,0.49999999999999994,5,5,False
blosum_pseudoseq,peptide_disjoint,ranking,nonzero,HLA-B*58:01,pearson_log,0.6439654067489234,5,5,False
blosum_pseudoseq,peptide_disjoint,ranking,nonzero,HLA-B*58:01,auc_gt_2h,0.8333333333333334,5,5,False
blosum_pseudoseq,peptide_disjoint,ranking,nonzero,HLA-B*81:01,spearman,-0.6,5,5,False
blosum_pseudoseq,peptide_disjoint,ranking,nonzero,HLA-B*81:01,pearson_log,-0.40169426143679354,5,5,False
blosum_pseudoseq,peptide_disjoint,ranking,nonzero,HLA-B*81:01,auc_gt_2h,,5,5,False
blosum_pseudoseq,random,censored_hinge,all,HLA-A*01:01,spearman,1.0,3,3,False
blosum_pseudoseq,random,censored_hinge,all,HLA-A*01:01,pearson_log,0.8895024984742181,3,3,False
blosum_pseudoseq,random,censored_hinge,all,HLA-A*01:01,auc_gt_2h,,3,3,False
blosum_pseudoseq,random,censored_hinge,all,HLA-A*02:01,spearman,-0.5,3,3,False
blosum_pseudoseq,random,censored_hinge,all,HLA-A*02:01,pearson_log,-0.48003412527993644,3,3,False
blosum_pseudoseq,random,censored_hinge,all,HLA-A*02:01,auc_gt_2h,,3,3,False
blosum_pseudoseq,random,censored_hinge,all,HLA-A*02:03,spearman,-0.5,3,3,False
blosum_pseudoseq,random,censored_hinge,all,HLA-A*02:03,pearson_log,-0.09579716352000311,3,3,False
blosum_pseudoseq,random,censored_hinge,all,HLA-A*02:03,auc_gt_2h,0.5,3,3,False
blosum_pseudoseq,random,censored_hinge,all,HLA-A*02:05,spearman,0.5,3,3,False
blosum_pseudoseq,random,censored_hinge,all,HLA-A*02:05,pearson_log,0.888572905156229,3,3,False
blosum_pseudoseq,random,censored_hinge,all,HLA-A*02:05,auc_gt_2h,,3,3,False
blosum_pseudoseq,random,censored_hinge,all,HLA-A*02:10,spearman,0.5,3,3,False
blosum_pseudoseq,random,censored_hinge,all,HLA-A*02:10,pearson_log,0.833188077172746,3,3,False
blosum_pseudoseq,random,censored_hinge,all,HLA-A*02:10,auc_gt_2h,1.0,3,3,False
blosum_pseudoseq,random,censored_hinge,all,HLA-A*02:11,spearman,-1.0,3,3,False
blosum_pseudoseq,random,censored_hinge,all,HLA-A*02:11,pearson_log,-0.9262503572987182,3,3,False
blosum_pseudoseq,random,censored_hinge,all,HLA-A*02:11,auc_gt_2h,,3,3,False
blosum_pseudoseq,random,censored_hinge,all,HLA-A*02:12,spearman,-0.5,3,3,False
blosum_pseudoseq,random,censored_hinge,all,HLA-A*02:12,pearson_log,-0.6679928074464635,3,3,False
blosum_pseudoseq,random,censored_hinge,all,HLA-A*02:12,auc_gt_2h,,3,3,False
blosum_pseudoseq,random,censored_hinge,all,HLA-A*02:16,spearman,0.5,3,3,False
blosum_pseudoseq,random,censored_hinge,all,HLA-A*02:16,pearson_log,0.07317435674634992,3,3,False
blosum_pseudoseq,random,censored_hinge,all,HLA-A*02:16,auc_gt_2h,0.5,3,3,False
blosum_pseudoseq,random,censored_hinge,all,HLA-A*02:19,spearman,-0.5,3,3,False
blosum_pseudoseq,random,censored_hinge,all,HLA-A*02:19,pearson_log,-0.4724674258427928,3,3,False
blosum_pseudoseq,random,censored_hinge,all,HLA-A*02:19,auc_gt_2h,,3,3,False
blosum_pseudoseq,random,censored_hinge,all,HLA-A*02:50,spearman,-1.0,3,3,False
blosum_pseudoseq,random,censored_hinge,all,HLA-A*02:50,pearson_log,-0.9604139292898186,3,3,False
blosum_pseudoseq,random,censored_hinge,all,HLA-A*02:50,auc_gt_2h,,3,3,False
blosum_pseudoseq,random,censored_hinge,all,HLA-A*03:01,spearman,-1.0,3,3,False
blosum_pseudoseq,random,censored_hinge,all,HLA-A*03:01,pearson_log,-0.9272106746405133,3,3,False
blosum_pseudoseq,random,censored_hinge,all,HLA-A*03:01,auc_gt_2h,0.0,3,3,False
blosum_pseudoseq,random,censored_hinge,all,HLA-A*11:01,spearman,1.0,3,3,False
blosum_pseudoseq,random,censored_hinge,all,HLA-A*11:01,pearson_log,0.9646705654110478,3,3,False
blosum_pseudoseq,random,censored_hinge,all,HLA-A*11:01,auc_gt_2h,1.0,3,3,False
blosum_pseudoseq,random,censored_hinge,all,HLA-A*23:01,spearman,0.5,3,3,False
blosum_pseudoseq,random,censored_hinge,all,HLA-A*23:01,pearson_log,0.5501435589486151,3,3,False
blosum_pseudoseq,random,censored_hinge,all,HLA-A*23:01,auc_gt_2h,0.5,3,3,False
blosum_pseudoseq,random,censored_hinge,all,HLA-A*24:02,spearman,1.0,3,3,False
blosum_pseudoseq,random,censored_hinge,all,HLA-A*24:02,pearson_log,0.9854537393422598,3,3,False
blosum_pseudoseq,random,censored_hinge,all,HLA-A*24:02,auc_gt_2h,1.0,3,3,False
blosum_pseudoseq,random,censored_hinge,all,HLA-A*24:03,spearman,1.0,3,3,False
blosum_pseudoseq,random,censored_hinge,all,HLA-A*24:03,pearson_log,0.9528751758930127,3,3,False
blosum_pseudoseq,random,censored_hinge,all,HLA-A*24:03,auc_gt_2h,1.0,3,3,False
blosum_pseudoseq,random,censored_hinge,all,HLA-A*24:07,spearman,-1.0,3,3,False
blosum_pseudoseq,random,censored_hinge,all,HLA-A*24:07,pearson_log,-0.9803603338013762,3,3,False
blosum_pseudoseq,random,censored_hinge,all,HLA-A*24:07,auc_gt_2h,,3,3,False
blosum_pseudoseq,random,censored_hinge,all,HLA-A*24:19,spearman,0.5,3,3,False
blosum_pseudoseq,random,censored_hinge,all,HLA-A*24:19,pearson_log,0.7856474425877273,3,3,False
blosum_pseudoseq,random,censored_hinge,all,HLA-A*24:19,auc_gt_2h,,3,3,False
blosum_pseudoseq,random,censored_hinge,all,HLA-A*25:01,spearman,-0.8660254037844387,3,3,False
blosum_pseudoseq,random,censored_hinge,all,HLA-A*25:01,pearson_log,-0.6462936856404419,3,3,False
blosum_pseudoseq,random,censored_hinge,all,HLA-A*25:01,auc_gt_2h,,3,3,False
blosum_pseudoseq,random,censored_hinge,all,HLA-A*26:01,spearman,-0.5,3,3,False
blosum_pseudoseq,random,censored_hinge,all,HLA-A*26:01,pearson_log,-0.5301179623501681,3,3,False
blosum_pseudoseq,random,censored_hinge,all,HLA-A*26:01,auc_gt_2h,,3,3,False
blosum_pseudoseq,random,censored_hinge,all,HLA-A*26:02,spearman,-0.5,3,3,False
blosum_pseudoseq,random,censored_hinge,all,HLA-A*26:02,pearson_log,-0.8874757124059601,3,3,False
blosum_pseudoseq,random,censored_hinge,all,HLA-A*26:02,auc_gt_2h,0.0,3,3,False
blosum_pseudoseq,random,censored_hinge,all,HLA-A*26:03,spearman,-0.8660254037844387,3,3,False
blosum_pseudoseq,random,censored_hinge,all,HLA-A*26:03,pearson_log,-0.7682542870575368,3,3,False
blosum_pseudoseq,random,censored_hinge,all,HLA-A*26:03,auc_gt_2h,,3,3,False
blosum_pseudoseq,random,censored_hinge,all,HLA-A*29:02,spearman,0.5,3,3,False
blosum_pseudoseq,random,censored_hinge,all,HLA-A*29:02,pearson_log,0.7120583518014825,3,3,False
blosum_pseudoseq,random,censored_hinge,all,HLA-A*29:02,auc_gt_2h,1.0,3,3,False
blosum_pseudoseq,random,censored_hinge,all,HLA-A*30:01,spearman,-0.5,3,3,False
blosum_pseudoseq,random,censored_hinge,all,HLA-A*30:01,pearson_log,-0.03001667334002589,3,3,False
blosum_pseudoseq,random,censored_hinge,all,HLA-A*30:01,auc_gt_2h,0.5,3,3,False
blosum_pseudoseq,random,censored_hinge,all,HLA-A*30:02,spearman,-0.5,3,3,False
blosum_pseudoseq,random,censored_hinge,all,HLA-A*30:02,pearson_log,-0.80221147324989,3,3,False
blosum_pseudoseq,random,censored_hinge,all,HLA-A*30:02,auc_gt_2h,0.0,3,3,False
blosum_pseudoseq,random,censored_hinge,all,HLA-A*31:01,spearman,0.5,3,3,False
blosum_pseudoseq,random,censored_hinge,all,HLA-A*31:01,pearson_log,0.9121587197213169,3,3,False
blosum_pseudoseq,random,censored_hinge,all,HLA-A*31:01,auc_gt_2h,1.0,3,3,False
blosum_pseudoseq,random,censored_hinge,all,HLA-A*32:01,spearman,-1.0,3,3,False
blosum_pseudoseq,random,censored_hinge,all,HLA-A*32:01,pearson_log,-0.9582663380943621,3,3,False
blosum_pseudoseq,random,censored_hinge,all,HLA-A*32:01,auc_gt_2h,0.0,3,3,False
blosum_pseudoseq,random,censored_hinge,all,HLA-A*32:07,spearman,0.5,3,3,False
blosum_pseudoseq,random,censored_hinge,all,HLA-A*32:07,pearson_log,-0.06384927272771683,3,3,False
blosum_pseudoseq,random,censored_hinge,all,HLA-A*32:07,auc_gt_2h,0.5,3,3,False
blosum_pseudoseq,random,censored_hinge,all,HLA-A*33:03,spearman,0.5,3,3,False
blosum_pseudoseq,random,censored_hinge,all,HLA-A*33:03,pearson_log,0.8983906916367687,3,3,False
blosum_pseudoseq,random,censored_hinge,all,HLA-A*33:03,auc_gt_2h,1.0,3,3,False
blosum_pseudoseq,random,censored_hinge,all,HLA-A*43:01,spearman,0.5,3,3,False
blosum_pseudoseq,random,censored_hinge,all,HLA-A*43:01,pearson_log,0.42464776558086104,3,3,False
blosum_pseudoseq,random,censored_hinge,all,HLA-A*43:01,auc_gt_2h,0.5,3,3,False
blosum_pseudoseq,random,censored_hinge,all,HLA-A*66:01,spearman,-0.5,3,3,False
blosum_pseudoseq,random,censored_hinge,all,HLA-A*66:01,pearson_log,-0.6627015946204496,3,3,False
blosum_pseudoseq,random,censored_hinge,all,HLA-A*66:01,auc_gt_2h,,3,3,False
blosum_pseudoseq,random,censored_hinge,all,HLA-A*68:01,spearman,-1.0,3,3,False
blosum_pseudoseq,random,censored_hinge,all,HLA-A*68:01,pearson_log,-0.9921261274125452,3,3,False
blosum_pseudoseq,random,censored_hinge,all,HLA-A*68:01,auc_gt_2h,0.0,3,3,False
blosum_pseudoseq,random,censored_hinge,all,HLA-A*68:02,spearman,-0.5,3,3,False
blosum_pseudoseq,random,censored_hinge,all,HLA-A*68:02,pearson_log,-0.39305776497222256,3,3,False
blosum_pseudoseq,random,censored_hinge,all,HLA-A*68:02,auc_gt_2h,0.0,3,3,False
blosum_pseudoseq,random,censored_hinge,all,HLA-A*68:23,spearman,,2,2,False
blosum_pseudoseq,random,censored_hinge,all,HLA-A*68:23,pearson_log,,2,2,False
blosum_pseudoseq,random,censored_hinge,all,HLA-A*68:23,auc_gt_2h,,2,2,False
blosum_pseudoseq,random,censored_hinge,all,HLA-A*69:01,spearman,0.5,3,3,False
blosum_pseudoseq,random,censored_hinge,all,HLA-A*69:01,pearson_log,0.4254926130545504,3,3,False
blosum_pseudoseq,random,censored_hinge,all,HLA-A*69:01,auc_gt_2h,,3,3,False
blosum_pseudoseq,random,censored_hinge,all,HLA-A*74:01,spearman,,2,2,False
blosum_pseudoseq,random,censored_hinge,all,HLA-A*74:01,pearson_log,,2,2,False
blosum_pseudoseq,random,censored_hinge,all,HLA-A*74:01,auc_gt_2h,,2,2,False
blosum_pseudoseq,random,censored_hinge,all,HLA-A*80:01,spearman,1.0,3,3,False
blosum_pseudoseq,random,censored_hinge,all,HLA-A*80:01,pearson_log,0.9932843992824957,3,3,False
blosum_pseudoseq,random,censored_hinge,all,HLA-A*80:01,auc_gt_2h,1.0,3,3,False
blosum_pseudoseq,random,censored_hinge,all,HLA-B*07:02,spearman,,2,2,False
blosum_pseudoseq,random,censored_hinge,all,HLA-B*07:02,pearson_log,,2,2,False
blosum_pseudoseq,random,censored_hinge,all,HLA-B*07:02,auc_gt_2h,,2,2,False
blosum_pseudoseq,random,censored_hinge,all,HLA-B*08:01,spearman,0.0,3,3,False
blosum_pseudoseq,random,censored_hinge,all,HLA-B*08:01,pearson_log,0.23546434916245734,3,3,False
blosum_pseudoseq,random,censored_hinge,all,HLA-B*08:01,auc_gt_2h,,3,3,False
blosum_pseudoseq,random,censored_hinge,all,HLA-B*08:03,spearman,,2,2,False
blosum_pseudoseq,random,censored_hinge,all,HLA-B*08:03,pearson_log,,2,2,False
blosum_pseudoseq,random,censored_hinge,all,HLA-B*08:03,auc_gt_2h,,2,2,False
blosum_pseudoseq,random,censored_hinge,all,HLA-B*13:02,spearman,,1,1,True
blosum_pseudoseq,random,censored_hinge,all,HLA-B*13:02,pearson_log,,1,1,True
blosum_pseudoseq,random,censored_hinge,all,HLA-B*13:02,auc_gt_2h,,1,1,True
blosum_pseudoseq,random,censored_hinge,all,HLA-B*14:01(C67S),spearman,,2,2,False
blosum_pseudoseq,random,censored_hinge,all,HLA-B*14:01(C67S),pearson_log,,2,2,False
blosum_pseudoseq,random,censored_hinge,all,HLA-B*14:01(C67S),auc_gt_2h,,2,2,False
blosum_pseudoseq,random,censored_hinge,all,HLA-B*14:02(C67S),spearman,,2,2,False
blosum_pseudoseq,random,censored_hinge,all,HLA-B*14:02(C67S),pearson_log,,2,2,False
blosum_pseudoseq,random,censored_hinge,all,HLA-B*14:02(C67S),auc_gt_2h,1.0,2,2,False
blosum_pseudoseq,random,censored_hinge,all,HLA-B*15:01,spearman,0.5,3,3,False
blosum_pseudoseq,random,censored_hinge,all,HLA-B*15:01,pearson_log,0.049384626315379654,3,3,False
blosum_pseudoseq,random,censored_hinge,all,HLA-B*15:01,auc_gt_2h,1.0,3,3,False
blosum_pseudoseq,random,censored_hinge,all,HLA-B*15:02,spearman,-0.5,3,3,False
blosum_pseudoseq,random,censored_hinge,all,HLA-B*15:02,pearson_log,-0.9515701759674806,3,3,False
blosum_pseudoseq,random,censored_hinge,all,HLA-B*15:02,auc_gt_2h,0.5,3,3,False
blosum_pseudoseq,random,censored_hinge,all,HLA-B*15:10,spearman,,2,2,False
blosum_pseudoseq,random,censored_hinge,all,HLA-B*15:10,pearson_log,,2,2,False
blosum_pseudoseq,random,censored_hinge,all,HLA-B*15:10,auc_gt_2h,1.0,2,2,False
blosum_pseudoseq,random,censored_hinge,all,HLA-B*15:17,spearman,,2,2,False
blosum_pseudoseq,random,censored_hinge,all,HLA-B*15:17,pearson_log,,2,2,False
blosum_pseudoseq,random,censored_hinge,all,HLA-B*15:17,auc_gt_2h,0.0,2,2,False
blosum_pseudoseq,random,censored_hinge,all,HLA-B*18:01,spearman,,2,2,False
blosum_pseudoseq,random,censored_hinge,all,HLA-B*18:01,pearson_log,,2,2,False
blosum_pseudoseq,random,censored_hinge,all,HLA-B*18:01,auc_gt_2h,0.0,2,2,False
blosum_pseudoseq,random,censored_hinge,all,HLA-B*27:02,spearman,,2,2,False
blosum_pseudoseq,random,censored_hinge,all,HLA-B*27:02,pearson_log,,2,2,False
blosum_pseudoseq,random,censored_hinge,all,HLA-B*27:02,auc_gt_2h,,2,2,False
blosum_pseudoseq,random,censored_hinge,all,HLA-B*27:03,spearman,,2,2,False
blosum_pseudoseq,random,censored_hinge,all,HLA-B*27:03,pearson_log,,2,2,False
blosum_pseudoseq,random,censored_hinge,all,HLA-B*27:03,auc_gt_2h,,2,2,False
blosum_pseudoseq,random,censored_hinge,all,HLA-B*27:05,spearman,0.5,3,3,False
blosum_pseudoseq,random,censored_hinge,all,HLA-B*27:05,pearson_log,0.5821941034492453,3,3,False
blosum_pseudoseq,random,censored_hinge,all,HLA-B*27:05,auc_gt_2h,0.5,3,3,False
blosum_pseudoseq,random,censored_hinge,all,HLA-B*27:20,spearman,,2,2,False
blosum_pseudoseq,random,censored_hinge,all,HLA-B*27:20,pearson_log,,2,2,False
blosum_pseudoseq,random,censored_hinge,all,HLA-B*27:20,auc_gt_2h,,2,2,False
blosum_pseudoseq,random,censored_hinge,all,HLA-B*35:01,spearman,,2,2,False
blosum_pseudoseq,random,censored_hinge,all,HLA-B*35:01,pearson_log,,2,2,False
blosum_pseudoseq,random,censored_hinge,all,HLA-B*35:01,auc_gt_2h,0.0,2,2,False
blosum_pseudoseq,random,censored_hinge,all,HLA-B*35:03,spearman,,2,2,False
blosum_pseudoseq,random,censored_hinge,all,HLA-B*35:03,pearson_log,,2,2,False
blosum_pseudoseq,random,censored_hinge,all,HLA-B*35:03,auc_gt_2h,0.0,2,2,False
blosum_pseudoseq,random,censored_hinge,all,HLA-B*35:08,spearman,-0.5,3,3,False
blosum_pseudoseq,random,censored_hinge,all,HLA-B*35:08,pearson_log,-0.6710810964504067,3,3,False
blosum_pseudoseq,random,censored_hinge,all,HLA-B*35:08,auc_gt_2h,0.5,3,3,False
blosum_pseudoseq,random,censored_hinge,all,HLA-B*39:01,spearman,,2,2,False
blosum_pseudoseq,random,censored_hinge,all,HLA-B*39:01,pearson_log,,2,2,False
blosum_pseudoseq,random,censored_hinge,all,HLA-B*39:01,auc_gt_2h,,2,2,False
blosum_pseudoseq,random,censored_hinge,all,HLA-B*39:02,spearman,0.8660254037844387,3,3,False
blosum_pseudoseq,random,censored_hinge,all,HLA-B*39:02,pearson_log,0.997299992852311,3,3,False
blosum_pseudoseq,random,censored_hinge,all,HLA-B*39:02,auc_gt_2h,,3,3,False
blosum_pseudoseq,random,censored_hinge,all,HLA-B*39:06(C67S),spearman,,3,3,False
blosum_pseudoseq,random,censored_hinge,all,HLA-B*39:06(C67S),pearson_log,,3,3,False
blosum_pseudoseq,random,censored_hinge,all,HLA-B*39:06(C67S),auc_gt_2h,,3,3,False
blosum_pseudoseq,random,censored_hinge,all,HLA-B*39:10,spearman,,2,2,False
blosum_pseudoseq,random,censored_hinge,all,HLA-B*39:10,pearson_log,,2,2,False
blosum_pseudoseq,random,censored_hinge,all,HLA-B*39:10,auc_gt_2h,0.0,2,2,False
blosum_pseudoseq,random,censored_hinge,all,HLA-B*40:01,spearman,-0.5,3,3,False
blosum_pseudoseq,random,censored_hinge,all,HLA-B*40:01,pearson_log,0.22805160533844032,3,3,False
blosum_pseudoseq,random,censored_hinge,all,HLA-B*40:01,auc_gt_2h,,3,3,False
blosum_pseudoseq,random,censored_hinge,all,HLA-B*40:02,spearman,1.0,3,3,False
blosum_pseudoseq,random,censored_hinge,all,HLA-B*40:02,pearson_log,0.8309090883569223,3,3,False
blosum_pseudoseq,random,censored_hinge,all,HLA-B*40:02,auc_gt_2h,1.0,3,3,False
blosum_pseudoseq,random,censored_hinge,all,HLA-B*41:01,spearman,-0.5,3,3,False
blosum_pseudoseq,random,censored_hinge,all,HLA-B*41:01,pearson_log,-0.882196407520593,3,3,False
blosum_pseudoseq,random,censored_hinge,all,HLA-B*41:01,auc_gt_2h,,3,3,False
blosum_pseudoseq,random,censored_hinge,all,HLA-B*42:01,spearman,,2,2,False
blosum_pseudoseq,random,censored_hinge,all,HLA-B*42:01,pearson_log,,2,2,False
blosum_pseudoseq,random,censored_hinge,all,HLA-B*42:01,auc_gt_2h,,2,2,False
blosum_pseudoseq,random,censored_hinge,all,HLA-B*42:02,spearman,-0.5,3,3,False
blosum_pseudoseq,random,censored_hinge,all,HLA-B*42:02,pearson_log,-0.7458646085802942,3,3,False
blosum_pseudoseq,random,censored_hinge,all,HLA-B*42:02,auc_gt_2h,0.0,3,3,False
blosum_pseudoseq,random,censored_hinge,all,HLA-B*44:05,spearman,,2,2,False
blosum_pseudoseq,random,censored_hinge,all,HLA-B*44:05,pearson_log,,2,2,False
blosum_pseudoseq,random,censored_hinge,all,HLA-B*44:05,auc_gt_2h,,2,2,False
blosum_pseudoseq,random,censored_hinge,all,HLA-B*45:01,spearman,0.8660254037844387,3,3,False
blosum_pseudoseq,random,censored_hinge,all,HLA-B*45:01,pearson_log,0.6076002629042669,3,3,False
blosum_pseudoseq,random,censored_hinge,all,HLA-B*45:01,auc_gt_2h,,3,3,False
blosum_pseudoseq,random,censored_hinge,all,HLA-B*46:01,spearman,-0.8660254037844387,3,3,False
blosum_pseudoseq,random,censored_hinge,all,HLA-B*46:01,pearson_log,-0.9325172153679113,3,3,False
blosum_pseudoseq,random,censored_hinge,all,HLA-B*46:01,auc_gt_2h,,3,3,False
blosum_pseudoseq,random,censored_hinge,all,HLA-B*51:01,spearman,-0.8660254037844387,3,3,False
blosum_pseudoseq,random,censored_hinge,all,HLA-B*51:01,pearson_log,-0.5132640692006267,3,3,False
blosum_pseudoseq,random,censored_hinge,all,HLA-B*51:01,auc_gt_2h,0.0,3,3,False
blosum_pseudoseq,random,censored_hinge,all,HLA-B*54:01,spearman,0.5,3,3,False
blosum_pseudoseq,random,censored_hinge,all,HLA-B*54:01,pearson_log,0.5791441869266047,3,3,False
blosum_pseudoseq,random,censored_hinge,all,HLA-B*54:01,auc_gt_2h,0.5,3,3,False
blosum_pseudoseq,random,censored_hinge,all,HLA-B*55:01,spearman,,2,2,False
blosum_pseudoseq,random,censored_hinge,all,HLA-B*55:01,pearson_log,,2,2,False
blosum_pseudoseq,random,censored_hinge,all,HLA-B*55:01,auc_gt_2h,,2,2,False
blosum_pseudoseq,random,censored_hinge,all,HLA-B*56:01,spearman,-0.5,3,3,False
blosum_pseudoseq,random,censored_hinge,all,HLA-B*56:01,pearson_log,-0.6287270549998059,3,3,False
blosum_pseudoseq,random,censored_hinge,all,HLA-B*56:01,auc_gt_2h,,3,3,False
blosum_pseudoseq,random,censored_hinge,all,HLA-B*57:01,spearman,,2,2,False
blosum_pseudoseq,random,censored_hinge,all,HLA-B*57:01,pearson_log,,2,2,False
blosum_pseudoseq,random,censored_hinge,all,HLA-B*57:01,auc_gt_2h,,2,2,False
blosum_pseudoseq,random,censored_hinge,all,HLA-B*57:02,spearman,,2,2,False
blosum_pseudoseq,random,censored_hinge,all,HLA-B*57:02,pearson_log,,2,2,False
blosum_pseudoseq,random,censored_hinge,all,HLA-B*57:02,auc_gt_2h,,2,2,False
blosum_pseudoseq,random,censored_hinge,all,HLA-B*57:03,spearman,,2,2,False
blosum_pseudoseq,random,censored_hinge,all,HLA-B*57:03,pearson_log,,2,2,False
blosum_pseudoseq,random,censored_hinge,all,HLA-B*57:03,auc_gt_2h,,2,2,False
blosum_pseudoseq,random,censored_hinge,all,HLA-B*58:01,spearman,-1.0,3,3,False
blosum_pseudoseq,random,censored_hinge,all,HLA-B*58:01,pearson_log,-0.8162183201492331,3,3,False
blosum_pseudoseq,random,censored_hinge,all,HLA-B*58:01,auc_gt_2h,0.0,3,3,False
blosum_pseudoseq,random,censored_hinge,all,HLA-B*81:01,spearman,,2,2,False
blosum_pseudoseq,random,censored_hinge,all,HLA-B*81:01,pearson_log,,2,2,False
blosum_pseudoseq,random,censored_hinge,all,HLA-B*81:01,auc_gt_2h,,2,2,False
blosum_pseudoseq,random,censored_hinge,nonzero,HLA-A*01:01,spearman,,2,2,False
blosum_pseudoseq,random,censored_hinge,nonzero,HLA-A*01:01,pearson_log,,2,2,False
blosum_pseudoseq,random,censored_hinge,nonzero,HLA-A*01:01,auc_gt_2h,,2,2,False
blosum_pseudoseq,random,censored_hinge,nonzero,HLA-A*02:01,spearman,-0.5,3,3,False
blosum_pseudoseq,random,censored_hinge,nonzero,HLA-A*02:01,pearson_log,-0.48003412527993644,3,3,False
blosum_pseudoseq,random,censored_hinge,nonzero,HLA-A*02:01,auc_gt_2h,,3,3,False
blosum_pseudoseq,random,censored_hinge,nonzero,HLA-A*02:03,spearman,,2,2,False
blosum_pseudoseq,random,censored_hinge,nonzero,HLA-A*02:03,pearson_log,,2,2,False
blosum_pseudoseq,random,censored_hinge,nonzero,HLA-A*02:03,auc_gt_2h,1.0,2,2,False
blosum_pseudoseq,random,censored_hinge,nonzero,HLA-A*02:05,spearman,0.5,3,3,False
blosum_pseudoseq,random,censored_hinge,nonzero,HLA-A*02:05,pearson_log,0.888572905156229,3,3,False
blosum_pseudoseq,random,censored_hinge,nonzero,HLA-A*02:05,auc_gt_2h,,3,3,False
blosum_pseudoseq,random,censored_hinge,nonzero,HLA-A*02:10,spearman,0.5,3,3,False
blosum_pseudoseq,random,censored_hinge,nonzero,HLA-A*02:10,pearson_log,0.833188077172746,3,3,False
blosum_pseudoseq,random,censored_hinge,nonzero,HLA-A*02:10,auc_gt_2h,1.0,3,3,False
blosum_pseudoseq,random,censored_hinge,nonzero,HLA-A*02:11,spearman,-1.0,3,3,False
blosum_pseudoseq,random,censored_hinge,nonzero,HLA-A*02:11,pearson_log,-0.9262503572987182,3,3,False
blosum_pseudoseq,random,censored_hinge,nonzero,HLA-A*02:11,auc_gt_2h,,3,3,False
blosum_pseudoseq,random,censored_hinge,nonzero,HLA-A*02:12,spearman,-0.5,3,3,False
blosum_pseudoseq,random,censored_hinge,nonzero,HLA-A*02:12,pearson_log,-0.6679928074464635,3,3,False
blosum_pseudoseq,random,censored_hinge,nonzero,HLA-A*02:12,auc_gt_2h,,3,3,False
blosum_pseudoseq,random,censored_hinge,nonzero,HLA-A*02:16,spearman,0.5,3,3,False
blosum_pseudoseq,random,censored_hinge,nonzero,HLA-A*02:16,pearson_log,0.07317435674634992,3,3,False
blosum_pseudoseq,random,censored_hinge,nonzero,HLA-A*02:16,auc_gt_2h,0.5,3,3,False
blosum_pseudoseq,random,censored_hinge,nonzero,HLA-A*02:19,spearman,-0.5,3,3,False
blosum_pseudoseq,random,censored_hinge,nonzero,HLA-A*02:19,pearson_log,-0.4724674258427928,3,3,False
blosum_pseudoseq,random,censored_hinge,nonzero,HLA-A*02:19,auc_gt_2h,,3,3,False
blosum_pseudoseq,random,censored_hinge,nonzero,HLA-A*02:50,spearman,-1.0,3,3,False
blosum_pseudoseq,random,censored_hinge,nonzero,HLA-A*02:50,pearson_log,-0.9604139292898186,3,3,False
blosum_pseudoseq,random,censored_hinge,nonzero,HLA-A*02:50,auc_gt_2h,,3,3,False
blosum_pseudoseq,random,censored_hinge,nonzero,HLA-A*03:01,spearman,,2,2,False
blosum_pseudoseq,random,censored_hinge,nonzero,HLA-A*03:01,pearson_log,,2,2,False
blosum_pseudoseq,random,censored_hinge,nonzero,HLA-A*03:01,auc_gt_2h,0.0,2,2,False
blosum_pseudoseq,random,censored_hinge,nonzero,HLA-A*11:01,spearman,1.0,3,3,False
blosum_pseudoseq,random,censored_hinge,nonzero,HLA-A*11:01,pearson_log,0.9646705654110478,3,3,False
blosum_pseudoseq,random,censored_hinge,nonzero,HLA-A*11:01,auc_gt_2h,1.0,3,3,False
blosum_pseudoseq,random,censored_hinge,nonzero,HLA-A*23:01,spearman,0.5,3,3,False
blosum_pseudoseq,random,censored_hinge,nonzero,HLA-A*23:01,pearson_log,0.5501435589486151,3,3,False
blosum_pseudoseq,random,censored_hinge,nonzero,HLA-A*23:01,auc_gt_2h,0.5,3,3,False
blosum_pseudoseq,random,censored_hinge,nonzero,HLA-A*24:02,spearman,1.0,3,3,False
blosum_pseudoseq,random,censored_hinge,nonzero,HLA-A*24:02,pearson_log,0.9854537393422598,3,3,False
blosum_pseudoseq,random,censored_hinge,nonzero,HLA-A*24:02,auc_gt_2h,1.0,3,3,False
blosum_pseudoseq,random,censored_hinge,nonzero,HLA-A*24:03,spearman,1.0,3,3,False
blosum_pseudoseq,random,censored_hinge,nonzero,HLA-A*24:03,pearson_log,0.9528751758930127,3,3,False
blosum_pseudoseq,random,censored_hinge,nonzero,HLA-A*24:03,auc_gt_2h,1.0,3,3,False
blosum_pseudoseq,random,censored_hinge,nonzero,HLA-A*24:07,spearman,-1.0,3,3,False
blosum_pseudoseq,random,censored_hinge,nonzero,HLA-A*24:07,pearson_log,-0.9803603338013762,3,3,False
blosum_pseudoseq,random,censored_hinge,nonzero,HLA-A*24:07,auc_gt_2h,,3,3,False
blosum_pseudoseq,random,censored_hinge,nonzero,HLA-A*24:19,spearman,,2,2,False
blosum_pseudoseq,random,censored_hinge,nonzero,HLA-A*24:19,pearson_log,,2,2,False
blosum_pseudoseq,random,censored_hinge,nonzero,HLA-A*24:19,auc_gt_2h,,2,2,False
blosum_pseudoseq,random,censored_hinge,nonzero,HLA-A*25:01,spearman,,1,1,True
blosum_pseudoseq,random,censored_hinge,nonzero,HLA-A*25:01,pearson_log,,1,1,True
blosum_pseudoseq,random,censored_hinge,nonzero,HLA-A*25:01,auc_gt_2h,,1,1,True
blosum_pseudoseq,random,censored_hinge,nonzero,HLA-A*26:01,spearman,-0.5,3,3,False
blosum_pseudoseq,random,censored_hinge,nonzero,HLA-A*26:01,pearson_log,-0.5301179623501681,3,3,False
blosum_pseudoseq,random,censored_hinge,nonzero,HLA-A*26:01,auc_gt_2h,,3,3,False
blosum_pseudoseq,random,censored_hinge,nonzero,HLA-A*26:02,spearman,-0.5,3,3,False
blosum_pseudoseq,random,censored_hinge,nonzero,HLA-A*26:02,pearson_log,-0.8874757124059601,3,3,False
blosum_pseudoseq,random,censored_hinge,nonzero,HLA-A*26:02,auc_gt_2h,0.0,3,3,False
blosum_pseudoseq,random,censored_hinge,nonzero,HLA-A*26:03,spearman,,1,1,True
blosum_pseudoseq,random,censored_hinge,nonzero,HLA-A*26:03,pearson_log,,1,1,True
blosum_pseudoseq,random,censored_hinge,nonzero,HLA-A*26:03,auc_gt_2h,,1,1,True
blosum_pseudoseq,random,censored_hinge,nonzero,HLA-A*29:02,spearman,0.5,3,3,False
blosum_pseudoseq,random,censored_hinge,nonzero,HLA-A*29:02,pearson_log,0.7120583518014825,3,3,False
blosum_pseudoseq,random,censored_hinge,nonzero,HLA-A*29:02,auc_gt_2h,1.0,3,3,False
blosum_pseudoseq,random,censored_hinge,nonzero,HLA-A*30:01,spearman,,2,2,False
blosum_pseudoseq,random,censored_hinge,nonzero,HLA-A*30:01,pearson_log,,2,2,False
blosum_pseudoseq,random,censored_hinge,nonzero,HLA-A*30:01,auc_gt_2h,1.0,2,2,False
blosum_pseudoseq,random,censored_hinge,nonzero,HLA-A*30:02,spearman,,2,2,False
blosum_pseudoseq,random,censored_hinge,nonzero,HLA-A*30:02,pearson_log,,2,2,False
blosum_pseudoseq,random,censored_hinge,nonzero,HLA-A*30:02,auc_gt_2h,0.0,2,2,False
blosum_pseudoseq,random,censored_hinge,nonzero,HLA-A*31:01,spearman,0.5,3,3,False
blosum_pseudoseq,random,censored_hinge,nonzero,HLA-A*31:01,pearson_log,0.9121587197213169,3,3,False
blosum_pseudoseq,random,censored_hinge,nonzero,HLA-A*31:01,auc_gt_2h,1.0,3,3,False
blosum_pseudoseq,random,censored_hinge,nonzero,HLA-A*32:01,spearman,,2,2,False
blosum_pseudoseq,random,censored_hinge,nonzero,HLA-A*32:01,pearson_log,,2,2,False
blosum_pseudoseq,random,censored_hinge,nonzero,HLA-A*32:01,auc_gt_2h,,2,2,False
blosum_pseudoseq,random,censored_hinge,nonzero,HLA-A*32:07,spearman,0.5,3,3,False
blosum_pseudoseq,random,censored_hinge,nonzero,HLA-A*32:07,pearson_log,-0.06384927272771683,3,3,False
blosum_pseudoseq,random,censored_hinge,nonzero,HLA-A*32:07,auc_gt_2h,0.5,3,3,False
blosum_pseudoseq,random,censored_hinge,nonzero,HLA-A*33:03,spearman,,2,2,False
blosum_pseudoseq,random,censored_hinge,nonzero,HLA-A*33:03,pearson_log,,2,2,False
blosum_pseudoseq,random,censored_hinge,nonzero,HLA-A*33:03,auc_gt_2h,1.0,2,2,False
blosum_pseudoseq,random,censored_hinge,nonzero,HLA-A*43:01,spearman,,2,2,False
blosum_pseudoseq,random,censored_hinge,nonzero,HLA-A*43:01,pearson_log,,2,2,False
blosum_pseudoseq,random,censored_hinge,nonzero,HLA-A*43:01,auc_gt_2h,0.0,2,2,False
blosum_pseudoseq,random,censored_hinge,nonzero,HLA-A*66:01,spearman,,2,2,False
blosum_pseudoseq,random,censored_hinge,nonzero,HLA-A*66:01,pearson_log,,2,2,False
blosum_pseudoseq,random,censored_hinge,nonzero,HLA-A*66:01,auc_gt_2h,,2,2,False
blosum_pseudoseq,random,censored_hinge,nonzero,HLA-A*68:01,spearman,,2,2,False
blosum_pseudoseq,random,censored_hinge,nonzero,HLA-A*68:01,pearson_log,,2,2,False
blosum_pseudoseq,random,censored_hinge,nonzero,HLA-A*68:01,auc_gt_2h,,2,2,False
blosum_pseudoseq,random,censored_hinge,nonzero,HLA-A*68:02,spearman,-0.5,3,3,False
blosum_pseudoseq,random,censored_hinge,nonzero,HLA-A*68:02,pearson_log,-0.39305776497222256,3,3,False
blosum_pseudoseq,random,censored_hinge,nonzero,HLA-A*68:02,auc_gt_2h,0.0,3,3,False
blosum_pseudoseq,random,censored_hinge,nonzero,HLA-A*68:23,spearman,,2,2,False
blosum_pseudoseq,random,censored_hinge,nonzero,HLA-A*68:23,pearson_log,,2,2,False
blosum_pseudoseq,random,censored_hinge,nonzero,HLA-A*68:23,auc_gt_2h,,2,2,False
blosum_pseudoseq,random,censored_hinge,nonzero,HLA-A*69:01,spearman,0.5,3,3,False
blosum_pseudoseq,random,censored_hinge,nonzero,HLA-A*69:01,pearson_log,0.4254926130545504,3,3,False
blosum_pseudoseq,random,censored_hinge,nonzero,HLA-A*69:01,auc_gt_2h,,3,3,False
blosum_pseudoseq,random,censored_hinge,nonzero,HLA-A*74:01,spearman,,2,2,False
blosum_pseudoseq,random,censored_hinge,nonzero,HLA-A*74:01,pearson_log,,2,2,False
blosum_pseudoseq,random,censored_hinge,nonzero,HLA-A*74:01,auc_gt_2h,,2,2,False
blosum_pseudoseq,random,censored_hinge,nonzero,HLA-A*80:01,spearman,,2,2,False
blosum_pseudoseq,random,censored_hinge,nonzero,HLA-A*80:01,pearson_log,,2,2,False
blosum_pseudoseq,random,censored_hinge,nonzero,HLA-A*80:01,auc_gt_2h,1.0,2,2,False
blosum_pseudoseq,random,censored_hinge,nonzero,HLA-B*07:02,spearman,,2,2,False
blosum_pseudoseq,random,censored_hinge,nonzero,HLA-B*07:02,pearson_log,,2,2,False
blosum_pseudoseq,random,censored_hinge,nonzero,HLA-B*07:02,auc_gt_2h,,2,2,False
blosum_pseudoseq,random,censored_hinge,nonzero,HLA-B*08:01,spearman,0.0,3,3,False
blosum_pseudoseq,random,censored_hinge,nonzero,HLA-B*08:01,pearson_log,0.23546434916245734,3,3,False
blosum_pseudoseq,random,censored_hinge,nonzero,HLA-B*08:01,auc_gt_2h,,3,3,False
blosum_pseudoseq,random,censored_hinge,nonzero,HLA-B*08:03,spearman,,1,1,True
blosum_pseudoseq,random,censored_hinge,nonzero,HLA-B*08:03,pearson_log,,1,1,True
blosum_pseudoseq,random,censored_hinge,nonzero,HLA-B*08:03,auc_gt_2h,,1,1,True
blosum_pseudoseq,random,censored_hinge,nonzero,HLA-B*13:02,spearman,,1,1,True
blosum_pseudoseq,random,censored_hinge,nonzero,HLA-B*13:02,pearson_log,,1,1,True
blosum_pseudoseq,random,censored_hinge,nonzero,HLA-B*13:02,auc_gt_2h,,1,1,True
blosum_pseudoseq,random,censored_hinge,nonzero,HLA-B*14:02(C67S),spearman,,1,1,True
blosum_pseudoseq,random,censored_hinge,nonzero,HLA-B*14:02(C67S),pearson_log,,1,1,True
blosum_pseudoseq,random,censored_hinge,nonzero,HLA-B*14:02(C67S),auc_gt_2h,,1,1,True
blosum_pseudoseq,random,censored_hinge,nonzero,HLA-B*15:01,spearman,,2,2,False
blosum_pseudoseq,random,censored_hinge,nonzero,HLA-B*15:01,pearson_log,,2,2,False
blosum_pseudoseq,random,censored_hinge,nonzero,HLA-B*15:01,auc_gt_2h,1.0,2,2,False
blosum_pseudoseq,random,censored_hinge,nonzero,HLA-B*15:02,spearman,,2,2,False
blosum_pseudoseq,random,censored_hinge,nonzero,HLA-B*15:02,pearson_log,,2,2,False
blosum_pseudoseq,random,censored_hinge,nonzero,HLA-B*15:02,auc_gt_2h,1.0,2,2,False
blosum_pseudoseq,random,censored_hinge,nonzero,HLA-B*15:10,spearman,,2,2,False
blosum_pseudoseq,random,censored_hinge,nonzero,HLA-B*15:10,pearson_log,,2,2,False
blosum_pseudoseq,random,censored_hinge,nonzero,HLA-B*15:10,auc_gt_2h,1.0,2,2,False
blosum_pseudoseq,random,censored_hinge,nonzero,HLA-B*15:17,spearman,,1,1,True
blosum_pseudoseq,random,censored_hinge,nonzero,HLA-B*15:17,pearson_log,,1,1,True
blosum_pseudoseq,random,censored_hinge,nonzero,HLA-B*15:17,auc_gt_2h,,1,1,True
blosum_pseudoseq,random,censored_hinge,nonzero,HLA-B*18:01,spearman,,2,2,False
blosum_pseudoseq,random,censored_hinge,nonzero,HLA-B*18:01,pearson_log,,2,2,False
blosum_pseudoseq,random,censored_hinge,nonzero,HLA-B*18:01,auc_gt_2h,0.0,2,2,False
blosum_pseudoseq,random,censored_hinge,nonzero,HLA-B*27:02,spearman,,2,2,False
blosum_pseudoseq,random,censored_hinge,nonzero,HLA-B*27:02,pearson_log,,2,2,False
blosum_pseudoseq,random,censored_hinge,nonzero,HLA-B*27:02,auc_gt_2h,,2,2,False
blosum_pseudoseq,random,censored_hinge,nonzero,HLA-B*27:03,spearman,,2,2,False
blosum_pseudoseq,random,censored_hinge,nonzero,HLA-B*27:03,pearson_log,,2,2,False
blosum_pseudoseq,random,censored_hinge,nonzero,HLA-B*27:03,auc_gt_2h,,2,2,False
blosum_pseudoseq,random,censored_hinge,nonzero,HLA-B*27:05,spearman,0.5,3,3,False
blosum_pseudoseq,random,censored_hinge,nonzero,HLA-B*27:05,pearson_log,0.5821941034492453,3,3,False
blosum_pseudoseq,random,censored_hinge,nonzero,HLA-B*27:05,auc_gt_2h,0.5,3,3,False
blosum_pseudoseq,random,censored_hinge,nonzero,HLA-B*27:20,spearman,,1,1,True
blosum_pseudoseq,random,censored_hinge,nonzero,HLA-B*27:20,pearson_log,,1,1,True
blosum_pseudoseq,random,censored_hinge,nonzero,HLA-B*27:20,auc_gt_2h,,1,1,True
blosum_pseudoseq,random,censored_hinge,nonzero,HLA-B*35:01,spearman,,1,1,True
blosum_pseudoseq,random,censored_hinge,nonzero,HLA-B*35:01,pearson_log,,1,1,True
blosum_pseudoseq,random,censored_hinge,nonzero,HLA-B*35:01,auc_gt_2h,,1,1,True
blosum_pseudoseq,random,censored_hinge,nonzero,HLA-B*35:03,spearman,,2,2,False
blosum_pseudoseq,random,censored_hinge,nonzero,HLA-B*35:03,pearson_log,,2,2,False
blosum_pseudoseq,random,censored_hinge,nonzero,HLA-B*35:03,auc_gt_2h,0.0,2,2,False
blosum_pseudoseq,random,censored_hinge,nonzero,HLA-B*35:08,spearman,-0.5,3,3,False
blosum_pseudoseq,random,censored_hinge,nonzero,HLA-B*35:08,pearson_log,-0.6710810964504067,3,3,False
blosum_pseudoseq,random,censored_hinge,nonzero,HLA-B*35:08,auc_gt_2h,0.5,3,3,False
blosum_pseudoseq,random,censored_hinge,nonzero,HLA-B*39:01,spearman,,2,2,False
blosum_pseudoseq,random,censored_hinge,nonzero,HLA-B*39:01,pearson_log,,2,2,False
blosum_pseudoseq,random,censored_hinge,nonzero,HLA-B*39:01,auc_gt_2h,,2,2,False
blosum_pseudoseq,random,censored_hinge,nonzero,HLA-B*39:02,spearman,,2,2,False
blosum_pseudoseq,random,censored_hinge,nonzero,HLA-B*39:02,pearson_log,,2,2,False
blosum_pseudoseq,random,censored_hinge,nonzero,HLA-B*39:02,auc_gt_2h,,2,2,False
blosum_pseudoseq,random,censored_hinge,nonzero,HLA-B*39:10,spearman,,2,2,False
blosum_pseudoseq,random,censored_hinge,nonzero,HLA-B*39:10,pearson_log,,2,2,False
blosum_pseudoseq,random,censored_hinge,nonzero,HLA-B*39:10,auc_gt_2h,0.0,2,2,False
blosum_pseudoseq,random,censored_hinge,nonzero,HLA-B*40:01,spearman,-0.5,3,3,False
blosum_pseudoseq,random,censored_hinge,nonzero,HLA-B*40:01,pearson_log,0.22805160533844032,3,3,False
blosum_pseudoseq,random,censored_hinge,nonzero,HLA-B*40:01,auc_gt_2h,,3,3,False
blosum_pseudoseq,random,censored_hinge,nonzero,HLA-B*40:02,spearman,1.0,3,3,False
blosum_pseudoseq,random,censored_hinge,nonzero,HLA-B*40:02,pearson_log,0.8309090883569223,3,3,False
blosum_pseudoseq,random,censored_hinge,nonzero,HLA-B*40:02,auc_gt_2h,1.0,3,3,False
blosum_pseudoseq,random,censored_hinge,nonzero,HLA-B*41:01,spearman,,2,2,False
blosum_pseudoseq,random,censored_hinge,nonzero,HLA-B*41:01,pearson_log,,2,2,False
blosum_pseudoseq,random,censored_hinge,nonzero,HLA-B*41:01,auc_gt_2h,,2,2,False
blosum_pseudoseq,random,censored_hinge,nonzero,HLA-B*42:01,spearman,,2,2,False
blosum_pseudoseq,random,censored_hinge,nonzero,HLA-B*42:01,pearson_log,,2,2,False
blosum_pseudoseq,random,censored_hinge,nonzero,HLA-B*42:01,auc_gt_2h,,2,2,False
blosum_pseudoseq,random,censored_hinge,nonzero,HLA-B*42:02,spearman,-0.5,3,3,False
blosum_pseudoseq,random,censored_hinge,nonzero,HLA-B*42:02,pearson_log,-0.7458646085802942,3,3,False
blosum_pseudoseq,random,censored_hinge,nonzero,HLA-B*42:02,auc_gt_2h,0.0,3,3,False
blosum_pseudoseq,random,censored_hinge,nonzero,HLA-B*44:05,spearman,,2,2,False
blosum_pseudoseq,random,censored_hinge,nonzero,HLA-B*44:05,pearson_log,,2,2,False
blosum_pseudoseq,random,censored_hinge,nonzero,HLA-B*44:05,auc_gt_2h,,2,2,False
blosum_pseudoseq,random,censored_hinge,nonzero,HLA-B*45:01,spearman,,1,1,True
blosum_pseudoseq,random,censored_hinge,nonzero,HLA-B*45:01,pearson_log,,1,1,True
blosum_pseudoseq,random,censored_hinge,nonzero,HLA-B*45:01,auc_gt_2h,,1,1,True
blosum_pseudoseq,random,censored_hinge,nonzero,HLA-B*46:01,spearman,,1,1,True
blosum_pseudoseq,random,censored_hinge,nonzero,HLA-B*46:01,pearson_log,,1,1,True
blosum_pseudoseq,random,censored_hinge,nonzero,HLA-B*46:01,auc_gt_2h,,1,1,True
blosum_pseudoseq,random,censored_hinge,nonzero,HLA-B*51:01,spearman,,1,1,True
blosum_pseudoseq,random,censored_hinge,nonzero,HLA-B*51:01,pearson_log,,1,1,True
blosum_pseudoseq,random,censored_hinge,nonzero,HLA-B*51:01,auc_gt_2h,,1,1,True
blosum_pseudoseq,random,censored_hinge,nonzero,HLA-B*54:01,spearman,,2,2,False
blosum_pseudoseq,random,censored_hinge,nonzero,HLA-B*54:01,pearson_log,,2,2,False
blosum_pseudoseq,random,censored_hinge,nonzero,HLA-B*54:01,auc_gt_2h,0.0,2,2,False
blosum_pseudoseq,random,censored_hinge,nonzero,HLA-B*56:01,spearman,,2,2,False
blosum_pseudoseq,random,censored_hinge,nonzero,HLA-B*56:01,pearson_log,,2,2,False
blosum_pseudoseq,random,censored_hinge,nonzero,HLA-B*56:01,auc_gt_2h,,2,2,False
blosum_pseudoseq,random,censored_hinge,nonzero,HLA-B*57:01,spearman,,2,2,False
blosum_pseudoseq,random,censored_hinge,nonzero,HLA-B*57:01,pearson_log,,2,2,False
blosum_pseudoseq,random,censored_hinge,nonzero,HLA-B*57:01,auc_gt_2h,,2,2,False
blosum_pseudoseq,random,censored_hinge,nonzero,HLA-B*57:02,spearman,,2,2,False
blosum_pseudoseq,random,censored_hinge,nonzero,HLA-B*57:02,pearson_log,,2,2,False
blosum_pseudoseq,random,censored_hinge,nonzero,HLA-B*57:02,auc_gt_2h,,2,2,False
blosum_pseudoseq,random,censored_hinge,nonzero,HLA-B*57:03,spearman,,2,2,False
blosum_pseudoseq,random,censored_hinge,nonzero,HLA-B*57:03,pearson_log,,2,2,False
blosum_pseudoseq,random,censored_hinge,nonzero,HLA-B*57:03,auc_gt_2h,,2,2,False
blosum_pseudoseq,random,censored_hinge,nonzero,HLA-B*58:01,spearman,-1.0,3,3,False
blosum_pseudoseq,random,censored_hinge,nonzero,HLA-B*58:01,pearson_log,-0.8162183201492331,3,3,False
blosum_pseudoseq,random,censored_hinge,nonzero,HLA-B*58:01,auc_gt_2h,0.0,3,3,False
blosum_pseudoseq,random,censored_hinge,nonzero,HLA-B*81:01,spearman,,2,2,False
blosum_pseudoseq,random,censored_hinge,nonzero,HLA-B*81:01,pearson_log,,2,2,False
blosum_pseudoseq,random,censored_hinge,nonzero,HLA-B*81:01,auc_gt_2h,,2,2,False
blosum_pseudoseq,random,mse,all,HLA-A*01:01,spearman,1.0,3,3,False
blosum_pseudoseq,random,mse,all,HLA-A*01:01,pearson_log,0.9147384880151717,3,3,False
blosum_pseudoseq,random,mse,all,HLA-A*01:01,auc_gt_2h,,3,3,False
blosum_pseudoseq,random,mse,all,HLA-A*02:01,spearman,-0.5,3,3,False
blosum_pseudoseq,random,mse,all,HLA-A*02:01,pearson_log,-0.4626773185364291,3,3,False
blosum_pseudoseq,random,mse,all,HLA-A*02:01,auc_gt_2h,,3,3,False
blosum_pseudoseq,random,mse,all,HLA-A*02:03,spearman,-0.5,3,3,False
blosum_pseudoseq,random,mse,all,HLA-A*02:03,pearson_log,-0.04167633568622969,3,3,False
blosum_pseudoseq,random,mse,all,HLA-A*02:03,auc_gt_2h,0.5,3,3,False
blosum_pseudoseq,random,mse,all,HLA-A*02:05,spearman,0.5,3,3,False
blosum_pseudoseq,random,mse,all,HLA-A*02:05,pearson_log,0.733695521175286,3,3,False
blosum_pseudoseq,random,mse,all,HLA-A*02:05,auc_gt_2h,,3,3,False
blosum_pseudoseq,random,mse,all,HLA-A*02:10,spearman,0.5,3,3,False
blosum_pseudoseq,random,mse,all,HLA-A*02:10,pearson_log,0.8200158719716992,3,3,False
blosum_pseudoseq,random,mse,all,HLA-A*02:10,auc_gt_2h,1.0,3,3,False
blosum_pseudoseq,random,mse,all,HLA-A*02:11,spearman,-1.0,3,3,False
blosum_pseudoseq,random,mse,all,HLA-A*02:11,pearson_log,-0.9478782894357082,3,3,False
blosum_pseudoseq,random,mse,all,HLA-A*02:11,auc_gt_2h,,3,3,False
blosum_pseudoseq,random,mse,all,HLA-A*02:12,spearman,-1.0,3,3,False
blosum_pseudoseq,random,mse,all,HLA-A*02:12,pearson_log,-0.9999791915504622,3,3,False
blosum_pseudoseq,random,mse,all,HLA-A*02:12,auc_gt_2h,,3,3,False
blosum_pseudoseq,random,mse,all,HLA-A*02:16,spearman,0.5,3,3,False
blosum_pseudoseq,random,mse,all,HLA-A*02:16,pearson_log,0.07423512012136407,3,3,False
blosum_pseudoseq,random,mse,all,HLA-A*02:16,auc_gt_2h,0.5,3,3,False
blosum_pseudoseq,random,mse,all,HLA-A*02:19,spearman,-0.5,3,3,False
blosum_pseudoseq,random,mse,all,HLA-A*02:19,pearson_log,-0.13819340504772473,3,3,False
blosum_pseudoseq,random,mse,all,HLA-A*02:19,auc_gt_2h,,3,3,False
blosum_pseudoseq,random,mse,all,HLA-A*02:50,spearman,-1.0,3,3,False
blosum_pseudoseq,random,mse,all,HLA-A*02:50,pearson_log,-0.9873896847606314,3,3,False
blosum_pseudoseq,random,mse,all,HLA-A*02:50,auc_gt_2h,,3,3,False
blosum_pseudoseq,random,mse,all,HLA-A*03:01,spearman,-0.5,3,3,False
blosum_pseudoseq,random,mse,all,HLA-A*03:01,pearson_log,-0.779470833295709,3,3,False
blosum_pseudoseq,random,mse,all,HLA-A*03:01,auc_gt_2h,0.5,3,3,False
blosum_pseudoseq,random,mse,all,HLA-A*11:01,spearman,1.0,3,3,False
blosum_pseudoseq,random,mse,all,HLA-A*11:01,pearson_log,0.9538304350443039,3,3,False
blosum_pseudoseq,random,mse,all,HLA-A*11:01,auc_gt_2h,1.0,3,3,False
blosum_pseudoseq,random,mse,all,HLA-A*23:01,spearman,0.5,3,3,False
blosum_pseudoseq,random,mse,all,HLA-A*23:01,pearson_log,0.24526204352322048,3,3,False
blosum_pseudoseq,random,mse,all,HLA-A*23:01,auc_gt_2h,0.5,3,3,False
blosum_pseudoseq,random,mse,all,HLA-A*24:02,spearman,1.0,3,3,False
blosum_pseudoseq,random,mse,all,HLA-A*24:02,pearson_log,0.990704115159672,3,3,False
blosum_pseudoseq,random,mse,all,HLA-A*24:02,auc_gt_2h,1.0,3,3,False
blosum_pseudoseq,random,mse,all,HLA-A*24:03,spearman,1.0,3,3,False
blosum_pseudoseq,random,mse,all,HLA-A*24:03,pearson_log,0.9516552051145064,3,3,False
blosum_pseudoseq,random,mse,all,HLA-A*24:03,auc_gt_2h,1.0,3,3,False
blosum_pseudoseq,random,mse,all,HLA-A*24:07,spearman,-1.0,3,3,False
blosum_pseudoseq,random,mse,all,HLA-A*24:07,pearson_log,-0.9994367840449575,3,3,False
blosum_pseudoseq,random,mse,all,HLA-A*24:07,auc_gt_2h,,3,3,False
blosum_pseudoseq,random,mse,all,HLA-A*24:19,spearman,0.5,3,3,False
blosum_pseudoseq,random,mse,all,HLA-A*24:19,pearson_log,0.7150124812528584,3,3,False
blosum_pseudoseq,random,mse,all,HLA-A*24:19,auc_gt_2h,,3,3,False
blosum_pseudoseq,random,mse,all,HLA-A*25:01,spearman,-0.8660254037844387,3,3,False
blosum_pseudoseq,random,mse,all,HLA-A*25:01,pearson_log,-0.5048668643630848,3,3,False
blosum_pseudoseq,random,mse,all,HLA-A*25:01,auc_gt_2h,,3,3,False
blosum_pseudoseq,random,mse,all,HLA-A*26:01,spearman,-0.5,3,3,False
blosum_pseudoseq,random,mse,all,HLA-A*26:01,pearson_log,-0.7773364321834132,3,3,False
blosum_pseudoseq,random,mse,all,HLA-A*26:01,auc_gt_2h,,3,3,False
blosum_pseudoseq,random,mse,all,HLA-A*26:02,spearman,-0.5,3,3,False
blosum_pseudoseq,random,mse,all,HLA-A*26:02,pearson_log,-0.7449123701972223,3,3,False
blosum_pseudoseq,random,mse,all,HLA-A*26:02,auc_gt_2h,0.0,3,3,False
blosum_pseudoseq,random,mse,all,HLA-A*26:03,spearman,-0.8660254037844387,3,3,False
blosum_pseudoseq,random,mse,all,HLA-A*26:03,pearson_log,-0.8163822856695327,3,3,False
blosum_pseudoseq,random,mse,all,HLA-A*26:03,auc_gt_2h,,3,3,False
blosum_pseudoseq,random,mse,all,HLA-A*29:02,spearman,0.5,3,3,False
blosum_pseudoseq,random,mse,all,HLA-A*29:02,pearson_log,0.7038913513560399,3,3,False
blosum_pseudoseq,random,mse,all,HLA-A*29:02,auc_gt_2h,1.0,3,3,False
blosum_pseudoseq,random,mse,all,HLA-A*30:01,spearman,-0.5,3,3,False
blosum_pseudoseq,random,mse,all,HLA-A*30:01,pearson_log,0.02717031830883787,3,3,False
blosum_pseudoseq,random,mse,all,HLA-A*30:01,auc_gt_2h,0.5,3,3,False
blosum_pseudoseq,random,mse,all,HLA-A*30:02,spearman,-0.5,3,3,False
blosum_pseudoseq,random,mse,all,HLA-A*30:02,pearson_log,-0.16695148479348776,3,3,False
blosum_pseudoseq,random,mse,all,HLA-A*30:02,auc_gt_2h,0.0,3,3,False
blosum_pseudoseq,random,mse,all,HLA-A*31:01,spearman,0.5,3,3,False
blosum_pseudoseq,random,mse,all,HLA-A*31:01,pearson_log,0.8846211979770805,3,3,False
blosum_pseudoseq,random,mse,all,HLA-A*31:01,auc_gt_2h,1.0,3,3,False
blosum_pseudoseq,random,mse,all,HLA-A*32:01,spearman,-1.0,3,3,False
blosum_pseudoseq,random,mse,all,HLA-A*32:01,pearson_log,-0.6636650620769209,3,3,False
blosum_pseudoseq,random,mse,all,HLA-A*32:01,auc_gt_2h,0.0,3,3,False
blosum_pseudoseq,random,mse,all,HLA-A*32:07,spearman,0.5,3,3,False
blosum_pseudoseq,random,mse,all,HLA-A*32:07,pearson_log,-0.24281855866729232,3,3,False
blosum_pseudoseq,random,mse,all,HLA-A*32:07,auc_gt_2h,0.5,3,3,False
blosum_pseudoseq,random,mse,all,HLA-A*33:03,spearman,1.0,3,3,False
blosum_pseudoseq,random,mse,all,HLA-A*33:03,pearson_log,0.9995500113007758,3,3,False
blosum_pseudoseq,random,mse,all,HLA-A*33:03,auc_gt_2h,1.0,3,3,False
blosum_pseudoseq,random,mse,all,HLA-A*43:01,spearman,0.5,3,3,False
blosum_pseudoseq,random,mse,all,HLA-A*43:01,pearson_log,0.5132072193851874,3,3,False
blosum_pseudoseq,random,mse,all,HLA-A*43:01,auc_gt_2h,0.5,3,3,False
blosum_pseudoseq,random,mse,all,HLA-A*66:01,spearman,-0.5,3,3,False
blosum_pseudoseq,random,mse,all,HLA-A*66:01,pearson_log,-0.6946999571132662,3,3,False
blosum_pseudoseq,random,mse,all,HLA-A*66:01,auc_gt_2h,,3,3,False
blosum_pseudoseq,random,mse,all,HLA-A*68:01,spearman,-1.0,3,3,False
blosum_pseudoseq,random,mse,all,HLA-A*68:01,pearson_log,-0.9825962671669982,3,3,False
blosum_pseudoseq,random,mse,all,HLA-A*68:01,auc_gt_2h,0.0,3,3,False
blosum_pseudoseq,random,mse,all,HLA-A*68:02,spearman,-0.5,3,3,False
blosum_pseudoseq,random,mse,all,HLA-A*68:02,pearson_log,-0.25999740831349233,3,3,False
blosum_pseudoseq,random,mse,all,HLA-A*68:02,auc_gt_2h,0.0,3,3,False
blosum_pseudoseq,random,mse,all,HLA-A*68:23,spearman,,2,2,False
blosum_pseudoseq,random,mse,all,HLA-A*68:23,pearson_log,,2,2,False
blosum_pseudoseq,random,mse,all,HLA-A*68:23,auc_gt_2h,,2,2,False
blosum_pseudoseq,random,mse,all,HLA-A*69:01,spearman,0.5,3,3,False
blosum_pseudoseq,random,mse,all,HLA-A*69:01,pearson_log,0.407553538330384,3,3,False
blosum_pseudoseq,random,mse,all,HLA-A*69:01,auc_gt_2h,,3,3,False
blosum_pseudoseq,random,mse,all,HLA-A*74:01,spearman,,2,2,False
blosum_pseudoseq,random,mse,all,HLA-A*74:01,pearson_log,,2,2,False
blosum_pseudoseq,random,mse,all,HLA-A*74:01,auc_gt_2h,,2,2,False
blosum_pseudoseq,random,mse,all,HLA-A*80:01,spearman,1.0,3,3,False
blosum_pseudoseq,random,mse,all,HLA-A*80:01,pearson_log,0.9583804546422579,3,3,False
blosum_pseudoseq,random,mse,all,HLA-A*80:01,auc_gt_2h,1.0,3,3,False
blosum_pseudoseq,random,mse,all,HLA-B*07:02,spearman,,2,2,False
blosum_pseudoseq,random,mse,all,HLA-B*07:02,pearson_log,,2,2,False
blosum_pseudoseq,random,mse,all,HLA-B*07:02,auc_gt_2h,,2,2,False
blosum_pseudoseq,random,mse,all,HLA-B*08:01,spearman,0.0,3,3,False
blosum_pseudoseq,random,mse,all,HLA-B*08:01,pearson_log,-0.056720660901788456,3,3,False
blosum_pseudoseq,random,mse,all,HLA-B*08:01,auc_gt_2h,,3,3,False
blosum_pseudoseq,random,mse,all,HLA-B*08:03,spearman,,2,2,False
blosum_pseudoseq,random,mse,all,HLA-B*08:03,pearson_log,,2,2,False
blosum_pseudoseq,random,mse,all,HLA-B*08:03,auc_gt_2h,,2,2,False
blosum_pseudoseq,random,mse,all,HLA-B*13:02,spearman,,1,1,True
blosum_pseudoseq,random,mse,all,HLA-B*13:02,pearson_log,,1,1,True
blosum_pseudoseq,random,mse,all,HLA-B*13:02,auc_gt_2h,,1,1,True
blosum_pseudoseq,random,mse,all,HLA-B*14:01(C67S),spearman,,2,2,False
blosum_pseudoseq,random,mse,all,HLA-B*14:01(C67S),pearson_log,,2,2,False
blosum_pseudoseq,random,mse,all,HLA-B*14:01(C67S),auc_gt_2h,,2,2,False
blosum_pseudoseq,random,mse,all,HLA-B*14:02(C67S),spearman,,2,2,False
blosum_pseudoseq,random,mse,all,HLA-B*14:02(C67S),pearson_log,,2,2,False
blosum_pseudoseq,random,mse,all,HLA-B*14:02(C67S),auc_gt_2h,0.0,2,2,False
blosum_pseudoseq,random,mse,all,HLA-B*15:01,spearman,0.5,3,3,False
blosum_pseudoseq,random,mse,all,HLA-B*15:01,pearson_log,0.0403018801697049,3,3,False
blosum_pseudoseq,random,mse,all,HLA-B*15:01,auc_gt_2h,1.0,3,3,False
blosum_pseudoseq,random,mse,all,HLA-B*15:02,spearman,-0.5,3,3,False
blosum_pseudoseq,random,mse,all,HLA-B*15:02,pearson_log,-0.8996395737533677,3,3,False
blosum_pseudoseq,random,mse,all,HLA-B*15:02,auc_gt_2h,0.5,3,3,False
blosum_pseudoseq,random,mse,all,HLA-B*15:10,spearman,,2,2,False
blosum_pseudoseq,random,mse,all,HLA-B*15:10,pearson_log,,2,2,False
blosum_pseudoseq,random,mse,all,HLA-B*15:10,auc_gt_2h,0.0,2,2,False
blosum_pseudoseq,random,mse,all,HLA-B*15:17,spearman,,2,2,False
blosum_pseudoseq,random,mse,all,HLA-B*15:17,pearson_log,,2,2,False
blosum_pseudoseq,random,mse,all,HLA-B*15:17,auc_gt_2h,0.0,2,2,False
blosum_pseudoseq,random,mse,all,HLA-B*18:01,spearman,,2,2,False
blosum_pseudoseq,random,mse,all,HLA-B*18:01,pearson_log,,2,2,False
blosum_pseudoseq,random,mse,all,HLA-B*18:01,auc_gt_2h,0.0,2,2,False
blosum_pseudoseq,random,mse,all,HLA-B*27:02,spearman,,2,2,False
blosum_pseudoseq,random,mse,all,HLA-B*27:02,pearson_log,,2,2,False
blosum_pseudoseq,random,mse,all,HLA-B*27:02,auc_gt_2h,,2,2,False
blosum_pseudoseq,random,mse,all,HLA-B*27:03,spearman,,2,2,False
blosum_pseudoseq,random,mse,all,HLA-B*27:03,pearson_log,,2,2,False
blosum_pseudoseq,random,mse,all,HLA-B*27:03,auc_gt_2h,,2,2,False
blosum_pseudoseq,random,mse,all,HLA-B*27:05,spearman,0.5,3,3,False
blosum_pseudoseq,random,mse,all,HLA-B*27:05,pearson_log,0.6812721103830022,3,3,False
blosum_pseudoseq,random,mse,all,HLA-B*27:05,auc_gt_2h,0.5,3,3,False
blosum_pseudoseq,random,mse,all,HLA-B*27:20,spearman,,2,2,False
blosum_pseudoseq,random,mse,all,HLA-B*27:20,pearson_log,,2,2,False
blosum_pseudoseq,random,mse,all,HLA-B*27:20,auc_gt_2h,,2,2,False
blosum_pseudoseq,random,mse,all,HLA-B*35:01,spearman,,2,2,False
blosum_pseudoseq,random,mse,all,HLA-B*35:01,pearson_log,,2,2,False
blosum_pseudoseq,random,mse,all,HLA-B*35:01,auc_gt_2h,0.0,2,2,False
blosum_pseudoseq,random,mse,all,HLA-B*35:03,spearman,,2,2,False
blosum_pseudoseq,random,mse,all,HLA-B*35:03,pearson_log,,2,2,False
blosum_pseudoseq,random,mse,all,HLA-B*35:03,auc_gt_2h,0.0,2,2,False
blosum_pseudoseq,random,mse,all,HLA-B*35:08,spearman,-0.5,3,3,False
blosum_pseudoseq,random,mse,all,HLA-B*35:08,pearson_log,-0.3388237378190638,3,3,False
blosum_pseudoseq,random,mse,all,HLA-B*35:08,auc_gt_2h,0.5,3,3,False
blosum_pseudoseq,random,mse,all,HLA-B*39:01,spearman,,2,2,False
blosum_pseudoseq,random,mse,all,HLA-B*39:01,pearson_log,,2,2,False
blosum_pseudoseq,random,mse,all,HLA-B*39:01,auc_gt_2h,,2,2,False
blosum_pseudoseq,random,mse,all,HLA-B*39:02,spearman,0.8660254037844387,3,3,False
blosum_pseudoseq,random,mse,all,HLA-B*39:02,pearson_log,0.9997169561085906,3,3,False
blosum_pseudoseq,random,mse,all,HLA-B*39:02,auc_gt_2h,,3,3,False
blosum_pseudoseq,random,mse,all,HLA-B*39:06(C67S),spearman,,3,3,False
blosum_pseudoseq,random,mse,all,HLA-B*39:06(C67S),pearson_log,,3,3,False
blosum_pseudoseq,random,mse,all,HLA-B*39:06(C67S),auc_gt_2h,,3,3,False
blosum_pseudoseq,random,mse,all,HLA-B*39:10,spearman,,2,2,False
blosum_pseudoseq,random,mse,all,HLA-B*39:10,pearson_log,,2,2,False
blosum_pseudoseq,random,mse,all,HLA-B*39:10,auc_gt_2h,0.0,2,2,False
blosum_pseudoseq,random,mse,all,HLA-B*40:01,spearman,-0.5,3,3,False
blosum_pseudoseq,random,mse,all,HLA-B*40:01,pearson_log,0.018332688242745088,3,3,False
blosum_pseudoseq,random,mse,all,HLA-B*40:01,auc_gt_2h,,3,3,False
blosum_pseudoseq,random,mse,all,HLA-B*40:02,spearman,1.0,3,3,False
blosum_pseudoseq,random,mse,all,HLA-B*40:02,pearson_log,0.805759372500396,3,3,False
blosum_pseudoseq,random,mse,all,HLA-B*40:02,auc_gt_2h,1.0,3,3,False
blosum_pseudoseq,random,mse,all,HLA-B*41:01,spearman,-0.5,3,3,False
blosum_pseudoseq,random,mse,all,HLA-B*41:01,pearson_log,-0.8205733072149757,3,3,False
blosum_pseudoseq,random,mse,all,HLA-B*41:01,auc_gt_2h,,3,3,False
blosum_pseudoseq,random,mse,all,HLA-B*42:01,spearman,,2,2,False
blosum_pseudoseq,random,mse,all,HLA-B*42:01,pearson_log,,2,2,False
blosum_pseudoseq,random,mse,all,HLA-B*42:01,auc_gt_2h,,2,2,False
blosum_pseudoseq,random,mse,all,HLA-B*42:02,spearman,-0.5,3,3,False
blosum_pseudoseq,random,mse,all,HLA-B*42:02,pearson_log,-0.8745419517913936,3,3,False
blosum_pseudoseq,random,mse,all,HLA-B*42:02,auc_gt_2h,0.0,3,3,False
blosum_pseudoseq,random,mse,all,HLA-B*44:05,spearman,,2,2,False
blosum_pseudoseq,random,mse,all,HLA-B*44:05,pearson_log,,2,2,False
blosum_pseudoseq,random,mse,all,HLA-B*44:05,auc_gt_2h,,2,2,False
blosum_pseudoseq,random,mse,all,HLA-B*45:01,spearman,0.8660254037844387,3,3,False
blosum_pseudoseq,random,mse,all,HLA-B*45:01,pearson_log,0.7293260246536188,3,3,False
blosum_pseudoseq,random,mse,all,HLA-B*45:01,auc_gt_2h,,3,3,False
blosum_pseudoseq,random,mse,all,HLA-B*46:01,spearman,-0.8660254037844387,3,3,False
blosum_pseudoseq,random,mse,all,HLA-B*46:01,pearson_log,-0.922054841671763,3,3,False
blosum_pseudoseq,random,mse,all,HLA-B*46:01,auc_gt_2h,,3,3,False
blosum_pseudoseq,random,mse,all,HLA-B*51:01,spearman,-0.8660254037844387,3,3,False
blosum_pseudoseq,random,mse,all,HLA-B*51:01,pearson_log,-0.5619326347247319,3,3,False
blosum_pseudoseq,random,mse,all,HLA-B*51:01,auc_gt_2h,0.0,3,3,False
blosum_pseudoseq,random,mse,all,HLA-B*54:01,spearman,0.5,3,3,False
blosum_pseudoseq,random,mse,all,HLA-B*54:01,pearson_log,0.7576156903025195,3,3,False
blosum_pseudoseq,random,mse,all,HLA-B*54:01,auc_gt_2h,0.5,3,3,False
blosum_pseudoseq,random,mse,all,HLA-B*55:01,spearman,,2,2,False
blosum_pseudoseq,random,mse,all,HLA-B*55:01,pearson_log,,2,2,False
blosum_pseudoseq,random,mse,all,HLA-B*55:01,auc_gt_2h,,2,2,False
blosum_pseudoseq,random,mse,all,HLA-B*56:01,spearman,-0.5,3,3,False
blosum_pseudoseq,random,mse,all,HLA-B*56:01,pearson_log,-0.4529371045818404,3,3,False
blosum_pseudoseq,random,mse,all,HLA-B*56:01,auc_gt_2h,,3,3,False
blosum_pseudoseq,random,mse,all,HLA-B*57:01,spearman,,2,2,False
blosum_pseudoseq,random,mse,all,HLA-B*57:01,pearson_log,,2,2,False
blosum_pseudoseq,random,mse,all,HLA-B*57:01,auc_gt_2h,,2,2,False
blosum_pseudoseq,random,mse,all,HLA-B*57:02,spearman,,2,2,False
blosum_pseudoseq,random,mse,all,HLA-B*57:02,pearson_log,,2,2,False
blosum_pseudoseq,random,mse,all,HLA-B*57:02,auc_gt_2h,,2,2,False
blosum_pseudoseq,random,mse,all,HLA-B*57:03,spearman,,2,2,False
blosum_pseudoseq,random,mse,all,HLA-B*57:03,pearson_log,,2,2,False
blosum_pseudoseq,random,mse,all,HLA-B*57:03,auc_gt_2h,,2,2,False
blosum_pseudoseq,random,mse,all,HLA-B*58:01,spearman,-1.0,3,3,False
blosum_pseudoseq,random,mse,all,HLA-B*58:01,pearson_log,-0.8291268263378713,3,3,False
blosum_pseudoseq,random,mse,all,HLA-B*58:01,auc_gt_2h,0.0,3,3,False
blosum_pseudoseq,random,mse,all,HLA-B*81:01,spearman,,2,2,False
blosum_pseudoseq,random,mse,all,HLA-B*81:01,pearson_log,,2,2,False
blosum_pseudoseq,random,mse,all,HLA-B*81:01,auc_gt_2h,,2,2,False
blosum_pseudoseq,random,mse,nonzero,HLA-A*01:01,spearman,,2,2,False
blosum_pseudoseq,random,mse,nonzero,HLA-A*01:01,pearson_log,,2,2,False
blosum_pseudoseq,random,mse,nonzero,HLA-A*01:01,auc_gt_2h,,2,2,False
blosum_pseudoseq,random,mse,nonzero,HLA-A*02:01,spearman,-0.5,3,3,False
blosum_pseudoseq,random,mse,nonzero,HLA-A*02:01,pearson_log,-0.4626773185364291,3,3,False
blosum_pseudoseq,random,mse,nonzero,HLA-A*02:01,auc_gt_2h,,3,3,False
blosum_pseudoseq,random,mse,nonzero,HLA-A*02:03,spearman,,2,2,False
blosum_pseudoseq,random,mse,nonzero,HLA-A*02:03,pearson_log,,2,2,False
blosum_pseudoseq,random,mse,nonzero,HLA-A*02:03,auc_gt_2h,1.0,2,2,False
blosum_pseudoseq,random,mse,nonzero,HLA-A*02:05,spearman,0.5,3,3,False
blosum_pseudoseq,random,mse,nonzero,HLA-A*02:05,pearson_log,0.733695521175286,3,3,False
blosum_pseudoseq,random,mse,nonzero,HLA-A*02:05,auc_gt_2h,,3,3,False
blosum_pseudoseq,random,mse,nonzero,HLA-A*02:10,spearman,0.5,3,3,False
blosum_pseudoseq,random,mse,nonzero,HLA-A*02:10,pearson_log,0.8200158719716992,3,3,False
blosum_pseudoseq,random,mse,nonzero,HLA-A*02:10,auc_gt_2h,1.0,3,3,False
blosum_pseudoseq,random,mse,nonzero,HLA-A*02:11,spearman,-1.0,3,3,False
blosum_pseudoseq,random,mse,nonzero,HLA-A*02:11,pearson_log,-0.9478782894357082,3,3,False
blosum_pseudoseq,random,mse,nonzero,HLA-A*02:11,auc_gt_2h,,3,3,False
blosum_pseudoseq,random,mse,nonzero,HLA-A*02:12,spearman,-1.0,3,3,False
blosum_pseudoseq,random,mse,nonzero,HLA-A*02:12,pearson_log,-0.9999791915504622,3,3,False
blosum_pseudoseq,random,mse,nonzero,HLA-A*02:12,auc_gt_2h,,3,3,False
blosum_pseudoseq,random,mse,nonzero,HLA-A*02:16,spearman,0.5,3,3,False
blosum_pseudoseq,random,mse,nonzero,HLA-A*02:16,pearson_log,0.07423512012136407,3,3,False
blosum_pseudoseq,random,mse,nonzero,HLA-A*02:16,auc_gt_2h,0.5,3,3,False
blosum_pseudoseq,random,mse,nonzero,HLA-A*02:19,spearman,-0.5,3,3,False
blosum_pseudoseq,random,mse,nonzero,HLA-A*02:19,pearson_log,-0.13819340504772473,3,3,False
blosum_pseudoseq,random,mse,nonzero,HLA-A*02:19,auc_gt_2h,,3,3,False
blosum_pseudoseq,random,mse,nonzero,HLA-A*02:50,spearman,-1.0,3,3,False
blosum_pseudoseq,random,mse,nonzero,HLA-A*02:50,pearson_log,-0.9873896847606314,3,3,False
blosum_pseudoseq,random,mse,nonzero,HLA-A*02:50,auc_gt_2h,,3,3,False
blosum_pseudoseq,random,mse,nonzero,HLA-A*03:01,spearman,,2,2,False
blosum_pseudoseq,random,mse,nonzero,HLA-A*03:01,pearson_log,,2,2,False
blosum_pseudoseq,random,mse,nonzero,HLA-A*03:01,auc_gt_2h,1.0,2,2,False
blosum_pseudoseq,random,mse,nonzero,HLA-A*11:01,spearman,1.0,3,3,False
blosum_pseudoseq,random,mse,nonzero,HLA-A*11:01,pearson_log,0.9538304350443039,3,3,False
blosum_pseudoseq,random,mse,nonzero,HLA-A*11:01,auc_gt_2h,1.0,3,3,False
blosum_pseudoseq,random,mse,nonzero,HLA-A*23:01,spearman,0.5,3,3,False
blosum_pseudoseq,random,mse,nonzero,HLA-A*23:01,pearson_log,0.24526204352322048,3,3,False
blosum_pseudoseq,random,mse,nonzero,HLA-A*23:01,auc_gt_2h,0.5,3,3,False
blosum_pseudoseq,random,mse,nonzero,HLA-A*24:02,spearman,1.0,3,3,False
blosum_pseudoseq,random,mse,nonzero,HLA-A*24:02,pearson_log,0.990704115159672,3,3,False
blosum_pseudoseq,random,mse,nonzero,HLA-A*24:02,auc_gt_2h,1.0,3,3,False
blosum_pseudoseq,random,mse,nonzero,HLA-A*24:03,spearman,1.0,3,3,False
blosum_pseudoseq,random,mse,nonzero,HLA-A*24:03,pearson_log,0.9516552051145064,3,3,False
blosum_pseudoseq,random,mse,nonzero,HLA-A*24:03,auc_gt_2h,1.0,3,3,False
blosum_pseudoseq,random,mse,nonzero,HLA-A*24:07,spearman,-1.0,3,3,False
blosum_pseudoseq,random,mse,nonzero,HLA-A*24:07,pearson_log,-0.9994367840449575,3,3,False
blosum_pseudoseq,random,mse,nonzero,HLA-A*24:07,auc_gt_2h,,3,3,False
blosum_pseudoseq,random,mse,nonzero,HLA-A*24:19,spearman,,2,2,False
blosum_pseudoseq,random,mse,nonzero,HLA-A*24:19,pearson_log,,2,2,False
blosum_pseudoseq,random,mse,nonzero,HLA-A*24:19,auc_gt_2h,,2,2,False
blosum_pseudoseq,random,mse,nonzero,HLA-A*25:01,spearman,,1,1,True
blosum_pseudoseq,random,mse,nonzero,HLA-A*25:01,pearson_log,,1,1,True
blosum_pseudoseq,random,mse,nonzero,HLA-A*25:01,auc_gt_2h,,1,1,True
blosum_pseudoseq,random,mse,nonzero,HLA-A*26:01,spearman,-0.5,3,3,False
blosum_pseudoseq,random,mse,nonzero,HLA-A*26:01,pearson_log,-0.7773364321834132,3,3,False
blosum_pseudoseq,random,mse,nonzero,HLA-A*26:01,auc_gt_2h,,3,3,False
blosum_pseudoseq,random,mse,nonzero,HLA-A*26:02,spearman,-0.5,3,3,False
blosum_pseudoseq,random,mse,nonzero,HLA-A*26:02,pearson_log,-0.7449123701972223,3,3,False
blosum_pseudoseq,random,mse,nonzero,HLA-A*26:02,auc_gt_2h,0.0,3,3,False
blosum_pseudoseq,random,mse,nonzero,HLA-A*26:03,spearman,,1,1,True
blosum_pseudoseq,random,mse,nonzero,HLA-A*26:03,pearson_log,,1,1,True
blosum_pseudoseq,random,mse,nonzero,HLA-A*26:03,auc_gt_2h,,1,1,True
blosum_pseudoseq,random,mse,nonzero,HLA-A*29:02,spearman,0.5,3,3,False
blosum_pseudoseq,random,mse,nonzero,HLA-A*29:02,pearson_log,0.7038913513560399,3,3,False
blosum_pseudoseq,random,mse,nonzero,HLA-A*29:02,auc_gt_2h,1.0,3,3,False
blosum_pseudoseq,random,mse,nonzero,HLA-A*30:01,spearman,,2,2,False
blosum_pseudoseq,random,mse,nonzero,HLA-A*30:01,pearson_log,,2,2,False
blosum_pseudoseq,random,mse,nonzero,HLA-A*30:01,auc_gt_2h,1.0,2,2,False
blosum_pseudoseq,random,mse,nonzero,HLA-A*30:02,spearman,,2,2,False
blosum_pseudoseq,random,mse,nonzero,HLA-A*30:02,pearson_log,,2,2,False
blosum_pseudoseq,random,mse,nonzero,HLA-A*30:02,auc_gt_2h,0.0,2,2,False
blosum_pseudoseq,random,mse,nonzero,HLA-A*31:01,spearman,0.5,3,3,False
blosum_pseudoseq,random,mse,nonzero,HLA-A*31:01,pearson_log,0.8846211979770805,3,3,False
blosum_pseudoseq,random,mse,nonzero,HLA-A*31:01,auc_gt_2h,1.0,3,3,False
blosum_pseudoseq,random,mse,nonzero,HLA-A*32:01,spearman,,2,2,False
blosum_pseudoseq,random,mse,nonzero,HLA-A*32:01,pearson_log,,2,2,False
blosum_pseudoseq,random,mse,nonzero,HLA-A*32:01,auc_gt_2h,,2,2,False
blosum_pseudoseq,random,mse,nonzero,HLA-A*32:07,spearman,0.5,3,3,False
blosum_pseudoseq,random,mse,nonzero,HLA-A*32:07,pearson_log,-0.24281855866729232,3,3,False
blosum_pseudoseq,random,mse,nonzero,HLA-A*32:07,auc_gt_2h,0.5,3,3,False
blosum_pseudoseq,random,mse,nonzero,HLA-A*33:03,spearman,,2,2,False
blosum_pseudoseq,random,mse,nonzero,HLA-A*33:03,pearson_log,,2,2,False
blosum_pseudoseq,random,mse,nonzero,HLA-A*33:03,auc_gt_2h,1.0,2,2,False
blosum_pseudoseq,random,mse,nonzero,HLA-A*43:01,spearman,,2,2,False
blosum_pseudoseq,random,mse,nonzero,HLA-A*43:01,pearson_log,,2,2,False
blosum_pseudoseq,random,mse,nonzero,HLA-A*43:01,auc_gt_2h,0.0,2,2,False
blosum_pseudoseq,random,mse,nonzero,HLA-A*66:01,spearman,,2,2,False
blosum_pseudoseq,random,mse,nonzero,HLA-A*66:01,pearson_log,,2,2,False
blosum_pseudoseq,random,mse,nonzero,HLA-A*66:01,auc_gt_2h,,2,2,False
blosum_pseudoseq,random,mse,nonzero,HLA-A*68:01,spearman,,2,2,False
blosum_pseudoseq,random,mse,nonzero,HLA-A*68:01,pearson_log,,2,2,False
blosum_pseudoseq,random,mse,nonzero,HLA-A*68:01,auc_gt_2h,,2,2,False
blosum_pseudoseq,random,mse,nonzero,HLA-A*68:02,spearman,-0.5,3,3,False
blosum_pseudoseq,random,mse,nonzero,HLA-A*68:02,pearson_log,-0.25999740831349233,3,3,False
blosum_pseudoseq,random,mse,nonzero,HLA-A*68:02,auc_gt_2h,0.0,3,3,False
blosum_pseudoseq,random,mse,nonzero,HLA-A*68:23,spearman,,2,2,False
blosum_pseudoseq,random,mse,nonzero,HLA-A*68:23,pearson_log,,2,2,False
blosum_pseudoseq,random,mse,nonzero,HLA-A*68:23,auc_gt_2h,,2,2,False
blosum_pseudoseq,random,mse,nonzero,HLA-A*69:01,spearman,0.5,3,3,False
blosum_pseudoseq,random,mse,nonzero,HLA-A*69:01,pearson_log,0.407553538330384,3,3,False
blosum_pseudoseq,random,mse,nonzero,HLA-A*69:01,auc_gt_2h,,3,3,False
blosum_pseudoseq,random,mse,nonzero,HLA-A*74:01,spearman,,2,2,False
blosum_pseudoseq,random,mse,nonzero,HLA-A*74:01,pearson_log,,2,2,False
blosum_pseudoseq,random,mse,nonzero,HLA-A*74:01,auc_gt_2h,,2,2,False
blosum_pseudoseq,random,mse,nonzero,HLA-A*80:01,spearman,,2,2,False
blosum_pseudoseq,random,mse,nonzero,HLA-A*80:01,pearson_log,,2,2,False
blosum_pseudoseq,random,mse,nonzero,HLA-A*80:01,auc_gt_2h,1.0,2,2,False
blosum_pseudoseq,random,mse,nonzero,HLA-B*07:02,spearman,,2,2,False
blosum_pseudoseq,random,mse,nonzero,HLA-B*07:02,pearson_log,,2,2,False
blosum_pseudoseq,random,mse,nonzero,HLA-B*07:02,auc_gt_2h,,2,2,False
blosum_pseudoseq,random,mse,nonzero,HLA-B*08:01,spearman,0.0,3,3,False
blosum_pseudoseq,random,mse,nonzero,HLA-B*08:01,pearson_log,-0.056720660901788456,3,3,False
blosum_pseudoseq,random,mse,nonzero,HLA-B*08:01,auc_gt_2h,,3,3,False
blosum_pseudoseq,random,mse,nonzero,HLA-B*08:03,spearman,,1,1,True
blosum_pseudoseq,random,mse,nonzero,HLA-B*08:03,pearson_log,,1,1,True
blosum_pseudoseq,random,mse,nonzero,HLA-B*08:03,auc_gt_2h,,1,1,True
blosum_pseudoseq,random,mse,nonzero,HLA-B*13:02,spearman,,1,1,True
blosum_pseudoseq,random,mse,nonzero,HLA-B*13:02,pearson_log,,1,1,True
blosum_pseudoseq,random,mse,nonzero,HLA-B*13:02,auc_gt_2h,,1,1,True
blosum_pseudoseq,random,mse,nonzero,HLA-B*14:02(C67S),spearman,,1,1,True
blosum_pseudoseq,random,mse,nonzero,HLA-B*14:02(C67S),pearson_log,,1,1,True
blosum_pseudoseq,random,mse,nonzero,HLA-B*14:02(C67S),auc_gt_2h,,1,1,True
blosum_pseudoseq,random,mse,nonzero,HLA-B*15:01,spearman,,2,2,False
blosum_pseudoseq,random,mse,nonzero,HLA-B*15:01,pearson_log,,2,2,False
blosum_pseudoseq,random,mse,nonzero,HLA-B*15:01,auc_gt_2h,1.0,2,2,False
blosum_pseudoseq,random,mse,nonzero,HLA-B*15:02,spearman,,2,2,False
blosum_pseudoseq,random,mse,nonzero,HLA-B*15:02,pearson_log,,2,2,False
blosum_pseudoseq,random,mse,nonzero,HLA-B*15:02,auc_gt_2h,1.0,2,2,False
blosum_pseudoseq,random,mse,nonzero,HLA-B*15:10,spearman,,2,2,False
blosum_pseudoseq,random,mse,nonzero,HLA-B*15:10,pearson_log,,2,2,False
blosum_pseudoseq,random,mse,nonzero,HLA-B*15:10,auc_gt_2h,0.0,2,2,False
blosum_pseudoseq,random,mse,nonzero,HLA-B*15:17,spearman,,1,1,True
blosum_pseudoseq,random,mse,nonzero,HLA-B*15:17,pearson_log,,1,1,True
blosum_pseudoseq,random,mse,nonzero,HLA-B*15:17,auc_gt_2h,,1,1,True
blosum_pseudoseq,random,mse,nonzero,HLA-B*18:01,spearman,,2,2,False
blosum_pseudoseq,random,mse,nonzero,HLA-B*18:01,pearson_log,,2,2,False
blosum_pseudoseq,random,mse,nonzero,HLA-B*18:01,auc_gt_2h,0.0,2,2,False
blosum_pseudoseq,random,mse,nonzero,HLA-B*27:02,spearman,,2,2,False
blosum_pseudoseq,random,mse,nonzero,HLA-B*27:02,pearson_log,,2,2,False
blosum_pseudoseq,random,mse,nonzero,HLA-B*27:02,auc_gt_2h,,2,2,False
blosum_pseudoseq,random,mse,nonzero,HLA-B*27:03,spearman,,2,2,False
blosum_pseudoseq,random,mse,nonzero,HLA-B*27:03,pearson_log,,2,2,False
blosum_pseudoseq,random,mse,nonzero,HLA-B*27:03,auc_gt_2h,,2,2,False
blosum_pseudoseq,random,mse,nonzero,HLA-B*27:05,spearman,0.5,3,3,False
blosum_pseudoseq,random,mse,nonzero,HLA-B*27:05,pearson_log,0.6812721103830022,3,3,False
blosum_pseudoseq,random,mse,nonzero,HLA-B*27:05,auc_gt_2h,0.5,3,3,False
blosum_pseudoseq,random,mse,nonzero,HLA-B*27:20,spearman,,1,1,True
blosum_pseudoseq,random,mse,nonzero,HLA-B*27:20,pearson_log,,1,1,True
blosum_pseudoseq,random,mse,nonzero,HLA-B*27:20,auc_gt_2h,,1,1,True
blosum_pseudoseq,random,mse,nonzero,HLA-B*35:01,spearman,,1,1,True
blosum_pseudoseq,random,mse,nonzero,HLA-B*35:01,pearson_log,,1,1,True
blosum_pseudoseq,random,mse,nonzero,HLA-B*35:01,auc_gt_2h,,1,1,True
blosum_pseudoseq,random,mse,nonzero,HLA-B*35:03,spearman,,2,2,False
blosum_pseudoseq,random,mse,nonzero,HLA-B*35:03,pearson_log,,2,2,False
blosum_pseudoseq,random,mse,nonzero,HLA-B*35:03,auc_gt_2h,0.0,2,2,False
blosum_pseudoseq,random,mse,nonzero,HLA-B*35:08,spearman,-0.5,3,3,False
blosum_pseudoseq,random,mse,nonzero,HLA-B*35:08,pearson_log,-0.3388237378190638,3,3,False
blosum_pseudoseq,random,mse,nonzero,HLA-B*35:08,auc_gt_2h,0.5,3,3,False
blosum_pseudoseq,random,mse,nonzero,HLA-B*39:01,spearman,,2,2,False
blosum_pseudoseq,random,mse,nonzero,HLA-B*39:01,pearson_log,,2,2,False
blosum_pseudoseq,random,mse,nonzero,HLA-B*39:01,auc_gt_2h,,2,2,False
blosum_pseudoseq,random,mse,nonzero,HLA-B*39:02,spearman,,2,2,False
blosum_pseudoseq,random,mse,nonzero,HLA-B*39:02,pearson_log,,2,2,False
blosum_pseudoseq,random,mse,nonzero,HLA-B*39:02,auc_gt_2h,,2,2,False
blosum_pseudoseq,random,mse,nonzero,HLA-B*39:10,spearman,,2,2,False
blosum_pseudoseq,random,mse,nonzero,HLA-B*39:10,pearson_log,,2,2,False
blosum_pseudoseq,random,mse,nonzero,HLA-B*39:10,auc_gt_2h,0.0,2,2,False
blosum_pseudoseq,random,mse,nonzero,HLA-B*40:01,spearman,-0.5,3,3,False
blosum_pseudoseq,random,mse,nonzero,HLA-B*40:01,pearson_log,0.018332688242745088,3,3,False
blosum_pseudoseq,random,mse,nonzero,HLA-B*40:01,auc_gt_2h,,3,3,False
blosum_pseudoseq,random,mse,nonzero,HLA-B*40:02,spearman,1.0,3,3,False
blosum_pseudoseq,random,mse,nonzero,HLA-B*40:02,pearson_log,0.805759372500396,3,3,False
blosum_pseudoseq,random,mse,nonzero,HLA-B*40:02,auc_gt_2h,1.0,3,3,False
blosum_pseudoseq,random,mse,nonzero,HLA-B*41:01,spearman,,2,2,False
blosum_pseudoseq,random,mse,nonzero,HLA-B*41:01,pearson_log,,2,2,False
blosum_pseudoseq,random,mse,nonzero,HLA-B*41:01,auc_gt_2h,,2,2,False
blosum_pseudoseq,random,mse,nonzero,HLA-B*42:01,spearman,,2,2,False
blosum_pseudoseq,random,mse,nonzero,HLA-B*42:01,pearson_log,,2,2,False
blosum_pseudoseq,random,mse,nonzero,HLA-B*42:01,auc_gt_2h,,2,2,False
blosum_pseudoseq,random,mse,nonzero,HLA-B*42:02,spearman,-0.5,3,3,False
blosum_pseudoseq,random,mse,nonzero,HLA-B*42:02,pearson_log,-0.8745419517913936,3,3,False
blosum_pseudoseq,random,mse,nonzero,HLA-B*42:02,auc_gt_2h,0.0,3,3,False
blosum_pseudoseq,random,mse,nonzero,HLA-B*44:05,spearman,,2,2,False
blosum_pseudoseq,random,mse,nonzero,HLA-B*44:05,pearson_log,,2,2,False
blosum_pseudoseq,random,mse,nonzero,HLA-B*44:05,auc_gt_2h,,2,2,False
blosum_pseudoseq,random,mse,nonzero,HLA-B*45:01,spearman,,1,1,True
blosum_pseudoseq,random,mse,nonzero,HLA-B*45:01,pearson_log,,1,1,True
blosum_pseudoseq,random,mse,nonzero,HLA-B*45:01,auc_gt_2h,,1,1,True
blosum_pseudoseq,random,mse,nonzero,HLA-B*46:01,spearman,,1,1,True
blosum_pseudoseq,random,mse,nonzero,HLA-B*46:01,pearson_log,,1,1,True
blosum_pseudoseq,random,mse,nonzero,HLA-B*46:01,auc_gt_2h,,1,1,True
blosum_pseudoseq,random,mse,nonzero,HLA-B*51:01,spearman,,1,1,True
blosum_pseudoseq,random,mse,nonzero,HLA-B*51:01,pearson_log,,1,1,True
blosum_pseudoseq,random,mse,nonzero,HLA-B*51:01,auc_gt_2h,,1,1,True
blosum_pseudoseq,random,mse,nonzero,HLA-B*54:01,spearman,,2,2,False
blosum_pseudoseq,random,mse,nonzero,HLA-B*54:01,pearson_log,,2,2,False
blosum_pseudoseq,random,mse,nonzero,HLA-B*54:01,auc_gt_2h,0.0,2,2,False
blosum_pseudoseq,random,mse,nonzero,HLA-B*56:01,spearman,,2,2,False
blosum_pseudoseq,random,mse,nonzero,HLA-B*56:01,pearson_log,,2,2,False
blosum_pseudoseq,random,mse,nonzero,HLA-B*56:01,auc_gt_2h,,2,2,False
blosum_pseudoseq,random,mse,nonzero,HLA-B*57:01,spearman,,2,2,False
blosum_pseudoseq,random,mse,nonzero,HLA-B*57:01,pearson_log,,2,2,False
blosum_pseudoseq,random,mse,nonzero,HLA-B*57:01,auc_gt_2h,,2,2,False
blosum_pseudoseq,random,mse,nonzero,HLA-B*57:02,spearman,,2,2,False
blosum_pseudoseq,random,mse,nonzero,HLA-B*57:02,pearson_log,,2,2,False
blosum_pseudoseq,random,mse,nonzero,HLA-B*57:02,auc_gt_2h,,2,2,False
blosum_pseudoseq,random,mse,nonzero,HLA-B*57:03,spearman,,2,2,False
blosum_pseudoseq,random,mse,nonzero,HLA-B*57:03,pearson_log,,2,2,False
blosum_pseudoseq,random,mse,nonzero,HLA-B*57:03,auc_gt_2h,,2,2,False
blosum_pseudoseq,random,mse,nonzero,HLA-B*58:01,spearman,-1.0,3,3,False
blosum_pseudoseq,random,mse,nonzero,HLA-B*58:01,pearson_log,-0.8291268263378713,3,3,False
blosum_pseudoseq,random,mse,nonzero,HLA-B*58:01,auc_gt_2h,0.0,3,3,False
blosum_pseudoseq,random,mse,nonzero,HLA-B*81:01,spearman,,2,2,False
blosum_pseudoseq,random,mse,nonzero,HLA-B*81:01,pearson_log,,2,2,False
blosum_pseudoseq,random,mse,nonzero,HLA-B*81:01,auc_gt_2h,,2,2,False
blosum_pseudoseq,random,ranking,all,HLA-A*01:01,spearman,1.0,3,3,False
blosum_pseudoseq,random,ranking,all,HLA-A*01:01,pearson_log,0.6530468684396656,3,3,False
blosum_pseudoseq,random,ranking,all,HLA-A*01:01,auc_gt_2h,,3,3,False
blosum_pseudoseq,random,ranking,all,HLA-A*02:01,spearman,0.5,3,3,False
blosum_pseudoseq,random,ranking,all,HLA-A*02:01,pearson_log,-0.2990592505777152,3,3,False
blosum_pseudoseq,random,ranking,all,HLA-A*02:01,auc_gt_2h,,3,3,False
blosum_pseudoseq,random,ranking,all,HLA-A*02:03,spearman,-0.5,3,3,False
blosum_pseudoseq,random,ranking,all,HLA-A*02:03,pearson_log,-0.09028242470736281,3,3,False
blosum_pseudoseq,random,ranking,all,HLA-A*02:03,auc_gt_2h,0.5,3,3,False
blosum_pseudoseq,random,ranking,all,HLA-A*02:05,spearman,-1.0,3,3,False
blosum_pseudoseq,random,ranking,all,HLA-A*02:05,pearson_log,-0.9810425039612014,3,3,False
blosum_pseudoseq,random,ranking,all,HLA-A*02:05,auc_gt_2h,,3,3,False
blosum_pseudoseq,random,ranking,all,HLA-A*02:10,spearman,0.5,3,3,False
blosum_pseudoseq,random,ranking,all,HLA-A*02:10,pearson_log,0.8495874588070065,3,3,False
blosum_pseudoseq,random,ranking,all,HLA-A*02:10,auc_gt_2h,1.0,3,3,False
blosum_pseudoseq,random,ranking,all,HLA-A*02:11,spearman,-1.0,3,3,False
blosum_pseudoseq,random,ranking,all,HLA-A*02:11,pearson_log,-0.981594512034526,3,3,False
blosum_pseudoseq,random,ranking,all,HLA-A*02:11,auc_gt_2h,,3,3,False
blosum_pseudoseq,random,ranking,all,HLA-A*02:12,spearman,-0.5,3,3,False
blosum_pseudoseq,random,ranking,all,HLA-A*02:12,pearson_log,-0.9641017634084652,3,3,False
blosum_pseudoseq,random,ranking,all,HLA-A*02:12,auc_gt_2h,,3,3,False
blosum_pseudoseq,random,ranking,all,HLA-A*02:16,spearman,-0.5,3,3,False
blosum_pseudoseq,random,ranking,all,HLA-A*02:16,pearson_log,-0.2619108662672591,3,3,False
blosum_pseudoseq,random,ranking,all,HLA-A*02:16,auc_gt_2h,0.0,3,3,False
blosum_pseudoseq,random,ranking,all,HLA-A*02:19,spearman,0.5,3,3,False
blosum_pseudoseq,random,ranking,all,HLA-A*02:19,pearson_log,0.8424638889471585,3,3,False
blosum_pseudoseq,random,ranking,all,HLA-A*02:19,auc_gt_2h,,3,3,False
blosum_pseudoseq,random,ranking,all,HLA-A*02:50,spearman,0.5,3,3,False
blosum_pseudoseq,random,ranking,all,HLA-A*02:50,pearson_log,0.22379104533655095,3,3,False
blosum_pseudoseq,random,ranking,all,HLA-A*02:50,auc_gt_2h,,3,3,False
blosum_pseudoseq,random,ranking,all,HLA-A*03:01,spearman,-1.0,3,3,False
blosum_pseudoseq,random,ranking,all,HLA-A*03:01,pearson_log,-0.9631354891160613,3,3,False
blosum_pseudoseq,random,ranking,all,HLA-A*03:01,auc_gt_2h,0.0,3,3,False
blosum_pseudoseq,random,ranking,all,HLA-A*11:01,spearman,1.0,3,3,False
blosum_pseudoseq,random,ranking,all,HLA-A*11:01,pearson_log,0.6634609715398487,3,3,False
blosum_pseudoseq,random,ranking,all,HLA-A*11:01,auc_gt_2h,1.0,3,3,False
blosum_pseudoseq,random,ranking,all,HLA-A*23:01,spearman,-0.5,3,3,False
blosum_pseudoseq,random,ranking,all,HLA-A*23:01,pearson_log,-0.5438571365056769,3,3,False
blosum_pseudoseq,random,ranking,all,HLA-A*23:01,auc_gt_2h,0.0,3,3,False
blosum_pseudoseq,random,ranking,all,HLA-A*24:02,spearman,-0.5,3,3,False
blosum_pseudoseq,random,ranking,all,HLA-A*24:02,pearson_log,-0.5371068085736579,3,3,False
blosum_pseudoseq,random,ranking,all,HLA-A*24:02,auc_gt_2h,0.0,3,3,False
blosum_pseudoseq,random,ranking,all,HLA-A*24:03,spearman,0.5,3,3,False
blosum_pseudoseq,random,ranking,all,HLA-A*24:03,pearson_log,0.9203245432318037,3,3,False
blosum_pseudoseq,random,ranking,all,HLA-A*24:03,auc_gt_2h,1.0,3,3,False
blosum_pseudoseq,random,ranking,all,HLA-A*24:07,spearman,-0.5,3,3,False
blosum_pseudoseq,random,ranking,all,HLA-A*24:07,pearson_log,-0.46610283744931574,3,3,False
blosum_pseudoseq,random,ranking,all,HLA-A*24:07,auc_gt_2h,,3,3,False
blosum_pseudoseq,random,ranking,all,HLA-A*24:19,spearman,-0.5,3,3,False
blosum_pseudoseq,random,ranking,all,HLA-A*24:19,pearson_log,0.09629925305997297,3,3,False
blosum_pseudoseq,random,ranking,all,HLA-A*24:19,auc_gt_2h,,3,3,False
blosum_pseudoseq,random,ranking,all,HLA-A*25:01,spearman,0.0,3,3,False
blosum_pseudoseq,random,ranking,all,HLA-A*25:01,pearson_log,-0.29667502540368496,3,3,False
blosum_pseudoseq,random,ranking,all,HLA-A*25:01,auc_gt_2h,,3,3,False
blosum_pseudoseq,random,ranking,all,HLA-A*26:01,spearman,-1.0,3,3,False
blosum_pseudoseq,random,ranking,all,HLA-A*26:01,pearson_log,-0.8222593367265741,3,3,False
blosum_pseudoseq,random,ranking,all,HLA-A*26:01,auc_gt_2h,,3,3,False
blosum_pseudoseq,random,ranking,all,HLA-A*26:02,spearman,0.5,3,3,False
blosum_pseudoseq,random,ranking,all,HLA-A*26:02,pearson_log,0.017846759946161306,3,3,False
blosum_pseudoseq,random,ranking,all,HLA-A*26:02,auc_gt_2h,0.5,3,3,False
blosum_pseudoseq,random,ranking,all,HLA-A*26:03,spearman,-0.8660254037844387,3,3,False
blosum_pseudoseq,random,ranking,all,HLA-A*26:03,pearson_log,-0.8204287361273609,3,3,False
blosum_pseudoseq,random,ranking,all,HLA-A*26:03,auc_gt_2h,,3,3,False
blosum_pseudoseq,random,ranking,all,HLA-A*29:02,spearman,-0.5,3,3,False
blosum_pseudoseq,random,ranking,all,HLA-A*29:02,pearson_log,-0.21736419176172653,3,3,False
blosum_pseudoseq,random,ranking,all,HLA-A*29:02,auc_gt_2h,0.5,3,3,False
blosum_pseudoseq,random,ranking,all,HLA-A*30:01,spearman,0.5,3,3,False
blosum_pseudoseq,random,ranking,all,HLA-A*30:01,pearson_log,0.2967372144443102,3,3,False
blosum_pseudoseq,random,ranking,all,HLA-A*30:01,auc_gt_2h,1.0,3,3,False
blosum_pseudoseq,random,ranking,all,HLA-A*30:02,spearman,1.0,3,3,False
blosum_pseudoseq,random,ranking,all,HLA-A*30:02,pearson_log,0.9011665778965983,3,3,False
blosum_pseudoseq,random,ranking,all,HLA-A*30:02,auc_gt_2h,1.0,3,3,False
blosum_pseudoseq,random,ranking,all,HLA-A*31:01,spearman,1.0,3,3,False
blosum_pseudoseq,random,ranking,all,HLA-A*31:01,pearson_log,0.9991427382208061,3,3,False
blosum_pseudoseq,random,ranking,all,HLA-A*31:01,auc_gt_2h,1.0,3,3,False
blosum_pseudoseq,random,ranking,all,HLA-A*32:01,spearman,0.5,3,3,False
blosum_pseudoseq,random,ranking,all,HLA-A*32:01,pearson_log,0.5770494017547573,3,3,False
blosum_pseudoseq,random,ranking,all,HLA-A*32:01,auc_gt_2h,1.0,3,3,False
blosum_pseudoseq,random,ranking,all,HLA-A*32:07,spearman,-0.5,3,3,False
blosum_pseudoseq,random,ranking,all,HLA-A*32:07,pearson_log,-0.5527383636079124,3,3,False
blosum_pseudoseq,random,ranking,all,HLA-A*32:07,auc_gt_2h,0.0,3,3,False
blosum_pseudoseq,random,ranking,all,HLA-A*33:03,spearman,1.0,3,3,False
blosum_pseudoseq,random,ranking,all,HLA-A*33:03,pearson_log,0.9743673890932534,3,3,False
blosum_pseudoseq,random,ranking,all,HLA-A*33:03,auc_gt_2h,1.0,3,3,False
blosum_pseudoseq,random,ranking,all,HLA-A*43:01,spearman,0.5,3,3,False
blosum_pseudoseq,random,ranking,all,HLA-A*43:01,pearson_log,0.5057202420879534,3,3,False
blosum_pseudoseq,random,ranking,all,HLA-A*43:01,auc_gt_2h,0.5,3,3,False
blosum_pseudoseq,random,ranking,all,HLA-A*66:01,spearman,-0.5,3,3,False
blosum_pseudoseq,random,ranking,all,HLA-A*66:01,pearson_log,-0.7909344628852795,3,3,False
blosum_pseudoseq,random,ranking,all,HLA-A*66:01,auc_gt_2h,,3,3,False
blosum_pseudoseq,random,ranking,all,HLA-A*68:01,spearman,0.5,3,3,False
blosum_pseudoseq,random,ranking,all,HLA-A*68:01,pearson_log,0.7709591710234334,3,3,False
blosum_pseudoseq,random,ranking,all,HLA-A*68:01,auc_gt_2h,1.0,3,3,False
blosum_pseudoseq,random,ranking,all,HLA-A*68:02,spearman,-1.0,3,3,False
blosum_pseudoseq,random,ranking,all,HLA-A*68:02,pearson_log,-0.8937809205966822,3,3,False
blosum_pseudoseq,random,ranking,all,HLA-A*68:02,auc_gt_2h,0.0,3,3,False
blosum_pseudoseq,random,ranking,all,HLA-A*68:23,spearman,,2,2,False
blosum_pseudoseq,random,ranking,all,HLA-A*68:23,pearson_log,,2,2,False
blosum_pseudoseq,random,ranking,all,HLA-A*68:23,auc_gt_2h,,2,2,False
blosum_pseudoseq,random,ranking,all,HLA-A*69:01,spearman,-0.5,3,3,False
blosum_pseudoseq,random,ranking,all,HLA-A*69:01,pearson_log,-0.35091378014858265,3,3,False
blosum_pseudoseq,random,ranking,all,HLA-A*69:01,auc_gt_2h,,3,3,False
blosum_pseudoseq,random,ranking,all,HLA-A*74:01,spearman,,2,2,False
blosum_pseudoseq,random,ranking,all,HLA-A*74:01,pearson_log,,2,2,False
blosum_pseudoseq,random,ranking,all,HLA-A*74:01,auc_gt_2h,,2,2,False
blosum_pseudoseq,random,ranking,all,HLA-A*80:01,spearman,1.0,3,3,False
blosum_pseudoseq,random,ranking,all,HLA-A*80:01,pearson_log,0.9679136867280296,3,3,False
blosum_pseudoseq,random,ranking,all,HLA-A*80:01,auc_gt_2h,1.0,3,3,False
blosum_pseudoseq,random,ranking,all,HLA-B*07:02,spearman,,2,2,False
blosum_pseudoseq,random,ranking,all,HLA-B*07:02,pearson_log,,2,2,False
blosum_pseudoseq,random,ranking,all,HLA-B*07:02,auc_gt_2h,,2,2,False
blosum_pseudoseq,random,ranking,all,HLA-B*08:01,spearman,0.0,3,3,False
blosum_pseudoseq,random,ranking,all,HLA-B*08:01,pearson_log,0.29569994700000435,3,3,False
blosum_pseudoseq,random,ranking,all,HLA-B*08:01,auc_gt_2h,,3,3,False
blosum_pseudoseq,random,ranking,all,HLA-B*08:03,spearman,,2,2,False
blosum_pseudoseq,random,ranking,all,HLA-B*08:03,pearson_log,,2,2,False
blosum_pseudoseq,random,ranking,all,HLA-B*08:03,auc_gt_2h,,2,2,False
blosum_pseudoseq,random,ranking,all,HLA-B*13:02,spearman,,1,1,True
blosum_pseudoseq,random,ranking,all,HLA-B*13:02,pearson_log,,1,1,True
blosum_pseudoseq,random,ranking,all,HLA-B*13:02,auc_gt_2h,,1,1,True
blosum_pseudoseq,random,ranking,all,HLA-B*14:01(C67S),spearman,,2,2,False
blosum_pseudoseq,random,ranking,all,HLA-B*14:01(C67S),pearson_log,,2,2,False
blosum_pseudoseq,random,ranking,all,HLA-B*14:01(C67S),auc_gt_2h,,2,2,False
blosum_pseudoseq,random,ranking,all,HLA-B*14:02(C67S),spearman,,2,2,False
blosum_pseudoseq,random,ranking,all,HLA-B*14:02(C67S),pearson_log,,2,2,False
blosum_pseudoseq,random,ranking,all,HLA-B*14:02(C67S),auc_gt_2h,1.0,2,2,False
blosum_pseudoseq,random,ranking,all,HLA-B*15:01,spearman,1.0,3,3,False
blosum_pseudoseq,random,ranking,all,HLA-B*15:01,pearson_log,0.8391714729843442,3,3,False
blosum_pseudoseq,random,ranking,all,HLA-B*15:01,auc_gt_2h,1.0,3,3,False
blosum_pseudoseq,random,ranking,all,HLA-B*15:02,spearman,-0.5,3,3,False
blosum_pseudoseq,random,ranking,all,HLA-B*15:02,pearson_log,-0.903736813570232,3,3,False
blosum_pseudoseq,random,ranking,all,HLA-B*15:02,auc_gt_2h,0.5,3,3,False
blosum_pseudoseq,random,ranking,all,HLA-B*15:10,spearman,,2,2,False
blosum_pseudoseq,random,ranking,all,HLA-B*15:10,pearson_log,,2,2,False
blosum_pseudoseq,random,ranking,all,HLA-B*15:10,auc_gt_2h,1.0,2,2,False
blosum_pseudoseq,random,ranking,all,HLA-B*15:17,spearman,,2,2,False
blosum_pseudoseq,random,ranking,all,HLA-B*15:17,pearson_log,,2,2,False
blosum_pseudoseq,random,ranking,all,HLA-B*15:17,auc_gt_2h,0.0,2,2,False
blosum_pseudoseq,random,ranking,all,HLA-B*18:01,spearman,,2,2,False
blosum_pseudoseq,random,ranking,all,HLA-B*18:01,pearson_log,,2,2,False
blosum_pseudoseq,random,ranking,all,HLA-B*18:01,auc_gt_2h,0.0,2,2,False
blosum_pseudoseq,random,ranking,all,HLA-B*27:02,spearman,,2,2,False
blosum_pseudoseq,random,ranking,all,HLA-B*27:02,pearson_log,,2,2,False
blosum_pseudoseq,random,ranking,all,HLA-B*27:02,auc_gt_2h,,2,2,False
blosum_pseudoseq,random,ranking,all,HLA-B*27:03,spearman,,2,2,False
blosum_pseudoseq,random,ranking,all,HLA-B*27:03,pearson_log,,2,2,False
blosum_pseudoseq,random,ranking,all,HLA-B*27:03,auc_gt_2h,,2,2,False
blosum_pseudoseq,random,ranking,all,HLA-B*27:05,spearman,0.5,3,3,False
blosum_pseudoseq,random,ranking,all,HLA-B*27:05,pearson_log,0.6191300121029788,3,3,False
blosum_pseudoseq,random,ranking,all,HLA-B*27:05,auc_gt_2h,0.5,3,3,False
blosum_pseudoseq,random,ranking,all,HLA-B*27:20,spearman,,2,2,False
blosum_pseudoseq,random,ranking,all,HLA-B*27:20,pearson_log,,2,2,False
blosum_pseudoseq,random,ranking,all,HLA-B*27:20,auc_gt_2h,,2,2,False
blosum_pseudoseq,random,ranking,all,HLA-B*35:01,spearman,,2,2,False
blosum_pseudoseq,random,ranking,all,HLA-B*35:01,pearson_log,,2,2,False
blosum_pseudoseq,random,ranking,all,HLA-B*35:01,auc_gt_2h,0.0,2,2,False
blosum_pseudoseq,random,ranking,all,HLA-B*35:03,spearman,,2,2,False
blosum_pseudoseq,random,ranking,all,HLA-B*35:03,pearson_log,,2,2,False
blosum_pseudoseq,random,ranking,all,HLA-B*35:03,auc_gt_2h,0.0,2,2,False
blosum_pseudoseq,random,ranking,all,HLA-B*35:08,spearman,-0.5,3,3,False
blosum_pseudoseq,random,ranking,all,HLA-B*35:08,pearson_log,-0.16775126544279398,3,3,False
blosum_pseudoseq,random,ranking,all,HLA-B*35:08,auc_gt_2h,0.5,3,3,False
blosum_pseudoseq,random,ranking,all,HLA-B*39:01,spearman,,2,2,False
blosum_pseudoseq,random,ranking,all,HLA-B*39:01,pearson_log,,2,2,False
blosum_pseudoseq,random,ranking,all,HLA-B*39:01,auc_gt_2h,,2,2,False
blosum_pseudoseq,random,ranking,all,HLA-B*39:02,spearman,0.8660254037844387,3,3,False
blosum_pseudoseq,random,ranking,all,HLA-B*39:02,pearson_log,0.8080627781927855,3,3,False
blosum_pseudoseq,random,ranking,all,HLA-B*39:02,auc_gt_2h,,3,3,False
blosum_pseudoseq,random,ranking,all,HLA-B*39:06(C67S),spearman,,3,3,False
blosum_pseudoseq,random,ranking,all,HLA-B*39:06(C67S),pearson_log,,3,3,False
blosum_pseudoseq,random,ranking,all,HLA-B*39:06(C67S),auc_gt_2h,,3,3,False
blosum_pseudoseq,random,ranking,all,HLA-B*39:10,spearman,,2,2,False
blosum_pseudoseq,random,ranking,all,HLA-B*39:10,pearson_log,,2,2,False
blosum_pseudoseq,random,ranking,all,HLA-B*39:10,auc_gt_2h,0.0,2,2,False
blosum_pseudoseq,random,ranking,all,HLA-B*40:01,spearman,-0.5,3,3,False
blosum_pseudoseq,random,ranking,all,HLA-B*40:01,pearson_log,-0.2900777811829817,3,3,False
blosum_pseudoseq,random,ranking,all,HLA-B*40:01,auc_gt_2h,,3,3,False
blosum_pseudoseq,random,ranking,all,HLA-B*40:02,spearman,1.0,3,3,False
blosum_pseudoseq,random,ranking,all,HLA-B*40:02,pearson_log,0.7586779826922498,3,3,False
blosum_pseudoseq,random,ranking,all,HLA-B*40:02,auc_gt_2h,1.0,3,3,False
blosum_pseudoseq,random,ranking,all,HLA-B*41:01,spearman,-0.5,3,3,False
blosum_pseudoseq,random,ranking,all,HLA-B*41:01,pearson_log,-0.814095628254929,3,3,False
blosum_pseudoseq,random,ranking,all,HLA-B*41:01,auc_gt_2h,,3,3,False
blosum_pseudoseq,random,ranking,all,HLA-B*42:01,spearman,,2,2,False
blosum_pseudoseq,random,ranking,all,HLA-B*42:01,pearson_log,,2,2,False
blosum_pseudoseq,random,ranking,all,HLA-B*42:01,auc_gt_2h,,2,2,False
blosum_pseudoseq,random,ranking,all,HLA-B*42:02,spearman,-0.5,3,3,False
blosum_pseudoseq,random,ranking,all,HLA-B*42:02,pearson_log,-0.7227172437612635,3,3,False
blosum_pseudoseq,random,ranking,all,HLA-B*42:02,auc_gt_2h,0.0,3,3,False
blosum_pseudoseq,random,ranking,all,HLA-B*44:05,spearman,,2,2,False
blosum_pseudoseq,random,ranking,all,HLA-B*44:05,pearson_log,,2,2,False
blosum_pseudoseq,random,ranking,all,HLA-B*44:05,auc_gt_2h,,2,2,False
blosum_pseudoseq,random,ranking,all,HLA-B*45:01,spearman,0.8660254037844387,3,3,False
blosum_pseudoseq,random,ranking,all,HLA-B*45:01,pearson_log,0.9343906326918128,3,3,False
blosum_pseudoseq,random,ranking,all,HLA-B*45:01,auc_gt_2h,,3,3,False
blosum_pseudoseq,random,ranking,all,HLA-B*46:01,spearman,0.0,3,3,False
blosum_pseudoseq,random,ranking,all,HLA-B*46:01,pearson_log,-0.35957735866041685,3,3,False
blosum_pseudoseq,random,ranking,all,HLA-B*46:01,auc_gt_2h,,3,3,False
blosum_pseudoseq,random,ranking,all,HLA-B*51:01,spearman,0.0,3,3,False
blosum_pseudoseq,random,ranking,all,HLA-B*51:01,pearson_log,-0.43726233590463504,3,3,False
blosum_pseudoseq,random,ranking,all,HLA-B*51:01,auc_gt_2h,0.5,3,3,False
blosum_pseudoseq,random,ranking,all,HLA-B*54:01,spearman,0.5,3,3,False
blosum_pseudoseq,random,ranking,all,HLA-B*54:01,pearson_log,0.57013684620411,3,3,False
blosum_pseudoseq,random,ranking,all,HLA-B*54:01,auc_gt_2h,0.5,3,3,False
blosum_pseudoseq,random,ranking,all,HLA-B*55:01,spearman,,2,2,False
blosum_pseudoseq,random,ranking,all,HLA-B*55:01,pearson_log,,2,2,False
blosum_pseudoseq,random,ranking,all,HLA-B*55:01,auc_gt_2h,,2,2,False
blosum_pseudoseq,random,ranking,all,HLA-B*56:01,spearman,-0.5,3,3,False
blosum_pseudoseq,random,ranking,all,HLA-B*56:01,pearson_log,-0.48698770811234926,3,3,False
blosum_pseudoseq,random,ranking,all,HLA-B*56:01,auc_gt_2h,,3,3,False
blosum_pseudoseq,random,ranking,all,HLA-B*57:01,spearman,,2,2,False
blosum_pseudoseq,random,ranking,all,HLA-B*57:01,pearson_log,,2,2,False
blosum_pseudoseq,random,ranking,all,HLA-B*57:01,auc_gt_2h,,2,2,False
blosum_pseudoseq,random,ranking,all,HLA-B*57:02,spearman,,2,2,False
blosum_pseudoseq,random,ranking,all,HLA-B*57:02,pearson_log,,2,2,False
blosum_pseudoseq,random,ranking,all,HLA-B*57:02,auc_gt_2h,,2,2,False
blosum_pseudoseq,random,ranking,all,HLA-B*57:03,spearman,,2,2,False
blosum_pseudoseq,random,ranking,all,HLA-B*57:03,pearson_log,,2,2,False
blosum_pseudoseq,random,ranking,all,HLA-B*57:03,auc_gt_2h,,2,2,False
blosum_pseudoseq,random,ranking,all,HLA-B*58:01,spearman,-0.5,3,3,False
blosum_pseudoseq,random,ranking,all,HLA-B*58:01,pearson_log,0.15341924223804973,3,3,False
blosum_pseudoseq,random,ranking,all,HLA-B*58:01,auc_gt_2h,0.5,3,3,False
blosum_pseudoseq,random,ranking,all,HLA-B*81:01,spearman,,2,2,False
blosum_pseudoseq,random,ranking,all,HLA-B*81:01,pearson_log,,2,2,False
blosum_pseudoseq,random,ranking,all,HLA-B*81:01,auc_gt_2h,,2,2,False
blosum_pseudoseq,random,ranking,nonzero,HLA-A*01:01,spearman,,2,2,False
blosum_pseudoseq,random,ranking,nonzero,HLA-A*01:01,pearson_log,,2,2,False
blosum_pseudoseq,random,ranking,nonzero,HLA-A*01:01,auc_gt_2h,,2,2,False
blosum_pseudoseq,random,ranking,nonzero,HLA-A*02:01,spearman,0.5,3,3,False
blosum_pseudoseq,random,ranking,nonzero,HLA-A*02:01,pearson_log,-0.2990592505777152,3,3,False
blosum_pseudoseq,random,ranking,nonzero,HLA-A*02:01,auc_gt_2h,,3,3,False
blosum_pseudoseq,random,ranking,nonzero,HLA-A*02:03,spearman,,2,2,False
blosum_pseudoseq,random,ranking,nonzero,HLA-A*02:03,pearson_log,,2,2,False
blosum_pseudoseq,random,ranking,nonzero,HLA-A*02:03,auc_gt_2h,1.0,2,2,False
blosum_pseudoseq,random,ranking,nonzero,HLA-A*02:05,spearman,-1.0,3,3,False
blosum_pseudoseq,random,ranking,nonzero,HLA-A*02:05,pearson_log,-0.9810425039612014,3,3,False
blosum_pseudoseq,random,ranking,nonzero,HLA-A*02:05,auc_gt_2h,,3,3,False
blosum_pseudoseq,random,ranking,nonzero,HLA-A*02:10,spearman,0.5,3,3,False
blosum_pseudoseq,random,ranking,nonzero,HLA-A*02:10,pearson_log,0.8495874588070065,3,3,False
blosum_pseudoseq,random,ranking,nonzero,HLA-A*02:10,auc_gt_2h,1.0,3,3,False
blosum_pseudoseq,random,ranking,nonzero,HLA-A*02:11,spearman,-1.0,3,3,False
blosum_pseudoseq,random,ranking,nonzero,HLA-A*02:11,pearson_log,-0.981594512034526,3,3,False
blosum_pseudoseq,random,ranking,nonzero,HLA-A*02:11,auc_gt_2h,,3,3,False
blosum_pseudoseq,random,ranking,nonzero,HLA-A*02:12,spearman,-0.5,3,3,False
blosum_pseudoseq,random,ranking,nonzero,HLA-A*02:12,pearson_log,-0.9641017634084652,3,3,False
blosum_pseudoseq,random,ranking,nonzero,HLA-A*02:12,auc_gt_2h,,3,3,False
blosum_pseudoseq,random,ranking,nonzero,HLA-A*02:16,spearman,-0.5,3,3,False
blosum_pseudoseq,random,ranking,nonzero,HLA-A*02:16,pearson_log,-0.2619108662672591,3,3,False
blosum_pseudoseq,random,ranking,nonzero,HLA-A*02:16,auc_gt_2h,0.0,3,3,False
blosum_pseudoseq,random,ranking,nonzero,HLA-A*02:19,spearman,0.5,3,3,False
blosum_pseudoseq,random,ranking,nonzero,HLA-A*02:19,pearson_log,0.8424638889471585,3,3,False
blosum_pseudoseq,random,ranking,nonzero,HLA-A*02:19,auc_gt_2h,,3,3,False
blosum_pseudoseq,random,ranking,nonzero,HLA-A*02:50,spearman,0.5,3,3,False
blosum_pseudoseq,random,ranking,nonzero,HLA-A*02:50,pearson_log,0.22379104533655095,3,3,False
blosum_pseudoseq,random,ranking,nonzero,HLA-A*02:50,auc_gt_2h,,3,3,False
blosum_pseudoseq,random,ranking,nonzero,HLA-A*03:01,spearman,,2,2,False
blosum_pseudoseq,random,ranking,nonzero,HLA-A*03:01,pearson_log,,2,2,False
blosum_pseudoseq,random,ranking,nonzero,HLA-A*03:01,auc_gt_2h,0.0,2,2,False
blosum_pseudoseq,random,ranking,nonzero,HLA-A*11:01,spearman,1.0,3,3,False
blosum_pseudoseq,random,ranking,nonzero,HLA-A*11:01,pearson_log,0.6634609715398487,3,3,False
blosum_pseudoseq,random,ranking,nonzero,HLA-A*11:01,auc_gt_2h,1.0,3,3,False
blosum_pseudoseq,random,ranking,nonzero,HLA-A*23:01,spearman,-0.5,3,3,False
blosum_pseudoseq,random,ranking,nonzero,HLA-A*23:01,pearson_log,-0.5438571365056769,3,3,False
blosum_pseudoseq,random,ranking,nonzero,HLA-A*23:01,auc_gt_2h,0.0,3,3,False
blosum_pseudoseq,random,ranking,nonzero,HLA-A*24:02,spearman,-0.5,3,3,False
blosum_pseudoseq,random,ranking,nonzero,HLA-A*24:02,pearson_log,-0.5371068085736579,3,3,False
blosum_pseudoseq,random,ranking,nonzero,HLA-A*24:02,auc_gt_2h,0.0,3,3,False
blosum_pseudoseq,random,ranking,nonzero,HLA-A*24:03,spearman,0.5,3,3,False
blosum_pseudoseq,random,ranking,nonzero,HLA-A*24:03,pearson_log,0.9203245432318037,3,3,False
blosum_pseudoseq,random,ranking,nonzero,HLA-A*24:03,auc_gt_2h,1.0,3,3,False
blosum_pseudoseq,random,ranking,nonzero,HLA-A*24:07,spearman,-0.5,3,3,False
blosum_pseudoseq,random,ranking,nonzero,HLA-A*24:07,pearson_log,-0.46610283744931574,3,3,False
blosum_pseudoseq,random,ranking,nonzero,HLA-A*24:07,auc_gt_2h,,3,3,False
blosum_pseudoseq,random,ranking,nonzero,HLA-A*24:19,spearman,,2,2,False
blosum_pseudoseq,random,ranking,nonzero,HLA-A*24:19,pearson_log,,2,2,False
blosum_pseudoseq,random,ranking,nonzero,HLA-A*24:19,auc_gt_2h,,2,2,False
blosum_pseudoseq,random,ranking,nonzero,HLA-A*25:01,spearman,,1,1,True
blosum_pseudoseq,random,ranking,nonzero,HLA-A*25:01,pearson_log,,1,1,True
blosum_pseudoseq,random,ranking,nonzero,HLA-A*25:01,auc_gt_2h,,1,1,True
blosum_pseudoseq,random,ranking,nonzero,HLA-A*26:01,spearman,-1.0,3,3,False
blosum_pseudoseq,random,ranking,nonzero,HLA-A*26:01,pearson_log,-0.8222593367265741,3,3,False
blosum_pseudoseq,random,ranking,nonzero,HLA-A*26:01,auc_gt_2h,,3,3,False
blosum_pseudoseq,random,ranking,nonzero,HLA-A*26:02,spearman,0.5,3,3,False
blosum_pseudoseq,random,ranking,nonzero,HLA-A*26:02,pearson_log,0.017846759946161306,3,3,False
blosum_pseudoseq,random,ranking,nonzero,HLA-A*26:02,auc_gt_2h,0.5,3,3,False
blosum_pseudoseq,random,ranking,nonzero,HLA-A*26:03,spearman,,1,1,True
blosum_pseudoseq,random,ranking,nonzero,HLA-A*26:03,pearson_log,,1,1,True
blosum_pseudoseq,random,ranking,nonzero,HLA-A*26:03,auc_gt_2h,,1,1,True
blosum_pseudoseq,random,ranking,nonzero,HLA-A*29:02,spearman,-0.5,3,3,False
blosum_pseudoseq,random,ranking,nonzero,HLA-A*29:02,pearson_log,-0.21736419176172653,3,3,False
blosum_pseudoseq,random,ranking,nonzero,HLA-A*29:02,auc_gt_2h,0.5,3,3,False
blosum_pseudoseq,random,ranking,nonzero,HLA-A*30:01,spearman,,2,2,False
blosum_pseudoseq,random,ranking,nonzero,HLA-A*30:01,pearson_log,,2,2,False
blosum_pseudoseq,random,ranking,nonzero,HLA-A*30:01,auc_gt_2h,1.0,2,2,False
blosum_pseudoseq,random,ranking,nonzero,HLA-A*30:02,spearman,,2,2,False
blosum_pseudoseq,random,ranking,nonzero,HLA-A*30:02,pearson_log,,2,2,False
blosum_pseudoseq,random,ranking,nonzero,HLA-A*30:02,auc_gt_2h,1.0,2,2,False
blosum_pseudoseq,random,ranking,nonzero,HLA-A*31:01,spearman,1.0,3,3,False
blosum_pseudoseq,random,ranking,nonzero,HLA-A*31:01,pearson_log,0.9991427382208061,3,3,False
blosum_pseudoseq,random,ranking,nonzero,HLA-A*31:01,auc_gt_2h,1.0,3,3,False
blosum_pseudoseq,random,ranking,nonzero,HLA-A*32:01,spearman,,2,2,False
blosum_pseudoseq,random,ranking,nonzero,HLA-A*32:01,pearson_log,,2,2,False
blosum_pseudoseq,random,ranking,nonzero,HLA-A*32:01,auc_gt_2h,,2,2,False
blosum_pseudoseq,random,ranking,nonzero,HLA-A*32:07,spearman,-0.5,3,3,False
blosum_pseudoseq,random,ranking,nonzero,HLA-A*32:07,pearson_log,-0.5527383636079124,3,3,False
blosum_pseudoseq,random,ranking,nonzero,HLA-A*32:07,auc_gt_2h,0.0,3,3,False
blosum_pseudoseq,random,ranking,nonzero,HLA-A*33:03,spearman,,2,2,False
blosum_pseudoseq,random,ranking,nonzero,HLA-A*33:03,pearson_log,,2,2,False
blosum_pseudoseq,random,ranking,nonzero,HLA-A*33:03,auc_gt_2h,1.0,2,2,False
blosum_pseudoseq,random,ranking,nonzero,HLA-A*43:01,spearman,,2,2,False
blosum_pseudoseq,random,ranking,nonzero,HLA-A*43:01,pearson_log,,2,2,False
blosum_pseudoseq,random,ranking,nonzero,HLA-A*43:01,auc_gt_2h,0.0,2,2,False
blosum_pseudoseq,random,ranking,nonzero,HLA-A*66:01,spearman,,2,2,False
blosum_pseudoseq,random,ranking,nonzero,HLA-A*66:01,pearson_log,,2,2,False
blosum_pseudoseq,random,ranking,nonzero,HLA-A*66:01,auc_gt_2h,,2,2,False
blosum_pseudoseq,random,ranking,nonzero,HLA-A*68:01,spearman,,2,2,False
blosum_pseudoseq,random,ranking,nonzero,HLA-A*68:01,pearson_log,,2,2,False
blosum_pseudoseq,random,ranking,nonzero,HLA-A*68:01,auc_gt_2h,,2,2,False
blosum_pseudoseq,random,ranking,nonzero,HLA-A*68:02,spearman,-1.0,3,3,False
blosum_pseudoseq,random,ranking,nonzero,HLA-A*68:02,pearson_log,-0.8937809205966822,3,3,False
blosum_pseudoseq,random,ranking,nonzero,HLA-A*68:02,auc_gt_2h,0.0,3,3,False
blosum_pseudoseq,random,ranking,nonzero,HLA-A*68:23,spearman,,2,2,False
blosum_pseudoseq,random,ranking,nonzero,HLA-A*68:23,pearson_log,,2,2,False
blosum_pseudoseq,random,ranking,nonzero,HLA-A*68:23,auc_gt_2h,,2,2,False
blosum_pseudoseq,random,ranking,nonzero,HLA-A*69:01,spearman,-0.5,3,3,False
blosum_pseudoseq,random,ranking,nonzero,HLA-A*69:01,pearson_log,-0.35091378014858265,3,3,False
blosum_pseudoseq,random,ranking,nonzero,HLA-A*69:01,auc_gt_2h,,3,3,False
blosum_pseudoseq,random,ranking,nonzero,HLA-A*74:01,spearman,,2,2,False
blosum_pseudoseq,random,ranking,nonzero,HLA-A*74:01,pearson_log,,2,2,False
blosum_pseudoseq,random,ranking,nonzero,HLA-A*74:01,auc_gt_2h,,2,2,False
blosum_pseudoseq,random,ranking,nonzero,HLA-A*80:01,spearman,,2,2,False
blosum_pseudoseq,random,ranking,nonzero,HLA-A*80:01,pearson_log,,2,2,False
blosum_pseudoseq,random,ranking,nonzero,HLA-A*80:01,auc_gt_2h,1.0,2,2,False
blosum_pseudoseq,random,ranking,nonzero,HLA-B*07:02,spearman,,2,2,False
blosum_pseudoseq,random,ranking,nonzero,HLA-B*07:02,pearson_log,,2,2,False
blosum_pseudoseq,random,ranking,nonzero,HLA-B*07:02,auc_gt_2h,,2,2,False
blosum_pseudoseq,random,ranking,nonzero,HLA-B*08:01,spearman,0.0,3,3,False
blosum_pseudoseq,random,ranking,nonzero,HLA-B*08:01,pearson_log,0.29569994700000435,3,3,False
blosum_pseudoseq,random,ranking,nonzero,HLA-B*08:01,auc_gt_2h,,3,3,False
blosum_pseudoseq,random,ranking,nonzero,HLA-B*08:03,spearman,,1,1,True
blosum_pseudoseq,random,ranking,nonzero,HLA-B*08:03,pearson_log,,1,1,True
blosum_pseudoseq,random,ranking,nonzero,HLA-B*08:03,auc_gt_2h,,1,1,True
blosum_pseudoseq,random,ranking,nonzero,HLA-B*13:02,spearman,,1,1,True
blosum_pseudoseq,random,ranking,nonzero,HLA-B*13:02,pearson_log,,1,1,True
blosum_pseudoseq,random,ranking,nonzero,HLA-B*13:02,auc_gt_2h,,1,1,True
blosum_pseudoseq,random,ranking,nonzero,HLA-B*14:02(C67S),spearman,,1,1,True
blosum_pseudoseq,random,ranking,nonzero,HLA-B*14:02(C67S),pearson_log,,1,1,True
blosum_pseudoseq,random,ranking,nonzero,HLA-B*14:02(C67S),auc_gt_2h,,1,1,True
blosum_pseudoseq,random,ranking,nonzero,HLA-B*15:01,spearman,,2,2,False
blosum_pseudoseq,random,ranking,nonzero,HLA-B*15:01,pearson_log,,2,2,False
blosum_pseudoseq,random,ranking,nonzero,HLA-B*15:01,auc_gt_2h,1.0,2,2,False
blosum_pseudoseq,random,ranking,nonzero,HLA-B*15:02,spearman,,2,2,False
blosum_pseudoseq,random,ranking,nonzero,HLA-B*15:02,pearson_log,,2,2,False
blosum_pseudoseq,random,ranking,nonzero,HLA-B*15:02,auc_gt_2h,1.0,2,2,False
blosum_pseudoseq,random,ranking,nonzero,HLA-B*15:10,spearman,,2,2,False
blosum_pseudoseq,random,ranking,nonzero,HLA-B*15:10,pearson_log,,2,2,False
blosum_pseudoseq,random,ranking,nonzero,HLA-B*15:10,auc_gt_2h,1.0,2,2,False
blosum_pseudoseq,random,ranking,nonzero,HLA-B*15:17,spearman,,1,1,True
blosum_pseudoseq,random,ranking,nonzero,HLA-B*15:17,pearson_log,,1,1,True
blosum_pseudoseq,random,ranking,nonzero,HLA-B*15:17,auc_gt_2h,,1,1,True
blosum_pseudoseq,random,ranking,nonzero,HLA-B*18:01,spearman,,2,2,False
blosum_pseudoseq,random,ranking,nonzero,HLA-B*18:01,pearson_log,,2,2,False
blosum_pseudoseq,random,ranking,nonzero,HLA-B*18:01,auc_gt_2h,0.0,2,2,False
blosum_pseudoseq,random,ranking,nonzero,HLA-B*27:02,spearman,,2,2,False
blosum_pseudoseq,random,ranking,nonzero,HLA-B*27:02,pearson_log,,2,2,False
blosum_pseudoseq,random,ranking,nonzero,HLA-B*27:02,auc_gt_2h,,2,2,False
blosum_pseudoseq,random,ranking,nonzero,HLA-B*27:03,spearman,,2,2,False
blosum_pseudoseq,random,ranking,nonzero,HLA-B*27:03,pearson_log,,2,2,False
blosum_pseudoseq,random,ranking,nonzero,HLA-B*27:03,auc_gt_2h,,2,2,False
blosum_pseudoseq,random,ranking,nonzero,HLA-B*27:05,spearman,0.5,3,3,False
blosum_pseudoseq,random,ranking,nonzero,HLA-B*27:05,pearson_log,0.6191300121029788,3,3,False
blosum_pseudoseq,random,ranking,nonzero,HLA-B*27:05,auc_gt_2h,0.5,3,3,False
blosum_pseudoseq,random,ranking,nonzero,HLA-B*27:20,spearman,,1,1,True
blosum_pseudoseq,random,ranking,nonzero,HLA-B*27:20,pearson_log,,1,1,True
blosum_pseudoseq,random,ranking,nonzero,HLA-B*27:20,auc_gt_2h,,1,1,True
blosum_pseudoseq,random,ranking,nonzero,HLA-B*35:01,spearman,,1,1,True
blosum_pseudoseq,random,ranking,nonzero,HLA-B*35:01,pearson_log,,1,1,True
blosum_pseudoseq,random,ranking,nonzero,HLA-B*35:01,auc_gt_2h,,1,1,True
blosum_pseudoseq,random,ranking,nonzero,HLA-B*35:03,spearman,,2,2,False
blosum_pseudoseq,random,ranking,nonzero,HLA-B*35:03,pearson_log,,2,2,False
blosum_pseudoseq,random,ranking,nonzero,HLA-B*35:03,auc_gt_2h,0.0,2,2,False
blosum_pseudoseq,random,ranking,nonzero,HLA-B*35:08,spearman,-0.5,3,3,False
blosum_pseudoseq,random,ranking,nonzero,HLA-B*35:08,pearson_log,-0.16775126544279398,3,3,False
blosum_pseudoseq,random,ranking,nonzero,HLA-B*35:08,auc_gt_2h,0.5,3,3,False
blosum_pseudoseq,random,ranking,nonzero,HLA-B*39:01,spearman,,2,2,False
blosum_pseudoseq,random,ranking,nonzero,HLA-B*39:01,pearson_log,,2,2,False
blosum_pseudoseq,random,ranking,nonzero,HLA-B*39:01,auc_gt_2h,,2,2,False
blosum_pseudoseq,random,ranking,nonzero,HLA-B*39:02,spearman,,2,2,False
blosum_pseudoseq,random,ranking,nonzero,HLA-B*39:02,pearson_log,,2,2,False
blosum_pseudoseq,random,ranking,nonzero,HLA-B*39:02,auc_gt_2h,,2,2,False
blosum_pseudoseq,random,ranking,nonzero,HLA-B*39:10,spearman,,2,2,False
blosum_pseudoseq,random,ranking,nonzero,HLA-B*39:10,pearson_log,,2,2,False
blosum_pseudoseq,random,ranking,nonzero,HLA-B*39:10,auc_gt_2h,0.0,2,2,False
blosum_pseudoseq,random,ranking,nonzero,HLA-B*40:01,spearman,-0.5,3,3,False
blosum_pseudoseq,random,ranking,nonzero,HLA-B*40:01,pearson_log,-0.2900777811829817,3,3,False
blosum_pseudoseq,random,ranking,nonzero,HLA-B*40:01,auc_gt_2h,,3,3,False
blosum_pseudoseq,random,ranking,nonzero,HLA-B*40:02,spearman,1.0,3,3,False
blosum_pseudoseq,random,ranking,nonzero,HLA-B*40:02,pearson_log,0.7586779826922498,3,3,False
blosum_pseudoseq,random,ranking,nonzero,HLA-B*40:02,auc_gt_2h,1.0,3,3,False
blosum_pseudoseq,random,ranking,nonzero,HLA-B*41:01,spearman,,2,2,False
blosum_pseudoseq,random,ranking,nonzero,HLA-B*41:01,pearson_log,,2,2,False
blosum_pseudoseq,random,ranking,nonzero,HLA-B*41:01,auc_gt_2h,,2,2,False
blosum_pseudoseq,random,ranking,nonzero,HLA-B*42:01,spearman,,2,2,False
blosum_pseudoseq,random,ranking,nonzero,HLA-B*42:01,pearson_log,,2,2,False
blosum_pseudoseq,random,ranking,nonzero,HLA-B*42:01,auc_gt_2h,,2,2,False
blosum_pseudoseq,random,ranking,nonzero,HLA-B*42:02,spearman,-0.5,3,3,False
blosum_pseudoseq,random,ranking,nonzero,HLA-B*42:02,pearson_log,-0.7227172437612635,3,3,False
blosum_pseudoseq,random,ranking,nonzero,HLA-B*42:02,auc_gt_2h,0.0,3,3,False
blosum_pseudoseq,random,ranking,nonzero,HLA-B*44:05,spearman,,2,2,False
blosum_pseudoseq,random,ranking,nonzero,HLA-B*44:05,pearson_log,,2,2,False
blosum_pseudoseq,random,ranking,nonzero,HLA-B*44:05,auc_gt_2h,,2,2,False
blosum_pseudoseq,random,ranking,nonzero,HLA-B*45:01,spearman,,1,1,True
blosum_pseudoseq,random,ranking,nonzero,HLA-B*45:01,pearson_log,,1,1,True
blosum_pseudoseq,random,ranking,nonzero,HLA-B*45:01,auc_gt_2h,,1,1,True
blosum_pseudoseq,random,ranking,nonzero,HLA-B*46:01,spearman,,1,1,True
blosum_pseudoseq,random,ranking,nonzero,HLA-B*46:01,pearson_log,,1,1,True
blosum_pseudoseq,random,ranking,nonzero,HLA-B*46:01,auc_gt_2h,,1,1,True
blosum_pseudoseq,random,ranking,nonzero,HLA-B*51:01,spearman,,1,1,True
blosum_pseudoseq,random,ranking,nonzero,HLA-B*51:01,pearson_log,,1,1,True
blosum_pseudoseq,random,ranking,nonzero,HLA-B*51:01,auc_gt_2h,,1,1,True
blosum_pseudoseq,random,ranking,nonzero,HLA-B*54:01,spearman,,2,2,False
blosum_pseudoseq,random,ranking,nonzero,HLA-B*54:01,pearson_log,,2,2,False
blosum_pseudoseq,random,ranking,nonzero,HLA-B*54:01,auc_gt_2h,0.0,2,2,False
blosum_pseudoseq,random,ranking,nonzero,HLA-B*56:01,spearman,,2,2,False
blosum_pseudoseq,random,ranking,nonzero,HLA-B*56:01,pearson_log,,2,2,False
blosum_pseudoseq,random,ranking,nonzero,HLA-B*56:01,auc_gt_2h,,2,2,False
blosum_pseudoseq,random,ranking,nonzero,HLA-B*57:01,spearman,,2,2,False
blosum_pseudoseq,random,ranking,nonzero,HLA-B*57:01,pearson_log,,2,2,False
blosum_pseudoseq,random,ranking,nonzero,HLA-B*57:01,auc_gt_2h,,2,2,False
blosum_pseudoseq,random,ranking,nonzero,HLA-B*57:02,spearman,,2,2,False
blosum_pseudoseq,random,ranking,nonzero,HLA-B*57:02,pearson_log,,2,2,False
blosum_pseudoseq,random,ranking,nonzero,HLA-B*57:02,auc_gt_2h,,2,2,False
blosum_pseudoseq,random,ranking,nonzero,HLA-B*57:03,spearman,,2,2,False
blosum_pseudoseq,random,ranking,nonzero,HLA-B*57:03,pearson_log,,2,2,False
blosum_pseudoseq,random,ranking,nonzero,HLA-B*57:03,auc_gt_2h,,2,2,False
blosum_pseudoseq,random,ranking,nonzero,HLA-B*58:01,spearman,-0.5,3,3,False
blosum_pseudoseq,random,ranking,nonzero,HLA-B*58:01,pearson_log,0.15341924223804973,3,3,False
blosum_pseudoseq,random,ranking,nonzero,HLA-B*58:01,auc_gt_2h,0.5,3,3,False
blosum_pseudoseq,random,ranking,nonzero,HLA-B*81:01,spearman,,2,2,False
blosum_pseudoseq,random,ranking,nonzero,HLA-B*81:01,pearson_log,,2,2,False
blosum_pseudoseq,random,ranking,nonzero,HLA-B*81:01,auc_gt_2h,,2,2,False
pwm,leave_one_allele_out,reference,all,HLA-A*01:01,spearman,,0,14,False
pwm,leave_one_allele_out,reference,all,HLA-A*01:01,pearson_log,,0,14,False
pwm,leave_one_allele_out,reference,all,HLA-A*01:01,auc_gt_2h,,0,14,False
pwm,leave_one_allele_out,reference,all,HLA-A*02:01,spearman,,0,14,False
pwm,leave_one_allele_out,reference,all,HLA-A*02:01,pearson_log,,0,14,False
pwm,leave_one_allele_out,reference,all,HLA-A*02:01,auc_gt_2h,,0,14,False
pwm,leave_one_allele_out,reference,all,HLA-A*02:03,spearman,,0,14,False
pwm,leave_one_allele_out,reference,all,HLA-A*02:03,pearson_log,,0,14,False
pwm,leave_one_allele_out,reference,all,HLA-A*02:03,auc_gt_2h,,0,14,False
pwm,leave_one_allele_out,reference,all,HLA-A*02:05,spearman,,0,14,False
pwm,leave_one_allele_out,reference,all,HLA-A*02:05,pearson_log,,0,14,False
pwm,leave_one_allele_out,reference,all,HLA-A*02:05,auc_gt_2h,,0,14,False
pwm,leave_one_allele_out,reference,all,HLA-A*02:10,spearman,,0,14,False
pwm,leave_one_allele_out,reference,all,HLA-A*02:10,pearson_log,,0,14,False
pwm,leave_one_allele_out,reference,all,HLA-A*02:10,auc_gt_2h,,0,14,False
pwm,leave_one_allele_out,reference,all,HLA-A*02:11,spearman,,0,14,False
pwm,leave_one_allele_out,reference,all,HLA-A*02:11,pearson_log,,0,14,False
pwm,leave_one_allele_out,reference,all,HLA-A*02:11,auc_gt_2h,,0,14,False
pwm,leave_one_allele_out,reference,all,HLA-A*02:12,spearman,,0,14,False
pwm,leave_one_allele_out,reference,all,HLA-A*02:12,pearson_log,,0,14,False
pwm,leave_one_allele_out,reference,all,HLA-A*02:12,auc_gt_2h,,0,14,False
pwm,leave_one_allele_out,reference,all,HLA-A*02:16,spearman,,0,14,False
pwm,leave_one_allele_out,reference,all,HLA-A*02:16,pearson_log,,0,14,False
pwm,leave_one_allele_out,reference,all,HLA-A*02:16,auc_gt_2h,,0,14,False
pwm,leave_one_allele_out,reference,all,HLA-A*02:19,spearman,,0,14,False
pwm,leave_one_allele_out,reference,all,HLA-A*02:19,pearson_log,,0,14,False
pwm,leave_one_allele_out,reference,all,HLA-A*02:19,auc_gt_2h,,0,14,False
pwm,leave_one_allele_out,reference,all,HLA-A*02:50,spearman,,0,14,False
pwm,leave_one_allele_out,reference,all,HLA-A*02:50,pearson_log,,0,14,False
pwm,leave_one_allele_out,reference,all,HLA-A*02:50,auc_gt_2h,,0,14,False
pwm,leave_one_allele_out,reference,all,HLA-A*03:01,spearman,,0,14,False
pwm,leave_one_allele_out,reference,all,HLA-A*03:01,pearson_log,,0,14,False
pwm,leave_one_allele_out,reference,all,HLA-A*03:01,auc_gt_2h,,0,14,False
pwm,leave_one_allele_out,reference,all,HLA-A*11:01,spearman,,0,14,False
pwm,leave_one_allele_out,reference,all,HLA-A*11:01,pearson_log,,0,14,False
pwm,leave_one_allele_out,reference,all,HLA-A*11:01,auc_gt_2h,,0,14,False
pwm,leave_one_allele_out,reference,all,HLA-A*23:01,spearman,,0,14,False
pwm,leave_one_allele_out,reference,all,HLA-A*23:01,pearson_log,,0,14,False
pwm,leave_one_allele_out,reference,all,HLA-A*23:01,auc_gt_2h,,0,14,False
pwm,leave_one_allele_out,reference,all,HLA-A*24:02,spearman,,0,14,False
pwm,leave_one_allele_out,reference,all,HLA-A*24:02,pearson_log,,0,14,False
pwm,leave_one_allele_out,reference,all,HLA-A*24:02,auc_gt_2h,,0,14,False
pwm,leave_one_allele_out,reference,all,HLA-A*24:03,spearman,,0,14,False
pwm,leave_one_allele_out,reference,all,HLA-A*24:03,pearson_log,,0,14,False
pwm,leave_one_allele_out,reference,all,HLA-A*24:03,auc_gt_2h,,0,14,False
pwm,leave_one_allele_out,reference,all,HLA-A*24:07,spearman,,0,14,False
pwm,leave_one_allele_out,reference,all,HLA-A*24:07,pearson_log,,0,14,False
pwm,leave_one_allele_out,reference,all,HLA-A*24:07,auc_gt_2h,,0,14,False
pwm,leave_one_allele_out,reference,all,HLA-A*24:19,spearman,,0,14,False
pwm,leave_one_allele_out,reference,all,HLA-A*24:19,pearson_log,,0,14,False
pwm,leave_one_allele_out,reference,all,HLA-A*24:19,auc_gt_2h,,0,14,False
pwm,leave_one_allele_out,reference,all,HLA-A*25:01,spearman,,0,14,False
pwm,leave_one_allele_out,reference,all,HLA-A*25:01,pearson_log,,0,14,False
pwm,leave_one_allele_out,reference,all,HLA-A*25:01,auc_gt_2h,,0,14,False
pwm,leave_one_allele_out,reference,all,HLA-A*26:01,spearman,,0,14,False
pwm,leave_one_allele_out,reference,all,HLA-A*26:01,pearson_log,,0,14,False
pwm,leave_one_allele_out,reference,all,HLA-A*26:01,auc_gt_2h,,0,14,False
pwm,leave_one_allele_out,reference,all,HLA-A*26:02,spearman,,0,14,False
pwm,leave_one_allele_out,reference,all,HLA-A*26:02,pearson_log,,0,14,False
pwm,leave_one_allele_out,reference,all,HLA-A*26:02,auc_gt_2h,,0,14,False
pwm,leave_one_allele_out,reference,all,HLA-A*26:03,spearman,,0,14,False
pwm,leave_one_allele_out,reference,all,HLA-A*26:03,pearson_log,,0,14,False
pwm,leave_one_allele_out,reference,all,HLA-A*26:03,auc_gt_2h,,0,14,False
pwm,leave_one_allele_out,reference,all,HLA-A*29:02,spearman,,0,14,False
pwm,leave_one_allele_out,reference,all,HLA-A*29:02,pearson_log,,0,14,False
pwm,leave_one_allele_out,reference,all,HLA-A*29:02,auc_gt_2h,,0,14,False
pwm,leave_one_allele_out,reference,all,HLA-A*30:01,spearman,,0,14,False
pwm,leave_one_allele_out,reference,all,HLA-A*30:01,pearson_log,,0,14,False
pwm,leave_one_allele_out,reference,all,HLA-A*30:01,auc_gt_2h,,0,14,False
pwm,leave_one_allele_out,reference,all,HLA-A*30:02,spearman,,0,14,False
pwm,leave_one_allele_out,reference,all,HLA-A*30:02,pearson_log,,0,14,False
pwm,leave_one_allele_out,reference,all,HLA-A*30:02,auc_gt_2h,,0,14,False
pwm,leave_one_allele_out,reference,all,HLA-A*31:01,spearman,,0,14,False
pwm,leave_one_allele_out,reference,all,HLA-A*31:01,pearson_log,,0,14,False
pwm,leave_one_allele_out,reference,all,HLA-A*31:01,auc_gt_2h,,0,14,False
pwm,leave_one_allele_out,reference,all,HLA-A*32:01,spearman,,0,14,False
pwm,leave_one_allele_out,reference,all,HLA-A*32:01,pearson_log,,0,14,False
pwm,leave_one_allele_out,reference,all,HLA-A*32:01,auc_gt_2h,,0,14,False
pwm,leave_one_allele_out,reference,all,HLA-A*32:07,spearman,,0,14,False
pwm,leave_one_allele_out,reference,all,HLA-A*32:07,pearson_log,,0,14,False
pwm,leave_one_allele_out,reference,all,HLA-A*32:07,auc_gt_2h,,0,14,False
pwm,leave_one_allele_out,reference,all,HLA-A*33:03,spearman,,0,14,False
pwm,leave_one_allele_out,reference,all,HLA-A*33:03,pearson_log,,0,14,False
pwm,leave_one_allele_out,reference,all,HLA-A*33:03,auc_gt_2h,,0,14,False
pwm,leave_one_allele_out,reference,all,HLA-A*43:01,spearman,,0,14,False
pwm,leave_one_allele_out,reference,all,HLA-A*43:01,pearson_log,,0,14,False
pwm,leave_one_allele_out,reference,all,HLA-A*43:01,auc_gt_2h,,0,14,False
pwm,leave_one_allele_out,reference,all,HLA-A*66:01,spearman,,0,14,False
pwm,leave_one_allele_out,reference,all,HLA-A*66:01,pearson_log,,0,14,False
pwm,leave_one_allele_out,reference,all,HLA-A*66:01,auc_gt_2h,,0,14,False
pwm,leave_one_allele_out,reference,all,HLA-A*68:01,spearman,,0,14,False
pwm,leave_one_allele_out,reference,all,HLA-A*68:01,pearson_log,,0,14,False
pwm,leave_one_allele_out,reference,all,HLA-A*68:01,auc_gt_2h,,0,14,False
pwm,leave_one_allele_out,reference,all,HLA-A*68:02,spearman,,0,13,False
pwm,leave_one_allele_out,reference,all,HLA-A*68:02,pearson_log,,0,13,False
pwm,leave_one_allele_out,reference,all,HLA-A*68:02,auc_gt_2h,,0,13,False
pwm,leave_one_allele_out,reference,all,HLA-A*68:23,spearman,,0,13,False
pwm,leave_one_allele_out,reference,all,HLA-A*68:23,pearson_log,,0,13,False
pwm,leave_one_allele_out,reference,all,HLA-A*68:23,auc_gt_2h,,0,13,False
pwm,leave_one_allele_out,reference,all,HLA-A*69:01,spearman,,0,13,False
pwm,leave_one_allele_out,reference,all,HLA-A*69:01,pearson_log,,0,13,False
pwm,leave_one_allele_out,reference,all,HLA-A*69:01,auc_gt_2h,,0,13,False
pwm,leave_one_allele_out,reference,all,HLA-A*74:01,spearman,,0,13,False
pwm,leave_one_allele_out,reference,all,HLA-A*74:01,pearson_log,,0,13,False
pwm,leave_one_allele_out,reference,all,HLA-A*74:01,auc_gt_2h,,0,13,False
pwm,leave_one_allele_out,reference,all,HLA-A*80:01,spearman,,0,13,False
pwm,leave_one_allele_out,reference,all,HLA-A*80:01,pearson_log,,0,13,False
pwm,leave_one_allele_out,reference,all,HLA-A*80:01,auc_gt_2h,,0,13,False
pwm,leave_one_allele_out,reference,all,HLA-B*07:02,spearman,,0,13,False
pwm,leave_one_allele_out,reference,all,HLA-B*07:02,pearson_log,,0,13,False
pwm,leave_one_allele_out,reference,all,HLA-B*07:02,auc_gt_2h,,0,13,False
pwm,leave_one_allele_out,reference,all,HLA-B*08:01,spearman,,0,13,False
pwm,leave_one_allele_out,reference,all,HLA-B*08:01,pearson_log,,0,13,False
pwm,leave_one_allele_out,reference,all,HLA-B*08:01,auc_gt_2h,,0,13,False
pwm,leave_one_allele_out,reference,all,HLA-B*08:03,spearman,,0,13,False
pwm,leave_one_allele_out,reference,all,HLA-B*08:03,pearson_log,,0,13,False
pwm,leave_one_allele_out,reference,all,HLA-B*08:03,auc_gt_2h,,0,13,False
pwm,leave_one_allele_out,reference,all,HLA-B*13:02,spearman,,0,7,False
pwm,leave_one_allele_out,reference,all,HLA-B*13:02,pearson_log,,0,7,False
pwm,leave_one_allele_out,reference,all,HLA-B*13:02,auc_gt_2h,,0,7,False
pwm,leave_one_allele_out,reference,all,HLA-B*14:01(C67S),spearman,,0,13,False
pwm,leave_one_allele_out,reference,all,HLA-B*14:01(C67S),pearson_log,,0,13,False
pwm,leave_one_allele_out,reference,all,HLA-B*14:01(C67S),auc_gt_2h,,0,13,False
pwm,leave_one_allele_out,reference,all,HLA-B*14:02(C67S),spearman,,0,13,False
pwm,leave_one_allele_out,reference,all,HLA-B*14:02(C67S),pearson_log,,0,13,False
pwm,leave_one_allele_out,reference,all,HLA-B*14:02(C67S),auc_gt_2h,,0,13,False
pwm,leave_one_allele_out,reference,all,HLA-B*15:01,spearman,,0,13,False
pwm,leave_one_allele_out,reference,all,HLA-B*15:01,pearson_log,,0,13,False
pwm,leave_one_allele_out,reference,all,HLA-B*15:01,auc_gt_2h,,0,13,False
pwm,leave_one_allele_out,reference,all,HLA-B*15:02,spearman,,0,13,False
pwm,leave_one_allele_out,reference,all,HLA-B*15:02,pearson_log,,0,13,False
pwm,leave_one_allele_out,reference,all,HLA-B*15:02,auc_gt_2h,,0,13,False
pwm,leave_one_allele_out,reference,all,HLA-B*15:10,spearman,,0,13,False
pwm,leave_one_allele_out,reference,all,HLA-B*15:10,pearson_log,,0,13,False
pwm,leave_one_allele_out,reference,all,HLA-B*15:10,auc_gt_2h,,0,13,False
pwm,leave_one_allele_out,reference,all,HLA-B*15:17,spearman,,0,13,False
pwm,leave_one_allele_out,reference,all,HLA-B*15:17,pearson_log,,0,13,False
pwm,leave_one_allele_out,reference,all,HLA-B*15:17,auc_gt_2h,,0,13,False
pwm,leave_one_allele_out,reference,all,HLA-B*18:01,spearman,,0,13,False
pwm,leave_one_allele_out,reference,all,HLA-B*18:01,pearson_log,,0,13,False
pwm,leave_one_allele_out,reference,all,HLA-B*18:01,auc_gt_2h,,0,13,False
pwm,leave_one_allele_out,reference,all,HLA-B*27:02,spearman,,0,13,False
pwm,leave_one_allele_out,reference,all,HLA-B*27:02,pearson_log,,0,13,False
pwm,leave_one_allele_out,reference,all,HLA-B*27:02,auc_gt_2h,,0,13,False
pwm,leave_one_allele_out,reference,all,HLA-B*27:03,spearman,,0,13,False
pwm,leave_one_allele_out,reference,all,HLA-B*27:03,pearson_log,,0,13,False
pwm,leave_one_allele_out,reference,all,HLA-B*27:03,auc_gt_2h,,0,13,False
pwm,leave_one_allele_out,reference,all,HLA-B*27:05,spearman,,0,13,False
pwm,leave_one_allele_out,reference,all,HLA-B*27:05,pearson_log,,0,13,False
pwm,leave_one_allele_out,reference,all,HLA-B*27:05,auc_gt_2h,,0,13,False
pwm,leave_one_allele_out,reference,all,HLA-B*27:20,spearman,,0,13,False
pwm,leave_one_allele_out,reference,all,HLA-B*27:20,pearson_log,,0,13,False
pwm,leave_one_allele_out,reference,all,HLA-B*27:20,auc_gt_2h,,0,13,False
pwm,leave_one_allele_out,reference,all,HLA-B*35:01,spearman,,0,13,False
pwm,leave_one_allele_out,reference,all,HLA-B*35:01,pearson_log,,0,13,False
pwm,leave_one_allele_out,reference,all,HLA-B*35:01,auc_gt_2h,,0,13,False
pwm,leave_one_allele_out,reference,all,HLA-B*35:03,spearman,,0,13,False
pwm,leave_one_allele_out,reference,all,HLA-B*35:03,pearson_log,,0,13,False
pwm,leave_one_allele_out,reference,all,HLA-B*35:03,auc_gt_2h,,0,13,False
pwm,leave_one_allele_out,reference,all,HLA-B*35:08,spearman,,0,13,False
pwm,leave_one_allele_out,reference,all,HLA-B*35:08,pearson_log,,0,13,False
pwm,leave_one_allele_out,reference,all,HLA-B*35:08,auc_gt_2h,,0,13,False
pwm,leave_one_allele_out,reference,all,HLA-B*39:01,spearman,,0,13,False
pwm,leave_one_allele_out,reference,all,HLA-B*39:01,pearson_log,,0,13,False
pwm,leave_one_allele_out,reference,all,HLA-B*39:01,auc_gt_2h,,0,13,False
pwm,leave_one_allele_out,reference,all,HLA-B*39:02,spearman,,0,13,False
pwm,leave_one_allele_out,reference,all,HLA-B*39:02,pearson_log,,0,13,False
pwm,leave_one_allele_out,reference,all,HLA-B*39:02,auc_gt_2h,,0,13,False
pwm,leave_one_allele_out,reference,all,HLA-B*39:06(C67S),spearman,,0,13,False
pwm,leave_one_allele_out,reference,all,HLA-B*39:06(C67S),pearson_log,,0,13,False
pwm,leave_one_allele_out,reference,all,HLA-B*39:06(C67S),auc_gt_2h,,0,13,False
pwm,leave_one_allele_out,reference,all,HLA-B*39:10,spearman,,0,13,False
pwm,leave_one_allele_out,reference,all,HLA-B*39:10,pearson_log,,0,13,False
pwm,leave_one_allele_out,reference,all,HLA-B*39:10,auc_gt_2h,,0,13,False
pwm,leave_one_allele_out,reference,all,HLA-B*40:01,spearman,,0,13,False
pwm,leave_one_allele_out,reference,all,HLA-B*40:01,pearson_log,,0,13,False
pwm,leave_one_allele_out,reference,all,HLA-B*40:01,auc_gt_2h,,0,13,False
pwm,leave_one_allele_out,reference,all,HLA-B*40:02,spearman,,0,13,False
pwm,leave_one_allele_out,reference,all,HLA-B*40:02,pearson_log,,0,13,False
pwm,leave_one_allele_out,reference,all,HLA-B*40:02,auc_gt_2h,,0,13,False
pwm,leave_one_allele_out,reference,all,HLA-B*41:01,spearman,,0,13,False
pwm,leave_one_allele_out,reference,all,HLA-B*41:01,pearson_log,,0,13,False
pwm,leave_one_allele_out,reference,all,HLA-B*41:01,auc_gt_2h,,0,13,False
pwm,leave_one_allele_out,reference,all,HLA-B*42:01,spearman,,0,13,False
pwm,leave_one_allele_out,reference,all,HLA-B*42:01,pearson_log,,0,13,False
pwm,leave_one_allele_out,reference,all,HLA-B*42:01,auc_gt_2h,,0,13,False
pwm,leave_one_allele_out,reference,all,HLA-B*42:02,spearman,,0,13,False
pwm,leave_one_allele_out,reference,all,HLA-B*42:02,pearson_log,,0,13,False
pwm,leave_one_allele_out,reference,all,HLA-B*42:02,auc_gt_2h,,0,13,False
pwm,leave_one_allele_out,reference,all,HLA-B*44:05,spearman,,0,13,False
pwm,leave_one_allele_out,reference,all,HLA-B*44:05,pearson_log,,0,13,False
pwm,leave_one_allele_out,reference,all,HLA-B*44:05,auc_gt_2h,,0,13,False
pwm,leave_one_allele_out,reference,all,HLA-B*45:01,spearman,,0,13,False
pwm,leave_one_allele_out,reference,all,HLA-B*45:01,pearson_log,,0,13,False
pwm,leave_one_allele_out,reference,all,HLA-B*45:01,auc_gt_2h,,0,13,False
pwm,leave_one_allele_out,reference,all,HLA-B*46:01,spearman,,0,13,False
pwm,leave_one_allele_out,reference,all,HLA-B*46:01,pearson_log,,0,13,False
pwm,leave_one_allele_out,reference,all,HLA-B*46:01,auc_gt_2h,,0,13,False
pwm,leave_one_allele_out,reference,all,HLA-B*51:01,spearman,,0,13,False
pwm,leave_one_allele_out,reference,all,HLA-B*51:01,pearson_log,,0,13,False
pwm,leave_one_allele_out,reference,all,HLA-B*51:01,auc_gt_2h,,0,13,False
pwm,leave_one_allele_out,reference,all,HLA-B*54:01,spearman,,0,13,False
pwm,leave_one_allele_out,reference,all,HLA-B*54:01,pearson_log,,0,13,False
pwm,leave_one_allele_out,reference,all,HLA-B*54:01,auc_gt_2h,,0,13,False
pwm,leave_one_allele_out,reference,all,HLA-B*55:01,spearman,,0,13,False
pwm,leave_one_allele_out,reference,all,HLA-B*55:01,pearson_log,,0,13,False
pwm,leave_one_allele_out,reference,all,HLA-B*55:01,auc_gt_2h,,0,13,False
pwm,leave_one_allele_out,reference,all,HLA-B*56:01,spearman,,0,13,False
pwm,leave_one_allele_out,reference,all,HLA-B*56:01,pearson_log,,0,13,False
pwm,leave_one_allele_out,reference,all,HLA-B*56:01,auc_gt_2h,,0,13,False
pwm,leave_one_allele_out,reference,all,HLA-B*57:01,spearman,,0,13,False
pwm,leave_one_allele_out,reference,all,HLA-B*57:01,pearson_log,,0,13,False
pwm,leave_one_allele_out,reference,all,HLA-B*57:01,auc_gt_2h,,0,13,False
pwm,leave_one_allele_out,reference,all,HLA-B*57:02,spearman,,0,13,False
pwm,leave_one_allele_out,reference,all,HLA-B*57:02,pearson_log,,0,13,False
pwm,leave_one_allele_out,reference,all,HLA-B*57:02,auc_gt_2h,,0,13,False
pwm,leave_one_allele_out,reference,all,HLA-B*57:03,spearman,,0,13,False
pwm,leave_one_allele_out,reference,all,HLA-B*57:03,pearson_log,,0,13,False
pwm,leave_one_allele_out,reference,all,HLA-B*57:03,auc_gt_2h,,0,13,False
pwm,leave_one_allele_out,reference,all,HLA-B*58:01,spearman,,0,13,False
pwm,leave_one_allele_out,reference,all,HLA-B*58:01,pearson_log,,0,13,False
pwm,leave_one_allele_out,reference,all,HLA-B*58:01,auc_gt_2h,,0,13,False
pwm,leave_one_allele_out,reference,all,HLA-B*81:01,spearman,,0,13,False
pwm,leave_one_allele_out,reference,all,HLA-B*81:01,pearson_log,,0,13,False
pwm,leave_one_allele_out,reference,all,HLA-B*81:01,auc_gt_2h,,0,13,False
pwm,leave_one_allele_out,reference,nonzero,HLA-A*01:01,spearman,,0,13,False
pwm,leave_one_allele_out,reference,nonzero,HLA-A*01:01,pearson_log,,0,13,False
pwm,leave_one_allele_out,reference,nonzero,HLA-A*01:01,auc_gt_2h,,0,13,False
pwm,leave_one_allele_out,reference,nonzero,HLA-A*02:01,spearman,,0,14,False
pwm,leave_one_allele_out,reference,nonzero,HLA-A*02:01,pearson_log,,0,14,False
pwm,leave_one_allele_out,reference,nonzero,HLA-A*02:01,auc_gt_2h,,0,14,False
pwm,leave_one_allele_out,reference,nonzero,HLA-A*02:03,spearman,,0,11,False
pwm,leave_one_allele_out,reference,nonzero,HLA-A*02:03,pearson_log,,0,11,False
pwm,leave_one_allele_out,reference,nonzero,HLA-A*02:03,auc_gt_2h,,0,11,False
pwm,leave_one_allele_out,reference,nonzero,HLA-A*02:05,spearman,,0,14,False
pwm,leave_one_allele_out,reference,nonzero,HLA-A*02:05,pearson_log,,0,14,False
pwm,leave_one_allele_out,reference,nonzero,HLA-A*02:05,auc_gt_2h,,0,14,False
pwm,leave_one_allele_out,reference,nonzero,HLA-A*02:10,spearman,,0,14,False
pwm,leave_one_allele_out,reference,nonzero,HLA-A*02:10,pearson_log,,0,14,False
pwm,leave_one_allele_out,reference,nonzero,HLA-A*02:10,auc_gt_2h,,0,14,False
pwm,leave_one_allele_out,reference,nonzero,HLA-A*02:11,spearman,,0,14,False
pwm,leave_one_allele_out,reference,nonzero,HLA-A*02:11,pearson_log,,0,14,False
pwm,leave_one_allele_out,reference,nonzero,HLA-A*02:11,auc_gt_2h,,0,14,False
pwm,leave_one_allele_out,reference,nonzero,HLA-A*02:12,spearman,,0,14,False
pwm,leave_one_allele_out,reference,nonzero,HLA-A*02:12,pearson_log,,0,14,False
pwm,leave_one_allele_out,reference,nonzero,HLA-A*02:12,auc_gt_2h,,0,14,False
pwm,leave_one_allele_out,reference,nonzero,HLA-A*02:16,spearman,,0,14,False
pwm,leave_one_allele_out,reference,nonzero,HLA-A*02:16,pearson_log,,0,14,False
pwm,leave_one_allele_out,reference,nonzero,HLA-A*02:16,auc_gt_2h,,0,14,False
pwm,leave_one_allele_out,reference,nonzero,HLA-A*02:19,spearman,,0,12,False
pwm,leave_one_allele_out,reference,nonzero,HLA-A*02:19,pearson_log,,0,12,False
pwm,leave_one_allele_out,reference,nonzero,HLA-A*02:19,auc_gt_2h,,0,12,False
pwm,leave_one_allele_out,reference,nonzero,HLA-A*02:50,spearman,,0,14,False
pwm,leave_one_allele_out,reference,nonzero,HLA-A*02:50,pearson_log,,0,14,False
pwm,leave_one_allele_out,reference,nonzero,HLA-A*02:50,auc_gt_2h,,0,14,False
pwm,leave_one_allele_out,reference,nonzero,HLA-A*03:01,spearman,,0,12,False
pwm,leave_one_allele_out,reference,nonzero,HLA-A*03:01,pearson_log,,0,12,False
pwm,leave_one_allele_out,reference,nonzero,HLA-A*03:01,auc_gt_2h,,0,12,False
pwm,leave_one_allele_out,reference,nonzero,HLA-A*11:01,spearman,,0,14,False
pwm,leave_one_allele_out,reference,nonzero,HLA-A*11:01,pearson_log,,0,14,False
pwm,leave_one_allele_out,reference,nonzero,HLA-A*11:01,auc_gt_2h,,0,14,False
pwm,leave_one_allele_out,reference,nonzero,HLA-A*23:01,spearman,,0,14,False
pwm,leave_one_allele_out,reference,nonzero,HLA-A*23:01,pearson_log,,0,14,False
pwm,leave_one_allele_out,reference,nonzero,HLA-A*23:01,auc_gt_2h,,0,14,False
pwm,leave_one_allele_out,reference,nonzero,HLA-A*24:02,spearman,,0,13,False
pwm,leave_one_allele_out,reference,nonzero,HLA-A*24:02,pearson_log,,0,13,False
pwm,leave_one_allele_out,reference,nonzero,HLA-A*24:02,auc_gt_2h,,0,13,False
pwm,leave_one_allele_out,reference,nonzero,HLA-A*24:03,spearman,,0,14,False
pwm,leave_one_allele_out,reference,nonzero,HLA-A*24:03,pearson_log,,0,14,False
pwm,leave_one_allele_out,reference,nonzero,HLA-A*24:03,auc_gt_2h,,0,14,False
pwm,leave_one_allele_out,reference,nonzero,HLA-A*24:07,spearman,,0,14,False
pwm,leave_one_allele_out,reference,nonzero,HLA-A*24:07,pearson_log,,0,14,False
pwm,leave_one_allele_out,reference,nonzero,HLA-A*24:07,auc_gt_2h,,0,14,False
pwm,leave_one_allele_out,reference,nonzero,HLA-A*24:19,spearman,,0,8,False
pwm,leave_one_allele_out,reference,nonzero,HLA-A*24:19,pearson_log,,0,8,False
pwm,leave_one_allele_out,reference,nonzero,HLA-A*24:19,auc_gt_2h,,0,8,False
pwm,leave_one_allele_out,reference,nonzero,HLA-A*25:01,spearman,,0,9,False
pwm,leave_one_allele_out,reference,nonzero,HLA-A*25:01,pearson_log,,0,9,False
pwm,leave_one_allele_out,reference,nonzero,HLA-A*25:01,auc_gt_2h,,0,9,False
pwm,leave_one_allele_out,reference,nonzero,HLA-A*26:01,spearman,,0,13,False
pwm,leave_one_allele_out,reference,nonzero,HLA-A*26:01,pearson_log,,0,13,False
pwm,leave_one_allele_out,reference,nonzero,HLA-A*26:01,auc_gt_2h,,0,13,False
pwm,leave_one_allele_out,reference,nonzero,HLA-A*26:02,spearman,,0,13,False
pwm,leave_one_allele_out,reference,nonzero,HLA-A*26:02,pearson_log,,0,13,False
pwm,leave_one_allele_out,reference,nonzero,HLA-A*26:02,auc_gt_2h,,0,13,False
pwm,leave_one_allele_out,reference,nonzero,HLA-A*26:03,spearman,,0,8,False
pwm,leave_one_allele_out,reference,nonzero,HLA-A*26:03,pearson_log,,0,8,False
pwm,leave_one_allele_out,reference,nonzero,HLA-A*26:03,auc_gt_2h,,0,8,False
pwm,leave_one_allele_out,reference,nonzero,HLA-A*29:02,spearman,,0,14,False
pwm,leave_one_allele_out,reference,nonzero,HLA-A*29:02,pearson_log,,0,14,False
pwm,leave_one_allele_out,reference,nonzero,HLA-A*29:02,auc_gt_2h,,0,14,False
pwm,leave_one_allele_out,reference,nonzero,HLA-A*30:01,spearman,,0,11,False
pwm,leave_one_allele_out,reference,nonzero,HLA-A*30:01,pearson_log,,0,11,False
pwm,leave_one_allele_out,reference,nonzero,HLA-A*30:01,auc_gt_2h,,0,11,False
pwm,leave_one_allele_out,reference,nonzero,HLA-A*30:02,spearman,,0,13,False
pwm,leave_one_allele_out,reference,nonzero,HLA-A*30:02,pearson_log,,0,13,False
pwm,leave_one_allele_out,reference,nonzero,HLA-A*30:02,auc_gt_2h,,0,13,False
pwm,leave_one_allele_out,reference,nonzero,HLA-A*31:01,spearman,,0,14,False
pwm,leave_one_allele_out,reference,nonzero,HLA-A*31:01,pearson_log,,0,14,False
pwm,leave_one_allele_out,reference,nonzero,HLA-A*31:01,auc_gt_2h,,0,14,False
pwm,leave_one_allele_out,reference,nonzero,HLA-A*32:01,spearman,,0,13,False
pwm,leave_one_allele_out,reference,nonzero,HLA-A*32:01,pearson_log,,0,13,False
pwm,leave_one_allele_out,reference,nonzero,HLA-A*32:01,auc_gt_2h,,0,13,False
pwm,leave_one_allele_out,reference,nonzero,HLA-A*32:07,spearman,,0,11,False
pwm,leave_one_allele_out,reference,nonzero,HLA-A*32:07,pearson_log,,0,11,False
pwm,leave_one_allele_out,reference,nonzero,HLA-A*32:07,auc_gt_2h,,0,11,False
pwm,leave_one_allele_out,reference,nonzero,HLA-A*33:03,spearman,,0,7,False
pwm,leave_one_allele_out,reference,nonzero,HLA-A*33:03,pearson_log,,0,7,False
pwm,leave_one_allele_out,reference,nonzero,HLA-A*33:03,auc_gt_2h,,0,7,False
pwm,leave_one_allele_out,reference,nonzero,HLA-A*43:01,spearman,,0,12,False
pwm,leave_one_allele_out,reference,nonzero,HLA-A*43:01,pearson_log,,0,12,False
pwm,leave_one_allele_out,reference,nonzero,HLA-A*43:01,auc_gt_2h,,0,12,False
pwm,leave_one_allele_out,reference,nonzero,HLA-A*66:01,spearman,,0,9,False
pwm,leave_one_allele_out,reference,nonzero,HLA-A*66:01,pearson_log,,0,9,False
pwm,leave_one_allele_out,reference,nonzero,HLA-A*66:01,auc_gt_2h,,0,9,False
pwm,leave_one_allele_out,reference,nonzero,HLA-A*68:01,spearman,,0,10,False
pwm,leave_one_allele_out,reference,nonzero,HLA-A*68:01,pearson_log,,0,10,False
pwm,leave_one_allele_out,reference,nonzero,HLA-A*68:01,auc_gt_2h,,0,10,False
pwm,leave_one_allele_out,reference,nonzero,HLA-A*68:02,spearman,,0,13,False
pwm,leave_one_allele_out,reference,nonzero,HLA-A*68:02,pearson_log,,0,13,False
pwm,leave_one_allele_out,reference,nonzero,HLA-A*68:02,auc_gt_2h,,0,13,False
pwm,leave_one_allele_out,reference,nonzero,HLA-A*68:23,spearman,,0,10,False
pwm,leave_one_allele_out,reference,nonzero,HLA-A*68:23,pearson_log,,0,10,False
pwm,leave_one_allele_out,reference,nonzero,HLA-A*68:23,auc_gt_2h,,0,10,False
pwm,leave_one_allele_out,reference,nonzero,HLA-A*69:01,spearman,,0,9,False
pwm,leave_one_allele_out,reference,nonzero,HLA-A*69:01,pearson_log,,0,9,False
pwm,leave_one_allele_out,reference,nonzero,HLA-A*69:01,auc_gt_2h,,0,9,False
pwm,leave_one_allele_out,reference,nonzero,HLA-A*74:01,spearman,,0,12,False
pwm,leave_one_allele_out,reference,nonzero,HLA-A*74:01,pearson_log,,0,12,False
pwm,leave_one_allele_out,reference,nonzero,HLA-A*74:01,auc_gt_2h,,0,12,False
pwm,leave_one_allele_out,reference,nonzero,HLA-A*80:01,spearman,,0,10,False
pwm,leave_one_allele_out,reference,nonzero,HLA-A*80:01,pearson_log,,0,10,False
pwm,leave_one_allele_out,reference,nonzero,HLA-A*80:01,auc_gt_2h,,0,10,False
pwm,leave_one_allele_out,reference,nonzero,HLA-B*07:02,spearman,,0,13,False
pwm,leave_one_allele_out,reference,nonzero,HLA-B*07:02,pearson_log,,0,13,False
pwm,leave_one_allele_out,reference,nonzero,HLA-B*07:02,auc_gt_2h,,0,13,False
pwm,leave_one_allele_out,reference,nonzero,HLA-B*08:01,spearman,,0,10,False
pwm,leave_one_allele_out,reference,nonzero,HLA-B*08:01,pearson_log,,0,10,False
pwm,leave_one_allele_out,reference,nonzero,HLA-B*08:01,auc_gt_2h,,0,10,False
pwm,leave_one_allele_out,reference,nonzero,HLA-B*08:03,spearman,,0,9,False
pwm,leave_one_allele_out,reference,nonzero,HLA-B*08:03,pearson_log,,0,9,False
pwm,leave_one_allele_out,reference,nonzero,HLA-B*08:03,auc_gt_2h,,0,9,False
pwm,leave_one_allele_out,reference,nonzero,HLA-B*13:02,spearman,,0,4,False
pwm,leave_one_allele_out,reference,nonzero,HLA-B*13:02,pearson_log,,0,4,False
pwm,leave_one_allele_out,reference,nonzero,HLA-B*13:02,auc_gt_2h,,0,4,False
pwm,leave_one_allele_out,reference,nonzero,HLA-B*14:01(C67S),spearman,,0,1,False
pwm,leave_one_allele_out,reference,nonzero,HLA-B*14:01(C67S),pearson_log,,0,1,False
pwm,leave_one_allele_out,reference,nonzero,HLA-B*14:01(C67S),auc_gt_2h,,0,1,False
pwm,leave_one_allele_out,reference,nonzero,HLA-B*14:02(C67S),spearman,,0,5,False
pwm,leave_one_allele_out,reference,nonzero,HLA-B*14:02(C67S),pearson_log,,0,5,False
pwm,leave_one_allele_out,reference,nonzero,HLA-B*14:02(C67S),auc_gt_2h,,0,5,False
pwm,leave_one_allele_out,reference,nonzero,HLA-B*15:01,spearman,,0,11,False
pwm,leave_one_allele_out,reference,nonzero,HLA-B*15:01,pearson_log,,0,11,False
pwm,leave_one_allele_out,reference,nonzero,HLA-B*15:01,auc_gt_2h,,0,11,False
pwm,leave_one_allele_out,reference,nonzero,HLA-B*15:02,spearman,,0,8,False
pwm,leave_one_allele_out,reference,nonzero,HLA-B*15:02,pearson_log,,0,8,False
pwm,leave_one_allele_out,reference,nonzero,HLA-B*15:02,auc_gt_2h,,0,8,False
pwm,leave_one_allele_out,reference,nonzero,HLA-B*15:10,spearman,,0,12,False
pwm,leave_one_allele_out,reference,nonzero,HLA-B*15:10,pearson_log,,0,12,False
pwm,leave_one_allele_out,reference,nonzero,HLA-B*15:10,auc_gt_2h,,0,12,False
pwm,leave_one_allele_out,reference,nonzero,HLA-B*15:17,spearman,,0,10,False
pwm,leave_one_allele_out,reference,nonzero,HLA-B*15:17,pearson_log,,0,10,False
pwm,leave_one_allele_out,reference,nonzero,HLA-B*15:17,auc_gt_2h,,0,10,False
pwm,leave_one_allele_out,reference,nonzero,HLA-B*18:01,spearman,,0,13,False
pwm,leave_one_allele_out,reference,nonzero,HLA-B*18:01,pearson_log,,0,13,False
pwm,leave_one_allele_out,reference,nonzero,HLA-B*18:01,auc_gt_2h,,0,13,False
pwm,leave_one_allele_out,reference,nonzero,HLA-B*27:02,spearman,,0,11,False
pwm,leave_one_allele_out,reference,nonzero,HLA-B*27:02,pearson_log,,0,11,False
pwm,leave_one_allele_out,reference,nonzero,HLA-B*27:02,auc_gt_2h,,0,11,False
pwm,leave_one_allele_out,reference,nonzero,HLA-B*27:03,spearman,,0,9,False
pwm,leave_one_allele_out,reference,nonzero,HLA-B*27:03,pearson_log,,0,9,False
pwm,leave_one_allele_out,reference,nonzero,HLA-B*27:03,auc_gt_2h,,0,9,False
pwm,leave_one_allele_out,reference,nonzero,HLA-B*27:05,spearman,,0,11,False
pwm,leave_one_allele_out,reference,nonzero,HLA-B*27:05,pearson_log,,0,11,False
pwm,leave_one_allele_out,reference,nonzero,HLA-B*27:05,auc_gt_2h,,0,11,False
pwm,leave_one_allele_out,reference,nonzero,HLA-B*27:20,spearman,,0,11,False
pwm,leave_one_allele_out,reference,nonzero,HLA-B*27:20,pearson_log,,0,11,False
pwm,leave_one_allele_out,reference,nonzero,HLA-B*27:20,auc_gt_2h,,0,11,False
pwm,leave_one_allele_out,reference,nonzero,HLA-B*35:01,spearman,,0,9,False
pwm,leave_one_allele_out,reference,nonzero,HLA-B*35:01,pearson_log,,0,9,False
pwm,leave_one_allele_out,reference,nonzero,HLA-B*35:01,auc_gt_2h,,0,9,False
pwm,leave_one_allele_out,reference,nonzero,HLA-B*35:03,spearman,,0,12,False
pwm,leave_one_allele_out,reference,nonzero,HLA-B*35:03,pearson_log,,0,12,False
pwm,leave_one_allele_out,reference,nonzero,HLA-B*35:03,auc_gt_2h,,0,12,False
pwm,leave_one_allele_out,reference,nonzero,HLA-B*35:08,spearman,,0,11,False
pwm,leave_one_allele_out,reference,nonzero,HLA-B*35:08,pearson_log,,0,11,False
pwm,leave_one_allele_out,reference,nonzero,HLA-B*35:08,auc_gt_2h,,0,11,False
pwm,leave_one_allele_out,reference,nonzero,HLA-B*39:01,spearman,,0,11,False
pwm,leave_one_allele_out,reference,nonzero,HLA-B*39:01,pearson_log,,0,11,False
pwm,leave_one_allele_out,reference,nonzero,HLA-B*39:01,auc_gt_2h,,0,11,False
pwm,leave_one_allele_out,reference,nonzero,HLA-B*39:02,spearman,,0,9,False
pwm,leave_one_allele_out,reference,nonzero,HLA-B*39:02,pearson_log,,0,9,False
pwm,leave_one_allele_out,reference,nonzero,HLA-B*39:02,auc_gt_2h,,0,9,False
pwm,leave_one_allele_out,reference,nonzero,HLA-B*39:06(C67S),spearman,,0,1,False
pwm,leave_one_allele_out,reference,nonzero,HLA-B*39:06(C67S),pearson_log,,0,1,False
pwm,leave_one_allele_out,reference,nonzero,HLA-B*39:06(C67S),auc_gt_2h,,0,1,False
pwm,leave_one_allele_out,reference,nonzero,HLA-B*39:10,spearman,,0,11,False
pwm,leave_one_allele_out,reference,nonzero,HLA-B*39:10,pearson_log,,0,11,False
pwm,leave_one_allele_out,reference,nonzero,HLA-B*39:10,auc_gt_2h,,0,11,False
pwm,leave_one_allele_out,reference,nonzero,HLA-B*40:01,spearman,,0,12,False
pwm,leave_one_allele_out,reference,nonzero,HLA-B*40:01,pearson_log,,0,12,False
pwm,leave_one_allele_out,reference,nonzero,HLA-B*40:01,auc_gt_2h,,0,12,False
pwm,leave_one_allele_out,reference,nonzero,HLA-B*40:02,spearman,,0,13,False
pwm,leave_one_allele_out,reference,nonzero,HLA-B*40:02,pearson_log,,0,13,False
pwm,leave_one_allele_out,reference,nonzero,HLA-B*40:02,auc_gt_2h,,0,13,False
pwm,leave_one_allele_out,reference,nonzero,HLA-B*41:01,spearman,,0,6,False
pwm,leave_one_allele_out,reference,nonzero,HLA-B*41:01,pearson_log,,0,6,False
pwm,leave_one_allele_out,reference,nonzero,HLA-B*41:01,auc_gt_2h,,0,6,False
pwm,leave_one_allele_out,reference,nonzero,HLA-B*42:01,spearman,,0,12,False
pwm,leave_one_allele_out,reference,nonzero,HLA-B*42:01,pearson_log,,0,12,False
pwm,leave_one_allele_out,reference,nonzero,HLA-B*42:01,auc_gt_2h,,0,12,False
pwm,leave_one_allele_out,reference,nonzero,HLA-B*42:02,spearman,,0,11,False
pwm,leave_one_allele_out,reference,nonzero,HLA-B*42:02,pearson_log,,0,11,False
pwm,leave_one_allele_out,reference,nonzero,HLA-B*42:02,auc_gt_2h,,0,11,False
pwm,leave_one_allele_out,reference,nonzero,HLA-B*44:05,spearman,,0,12,False
pwm,leave_one_allele_out,reference,nonzero,HLA-B*44:05,pearson_log,,0,12,False
pwm,leave_one_allele_out,reference,nonzero,HLA-B*44:05,auc_gt_2h,,0,12,False
pwm,leave_one_allele_out,reference,nonzero,HLA-B*45:01,spearman,,0,3,False
pwm,leave_one_allele_out,reference,nonzero,HLA-B*45:01,pearson_log,,0,3,False
pwm,leave_one_allele_out,reference,nonzero,HLA-B*45:01,auc_gt_2h,,0,3,False
pwm,leave_one_allele_out,reference,nonzero,HLA-B*46:01,spearman,,0,7,False
pwm,leave_one_allele_out,reference,nonzero,HLA-B*46:01,pearson_log,,0,7,False
pwm,leave_one_allele_out,reference,nonzero,HLA-B*46:01,auc_gt_2h,,0,7,False
pwm,leave_one_allele_out,reference,nonzero,HLA-B*51:01,spearman,,0,4,False
pwm,leave_one_allele_out,reference,nonzero,HLA-B*51:01,pearson_log,,0,4,False
pwm,leave_one_allele_out,reference,nonzero,HLA-B*51:01,auc_gt_2h,,0,4,False
pwm,leave_one_allele_out,reference,nonzero,HLA-B*54:01,spearman,,0,8,False
pwm,leave_one_allele_out,reference,nonzero,HLA-B*54:01,pearson_log,,0,8,False
pwm,leave_one_allele_out,reference,nonzero,HLA-B*54:01,auc_gt_2h,,0,8,False
pwm,leave_one_allele_out,reference,nonzero,HLA-B*55:01,spearman,,0,3,False
pwm,leave_one_allele_out,reference,nonzero,HLA-B*55:01,pearson_log,,0,3,False
pwm,leave_one_allele_out,reference,nonzero,HLA-B*55:01,auc_gt_2h,,0,3,False
pwm,leave_one_allele_out,reference,nonzero,HLA-B*56:01,spearman,,0,8,False
pwm,leave_one_allele_out,reference,nonzero,HLA-B*56:01,pearson_log,,0,8,False
pwm,leave_one_allele_out,reference,nonzero,HLA-B*56:01,auc_gt_2h,,0,8,False
pwm,leave_one_allele_out,reference,nonzero,HLA-B*57:01,spearman,,0,12,False
pwm,leave_one_allele_out,reference,nonzero,HLA-B*57:01,pearson_log,,0,12,False
pwm,leave_one_allele_out,reference,nonzero,HLA-B*57:01,auc_gt_2h,,0,12,False
pwm,leave_one_allele_out,reference,nonzero,HLA-B*57:02,spearman,,0,13,False
pwm,leave_one_allele_out,reference,nonzero,HLA-B*57:02,pearson_log,,0,13,False
pwm,leave_one_allele_out,reference,nonzero,HLA-B*57:02,auc_gt_2h,,0,13,False
pwm,leave_one_allele_out,reference,nonzero,HLA-B*57:03,spearman,,0,13,False
pwm,leave_one_allele_out,reference,nonzero,HLA-B*57:03,pearson_log,,0,13,False
pwm,leave_one_allele_out,reference,nonzero,HLA-B*57:03,auc_gt_2h,,0,13,False
pwm,leave_one_allele_out,reference,nonzero,HLA-B*58:01,spearman,,0,12,False
pwm,leave_one_allele_out,reference,nonzero,HLA-B*58:01,pearson_log,,0,12,False
pwm,leave_one_allele_out,reference,nonzero,HLA-B*58:01,auc_gt_2h,,0,12,False
pwm,leave_one_allele_out,reference,nonzero,HLA-B*81:01,spearman,,0,11,False
pwm,leave_one_allele_out,reference,nonzero,HLA-B*81:01,pearson_log,,0,11,False
pwm,leave_one_allele_out,reference,nonzero,HLA-B*81:01,auc_gt_2h,,0,11,False
pwm,peptide_disjoint,reference,all,HLA-A*01:01,spearman,,2,2,False
pwm,peptide_disjoint,reference,all,HLA-A*01:01,pearson_log,,2,2,False
pwm,peptide_disjoint,reference,all,HLA-A*01:01,auc_gt_2h,1.0,2,2,False
pwm,peptide_disjoint,reference,all,HLA-A*02:01,spearman,-0.5,3,3,False
pwm,peptide_disjoint,reference,all,HLA-A*02:01,pearson_log,-0.5909141859753184,3,3,False
pwm,peptide_disjoint,reference,all,HLA-A*02:01,auc_gt_2h,,3,3,False
pwm,peptide_disjoint,reference,all,HLA-A*02:03,spearman,,2,2,False
pwm,peptide_disjoint,reference,all,HLA-A*02:03,pearson_log,,2,2,False
pwm,peptide_disjoint,reference,all,HLA-A*02:03,auc_gt_2h,0.0,2,2,False
pwm,peptide_disjoint,reference,all,HLA-A*02:05,spearman,-0.09999999999999999,5,5,False
pwm,peptide_disjoint,reference,all,HLA-A*02:05,pearson_log,-0.49596418594694364,5,5,False
pwm,peptide_disjoint,reference,all,HLA-A*02:05,auc_gt_2h,0.16666666666666666,5,5,False
pwm,peptide_disjoint,reference,all,HLA-A*02:10,spearman,,2,2,False
pwm,peptide_disjoint,reference,all,HLA-A*02:10,pearson_log,,2,2,False
pwm,peptide_disjoint,reference,all,HLA-A*02:10,auc_gt_2h,1.0,2,2,False
pwm,peptide_disjoint,reference,all,HLA-A*02:11,spearman,,2,2,False
pwm,peptide_disjoint,reference,all,HLA-A*02:11,pearson_log,,2,2,False
pwm,peptide_disjoint,reference,all,HLA-A*02:11,auc_gt_2h,,2,2,False
pwm,peptide_disjoint,reference,all,HLA-A*02:12,spearman,0.7999999999999999,4,4,False
pwm,peptide_disjoint,reference,all,HLA-A*02:12,pearson_log,0.5852498722868794,4,4,False
pwm,peptide_disjoint,reference,all,HLA-A*02:12,auc_gt_2h,0.75,4,4,False
pwm,peptide_disjoint,reference,all,HLA-A*02:19,spearman,0.7,5,5,False
pwm,peptide_disjoint,reference,all,HLA-A*02:19,pearson_log,0.8886348038612266,5,5,False
pwm,peptide_disjoint,reference,all,HLA-A*02:19,auc_gt_2h,1.0,5,5,False
pwm,peptide_disjoint,reference,all,HLA-A*02:50,spearman,0.7999999999999999,4,4,False
pwm,peptide_disjoint,reference,all,HLA-A*02:50,pearson_log,0.6848866663530554,4,4,False
pwm,peptide_disjoint,reference,all,HLA-A*02:50,auc_gt_2h,,4,4,False
pwm,peptide_disjoint,reference,all,HLA-A*03:01,spearman,0.9999999999999999,5,5,False
pwm,peptide_disjoint,reference,all,HLA-A*03:01,pearson_log,0.8451948463063855,5,5,False
pwm,peptide_disjoint,reference,all,HLA-A*03:01,auc_gt_2h,1.0,5,5,False
pwm,peptide_disjoint,reference,all,HLA-A*11:01,spearman,,1,1,True
pwm,peptide_disjoint,reference,all,HLA-A*11:01,pearson_log,,1,1,True
pwm,peptide_disjoint,reference,all,HLA-A*11:01,auc_gt_2h,,1,1,True
pwm,peptide_disjoint,reference,all,HLA-A*23:01,spearman,,2,2,False
pwm,peptide_disjoint,reference,all,HLA-A*23:01,pearson_log,,2,2,False
pwm,peptide_disjoint,reference,all,HLA-A*23:01,auc_gt_2h,0.0,2,2,False
pwm,peptide_disjoint,reference,all,HLA-A*24:02,spearman,0.39999999999999997,4,4,False
pwm,peptide_disjoint,reference,all,HLA-A*24:02,pearson_log,0.13017574421861033,4,4,False
pwm,peptide_disjoint,reference,all,HLA-A*24:02,auc_gt_2h,0.75,4,4,False
pwm,peptide_disjoint,reference,all,HLA-A*24:03,spearman,,2,2,False
pwm,peptide_disjoint,reference,all,HLA-A*24:03,pearson_log,,2,2,False
pwm,peptide_disjoint,reference,all,HLA-A*24:03,auc_gt_2h,,2,2,False
pwm,peptide_disjoint,reference,all,HLA-A*24:07,spearman,,2,2,False
pwm,peptide_disjoint,reference,all,HLA-A*24:07,pearson_log,,2,2,False
pwm,peptide_disjoint,reference,all,HLA-A*24:07,auc_gt_2h,1.0,2,2,False
pwm,peptide_disjoint,reference,all,HLA-A*24:19,spearman,1.0,3,3,False
pwm,peptide_disjoint,reference,all,HLA-A*24:19,pearson_log,0.9727780356333331,3,3,False
pwm,peptide_disjoint,reference,all,HLA-A*24:19,auc_gt_2h,,3,3,False
pwm,peptide_disjoint,reference,all,HLA-A*25:01,spearman,,1,1,True
pwm,peptide_disjoint,reference,all,HLA-A*25:01,pearson_log,,1,1,True
pwm,peptide_disjoint,reference,all,HLA-A*25:01,auc_gt_2h,,1,1,True
pwm,peptide_disjoint,reference,all,HLA-A*26:01,spearman,-1.0,3,3,False
pwm,peptide_disjoint,reference,all,HLA-A*26:01,pearson_log,-0.971592907730181,3,3,False
pwm,peptide_disjoint,reference,all,HLA-A*26:01,auc_gt_2h,,3,3,False
pwm,peptide_disjoint,reference,all,HLA-A*26:02,spearman,,2,2,False
pwm,peptide_disjoint,reference,all,HLA-A*26:02,pearson_log,,2,2,False
pwm,peptide_disjoint,reference,all,HLA-A*26:02,auc_gt_2h,,2,2,False
pwm,peptide_disjoint,reference,all,HLA-A*26:03,spearman,,1,1,True
pwm,peptide_disjoint,reference,all,HLA-A*26:03,pearson_log,,1,1,True
pwm,peptide_disjoint,reference,all,HLA-A*26:03,auc_gt_2h,,1,1,True
pwm,peptide_disjoint,reference,all,HLA-A*29:02,spearman,-0.3,5,5,False
pwm,peptide_disjoint,reference,all,HLA-A*29:02,pearson_log,-0.7097358043305492,5,5,False
pwm,peptide_disjoint,reference,all,HLA-A*29:02,auc_gt_2h,0.0,5,5,False
pwm,peptide_disjoint,reference,all,HLA-A*30:01,spearman,,2,2,False
pwm,peptide_disjoint,reference,all,HLA-A*30:01,pearson_log,,2,2,False
pwm,peptide_disjoint,reference,all,HLA-A*30:01,auc_gt_2h,,2,2,False
pwm,peptide_disjoint,reference,all,HLA-A*30:02,spearman,,2,2,False
pwm,peptide_disjoint,reference,all,HLA-A*30:02,pearson_log,,2,2,False
pwm,peptide_disjoint,reference,all,HLA-A*30:02,auc_gt_2h,1.0,2,2,False
pwm,peptide_disjoint,reference,all,HLA-A*31:01,spearman,0.8660254037844387,3,3,False
pwm,peptide_disjoint,reference,all,HLA-A*31:01,pearson_log,0.987106768429185,3,3,False
pwm,peptide_disjoint,reference,all,HLA-A*31:01,auc_gt_2h,,3,3,False
pwm,peptide_disjoint,reference,all,HLA-A*32:01,spearman,1.0,3,3,False
pwm,peptide_disjoint,reference,all,HLA-A*32:01,pearson_log,0.983526690986368,3,3,False
pwm,peptide_disjoint,reference,all,HLA-A*32:01,auc_gt_2h,1.0,3,3,False
pwm,peptide_disjoint,reference,all,HLA-A*32:07,spearman,1.0,3,3,False
pwm,peptide_disjoint,reference,all,HLA-A*32:07,pearson_log,0.8056237198726852,3,3,False
pwm,peptide_disjoint,reference,all,HLA-A*32:07,auc_gt_2h,1.0,3,3,False
pwm,peptide_disjoint,reference,all,HLA-A*33:03,spearman,,2,2,False
pwm,peptide_disjoint,reference,all,HLA-A*33:03,pearson_log,,2,2,False
pwm,peptide_disjoint,reference,all,HLA-A*33:03,auc_gt_2h,1.0,2,2,False
pwm,peptide_disjoint,reference,all,HLA-A*43:01,spearman,,0,6,False
pwm,peptide_disjoint,reference,all,HLA-A*43:01,pearson_log,,0,6,False
pwm,peptide_disjoint,reference,all,HLA-A*43:01,auc_gt_2h,,0,6,False
pwm,peptide_disjoint,reference,all,HLA-A*66:01,spearman,,0,1,False
pwm,peptide_disjoint,reference,all,HLA-A*66:01,pearson_log,,0,1,False
pwm,peptide_disjoint,reference,all,HLA-A*66:01,auc_gt_2h,,0,1,False
pwm,peptide_disjoint,reference,all,HLA-A*68:01,spearman,-0.05129891760425771,5,5,False
pwm,peptide_disjoint,reference,all,HLA-A*68:01,pearson_log,-0.185442476675724,5,5,False
pwm,peptide_disjoint,reference,all,HLA-A*68:01,auc_gt_2h,0.33333333333333337,5,5,False
pwm,peptide_disjoint,reference,all,HLA-A*68:02,spearman,0.3,5,5,False
pwm,peptide_disjoint,reference,all,HLA-A*68:02,pearson_log,0.6340598362851,5,5,False
pwm,peptide_disjoint,reference,all,HLA-A*68:02,auc_gt_2h,,5,5,False
pwm,peptide_disjoint,reference,all,HLA-A*68:23,spearman,-0.316227766016838,4,4,False
pwm,peptide_disjoint,reference,all,HLA-A*68:23,pearson_log,-0.1692161640689444,4,4,False
pwm,peptide_disjoint,reference,all,HLA-A*68:23,auc_gt_2h,,4,4,False
pwm,peptide_disjoint,reference,all,HLA-A*69:01,spearman,0.10259783520851543,5,5,False
pwm,peptide_disjoint,reference,all,HLA-A*69:01,pearson_log,0.36256296814714994,5,5,False
pwm,peptide_disjoint,reference,all,HLA-A*69:01,auc_gt_2h,,5,5,False
pwm,peptide_disjoint,reference,all,HLA-A*74:01,spearman,,1,1,True
pwm,peptide_disjoint,reference,all,HLA-A*74:01,pearson_log,,1,1,True
pwm,peptide_disjoint,reference,all,HLA-A*74:01,auc_gt_2h,,1,1,True
pwm,peptide_disjoint,reference,all,HLA-A*80:01,spearman,,2,2,False
pwm,peptide_disjoint,reference,all,HLA-A*80:01,pearson_log,,2,2,False
pwm,peptide_disjoint,reference,all,HLA-A*80:01,auc_gt_2h,,2,2,False
pwm,peptide_disjoint,reference,all,HLA-B*07:02,spearman,0.9486832980505137,5,5,False
pwm,peptide_disjoint,reference,all,HLA-B*07:02,pearson_log,0.8578849004260087,5,5,False
pwm,peptide_disjoint,reference,all,HLA-B*07:02,auc_gt_2h,1.0,5,5,False
pwm,peptide_disjoint,reference,all,HLA-B*08:01,spearman,,0,2,False
pwm,peptide_disjoint,reference,all,HLA-B*08:01,pearson_log,,0,2,False
pwm,peptide_disjoint,reference,all,HLA-B*08:01,auc_gt_2h,,0,2,False
pwm,peptide_disjoint,reference,all,HLA-B*08:03,spearman,,2,2,False
pwm,peptide_disjoint,reference,all,HLA-B*08:03,pearson_log,,2,2,False
pwm,peptide_disjoint,reference,all,HLA-B*08:03,auc_gt_2h,1.0,2,2,False
pwm,peptide_disjoint,reference,all,HLA-B*13:02,spearman,,2,2,False
pwm,peptide_disjoint,reference,all,HLA-B*13:02,pearson_log,,2,2,False
pwm,peptide_disjoint,reference,all,HLA-B*13:02,auc_gt_2h,1.0,2,2,False
pwm,peptide_disjoint,reference,all,HLA-B*14:01(C67S),spearman,,0,1,False
pwm,peptide_disjoint,reference,all,HLA-B*14:01(C67S),pearson_log,,0,1,False
pwm,peptide_disjoint,reference,all,HLA-B*14:01(C67S),auc_gt_2h,,0,1,False
pwm,peptide_disjoint,reference,all,HLA-B*14:02(C67S),spearman,,1,1,True
pwm,peptide_disjoint,reference,all,HLA-B*14:02(C67S),pearson_log,,1,1,True
pwm,peptide_disjoint,reference,all,HLA-B*14:02(C67S),auc_gt_2h,,1,1,True
pwm,peptide_disjoint,reference,all,HLA-B*15:01,spearman,-0.7999999999999999,4,4,False
pwm,peptide_disjoint,reference,all,HLA-B*15:01,pearson_log,-0.6006670903107467,4,4,False
pwm,peptide_disjoint,reference,all,HLA-B*15:01,auc_gt_2h,0.3333333333333333,4,4,False
pwm,peptide_disjoint,reference,all,HLA-B*15:10,spearman,,2,2,False
pwm,peptide_disjoint,reference,all,HLA-B*15:10,pearson_log,,2,2,False
pwm,peptide_disjoint,reference,all,HLA-B*15:10,auc_gt_2h,1.0,2,2,False
pwm,peptide_disjoint,reference,all,HLA-B*18:01,spearman,,2,2,False
pwm,peptide_disjoint,reference,all,HLA-B*18:01,pearson_log,,2,2,False
pwm,peptide_disjoint,reference,all,HLA-B*18:01,auc_gt_2h,,2,2,False
pwm,peptide_disjoint,reference,all,HLA-B*27:02,spearman,0.5,3,3,False
pwm,peptide_disjoint,reference,all,HLA-B*27:02,pearson_log,0.29763296003846385,3,3,False
pwm,peptide_disjoint,reference,all,HLA-B*27:02,auc_gt_2h,1.0,3,3,False
pwm,peptide_disjoint,reference,all,HLA-B*27:03,spearman,0.5,3,3,False
pwm,peptide_disjoint,reference,all,HLA-B*27:03,pearson_log,-0.08981006110993009,3,3,False
pwm,peptide_disjoint,reference,all,HLA-B*27:03,auc_gt_2h,0.5,3,3,False
pwm,peptide_disjoint,reference,all,HLA-B*27:05,spearman,,2,2,False
pwm,peptide_disjoint,reference,all,HLA-B*27:05,pearson_log,,2,2,False
pwm,peptide_disjoint,reference,all,HLA-B*27:05,auc_gt_2h,,2,2,False
pwm,peptide_disjoint,reference,all,HLA-B*27:20,spearman,-0.5,3,3,False
pwm,peptide_disjoint,reference,all,HLA-B*27:20,pearson_log,-0.2365248823115943,3,3,False
pwm,peptide_disjoint,reference,all,HLA-B*27:20,auc_gt_2h,0.5,3,3,False
pwm,peptide_disjoint,reference,all,HLA-B*35:01,spearman,,2,2,False
pwm,peptide_disjoint,reference,all,HLA-B*35:01,pearson_log,,2,2,False
pwm,peptide_disjoint,reference,all,HLA-B*35:01,auc_gt_2h,1.0,2,2,False
pwm,peptide_disjoint,reference,all,HLA-B*35:03,spearman,,2,2,False
pwm,peptide_disjoint,reference,all,HLA-B*35:03,pearson_log,,2,2,False
pwm,peptide_disjoint,reference,all,HLA-B*35:03,auc_gt_2h,0.0,2,2,False
pwm,peptide_disjoint,reference,all,HLA-B*35:08,spearman,0.8660254037844387,3,3,False
pwm,peptide_disjoint,reference,all,HLA-B*35:08,pearson_log,1.0,3,3,False
pwm,peptide_disjoint,reference,all,HLA-B*35:08,auc_gt_2h,1.0,3,3,False
pwm,peptide_disjoint,reference,all,HLA-B*39:01,spearman,-0.7181848464596079,5,5,False
pwm,peptide_disjoint,reference,all,HLA-B*39:01,pearson_log,-0.5811455410335041,5,5,False
pwm,peptide_disjoint,reference,all,HLA-B*39:01,auc_gt_2h,0.25,5,5,False
pwm,peptide_disjoint,reference,all,HLA-B*39:02,spearman,,1,1,True
pwm,peptide_disjoint,reference,all,HLA-B*39:02,pearson_log,,1,1,True
pwm,peptide_disjoint,reference,all,HLA-B*39:02,auc_gt_2h,,1,1,True
pwm,peptide_disjoint,reference,all,HLA-B*39:06(C67S),spearman,,0,3,False
pwm,peptide_disjoint,reference,all,HLA-B*39:06(C67S),pearson_log,,0,3,False
pwm,peptide_disjoint,reference,all,HLA-B*39:06(C67S),auc_gt_2h,,0,3,False
pwm,peptide_disjoint,reference,all,HLA-B*39:10,spearman,,1,1,True
pwm,peptide_disjoint,reference,all,HLA-B*39:10,pearson_log,,1,1,True
pwm,peptide_disjoint,reference,all,HLA-B*39:10,auc_gt_2h,,1,1,True
pwm,peptide_disjoint,reference,all,HLA-B*40:01,spearman,,2,2,False
pwm,peptide_disjoint,reference,all,HLA-B*40:01,pearson_log,,2,2,False
pwm,peptide_disjoint,reference,all,HLA-B*40:01,auc_gt_2h,,2,2,False
pwm,peptide_disjoint,reference,all,HLA-B*40:02,spearman,,2,2,False
pwm,peptide_disjoint,reference,all,HLA-B*40:02,pearson_log,,2,2,False
pwm,peptide_disjoint,reference,all,HLA-B*40:02,auc_gt_2h,1.0,2,2,False
pwm,peptide_disjoint,reference,all,HLA-B*41:01,spearman,,0,3,False
pwm,peptide_disjoint,reference,all,HLA-B*41:01,pearson_log,,0,3,False
pwm,peptide_disjoint,reference,all,HLA-B*41:01,auc_gt_2h,,0,3,False
pwm,peptide_disjoint,reference,all,HLA-B*42:01,spearman,,1,1,True
pwm,peptide_disjoint,reference,all,HLA-B*42:01,pearson_log,,1,1,True
pwm,peptide_disjoint,reference,all,HLA-B*42:01,auc_gt_2h,,1,1,True
pwm,peptide_disjoint,reference,all,HLA-B*42:02,spearman,0.5,3,3,False
pwm,peptide_disjoint,reference,all,HLA-B*42:02,pearson_log,0.6147734988675382,3,3,False
pwm,peptide_disjoint,reference,all,HLA-B*42:02,auc_gt_2h,0.5,3,3,False
pwm,peptide_disjoint,reference,all,HLA-B*44:05,spearman,,1,1,True
pwm,peptide_disjoint,reference,all,HLA-B*44:05,pearson_log,,1,1,True
pwm,peptide_disjoint,reference,all,HLA-B*44:05,auc_gt_2h,,1,1,True
pwm,peptide_disjoint,reference,all,HLA-B*45:01,spearman,,2,2,False
pwm,peptide_disjoint,reference,all,HLA-B*45:01,pearson_log,,2,2,False
pwm,peptide_disjoint,reference,all,HLA-B*45:01,auc_gt_2h,,2,2,False
pwm,peptide_disjoint,reference,all,HLA-B*51:01,spearman,,1,1,True
pwm,peptide_disjoint,reference,all,HLA-B*51:01,pearson_log,,1,1,True
pwm,peptide_disjoint,reference,all,HLA-B*51:01,auc_gt_2h,,1,1,True
pwm,peptide_disjoint,reference,all,HLA-B*54:01,spearman,0.7941176470588236,6,6,False
pwm,peptide_disjoint,reference,all,HLA-B*54:01,pearson_log,0.8820250437840965,6,6,False
pwm,peptide_disjoint,reference,all,HLA-B*54:01,auc_gt_2h,0.9,6,6,False
pwm,peptide_disjoint,reference,all,HLA-B*55:01,spearman,,1,1,True
pwm,peptide_disjoint,reference,all,HLA-B*55:01,pearson_log,,1,1,True
pwm,peptide_disjoint,reference,all,HLA-B*55:01,auc_gt_2h,,1,1,True
pwm,peptide_disjoint,reference,all,HLA-B*56:01,spearman,,0,3,False
pwm,peptide_disjoint,reference,all,HLA-B*56:01,pearson_log,,0,3,False
pwm,peptide_disjoint,reference,all,HLA-B*56:01,auc_gt_2h,,0,3,False
pwm,peptide_disjoint,reference,all,HLA-B*57:01,spearman,,1,1,True
pwm,peptide_disjoint,reference,all,HLA-B*57:01,pearson_log,,1,1,True
pwm,peptide_disjoint,reference,all,HLA-B*57:01,auc_gt_2h,,1,1,True
pwm,peptide_disjoint,reference,all,HLA-B*57:02,spearman,1.0,3,3,False
pwm,peptide_disjoint,reference,all,HLA-B*57:02,pearson_log,0.9865721905890741,3,3,False
pwm,peptide_disjoint,reference,all,HLA-B*57:02,auc_gt_2h,,3,3,False
pwm,peptide_disjoint,reference,all,HLA-B*57:03,spearman,,2,2,False
pwm,peptide_disjoint,reference,all,HLA-B*57:03,pearson_log,,2,2,False
pwm,peptide_disjoint,reference,all,HLA-B*57:03,auc_gt_2h,0.0,2,2,False
pwm,peptide_disjoint,reference,all,HLA-B*58:01,spearman,0.19999999999999998,5,5,False
pwm,peptide_disjoint,reference,all,HLA-B*58:01,pearson_log,0.3542058328509229,5,5,False
pwm,peptide_disjoint,reference,all,HLA-B*58:01,auc_gt_2h,0.6666666666666667,5,5,False
pwm,peptide_disjoint,reference,all,HLA-B*81:01,spearman,0.14285714285714288,6,6,False
pwm,peptide_disjoint,reference,all,HLA-B*81:01,pearson_log,0.19667041511546016,6,6,False
pwm,peptide_disjoint,reference,all,HLA-B*81:01,auc_gt_2h,,6,6,False
pwm,peptide_disjoint,reference,nonzero,HLA-A*01:01,spearman,,2,2,False
pwm,peptide_disjoint,reference,nonzero,HLA-A*01:01,pearson_log,,2,2,False
pwm,peptide_disjoint,reference,nonzero,HLA-A*01:01,auc_gt_2h,1.0,2,2,False
pwm,peptide_disjoint,reference,nonzero,HLA-A*02:01,spearman,-0.5,3,3,False
pwm,peptide_disjoint,reference,nonzero,HLA-A*02:01,pearson_log,-0.5909141859753184,3,3,False
pwm,peptide_disjoint,reference,nonzero,HLA-A*02:01,auc_gt_2h,,3,3,False
pwm,peptide_disjoint,reference,nonzero,HLA-A*02:03,spearman,,1,1,True
pwm,peptide_disjoint,reference,nonzero,HLA-A*02:03,pearson_log,,1,1,True
pwm,peptide_disjoint,reference,nonzero,HLA-A*02:03,auc_gt_2h,,1,1,True
pwm,peptide_disjoint,reference,nonzero,HLA-A*02:05,spearman,-0.09999999999999999,5,5,False
pwm,peptide_disjoint,reference,nonzero,HLA-A*02:05,pearson_log,-0.49596418594694364,5,5,False
pwm,peptide_disjoint,reference,nonzero,HLA-A*02:05,auc_gt_2h,0.16666666666666666,5,5,False
pwm,peptide_disjoint,reference,nonzero,HLA-A*02:10,spearman,,2,2,False
pwm,peptide_disjoint,reference,nonzero,HLA-A*02:10,pearson_log,,2,2,False
pwm,peptide_disjoint,reference,nonzero,HLA-A*02:10,auc_gt_2h,1.0,2,2,False
pwm,peptide_disjoint,reference,nonzero,HLA-A*02:11,spearman,,2,2,False
pwm,peptide_disjoint,reference,nonzero,HLA-A*02:11,pearson_log,,2,2,False
pwm,peptide_disjoint,reference,nonzero,HLA-A*02:11,auc_gt_2h,,2,2,False
pwm,peptide_disjoint,reference,nonzero,HLA-A*02:12,spearman,0.7999999999999999,4,4,False
pwm,peptide_disjoint,reference,nonzero,HLA-A*02:12,pearson_log,0.5852498722868794,4,4,False
pwm,peptide_disjoint,reference,nonzero,HLA-A*02:12,auc_gt_2h,0.75,4,4,False
pwm,peptide_disjoint,reference,nonzero,HLA-A*02:19,spearman,0.7,5,5,False
pwm,peptide_disjoint,reference,nonzero,HLA-A*02:19,pearson_log,0.8886348038612266,5,5,False
pwm,peptide_disjoint,reference,nonzero,HLA-A*02:19,auc_gt_2h,1.0,5,5,False
pwm,peptide_disjoint,reference,nonzero,HLA-A*02:50,spearman,0.7999999999999999,4,4,False
pwm,peptide_disjoint,reference,nonzero,HLA-A*02:50,pearson_log,0.6848866663530554,4,4,False
pwm,peptide_disjoint,reference,nonzero,HLA-A*02:50,auc_gt_2h,,4,4,False
pwm,peptide_disjoint,reference,nonzero,HLA-A*03:01,spearman,0.9999999999999999,5,5,False
pwm,peptide_disjoint,reference,nonzero,HLA-A*03:01,pearson_log,0.8451948463063855,5,5,False
pwm,peptide_disjoint,reference,nonzero,HLA-A*03:01,auc_gt_2h,1.0,5,5,False
pwm,peptide_disjoint,reference,nonzero,HLA-A*11:01,spearman,,1,1,True
pwm,peptide_disjoint,reference,nonzero,HLA-A*11:01,pearson_log,,1,1,True
pwm,peptide_disjoint,reference,nonzero,HLA-A*11:01,auc_gt_2h,,1,1,True
pwm,peptide_disjoint,reference,nonzero,HLA-A*23:01,spearman,,2,2,False
pwm,peptide_disjoint,reference,nonzero,HLA-A*23:01,pearson_log,,2,2,False
pwm,peptide_disjoint,reference,nonzero,HLA-A*23:01,auc_gt_2h,0.0,2,2,False
pwm,peptide_disjoint,reference,nonzero,HLA-A*24:02,spearman,0.39999999999999997,4,4,False
pwm,peptide_disjoint,reference,nonzero,HLA-A*24:02,pearson_log,0.13017574421861033,4,4,False
pwm,peptide_disjoint,reference,nonzero,HLA-A*24:02,auc_gt_2h,0.75,4,4,False
pwm,peptide_disjoint,reference,nonzero,HLA-A*24:03,spearman,,2,2,False
pwm,peptide_disjoint,reference,nonzero,HLA-A*24:03,pearson_log,,2,2,False
pwm,peptide_disjoint,reference,nonzero,HLA-A*24:03,auc_gt_2h,,2,2,False
pwm,peptide_disjoint,reference,nonzero,HLA-A*24:07,spearman,,2,2,False
pwm,peptide_disjoint,reference,nonzero,HLA-A*24:07,pearson_log,,2,2,False
pwm,peptide_disjoint,reference,nonzero,HLA-A*24:07,auc_gt_2h,1.0,2,2,False
pwm,peptide_disjoint,reference,nonzero,HLA-A*24:19,spearman,,2,2,False
pwm,peptide_disjoint,reference,nonzero,HLA-A*24:19,pearson_log,,2,2,False
pwm,peptide_disjoint,reference,nonzero,HLA-A*24:19,auc_gt_2h,,2,2,False
pwm,peptide_disjoint,reference,nonzero,HLA-A*26:01,spearman,-1.0,3,3,False
pwm,peptide_disjoint,reference,nonzero,HLA-A*26:01,pearson_log,-0.971592907730181,3,3,False
pwm,peptide_disjoint,reference,nonzero,HLA-A*26:01,auc_gt_2h,,3,3,False
pwm,peptide_disjoint,reference,nonzero,HLA-A*26:02,spearman,,2,2,False
pwm,peptide_disjoint,reference,nonzero,HLA-A*26:02,pearson_log,,2,2,False
pwm,peptide_disjoint,reference,nonzero,HLA-A*26:02,auc_gt_2h,,2,2,False
pwm,peptide_disjoint,reference,nonzero,HLA-A*29:02,spearman,-0.3,5,5,False
pwm,peptide_disjoint,reference,nonzero,HLA-A*29:02,pearson_log,-0.7097358043305492,5,5,False
pwm,peptide_disjoint,reference,nonzero,HLA-A*29:02,auc_gt_2h,0.0,5,5,False
pwm,peptide_disjoint,reference,nonzero,HLA-A*30:01,spearman,,2,2,False
pwm,peptide_disjoint,reference,nonzero,HLA-A*30:01,pearson_log,,2,2,False
pwm,peptide_disjoint,reference,nonzero,HLA-A*30:01,auc_gt_2h,,2,2,False
pwm,peptide_disjoint,reference,nonzero,HLA-A*30:02,spearman,,1,1,True
pwm,peptide_disjoint,reference,nonzero,HLA-A*30:02,pearson_log,,1,1,True
pwm,peptide_disjoint,reference,nonzero,HLA-A*30:02,auc_gt_2h,,1,1,True
pwm,peptide_disjoint,reference,nonzero,HLA-A*31:01,spearman,0.8660254037844387,3,3,False
pwm,peptide_disjoint,reference,nonzero,HLA-A*31:01,pearson_log,0.987106768429185,3,3,False
pwm,peptide_disjoint,reference,nonzero,HLA-A*31:01,auc_gt_2h,,3,3,False
pwm,peptide_disjoint,reference,nonzero,HLA-A*32:01,spearman,1.0,3,3,False
pwm,peptide_disjoint,reference,nonzero,HLA-A*32:01,pearson_log,0.983526690986368,3,3,False
pwm,peptide_disjoint,reference,nonzero,HLA-A*32:01,auc_gt_2h,1.0,3,3,False
pwm,peptide_disjoint,reference,nonzero,HLA-A*32:07,spearman,,2,2,False
pwm,peptide_disjoint,reference,nonzero,HLA-A*32:07,pearson_log,,2,2,False
pwm,peptide_disjoint,reference,nonzero,HLA-A*32:07,auc_gt_2h,1.0,2,2,False
pwm,peptide_disjoint,reference,nonzero,HLA-A*33:03,spearman,,1,1,True
pwm,peptide_disjoint,reference,nonzero,HLA-A*33:03,pearson_log,,1,1,True
pwm,peptide_disjoint,reference,nonzero,HLA-A*33:03,auc_gt_2h,,1,1,True
pwm,peptide_disjoint,reference,nonzero,HLA-A*43:01,spearman,,0,4,False
pwm,peptide_disjoint,reference,nonzero,HLA-A*43:01,pearson_log,,0,4,False
pwm,peptide_disjoint,reference,nonzero,HLA-A*43:01,auc_gt_2h,,0,4,False
pwm,peptide_disjoint,reference,nonzero,HLA-A*66:01,spearman,,0,1,False
pwm,peptide_disjoint,reference,nonzero,HLA-A*66:01,pearson_log,,0,1,False
pwm,peptide_disjoint,reference,nonzero,HLA-A*66:01,auc_gt_2h,,0,1,False
pwm,peptide_disjoint,reference,nonzero,HLA-A*68:01,spearman,-1.0,3,3,False
pwm,peptide_disjoint,reference,nonzero,HLA-A*68:01,pearson_log,-0.9234185490844433,3,3,False
pwm,peptide_disjoint,reference,nonzero,HLA-A*68:01,auc_gt_2h,0.0,3,3,False
pwm,peptide_disjoint,reference,nonzero,HLA-A*68:02,spearman,0.3,5,5,False
pwm,peptide_disjoint,reference,nonzero,HLA-A*68:02,pearson_log,0.6340598362851,5,5,False
pwm,peptide_disjoint,reference,nonzero,HLA-A*68:02,auc_gt_2h,,5,5,False
pwm,peptide_disjoint,reference,nonzero,HLA-A*68:23,spearman,-0.316227766016838,4,4,False
pwm,peptide_disjoint,reference,nonzero,HLA-A*68:23,pearson_log,-0.1692161640689444,4,4,False
pwm,peptide_disjoint,reference,nonzero,HLA-A*68:23,auc_gt_2h,,4,4,False
pwm,peptide_disjoint,reference,nonzero,HLA-A*69:01,spearman,-0.21081851067789195,4,4,False
pwm,peptide_disjoint,reference,nonzero,HLA-A*69:01,pearson_log,-0.32371537114413,4,4,False
pwm,peptide_disjoint,reference,nonzero,HLA-A*69:01,auc_gt_2h,,4,4,False
pwm,peptide_disjoint,reference,nonzero,HLA-A*80:01,spearman,,2,2,False
pwm,peptide_disjoint,reference,nonzero,HLA-A*80:01,pearson_log,,2,2,False
pwm,peptide_disjoint,reference,nonzero,HLA-A*80:01,auc_gt_2h,,2,2,False
pwm,peptide_disjoint,reference,nonzero,HLA-B*07:02,spearman,0.9486832980505137,5,5,False
pwm,peptide_disjoint,reference,nonzero,HLA-B*07:02,pearson_log,0.8578849004260087,5,5,False
pwm,peptide_disjoint,reference,nonzero,HLA-B*07:02,auc_gt_2h,1.0,5,5,False
pwm,peptide_disjoint,reference,nonzero,HLA-B*08:01,spearman,,0,2,False
pwm,peptide_disjoint,reference,nonzero,HLA-B*08:01,pearson_log,,0,2,False
pwm,peptide_disjoint,reference,nonzero,HLA-B*08:01,auc_gt_2h,,0,2,False
pwm,peptide_disjoint,reference,nonzero,HLA-B*08:03,spearman,,2,2,False
pwm,peptide_disjoint,reference,nonzero,HLA-B*08:03,pearson_log,,2,2,False
pwm,peptide_disjoint,reference,nonzero,HLA-B*08:03,auc_gt_2h,1.0,2,2,False
pwm,peptide_disjoint,reference,nonzero,HLA-B*13:02,spearman,,1,1,True
pwm,peptide_disjoint,reference,nonzero,HLA-B*13:02,pearson_log,,1,1,True
pwm,peptide_disjoint,reference,nonzero,HLA-B*13:02,auc_gt_2h,,1,1,True
pwm,peptide_disjoint,reference,nonzero,HLA-B*15:01,spearman,-0.7999999999999999,4,4,False
pwm,peptide_disjoint,reference,nonzero,HLA-B*15:01,pearson_log,-0.6006670903107467,4,4,False
pwm,peptide_disjoint,reference,nonzero,HLA-B*15:01,auc_gt_2h,0.3333333333333333,4,4,False
pwm,peptide_disjoint,reference,nonzero,HLA-B*15:10,spearman,,2,2,False
pwm,peptide_disjoint,reference,nonzero,HLA-B*15:10,pearson_log,,2,2,False
pwm,peptide_disjoint,reference,nonzero,HLA-B*15:10,auc_gt_2h,1.0,2,2,False
pwm,peptide_disjoint,reference,nonzero,HLA-B*18:01,spearman,,2,2,False
pwm,peptide_disjoint,reference,nonzero,HLA-B*18:01,pearson_log,,2,2,False
pwm,peptide_disjoint,reference,nonzero,HLA-B*18:01,auc_gt_2h,,2,2,False
pwm,peptide_disjoint,reference,nonzero,HLA-B*27:02,spearman,0.5,3,3,False
pwm,peptide_disjoint,reference,nonzero,HLA-B*27:02,pearson_log,0.29763296003846385,3,3,False
pwm,peptide_disjoint,reference,nonzero,HLA-B*27:02,auc_gt_2h,1.0,3,3,False
pwm,peptide_disjoint,reference,nonzero,HLA-B*27:03,spearman,,2,2,False
pwm,peptide_disjoint,reference,nonzero,HLA-B*27:03,pearson_log,,2,2,False
pwm,peptide_disjoint,reference,nonzero,HLA-B*27:03,auc_gt_2h,,2,2,False
pwm,peptide_disjoint,reference,nonzero,HLA-B*27:05,spearman,,1,1,True
pwm,peptide_disjoint,reference,nonzero,HLA-B*27:05,pearson_log,,1,1,True
pwm,peptide_disjoint,reference,nonzero,HLA-B*27:05,auc_gt_2h,,1,1,True
pwm,peptide_disjoint,reference,nonzero,HLA-B*27:20,spearman,-0.5,3,3,False
pwm,peptide_disjoint,reference,nonzero,HLA-B*27:20,pearson_log,-0.2365248823115943,3,3,False
pwm,peptide_disjoint,reference,nonzero,HLA-B*27:20,auc_gt_2h,0.5,3,3,False
pwm,peptide_disjoint,reference,nonzero,HLA-B*35:01,spearman,,1,1,True
pwm,peptide_disjoint,reference,nonzero,HLA-B*35:01,pearson_log,,1,1,True
pwm,peptide_disjoint,reference,nonzero,HLA-B*35:01,auc_gt_2h,,1,1,True
pwm,peptide_disjoint,reference,nonzero,HLA-B*35:03,spearman,,2,2,False
pwm,peptide_disjoint,reference,nonzero,HLA-B*35:03,pearson_log,,2,2,False
pwm,peptide_disjoint,reference,nonzero,HLA-B*35:03,auc_gt_2h,0.0,2,2,False
pwm,peptide_disjoint,reference,nonzero,HLA-B*35:08,spearman,0.8660254037844387,3,3,False
pwm,peptide_disjoint,reference,nonzero,HLA-B*35:08,pearson_log,1.0,3,3,False
pwm,peptide_disjoint,reference,nonzero,HLA-B*35:08,auc_gt_2h,1.0,3,3,False
pwm,peptide_disjoint,reference,nonzero,HLA-B*39:01,spearman,-0.7378647873726218,4,4,False
pwm,peptide_disjoint,reference,nonzero,HLA-B*39:01,pearson_log,-0.38235757544800797,4,4,False
pwm,peptide_disjoint,reference,nonzero,HLA-B*39:01,auc_gt_2h,0.33333333333333337,4,4,False
pwm,peptide_disjoint,reference,nonzero,HLA-B*39:02,spearman,,1,1,True
pwm,peptide_disjoint,reference,nonzero,HLA-B*39:02,pearson_log,,1,1,True
pwm,peptide_disjoint,reference,nonzero,HLA-B*39:02,auc_gt_2h,,1,1,True
pwm,peptide_disjoint,reference,nonzero,HLA-B*39:06(C67S),spearman,,0,1,False
pwm,peptide_disjoint,reference,nonzero,HLA-B*39:06(C67S),pearson_log,,0,1,False
pwm,peptide_disjoint,reference,nonzero,HLA-B*39:06(C67S),auc_gt_2h,,0,1,False
pwm,peptide_disjoint,reference,nonzero,HLA-B*39:10,spearman,,1,1,True
pwm,peptide_disjoint,reference,nonzero,HLA-B*39:10,pearson_log,,1,1,True
pwm,peptide_disjoint,reference,nonzero,HLA-B*39:10,auc_gt_2h,,1,1,True
pwm,peptide_disjoint,reference,nonzero,HLA-B*40:01,spearman,,2,2,False
pwm,peptide_disjoint,reference,nonzero,HLA-B*40:01,pearson_log,,2,2,False
pwm,peptide_disjoint,reference,nonzero,HLA-B*40:01,auc_gt_2h,,2,2,False
pwm,peptide_disjoint,reference,nonzero,HLA-B*40:02,spearman,,2,2,False
pwm,peptide_disjoint,reference,nonzero,HLA-B*40:02,pearson_log,,2,2,False
pwm,peptide_disjoint,reference,nonzero,HLA-B*40:02,auc_gt_2h,1.0,2,2,False
pwm,peptide_disjoint,reference,nonzero,HLA-B*41:01,spearman,,0,2,False
pwm,peptide_disjoint,reference,nonzero,HLA-B*41:01,pearson_log,,0,2,False
pwm,peptide_disjoint,reference,nonzero,HLA-B*41:01,auc_gt_2h,,0,2,False
pwm,peptide_disjoint,reference,nonzero,HLA-B*42:01,spearman,,1,1,True
pwm,peptide_disjoint,reference,nonzero,HLA-B*42:01,pearson_log,,1,1,True
pwm,peptide_disjoint,reference,nonzero,HLA-B*42:01,auc_gt_2h,,1,1,True
pwm,peptide_disjoint,reference,nonzero,HLA-B*42:02,spearman,0.5,3,3,False
pwm,peptide_disjoint,reference,nonzero,HLA-B*42:02,pearson_log,0.6147734988675382,3,3,False
pwm,peptide_disjoint,reference,nonzero,HLA-B*42:02,auc_gt_2h,0.5,3,3,False
pwm,peptide_disjoint,reference,nonzero,HLA-B*44:05,spearman,,1,1,True
pwm,peptide_disjoint,reference,nonzero,HLA-B*44:05,pearson_log,,1,1,True
pwm,peptide_disjoint,reference,nonzero,HLA-B*44:05,auc_gt_2h,,1,1,True
pwm,peptide_disjoint,reference,nonzero,HLA-B*51:01,spearman,,1,1,True
pwm,peptide_disjoint,reference,nonzero,HLA-B*51:01,pearson_log,,1,1,True
pwm,peptide_disjoint,reference,nonzero,HLA-B*51:01,auc_gt_2h,,1,1,True
pwm,peptide_disjoint,reference,nonzero,HLA-B*54:01,spearman,0.9486832980505139,4,4,False
pwm,peptide_disjoint,reference,nonzero,HLA-B*54:01,pearson_log,0.8647776432590967,4,4,False
pwm,peptide_disjoint,reference,nonzero,HLA-B*54:01,auc_gt_2h,0.8333333333333334,4,4,False
pwm,peptide_disjoint,reference,nonzero,HLA-B*56:01,spearman,,0,2,False
pwm,peptide_disjoint,reference,nonzero,HLA-B*56:01,pearson_log,,0,2,False
pwm,peptide_disjoint,reference,nonzero,HLA-B*56:01,auc_gt_2h,,0,2,False
pwm,peptide_disjoint,reference,nonzero,HLA-B*57:01,spearman,,1,1,True
pwm,peptide_disjoint,reference,nonzero,HLA-B*57:01,pearson_log,,1,1,True
pwm,peptide_disjoint,reference,nonzero,HLA-B*57:01,auc_gt_2h,,1,1,True
pwm,peptide_disjoint,reference,nonzero,HLA-B*57:02,spearman,1.0,3,3,False
pwm,peptide_disjoint,reference,nonzero,HLA-B*57:02,pearson_log,0.9865721905890741,3,3,False
pwm,peptide_disjoint,reference,nonzero,HLA-B*57:02,auc_gt_2h,,3,3,False
pwm,peptide_disjoint,reference,nonzero,HLA-B*57:03,spearman,,2,2,False
pwm,peptide_disjoint,reference,nonzero,HLA-B*57:03,pearson_log,,2,2,False
pwm,peptide_disjoint,reference,nonzero,HLA-B*57:03,auc_gt_2h,0.0,2,2,False
pwm,peptide_disjoint,reference,nonzero,HLA-B*58:01,spearman,0.19999999999999998,5,5,False
pwm,peptide_disjoint,reference,nonzero,HLA-B*58:01,pearson_log,0.3542058328509229,5,5,False
pwm,peptide_disjoint,reference,nonzero,HLA-B*58:01,auc_gt_2h,0.6666666666666667,5,5,False
pwm,peptide_disjoint,reference,nonzero,HLA-B*81:01,spearman,-0.49999999999999994,5,5,False
pwm,peptide_disjoint,reference,nonzero,HLA-B*81:01,pearson_log,-0.6633641250790729,5,5,False
pwm,peptide_disjoint,reference,nonzero,HLA-B*81:01,auc_gt_2h,,5,5,False
pwm,random,reference,all,HLA-A*01:01,spearman,0.8660254037844387,3,3,False
pwm,random,reference,all,HLA-A*01:01,pearson_log,0.5877521005933692,3,3,False
pwm,random,reference,all,HLA-A*01:01,auc_gt_2h,,3,3,False
pwm,random,reference,all,HLA-A*02:01,spearman,-0.5,3,3,False
pwm,random,reference,all,HLA-A*02:01,pearson_log,-0.9717833596390217,3,3,False
pwm,random,reference,all,HLA-A*02:01,auc_gt_2h,,3,3,False
pwm,random,reference,all,HLA-A*02:03,spearman,-0.5,3,3,False
pwm,random,reference,all,HLA-A*02:03,pearson_log,-0.6631293621115713,3,3,False
pwm,random,reference,all,HLA-A*02:03,auc_gt_2h,0.5,3,3,False
pwm,random,reference,all,HLA-A*02:05,spearman,-0.5,3,3,False
pwm,random,reference,all,HLA-A*02:05,pearson_log,-0.31973954377502123,3,3,False
pwm,random,reference,all,HLA-A*02:05,auc_gt_2h,,3,3,False
pwm,random,reference,all,HLA-A*02:10,spearman,-0.5,3,3,False
pwm,random,reference,all,HLA-A*02:10,pearson_log,-0.042772472003185805,3,3,False
pwm,random,reference,all,HLA-A*02:10,auc_gt_2h,0.5,3,3,False
pwm,random,reference,all,HLA-A*02:11,spearman,0.5,3,3,False
pwm,random,reference,all,HLA-A*02:11,pearson_log,0.355114713978191,3,3,False
pwm,random,reference,all,HLA-A*02:11,auc_gt_2h,,3,3,False
pwm,random,reference,all,HLA-A*02:12,spearman,0.5,3,3,False
pwm,random,reference,all,HLA-A*02:12,pearson_log,-0.1180071230424066,3,3,False
pwm,random,reference,all,HLA-A*02:12,auc_gt_2h,,3,3,False
pwm,random,reference,all,HLA-A*02:16,spearman,0.5,3,3,False
pwm,random,reference,all,HLA-A*02:16,pearson_log,0.4752797839568036,3,3,False
pwm,random,reference,all,HLA-A*02:16,auc_gt_2h,0.5,3,3,False
pwm,random,reference,all,HLA-A*02:19,spearman,-0.5,3,3,False
pwm,random,reference,all,HLA-A*02:19,pearson_log,-0.4133334094315274,3,3,False
pwm,random,reference,all,HLA-A*02:19,auc_gt_2h,,3,3,False
pwm,random,reference,all,HLA-A*02:50,spearman,-1.0,3,3,False
pwm,random,reference,all,HLA-A*02:50,pearson_log,-0.999900953841123,3,3,False
pwm,random,reference,all,HLA-A*02:50,auc_gt_2h,,3,3,False
pwm,random,reference,all,HLA-A*03:01,spearman,0.5,3,3,False
pwm,random,reference,all,HLA-A*03:01,pearson_log,0.3244977237553439,3,3,False
pwm,random,reference,all,HLA-A*03:01,auc_gt_2h,1.0,3,3,False
pwm,random,reference,all,HLA-A*11:01,spearman,0.5,3,3,False
pwm,random,reference,all,HLA-A*11:01,pearson_log,0.8119364246075,3,3,False
pwm,random,reference,all,HLA-A*11:01,auc_gt_2h,1.0,3,3,False
pwm,random,reference,all,HLA-A*23:01,spearman,-0.5,3,3,False
pwm,random,reference,all,HLA-A*23:01,pearson_log,-0.25805132334542313,3,3,False
pwm,random,reference,all,HLA-A*23:01,auc_gt_2h,0.0,3,3,False
pwm,random,reference,all,HLA-A*24:02,spearman,0.5,3,3,False
pwm,random,reference,all,HLA-A*24:02,pearson_log,0.9399000294191489,3,3,False
pwm,random,reference,all,HLA-A*24:02,auc_gt_2h,1.0,3,3,False
pwm,random,reference,all,HLA-A*24:03,spearman,0.5,3,3,False
pwm,random,reference,all,HLA-A*24:03,pearson_log,0.4963361883506805,3,3,False
pwm,random,reference,all,HLA-A*24:03,auc_gt_2h,0.5,3,3,False
pwm,random,reference,all,HLA-A*24:07,spearman,0.5,3,3,False
pwm,random,reference,all,HLA-A*24:07,pearson_log,0.19217151502328145,3,3,False
pwm,random,reference,all,HLA-A*24:07,auc_gt_2h,,3,3,False
pwm,random,reference,all,HLA-A*24:19,spearman,0.5,3,3,False
pwm,random,reference,all,HLA-A*24:19,pearson_log,0.42388948255505243,3,3,False
pwm,random,reference,all,HLA-A*24:19,auc_gt_2h,,3,3,False
pwm,random,reference,all,HLA-A*25:01,spearman,0.8660254037844387,3,3,False
pwm,random,reference,all,HLA-A*25:01,pearson_log,0.5542031326702868,3,3,False
pwm,random,reference,all,HLA-A*25:01,auc_gt_2h,,3,3,False
pwm,random,reference,all,HLA-A*26:01,spearman,-0.5,3,3,False
pwm,random,reference,all,HLA-A*26:01,pearson_log,-0.7566416784090515,3,3,False
pwm,random,reference,all,HLA-A*26:01,auc_gt_2h,,3,3,False
pwm,random,reference,all,HLA-A*26:02,spearman,-0.5,3,3,False
pwm,random,reference,all,HLA-A*26:02,pearson_log,0.3794173819972948,3,3,False
pwm,random,reference,all,HLA-A*26:02,auc_gt_2h,0.5,3,3,False
pwm,random,reference,all,HLA-A*26:03,spearman,-0.8660254037844387,3,3,False
pwm,random,reference,all,HLA-A*26:03,pearson_log,-0.8814446962730114,3,3,False
pwm,random,reference,all,HLA-A*26:03,auc_gt_2h,,3,3,False
pwm,random,reference,all,HLA-A*29:02,spearman,1.0,3,3,False
pwm,random,reference,all,HLA-A*29:02,pearson_log,0.7706546557542406,3,3,False
pwm,random,reference,all,HLA-A*29:02,auc_gt_2h,1.0,3,3,False
pwm,random,reference,all,HLA-A*30:01,spearman,0.5,3,3,False
pwm,random,reference,all,HLA-A*30:01,pearson_log,0.4086202951662069,3,3,False
pwm,random,reference,all,HLA-A*30:01,auc_gt_2h,0.5,3,3,False
pwm,random,reference,all,HLA-A*30:02,spearman,-0.5,3,3,False
pwm,random,reference,all,HLA-A*30:02,pearson_log,0.006248922175001503,3,3,False
pwm,random,reference,all,HLA-A*30:02,auc_gt_2h,0.0,3,3,False
pwm,random,reference,all,HLA-A*31:01,spearman,1.0,3,3,False
pwm,random,reference,all,HLA-A*31:01,pearson_log,0.9869102518608841,3,3,False
pwm,random,reference,all,HLA-A*31:01,auc_gt_2h,1.0,3,3,False
pwm,random,reference,all,HLA-A*32:01,spearman,0.5,3,3,False
pwm,random,reference,all,HLA-A*32:01,pearson_log,0.548054544056989,3,3,False
pwm,random,reference,all,HLA-A*32:01,auc_gt_2h,1.0,3,3,False
pwm,random,reference,all,HLA-A*32:07,spearman,0.5,3,3,False
pwm,random,reference,all,HLA-A*32:07,pearson_log,0.9770499974944545,3,3,False
pwm,random,reference,all,HLA-A*32:07,auc_gt_2h,1.0,3,3,False
pwm,random,reference,all,HLA-A*33:03,spearman,1.0,3,3,False
pwm,random,reference,all,HLA-A*33:03,pearson_log,0.9819623206496709,3,3,False
pwm,random,reference,all,HLA-A*33:03,auc_gt_2h,1.0,3,3,False
pwm,random,reference,all,HLA-A*43:01,spearman,,0,3,False
pwm,random,reference,all,HLA-A*43:01,pearson_log,,0,3,False
pwm,random,reference,all,HLA-A*43:01,auc_gt_2h,,0,3,False
pwm,random,reference,all,HLA-A*66:01,spearman,0.8660254037844387,3,3,False
pwm,random,reference,all,HLA-A*66:01,pearson_log,0.7067746354731721,3,3,False
pwm,random,reference,all,HLA-A*66:01,auc_gt_2h,,3,3,False
pwm,random,reference,all,HLA-A*68:01,spearman,-0.5,3,3,False
pwm,random,reference,all,HLA-A*68:01,pearson_log,0.05209320333692641,3,3,False
pwm,random,reference,all,HLA-A*68:01,auc_gt_2h,0.5,3,3,False
pwm,random,reference,all,HLA-A*68:02,spearman,,0,3,False
pwm,random,reference,all,HLA-A*68:02,pearson_log,,0,3,False
pwm,random,reference,all,HLA-A*68:02,auc_gt_2h,,0,3,False
pwm,random,reference,all,HLA-A*68:23,spearman,,2,2,False
pwm,random,reference,all,HLA-A*68:23,pearson_log,,2,2,False
pwm,random,reference,all,HLA-A*68:23,auc_gt_2h,,2,2,False
pwm,random,reference,all,HLA-A*69:01,spearman,-0.5,3,3,False
pwm,random,reference,all,HLA-A*69:01,pearson_log,-0.9842769113671664,3,3,False
pwm,random,reference,all,HLA-A*69:01,auc_gt_2h,,3,3,False
pwm,random,reference,all,HLA-A*74:01,spearman,,2,2,False
pwm,random,reference,all,HLA-A*74:01,pearson_log,,2,2,False
pwm,random,reference,all,HLA-A*74:01,auc_gt_2h,,2,2,False
pwm,random,reference,all,HLA-A*80:01,spearman,1.0,3,3,False
pwm,random,reference,all,HLA-A*80:01,pearson_log,0.9603462760192403,3,3,False
pwm,random,reference,all,HLA-A*80:01,auc_gt_2h,1.0,3,3,False
pwm,random,reference,all,HLA-B*07:02,spearman,,2,2,False
pwm,random,reference,all,HLA-B*07:02,pearson_log,,2,2,False
pwm,random,reference,all,HLA-B*07:02,auc_gt_2h,,2,2,False
pwm,random,reference,all,HLA-B*08:01,spearman,,0,3,False
pwm,random,reference,all,HLA-B*08:01,pearson_log,,0,3,False
pwm,random,reference,all,HLA-B*08:01,auc_gt_2h,,0,3,False
pwm,random,reference,all,HLA-B*08:03,spearman,,2,2,False
pwm,random,reference,all,HLA-B*08:03,pearson_log,,2,2,False
pwm,random,reference,all,HLA-B*08:03,auc_gt_2h,,2,2,False
pwm,random,reference,all,HLA-B*13:02,spearman,,1,1,True
pwm,random,reference,all,HLA-B*13:02,pearson_log,,1,1,True
pwm,random,reference,all,HLA-B*13:02,auc_gt_2h,,1,1,True
pwm,random,reference,all,HLA-B*14:01(C67S),spearman,,0,2,False
pwm,random,reference,all,HLA-B*14:01(C67S),pearson_log,,0,2,False
pwm,random,reference,all,HLA-B*14:01(C67S),auc_gt_2h,,0,2,False
pwm,random,reference,all,HLA-B*14:02(C67S),spearman,,2,2,False
pwm,random,reference,all,HLA-B*14:02(C67S),pearson_log,,2,2,False
pwm,random,reference,all,HLA-B*14:02(C67S),auc_gt_2h,1.0,2,2,False
pwm,random,reference,all,HLA-B*15:01,spearman,0.5,3,3,False
pwm,random,reference,all,HLA-B*15:01,pearson_log,-0.13931854073858027,3,3,False
pwm,random,reference,all,HLA-B*15:01,auc_gt_2h,1.0,3,3,False
pwm,random,reference,all,HLA-B*15:02,spearman,-1.0,3,3,False
pwm,random,reference,all,HLA-B*15:02,pearson_log,-0.9969981560396395,3,3,False
pwm,random,reference,all,HLA-B*15:02,auc_gt_2h,0.0,3,3,False
pwm,random,reference,all,HLA-B*15:10,spearman,,2,2,False
pwm,random,reference,all,HLA-B*15:10,pearson_log,,2,2,False
pwm,random,reference,all,HLA-B*15:10,auc_gt_2h,1.0,2,2,False
pwm,random,reference,all,HLA-B*15:17,spearman,,2,2,False
pwm,random,reference,all,HLA-B*15:17,pearson_log,,2,2,False
pwm,random,reference,all,HLA-B*15:17,auc_gt_2h,1.0,2,2,False
pwm,random,reference,all,HLA-B*18:01,spearman,,2,2,False
pwm,random,reference,all,HLA-B*18:01,pearson_log,,2,2,False
pwm,random,reference,all,HLA-B*18:01,auc_gt_2h,0.0,2,2,False
pwm,random,reference,all,HLA-B*27:02,spearman,,2,2,False
pwm,random,reference,all,HLA-B*27:02,pearson_log,,2,2,False
pwm,random,reference,all,HLA-B*27:02,auc_gt_2h,,2,2,False
pwm,random,reference,all,HLA-B*27:03,spearman,,2,2,False
pwm,random,reference,all,HLA-B*27:03,pearson_log,,2,2,False
pwm,random,reference,all,HLA-B*27:03,auc_gt_2h,,2,2,False
pwm,random,reference,all,HLA-B*27:05,spearman,0.5,3,3,False
pwm,random,reference,all,HLA-B*27:05,pearson_log,0.3055107480830999,3,3,False
pwm,random,reference,all,HLA-B*27:05,auc_gt_2h,1.0,3,3,False
pwm,random,reference,all,HLA-B*27:20,spearman,,2,2,False
pwm,random,reference,all,HLA-B*27:20,pearson_log,,2,2,False
pwm,random,reference,all,HLA-B*27:20,auc_gt_2h,,2,2,False
pwm,random,reference,all,HLA-B*35:01,spearman,,2,2,False
pwm,random,reference,all,HLA-B*35:01,pearson_log,,2,2,False
pwm,random,reference,all,HLA-B*35:01,auc_gt_2h,0.0,2,2,False
pwm,random,reference,all,HLA-B*35:03,spearman,,2,2,False
pwm,random,reference,all,HLA-B*35:03,pearson_log,,2,2,False
pwm,random,reference,all,HLA-B*35:03,auc_gt_2h,0.0,2,2,False
pwm,random,reference,all,HLA-B*35:08,spearman,1.0,3,3,False
pwm,random,reference,all,HLA-B*35:08,pearson_log,0.9920720516407641,3,3,False
pwm,random,reference,all,HLA-B*35:08,auc_gt_2h,1.0,3,3,False
pwm,random,reference,all,HLA-B*39:01,spearman,,2,2,False
pwm,random,reference,all,HLA-B*39:01,pearson_log,,2,2,False
pwm,random,reference,all,HLA-B*39:01,auc_gt_2h,,2,2,False
pwm,random,reference,all,HLA-B*39:02,spearman,0.0,3,3,False
pwm,random,reference,all,HLA-B*39:02,pearson_log,0.3613173543883693,3,3,False
pwm,random,reference,all,HLA-B*39:02,auc_gt_2h,,3,3,False
pwm,random,reference,all,HLA-B*39:06(C67S),spearman,,3,3,False
pwm,random,reference,all,HLA-B*39:06(C67S),pearson_log,,3,3,False
pwm,random,reference,all,HLA-B*39:06(C67S),auc_gt_2h,,3,3,False
pwm,random,reference,all,HLA-B*39:10,spearman,,2,2,False
pwm,random,reference,all,HLA-B*39:10,pearson_log,,2,2,False
pwm,random,reference,all,HLA-B*39:10,auc_gt_2h,0.0,2,2,False
pwm,random,reference,all,HLA-B*40:01,spearman,1.0,3,3,False
pwm,random,reference,all,HLA-B*40:01,pearson_log,0.9925960740015052,3,3,False
pwm,random,reference,all,HLA-B*40:01,auc_gt_2h,,3,3,False
pwm,random,reference,all,HLA-B*40:02,spearman,0.5,3,3,False
pwm,random,reference,all,HLA-B*40:02,pearson_log,0.3335874791867288,3,3,False
pwm,random,reference,all,HLA-B*40:02,auc_gt_2h,0.5,3,3,False
pwm,random,reference,all,HLA-B*41:01,spearman,,0,3,False
pwm,random,reference,all,HLA-B*41:01,pearson_log,,0,3,False
pwm,random,reference,all,HLA-B*41:01,auc_gt_2h,,0,3,False
pwm,random,reference,all,HLA-B*42:01,spearman,,2,2,False
pwm,random,reference,all,HLA-B*42:01,pearson_log,,2,2,False
pwm,random,reference,all,HLA-B*42:01,auc_gt_2h,,2,2,False
pwm,random,reference,all,HLA-B*42:02,spearman,0.5,3,3,False
pwm,random,reference,all,HLA-B*42:02,pearson_log,-0.12484963748594902,3,3,False
pwm,random,reference,all,HLA-B*42:02,auc_gt_2h,0.5,3,3,False
pwm,random,reference,all,HLA-B*44:05,spearman,,2,2,False
pwm,random,reference,all,HLA-B*44:05,pearson_log,,2,2,False
pwm,random,reference,all,HLA-B*44:05,auc_gt_2h,,2,2,False
pwm,random,reference,all,HLA-B*45:01,spearman,0.8660254037844387,3,3,False
pwm,random,reference,all,HLA-B*45:01,pearson_log,0.5000000000000017,3,3,False
pwm,random,reference,all,HLA-B*45:01,auc_gt_2h,,3,3,False
pwm,random,reference,all,HLA-B*46:01,spearman,0.8660254037844387,3,3,False
pwm,random,reference,all,HLA-B*46:01,pearson_log,0.5181555799174038,3,3,False
pwm,random,reference,all,HLA-B*46:01,auc_gt_2h,,3,3,False
pwm,random,reference,all,HLA-B*51:01,spearman,0.8660254037844387,3,3,False
pwm,random,reference,all,HLA-B*51:01,pearson_log,0.996377582853944,3,3,False
pwm,random,reference,all,HLA-B*51:01,auc_gt_2h,1.0,3,3,False
pwm,random,reference,all,HLA-B*54:01,spearman,0.5,3,3,False
pwm,random,reference,all,HLA-B*54:01,pearson_log,0.11630452768686027,3,3,False
pwm,random,reference,all,HLA-B*54:01,auc_gt_2h,1.0,3,3,False
pwm,random,reference,all,HLA-B*55:01,spearman,,2,2,False
pwm,random,reference,all,HLA-B*55:01,pearson_log,,2,2,False
pwm,random,reference,all,HLA-B*55:01,auc_gt_2h,,2,2,False
pwm,random,reference,all,HLA-B*56:01,spearman,,0,3,False
pwm,random,reference,all,HLA-B*56:01,pearson_log,,0,3,False
pwm,random,reference,all,HLA-B*56:01,auc_gt_2h,,0,3,False
pwm,random,reference,all,HLA-B*57:01,spearman,,2,2,False
pwm,random,reference,all,HLA-B*57:01,pearson_log,,2,2,False
pwm,random,reference,all,HLA-B*57:01,auc_gt_2h,,2,2,False
pwm,random,reference,all,HLA-B*57:02,spearman,,2,2,False
pwm,random,reference,all,HLA-B*57:02,pearson_log,,2,2,False
pwm,random,reference,all,HLA-B*57:02,auc_gt_2h,,2,2,False
pwm,random,reference,all,HLA-B*57:03,spearman,,2,2,False
pwm,random,reference,all,HLA-B*57:03,pearson_log,,2,2,False
pwm,random,reference,all,HLA-B*57:03,auc_gt_2h,,2,2,False
pwm,random,reference,all,HLA-B*58:01,spearman,-0.5,3,3,False
pwm,random,reference,all,HLA-B*58:01,pearson_log,-0.7735463278478922,3,3,False
pwm,random,reference,all,HLA-B*58:01,auc_gt_2h,0.0,3,3,False
pwm,random,reference,all,HLA-B*81:01,spearman,,2,2,False
pwm,random,reference,all,HLA-B*81:01,pearson_log,,2,2,False
pwm,random,reference,all,HLA-B*81:01,auc_gt_2h,,2,2,False
pwm,random,reference,nonzero,HLA-A*01:01,spearman,,2,2,False
pwm,random,reference,nonzero,HLA-A*01:01,pearson_log,,2,2,False
pwm,random,reference,nonzero,HLA-A*01:01,auc_gt_2h,,2,2,False
pwm,random,reference,nonzero,HLA-A*02:01,spearman,-0.5,3,3,False
pwm,random,reference,nonzero,HLA-A*02:01,pearson_log,-0.9717833596390217,3,3,False
pwm,random,reference,nonzero,HLA-A*02:01,auc_gt_2h,,3,3,False
pwm,random,reference,nonzero,HLA-A*02:03,spearman,,2,2,False
pwm,random,reference,nonzero,HLA-A*02:03,pearson_log,,2,2,False
pwm,random,reference,nonzero,HLA-A*02:03,auc_gt_2h,1.0,2,2,False
pwm,random,reference,nonzero,HLA-A*02:05,spearman,-0.5,3,3,False
pwm,random,reference,nonzero,HLA-A*02:05,pearson_log,-0.31973954377502123,3,3,False
pwm,random,reference,nonzero,HLA-A*02:05,auc_gt_2h,,3,3,False
pwm,random,reference,nonzero,HLA-A*02:10,spearman,-0.5,3,3,False
pwm,random,reference,nonzero,HLA-A*02:10,pearson_log,-0.042772472003185805,3,3,False
pwm,random,reference,nonzero,HLA-A*02:10,auc_gt_2h,0.5,3,3,False
pwm,random,reference,nonzero,HLA-A*02:11,spearman,0.5,3,3,False
pwm,random,reference,nonzero,HLA-A*02:11,pearson_log,0.355114713978191,3,3,False
pwm,random,reference,nonzero,HLA-A*02:11,auc_gt_2h,,3,3,False
pwm,random,reference,nonzero,HLA-A*02:12,spearman,0.5,3,3,False
pwm,random,reference,nonzero,HLA-A*02:12,pearson_log,-0.1180071230424066,3,3,False
pwm,random,reference,nonzero,HLA-A*02:12,auc_gt_2h,,3,3,False
pwm,random,reference,nonzero,HLA-A*02:16,spearman,0.5,3,3,False
pwm,random,reference,nonzero,HLA-A*02:16,pearson_log,0.4752797839568036,3,3,False
pwm,random,reference,nonzero,HLA-A*02:16,auc_gt_2h,0.5,3,3,False
pwm,random,reference,nonzero,HLA-A*02:19,spearman,-0.5,3,3,False
pwm,random,reference,nonzero,HLA-A*02:19,pearson_log,-0.4133334094315274,3,3,False
pwm,random,reference,nonzero,HLA-A*02:19,auc_gt_2h,,3,3,False
pwm,random,reference,nonzero,HLA-A*02:50,spearman,-1.0,3,3,False
pwm,random,reference,nonzero,HLA-A*02:50,pearson_log,-0.999900953841123,3,3,False
pwm,random,reference,nonzero,HLA-A*02:50,auc_gt_2h,,3,3,False
pwm,random,reference,nonzero,HLA-A*03:01,spearman,,2,2,False
pwm,random,reference,nonzero,HLA-A*03:01,pearson_log,,2,2,False
pwm,random,reference,nonzero,HLA-A*03:01,auc_gt_2h,1.0,2,2,False
pwm,random,reference,nonzero,HLA-A*11:01,spearman,0.5,3,3,False
pwm,random,reference,nonzero,HLA-A*11:01,pearson_log,0.8119364246075,3,3,False
pwm,random,reference,nonzero,HLA-A*11:01,auc_gt_2h,1.0,3,3,False
pwm,random,reference,nonzero,HLA-A*23:01,spearman,-0.5,3,3,False
pwm,random,reference,nonzero,HLA-A*23:01,pearson_log,-0.25805132334542313,3,3,False
pwm,random,reference,nonzero,HLA-A*23:01,auc_gt_2h,0.0,3,3,False
pwm,random,reference,nonzero,HLA-A*24:02,spearman,0.5,3,3,False
pwm,random,reference,nonzero,HLA-A*24:02,pearson_log,0.9399000294191489,3,3,False
pwm,random,reference,nonzero,HLA-A*24:02,auc_gt_2h,1.0,3,3,False
pwm,random,reference,nonzero,HLA-A*24:03,spearman,0.5,3,3,False
pwm,random,reference,nonzero,HLA-A*24:03,pearson_log,0.4963361883506805,3,3,False
pwm,random,reference,nonzero,HLA-A*24:03,auc_gt_2h,0.5,3,3,False
pwm,random,reference,nonzero,HLA-A*24:07,spearman,0.5,3,3,False
pwm,random,reference,nonzero,HLA-A*24:07,pearson_log,0.19217151502328145,3,3,False
pwm,random,reference,nonzero,HLA-A*24:07,auc_gt_2h,,3,3,False
pwm,random,reference,nonzero,HLA-A*24:19,spearman,,2,2,False
pwm,random,reference,nonzero,HLA-A*24:19,pearson_log,,2,2,False
pwm,random,reference,nonzero,HLA-A*24:19,auc_gt_2h,,2,2,False
pwm,random,reference,nonzero,HLA-A*25:01,spearman,,1,1,True
pwm,random,reference,nonzero,HLA-A*25:01,pearson_log,,1,1,True
pwm,random,reference,nonzero,HLA-A*25:01,auc_gt_2h,,1,1,True
pwm,random,reference,nonzero,HLA-A*26:01,spearman,-0.5,3,3,False
pwm,random,reference,nonzero,HLA-A*26:01,pearson_log,-0.7566416784090515,3,3,False
pwm,random,reference,nonzero,HLA-A*26:01,auc_gt_2h,,3,3,False
pwm,random,reference,nonzero,HLA-A*26:02,spearman,-0.5,3,3,False
pwm,random,reference,nonzero,HLA-A*26:02,pearson_log,0.3794173819972948,3,3,False
pwm,random,reference,nonzero,HLA-A*26:02,auc_gt_2h,0.5,3,3,False
pwm,random,reference,nonzero,HLA-A*26:03,spearman,,1,1,True
pwm,random,reference,nonzero,HLA-A*26:03,pearson_log,,1,1,True
pwm,random,reference,nonzero,HLA-A*26:03,auc_gt_2h,,1,1,True
pwm,random,reference,nonzero,HLA-A*29:02,spearman,1.0,3,3,False
pwm,random,reference,nonzero,HLA-A*29:02,pearson_log,0.7706546557542406,3,3,False
pwm,random,reference,nonzero,HLA-A*29:02,auc_gt_2h,1.0,3,3,False
pwm,random,reference,nonzero,HLA-A*30:01,spearman,,2,2,False
pwm,random,reference,nonzero,HLA-A*30:01,pearson_log,,2,2,False
pwm,random,reference,nonzero,HLA-A*30:01,auc_gt_2h,0.0,2,2,False
pwm,random,reference,nonzero,HLA-A*30:02,spearman,,2,2,False
pwm,random,reference,nonzero,HLA-A*30:02,pearson_log,,2,2,False
pwm,random,reference,nonzero,HLA-A*30:02,auc_gt_2h,0.0,2,2,False
pwm,random,reference,nonzero,HLA-A*31:01,spearman,1.0,3,3,False
pwm,random,reference,nonzero,HLA-A*31:01,pearson_log,0.9869102518608841,3,3,False
pwm,random,reference,nonzero,HLA-A*31:01,auc_gt_2h,1.0,3,3,False
pwm,random,reference,nonzero,HLA-A*32:01,spearman,,2,2,False
pwm,random,reference,nonzero,HLA-A*32:01,pearson_log,,2,2,False
pwm,random,reference,nonzero,HLA-A*32:01,auc_gt_2h,,2,2,False
pwm,random,reference,nonzero,HLA-A*32:07,spearman,0.5,3,3,False
pwm,random,reference,nonzero,HLA-A*32:07,pearson_log,0.9770499974944545,3,3,False
pwm,random,reference,nonzero,HLA-A*32:07,auc_gt_2h,1.0,3,3,False
pwm,random,reference,nonzero,HLA-A*33:03,spearman,,2,2,False
pwm,random,reference,nonzero,HLA-A*33:03,pearson_log,,2,2,False
pwm,random,reference,nonzero,HLA-A*33:03,auc_gt_2h,1.0,2,2,False
pwm,random,reference,nonzero,HLA-A*43:01,spearman,,0,2,False
pwm,random,reference,nonzero,HLA-A*43:01,pearson_log,,0,2,False
pwm,random,reference,nonzero,HLA-A*43:01,auc_gt_2h,,0,2,False
pwm,random,reference,nonzero,HLA-A*66:01,spearman,,2,2,False
pwm,random,reference,nonzero,HLA-A*66:01,pearson_log,,2,2,False
pwm,random,reference,nonzero,HLA-A*66:01,auc_gt_2h,,2,2,False
pwm,random,reference,nonzero,HLA-A*68:01,spearman,,2,2,False
pwm,random,reference,nonzero,HLA-A*68:01,pearson_log,,2,2,False
pwm,random,reference,nonzero,HLA-A*68:01,auc_gt_2h,,2,2,False
pwm,random,reference,nonzero,HLA-A*68:02,spearman,,0,3,False
pwm,random,reference,nonzero,HLA-A*68:02,pearson_log,,0,3,False
pwm,random,reference,nonzero,HLA-A*68:02,auc_gt_2h,,0,3,False
pwm,random,reference,nonzero,HLA-A*68:23,spearman,,2,2,False
pwm,random,reference,nonzero,HLA-A*68:23,pearson_log,,2,2,False
pwm,random,reference,nonzero,HLA-A*68:23,auc_gt_2h,,2,2,False
pwm,random,reference,nonzero,HLA-A*69:01,spearman,-0.5,3,3,False
pwm,random,reference,nonzero,HLA-A*69:01,pearson_log,-0.9842769113671664,3,3,False
pwm,random,reference,nonzero,HLA-A*69:01,auc_gt_2h,,3,3,False
pwm,random,reference,nonzero,HLA-A*74:01,spearman,,2,2,False
pwm,random,reference,nonzero,HLA-A*74:01,pearson_log,,2,2,False
pwm,random,reference,nonzero,HLA-A*74:01,auc_gt_2h,,2,2,False
pwm,random,reference,nonzero,HLA-A*80:01,spearman,,2,2,False
pwm,random,reference,nonzero,HLA-A*80:01,pearson_log,,2,2,False
pwm,random,reference,nonzero,HLA-A*80:01,auc_gt_2h,1.0,2,2,False
pwm,random,reference,nonzero,HLA-B*07:02,spearman,,2,2,False
pwm,random,reference,nonzero,HLA-B*07:02,pearson_log,,2,2,False
pwm,random,reference,nonzero,HLA-B*07:02,auc_gt_2h,,2,2,False
pwm,random,reference,nonzero,HLA-B*08:01,spearman,,0,3,False
pwm,random,reference,nonzero,HLA-B*08:01,pearson_log,,0,3,False
pwm,random,reference,nonzero,HLA-B*08:01,auc_gt_2h,,0,3,False
pwm,random,reference,nonzero,HLA-B*08:03,spearman,,1,1,True
pwm,random,reference,nonzero,HLA-B*08:03,pearson_log,,1,1,True
pwm,random,reference,nonzero,HLA-B*08:03,auc_gt_2h,,1,1,True
pwm,random,reference,nonzero,HLA-B*13:02,spearman,,1,1,True
pwm,random,reference,nonzero,HLA-B*13:02,pearson_log,,1,1,True
pwm,random,reference,nonzero,HLA-B*13:02,auc_gt_2h,,1,1,True
pwm,random,reference,nonzero,HLA-B*14:02(C67S),spearman,,1,1,True
pwm,random,reference,nonzero,HLA-B*14:02(C67S),pearson_log,,1,1,True
pwm,random,reference,nonzero,HLA-B*14:02(C67S),auc_gt_2h,,1,1,True
pwm,random,reference,nonzero,HLA-B*15:01,spearman,,2,2,False
pwm,random,reference,nonzero,HLA-B*15:01,pearson_log,,2,2,False
pwm,random,reference,nonzero,HLA-B*15:01,auc_gt_2h,1.0,2,2,False
pwm,random,reference,nonzero,HLA-B*15:02,spearman,,2,2,False
pwm,random,reference,nonzero,HLA-B*15:02,pearson_log,,2,2,False
pwm,random,reference,nonzero,HLA-B*15:02,auc_gt_2h,0.0,2,2,False
pwm,random,reference,nonzero,HLA-B*15:10,spearman,,2,2,False
pwm,random,reference,nonzero,HLA-B*15:10,pearson_log,,2,2,False
pwm,random,reference,nonzero,HLA-B*15:10,auc_gt_2h,1.0,2,2,False
pwm,random,reference,nonzero,HLA-B*15:17,spearman,,1,1,True
pwm,random,reference,nonzero,HLA-B*15:17,pearson_log,,1,1,True
pwm,random,reference,nonzero,HLA-B*15:17,auc_gt_2h,,1,1,True
pwm,random,reference,nonzero,HLA-B*18:01,spearman,,2,2,False
pwm,random,reference,nonzero,HLA-B*18:01,pearson_log,,2,2,False
pwm,random,reference,nonzero,HLA-B*18:01,auc_gt_2h,0.0,2,2,False
pwm,random,reference,nonzero,HLA-B*27:02,spearman,,2,2,False
pwm,random,reference,nonzero,HLA-B*27:02,pearson_log,,2,2,False
pwm,random,reference,nonzero,HLA-B*27:02,auc_gt_2h,,2,2,False
pwm,random,reference,nonzero,HLA-B*27:03,spearman,,2,2,False
pwm,random,reference,nonzero,HLA-B*27:03,pearson_log,,2,2,False
pwm,random,reference,nonzero,HLA-B*27:03,auc_gt_2h,,2,2,False
pwm,random,reference,nonzero,HLA-B*27:05,spearman,0.5,3,3,False
pwm,random,reference,nonzero,HLA-B*27:05,pearson_log,0.3055107480830999,3,3,False
pwm,random,reference,nonzero,HLA-B*27:05,auc_gt_2h,1.0,3,3,False
pwm,random,reference,nonzero,HLA-B*27:20,spearman,,1,1,True
pwm,random,reference,nonzero,HLA-B*27:20,pearson_log,,1,1,True
pwm,random,reference,nonzero,HLA-B*27:20,auc_gt_2h,,1,1,True
pwm,random,reference,nonzero,HLA-B*35:01,spearman,,1,1,True
pwm,random,reference,nonzero,HLA-B*35:01,pearson_log,,1,1,True
pwm,random,reference,nonzero,HLA-B*35:01,auc_gt_2h,,1,1,True
pwm,random,reference,nonzero,HLA-B*35:03,spearman,,2,2,False
pwm,random,reference,nonzero,HLA-B*35:03,pearson_log,,2,2,False
pwm,random,reference,nonzero,HLA-B*35:03,auc_gt_2h,0.0,2,2,False
pwm,random,reference,nonzero,HLA-B*35:08,spearman,1.0,3,3,False
pwm,random,reference,nonzero,HLA-B*35:08,pearson_log,0.9920720516407641,3,3,False
pwm,random,reference,nonzero,HLA-B*35:08,auc_gt_2h,1.0,3,3,False
pwm,random,reference,nonzero,HLA-B*39:01,spearman,,2,2,False
pwm,random,reference,nonzero,HLA-B*39:01,pearson_log,,2,2,False
pwm,random,reference,nonzero,HLA-B*39:01,auc_gt_2h,,2,2,False
pwm,random,reference,nonzero,HLA-B*39:02,spearman,,2,2,False
pwm,random,reference,nonzero,HLA-B*39:02,pearson_log,,2,2,False
pwm,random,reference,nonzero,HLA-B*39:02,auc_gt_2h,,2,2,False
pwm,random,reference,nonzero,HLA-B*39:10,spearman,,2,2,False
pwm,random,reference,nonzero,HLA-B*39:10,pearson_log,,2,2,False
pwm,random,reference,nonzero,HLA-B*39:10,auc_gt_2h,0.0,2,2,False
pwm,random,reference,nonzero,HLA-B*40:01,spearman,1.0,3,3,False
pwm,random,reference,nonzero,HLA-B*40:01,pearson_log,0.9925960740015052,3,3,False
pwm,random,reference,nonzero,HLA-B*40:01,auc_gt_2h,,3,3,False
pwm,random,reference,nonzero,HLA-B*40:02,spearman,0.5,3,3,False
pwm,random,reference,nonzero,HLA-B*40:02,pearson_log,0.3335874791867288,3,3,False
pwm,random,reference,nonzero,HLA-B*40:02,auc_gt_2h,0.5,3,3,False
pwm,random,reference,nonzero,HLA-B*41:01,spearman,,0,2,False
pwm,random,reference,nonzero,HLA-B*41:01,pearson_log,,0,2,False
pwm,random,reference,nonzero,HLA-B*41:01,auc_gt_2h,,0,2,False
pwm,random,reference,nonzero,HLA-B*42:01,spearman,,2,2,False
pwm,random,reference,nonzero,HLA-B*42:01,pearson_log,,2,2,False
pwm,random,reference,nonzero,HLA-B*42:01,auc_gt_2h,,2,2,False
pwm,random,reference,nonzero,HLA-B*42:02,spearman,0.5,3,3,False
pwm,random,reference,nonzero,HLA-B*42:02,pearson_log,-0.12484963748594902,3,3,False
pwm,random,reference,nonzero,HLA-B*42:02,auc_gt_2h,0.5,3,3,False
pwm,random,reference,nonzero,HLA-B*44:05,spearman,,2,2,False
pwm,random,reference,nonzero,HLA-B*44:05,pearson_log,,2,2,False
pwm,random,reference,nonzero,HLA-B*44:05,auc_gt_2h,,2,2,False
pwm,random,reference,nonzero,HLA-B*45:01,spearman,,1,1,True
pwm,random,reference,nonzero,HLA-B*45:01,pearson_log,,1,1,True
pwm,random,reference,nonzero,HLA-B*45:01,auc_gt_2h,,1,1,True
pwm,random,reference,nonzero,HLA-B*46:01,spearman,,1,1,True
pwm,random,reference,nonzero,HLA-B*46:01,pearson_log,,1,1,True
pwm,random,reference,nonzero,HLA-B*46:01,auc_gt_2h,,1,1,True
pwm,random,reference,nonzero,HLA-B*51:01,spearman,,1,1,True
pwm,random,reference,nonzero,HLA-B*51:01,pearson_log,,1,1,True
pwm,random,reference,nonzero,HLA-B*51:01,auc_gt_2h,,1,1,True
pwm,random,reference,nonzero,HLA-B*54:01,spearman,,2,2,False
pwm,random,reference,nonzero,HLA-B*54:01,pearson_log,,2,2,False
pwm,random,reference,nonzero,HLA-B*54:01,auc_gt_2h,1.0,2,2,False
pwm,random,reference,nonzero,HLA-B*56:01,spearman,,0,2,False
pwm,random,reference,nonzero,HLA-B*56:01,pearson_log,,0,2,False
pwm,random,reference,nonzero,HLA-B*56:01,auc_gt_2h,,0,2,False
pwm,random,reference,nonzero,HLA-B*57:01,spearman,,2,2,False
pwm,random,reference,nonzero,HLA-B*57:01,pearson_log,,2,2,False
pwm,random,reference,nonzero,HLA-B*57:01,auc_gt_2h,,2,2,False
pwm,random,reference,nonzero,HLA-B*57:02,spearman,,2,2,False
pwm,random,reference,nonzero,HLA-B*57:02,pearson_log,,2,2,False
pwm,random,reference,nonzero,HLA-B*57:02,auc_gt_2h,,2,2,False
pwm,random,reference,nonzero,HLA-B*57:03,spearman,,2,2,False
pwm,random,reference,nonzero,HLA-B*57:03,pearson_log,,2,2,False
pwm,random,reference,nonzero,HLA-B*57:03,auc_gt_2h,,2,2,False
pwm,random,reference,nonzero,HLA-B*58:01,spearman,-0.5,3,3,False
pwm,random,reference,nonzero,HLA-B*58:01,pearson_log,-0.7735463278478922,3,3,False
pwm,random,reference,nonzero,HLA-B*58:01,auc_gt_2h,0.0,3,3,False
pwm,random,reference,nonzero,HLA-B*81:01,spearman,,2,2,False
pwm,random,reference,nonzero,HLA-B*81:01,pearson_log,,2,2,False
pwm,random,reference,nonzero,HLA-B*81:01,auc_gt_2h,,2,2,False
