{"fold_index": 1, "n_folds": 77, "split": "random", "fold": "holdout", "representation": "allele_mean", "loss": "reference"}
{"fold_index": 1, "n_folds": 77, "split": "random", "fold": "holdout", "representation": "pwm", "loss": "reference"}
{"fold_index": 1, "n_folds": 77, "split": "random", "fold": "holdout", "representation": "allele_embedding", "loss": "mse", "seconds": 0.03543145791627467, "last_batch_loss": 3.5684702396392822, "optimizer_steps": 20, "n_parameters": 18145}
{"fold_index": 1, "n_folds": 77, "split": "random", "fold": "holdout", "representation": "allele_embedding", "loss": "censored_hinge", "seconds": 0.015043833060190082, "last_batch_loss": 2.699230909347534, "optimizer_steps": 20, "n_parameters": 18145}
{"fold_index": 1, "n_folds": 77, "split": "random", "fold": "holdout", "representation": "allele_embedding", "loss": "ranking", "seconds": 0.07849591714330018, "last_batch_loss": 0.6415822505950928, "optimizer_steps": 20, "n_parameters": 18145}
{"fold_index": 1, "n_folds": 77, "split": "random", "fold": "holdout", "representation": "blosum_pseudoseq", "loss": "mse", "seconds": 0.023079250007867813, "last_batch_loss": 3.345409870147705, "optimizer_steps": 20, "n_parameters": 57217}
{"fold_index": 1, "n_folds": 77, "split": "random", "fold": "holdout", "representation": "blosum_pseudoseq", "loss": "censored_hinge", "seconds": 0.019090209156274796, "last_batch_loss": 2.4458086490631104, "optimizer_steps": 20, "n_parameters": 57217}
{"fold_index": 1, "n_folds": 77, "split": "random", "fold": "holdout", "representation": "blosum_pseudoseq", "loss": "ranking", "seconds": 0.08207516698166728, "last_batch_loss": 0.6374499201774597, "optimizer_steps": 20, "n_parameters": 57217}
{"fold_index": 2, "n_folds": 77, "split": "peptide_disjoint", "fold": "holdout", "representation": "allele_mean", "loss": "reference"}
{"fold_index": 2, "n_folds": 77, "split": "peptide_disjoint", "fold": "holdout", "representation": "pwm", "loss": "reference"}
{"fold_index": 2, "n_folds": 77, "split": "peptide_disjoint", "fold": "holdout", "representation": "allele_embedding", "loss": "mse", "seconds": 0.016661041881889105, "last_batch_loss": 3.445809841156006, "optimizer_steps": 20, "n_parameters": 18145}
{"fold_index": 2, "n_folds": 77, "split": "peptide_disjoint", "fold": "holdout", "representation": "allele_embedding", "loss": "censored_hinge", "seconds": 0.017123416997492313, "last_batch_loss": 2.476447343826294, "optimizer_steps": 20, "n_parameters": 18145}
{"fold_index": 2, "n_folds": 77, "split": "peptide_disjoint", "fold": "holdout", "representation": "allele_embedding", "loss": "ranking", "seconds": 0.0762216248549521, "last_batch_loss": 0.6294907331466675, "optimizer_steps": 20, "n_parameters": 18145}
{"fold_index": 2, "n_folds": 77, "split": "peptide_disjoint", "fold": "holdout", "representation": "blosum_pseudoseq", "loss": "mse", "seconds": 0.023150666849687696, "last_batch_loss": 3.4860973358154297, "optimizer_steps": 20, "n_parameters": 57217}
{"fold_index": 2, "n_folds": 77, "split": "peptide_disjoint", "fold": "holdout", "representation": "blosum_pseudoseq", "loss": "censored_hinge", "seconds": 0.021419541910290718, "last_batch_loss": 2.5746233463287354, "optimizer_steps": 20, "n_parameters": 57217}
{"fold_index": 2, "n_folds": 77, "split": "peptide_disjoint", "fold": "holdout", "representation": "blosum_pseudoseq", "loss": "ranking", "seconds": 0.08408650010824203, "last_batch_loss": 0.6430901288986206, "optimizer_steps": 20, "n_parameters": 57217}
{"fold_index": 3, "n_folds": 77, "split": "leave_one_allele_out", "fold": "HLA-A*01:01", "representation": "allele_mean", "loss": "reference"}
{"fold_index": 3, "n_folds": 77, "split": "leave_one_allele_out", "fold": "HLA-A*01:01", "representation": "pwm", "loss": "reference"}
{"fold_index": 3, "n_folds": 77, "split": "leave_one_allele_out", "fold": "HLA-A*01:01", "representation": "allele_embedding", "loss": "mse"}
{"fold_index": 3, "n_folds": 77, "split": "leave_one_allele_out", "fold": "HLA-A*01:01", "representation": "allele_embedding", "loss": "censored_hinge"}
{"fold_index": 3, "n_folds": 77, "split": "leave_one_allele_out", "fold": "HLA-A*01:01", "representation": "allele_embedding", "loss": "ranking"}
{"fold_index": 3, "n_folds": 77, "split": "leave_one_allele_out", "fold": "HLA-A*01:01", "representation": "blosum_pseudoseq", "loss": "mse", "seconds": 0.025439375080168247, "last_batch_loss": 3.386359930038452, "optimizer_steps": 20, "n_parameters": 57217}
{"fold_index": 3, "n_folds": 77, "split": "leave_one_allele_out", "fold": "HLA-A*01:01", "representation": "blosum_pseudoseq", "loss": "censored_hinge", "seconds": 0.02488499996252358, "last_batch_loss": 2.376648187637329, "optimizer_steps": 20, "n_parameters": 57217}
{"fold_index": 3, "n_folds": 77, "split": "leave_one_allele_out", "fold": "HLA-A*01:01", "representation": "blosum_pseudoseq", "loss": "ranking", "seconds": 0.08956141583621502, "last_batch_loss": 0.6465677618980408, "optimizer_steps": 20, "n_parameters": 57217}
{"fold_index": 4, "n_folds": 77, "split": "leave_one_allele_out", "fold": "HLA-A*02:01", "representation": "allele_mean", "loss": "reference"}
{"fold_index": 4, "n_folds": 77, "split": "leave_one_allele_out", "fold": "HLA-A*02:01", "representation": "pwm", "loss": "reference"}
{"fold_index": 4, "n_folds": 77, "split": "leave_one_allele_out", "fold": "HLA-A*02:01", "representation": "allele_embedding", "loss": "mse"}
{"fold_index": 4, "n_folds": 77, "split": "leave_one_allele_out", "fold": "HLA-A*02:01", "representation": "allele_embedding", "loss": "censored_hinge"}
{"fold_index": 4, "n_folds": 77, "split": "leave_one_allele_out", "fold": "HLA-A*02:01", "representation": "allele_embedding", "loss": "ranking"}
{"fold_index": 4, "n_folds": 77, "split": "leave_one_allele_out", "fold": "HLA-A*02:01", "representation": "blosum_pseudoseq", "loss": "mse", "seconds": 0.024309166939929128, "last_batch_loss": 3.309478282928467, "optimizer_steps": 20, "n_parameters": 57217}
{"fold_index": 4, "n_folds": 77, "split": "leave_one_allele_out", "fold": "HLA-A*02:01", "representation": "blosum_pseudoseq", "loss": "censored_hinge", "seconds": 0.023559791035950184, "last_batch_loss": 2.3490355014801025, "optimizer_steps": 20, "n_parameters": 57217}
{"fold_index": 4, "n_folds": 77, "split": "leave_one_allele_out", "fold": "HLA-A*02:01", "representation": "blosum_pseudoseq", "loss": "ranking", "seconds": 0.08471062500029802, "last_batch_loss": 0.6415696144104004, "optimizer_steps": 20, "n_parameters": 57217}
{"fold_index": 5, "n_folds": 77, "split": "leave_one_allele_out", "fold": "HLA-A*02:03", "representation": "allele_mean", "loss": "reference"}
{"fold_index": 5, "n_folds": 77, "split": "leave_one_allele_out", "fold": "HLA-A*02:03", "representation": "pwm", "loss": "reference"}
{"fold_index": 5, "n_folds": 77, "split": "leave_one_allele_out", "fold": "HLA-A*02:03", "representation": "allele_embedding", "loss": "mse"}
{"fold_index": 5, "n_folds": 77, "split": "leave_one_allele_out", "fold": "HLA-A*02:03", "representation": "allele_embedding", "loss": "censored_hinge"}
{"fold_index": 5, "n_folds": 77, "split": "leave_one_allele_out", "fold": "HLA-A*02:03", "representation": "allele_embedding", "loss": "ranking"}
{"fold_index": 5, "n_folds": 77, "split": "leave_one_allele_out", "fold": "HLA-A*02:03", "representation": "blosum_pseudoseq", "loss": "mse", "seconds": 0.02302312501706183, "last_batch_loss": 3.3044843673706055, "optimizer_steps": 20, "n_parameters": 57217}
{"fold_index": 5, "n_folds": 77, "split": "leave_one_allele_out", "fold": "HLA-A*02:03", "representation": "blosum_pseudoseq", "loss": "censored_hinge", "seconds": 0.02441529114730656, "last_batch_loss": 2.4590680599212646, "optimizer_steps": 20, "n_parameters": 57217}
{"fold_index": 5, "n_folds": 77, "split": "leave_one_allele_out", "fold": "HLA-A*02:03", "representation": "blosum_pseudoseq", "loss": "ranking", "seconds": 0.0880352498497814, "last_batch_loss": 0.6439852118492126, "optimizer_steps": 20, "n_parameters": 57217}
{"fold_index": 6, "n_folds": 77, "split": "leave_one_allele_out", "fold": "HLA-A*02:05", "representation": "allele_mean", "loss": "reference"}
{"fold_index": 6, "n_folds": 77, "split": "leave_one_allele_out", "fold": "HLA-A*02:05", "representation": "pwm", "loss": "reference"}
{"fold_index": 6, "n_folds": 77, "split": "leave_one_allele_out", "fold": "HLA-A*02:05", "representation": "allele_embedding", "loss": "mse"}
{"fold_index": 6, "n_folds": 77, "split": "leave_one_allele_out", "fold": "HLA-A*02:05", "representation": "allele_embedding", "loss": "censored_hinge"}
{"fold_index": 6, "n_folds": 77, "split": "leave_one_allele_out", "fold": "HLA-A*02:05", "representation": "allele_embedding", "loss": "ranking"}
{"fold_index": 6, "n_folds": 77, "split": "leave_one_allele_out", "fold": "HLA-A*02:05", "representation": "blosum_pseudoseq", "loss": "mse", "seconds": 0.02467162488028407, "last_batch_loss": 3.50273060798645, "optimizer_steps": 20, "n_parameters": 57217}
{"fold_index": 6, "n_folds": 77, "split": "leave_one_allele_out", "fold": "HLA-A*02:05", "representation": "blosum_pseudoseq", "loss": "censored_hinge", "seconds": 0.023674708092585206, "last_batch_loss": 2.483610153198242, "optimizer_steps": 20, "n_parameters": 57217}
{"fold_index": 6, "n_folds": 77, "split": "leave_one_allele_out", "fold": "HLA-A*02:05", "representation": "blosum_pseudoseq", "loss": "ranking", "seconds": 0.08180441707372665, "last_batch_loss": 0.6527221202850342, "optimizer_steps": 20, "n_parameters": 57217}
{"fold_index": 7, "n_folds": 77, "split": "leave_one_allele_out", "fold": "HLA-A*02:10", "representation": "allele_mean", "loss": "reference"}
{"fold_index": 7, "n_folds": 77, "split": "leave_one_allele_out", "fold": "HLA-A*02:10", "representation": "pwm", "loss": "reference"}
{"fold_index": 7, "n_folds": 77, "split": "leave_one_allele_out", "fold": "HLA-A*02:10", "representation": "allele_embedding", "loss": "mse"}
{"fold_index": 7, "n_folds": 77, "split": "leave_one_allele_out", "fold": "HLA-A*02:10", "representation": "allele_embedding", "loss": "censored_hinge"}
{"fold_index": 7, "n_folds": 77, "split": "leave_one_allele_out", "fold": "HLA-A*02:10", "representation": "allele_embedding", "loss": "ranking"}
{"fold_index": 7, "n_folds": 77, "split": "leave_one_allele_out", "fold": "HLA-A*02:10", "representation": "blosum_pseudoseq", "loss": "mse", "seconds": 0.023659582948312163, "last_batch_loss": 3.3105859756469727, "optimizer_steps": 20, "n_parameters": 57217}
{"fold_index": 7, "n_folds": 77, "split": "leave_one_allele_out", "fold": "HLA-A*02:10", "representation": "blosum_pseudoseq", "loss": "censored_hinge", "seconds": 0.025858291890472174, "last_batch_loss": 2.407349109649658, "optimizer_steps": 20, "n_parameters": 57217}
{"fold_index": 7, "n_folds": 77, "split": "leave_one_allele_out", "fold": "HLA-A*02:10", "representation": "blosum_pseudoseq", "loss": "ranking", "seconds": 0.08337383298203349, "last_batch_loss": 0.640550971031189, "optimizer_steps": 20, "n_parameters": 57217}
{"fold_index": 8, "n_folds": 77, "split": "leave_one_allele_out", "fold": "HLA-A*02:11", "representation": "allele_mean", "loss": "reference"}
{"fold_index": 8, "n_folds": 77, "split": "leave_one_allele_out", "fold": "HLA-A*02:11", "representation": "pwm", "loss": "reference"}
{"fold_index": 8, "n_folds": 77, "split": "leave_one_allele_out", "fold": "HLA-A*02:11", "representation": "allele_embedding", "loss": "mse"}
{"fold_index": 8, "n_folds": 77, "split": "leave_one_allele_out", "fold": "HLA-A*02:11", "representation": "allele_embedding", "loss": "censored_hinge"}
{"fold_index": 8, "n_folds": 77, "split": "leave_one_allele_out", "fold": "HLA-A*02:11", "representation": "allele_embedding", "loss": "ranking"}
{"fold_index": 8, "n_folds": 77, "split": "leave_one_allele_out", "fold": "HLA-A*02:11", "representation": "blosum_pseudoseq", "loss": "mse", "seconds": 0.022958541987463832, "last_batch_loss": 3.2296268939971924, "optimizer_steps": 20, "n_parameters": 57217}
{"fold_index": 8, "n_folds": 77, "split": "leave_one_allele_out", "fold": "HLA-A*02:11", "representation": "blosum_pseudoseq", "loss": "censored_hinge", "seconds": 0.024751042015850544, "last_batch_loss": 2.3563120365142822, "optimizer_steps": 20, "n_parameters": 57217}
{"fold_index": 8, "n_folds": 77, "split": "leave_one_allele_out", "fold": "HLA-A*02:11", "representation": "blosum_pseudoseq", "loss": "ranking", "seconds": 0.08192975004203618, "last_batch_loss": 0.6382735371589661, "optimizer_steps": 20, "n_parameters": 57217}
{"fold_index": 9, "n_folds": 77, "split": "leave_one_allele_out", "fold": "HLA-A*02:12", "representation": "allele_mean", "loss": "reference"}
{"fold_index": 9, "n_folds": 77, "split": "leave_one_allele_out", "fold": "HLA-A*02:12", "representation": "pwm", "loss": "reference"}
{"fold_index": 9, "n_folds": 77, "split": "leave_one_allele_out", "fold": "HLA-A*02:12", "representation": "allele_embedding", "loss": "mse"}
{"fold_index": 9, "n_folds": 77, "split": "leave_one_allele_out", "fold": "HLA-A*02:12", "representation": "allele_embedding", "loss": "censored_hinge"}
{"fold_index": 9, "n_folds": 77, "split": "leave_one_allele_out", "fold": "HLA-A*02:12", "representation": "allele_embedding", "loss": "ranking"}
{"fold_index": 9, "n_folds": 77, "split": "leave_one_allele_out", "fold": "HLA-A*02:12", "representation": "blosum_pseudoseq", "loss": "mse", "seconds": 0.023239125031977892, "last_batch_loss": 3.368008613586426, "optimizer_steps": 20, "n_parameters": 57217}
{"fold_index": 9, "n_folds": 77, "split": "leave_one_allele_out", "fold": "HLA-A*02:12", "representation": "blosum_pseudoseq", "loss": "censored_hinge", "seconds": 0.022606083191931248, "last_batch_loss": 2.3183505535125732, "optimizer_steps": 20, "n_parameters": 57217}
{"fold_index": 9, "n_folds": 77, "split": "leave_one_allele_out", "fold": "HLA-A*02:12", "representation": "blosum_pseudoseq", "loss": "ranking", "seconds": 0.08369245799258351, "last_batch_loss": 0.6307116150856018, "optimizer_steps": 20, "n_parameters": 57217}
{"fold_index": 10, "n_folds": 77, "split": "leave_one_allele_out", "fold": "HLA-A*02:16", "representation": "allele_mean", "loss": "reference"}
{"fold_index": 10, "n_folds": 77, "split": "leave_one_allele_out", "fold": "HLA-A*02:16", "representation": "pwm", "loss": "reference"}
{"fold_index": 10, "n_folds": 77, "split": "leave_one_allele_out", "fold": "HLA-A*02:16", "representation": "allele_embedding", "loss": "mse"}
{"fold_index": 10, "n_folds": 77, "split": "leave_one_allele_out", "fold": "HLA-A*02:16", "representation": "allele_embedding", "loss": "censored_hinge"}
{"fold_index": 10, "n_folds": 77, "split": "leave_one_allele_out", "fold": "HLA-A*02:16", "representation": "allele_embedding", "loss": "ranking"}
{"fold_index": 10, "n_folds": 77, "split": "leave_one_allele_out", "fold": "HLA-A*02:16", "representation": "blosum_pseudoseq", "loss": "mse", "seconds": 0.022473040968179703, "last_batch_loss": 3.3704943656921387, "optimizer_steps": 20, "n_parameters": 57217}
{"fold_index": 10, "n_folds": 77, "split": "leave_one_allele_out", "fold": "HLA-A*02:16", "representation": "blosum_pseudoseq", "loss": "censored_hinge", "seconds": 0.023714124923571944, "last_batch_loss": 2.499950885772705, "optimizer_steps": 20, "n_parameters": 57217}
{"fold_index": 10, "n_folds": 77, "split": "leave_one_allele_out", "fold": "HLA-A*02:16", "representation": "blosum_pseudoseq", "loss": "ranking", "seconds": 0.08064208296127617, "last_batch_loss": 0.6444056630134583, "optimizer_steps": 20, "n_parameters": 57217}
{"fold_index": 11, "n_folds": 77, "split": "leave_one_allele_out", "fold": "HLA-A*02:19", "representation": "allele_mean", "loss": "reference"}
{"fold_index": 11, "n_folds": 77, "split": "leave_one_allele_out", "fold": "HLA-A*02:19", "representation": "pwm", "loss": "reference"}
{"fold_index": 11, "n_folds": 77, "split": "leave_one_allele_out", "fold": "HLA-A*02:19", "representation": "allele_embedding", "loss": "mse"}
{"fold_index": 11, "n_folds": 77, "split": "leave_one_allele_out", "fold": "HLA-A*02:19", "representation": "allele_embedding", "loss": "censored_hinge"}
{"fold_index": 11, "n_folds": 77, "split": "leave_one_allele_out", "fold": "HLA-A*02:19", "representation": "allele_embedding", "loss": "ranking"}
{"fold_index": 11, "n_folds": 77, "split": "leave_one_allele_out", "fold": "HLA-A*02:19", "representation": "blosum_pseudoseq", "loss": "mse", "seconds": 0.026213458040729165, "last_batch_loss": 3.3507578372955322, "optimizer_steps": 20, "n_parameters": 57217}
{"fold_index": 11, "n_folds": 77, "split": "leave_one_allele_out", "fold": "HLA-A*02:19", "representation": "blosum_pseudoseq", "loss": "censored_hinge", "seconds": 0.025359458988532424, "last_batch_loss": 2.4381227493286133, "optimizer_steps": 20, "n_parameters": 57217}
{"fold_index": 11, "n_folds": 77, "split": "leave_one_allele_out", "fold": "HLA-A*02:19", "representation": "blosum_pseudoseq", "loss": "ranking", "seconds": 0.08646950009278953, "last_batch_loss": 0.650544285774231, "optimizer_steps": 20, "n_parameters": 57217}
{"fold_index": 12, "n_folds": 77, "split": "leave_one_allele_out", "fold": "HLA-A*02:50", "representation": "allele_mean", "loss": "reference"}
{"fold_index": 12, "n_folds": 77, "split": "leave_one_allele_out", "fold": "HLA-A*02:50", "representation": "pwm", "loss": "reference"}
{"fold_index": 12, "n_folds": 77, "split": "leave_one_allele_out", "fold": "HLA-A*02:50", "representation": "allele_embedding", "loss": "mse"}
{"fold_index": 12, "n_folds": 77, "split": "leave_one_allele_out", "fold": "HLA-A*02:50", "representation": "allele_embedding", "loss": "censored_hinge"}
{"fold_index": 12, "n_folds": 77, "split": "leave_one_allele_out", "fold": "HLA-A*02:50", "representation": "allele_embedding", "loss": "ranking"}
{"fold_index": 12, "n_folds": 77, "split": "leave_one_allele_out", "fold": "HLA-A*02:50", "representation": "blosum_pseudoseq", "loss": "mse", "seconds": 0.02345862495712936, "last_batch_loss": 3.356247663497925, "optimizer_steps": 20, "n_parameters": 57217}
{"fold_index": 12, "n_folds": 77, "split": "leave_one_allele_out", "fold": "HLA-A*02:50", "representation": "blosum_pseudoseq", "loss": "censored_hinge", "seconds": 0.02410874981433153, "last_batch_loss": 2.369542360305786, "optimizer_steps": 20, "n_parameters": 57217}
{"fold_index": 12, "n_folds": 77, "split": "leave_one_allele_out", "fold": "HLA-A*02:50", "representation": "blosum_pseudoseq", "loss": "ranking", "seconds": 0.08389654196798801, "last_batch_loss": 0.644017219543457, "optimizer_steps": 20, "n_parameters": 57217}
{"fold_index": 13, "n_folds": 77, "split": "leave_one_allele_out", "fold": "HLA-A*03:01", "representation": "allele_mean", "loss": "reference"}
{"fold_index": 13, "n_folds": 77, "split": "leave_one_allele_out", "fold": "HLA-A*03:01", "representation": "pwm", "loss": "reference"}
{"fold_index": 13, "n_folds": 77, "split": "leave_one_allele_out", "fold": "HLA-A*03:01", "representation": "allele_embedding", "loss": "mse"}
{"fold_index": 13, "n_folds": 77, "split": "leave_one_allele_out", "fold": "HLA-A*03:01", "representation": "allele_embedding", "loss": "censored_hinge"}
{"fold_index": 13, "n_folds": 77, "split": "leave_one_allele_out", "fold": "HLA-A*03:01", "representation": "allele_embedding", "loss": "ranking"}
{"fold_index": 13, "n_folds": 77, "split": "leave_one_allele_out", "fold": "HLA-A*03:01", "representation": "blosum_pseudoseq", "loss": "mse", "seconds": 0.02846512501128018, "last_batch_loss": 3.35947847366333, "optimizer_steps": 20, "n_parameters": 57217}
{"fold_index": 13, "n_folds": 77, "split": "leave_one_allele_out", "fold": "HLA-A*03:01", "representation": "blosum_pseudoseq", "loss": "censored_hinge", "seconds": 0.022353291977196932, "last_batch_loss": 2.429262161254883, "optimizer_steps": 20, "n_parameters": 57217}
{"fold_index": 13, "n_folds": 77, "split": "leave_one_allele_out", "fold": "HLA-A*03:01", "representation": "blosum_pseudoseq", "loss": "ranking", "seconds": 0.11837004194967449, "last_batch_loss": 0.6446983814239502, "optimizer_steps": 20, "n_parameters": 57217}
{"fold_index": 14, "n_folds": 77, "split": "leave_one_allele_out", "fold": "HLA-A*11:01", "representation": "allele_mean", "loss": "reference"}
{"fold_index": 14, "n_folds": 77, "split": "leave_one_allele_out", "fold": "HLA-A*11:01", "representation": "pwm", "loss": "reference"}
{"fold_index": 14, "n_folds": 77, "split": "leave_one_allele_out", "fold": "HLA-A*11:01", "representation": "allele_embedding", "loss": "mse"}
{"fold_index": 14, "n_folds": 77, "split": "leave_one_allele_out", "fold": "HLA-A*11:01", "representation": "allele_embedding", "loss": "censored_hinge"}
{"fold_index": 14, "n_folds": 77, "split": "leave_one_allele_out", "fold": "HLA-A*11:01", "representation": "allele_embedding", "loss": "ranking"}
{"fold_index": 14, "n_folds": 77, "split": "leave_one_allele_out", "fold": "HLA-A*11:01", "representation": "blosum_pseudoseq", "loss": "mse", "seconds": 0.02453400008380413, "last_batch_loss": 3.301999092102051, "optimizer_steps": 20, "n_parameters": 57217}
{"fold_index": 14, "n_folds": 77, "split": "leave_one_allele_out", "fold": "HLA-A*11:01", "representation": "blosum_pseudoseq", "loss": "censored_hinge", "seconds": 0.025160250021144748, "last_batch_loss": 2.3736212253570557, "optimizer_steps": 20, "n_parameters": 57217}
{"fold_index": 14, "n_folds": 77, "split": "leave_one_allele_out", "fold": "HLA-A*11:01", "representation": "blosum_pseudoseq", "loss": "ranking", "seconds": 0.08436587499454618, "last_batch_loss": 0.6412792205810547, "optimizer_steps": 20, "n_parameters": 57217}
{"fold_index": 15, "n_folds": 77, "split": "leave_one_allele_out", "fold": "HLA-A*23:01", "representation": "allele_mean", "loss": "reference"}
{"fold_index": 15, "n_folds": 77, "split": "leave_one_allele_out", "fold": "HLA-A*23:01", "representation": "pwm", "loss": "reference"}
{"fold_index": 15, "n_folds": 77, "split": "leave_one_allele_out", "fold": "HLA-A*23:01", "representation": "allele_embedding", "loss": "mse"}
{"fold_index": 15, "n_folds": 77, "split": "leave_one_allele_out", "fold": "HLA-A*23:01", "representation": "allele_embedding", "loss": "censored_hinge"}
{"fold_index": 15, "n_folds": 77, "split": "leave_one_allele_out", "fold": "HLA-A*23:01", "representation": "allele_embedding", "loss": "ranking"}
{"fold_index": 15, "n_folds": 77, "split": "leave_one_allele_out", "fold": "HLA-A*23:01", "representation": "blosum_pseudoseq", "loss": "mse", "seconds": 0.03044037497602403, "last_batch_loss": 3.3339221477508545, "optimizer_steps": 20, "n_parameters": 57217}
{"fold_index": 15, "n_folds": 77, "split": "leave_one_allele_out", "fold": "HLA-A*23:01", "representation": "blosum_pseudoseq", "loss": "censored_hinge", "seconds": 0.025374250020831823, "last_batch_loss": 2.4141292572021484, "optimizer_steps": 20, "n_parameters": 57217}
{"fold_index": 15, "n_folds": 77, "split": "leave_one_allele_out", "fold": "HLA-A*23:01", "representation": "blosum_pseudoseq", "loss": "ranking", "seconds": 0.08235591696575284, "last_batch_loss": 0.6451578736305237, "optimizer_steps": 20, "n_parameters": 57217}
{"fold_index": 16, "n_folds": 77, "split": "leave_one_allele_out", "fold": "HLA-A*24:02", "representation": "allele_mean", "loss": "reference"}
{"fold_index": 16, "n_folds": 77, "split": "leave_one_allele_out", "fold": "HLA-A*24:02", "representation": "pwm", "loss": "reference"}
{"fold_index": 16, "n_folds": 77, "split": "leave_one_allele_out", "fold": "HLA-A*24:02", "representation": "allele_embedding", "loss": "mse"}
{"fold_index": 16, "n_folds": 77, "split": "leave_one_allele_out", "fold": "HLA-A*24:02", "representation": "allele_embedding", "loss": "censored_hinge"}
{"fold_index": 16, "n_folds": 77, "split": "leave_one_allele_out", "fold": "HLA-A*24:02", "representation": "allele_embedding", "loss": "ranking"}
{"fold_index": 16, "n_folds": 77, "split": "leave_one_allele_out", "fold": "HLA-A*24:02", "representation": "blosum_pseudoseq", "loss": "mse", "seconds": 0.036408500047400594, "last_batch_loss": 3.51393985748291, "optimizer_steps": 20, "n_parameters": 57217}
{"fold_index": 16, "n_folds": 77, "split": "leave_one_allele_out", "fold": "HLA-A*24:02", "representation": "blosum_pseudoseq", "loss": "censored_hinge", "seconds": 0.03478495799936354, "last_batch_loss": 2.4318995475769043, "optimizer_steps": 20, "n_parameters": 57217}
{"fold_index": 16, "n_folds": 77, "split": "leave_one_allele_out", "fold": "HLA-A*24:02", "representation": "blosum_pseudoseq", "loss": "ranking", "seconds": 0.10577270784415305, "last_batch_loss": 0.6454818844795227, "optimizer_steps": 20, "n_parameters": 57217}
{"fold_index": 17, "n_folds": 77, "split": "leave_one_allele_out", "fold": "HLA-A*24:03", "representation": "allele_mean", "loss": "reference"}
{"fold_index": 17, "n_folds": 77, "split": "leave_one_allele_out", "fold": "HLA-A*24:03", "representation": "pwm", "loss": "reference"}
{"fold_index": 17, "n_folds": 77, "split": "leave_one_allele_out", "fold": "HLA-A*24:03", "representation": "allele_embedding", "loss": "mse"}
{"fold_index": 17, "n_folds": 77, "split": "leave_one_allele_out", "fold": "HLA-A*24:03", "representation": "allele_embedding", "loss": "censored_hinge"}
{"fold_index": 17, "n_folds": 77, "split": "leave_one_allele_out", "fold": "HLA-A*24:03", "representation": "allele_embedding", "loss": "ranking"}
{"fold_index": 17, "n_folds": 77, "split": "leave_one_allele_out", "fold": "HLA-A*24:03", "representation": "blosum_pseudoseq", "loss": "mse", "seconds": 0.03531112498603761, "last_batch_loss": 3.4679486751556396, "optimizer_steps": 20, "n_parameters": 57217}
{"fold_index": 17, "n_folds": 77, "split": "leave_one_allele_out", "fold": "HLA-A*24:03", "representation": "blosum_pseudoseq", "loss": "censored_hinge", "seconds": 0.04775708285160363, "last_batch_loss": 2.4100100994110107, "optimizer_steps": 20, "n_parameters": 57217}
{"fold_index": 17, "n_folds": 77, "split": "leave_one_allele_out", "fold": "HLA-A*24:03", "representation": "blosum_pseudoseq", "loss": "ranking", "seconds": 0.10723258298821747, "last_batch_loss": 0.6476830244064331, "optimizer_steps": 20, "n_parameters": 57217}
{"fold_index": 18, "n_folds": 77, "split": "leave_one_allele_out", "fold": "HLA-A*24:07", "representation": "allele_mean", "loss": "reference"}
{"fold_index": 18, "n_folds": 77, "split": "leave_one_allele_out", "fold": "HLA-A*24:07", "representation": "pwm", "loss": "reference"}
{"fold_index": 18, "n_folds": 77, "split": "leave_one_allele_out", "fold": "HLA-A*24:07", "representation": "allele_embedding", "loss": "mse"}
{"fold_index": 18, "n_folds": 77, "split": "leave_one_allele_out", "fold": "HLA-A*24:07", "representation": "allele_embedding", "loss": "censored_hinge"}
{"fold_index": 18, "n_folds": 77, "split": "leave_one_allele_out", "fold": "HLA-A*24:07", "representation": "allele_embedding", "loss": "ranking"}
{"fold_index": 18, "n_folds": 77, "split": "leave_one_allele_out", "fold": "HLA-A*24:07", "representation": "blosum_pseudoseq", "loss": "mse", "seconds": 0.03271695785224438, "last_batch_loss": 3.2918014526367188, "optimizer_steps": 20, "n_parameters": 57217}
{"fold_index": 18, "n_folds": 77, "split": "leave_one_allele_out", "fold": "HLA-A*24:07", "representation": "blosum_pseudoseq", "loss": "censored_hinge", "seconds": 0.05057279113680124, "last_batch_loss": 2.3337996006011963, "optimizer_steps": 20, "n_parameters": 57217}
{"fold_index": 18, "n_folds": 77, "split": "leave_one_allele_out", "fold": "HLA-A*24:07", "representation": "blosum_pseudoseq", "loss": "ranking", "seconds": 0.10649904096499085, "last_batch_loss": 0.6399552822113037, "optimizer_steps": 20, "n_parameters": 57217}
{"fold_index": 19, "n_folds": 77, "split": "leave_one_allele_out", "fold": "HLA-A*24:19", "representation": "allele_mean", "loss": "reference"}
{"fold_index": 19, "n_folds": 77, "split": "leave_one_allele_out", "fold": "HLA-A*24:19", "representation": "pwm", "loss": "reference"}
{"fold_index": 19, "n_folds": 77, "split": "leave_one_allele_out", "fold": "HLA-A*24:19", "representation": "allele_embedding", "loss": "mse"}
{"fold_index": 19, "n_folds": 77, "split": "leave_one_allele_out", "fold": "HLA-A*24:19", "representation": "allele_embedding", "loss": "censored_hinge"}
{"fold_index": 19, "n_folds": 77, "split": "leave_one_allele_out", "fold": "HLA-A*24:19", "representation": "allele_embedding", "loss": "ranking"}
{"fold_index": 19, "n_folds": 77, "split": "leave_one_allele_out", "fold": "HLA-A*24:19", "representation": "blosum_pseudoseq", "loss": "mse", "seconds": 0.03882312495261431, "last_batch_loss": 3.4147205352783203, "optimizer_steps": 20, "n_parameters": 57217}
{"fold_index": 19, "n_folds": 77, "split": "leave_one_allele_out", "fold": "HLA-A*24:19", "representation": "blosum_pseudoseq", "loss": "censored_hinge", "seconds": 0.041293790796771646, "last_batch_loss": 2.5563039779663086, "optimizer_steps": 20, "n_parameters": 57217}
{"fold_index": 19, "n_folds": 77, "split": "leave_one_allele_out", "fold": "HLA-A*24:19", "representation": "blosum_pseudoseq", "loss": "ranking", "seconds": 0.11896295798942447, "last_batch_loss": 0.6399239301681519, "optimizer_steps": 20, "n_parameters": 57217}
{"fold_index": 20, "n_folds": 77, "split": "leave_one_allele_out", "fold": "HLA-A*25:01", "representation": "allele_mean", "loss": "reference"}
{"fold_index": 20, "n_folds": 77, "split": "leave_one_allele_out", "fold": "HLA-A*25:01", "representation": "pwm", "loss": "reference"}
{"fold_index": 20, "n_folds": 77, "split": "leave_one_allele_out", "fold": "HLA-A*25:01", "representation": "allele_embedding", "loss": "mse"}
{"fold_index": 20, "n_folds": 77, "split": "leave_one_allele_out", "fold": "HLA-A*25:01", "representation": "allele_embedding", "loss": "censored_hinge"}
{"fold_index": 20, "n_folds": 77, "split": "leave_one_allele_out", "fold": "HLA-A*25:01", "representation": "allele_embedding", "loss": "ranking"}
{"fold_index": 20, "n_folds": 77, "split": "leave_one_allele_out", "fold": "HLA-A*25:01", "representation": "blosum_pseudoseq", "loss": "mse", "seconds": 0.04298991709947586, "last_batch_loss": 3.421534299850464, "optimizer_steps": 20, "n_parameters": 57217}
{"fold_index": 20, "n_folds": 77, "split": "leave_one_allele_out", "fold": "HLA-A*25:01", "representation": "blosum_pseudoseq", "loss": "censored_hinge", "seconds": 0.038859708001837134, "last_batch_loss": 2.402305841445923, "optimizer_steps": 20, "n_parameters": 57217}
{"fold_index": 20, "n_folds": 77, "split": "leave_one_allele_out", "fold": "HLA-A*25:01", "representation": "blosum_pseudoseq", "loss": "ranking", "seconds": 0.11999558401294053, "last_batch_loss": 0.6405788660049438, "optimizer_steps": 20, "n_parameters": 57217}
{"fold_index": 21, "n_folds": 77, "split": "leave_one_allele_out", "fold": "HLA-A*26:01", "representation": "allele_mean", "loss": "reference"}
{"fold_index": 21, "n_folds": 77, "split": "leave_one_allele_out", "fold": "HLA-A*26:01", "representation": "pwm", "loss": "reference"}
{"fold_index": 21, "n_folds": 77, "split": "leave_one_allele_out", "fold": "HLA-A*26:01", "representation": "allele_embedding", "loss": "mse"}
{"fold_index": 21, "n_folds": 77, "split": "leave_one_allele_out", "fold": "HLA-A*26:01", "representation": "allele_embedding", "loss": "censored_hinge"}
{"fold_index": 21, "n_folds": 77, "split": "leave_one_allele_out", "fold": "HLA-A*26:01", "representation": "allele_embedding", "loss": "ranking"}
{"fold_index": 21, "n_folds": 77, "split": "leave_one_allele_out", "fold": "HLA-A*26:01", "representation": "blosum_pseudoseq", "loss": "mse", "seconds": 0.051556333899497986, "last_batch_loss": 3.489755153656006, "optimizer_steps": 20, "n_parameters": 57217}
{"fold_index": 21, "n_folds": 77, "split": "leave_one_allele_out", "fold": "HLA-A*26:01", "representation": "blosum_pseudoseq", "loss": "censored_hinge", "seconds": 0.04559674998745322, "last_batch_loss": 2.4066812992095947, "optimizer_steps": 20, "n_parameters": 57217}
{"fold_index": 21, "n_folds": 77, "split": "leave_one_allele_out", "fold": "HLA-A*26:01", "representation": "blosum_pseudoseq", "loss": "ranking", "seconds": 0.1206617911811918, "last_batch_loss": 0.6494877934455872, "optimizer_steps": 20, "n_parameters": 57217}
{"fold_index": 22, "n_folds": 77, "split": "leave_one_allele_out", "fold": "HLA-A*26:02", "representation": "allele_mean", "loss": "reference"}
{"fold_index": 22, "n_folds": 77, "split": "leave_one_allele_out", "fold": "HLA-A*26:02", "representation": "pwm", "loss": "reference"}
{"fold_index": 22, "n_folds": 77, "split": "leave_one_allele_out", "fold": "HLA-A*26:02", "representation": "allele_embedding", "loss": "mse"}
{"fold_index": 22, "n_folds": 77, "split": "leave_one_allele_out", "fold": "HLA-A*26:02", "representation": "allele_embedding", "loss": "censored_hinge"}
{"fold_index": 22, "n_folds": 77, "split": "leave_one_allele_out", "fold": "HLA-A*26:02", "representation": "allele_embedding", "loss": "ranking"}
{"fold_index": 22, "n_folds": 77, "split": "leave_one_allele_out", "fold": "HLA-A*26:02", "representation": "blosum_pseudoseq", "loss": "mse", "seconds": 0.031790834153071046, "last_batch_loss": 3.2534759044647217, "optimizer_steps": 20, "n_parameters": 57217}
{"fold_index": 22, "n_folds": 77, "split": "leave_one_allele_out", "fold": "HLA-A*26:02", "representation": "blosum_pseudoseq", "loss": "censored_hinge", "seconds": 0.03472941694781184, "last_batch_loss": 2.2915737628936768, "optimizer_steps": 20, "n_parameters": 57217}
{"fold_index": 22, "n_folds": 77, "split": "leave_one_allele_out", "fold": "HLA-A*26:02", "representation": "blosum_pseudoseq", "loss": "ranking", "seconds": 0.11542629217728972, "last_batch_loss": 0.640986979007721, "optimizer_steps": 20, "n_parameters": 57217}
{"fold_index": 23, "n_folds": 77, "split": "leave_one_allele_out", "fold": "HLA-A*26:03", "representation": "allele_mean", "loss": "reference"}
{"fold_index": 23, "n_folds": 77, "split": "leave_one_allele_out", "fold": "HLA-A*26:03", "representation": "pwm", "loss": "reference"}
{"fold_index": 23, "n_folds": 77, "split": "leave_one_allele_out", "fold": "HLA-A*26:03", "representation": "allele_embedding", "loss": "mse"}
{"fold_index": 23, "n_folds": 77, "split": "leave_one_allele_out", "fold": "HLA-A*26:03", "representation": "allele_embedding", "loss": "censored_hinge"}
{"fold_index": 23, "n_folds": 77, "split": "leave_one_allele_out", "fold": "HLA-A*26:03", "representation": "allele_embedding", "loss": "ranking"}
{"fold_index": 23, "n_folds": 77, "split": "leave_one_allele_out", "fold": "HLA-A*26:03", "representation": "blosum_pseudoseq", "loss": "mse", "seconds": 0.037764416076242924, "last_batch_loss": 3.3725461959838867, "optimizer_steps": 20, "n_parameters": 57217}
{"fold_index": 23, "n_folds": 77, "split": "leave_one_allele_out", "fold": "HLA-A*26:03", "representation": "blosum_pseudoseq", "loss": "censored_hinge", "seconds": 0.03686658293008804, "last_batch_loss": 2.4520673751831055, "optimizer_steps": 20, "n_parameters": 57217}
{"fold_index": 23, "n_folds": 77, "split": "leave_one_allele_out", "fold": "HLA-A*26:03", "representation": "blosum_pseudoseq", "loss": "ranking", "seconds": 0.11458154185675085, "last_batch_loss": 0.6444054245948792, "optimizer_steps": 20, "n_parameters": 57217}
{"fold_index": 24, "n_folds": 77, "split": "leave_one_allele_out", "fold": "HLA-A*29:02", "representation": "allele_mean", "loss": "reference"}
{"fold_index": 24, "n_folds": 77, "split": "leave_one_allele_out", "fold": "HLA-A*29:02", "representation": "pwm", "loss": "reference"}
{"fold_index": 24, "n_folds": 77, "split": "leave_one_allele_out", "fold": "HLA-A*29:02", "representation": "allele_embedding", "loss": "mse"}
{"fold_index": 24, "n_folds": 77, "split": "leave_one_allele_out", "fold": "HLA-A*29:02", "representation": "allele_embedding", "loss": "censored_hinge"}
{"fold_index": 24, "n_folds": 77, "split": "leave_one_allele_out", "fold": "HLA-A*29:02", "representation": "allele_embedding", "loss": "ranking"}
{"fold_index": 24, "n_folds": 77, "split": "leave_one_allele_out", "fold": "HLA-A*29:02", "representation": "blosum_pseudoseq", "loss": "mse", "seconds": 0.03596545895561576, "last_batch_loss": 3.313636541366577, "optimizer_steps": 20, "n_parameters": 57217}
{"fold_index": 24, "n_folds": 77, "split": "leave_one_allele_out", "fold": "HLA-A*29:02", "representation": "blosum_pseudoseq", "loss": "censored_hinge", "seconds": 0.034291124902665615, "last_batch_loss": 2.416550636291504, "optimizer_steps": 20, "n_parameters": 57217}
{"fold_index": 24, "n_folds": 77, "split": "leave_one_allele_out", "fold": "HLA-A*29:02", "representation": "blosum_pseudoseq", "loss": "ranking", "seconds": 0.11524083302356303, "last_batch_loss": 0.6428724527359009, "optimizer_steps": 20, "n_parameters": 57217}
{"fold_index": 25, "n_folds": 77, "split": "leave_one_allele_out", "fold": "HLA-A*30:01", "representation": "allele_mean", "loss": "reference"}
{"fold_index": 25, "n_folds": 77, "split": "leave_one_allele_out", "fold": "HLA-A*30:01", "representation": "pwm", "loss": "reference"}
{"fold_index": 25, "n_folds": 77, "split": "leave_one_allele_out", "fold": "HLA-A*30:01", "representation": "allele_embedding", "loss": "mse"}
{"fold_index": 25, "n_folds": 77, "split": "leave_one_allele_out", "fold": "HLA-A*30:01", "representation": "allele_embedding", "loss": "censored_hinge"}
{"fold_index": 25, "n_folds": 77, "split": "leave_one_allele_out", "fold": "HLA-A*30:01", "representation": "allele_embedding", "loss": "ranking"}
{"fold_index": 25, "n_folds": 77, "split": "leave_one_allele_out", "fold": "HLA-A*30:01", "representation": "blosum_pseudoseq", "loss": "mse", "seconds": 0.03624454187229276, "last_batch_loss": 3.3237056732177734, "optimizer_steps": 20, "n_parameters": 57217}
{"fold_index": 25, "n_folds": 77, "split": "leave_one_allele_out", "fold": "HLA-A*30:01", "representation": "blosum_pseudoseq", "loss": "censored_hinge", "seconds": 0.03433525003492832, "last_batch_loss": 2.4725329875946045, "optimizer_steps": 20, "n_parameters": 57217}
{"fold_index": 25, "n_folds": 77, "split": "leave_one_allele_out", "fold": "HLA-A*30:01", "representation": "blosum_pseudoseq", "loss": "ranking", "seconds": 0.11488708388060331, "last_batch_loss": 0.638191819190979, "optimizer_steps": 20, "n_parameters": 57217}
{"fold_index": 26, "n_folds": 77, "split": "leave_one_allele_out", "fold": "HLA-A*30:02", "representation": "allele_mean", "loss": "reference"}
{"fold_index": 26, "n_folds": 77, "split": "leave_one_allele_out", "fold": "HLA-A*30:02", "representation": "pwm", "loss": "reference"}
{"fold_index": 26, "n_folds": 77, "split": "leave_one_allele_out", "fold": "HLA-A*30:02", "representation": "allele_embedding", "loss": "mse"}
{"fold_index": 26, "n_folds": 77, "split": "leave_one_allele_out", "fold": "HLA-A*30:02", "representation": "allele_embedding", "loss": "censored_hinge"}
{"fold_index": 26, "n_folds": 77, "split": "leave_one_allele_out", "fold": "HLA-A*30:02", "representation": "allele_embedding", "loss": "ranking"}
{"fold_index": 26, "n_folds": 77, "split": "leave_one_allele_out", "fold": "HLA-A*30:02", "representation": "blosum_pseudoseq", "loss": "mse", "seconds": 0.03660474997013807, "last_batch_loss": 3.3550682067871094, "optimizer_steps": 20, "n_parameters": 57217}
{"fold_index": 26, "n_folds": 77, "split": "leave_one_allele_out", "fold": "HLA-A*30:02", "representation": "blosum_pseudoseq", "loss": "censored_hinge", "seconds": 0.035516042029485106, "last_batch_loss": 2.459638833999634, "optimizer_steps": 20, "n_parameters": 57217}
{"fold_index": 26, "n_folds": 77, "split": "leave_one_allele_out", "fold": "HLA-A*30:02", "representation": "blosum_pseudoseq", "loss": "ranking", "seconds": 0.11744925007224083, "last_batch_loss": 0.6367242336273193, "optimizer_steps": 20, "n_parameters": 57217}
{"fold_index": 27, "n_folds": 77, "split": "leave_one_allele_out", "fold": "HLA-A*31:01", "representation": "allele_mean", "loss": "reference"}
{"fold_index": 27, "n_folds": 77, "split": "leave_one_allele_out", "fold": "HLA-A*31:01", "representation": "pwm", "loss": "reference"}
{"fold_index": 27, "n_folds": 77, "split": "leave_one_allele_out", "fold": "HLA-A*31:01", "representation": "allele_embedding", "loss": "mse"}
{"fold_index": 27, "n_folds": 77, "split": "leave_one_allele_out", "fold": "HLA-A*31:01", "representation": "allele_embedding", "loss": "censored_hinge"}
{"fold_index": 27, "n_folds": 77, "split": "leave_one_allele_out", "fold": "HLA-A*31:01", "representation": "allele_embedding", "loss": "ranking"}
{"fold_index": 27, "n_folds": 77, "split": "leave_one_allele_out", "fold": "HLA-A*31:01", "representation": "blosum_pseudoseq", "loss": "mse", "seconds": 0.038676708936691284, "last_batch_loss": 3.362947940826416, "optimizer_steps": 20, "n_parameters": 57217}
{"fold_index": 27, "n_folds": 77, "split": "leave_one_allele_out", "fold": "HLA-A*31:01", "representation": "blosum_pseudoseq", "loss": "censored_hinge", "seconds": 0.05644437507726252, "last_batch_loss": 2.36706805229187, "optimizer_steps": 20, "n_parameters": 57217}
{"fold_index": 27, "n_folds": 77, "split": "leave_one_allele_out", "fold": "HLA-A*31:01", "representation": "blosum_pseudoseq", "loss": "ranking", "seconds": 0.11408125003799796, "last_batch_loss": 0.647263765335083, "optimizer_steps": 20, "n_parameters": 57217}
{"fold_index": 28, "n_folds": 77, "split": "leave_one_allele_out", "fold": "HLA-A*32:01", "representation": "allele_mean", "loss": "reference"}
{"fold_index": 28, "n_folds": 77, "split": "leave_one_allele_out", "fold": "HLA-A*32:01", "representation": "pwm", "loss": "reference"}
{"fold_index": 28, "n_folds": 77, "split": "leave_one_allele_out", "fold": "HLA-A*32:01", "representation": "allele_embedding", "loss": "mse"}
{"fold_index": 28, "n_folds": 77, "split": "leave_one_allele_out", "fold": "HLA-A*32:01", "representation": "allele_embedding", "loss": "censored_hinge"}
{"fold_index": 28, "n_folds": 77, "split": "leave_one_allele_out", "fold": "HLA-A*32:01", "representation": "allele_embedding", "loss": "ranking"}
{"fold_index": 28, "n_folds": 77, "split": "leave_one_allele_out", "fold": "HLA-A*32:01", "representation": "blosum_pseudoseq", "loss": "mse", "seconds": 0.03395283408463001, "last_batch_loss": 3.445758581161499, "optimizer_steps": 20, "n_parameters": 57217}
{"fold_index": 28, "n_folds": 77, "split": "leave_one_allele_out", "fold": "HLA-A*32:01", "representation": "blosum_pseudoseq", "loss": "censored_hinge", "seconds": 0.05216058297082782, "last_batch_loss": 2.4615161418914795, "optimizer_steps": 20, "n_parameters": 57217}
{"fold_index": 28, "n_folds": 77, "split": "leave_one_allele_out", "fold": "HLA-A*32:01", "representation": "blosum_pseudoseq", "loss": "ranking", "seconds": 0.12001050007529557, "last_batch_loss": 0.65485680103302, "optimizer_steps": 20, "n_parameters": 57217}
{"fold_index": 29, "n_folds": 77, "split": "leave_one_allele_out", "fold": "HLA-A*32:07", "representation": "allele_mean", "loss": "reference"}
{"fold_index": 29, "n_folds": 77, "split": "leave_one_allele_out", "fold": "HLA-A*32:07", "representation": "pwm", "loss": "reference"}
{"fold_index": 29, "n_folds": 77, "split": "leave_one_allele_out", "fold": "HLA-A*32:07", "representation": "allele_embedding", "loss": "mse"}
{"fold_index": 29, "n_folds": 77, "split": "leave_one_allele_out", "fold": "HLA-A*32:07", "representation": "allele_embedding", "loss": "censored_hinge"}
{"fold_index": 29, "n_folds": 77, "split": "leave_one_allele_out", "fold": "HLA-A*32:07", "representation": "allele_embedding", "loss": "ranking"}
{"fold_index": 29, "n_folds": 77, "split": "leave_one_allele_out", "fold": "HLA-A*32:07", "representation": "blosum_pseudoseq", "loss": "mse", "seconds": 0.0357738749589771, "last_batch_loss": 3.4106838703155518, "optimizer_steps": 20, "n_parameters": 57217}
{"fold_index": 29, "n_folds": 77, "split": "leave_one_allele_out", "fold": "HLA-A*32:07", "representation": "blosum_pseudoseq", "loss": "censored_hinge", "seconds": 0.03338691592216492, "last_batch_loss": 2.4694223403930664, "optimizer_steps": 20, "n_parameters": 57217}
{"fold_index": 29, "n_folds": 77, "split": "leave_one_allele_out", "fold": "HLA-A*32:07", "representation": "blosum_pseudoseq", "loss": "ranking", "seconds": 0.11727924994193017, "last_batch_loss": 0.6448185443878174, "optimizer_steps": 20, "n_parameters": 57217}
{"fold_index": 30, "n_folds": 77, "split": "leave_one_allele_out", "fold": "HLA-A*33:03", "representation": "allele_mean", "loss": "reference"}
{"fold_index": 30, "n_folds": 77, "split": "leave_one_allele_out", "fold": "HLA-A*33:03", "representation": "pwm", "loss": "reference"}
{"fold_index": 30, "n_folds": 77, "split": "leave_one_allele_out", "fold": "HLA-A*33:03", "representation": "allele_embedding", "loss": "mse"}
{"fold_index": 30, "n_folds": 77, "split": "leave_one_allele_out", "fold": "HLA-A*33:03", "representation": "allele_embedding", "loss": "censored_hinge"}
{"fold_index": 30, "n_folds": 77, "split": "leave_one_allele_out", "fold": "HLA-A*33:03", "representation": "allele_embedding", "loss": "ranking"}
{"fold_index": 30, "n_folds": 77, "split": "leave_one_allele_out", "fold": "HLA-A*33:03", "representation": "blosum_pseudoseq", "loss": "mse", "seconds": 0.036064584041014314, "last_batch_loss": 3.2238082885742188, "optimizer_steps": 20, "n_parameters": 57217}
{"fold_index": 30, "n_folds": 77, "split": "leave_one_allele_out", "fold": "HLA-A*33:03", "representation": "blosum_pseudoseq", "loss": "censored_hinge", "seconds": 0.047723666997626424, "last_batch_loss": 2.2499799728393555, "optimizer_steps": 20, "n_parameters": 57217}
{"fold_index": 30, "n_folds": 77, "split": "leave_one_allele_out", "fold": "HLA-A*33:03", "representation": "blosum_pseudoseq", "loss": "ranking", "seconds": 0.12761162500828505, "last_batch_loss": 0.6288284063339233, "optimizer_steps": 20, "n_parameters": 57217}
{"fold_index": 31, "n_folds": 77, "split": "leave_one_allele_out", "fold": "HLA-A*43:01", "representation": "allele_mean", "loss": "reference"}
{"fold_index": 31, "n_folds": 77, "split": "leave_one_allele_out", "fold": "HLA-A*43:01", "representation": "pwm", "loss": "reference"}
{"fold_index": 31, "n_folds": 77, "split": "leave_one_allele_out", "fold": "HLA-A*43:01", "representation": "allele_embedding", "loss": "mse"}
{"fold_index": 31, "n_folds": 77, "split": "leave_one_allele_out", "fold": "HLA-A*43:01", "representation": "allele_embedding", "loss": "censored_hinge"}
{"fold_index": 31, "n_folds": 77, "split": "leave_one_allele_out", "fold": "HLA-A*43:01", "representation": "allele_embedding", "loss": "ranking"}
{"fold_index": 31, "n_folds": 77, "split": "leave_one_allele_out", "fold": "HLA-A*43:01", "representation": "blosum_pseudoseq", "loss": "mse", "seconds": 0.062313790898770094, "last_batch_loss": 3.4309310913085938, "optimizer_steps": 20, "n_parameters": 57217}
{"fold_index": 31, "n_folds": 77, "split": "leave_one_allele_out", "fold": "HLA-A*43:01", "representation": "blosum_pseudoseq", "loss": "censored_hinge", "seconds": 0.06384841608814895, "last_batch_loss": 2.4942219257354736, "optimizer_steps": 20, "n_parameters": 57217}
{"fold_index": 31, "n_folds": 77, "split": "leave_one_allele_out", "fold": "HLA-A*43:01", "representation": "blosum_pseudoseq", "loss": "ranking", "seconds": 0.11933283298276365, "last_batch_loss": 0.6435397863388062, "optimizer_steps": 20, "n_parameters": 57217}
{"fold_index": 32, "n_folds": 77, "split": "leave_one_allele_out", "fold": "HLA-A*66:01", "representation": "allele_mean", "loss": "reference"}
{"fold_index": 32, "n_folds": 77, "split": "leave_one_allele_out", "fold": "HLA-A*66:01", "representation": "pwm", "loss": "reference"}
{"fold_index": 32, "n_folds": 77, "split": "leave_one_allele_out", "fold": "HLA-A*66:01", "representation": "allele_embedding", "loss": "mse"}
{"fold_index": 32, "n_folds": 77, "split": "leave_one_allele_out", "fold": "HLA-A*66:01", "representation": "allele_embedding", "loss": "censored_hinge"}
{"fold_index": 32, "n_folds": 77, "split": "leave_one_allele_out", "fold": "HLA-A*66:01", "representation": "allele_embedding", "loss": "ranking"}
{"fold_index": 32, "n_folds": 77, "split": "leave_one_allele_out", "fold": "HLA-A*66:01", "representation": "blosum_pseudoseq", "loss": "mse", "seconds": 0.038494582986459136, "last_batch_loss": 3.3894050121307373, "optimizer_steps": 20, "n_parameters": 57217}
{"fold_index": 32, "n_folds": 77, "split": "leave_one_allele_out", "fold": "HLA-A*66:01", "representation": "blosum_pseudoseq", "loss": "censored_hinge", "seconds": 0.060307125095278025, "last_batch_loss": 2.5533394813537598, "optimizer_steps": 20, "n_parameters": 57217}
{"fold_index": 32, "n_folds": 77, "split": "leave_one_allele_out", "fold": "HLA-A*66:01", "representation": "blosum_pseudoseq", "loss": "ranking", "seconds": 0.11507279193028808, "last_batch_loss": 0.6340724229812622, "optimizer_steps": 20, "n_parameters": 57217}
{"fold_index": 33, "n_folds": 77, "split": "leave_one_allele_out", "fold": "HLA-A*68:01", "representation": "allele_mean", "loss": "reference"}
{"fold_index": 33, "n_folds": 77, "split": "leave_one_allele_out", "fold": "HLA-A*68:01", "representation": "pwm", "loss": "reference"}
{"fold_index": 33, "n_folds": 77, "split": "leave_one_allele_out", "fold": "HLA-A*68:01", "representation": "allele_embedding", "loss": "mse"}
{"fold_index": 33, "n_folds": 77, "split": "leave_one_allele_out", "fold": "HLA-A*68:01", "representation": "allele_embedding", "loss": "censored_hinge"}
{"fold_index": 33, "n_folds": 77, "split": "leave_one_allele_out", "fold": "HLA-A*68:01", "representation": "allele_embedding", "loss": "ranking"}
{"fold_index": 33, "n_folds": 77, "split": "leave_one_allele_out", "fold": "HLA-A*68:01", "representation": "blosum_pseudoseq", "loss": "mse", "seconds": 0.041480124928057194, "last_batch_loss": 3.3700010776519775, "optimizer_steps": 20, "n_parameters": 57217}
{"fold_index": 33, "n_folds": 77, "split": "leave_one_allele_out", "fold": "HLA-A*68:01", "representation": "blosum_pseudoseq", "loss": "censored_hinge", "seconds": 0.054561167024075985, "last_batch_loss": 2.378577947616577, "optimizer_steps": 20, "n_parameters": 57217}
{"fold_index": 33, "n_folds": 77, "split": "leave_one_allele_out", "fold": "HLA-A*68:01", "representation": "blosum_pseudoseq", "loss": "ranking", "seconds": 0.11264633294194937, "last_batch_loss": 0.6577469706535339, "optimizer_steps": 20, "n_parameters": 57217}
{"fold_index": 34, "n_folds": 77, "split": "leave_one_allele_out", "fold": "HLA-A*68:02", "representation": "allele_mean", "loss": "reference"}
{"fold_index": 34, "n_folds": 77, "split": "leave_one_allele_out", "fold": "HLA-A*68:02", "representation": "pwm", "loss": "reference"}
{"fold_index": 34, "n_folds": 77, "split": "leave_one_allele_out", "fold": "HLA-A*68:02", "representation": "allele_embedding", "loss": "mse"}
{"fold_index": 34, "n_folds": 77, "split": "leave_one_allele_out", "fold": "HLA-A*68:02", "representation": "allele_embedding", "loss": "censored_hinge"}
{"fold_index": 34, "n_folds": 77, "split": "leave_one_allele_out", "fold": "HLA-A*68:02", "representation": "allele_embedding", "loss": "ranking"}
{"fold_index": 34, "n_folds": 77, "split": "leave_one_allele_out", "fold": "HLA-A*68:02", "representation": "blosum_pseudoseq", "loss": "mse", "seconds": 0.040659209014847875, "last_batch_loss": 3.4010519981384277, "optimizer_steps": 20, "n_parameters": 57217}
{"fold_index": 34, "n_folds": 77, "split": "leave_one_allele_out", "fold": "HLA-A*68:02", "representation": "blosum_pseudoseq", "loss": "censored_hinge", "seconds": 0.04010220803320408, "last_batch_loss": 2.4346306324005127, "optimizer_steps": 20, "n_parameters": 57217}
{"fold_index": 34, "n_folds": 77, "split": "leave_one_allele_out", "fold": "HLA-A*68:02", "representation": "blosum_pseudoseq", "loss": "ranking", "seconds": 0.11255612503737211, "last_batch_loss": 0.6464053988456726, "optimizer_steps": 20, "n_parameters": 57217}
{"fold_index": 35, "n_folds": 77, "split": "leave_one_allele_out", "fold": "HLA-A*68:23", "representation": "allele_mean", "loss": "reference"}
{"fold_index": 35, "n_folds": 77, "split": "leave_one_allele_out", "fold": "HLA-A*68:23", "representation": "pwm", "loss": "reference"}
{"fold_index": 35, "n_folds": 77, "split": "leave_one_allele_out", "fold": "HLA-A*68:23", "representation": "allele_embedding", "loss": "mse"}
{"fold_index": 35, "n_folds": 77, "split": "leave_one_allele_out", "fold": "HLA-A*68:23", "representation": "allele_embedding", "loss": "censored_hinge"}
{"fold_index": 35, "n_folds": 77, "split": "leave_one_allele_out", "fold": "HLA-A*68:23", "representation": "allele_embedding", "loss": "ranking"}
{"fold_index": 35, "n_folds": 77, "split": "leave_one_allele_out", "fold": "HLA-A*68:23", "representation": "blosum_pseudoseq", "loss": "mse", "seconds": 0.03878941689617932, "last_batch_loss": 3.3440101146698, "optimizer_steps": 20, "n_parameters": 57217}
{"fold_index": 35, "n_folds": 77, "split": "leave_one_allele_out", "fold": "HLA-A*68:23", "representation": "blosum_pseudoseq", "loss": "censored_hinge", "seconds": 0.03875404084101319, "last_batch_loss": 2.4627766609191895, "optimizer_steps": 20, "n_parameters": 57217}
{"fold_index": 35, "n_folds": 77, "split": "leave_one_allele_out", "fold": "HLA-A*68:23", "representation": "blosum_pseudoseq", "loss": "ranking", "seconds": 0.11904312507249415, "last_batch_loss": 0.6379349827766418, "optimizer_steps": 20, "n_parameters": 57217}
{"fold_index": 36, "n_folds": 77, "split": "leave_one_allele_out", "fold": "HLA-A*69:01", "representation": "allele_mean", "loss": "reference"}
{"fold_index": 36, "n_folds": 77, "split": "leave_one_allele_out", "fold": "HLA-A*69:01", "representation": "pwm", "loss": "reference"}
{"fold_index": 36, "n_folds": 77, "split": "leave_one_allele_out", "fold": "HLA-A*69:01", "representation": "allele_embedding", "loss": "mse"}
{"fold_index": 36, "n_folds": 77, "split": "leave_one_allele_out", "fold": "HLA-A*69:01", "representation": "allele_embedding", "loss": "censored_hinge"}
{"fold_index": 36, "n_folds": 77, "split": "leave_one_allele_out", "fold": "HLA-A*69:01", "representation": "allele_embedding", "loss": "ranking"}
{"fold_index": 36, "n_folds": 77, "split": "leave_one_allele_out", "fold": "HLA-A*69:01", "representation": "blosum_pseudoseq", "loss": "mse", "seconds": 0.041527000023052096, "last_batch_loss": 3.366692066192627, "optimizer_steps": 20, "n_parameters": 57217}
{"fold_index": 36, "n_folds": 77, "split": "leave_one_allele_out", "fold": "HLA-A*69:01", "representation": "blosum_pseudoseq", "loss": "censored_hinge", "seconds": 0.03957320796325803, "last_batch_loss": 2.413464069366455, "optimizer_steps": 20, "n_parameters": 57217}
{"fold_index": 36, "n_folds": 77, "split": "leave_one_allele_out", "fold": "HLA-A*69:01", "representation": "blosum_pseudoseq", "loss": "ranking", "seconds": 0.11259900010190904, "last_batch_loss": 0.6462819576263428, "optimizer_steps": 20, "n_parameters": 57217}
{"fold_index": 37, "n_folds": 77, "split": "leave_one_allele_out", "fold": "HLA-A*74:01", "representation": "allele_mean", "loss": "reference"}
{"fold_index": 37, "n_folds": 77, "split": "leave_one_allele_out", "fold": "HLA-A*74:01", "representation": "pwm", "loss": "reference"}
{"fold_index": 37, "n_folds": 77, "split": "leave_one_allele_out", "fold": "HLA-A*74:01", "representation": "allele_embedding", "loss": "mse"}
{"fold_index": 37, "n_folds": 77, "split": "leave_one_allele_out", "fold": "HLA-A*74:01", "representation": "allele_embedding", "loss": "censored_hinge"}
{"fold_index": 37, "n_folds": 77, "split": "leave_one_allele_out", "fold": "HLA-A*74:01", "representation": "allele_embedding", "loss": "ranking"}
{"fold_index": 37, "n_folds": 77, "split": "leave_one_allele_out", "fold": "HLA-A*74:01", "representation": "blosum_pseudoseq", "loss": "mse", "seconds": 0.042901374865323305, "last_batch_loss": 3.3029260635375977, "optimizer_steps": 20, "n_parameters": 57217}
{"fold_index": 37, "n_folds": 77, "split": "leave_one_allele_out", "fold": "HLA-A*74:01", "representation": "blosum_pseudoseq", "loss": "censored_hinge", "seconds": 0.04083974985405803, "last_batch_loss": 2.383970022201538, "optimizer_steps": 20, "n_parameters": 57217}
{"fold_index": 37, "n_folds": 77, "split": "leave_one_allele_out", "fold": "HLA-A*74:01", "representation": "blosum_pseudoseq", "loss": "ranking", "seconds": 0.12765416712500155, "last_batch_loss": 0.6475143432617188, "optimizer_steps": 20, "n_parameters": 57217}
{"fold_index": 38, "n_folds": 77, "split": "leave_one_allele_out", "fold": "HLA-A*80:01", "representation": "allele_mean", "loss": "reference"}
{"fold_index": 38, "n_folds": 77, "split": "leave_one_allele_out", "fold": "HLA-A*80:01", "representation": "pwm", "loss": "reference"}
{"fold_index": 38, "n_folds": 77, "split": "leave_one_allele_out", "fold": "HLA-A*80:01", "representation": "allele_embedding", "loss": "mse"}
{"fold_index": 38, "n_folds": 77, "split": "leave_one_allele_out", "fold": "HLA-A*80:01", "representation": "allele_embedding", "loss": "censored_hinge"}
{"fold_index": 38, "n_folds": 77, "split": "leave_one_allele_out", "fold": "HLA-A*80:01", "representation": "allele_embedding", "loss": "ranking"}
{"fold_index": 38, "n_folds": 77, "split": "leave_one_allele_out", "fold": "HLA-A*80:01", "representation": "blosum_pseudoseq", "loss": "mse", "seconds": 0.038553417194634676, "last_batch_loss": 3.3867602348327637, "optimizer_steps": 20, "n_parameters": 57217}
{"fold_index": 38, "n_folds": 77, "split": "leave_one_allele_out", "fold": "HLA-A*80:01", "representation": "blosum_pseudoseq", "loss": "censored_hinge", "seconds": 0.05322212493047118, "last_batch_loss": 2.6061439514160156, "optimizer_steps": 20, "n_parameters": 57217}
{"fold_index": 38, "n_folds": 77, "split": "leave_one_allele_out", "fold": "HLA-A*80:01", "representation": "blosum_pseudoseq", "loss": "ranking", "seconds": 0.11248762486502528, "last_batch_loss": 0.6491867899894714, "optimizer_steps": 20, "n_parameters": 57217}
{"fold_index": 39, "n_folds": 77, "split": "leave_one_allele_out", "fold": "HLA-B*07:02", "representation": "allele_mean", "loss": "reference"}
{"fold_index": 39, "n_folds": 77, "split": "leave_one_allele_out", "fold": "HLA-B*07:02", "representation": "pwm", "loss": "reference"}
{"fold_index": 39, "n_folds": 77, "split": "leave_one_allele_out", "fold": "HLA-B*07:02", "representation": "allele_embedding", "loss": "mse"}
{"fold_index": 39, "n_folds": 77, "split": "leave_one_allele_out", "fold": "HLA-B*07:02", "representation": "allele_embedding", "loss": "censored_hinge"}
{"fold_index": 39, "n_folds": 77, "split": "leave_one_allele_out", "fold": "HLA-B*07:02", "representation": "allele_embedding", "loss": "ranking"}
{"fold_index": 39, "n_folds": 77, "split": "leave_one_allele_out", "fold": "HLA-B*07:02", "representation": "blosum_pseudoseq", "loss": "mse", "seconds": 0.04187345807440579, "last_batch_loss": 3.362510919570923, "optimizer_steps": 20, "n_parameters": 57217}
{"fold_index": 39, "n_folds": 77, "split": "leave_one_allele_out", "fold": "HLA-B*07:02", "representation": "blosum_pseudoseq", "loss": "censored_hinge", "seconds": 0.04157100012525916, "last_batch_loss": 2.4907162189483643, "optimizer_steps": 20, "n_parameters": 57217}
{"fold_index": 39, "n_folds": 77, "split": "leave_one_allele_out", "fold": "HLA-B*07:02", "representation": "blosum_pseudoseq", "loss": "ranking", "seconds": 0.11880479101091623, "last_batch_loss": 0.6360698342323303, "optimizer_steps": 20, "n_parameters": 57217}
{"fold_index": 40, "n_folds": 77, "split": "leave_one_allele_out", "fold": "HLA-B*08:01", "representation": "allele_mean", "loss": "reference"}
{"fold_index": 40, "n_folds": 77, "split": "leave_one_allele_out", "fold": "HLA-B*08:01", "representation": "pwm", "loss": "reference"}
{"fold_index": 40, "n_folds": 77, "split": "leave_one_allele_out", "fold": "HLA-B*08:01", "representation": "allele_embedding", "loss": "mse"}
{"fold_index": 40, "n_folds": 77, "split": "leave_one_allele_out", "fold": "HLA-B*08:01", "representation": "allele_embedding", "loss": "censored_hinge"}
{"fold_index": 40, "n_folds": 77, "split": "leave_one_allele_out", "fold": "HLA-B*08:01", "representation": "allele_embedding", "loss": "ranking"}
{"fold_index": 40, "n_folds": 77, "split": "leave_one_allele_out", "fold": "HLA-B*08:01", "representation": "blosum_pseudoseq", "loss": "mse", "seconds": 0.03881929093040526, "last_batch_loss": 3.4423234462738037, "optimizer_steps": 20, "n_parameters": 57217}
{"fold_index": 40, "n_folds": 77, "split": "leave_one_allele_out", "fold": "HLA-B*08:01", "representation": "blosum_pseudoseq", "loss": "censored_hinge", "seconds": 0.03848587488755584, "last_batch_loss": 2.4121780395507812, "optimizer_steps": 20, "n_parameters": 57217}
{"fold_index": 40, "n_folds": 77, "split": "leave_one_allele_out", "fold": "HLA-B*08:01", "representation": "blosum_pseudoseq", "loss": "ranking", "seconds": 0.11711970786564052, "last_batch_loss": 0.6473507881164551, "optimizer_steps": 20, "n_parameters": 57217}
{"fold_index": 41, "n_folds": 77, "split": "leave_one_allele_out", "fold": "HLA-B*08:03", "representation": "allele_mean", "loss": "reference"}
{"fold_index": 41, "n_folds": 77, "split": "leave_one_allele_out", "fold": "HLA-B*08:03", "representation": "pwm", "loss": "reference"}
{"fold_index": 41, "n_folds": 77, "split": "leave_one_allele_out", "fold": "HLA-B*08:03", "representation": "allele_embedding", "loss": "mse"}
{"fold_index": 41, "n_folds": 77, "split": "leave_one_allele_out", "fold": "HLA-B*08:03", "representation": "allele_embedding", "loss": "censored_hinge"}
{"fold_index": 41, "n_folds": 77, "split": "leave_one_allele_out", "fold": "HLA-B*08:03", "representation": "allele_embedding", "loss": "ranking"}
{"fold_index": 41, "n_folds": 77, "split": "leave_one_allele_out", "fold": "HLA-B*08:03", "representation": "blosum_pseudoseq", "loss": "mse", "seconds": 0.03885545791126788, "last_batch_loss": 3.5083420276641846, "optimizer_steps": 20, "n_parameters": 57217}
{"fold_index": 41, "n_folds": 77, "split": "leave_one_allele_out", "fold": "HLA-B*08:03", "representation": "blosum_pseudoseq", "loss": "censored_hinge", "seconds": 0.03909224993549287, "last_batch_loss": 2.638235092163086, "optimizer_steps": 20, "n_parameters": 57217}
{"fold_index": 41, "n_folds": 77, "split": "leave_one_allele_out", "fold": "HLA-B*08:03", "representation": "blosum_pseudoseq", "loss": "ranking", "seconds": 0.12189129111357033, "last_batch_loss": 0.6549271941184998, "optimizer_steps": 20, "n_parameters": 57217}
{"fold_index": 42, "n_folds": 77, "split": "leave_one_allele_out", "fold": "HLA-B*13:02", "representation": "allele_mean", "loss": "reference"}
{"fold_index": 42, "n_folds": 77, "split": "leave_one_allele_out", "fold": "HLA-B*13:02", "representation": "pwm", "loss": "reference"}
{"fold_index": 42, "n_folds": 77, "split": "leave_one_allele_out", "fold": "HLA-B*13:02", "representation": "allele_embedding", "loss": "mse"}
{"fold_index": 42, "n_folds": 77, "split": "leave_one_allele_out", "fold": "HLA-B*13:02", "representation": "allele_embedding", "loss": "censored_hinge"}
{"fold_index": 42, "n_folds": 77, "split": "leave_one_allele_out", "fold": "HLA-B*13:02", "representation": "allele_embedding", "loss": "ranking"}
{"fold_index": 42, "n_folds": 77, "split": "leave_one_allele_out", "fold": "HLA-B*13:02", "representation": "blosum_pseudoseq", "loss": "mse", "seconds": 0.04053879203274846, "last_batch_loss": 3.4566094875335693, "optimizer_steps": 20, "n_parameters": 57217}
{"fold_index": 42, "n_folds": 77, "split": "leave_one_allele_out", "fold": "HLA-B*13:02", "representation": "blosum_pseudoseq", "loss": "censored_hinge", "seconds": 0.05687962519004941, "last_batch_loss": 2.580742835998535, "optimizer_steps": 20, "n_parameters": 57217}
{"fold_index": 42, "n_folds": 77, "split": "leave_one_allele_out", "fold": "HLA-B*13:02", "representation": "blosum_pseudoseq", "loss": "ranking", "seconds": 0.11285174987278879, "last_batch_loss": 0.647967517375946, "optimizer_steps": 20, "n_parameters": 57217}
{"fold_index": 43, "n_folds": 77, "split": "leave_one_allele_out", "fold": "HLA-B*14:01(C67S)", "representation": "allele_mean", "loss": "reference"}
{"fold_index": 43, "n_folds": 77, "split": "leave_one_allele_out", "fold": "HLA-B*14:01(C67S)", "representation": "pwm", "loss": "reference"}
{"fold_index": 43, "n_folds": 77, "split": "leave_one_allele_out", "fold": "HLA-B*14:01(C67S)", "representation": "allele_embedding", "loss": "mse"}
{"fold_index": 43, "n_folds": 77, "split": "leave_one_allele_out", "fold": "HLA-B*14:01(C67S)", "representation": "allele_embedding", "loss": "censored_hinge"}
{"fold_index": 43, "n_folds": 77, "split": "leave_one_allele_out", "fold": "HLA-B*14:01(C67S)", "representation": "allele_embedding", "loss": "ranking"}
{"fold_index": 43, "n_folds": 77, "split": "leave_one_allele_out", "fold": "HLA-B*14:01(C67S)", "representation": "blosum_pseudoseq", "loss": "mse", "seconds": 0.04080816707573831, "last_batch_loss": 3.2896957397460938, "optimizer_steps": 20, "n_parameters": 57217}
{"fold_index": 43, "n_folds": 77, "split": "leave_one_allele_out", "fold": "HLA-B*14:01(C67S)", "representation": "blosum_pseudoseq", "loss": "censored_hinge", "seconds": 0.03791083302348852, "last_batch_loss": 2.370105028152466, "optimizer_steps": 20, "n_parameters": 57217}
{"fold_index": 43, "n_folds": 77, "split": "leave_one_allele_out", "fold": "HLA-B*14:01(C67S)", "representation": "blosum_pseudoseq", "loss": "ranking", "seconds": 0.11525645898655057, "last_batch_loss": 0.6429561972618103, "optimizer_steps": 20, "n_parameters": 57217}
{"fold_index": 44, "n_folds": 77, "split": "leave_one_allele_out", "fold": "HLA-B*14:02(C67S)", "representation": "allele_mean", "loss": "reference"}
{"fold_index": 44, "n_folds": 77, "split": "leave_one_allele_out", "fold": "HLA-B*14:02(C67S)", "representation": "pwm", "loss": "reference"}
{"fold_index": 44, "n_folds": 77, "split": "leave_one_allele_out", "fold": "HLA-B*14:02(C67S)", "representation": "allele_embedding", "loss": "mse"}
{"fold_index": 44, "n_folds": 77, "split": "leave_one_allele_out", "fold": "HLA-B*14:02(C67S)", "representation": "allele_embedding", "loss": "censored_hinge"}
{"fold_index": 44, "n_folds": 77, "split": "leave_one_allele_out", "fold": "HLA-B*14:02(C67S)", "representation": "allele_embedding", "loss": "ranking"}
{"fold_index": 44, "n_folds": 77, "split": "leave_one_allele_out", "fold": "HLA-B*14:02(C67S)", "representation": "blosum_pseudoseq", "loss": "mse", "seconds": 0.04017737484537065, "last_batch_loss": 3.3523619174957275, "optimizer_steps": 20, "n_parameters": 57217}
{"fold_index": 44, "n_folds": 77, "split": "leave_one_allele_out", "fold": "HLA-B*14:02(C67S)", "representation": "blosum_pseudoseq", "loss": "censored_hinge", "seconds": 0.05657729203812778, "last_batch_loss": 2.429258346557617, "optimizer_steps": 20, "n_parameters": 57217}
{"fold_index": 44, "n_folds": 77, "split": "leave_one_allele_out", "fold": "HLA-B*14:02(C67S)", "representation": "blosum_pseudoseq", "loss": "ranking", "seconds": 0.1220444580540061, "last_batch_loss": 0.6419447064399719, "optimizer_steps": 20, "n_parameters": 57217}
{"fold_index": 45, "n_folds": 77, "split": "leave_one_allele_out", "fold": "HLA-B*15:01", "representation": "allele_mean", "loss": "reference"}
{"fold_index": 45, "n_folds": 77, "split": "leave_one_allele_out", "fold": "HLA-B*15:01", "representation": "pwm", "loss": "reference"}
{"fold_index": 45, "n_folds": 77, "split": "leave_one_allele_out", "fold": "HLA-B*15:01", "representation": "allele_embedding", "loss": "mse"}
{"fold_index": 45, "n_folds": 77, "split": "leave_one_allele_out", "fold": "HLA-B*15:01", "representation": "allele_embedding", "loss": "censored_hinge"}
{"fold_index": 45, "n_folds": 77, "split": "leave_one_allele_out", "fold": "HLA-B*15:01", "representation": "allele_embedding", "loss": "ranking"}
{"fold_index": 45, "n_folds": 77, "split": "leave_one_allele_out", "fold": "HLA-B*15:01", "representation": "blosum_pseudoseq", "loss": "mse", "seconds": 0.03713387483730912, "last_batch_loss": 3.446659564971924, "optimizer_steps": 20, "n_parameters": 57217}
{"fold_index": 45, "n_folds": 77, "split": "leave_one_allele_out", "fold": "HLA-B*15:01", "representation": "blosum_pseudoseq", "loss": "censored_hinge", "seconds": 0.051888458197936416, "last_batch_loss": 2.620828151702881, "optimizer_steps": 20, "n_parameters": 57217}
{"fold_index": 45, "n_folds": 77, "split": "leave_one_allele_out", "fold": "HLA-B*15:01", "representation": "blosum_pseudoseq", "loss": "ranking", "seconds": 0.11721758311614394, "last_batch_loss": 0.6421122550964355, "optimizer_steps": 20, "n_parameters": 57217}
{"fold_index": 46, "n_folds": 77, "split": "leave_one_allele_out", "fold": "HLA-B*15:02", "representation": "allele_mean", "loss": "reference"}
{"fold_index": 46, "n_folds": 77, "split": "leave_one_allele_out", "fold": "HLA-B*15:02", "representation": "pwm", "loss": "reference"}
{"fold_index": 46, "n_folds": 77, "split": "leave_one_allele_out", "fold": "HLA-B*15:02", "representation": "allele_embedding", "loss": "mse"}
{"fold_index": 46, "n_folds": 77, "split": "leave_one_allele_out", "fold": "HLA-B*15:02", "representation": "allele_embedding", "loss": "censored_hinge"}
{"fold_index": 46, "n_folds": 77, "split": "leave_one_allele_out", "fold": "HLA-B*15:02", "representation": "allele_embedding", "loss": "ranking"}
{"fold_index": 46, "n_folds": 77, "split": "leave_one_allele_out", "fold": "HLA-B*15:02", "representation": "blosum_pseudoseq", "loss": "mse", "seconds": 0.037511416943743825, "last_batch_loss": 3.4659535884857178, "optimizer_steps": 20, "n_parameters": 57217}
{"fold_index": 46, "n_folds": 77, "split": "leave_one_allele_out", "fold": "HLA-B*15:02", "representation": "blosum_pseudoseq", "loss": "censored_hinge", "seconds": 0.05670791701413691, "last_batch_loss": 2.5765790939331055, "optimizer_steps": 20, "n_parameters": 57217}
{"fold_index": 46, "n_folds": 77, "split": "leave_one_allele_out", "fold": "HLA-B*15:02", "representation": "blosum_pseudoseq", "loss": "ranking", "seconds": 0.11439245799556375, "last_batch_loss": 0.6465869545936584, "optimizer_steps": 20, "n_parameters": 57217}
{"fold_index": 47, "n_folds": 77, "split": "leave_one_allele_out", "fold": "HLA-B*15:10", "representation": "allele_mean", "loss": "reference"}
{"fold_index": 47, "n_folds": 77, "split": "leave_one_allele_out", "fold": "HLA-B*15:10", "representation": "pwm", "loss": "reference"}
{"fold_index": 47, "n_folds": 77, "split": "leave_one_allele_out", "fold": "HLA-B*15:10", "representation": "allele_embedding", "loss": "mse"}
{"fold_index": 47, "n_folds": 77, "split": "leave_one_allele_out", "fold": "HLA-B*15:10", "representation": "allele_embedding", "loss": "censored_hinge"}
{"fold_index": 47, "n_folds": 77, "split": "leave_one_allele_out", "fold": "HLA-B*15:10", "representation": "allele_embedding", "loss": "ranking"}
{"fold_index": 47, "n_folds": 77, "split": "leave_one_allele_out", "fold": "HLA-B*15:10", "representation": "blosum_pseudoseq", "loss": "mse", "seconds": 0.040119958110153675, "last_batch_loss": 3.3859336376190186, "optimizer_steps": 20, "n_parameters": 57217}
{"fold_index": 47, "n_folds": 77, "split": "leave_one_allele_out", "fold": "HLA-B*15:10", "representation": "blosum_pseudoseq", "loss": "censored_hinge", "seconds": 0.058363083051517606, "last_batch_loss": 2.504941701889038, "optimizer_steps": 20, "n_parameters": 57217}
{"fold_index": 47, "n_folds": 77, "split": "leave_one_allele_out", "fold": "HLA-B*15:10", "representation": "blosum_pseudoseq", "loss": "ranking", "seconds": 0.11945220781490207, "last_batch_loss": 0.6391721963882446, "optimizer_steps": 20, "n_parameters": 57217}
{"fold_index": 48, "n_folds": 77, "split": "leave_one_allele_out", "fold": "HLA-B*15:17", "representation": "allele_mean", "loss": "reference"}
{"fold_index": 48, "n_folds": 77, "split": "leave_one_allele_out", "fold": "HLA-B*15:17", "representation": "pwm", "loss": "reference"}
{"fold_index": 48, "n_folds": 77, "split": "leave_one_allele_out", "fold": "HLA-B*15:17", "representation": "allele_embedding", "loss": "mse"}
{"fold_index": 48, "n_folds": 77, "split": "leave_one_allele_out", "fold": "HLA-B*15:17", "representation": "allele_embedding", "loss": "censored_hinge"}
{"fold_index": 48, "n_folds": 77, "split": "leave_one_allele_out", "fold": "HLA-B*15:17", "representation": "allele_embedding", "loss": "ranking"}
{"fold_index": 48, "n_folds": 77, "split": "leave_one_allele_out", "fold": "HLA-B*15:17", "representation": "blosum_pseudoseq", "loss": "mse", "seconds": 0.03794741700403392, "last_batch_loss": 3.4634106159210205, "optimizer_steps": 20, "n_parameters": 57217}
{"fold_index": 48, "n_folds": 77, "split": "leave_one_allele_out", "fold": "HLA-B*15:17", "representation": "blosum_pseudoseq", "loss": "censored_hinge", "seconds": 0.039370707934722304, "last_batch_loss": 2.660468339920044, "optimizer_steps": 20, "n_parameters": 57217}
{"fold_index": 48, "n_folds": 77, "split": "leave_one_allele_out", "fold": "HLA-B*15:17", "representation": "blosum_pseudoseq", "loss": "ranking", "seconds": 0.11539300018921494, "last_batch_loss": 0.6485733389854431, "optimizer_steps": 20, "n_parameters": 57217}
{"fold_index": 49, "n_folds": 77, "split": "leave_one_allele_out", "fold": "HLA-B*18:01", "representation": "allele_mean", "loss": "reference"}
{"fold_index": 49, "n_folds": 77, "split": "leave_one_allele_out", "fold": "HLA-B*18:01", "representation": "pwm", "loss": "reference"}
{"fold_index": 49, "n_folds": 77, "split": "leave_one_allele_out", "fold": "HLA-B*18:01", "representation": "allele_embedding", "loss": "mse"}
{"fold_index": 49, "n_folds": 77, "split": "leave_one_allele_out", "fold": "HLA-B*18:01", "representation": "allele_embedding", "loss": "censored_hinge"}
{"fold_index": 49, "n_folds": 77, "split": "leave_one_allele_out", "fold": "HLA-B*18:01", "representation": "allele_embedding", "loss": "ranking"}
{"fold_index": 49, "n_folds": 77, "split": "leave_one_allele_out", "fold": "HLA-B*18:01", "representation": "blosum_pseudoseq", "loss": "mse", "seconds": 0.041743458015844226, "last_batch_loss": 3.506319522857666, "optimizer_steps": 20, "n_parameters": 57217}
{"fold_index": 49, "n_folds": 77, "split": "leave_one_allele_out", "fold": "HLA-B*18:01", "representation": "blosum_pseudoseq", "loss": "censored_hinge", "seconds": 0.05434100003913045, "last_batch_loss": 2.6397855281829834, "optimizer_steps": 20, "n_parameters": 57217}
{"fold_index": 49, "n_folds": 77, "split": "leave_one_allele_out", "fold": "HLA-B*18:01", "representation": "blosum_pseudoseq", "loss": "ranking", "seconds": 0.1142951671499759, "last_batch_loss": 0.6429246664047241, "optimizer_steps": 20, "n_parameters": 57217}
{"fold_index": 50, "n_folds": 77, "split": "leave_one_allele_out", "fold": "HLA-B*27:02", "representation": "allele_mean", "loss": "reference"}
{"fold_index": 50, "n_folds": 77, "split": "leave_one_allele_out", "fold": "HLA-B*27:02", "representation": "pwm", "loss": "reference"}
{"fold_index": 50, "n_folds": 77, "split": "leave_one_allele_out", "fold": "HLA-B*27:02", "representation": "allele_embedding", "loss": "mse"}
{"fold_index": 50, "n_folds": 77, "split": "leave_one_allele_out", "fold": "HLA-B*27:02", "representation": "allele_embedding", "loss": "censored_hinge"}
{"fold_index": 50, "n_folds": 77, "split": "leave_one_allele_out", "fold": "HLA-B*27:02", "representation": "allele_embedding", "loss": "ranking"}
{"fold_index": 50, "n_folds": 77, "split": "leave_one_allele_out", "fold": "HLA-B*27:02", "representation": "blosum_pseudoseq", "loss": "mse", "seconds": 0.03782404190860689, "last_batch_loss": 3.2969634532928467, "optimizer_steps": 20, "n_parameters": 57217}
{"fold_index": 50, "n_folds": 77, "split": "leave_one_allele_out", "fold": "HLA-B*27:02", "representation": "blosum_pseudoseq", "loss": "censored_hinge", "seconds": 0.05281749996356666, "last_batch_loss": 2.383143663406372, "optimizer_steps": 20, "n_parameters": 57217}
{"fold_index": 50, "n_folds": 77, "split": "leave_one_allele_out", "fold": "HLA-B*27:02", "representation": "blosum_pseudoseq", "loss": "ranking", "seconds": 0.11944387503899634, "last_batch_loss": 0.6425217390060425, "optimizer_steps": 20, "n_parameters": 57217}
{"fold_index": 51, "n_folds": 77, "split": "leave_one_allele_out", "fold": "HLA-B*27:03", "representation": "allele_mean", "loss": "reference"}
{"fold_index": 51, "n_folds": 77, "split": "leave_one_allele_out", "fold": "HLA-B*27:03", "representation": "pwm", "loss": "reference"}
{"fold_index": 51, "n_folds": 77, "split": "leave_one_allele_out", "fold": "HLA-B*27:03", "representation": "allele_embedding", "loss": "mse"}
{"fold_index": 51, "n_folds": 77, "split": "leave_one_allele_out", "fold": "HLA-B*27:03", "representation": "allele_embedding", "loss": "censored_hinge"}
{"fold_index": 51, "n_folds": 77, "split": "leave_one_allele_out", "fold": "HLA-B*27:03", "representation": "allele_embedding", "loss": "ranking"}
{"fold_index": 51, "n_folds": 77, "split": "leave_one_allele_out", "fold": "HLA-B*27:03", "representation": "blosum_pseudoseq", "loss": "mse", "seconds": 0.03902629087679088, "last_batch_loss": 3.392425298690796, "optimizer_steps": 20, "n_parameters": 57217}
{"fold_index": 51, "n_folds": 77, "split": "leave_one_allele_out", "fold": "HLA-B*27:03", "representation": "blosum_pseudoseq", "loss": "censored_hinge", "seconds": 0.03708354104310274, "last_batch_loss": 2.413846969604492, "optimizer_steps": 20, "n_parameters": 57217}
{"fold_index": 51, "n_folds": 77, "split": "leave_one_allele_out", "fold": "HLA-B*27:03", "representation": "blosum_pseudoseq", "loss": "ranking", "seconds": 0.11968529201112688, "last_batch_loss": 0.6468868255615234, "optimizer_steps": 20, "n_parameters": 57217}
{"fold_index": 52, "n_folds": 77, "split": "leave_one_allele_out", "fold": "HLA-B*27:05", "representation": "allele_mean", "loss": "reference"}
{"fold_index": 52, "n_folds": 77, "split": "leave_one_allele_out", "fold": "HLA-B*27:05", "representation": "pwm", "loss": "reference"}
{"fold_index": 52, "n_folds": 77, "split": "leave_one_allele_out", "fold": "HLA-B*27:05", "representation": "allele_embedding", "loss": "mse"}
{"fold_index": 52, "n_folds": 77, "split": "leave_one_allele_out", "fold": "HLA-B*27:05", "representation": "allele_embedding", "loss": "censored_hinge"}
{"fold_index": 52, "n_folds": 77, "split": "leave_one_allele_out", "fold": "HLA-B*27:05", "representation": "allele_embedding", "loss": "ranking"}
{"fold_index": 52, "n_folds": 77, "split": "leave_one_allele_out", "fold": "HLA-B*27:05", "representation": "blosum_pseudoseq", "loss": "mse", "seconds": 0.039291624911129475, "last_batch_loss": 3.281749725341797, "optimizer_steps": 20, "n_parameters": 57217}
{"fold_index": 52, "n_folds": 77, "split": "leave_one_allele_out", "fold": "HLA-B*27:05", "representation": "blosum_pseudoseq", "loss": "censored_hinge", "seconds": 0.03922087512910366, "last_batch_loss": 2.3392953872680664, "optimizer_steps": 20, "n_parameters": 57217}
{"fold_index": 52, "n_folds": 77, "split": "leave_one_allele_out", "fold": "HLA-B*27:05", "representation": "blosum_pseudoseq", "loss": "ranking", "seconds": 0.13881258317269385, "last_batch_loss": 0.6386038064956665, "optimizer_steps": 20, "n_parameters": 57217}
{"fold_index": 53, "n_folds": 77, "split": "leave_one_allele_out", "fold": "HLA-B*27:20", "representation": "allele_mean", "loss": "reference"}
{"fold_index": 53, "n_folds": 77, "split": "leave_one_allele_out", "fold": "HLA-B*27:20", "representation": "pwm", "loss": "reference"}
{"fold_index": 53, "n_folds": 77, "split": "leave_one_allele_out", "fold": "HLA-B*27:20", "representation": "allele_embedding", "loss": "mse"}
{"fold_index": 53, "n_folds": 77, "split": "leave_one_allele_out", "fold": "HLA-B*27:20", "representation": "allele_embedding", "loss": "censored_hinge"}
{"fold_index": 53, "n_folds": 77, "split": "leave_one_allele_out", "fold": "HLA-B*27:20", "representation": "allele_embedding", "loss": "ranking"}
{"fold_index": 53, "n_folds": 77, "split": "leave_one_allele_out", "fold": "HLA-B*27:20", "representation": "blosum_pseudoseq", "loss": "mse", "seconds": 0.03976708301343024, "last_batch_loss": 3.4867184162139893, "optimizer_steps": 20, "n_parameters": 57217}
{"fold_index": 53, "n_folds": 77, "split": "leave_one_allele_out", "fold": "HLA-B*27:20", "representation": "blosum_pseudoseq", "loss": "censored_hinge", "seconds": 0.04066237504594028, "last_batch_loss": 2.494542360305786, "optimizer_steps": 20, "n_parameters": 57217}
{"fold_index": 53, "n_folds": 77, "split": "leave_one_allele_out", "fold": "HLA-B*27:20", "representation": "blosum_pseudoseq", "loss": "ranking", "seconds": 0.1210894170217216, "last_batch_loss": 0.6415567994117737, "optimizer_steps": 20, "n_parameters": 57217}
{"fold_index": 54, "n_folds": 77, "split": "leave_one_allele_out", "fold": "HLA-B*35:01", "representation": "allele_mean", "loss": "reference"}
{"fold_index": 54, "n_folds": 77, "split": "leave_one_allele_out", "fold": "HLA-B*35:01", "representation": "pwm", "loss": "reference"}
{"fold_index": 54, "n_folds": 77, "split": "leave_one_allele_out", "fold": "HLA-B*35:01", "representation": "allele_embedding", "loss": "mse"}
{"fold_index": 54, "n_folds": 77, "split": "leave_one_allele_out", "fold": "HLA-B*35:01", "representation": "allele_embedding", "loss": "censored_hinge"}
{"fold_index": 54, "n_folds": 77, "split": "leave_one_allele_out", "fold": "HLA-B*35:01", "representation": "allele_embedding", "loss": "ranking"}
{"fold_index": 54, "n_folds": 77, "split": "leave_one_allele_out", "fold": "HLA-B*35:01", "representation": "blosum_pseudoseq", "loss": "mse", "seconds": 0.039316833950579166, "last_batch_loss": 3.3673465251922607, "optimizer_steps": 20, "n_parameters": 57217}
{"fold_index": 54, "n_folds": 77, "split": "leave_one_allele_out", "fold": "HLA-B*35:01", "representation": "blosum_pseudoseq", "loss": "censored_hinge", "seconds": 0.058344332966953516, "last_batch_loss": 2.396674156188965, "optimizer_steps": 20, "n_parameters": 57217}
{"fold_index": 54, "n_folds": 77, "split": "leave_one_allele_out", "fold": "HLA-B*35:01", "representation": "blosum_pseudoseq", "loss": "ranking", "seconds": 0.11520937504246831, "last_batch_loss": 0.6463902592658997, "optimizer_steps": 20, "n_parameters": 57217}
{"fold_index": 55, "n_folds": 77, "split": "leave_one_allele_out", "fold": "HLA-B*35:03", "representation": "allele_mean", "loss": "reference"}
{"fold_index": 55, "n_folds": 77, "split": "leave_one_allele_out", "fold": "HLA-B*35:03", "representation": "pwm", "loss": "reference"}
{"fold_index": 55, "n_folds": 77, "split": "leave_one_allele_out", "fold": "HLA-B*35:03", "representation": "allele_embedding", "loss": "mse"}
{"fold_index": 55, "n_folds": 77, "split": "leave_one_allele_out", "fold": "HLA-B*35:03", "representation": "allele_embedding", "loss": "censored_hinge"}
{"fold_index": 55, "n_folds": 77, "split": "leave_one_allele_out", "fold": "HLA-B*35:03", "representation": "allele_embedding", "loss": "ranking"}
{"fold_index": 55, "n_folds": 77, "split": "leave_one_allele_out", "fold": "HLA-B*35:03", "representation": "blosum_pseudoseq", "loss": "mse", "seconds": 0.03878954192623496, "last_batch_loss": 3.429307222366333, "optimizer_steps": 20, "n_parameters": 57217}
{"fold_index": 55, "n_folds": 77, "split": "leave_one_allele_out", "fold": "HLA-B*35:03", "representation": "blosum_pseudoseq", "loss": "censored_hinge", "seconds": 0.03896766691468656, "last_batch_loss": 2.529578924179077, "optimizer_steps": 20, "n_parameters": 57217}
{"fold_index": 55, "n_folds": 77, "split": "leave_one_allele_out", "fold": "HLA-B*35:03", "representation": "blosum_pseudoseq", "loss": "ranking", "seconds": 0.1164209998678416, "last_batch_loss": 0.6503489017486572, "optimizer_steps": 20, "n_parameters": 57217}
{"fold_index": 56, "n_folds": 77, "split": "leave_one_allele_out", "fold": "HLA-B*35:08", "representation": "allele_mean", "loss": "reference"}
{"fold_index": 56, "n_folds": 77, "split": "leave_one_allele_out", "fold": "HLA-B*35:08", "representation": "pwm", "loss": "reference"}
{"fold_index": 56, "n_folds": 77, "split": "leave_one_allele_out", "fold": "HLA-B*35:08", "representation": "allele_embedding", "loss": "mse"}
{"fold_index": 56, "n_folds": 77, "split": "leave_one_allele_out", "fold": "HLA-B*35:08", "representation": "allele_embedding", "loss": "censored_hinge"}
{"fold_index": 56, "n_folds": 77, "split": "leave_one_allele_out", "fold": "HLA-B*35:08", "representation": "allele_embedding", "loss": "ranking"}
{"fold_index": 56, "n_folds": 77, "split": "leave_one_allele_out", "fold": "HLA-B*35:08", "representation": "blosum_pseudoseq", "loss": "mse", "seconds": 0.039575790986418724, "last_batch_loss": 3.48752760887146, "optimizer_steps": 20, "n_parameters": 57217}
{"fold_index": 56, "n_folds": 77, "split": "leave_one_allele_out", "fold": "HLA-B*35:08", "representation": "blosum_pseudoseq", "loss": "censored_hinge", "seconds": 0.0540975839830935, "last_batch_loss": 2.618168592453003, "optimizer_steps": 20, "n_parameters": 57217}
{"fold_index": 56, "n_folds": 77, "split": "leave_one_allele_out", "fold": "HLA-B*35:08", "representation": "blosum_pseudoseq", "loss": "ranking", "seconds": 0.1176527920179069, "last_batch_loss": 0.6535309553146362, "optimizer_steps": 20, "n_parameters": 57217}
{"fold_index": 57, "n_folds": 77, "split": "leave_one_allele_out", "fold": "HLA-B*39:01", "representation": "allele_mean", "loss": "reference"}
{"fold_index": 57, "n_folds": 77, "split": "leave_one_allele_out", "fold": "HLA-B*39:01", "representation": "pwm", "loss": "reference"}
{"fold_index": 57, "n_folds": 77, "split": "leave_one_allele_out", "fold": "HLA-B*39:01", "representation": "allele_embedding", "loss": "mse"}
{"fold_index": 57, "n_folds": 77, "split": "leave_one_allele_out", "fold": "HLA-B*39:01", "representation": "allele_embedding", "loss": "censored_hinge"}
{"fold_index": 57, "n_folds": 77, "split": "leave_one_allele_out", "fold": "HLA-B*39:01", "representation": "allele_embedding", "loss": "ranking"}
{"fold_index": 57, "n_folds": 77, "split": "leave_one_allele_out", "fold": "HLA-B*39:01", "representation": "blosum_pseudoseq", "loss": "mse", "seconds": 0.0387604171410203, "last_batch_loss": 3.3936517238616943, "optimizer_steps": 20, "n_parameters": 57217}
{"fold_index": 57, "n_folds": 77, "split": "leave_one_allele_out", "fold": "HLA-B*39:01", "representation": "blosum_pseudoseq", "loss": "censored_hinge", "seconds": 0.055332916090264916, "last_batch_loss": 2.5605478286743164, "optimizer_steps": 20, "n_parameters": 57217}
{"fold_index": 57, "n_folds": 77, "split": "leave_one_allele_out", "fold": "HLA-B*39:01", "representation": "blosum_pseudoseq", "loss": "ranking", "seconds": 0.11658262507990003, "last_batch_loss": 0.6402163505554199, "optimizer_steps": 20, "n_parameters": 57217}
{"fold_index": 58, "n_folds": 77, "split": "leave_one_allele_out", "fold": "HLA-B*39:02", "representation": "allele_mean", "loss": "reference"}
{"fold_index": 58, "n_folds": 77, "split": "leave_one_allele_out", "fold": "HLA-B*39:02", "representation": "pwm", "loss": "reference"}
{"fold_index": 58, "n_folds": 77, "split": "leave_one_allele_out", "fold": "HLA-B*39:02", "representation": "allele_embedding", "loss": "mse"}
{"fold_index": 58, "n_folds": 77, "split": "leave_one_allele_out", "fold": "HLA-B*39:02", "representation": "allele_embedding", "loss": "censored_hinge"}
{"fold_index": 58, "n_folds": 77, "split": "leave_one_allele_out", "fold": "HLA-B*39:02", "representation": "allele_embedding", "loss": "ranking"}
{"fold_index": 58, "n_folds": 77, "split": "leave_one_allele_out", "fold": "HLA-B*39:02", "representation": "blosum_pseudoseq", "loss": "mse", "seconds": 0.040153332985937595, "last_batch_loss": 3.42783522605896, "optimizer_steps": 20, "n_parameters": 57217}
{"fold_index": 58, "n_folds": 77, "split": "leave_one_allele_out", "fold": "HLA-B*39:02", "representation": "blosum_pseudoseq", "loss": "censored_hinge", "seconds": 0.05888716597110033, "last_batch_loss": 2.457782506942749, "optimizer_steps": 20, "n_parameters": 57217}
{"fold_index": 58, "n_folds": 77, "split": "leave_one_allele_out", "fold": "HLA-B*39:02", "representation": "blosum_pseudoseq", "loss": "ranking", "seconds": 0.1130588750820607, "last_batch_loss": 0.6437431573867798, "optimizer_steps": 20, "n_parameters": 57217}
{"fold_index": 59, "n_folds": 77, "split": "leave_one_allele_out", "fold": "HLA-B*39:06(C67S)", "representation": "allele_mean", "loss": "reference"}
{"fold_index": 59, "n_folds": 77, "split": "leave_one_allele_out", "fold": "HLA-B*39:06(C67S)", "representation": "pwm", "loss": "reference"}
{"fold_index": 59, "n_folds": 77, "split": "leave_one_allele_out", "fold": "HLA-B*39:06(C67S)", "representation": "allele_embedding", "loss": "mse"}
{"fold_index": 59, "n_folds": 77, "split": "leave_one_allele_out", "fold": "HLA-B*39:06(C67S)", "representation": "allele_embedding", "loss": "censored_hinge"}
{"fold_index": 59, "n_folds": 77, "split": "leave_one_allele_out", "fold": "HLA-B*39:06(C67S)", "representation": "allele_embedding", "loss": "ranking"}
{"fold_index": 59, "n_folds": 77, "split": "leave_one_allele_out", "fold": "HLA-B*39:06(C67S)", "representation": "blosum_pseudoseq", "loss": "mse", "seconds": 0.038920999970287085, "last_batch_loss": 3.2199759483337402, "optimizer_steps": 20, "n_parameters": 57217}
{"fold_index": 59, "n_folds": 77, "split": "leave_one_allele_out", "fold": "HLA-B*39:06(C67S)", "representation": "blosum_pseudoseq", "loss": "censored_hinge", "seconds": 0.041097542038187385, "last_batch_loss": 2.4268977642059326, "optimizer_steps": 20, "n_parameters": 57217}
{"fold_index": 59, "n_folds": 77, "split": "leave_one_allele_out", "fold": "HLA-B*39:06(C67S)", "representation": "blosum_pseudoseq", "loss": "ranking", "seconds": 0.12395258317701519, "last_batch_loss": 0.6337371468544006, "optimizer_steps": 20, "n_parameters": 57217}
{"fold_index": 60, "n_folds": 77, "split": "leave_one_allele_out", "fold": "HLA-B*39:10", "representation": "allele_mean", "loss": "reference"}
{"fold_index": 60, "n_folds": 77, "split": "leave_one_allele_out", "fold": "HLA-B*39:10", "representation": "pwm", "loss": "reference"}
{"fold_index": 60, "n_folds": 77, "split": "leave_one_allele_out", "fold": "HLA-B*39:10", "representation": "allele_embedding", "loss": "mse"}
{"fold_index": 60, "n_folds": 77, "split": "leave_one_allele_out", "fold": "HLA-B*39:10", "representation": "allele_embedding", "loss": "censored_hinge"}
{"fold_index": 60, "n_folds": 77, "split": "leave_one_allele_out", "fold": "HLA-B*39:10", "representation": "allele_embedding", "loss": "ranking"}
{"fold_index": 60, "n_folds": 77, "split": "leave_one_allele_out", "fold": "HLA-B*39:10", "representation": "blosum_pseudoseq", "loss": "mse", "seconds": 0.03791583399288356, "last_batch_loss": 3.2793943881988525, "optimizer_steps": 20, "n_parameters": 57217}
{"fold_index": 60, "n_folds": 77, "split": "leave_one_allele_out", "fold": "HLA-B*39:10", "representation": "blosum_pseudoseq", "loss": "censored_hinge", "seconds": 0.05969487503170967, "last_batch_loss": 2.4040961265563965, "optimizer_steps": 20, "n_parameters": 57217}
{"fold_index": 60, "n_folds": 77, "split": "leave_one_allele_out", "fold": "HLA-B*39:10", "representation": "blosum_pseudoseq", "loss": "ranking", "seconds": 0.10927758296020329, "last_batch_loss": 0.6460025906562805, "optimizer_steps": 20, "n_parameters": 57217}
{"fold_index": 61, "n_folds": 77, "split": "leave_one_allele_out", "fold": "HLA-B*40:01", "representation": "allele_mean", "loss": "reference"}
{"fold_index": 61, "n_folds": 77, "split": "leave_one_allele_out", "fold": "HLA-B*40:01", "representation": "pwm", "loss": "reference"}
{"fold_index": 61, "n_folds": 77, "split": "leave_one_allele_out", "fold": "HLA-B*40:01", "representation": "allele_embedding", "loss": "mse"}
{"fold_index": 61, "n_folds": 77, "split": "leave_one_allele_out", "fold": "HLA-B*40:01", "representation": "allele_embedding", "loss": "censored_hinge"}
{"fold_index": 61, "n_folds": 77, "split": "leave_one_allele_out", "fold": "HLA-B*40:01", "representation": "allele_embedding", "loss": "ranking"}
{"fold_index": 61, "n_folds": 77, "split": "leave_one_allele_out", "fold": "HLA-B*40:01", "representation": "blosum_pseudoseq", "loss": "mse", "seconds": 0.051422332879155874, "last_batch_loss": 3.4646222591400146, "optimizer_steps": 20, "n_parameters": 57217}
{"fold_index": 61, "n_folds": 77, "split": "leave_one_allele_out", "fold": "HLA-B*40:01", "representation": "blosum_pseudoseq", "loss": "censored_hinge", "seconds": 0.061202791053801775, "last_batch_loss": 2.6458065509796143, "optimizer_steps": 20, "n_parameters": 57217}
{"fold_index": 61, "n_folds": 77, "split": "leave_one_allele_out", "fold": "HLA-B*40:01", "representation": "blosum_pseudoseq", "loss": "ranking", "seconds": 0.12429079110734165, "last_batch_loss": 0.6404721736907959, "optimizer_steps": 20, "n_parameters": 57217}
{"fold_index": 62, "n_folds": 77, "split": "leave_one_allele_out", "fold": "HLA-B*40:02", "representation": "allele_mean", "loss": "reference"}
{"fold_index": 62, "n_folds": 77, "split": "leave_one_allele_out", "fold": "HLA-B*40:02", "representation": "pwm", "loss": "reference"}
{"fold_index": 62, "n_folds": 77, "split": "leave_one_allele_out", "fold": "HLA-B*40:02", "representation": "allele_embedding", "loss": "mse"}
{"fold_index": 62, "n_folds": 77, "split": "leave_one_allele_out", "fold": "HLA-B*40:02", "representation": "allele_embedding", "loss": "censored_hinge"}
{"fold_index": 62, "n_folds": 77, "split": "leave_one_allele_out", "fold": "HLA-B*40:02", "representation": "allele_embedding", "loss": "ranking"}
{"fold_index": 62, "n_folds": 77, "split": "leave_one_allele_out", "fold": "HLA-B*40:02", "representation": "blosum_pseudoseq", "loss": "mse", "seconds": 0.03817083383910358, "last_batch_loss": 3.393038034439087, "optimizer_steps": 20, "n_parameters": 57217}
{"fold_index": 62, "n_folds": 77, "split": "leave_one_allele_out", "fold": "HLA-B*40:02", "representation": "blosum_pseudoseq", "loss": "censored_hinge", "seconds": 0.03950979094952345, "last_batch_loss": 2.5530717372894287, "optimizer_steps": 20, "n_parameters": 57217}
{"fold_index": 62, "n_folds": 77, "split": "leave_one_allele_out", "fold": "HLA-B*40:02", "representation": "blosum_pseudoseq", "loss": "ranking", "seconds": 0.11538091604597867, "last_batch_loss": 0.6429538130760193, "optimizer_steps": 20, "n_parameters": 57217}
{"fold_index": 63, "n_folds": 77, "split": "leave_one_allele_out", "fold": "HLA-B*41:01", "representation": "allele_mean", "loss": "reference"}
{"fold_index": 63, "n_folds": 77, "split": "leave_one_allele_out", "fold": "HLA-B*41:01", "representation": "pwm", "loss": "reference"}
{"fold_index": 63, "n_folds": 77, "split": "leave_one_allele_out", "fold": "HLA-B*41:01", "representation": "allele_embedding", "loss": "mse"}
{"fold_index": 63, "n_folds": 77, "split": "leave_one_allele_out", "fold": "HLA-B*41:01", "representation": "allele_embedding", "loss": "censored_hinge"}
{"fold_index": 63, "n_folds": 77, "split": "leave_one_allele_out", "fold": "HLA-B*41:01", "representation": "allele_embedding", "loss": "ranking"}
{"fold_index": 63, "n_folds": 77, "split": "leave_one_allele_out", "fold": "HLA-B*41:01", "representation": "blosum_pseudoseq", "loss": "mse", "seconds": 0.03792812488973141, "last_batch_loss": 3.3805086612701416, "optimizer_steps": 20, "n_parameters": 57217}
{"fold_index": 63, "n_folds": 77, "split": "leave_one_allele_out", "fold": "HLA-B*41:01", "representation": "blosum_pseudoseq", "loss": "censored_hinge", "seconds": 0.05276716686785221, "last_batch_loss": 2.662503719329834, "optimizer_steps": 20, "n_parameters": 57217}
{"fold_index": 63, "n_folds": 77, "split": "leave_one_allele_out", "fold": "HLA-B*41:01", "representation": "blosum_pseudoseq", "loss": "ranking", "seconds": 0.11901087500154972, "last_batch_loss": 0.6421525478363037, "optimizer_steps": 20, "n_parameters": 57217}
{"fold_index": 64, "n_folds": 77, "split": "leave_one_allele_out", "fold": "HLA-B*42:01", "representation": "allele_mean", "loss": "reference"}
{"fold_index": 64, "n_folds": 77, "split": "leave_one_allele_out", "fold": "HLA-B*42:01", "representation": "pwm", "loss": "reference"}
{"fold_index": 64, "n_folds": 77, "split": "leave_one_allele_out", "fold": "HLA-B*42:01", "representation": "allele_embedding", "loss": "mse"}
{"fold_index": 64, "n_folds": 77, "split": "leave_one_allele_out", "fold": "HLA-B*42:01", "representation": "allele_embedding", "loss": "censored_hinge"}
{"fold_index": 64, "n_folds": 77, "split": "leave_one_allele_out", "fold": "HLA-B*42:01", "representation": "allele_embedding", "loss": "ranking"}
{"fold_index": 64, "n_folds": 77, "split": "leave_one_allele_out", "fold": "HLA-B*42:01", "representation": "blosum_pseudoseq", "loss": "mse", "seconds": 0.03914354206062853, "last_batch_loss": 3.4786629676818848, "optimizer_steps": 20, "n_parameters": 57217}
{"fold_index": 64, "n_folds": 77, "split": "leave_one_allele_out", "fold": "HLA-B*42:01", "representation": "blosum_pseudoseq", "loss": "censored_hinge", "seconds": 0.03842724999412894, "last_batch_loss": 2.40730619430542, "optimizer_steps": 20, "n_parameters": 57217}
{"fold_index": 64, "n_folds": 77, "split": "leave_one_allele_out", "fold": "HLA-B*42:01", "representation": "blosum_pseudoseq", "loss": "ranking", "seconds": 0.11654191697016358, "last_batch_loss": 0.6477249264717102, "optimizer_steps": 20, "n_parameters": 57217}
{"fold_index": 65, "n_folds": 77, "split": "leave_one_allele_out", "fold": "HLA-B*42:02", "representation": "allele_mean", "loss": "reference"}
{"fold_index": 65, "n_folds": 77, "split": "leave_one_allele_out", "fold": "HLA-B*42:02", "representation": "pwm", "loss": "reference"}
{"fold_index": 65, "n_folds": 77, "split": "leave_one_allele_out", "fold": "HLA-B*42:02", "representation": "allele_embedding", "loss": "mse"}
{"fold_index": 65, "n_folds": 77, "split": "leave_one_allele_out", "fold": "HLA-B*42:02", "representation": "allele_embedding", "loss": "censored_hinge"}
{"fold_index": 65, "n_folds": 77, "split": "leave_one_allele_out", "fold": "HLA-B*42:02", "representation": "allele_embedding", "loss": "ranking"}
{"fold_index": 65, "n_folds": 77, "split": "leave_one_allele_out", "fold": "HLA-B*42:02", "representation": "blosum_pseudoseq", "loss": "mse", "seconds": 0.03788916696794331, "last_batch_loss": 3.3082103729248047, "optimizer_steps": 20, "n_parameters": 57217}
{"fold_index": 65, "n_folds": 77, "split": "leave_one_allele_out", "fold": "HLA-B*42:02", "representation": "blosum_pseudoseq", "loss": "censored_hinge", "seconds": 0.03889666683971882, "last_batch_loss": 2.349470376968384, "optimizer_steps": 20, "n_parameters": 57217}
{"fold_index": 65, "n_folds": 77, "split": "leave_one_allele_out", "fold": "HLA-B*42:02", "representation": "blosum_pseudoseq", "loss": "ranking", "seconds": 0.11906866705976427, "last_batch_loss": 0.6401860117912292, "optimizer_steps": 20, "n_parameters": 57217}
{"fold_index": 66, "n_folds": 77, "split": "leave_one_allele_out", "fold": "HLA-B*44:05", "representation": "allele_mean", "loss": "reference"}
{"fold_index": 66, "n_folds": 77, "split": "leave_one_allele_out", "fold": "HLA-B*44:05", "representation": "pwm", "loss": "reference"}
{"fold_index": 66, "n_folds": 77, "split": "leave_one_allele_out", "fold": "HLA-B*44:05", "representation": "allele_embedding", "loss": "mse"}
{"fold_index": 66, "n_folds": 77, "split": "leave_one_allele_out", "fold": "HLA-B*44:05", "representation": "allele_embedding", "loss": "censored_hinge"}
{"fold_index": 66, "n_folds": 77, "split": "leave_one_allele_out", "fold": "HLA-B*44:05", "representation": "allele_embedding", "loss": "ranking"}
{"fold_index": 66, "n_folds": 77, "split": "leave_one_allele_out", "fold": "HLA-B*44:05", "representation": "blosum_pseudoseq", "loss": "mse", "seconds": 0.03772195801138878, "last_batch_loss": 3.4610681533813477, "optimizer_steps": 20, "n_parameters": 57217}
{"fold_index": 66, "n_folds": 77, "split": "leave_one_allele_out", "fold": "HLA-B*44:05", "representation": "blosum_pseudoseq", "loss": "censored_hinge", "seconds": 0.03874341701157391, "last_batch_loss": 2.455106258392334, "optimizer_steps": 20, "n_parameters": 57217}
{"fold_index": 66, "n_folds": 77, "split": "leave_one_allele_out", "fold": "HLA-B*44:05", "representation": "blosum_pseudoseq", "loss": "ranking", "seconds": 0.12016266700811684, "last_batch_loss": 0.6367282867431641, "optimizer_steps": 20, "n_parameters": 57217}
{"fold_index": 67, "n_folds": 77, "split": "leave_one_allele_out", "fold": "HLA-B*45:01", "representation": "allele_mean", "loss": "reference"}
{"fold_index": 67, "n_folds": 77, "split": "leave_one_allele_out", "fold": "HLA-B*45:01", "representation": "pwm", "loss": "reference"}
{"fold_index": 67, "n_folds": 77, "split": "leave_one_allele_out", "fold": "HLA-B*45:01", "representation": "allele_embedding", "loss": "mse"}
{"fold_index": 67, "n_folds": 77, "split": "leave_one_allele_out", "fold": "HLA-B*45:01", "representation": "allele_embedding", "loss": "censored_hinge"}
{"fold_index": 67, "n_folds": 77, "split": "leave_one_allele_out", "fold": "HLA-B*45:01", "representation": "allele_embedding", "loss": "ranking"}
{"fold_index": 67, "n_folds": 77, "split": "leave_one_allele_out", "fold": "HLA-B*45:01", "representation": "blosum_pseudoseq", "loss": "mse", "seconds": 0.039665166987106204, "last_batch_loss": 3.3002097606658936, "optimizer_steps": 20, "n_parameters": 57217}
{"fold_index": 67, "n_folds": 77, "split": "leave_one_allele_out", "fold": "HLA-B*45:01", "representation": "blosum_pseudoseq", "loss": "censored_hinge", "seconds": 0.040028166025877, "last_batch_loss": 2.5600461959838867, "optimizer_steps": 20, "n_parameters": 57217}
{"fold_index": 67, "n_folds": 77, "split": "leave_one_allele_out", "fold": "HLA-B*45:01", "representation": "blosum_pseudoseq", "loss": "ranking", "seconds": 0.11286991694942117, "last_batch_loss": 0.646207332611084, "optimizer_steps": 20, "n_parameters": 57217}
{"fold_index": 68, "n_folds": 77, "split": "leave_one_allele_out", "fold": "HLA-B*46:01", "representation": "allele_mean", "loss": "reference"}
{"fold_index": 68, "n_folds": 77, "split": "leave_one_allele_out", "fold": "HLA-B*46:01", "representation": "pwm", "loss": "reference"}
{"fold_index": 68, "n_folds": 77, "split": "leave_one_allele_out", "fold": "HLA-B*46:01", "representation": "allele_embedding", "loss": "mse"}
{"fold_index": 68, "n_folds": 77, "split": "leave_one_allele_out", "fold": "HLA-B*46:01", "representation": "allele_embedding", "loss": "censored_hinge"}
{"fold_index": 68, "n_folds": 77, "split": "leave_one_allele_out", "fold": "HLA-B*46:01", "representation": "allele_embedding", "loss": "ranking"}
{"fold_index": 68, "n_folds": 77, "split": "leave_one_allele_out", "fold": "HLA-B*46:01", "representation": "blosum_pseudoseq", "loss": "mse", "seconds": 0.04010075004771352, "last_batch_loss": 3.342491388320923, "optimizer_steps": 20, "n_parameters": 57217}
{"fold_index": 68, "n_folds": 77, "split": "leave_one_allele_out", "fold": "HLA-B*46:01", "representation": "blosum_pseudoseq", "loss": "censored_hinge", "seconds": 0.038402417208999395, "last_batch_loss": 2.5164601802825928, "optimizer_steps": 20, "n_parameters": 57217}
{"fold_index": 68, "n_folds": 77, "split": "leave_one_allele_out", "fold": "HLA-B*46:01", "representation": "blosum_pseudoseq", "loss": "ranking", "seconds": 0.12121125007979572, "last_batch_loss": 0.6432641744613647, "optimizer_steps": 20, "n_parameters": 57217}
{"fold_index": 69, "n_folds": 77, "split": "leave_one_allele_out", "fold": "HLA-B*51:01", "representation": "allele_mean", "loss": "reference"}
{"fold_index": 69, "n_folds": 77, "split": "leave_one_allele_out", "fold": "HLA-B*51:01", "representation": "pwm", "loss": "reference"}
{"fold_index": 69, "n_folds": 77, "split": "leave_one_allele_out", "fold": "HLA-B*51:01", "representation": "allele_embedding", "loss": "mse"}
{"fold_index": 69, "n_folds": 77, "split": "leave_one_allele_out", "fold": "HLA-B*51:01", "representation": "allele_embedding", "loss": "censored_hinge"}
{"fold_index": 69, "n_folds": 77, "split": "leave_one_allele_out", "fold": "HLA-B*51:01", "representation": "allele_embedding", "loss": "ranking"}
{"fold_index": 69, "n_folds": 77, "split": "leave_one_allele_out", "fold": "HLA-B*51:01", "representation": "blosum_pseudoseq", "loss": "mse", "seconds": 0.057449207874014974, "last_batch_loss": 3.345846652984619, "optimizer_steps": 20, "n_parameters": 57217}
{"fold_index": 69, "n_folds": 77, "split": "leave_one_allele_out", "fold": "HLA-B*51:01", "representation": "blosum_pseudoseq", "loss": "censored_hinge", "seconds": 0.06050608400255442, "last_batch_loss": 2.4990363121032715, "optimizer_steps": 20, "n_parameters": 57217}
{"fold_index": 69, "n_folds": 77, "split": "leave_one_allele_out", "fold": "HLA-B*51:01", "representation": "blosum_pseudoseq", "loss": "ranking", "seconds": 0.15264366706833243, "last_batch_loss": 0.6442093849182129, "optimizer_steps": 20, "n_parameters": 57217}
{"fold_index": 70, "n_folds": 77, "split": "leave_one_allele_out", "fold": "HLA-B*54:01", "representation": "allele_mean", "loss": "reference"}
{"fold_index": 70, "n_folds": 77, "split": "leave_one_allele_out", "fold": "HLA-B*54:01", "representation": "pwm", "loss": "reference"}
{"fold_index": 70, "n_folds": 77, "split": "leave_one_allele_out", "fold": "HLA-B*54:01", "representation": "allele_embedding", "loss": "mse"}
{"fold_index": 70, "n_folds": 77, "split": "leave_one_allele_out", "fold": "HLA-B*54:01", "representation": "allele_embedding", "loss": "censored_hinge"}
{"fold_index": 70, "n_folds": 77, "split": "leave_one_allele_out", "fold": "HLA-B*54:01", "representation": "allele_embedding", "loss": "ranking"}
{"fold_index": 70, "n_folds": 77, "split": "leave_one_allele_out", "fold": "HLA-B*54:01", "representation": "blosum_pseudoseq", "loss": "mse", "seconds": 0.05778316594660282, "last_batch_loss": 3.341212511062622, "optimizer_steps": 20, "n_parameters": 57217}
{"fold_index": 70, "n_folds": 77, "split": "leave_one_allele_out", "fold": "HLA-B*54:01", "representation": "blosum_pseudoseq", "loss": "censored_hinge", "seconds": 0.052145374938845634, "last_batch_loss": 2.4547364711761475, "optimizer_steps": 20, "n_parameters": 57217}
{"fold_index": 70, "n_folds": 77, "split": "leave_one_allele_out", "fold": "HLA-B*54:01", "representation": "blosum_pseudoseq", "loss": "ranking", "seconds": 0.1340215418022126, "last_batch_loss": 0.6450208425521851, "optimizer_steps": 20, "n_parameters": 57217}
{"fold_index": 71, "n_folds": 77, "split": "leave_one_allele_out", "fold": "HLA-B*55:01", "representation": "allele_mean", "loss": "reference"}
{"fold_index": 71, "n_folds": 77, "split": "leave_one_allele_out", "fold": "HLA-B*55:01", "representation": "pwm", "loss": "reference"}
{"fold_index": 71, "n_folds": 77, "split": "leave_one_allele_out", "fold": "HLA-B*55:01", "representation": "allele_embedding", "loss": "mse"}
{"fold_index": 71, "n_folds": 77, "split": "leave_one_allele_out", "fold": "HLA-B*55:01", "representation": "allele_embedding", "loss": "censored_hinge"}
{"fold_index": 71, "n_folds": 77, "split": "leave_one_allele_out", "fold": "HLA-B*55:01", "representation": "allele_embedding", "loss": "ranking"}
{"fold_index": 71, "n_folds": 77, "split": "leave_one_allele_out", "fold": "HLA-B*55:01", "representation": "blosum_pseudoseq", "loss": "mse", "seconds": 0.0557090830989182, "last_batch_loss": 3.3922030925750732, "optimizer_steps": 20, "n_parameters": 57217}
{"fold_index": 71, "n_folds": 77, "split": "leave_one_allele_out", "fold": "HLA-B*55:01", "representation": "blosum_pseudoseq", "loss": "censored_hinge", "seconds": 0.05424670805223286, "last_batch_loss": 2.55295991897583, "optimizer_steps": 20, "n_parameters": 57217}
{"fold_index": 71, "n_folds": 77, "split": "leave_one_allele_out", "fold": "HLA-B*55:01", "representation": "blosum_pseudoseq", "loss": "ranking", "seconds": 0.1288797080051154, "last_batch_loss": 0.6491333842277527, "optimizer_steps": 20, "n_parameters": 57217}
{"fold_index": 72, "n_folds": 77, "split": "leave_one_allele_out", "fold": "HLA-B*56:01", "representation": "allele_mean", "loss": "reference"}
{"fold_index": 72, "n_folds": 77, "split": "leave_one_allele_out", "fold": "HLA-B*56:01", "representation": "pwm", "loss": "reference"}
{"fold_index": 72, "n_folds": 77, "split": "leave_one_allele_out", "fold": "HLA-B*56:01", "representation": "allele_embedding", "loss": "mse"}
{"fold_index": 72, "n_folds": 77, "split": "leave_one_allele_out", "fold": "HLA-B*56:01", "representation": "allele_embedding", "loss": "censored_hinge"}
{"fold_index": 72, "n_folds": 77, "split": "leave_one_allele_out", "fold": "HLA-B*56:01", "representation": "allele_embedding", "loss": "ranking"}
{"fold_index": 72, "n_folds": 77, "split": "leave_one_allele_out", "fold": "HLA-B*56:01", "representation": "blosum_pseudoseq", "loss": "mse", "seconds": 0.054157417034730315, "last_batch_loss": 3.412196636199951, "optimizer_steps": 20, "n_parameters": 57217}
{"fold_index": 72, "n_folds": 77, "split": "leave_one_allele_out", "fold": "HLA-B*56:01", "representation": "blosum_pseudoseq", "loss": "censored_hinge", "seconds": 0.0619675840716809, "last_batch_loss": 2.3912651538848877, "optimizer_steps": 20, "n_parameters": 57217}
{"fold_index": 72, "n_folds": 77, "split": "leave_one_allele_out", "fold": "HLA-B*56:01", "representation": "blosum_pseudoseq", "loss": "ranking", "seconds": 0.13330962508916855, "last_batch_loss": 0.6534048318862915, "optimizer_steps": 20, "n_parameters": 57217}
{"fold_index": 73, "n_folds": 77, "split": "leave_one_allele_out", "fold": "HLA-B*57:01", "representation": "allele_mean", "loss": "reference"}
{"fold_index": 73, "n_folds": 77, "split": "leave_one_allele_out", "fold": "HLA-B*57:01", "representation": "pwm", "loss": "reference"}
{"fold_index": 73, "n_folds": 77, "split": "leave_one_allele_out", "fold": "HLA-B*57:01", "representation": "allele_embedding", "loss": "mse"}
{"fold_index": 73, "n_folds": 77, "split": "leave_one_allele_out", "fold": "HLA-B*57:01", "representation": "allele_embedding", "loss": "censored_hinge"}
{"fold_index": 73, "n_folds": 77, "split": "leave_one_allele_out", "fold": "HLA-B*57:01", "representation": "allele_embedding", "loss": "ranking"}
{"fold_index": 73, "n_folds": 77, "split": "leave_one_allele_out", "fold": "HLA-B*57:01", "representation": "blosum_pseudoseq", "loss": "mse", "seconds": 0.05400449992157519, "last_batch_loss": 3.3402483463287354, "optimizer_steps": 20, "n_parameters": 57217}
{"fold_index": 73, "n_folds": 77, "split": "leave_one_allele_out", "fold": "HLA-B*57:01", "representation": "blosum_pseudoseq", "loss": "censored_hinge", "seconds": 0.07128470810130239, "last_batch_loss": 2.4034101963043213, "optimizer_steps": 20, "n_parameters": 57217}
{"fold_index": 73, "n_folds": 77, "split": "leave_one_allele_out", "fold": "HLA-B*57:01", "representation": "blosum_pseudoseq", "loss": "ranking", "seconds": 0.14892445807345212, "last_batch_loss": 0.6397001147270203, "optimizer_steps": 20, "n_parameters": 57217}
{"fold_index": 74, "n_folds": 77, "split": "leave_one_allele_out", "fold": "HLA-B*57:02", "representation": "allele_mean", "loss": "reference"}
{"fold_index": 74, "n_folds": 77, "split": "leave_one_allele_out", "fold": "HLA-B*57:02", "representation": "pwm", "loss": "reference"}
{"fold_index": 74, "n_folds": 77, "split": "leave_one_allele_out", "fold": "HLA-B*57:02", "representation": "allele_embedding", "loss": "mse"}
{"fold_index": 74, "n_folds": 77, "split": "leave_one_allele_out", "fold": "HLA-B*57:02", "representation": "allele_embedding", "loss": "censored_hinge"}
{"fold_index": 74, "n_folds": 77, "split": "leave_one_allele_out", "fold": "HLA-B*57:02", "representation": "allele_embedding", "loss": "ranking"}
{"fold_index": 74, "n_folds": 77, "split": "leave_one_allele_out", "fold": "HLA-B*57:02", "representation": "blosum_pseudoseq", "loss": "mse", "seconds": 0.05502079101279378, "last_batch_loss": 3.3340630531311035, "optimizer_steps": 20, "n_parameters": 57217}
{"fold_index": 74, "n_folds": 77, "split": "leave_one_allele_out", "fold": "HLA-B*57:02", "representation": "blosum_pseudoseq", "loss": "censored_hinge", "seconds": 0.06056524999439716, "last_batch_loss": 2.5130579471588135, "optimizer_steps": 20, "n_parameters": 57217}
{"fold_index": 74, "n_folds": 77, "split": "leave_one_allele_out", "fold": "HLA-B*57:02", "representation": "blosum_pseudoseq", "loss": "ranking", "seconds": 0.12598325009457767, "last_batch_loss": 0.6353518962860107, "optimizer_steps": 20, "n_parameters": 57217}
{"fold_index": 75, "n_folds": 77, "split": "leave_one_allele_out", "fold": "HLA-B*57:03", "representation": "allele_mean", "loss": "reference"}
{"fold_index": 75, "n_folds": 77, "split": "leave_one_allele_out", "fold": "HLA-B*57:03", "representation": "pwm", "loss": "reference"}
{"fold_index": 75, "n_folds": 77, "split": "leave_one_allele_out", "fold": "HLA-B*57:03", "representation": "allele_embedding", "loss": "mse"}
{"fold_index": 75, "n_folds": 77, "split": "leave_one_allele_out", "fold": "HLA-B*57:03", "representation": "allele_embedding", "loss": "censored_hinge"}
{"fold_index": 75, "n_folds": 77, "split": "leave_one_allele_out", "fold": "HLA-B*57:03", "representation": "allele_embedding", "loss": "ranking"}
{"fold_index": 75, "n_folds": 77, "split": "leave_one_allele_out", "fold": "HLA-B*57:03", "representation": "blosum_pseudoseq", "loss": "mse", "seconds": 0.05315016699023545, "last_batch_loss": 3.4632997512817383, "optimizer_steps": 20, "n_parameters": 57217}
{"fold_index": 75, "n_folds": 77, "split": "leave_one_allele_out", "fold": "HLA-B*57:03", "representation": "blosum_pseudoseq", "loss": "censored_hinge", "seconds": 0.05428816704079509, "last_batch_loss": 2.4115257263183594, "optimizer_steps": 20, "n_parameters": 57217}
{"fold_index": 75, "n_folds": 77, "split": "leave_one_allele_out", "fold": "HLA-B*57:03", "representation": "blosum_pseudoseq", "loss": "ranking", "seconds": 0.12447658297605813, "last_batch_loss": 0.6417168974876404, "optimizer_steps": 20, "n_parameters": 57217}
{"fold_index": 76, "n_folds": 77, "split": "leave_one_allele_out", "fold": "HLA-B*58:01", "representation": "allele_mean", "loss": "reference"}
{"fold_index": 76, "n_folds": 77, "split": "leave_one_allele_out", "fold": "HLA-B*58:01", "representation": "pwm", "loss": "reference"}
{"fold_index": 76, "n_folds": 77, "split": "leave_one_allele_out", "fold": "HLA-B*58:01", "representation": "allele_embedding", "loss": "mse"}
{"fold_index": 76, "n_folds": 77, "split": "leave_one_allele_out", "fold": "HLA-B*58:01", "representation": "allele_embedding", "loss": "censored_hinge"}
{"fold_index": 76, "n_folds": 77, "split": "leave_one_allele_out", "fold": "HLA-B*58:01", "representation": "allele_embedding", "loss": "ranking"}
{"fold_index": 76, "n_folds": 77, "split": "leave_one_allele_out", "fold": "HLA-B*58:01", "representation": "blosum_pseudoseq", "loss": "mse", "seconds": 0.05256695789285004, "last_batch_loss": 3.487679958343506, "optimizer_steps": 20, "n_parameters": 57217}
{"fold_index": 76, "n_folds": 77, "split": "leave_one_allele_out", "fold": "HLA-B*58:01", "representation": "blosum_pseudoseq", "loss": "censored_hinge", "seconds": 0.052245792001485825, "last_batch_loss": 2.6413824558258057, "optimizer_steps": 20, "n_parameters": 57217}
{"fold_index": 76, "n_folds": 77, "split": "leave_one_allele_out", "fold": "HLA-B*58:01", "representation": "blosum_pseudoseq", "loss": "ranking", "seconds": 0.12385520804673433, "last_batch_loss": 0.6431877613067627, "optimizer_steps": 20, "n_parameters": 57217}
{"fold_index": 77, "n_folds": 77, "split": "leave_one_allele_out", "fold": "HLA-B*81:01", "representation": "allele_mean", "loss": "reference"}
{"fold_index": 77, "n_folds": 77, "split": "leave_one_allele_out", "fold": "HLA-B*81:01", "representation": "pwm", "loss": "reference"}
{"fold_index": 77, "n_folds": 77, "split": "leave_one_allele_out", "fold": "HLA-B*81:01", "representation": "allele_embedding", "loss": "mse"}
{"fold_index": 77, "n_folds": 77, "split": "leave_one_allele_out", "fold": "HLA-B*81:01", "representation": "allele_embedding", "loss": "censored_hinge"}
{"fold_index": 77, "n_folds": 77, "split": "leave_one_allele_out", "fold": "HLA-B*81:01", "representation": "allele_embedding", "loss": "ranking"}
{"fold_index": 77, "n_folds": 77, "split": "leave_one_allele_out", "fold": "HLA-B*81:01", "representation": "blosum_pseudoseq", "loss": "mse", "seconds": 0.04788870783522725, "last_batch_loss": 3.305040121078491, "optimizer_steps": 20, "n_parameters": 57217}
{"fold_index": 77, "n_folds": 77, "split": "leave_one_allele_out", "fold": "HLA-B*81:01", "representation": "blosum_pseudoseq", "loss": "censored_hinge", "seconds": 0.06985583296045661, "last_batch_loss": 2.4659948348999023, "optimizer_steps": 20, "n_parameters": 57217}
{"fold_index": 77, "n_folds": 77, "split": "leave_one_allele_out", "fold": "HLA-B*81:01", "representation": "blosum_pseudoseq", "loss": "ranking", "seconds": 0.1263551248703152, "last_batch_loss": 0.6367387771606445, "optimizer_steps": 20, "n_parameters": 57217}
Completed pilot: 11160 prediction rows saved to outputs/baselines/pilot/predictions.csv.gz
