representation,split,loss,subset,aggregation,metric,value,n,n_total,n_alleles,status
allele_embedding,leave_one_allele_out,censored_hinge,all,pooled,spearman,,0,28166,75,unavailable
allele_embedding,leave_one_allele_out,censored_hinge,all,macro,spearman,,0,28166,0,unavailable
allele_embedding,leave_one_allele_out,censored_hinge,all,size_weighted,spearman,,0,28166,0,unavailable
allele_embedding,leave_one_allele_out,censored_hinge,all,pooled,pearson_log,,0,28166,75,unavailable
allele_embedding,leave_one_allele_out,censored_hinge,all,macro,pearson_log,,0,28166,0,unavailable
allele_embedding,leave_one_allele_out,censored_hinge,all,size_weighted,pearson_log,,0,28166,0,unavailable
allele_embedding,leave_one_allele_out,censored_hinge,all,pooled,auc_gt_2h,,0,28166,75,unavailable
allele_embedding,leave_one_allele_out,censored_hinge,all,macro,auc_gt_2h,,0,28166,0,unavailable
allele_embedding,leave_one_allele_out,censored_hinge,all,size_weighted,auc_gt_2h,,0,28166,0,unavailable
allele_embedding,leave_one_allele_out,censored_hinge,nonzero,pooled,spearman,,0,22487,75,unavailable
allele_embedding,leave_one_allele_out,censored_hinge,nonzero,macro,spearman,,0,22487,0,unavailable
allele_embedding,leave_one_allele_out,censored_hinge,nonzero,size_weighted,spearman,,0,22487,0,unavailable
allele_embedding,leave_one_allele_out,censored_hinge,nonzero,pooled,pearson_log,,0,22487,75,unavailable
allele_embedding,leave_one_allele_out,censored_hinge,nonzero,macro,pearson_log,,0,22487,0,unavailable
allele_embedding,leave_one_allele_out,censored_hinge,nonzero,size_weighted,pearson_log,,0,22487,0,unavailable
allele_embedding,leave_one_allele_out,censored_hinge,nonzero,pooled,auc_gt_2h,,0,22487,75,unavailable
allele_embedding,leave_one_allele_out,censored_hinge,nonzero,macro,auc_gt_2h,,0,22487,0,unavailable
allele_embedding,leave_one_allele_out,censored_hinge,nonzero,size_weighted,auc_gt_2h,,0,22487,0,unavailable
allele_embedding,leave_one_allele_out,mse,all,pooled,spearman,,0,28166,75,unavailable
allele_embedding,leave_one_allele_out,mse,all,macro,spearman,,0,28166,0,unavailable
allele_embedding,leave_one_allele_out,mse,all,size_weighted,spearman,,0,28166,0,unavailable
allele_embedding,leave_one_allele_out,mse,all,pooled,pearson_log,,0,28166,75,unavailable
allele_embedding,leave_one_allele_out,mse,all,macro,pearson_log,,0,28166,0,unavailable
allele_embedding,leave_one_allele_out,mse,all,size_weighted,pearson_log,,0,28166,0,unavailable
allele_embedding,leave_one_allele_out,mse,all,pooled,auc_gt_2h,,0,28166,75,unavailable
allele_embedding,leave_one_allele_out,mse,all,macro,auc_gt_2h,,0,28166,0,unavailable
allele_embedding,leave_one_allele_out,mse,all,size_weighted,auc_gt_2h,,0,28166,0,unavailable
allele_embedding,leave_one_allele_out,mse,nonzero,pooled,spearman,,0,22487,75,unavailable
allele_embedding,leave_one_allele_out,mse,nonzero,macro,spearman,,0,22487,0,unavailable
allele_embedding,leave_one_allele_out,mse,nonzero,size_weighted,spearman,,0,22487,0,unavailable
allele_embedding,leave_one_allele_out,mse,nonzero,pooled,pearson_log,,0,22487,75,unavailable
allele_embedding,leave_one_allele_out,mse,nonzero,macro,pearson_log,,0,22487,0,unavailable
allele_embedding,leave_one_allele_out,mse,nonzero,size_weighted,pearson_log,,0,22487,0,unavailable
allele_embedding,leave_one_allele_out,mse,nonzero,pooled,auc_gt_2h,,0,22487,75,unavailable
allele_embedding,leave_one_allele_out,mse,nonzero,macro,auc_gt_2h,,0,22487,0,unavailable
allele_embedding,leave_one_allele_out,mse,nonzero,size_weighted,auc_gt_2h,,0,22487,0,unavailable
allele_embedding,leave_one_allele_out,ranking,all,pooled,spearman,,0,28166,75,unavailable
allele_embedding,leave_one_allele_out,ranking,all,macro,spearman,,0,28166,0,unavailable
allele_embedding,leave_one_allele_out,ranking,all,size_weighted,spearman,,0,28166,0,unavailable
allele_embedding,leave_one_allele_out,ranking,all,pooled,pearson_log,,0,28166,75,unavailable
allele_embedding,leave_one_allele_out,ranking,all,macro,pearson_log,,0,28166,0,unavailable
allele_embedding,leave_one_allele_out,ranking,all,size_weighted,pearson_log,,0,28166,0,unavailable
allele_embedding,leave_one_allele_out,ranking,all,pooled,auc_gt_2h,,0,28166,75,unavailable
allele_embedding,leave_one_allele_out,ranking,all,macro,auc_gt_2h,,0,28166,0,unavailable
allele_embedding,leave_one_allele_out,ranking,all,size_weighted,auc_gt_2h,,0,28166,0,unavailable
allele_embedding,leave_one_allele_out,ranking,nonzero,pooled,spearman,,0,22487,75,unavailable
allele_embedding,leave_one_allele_out,ranking,nonzero,macro,spearman,,0,22487,0,unavailable
allele_embedding,leave_one_allele_out,ranking,nonzero,size_weighted,spearman,,0,22487,0,unavailable
allele_embedding,leave_one_allele_out,ranking,nonzero,pooled,pearson_log,,0,22487,75,unavailable
allele_embedding,leave_one_allele_out,ranking,nonzero,macro,pearson_log,,0,22487,0,unavailable
allele_embedding,leave_one_allele_out,ranking,nonzero,size_weighted,pearson_log,,0,22487,0,unavailable
allele_embedding,leave_one_allele_out,ranking,nonzero,pooled,auc_gt_2h,,0,22487,75,unavailable
allele_embedding,leave_one_allele_out,ranking,nonzero,macro,auc_gt_2h,,0,22487,0,unavailable
allele_embedding,leave_one_allele_out,ranking,nonzero,size_weighted,auc_gt_2h,,0,22487,0,unavailable
allele_embedding,peptide_disjoint,censored_hinge,all,pooled,spearman,0.7258782485169561,5670,5670,75,ok
allele_embedding,peptide_disjoint,censored_hinge,all,macro,spearman,0.519260572456853,5665,5670,71,ok
allele_embedding,peptide_disjoint,censored_hinge,all,size_weighted,spearman,0.5349711371458077,5665,5670,71,ok
allele_embedding,peptide_disjoint,censored_hinge,all,pooled,pearson_log,0.7216757504244007,5670,5670,75,ok
allele_embedding,peptide_disjoint,censored_hinge,all,macro,pearson_log,0.520668523067788,5665,5670,71,ok
allele_embedding,peptide_disjoint,censored_hinge,all,size_weighted,pearson_log,0.5296749555583967,5665,5670,71,ok
allele_embedding,peptide_disjoint,censored_hinge,all,pooled,auc_gt_2h,0.8680758051540238,5670,5670,75,ok
allele_embedding,peptide_disjoint,censored_hinge,all,macro,auc_gt_2h,0.783472726175544,5593,5670,69,ok
allele_embedding,peptide_disjoint,censored_hinge,all,size_weighted,auc_gt_2h,0.7855961664223017,5593,5670,69,ok
allele_embedding,peptide_disjoint,censored_hinge,nonzero,pooled,spearman,0.6698441369882641,4536,4536,73,ok
allele_embedding,peptide_disjoint,censored_hinge,nonzero,macro,spearman,0.4958979455706022,4534,4536,71,ok
allele_embedding,peptide_disjoint,censored_hinge,nonzero,size_weighted,spearman,0.5312884787869595,4534,4536,71,ok
allele_embedding,peptide_disjoint,censored_hinge,nonzero,pooled,pearson_log,0.6761379959675798,4536,4536,73,ok
allele_embedding,peptide_disjoint,censored_hinge,nonzero,macro,pearson_log,0.5087922142054214,4534,4536,71,ok
allele_embedding,peptide_disjoint,censored_hinge,nonzero,size_weighted,pearson_log,0.537013742743079,4534,4536,71,ok
allele_embedding,peptide_disjoint,censored_hinge,nonzero,pooled,auc_gt_2h,0.8329327184783116,4536,4536,73,ok
allele_embedding,peptide_disjoint,censored_hinge,nonzero,macro,auc_gt_2h,0.7568831034187915,4525,4536,69,ok
allele_embedding,peptide_disjoint,censored_hinge,nonzero,size_weighted,auc_gt_2h,0.7664060028187663,4525,4536,69,ok
allele_embedding,peptide_disjoint,mse,all,pooled,spearman,0.730865922938654,5670,5670,75,ok
allele_embedding,peptide_disjoint,mse,all,macro,spearman,0.5260922070091523,5665,5670,71,ok
allele_embedding,peptide_disjoint,mse,all,size_weighted,spearman,0.550791634645555,5665,5670,71,ok
allele_embedding,peptide_disjoint,mse,all,pooled,pearson_log,0.7307055270810514,5670,5670,75,ok
allele_embedding,peptide_disjoint,mse,all,macro,pearson_log,0.5319621876957928,5665,5670,71,ok
allele_embedding,peptide_disjoint,mse,all,size_weighted,pearson_log,0.5433435925444648,5665,5670,71,ok
allele_embedding,peptide_disjoint,mse,all,pooled,auc_gt_2h,0.8667848337788391,5670,5670,75,ok
allele_embedding,peptide_disjoint,mse,all,macro,auc_gt_2h,0.7933786490284753,5593,5670,69,ok
allele_embedding,peptide_disjoint,mse,all,size_weighted,auc_gt_2h,0.7979495342801509,5593,5670,69,ok
allele_embedding,peptide_disjoint,mse,nonzero,pooled,spearman,0.661009581917005,4536,4536,73,ok
allele_embedding,peptide_disjoint,mse,nonzero,macro,spearman,0.48728409663300554,4534,4536,71,ok
allele_embedding,peptide_disjoint,mse,nonzero,size_weighted,spearman,0.5336079241238757,4534,4536,71,ok
allele_embedding,peptide_disjoint,mse,nonzero,pooled,pearson_log,0.6632203291722489,4536,4536,73,ok
allele_embedding,peptide_disjoint,mse,nonzero,macro,pearson_log,0.49922898381641445,4534,4536,71,ok
allele_embedding,peptide_disjoint,mse,nonzero,size_weighted,pearson_log,0.5370292667853227,4534,4536,71,ok
allele_embedding,peptide_disjoint,mse,nonzero,pooled,auc_gt_2h,0.8286000902063859,4536,4536,73,ok
allele_embedding,peptide_disjoint,mse,nonzero,macro,auc_gt_2h,0.7604808520885188,4525,4536,69,ok
allele_embedding,peptide_disjoint,mse,nonzero,size_weighted,auc_gt_2h,0.775107117608131,4525,4536,69,ok
allele_embedding,peptide_disjoint,ranking,all,pooled,spearman,0.4234044851317586,5670,5670,75,ok
allele_embedding,peptide_disjoint,ranking,all,macro,spearman,0.5662726323770602,5665,5670,71,ok
allele_embedding,peptide_disjoint,ranking,all,size_weighted,spearman,0.5839891237982328,5665,5670,71,ok
allele_embedding,peptide_disjoint,ranking,all,pooled,pearson_log,0.42076886627559806,5670,5670,75,ok
allele_embedding,peptide_disjoint,ranking,all,macro,pearson_log,0.5577355206303394,5665,5670,71,ok
allele_embedding,peptide_disjoint,ranking,all,size_weighted,pearson_log,0.5710181213287251,5665,5670,71,ok
allele_embedding,peptide_disjoint,ranking,all,pooled,auc_gt_2h,0.716291230893001,5670,5670,75,ok
allele_embedding,peptide_disjoint,ranking,all,macro,auc_gt_2h,0.8002742700197931,5593,5670,69,ok
allele_embedding,peptide_disjoint,ranking,all,size_weighted,auc_gt_2h,0.8019528810531439,5593,5670,69,ok
allele_embedding,peptide_disjoint,ranking,nonzero,pooled,spearman,0.3501488519487112,4536,4536,73,ok
allele_embedding,peptide_disjoint,ranking,nonzero,macro,spearman,0.516609321459773,4534,4536,71,ok
allele_embedding,peptide_disjoint,ranking,nonzero,size_weighted,spearman,0.5545013121067273,4534,4536,71,ok
allele_embedding,peptide_disjoint,ranking,nonzero,pooled,pearson_log,0.3440301812888154,4536,4536,73,ok
allele_embedding,peptide_disjoint,ranking,nonzero,macro,pearson_log,0.5247205004124649,4534,4536,71,ok
allele_embedding,peptide_disjoint,ranking,nonzero,size_weighted,pearson_log,0.551360623801613,4534,4536,71,ok
allele_embedding,peptide_disjoint,ranking,nonzero,pooled,auc_gt_2h,0.6798505373501096,4536,4536,73,ok
allele_embedding,peptide_disjoint,ranking,nonzero,macro,auc_gt_2h,0.7659649784732346,4525,4536,69,ok
allele_embedding,peptide_disjoint,ranking,nonzero,size_weighted,auc_gt_2h,0.7775961336691112,4525,4536,69,ok
allele_embedding,random,censored_hinge,all,pooled,spearman,0.6583389774623735,5634,5634,75,ok
allele_embedding,random,censored_hinge,all,macro,spearman,0.3762145588913791,5633,5634,74,ok
allele_embedding,random,censored_hinge,all,size_weighted,spearman,0.40375980484419705,5633,5634,74,ok
allele_embedding,random,censored_hinge,all,pooled,pearson_log,0.659788291644909,5634,5634,75,ok
allele_embedding,random,censored_hinge,all,macro,pearson_log,0.3637441663204159,5633,5634,74,ok
allele_embedding,random,censored_hinge,all,size_weighted,pearson_log,0.3985833945790057,5633,5634,74,ok
allele_embedding,random,censored_hinge,all,pooled,auc_gt_2h,0.8334489479247587,5634,5634,75,ok
allele_embedding,random,censored_hinge,all,macro,auc_gt_2h,0.729424718340852,5552,5634,71,ok
allele_embedding,random,censored_hinge,all,size_weighted,auc_gt_2h,0.7343698531575991,5552,5634,71,ok
allele_embedding,random,censored_hinge,nonzero,pooled,spearman,0.5872042205305218,4508,4508,74,ok
allele_embedding,random,censored_hinge,nonzero,macro,spearman,0.39201101017537826,4507,4508,73,ok
allele_embedding,random,censored_hinge,nonzero,size_weighted,spearman,0.41354363327939436,4507,4508,73,ok
allele_embedding,random,censored_hinge,nonzero,pooled,pearson_log,0.5909123546557975,4508,4508,74,ok
allele_embedding,random,censored_hinge,nonzero,macro,pearson_log,0.39073137824199444,4507,4508,73,ok
allele_embedding,random,censored_hinge,nonzero,size_weighted,pearson_log,0.41332866286367853,4507,4508,73,ok
allele_embedding,random,censored_hinge,nonzero,pooled,auc_gt_2h,0.7943883529506478,4508,4508,74,ok
allele_embedding,random,censored_hinge,nonzero,macro,auc_gt_2h,0.7186232624382508,4498,4508,71,ok
allele_embedding,random,censored_hinge,nonzero,size_weighted,auc_gt_2h,0.7177003983677798,4498,4508,71,ok
allele_embedding,random,mse,all,pooled,spearman,0.6577165352149759,5634,5634,75,ok
allele_embedding,random,mse,all,macro,spearman,0.3928621517766126,5633,5634,74,ok
allele_embedding,random,mse,all,size_weighted,spearman,0.4063084089015055,5633,5634,74,ok
allele_embedding,random,mse,all,pooled,pearson_log,0.6613394229690737,5634,5634,75,ok
allele_embedding,random,mse,all,macro,pearson_log,0.3764225222534086,5633,5634,74,ok
allele_embedding,random,mse,all,size_weighted,pearson_log,0.4001199332253941,5633,5634,74,ok
allele_embedding,random,mse,all,pooled,auc_gt_2h,0.8291630297293725,5634,5634,75,ok
allele_embedding,random,mse,all,macro,auc_gt_2h,0.7238898963572289,5552,5634,71,ok
allele_embedding,random,mse,all,size_weighted,auc_gt_2h,0.7294710798870799,5552,5634,71,ok
allele_embedding,random,mse,nonzero,pooled,spearman,0.5666379922928774,4508,4508,74,ok
allele_embedding,random,mse,nonzero,macro,spearman,0.4031106588463754,4507,4508,73,ok
allele_embedding,random,mse,nonzero,size_weighted,spearman,0.401634832192563,4507,4508,73,ok
allele_embedding,random,mse,nonzero,pooled,pearson_log,0.5651941994356025,4508,4508,74,ok
allele_embedding,random,mse,nonzero,macro,pearson_log,0.39910470644168994,4507,4508,73,ok
allele_embedding,random,mse,nonzero,size_weighted,pearson_log,0.4010479464606077,4507,4508,73,ok
allele_embedding,random,mse,nonzero,pooled,auc_gt_2h,0.7844946283588873,4508,4508,74,ok
allele_embedding,random,mse,nonzero,macro,auc_gt_2h,0.711586929023713,4498,4508,71,ok
allele_embedding,random,mse,nonzero,size_weighted,auc_gt_2h,0.7058040533523887,4498,4508,71,ok
allele_embedding,random,ranking,all,pooled,spearman,0.4255383163973176,5634,5634,75,ok
allele_embedding,random,ranking,all,macro,spearman,0.5408725469256257,5633,5634,74,ok
allele_embedding,random,ranking,all,size_weighted,spearman,0.5514956842897968,5633,5634,74,ok
allele_embedding,random,ranking,all,pooled,pearson_log,0.4387404742279283,5634,5634,75,ok
allele_embedding,random,ranking,all,macro,pearson_log,0.5251289006325366,5633,5634,74,ok
allele_embedding,random,ranking,all,size_weighted,pearson_log,0.5476296807172437,5633,5634,74,ok
allele_embedding,random,ranking,all,pooled,auc_gt_2h,0.7032469655280833,5634,5634,75,ok
allele_embedding,random,ranking,all,macro,auc_gt_2h,0.7937936814974638,5552,5634,71,ok
allele_embedding,random,ranking,all,size_weighted,auc_gt_2h,0.7910408775528808,5552,5634,71,ok
allele_embedding,random,ranking,nonzero,pooled,spearman,0.33733141254209237,4508,4508,74,ok
allele_embedding,random,ranking,nonzero,macro,spearman,0.4916919153073651,4507,4508,73,ok
allele_embedding,random,ranking,nonzero,size_weighted,spearman,0.5337046901595436,4507,4508,73,ok
allele_embedding,random,ranking,nonzero,pooled,pearson_log,0.35699129710526495,4508,4508,74,ok
allele_embedding,random,ranking,nonzero,macro,pearson_log,0.48797512020646533,4507,4508,73,ok
allele_embedding,random,ranking,nonzero,size_weighted,pearson_log,0.5333526024076536,4507,4508,73,ok
allele_embedding,random,ranking,nonzero,pooled,auc_gt_2h,0.6593573084691408,4508,4508,74,ok
allele_embedding,random,ranking,nonzero,macro,auc_gt_2h,0.7637567279705754,4498,4508,71,ok
allele_embedding,random,ranking,nonzero,size_weighted,auc_gt_2h,0.7686368686010863,4498,4508,71,ok
allele_mean,leave_one_allele_out,reference,all,pooled,spearman,-0.5417110552870713,28166,28166,75,ok
allele_mean,leave_one_allele_out,reference,all,macro,spearman,0.0,28166,28166,75,ok
allele_mean,leave_one_allele_out,reference,all,size_weighted,spearman,0.0,28166,28166,75,ok
allele_mean,leave_one_allele_out,reference,all,pooled,pearson_log,-0.5164563933068773,28166,28166,75,ok
allele_mean,leave_one_allele_out,reference,all,macro,pearson_log,0.0,28166,28166,75,ok
allele_mean,leave_one_allele_out,reference,all,size_weighted,pearson_log,0.0,28166,28166,75,ok
allele_mean,leave_one_allele_out,reference,all,pooled,auc_gt_2h,0.23032281394425425,28166,28166,75,ok
allele_mean,leave_one_allele_out,reference,all,macro,auc_gt_2h,0.5,28166,28166,75,ok
allele_mean,leave_one_allele_out,reference,all,size_weighted,auc_gt_2h,0.5,28166,28166,75,ok
allele_mean,leave_one_allele_out,reference,nonzero,pooled,spearman,-0.4123349227596667,22487,22487,75,ok
allele_mean,leave_one_allele_out,reference,nonzero,macro,spearman,0.0,22487,22487,75,ok
allele_mean,leave_one_allele_out,reference,nonzero,size_weighted,spearman,0.0,22487,22487,75,ok
allele_mean,leave_one_allele_out,reference,nonzero,pooled,pearson_log,-0.378512377726019,22487,22487,75,ok
allele_mean,leave_one_allele_out,reference,nonzero,macro,pearson_log,0.0,22487,22487,75,ok
allele_mean,leave_one_allele_out,reference,nonzero,size_weighted,pearson_log,0.0,22487,22487,75,ok
allele_mean,leave_one_allele_out,reference,nonzero,pooled,auc_gt_2h,0.28459672044252676,22487,22487,75,ok
allele_mean,leave_one_allele_out,reference,nonzero,macro,auc_gt_2h,0.5,22487,22487,75,ok
allele_mean,leave_one_allele_out,reference,nonzero,size_weighted,auc_gt_2h,0.5,22487,22487,75,ok
allele_mean,peptide_disjoint,reference,all,pooled,spearman,0.5346096711073872,5670,5670,75,ok
allele_mean,peptide_disjoint,reference,all,macro,spearman,0.0,5665,5670,71,ok
allele_mean,peptide_disjoint,reference,all,size_weighted,spearman,0.0,5665,5670,71,ok
allele_mean,peptide_disjoint,reference,all,pooled,pearson_log,0.5420253768063614,5670,5670,75,ok
allele_mean,peptide_disjoint,reference,all,macro,pearson_log,0.0,5665,5670,71,ok
allele_mean,peptide_disjoint,reference,all,size_weighted,pearson_log,0.0,5665,5670,71,ok
allele_mean,peptide_disjoint,reference,all,pooled,auc_gt_2h,0.7610672021384268,5670,5670,75,ok
allele_mean,peptide_disjoint,reference,all,macro,auc_gt_2h,0.5,5593,5670,69,ok
allele_mean,peptide_disjoint,reference,all,size_weighted,auc_gt_2h,0.5,5593,5670,69,ok
allele_mean,peptide_disjoint,reference,nonzero,pooled,spearman,0.40646450209211543,4536,4536,73,ok
allele_mean,peptide_disjoint,reference,nonzero,macro,spearman,0.0,4534,4536,71,ok
allele_mean,peptide_disjoint,reference,nonzero,size_weighted,spearman,0.0,4534,4536,71,ok
allele_mean,peptide_disjoint,reference,nonzero,pooled,pearson_log,0.3967296220552018,4536,4536,73,ok
allele_mean,peptide_disjoint,reference,nonzero,macro,pearson_log,0.0,4534,4536,71,ok
allele_mean,peptide_disjoint,reference,nonzero,size_weighted,pearson_log,0.0,4534,4536,71,ok
allele_mean,peptide_disjoint,reference,nonzero,pooled,auc_gt_2h,0.7063273753052243,4536,4536,73,ok
allele_mean,peptide_disjoint,reference,nonzero,macro,auc_gt_2h,0.5,4525,4536,69,ok
allele_mean,peptide_disjoint,reference,nonzero,size_weighted,auc_gt_2h,0.5,4525,4536,69,ok
allele_mean,random,reference,all,pooled,spearman,0.5515178918731225,5634,5634,75,ok
allele_mean,random,reference,all,macro,spearman,0.0,5633,5634,74,ok
allele_mean,random,reference,all,size_weighted,spearman,0.0,5633,5634,74,ok
allele_mean,random,reference,all,pooled,pearson_log,0.5601628599983021,5634,5634,75,ok
allele_mean,random,reference,all,macro,pearson_log,0.0,5633,5634,74,ok
allele_mean,random,reference,all,size_weighted,pearson_log,0.0,5633,5634,74,ok
allele_mean,random,reference,all,pooled,auc_gt_2h,0.7724214799763991,5634,5634,75,ok
allele_mean,random,reference,all,macro,auc_gt_2h,0.5,5552,5634,71,ok
allele_mean,random,reference,all,size_weighted,auc_gt_2h,0.5,5552,5634,71,ok
allele_mean,random,reference,nonzero,pooled,spearman,0.4204422458022526,4508,4508,74,ok
allele_mean,random,reference,nonzero,macro,spearman,0.0,4507,4508,73,ok
allele_mean,random,reference,nonzero,size_weighted,spearman,0.0,4507,4508,73,ok
allele_mean,random,reference,nonzero,pooled,pearson_log,0.4120578717382133,4508,4508,74,ok
allele_mean,random,reference,nonzero,macro,pearson_log,0.0,4507,4508,73,ok
allele_mean,random,reference,nonzero,size_weighted,pearson_log,0.0,4507,4508,73,ok
allele_mean,random,reference,nonzero,pooled,auc_gt_2h,0.7178664568624121,4508,4508,74,ok
allele_mean,random,reference,nonzero,macro,auc_gt_2h,0.5,4498,4508,71,ok
allele_mean,random,reference,nonzero,size_weighted,auc_gt_2h,0.5,4498,4508,71,ok
baseline_plus_conditional_all,leave_one_allele_out,mse,all,pooled,spearman,0.5689512293271072,28166,28166,75,ok
baseline_plus_conditional_all,leave_one_allele_out,mse,all,macro,spearman,0.4928341727259622,28166,28166,75,ok
baseline_plus_conditional_all,leave_one_allele_out,mse,all,size_weighted,spearman,0.5092983162947157,28166,28166,75,ok
baseline_plus_conditional_all,leave_one_allele_out,mse,all,pooled,pearson_log,0.5813328775250624,28166,28166,75,ok
baseline_plus_conditional_all,leave_one_allele_out,mse,all,macro,pearson_log,0.49654007522024957,28166,28166,75,ok
baseline_plus_conditional_all,leave_one_allele_out,mse,all,size_weighted,pearson_log,0.5135665523422881,28166,28166,75,ok
baseline_plus_conditional_all,leave_one_allele_out,mse,all,pooled,auc_gt_2h,0.7754371931694144,28166,28166,75,ok
baseline_plus_conditional_all,leave_one_allele_out,mse,all,macro,auc_gt_2h,0.7707734030775815,28166,28166,75,ok
baseline_plus_conditional_all,leave_one_allele_out,mse,all,size_weighted,auc_gt_2h,0.7798675609604442,28166,28166,75,ok
baseline_plus_conditional_all,leave_one_allele_out,mse,nonzero,pooled,spearman,0.477084624872781,22487,22487,75,ok
baseline_plus_conditional_all,leave_one_allele_out,mse,nonzero,macro,spearman,0.45268538762087396,22487,22487,75,ok
baseline_plus_conditional_all,leave_one_allele_out,mse,nonzero,size_weighted,spearman,0.48661383492288957,22487,22487,75,ok
baseline_plus_conditional_all,leave_one_allele_out,mse,nonzero,pooled,pearson_log,0.4861331210095211,22487,22487,75,ok
baseline_plus_conditional_all,leave_one_allele_out,mse,nonzero,macro,pearson_log,0.4591763070477804,22487,22487,75,ok
baseline_plus_conditional_all,leave_one_allele_out,mse,nonzero,size_weighted,pearson_log,0.4893774927961848,22487,22487,75,ok
baseline_plus_conditional_all,leave_one_allele_out,mse,nonzero,pooled,auc_gt_2h,0.7279396275486903,22487,22487,75,ok
baseline_plus_conditional_all,leave_one_allele_out,mse,nonzero,macro,auc_gt_2h,0.7356862065959916,22487,22487,75,ok
baseline_plus_conditional_all,leave_one_allele_out,mse,nonzero,size_weighted,auc_gt_2h,0.7523266978378139,22487,22487,75,ok
baseline_plus_conditional_all,leave_one_allele_out,ranking,all,pooled,spearman,0.22602043919558615,28166,28166,75,ok
baseline_plus_conditional_all,leave_one_allele_out,ranking,all,macro,spearman,0.5060303961138826,28166,28166,75,ok
baseline_plus_conditional_all,leave_one_allele_out,ranking,all,size_weighted,spearman,0.5305591110994474,28166,28166,75,ok
baseline_plus_conditional_all,leave_one_allele_out,ranking,all,pooled,pearson_log,0.2317699068841375,28166,28166,75,ok
baseline_plus_conditional_all,leave_one_allele_out,ranking,all,macro,pearson_log,0.5015662444104139,28166,28166,75,ok
baseline_plus_conditional_all,leave_one_allele_out,ranking,all,size_weighted,pearson_log,0.5241202939742287,28166,28166,75,ok
baseline_plus_conditional_all,leave_one_allele_out,ranking,all,pooled,auc_gt_2h,0.634273400927065,28166,28166,75,ok
baseline_plus_conditional_all,leave_one_allele_out,ranking,all,macro,auc_gt_2h,0.7742040513880961,28166,28166,75,ok
baseline_plus_conditional_all,leave_one_allele_out,ranking,all,size_weighted,auc_gt_2h,0.7859385821844926,28166,28166,75,ok
baseline_plus_conditional_all,leave_one_allele_out,ranking,nonzero,pooled,spearman,0.26683217010855576,22487,22487,75,ok
baseline_plus_conditional_all,leave_one_allele_out,ranking,nonzero,macro,spearman,0.47085472659201827,22487,22487,75,ok
baseline_plus_conditional_all,leave_one_allele_out,ranking,nonzero,size_weighted,spearman,0.5179798109679651,22487,22487,75,ok
baseline_plus_conditional_all,leave_one_allele_out,ranking,nonzero,pooled,pearson_log,0.2760262882633883,22487,22487,75,ok
baseline_plus_conditional_all,leave_one_allele_out,ranking,nonzero,macro,pearson_log,0.4695976750683828,22487,22487,75,ok
baseline_plus_conditional_all,leave_one_allele_out,ranking,nonzero,size_weighted,pearson_log,0.5142545858172243,22487,22487,75,ok
baseline_plus_conditional_all,leave_one_allele_out,ranking,nonzero,pooled,auc_gt_2h,0.6380556584036594,22487,22487,75,ok
baseline_plus_conditional_all,leave_one_allele_out,ranking,nonzero,macro,auc_gt_2h,0.7409922472919644,22487,22487,75,ok
baseline_plus_conditional_all,leave_one_allele_out,ranking,nonzero,size_weighted,auc_gt_2h,0.763093579997903,22487,22487,75,ok
baseline_plus_conditional_all,peptide_disjoint,mse,all,pooled,spearman,0.7505499447797445,5670,5670,75,ok
baseline_plus_conditional_all,peptide_disjoint,mse,all,macro,spearman,0.5500287240060672,5665,5670,71,ok
baseline_plus_conditional_all,peptide_disjoint,mse,all,size_weighted,spearman,0.5771759501918704,5665,5670,71,ok
baseline_plus_conditional_all,peptide_disjoint,mse,all,pooled,pearson_log,0.7491154036501353,5670,5670,75,ok
baseline_plus_conditional_all,peptide_disjoint,mse,all,macro,pearson_log,0.5681443695666162,5665,5670,71,ok
baseline_plus_conditional_all,peptide_disjoint,mse,all,size_weighted,pearson_log,0.5852264513218427,5665,5670,71,ok
baseline_plus_conditional_all,peptide_disjoint,mse,all,pooled,auc_gt_2h,0.8752593880569901,5670,5670,75,ok
baseline_plus_conditional_all,peptide_disjoint,mse,all,macro,auc_gt_2h,0.80195251304569,5593,5670,69,ok
baseline_plus_conditional_all,peptide_disjoint,mse,all,size_weighted,auc_gt_2h,0.8121849879340193,5593,5670,69,ok
baseline_plus_conditional_all,peptide_disjoint,mse,nonzero,pooled,spearman,0.6775195435405964,4536,4536,73,ok
baseline_plus_conditional_all,peptide_disjoint,mse,nonzero,macro,spearman,0.5109215296261688,4534,4536,71,ok
baseline_plus_conditional_all,peptide_disjoint,mse,nonzero,size_weighted,spearman,0.5485103193346584,4534,4536,71,ok
baseline_plus_conditional_all,peptide_disjoint,mse,nonzero,pooled,pearson_log,0.6794408236060404,4536,4536,73,ok
baseline_plus_conditional_all,peptide_disjoint,mse,nonzero,macro,pearson_log,0.5378051665889797,4534,4536,71,ok
baseline_plus_conditional_all,peptide_disjoint,mse,nonzero,size_weighted,pearson_log,0.558482855933141,4534,4536,71,ok
baseline_plus_conditional_all,peptide_disjoint,mse,nonzero,pooled,auc_gt_2h,0.8370890165948645,4536,4536,73,ok
baseline_plus_conditional_all,peptide_disjoint,mse,nonzero,macro,auc_gt_2h,0.769652888395841,4525,4536,69,ok
baseline_plus_conditional_all,peptide_disjoint,mse,nonzero,size_weighted,auc_gt_2h,0.7865082798095966,4525,4536,69,ok
baseline_plus_conditional_all,peptide_disjoint,ranking,all,pooled,spearman,0.32346746865547027,5670,5670,75,ok
baseline_plus_conditional_all,peptide_disjoint,ranking,all,macro,spearman,0.6186236752155718,5665,5670,71,ok
baseline_plus_conditional_all,peptide_disjoint,ranking,all,size_weighted,spearman,0.6360236236937914,5665,5670,71,ok
baseline_plus_conditional_all,peptide_disjoint,ranking,all,pooled,pearson_log,0.3332285369608755,5670,5670,75,ok
baseline_plus_conditional_all,peptide_disjoint,ranking,all,macro,pearson_log,0.612590523152678,5665,5670,71,ok
baseline_plus_conditional_all,peptide_disjoint,ranking,all,size_weighted,pearson_log,0.6291370388412203,5665,5670,71,ok
baseline_plus_conditional_all,peptide_disjoint,ranking,all,pooled,auc_gt_2h,0.6731896685957491,5670,5670,75,ok
baseline_plus_conditional_all,peptide_disjoint,ranking,all,macro,auc_gt_2h,0.8185434694789191,5593,5670,69,ok
baseline_plus_conditional_all,peptide_disjoint,ranking,all,size_weighted,auc_gt_2h,0.8321742553786148,5593,5670,69,ok
baseline_plus_conditional_all,peptide_disjoint,ranking,nonzero,pooled,spearman,0.3034386219617222,4536,4536,73,ok
baseline_plus_conditional_all,peptide_disjoint,ranking,nonzero,macro,spearman,0.5762604456028042,4534,4536,71,ok
baseline_plus_conditional_all,peptide_disjoint,ranking,nonzero,size_weighted,spearman,0.6017455780238087,4534,4536,71,ok
baseline_plus_conditional_all,peptide_disjoint,ranking,nonzero,pooled,pearson_log,0.3259073994743847,4536,4536,73,ok
baseline_plus_conditional_all,peptide_disjoint,ranking,nonzero,macro,pearson_log,0.5763126880986833,4534,4536,71,ok
baseline_plus_conditional_all,peptide_disjoint,ranking,nonzero,size_weighted,pearson_log,0.6001285263277387,4534,4536,71,ok
baseline_plus_conditional_all,peptide_disjoint,ranking,nonzero,pooled,auc_gt_2h,0.6551341819991601,4536,4536,73,ok
baseline_plus_conditional_all,peptide_disjoint,ranking,nonzero,macro,auc_gt_2h,0.7834674825326323,4525,4536,69,ok
baseline_plus_conditional_all,peptide_disjoint,ranking,nonzero,size_weighted,auc_gt_2h,0.8036781124749091,4525,4536,69,ok
baseline_plus_conditional_all,random,mse,all,pooled,spearman,0.7045106750687228,5634,5634,75,ok
baseline_plus_conditional_all,random,mse,all,macro,spearman,0.48218675107879905,5633,5634,74,ok
baseline_plus_conditional_all,random,mse,all,size_weighted,spearman,0.5018834527734253,5633,5634,74,ok
baseline_plus_conditional_all,random,mse,all,pooled,pearson_log,0.7037459201332414,5634,5634,75,ok
baseline_plus_conditional_all,random,mse,all,macro,pearson_log,0.4873812108112399,5633,5634,74,ok
baseline_plus_conditional_all,random,mse,all,size_weighted,pearson_log,0.5118570147887239,5633,5634,74,ok
baseline_plus_conditional_all,random,mse,all,pooled,auc_gt_2h,0.8576970967867124,5634,5634,75,ok
baseline_plus_conditional_all,random,mse,all,macro,auc_gt_2h,0.7772859286263063,5552,5634,71,ok
baseline_plus_conditional_all,random,mse,all,size_weighted,auc_gt_2h,0.783139833496129,5552,5634,71,ok
baseline_plus_conditional_all,random,mse,nonzero,pooled,spearman,0.6169449032417499,4508,4508,74,ok
baseline_plus_conditional_all,random,mse,nonzero,macro,spearman,0.43416868632518657,4507,4508,73,ok
baseline_plus_conditional_all,random,mse,nonzero,size_weighted,spearman,0.46494398034539114,4507,4508,73,ok
baseline_plus_conditional_all,random,mse,nonzero,pooled,pearson_log,0.6141541868650819,4508,4508,74,ok
baseline_plus_conditional_all,random,mse,nonzero,macro,pearson_log,0.4442882033248611,4507,4508,73,ok
baseline_plus_conditional_all,random,mse,nonzero,size_weighted,pearson_log,0.47465910661201083,4507,4508,73,ok
baseline_plus_conditional_all,random,mse,nonzero,pooled,auc_gt_2h,0.816978988014663,4508,4508,74,ok
baseline_plus_conditional_all,random,mse,nonzero,macro,auc_gt_2h,0.7443116721125869,4498,4508,71,ok
baseline_plus_conditional_all,random,mse,nonzero,size_weighted,auc_gt_2h,0.7532789014457868,4498,4508,71,ok
baseline_plus_conditional_all,random,ranking,all,pooled,spearman,0.38531483114782933,5634,5634,75,ok
baseline_plus_conditional_all,random,ranking,all,macro,spearman,0.639718916956733,5633,5634,74,ok
baseline_plus_conditional_all,random,ranking,all,size_weighted,spearman,0.6536476063006539,5633,5634,74,ok
baseline_plus_conditional_all,random,ranking,all,pooled,pearson_log,0.38479230891049176,5634,5634,75,ok
baseline_plus_conditional_all,random,ranking,all,macro,pearson_log,0.6378420544498885,5633,5634,74,ok
baseline_plus_conditional_all,random,ranking,all,size_weighted,pearson_log,0.6544843099569824,5633,5634,74,ok
baseline_plus_conditional_all,random,ranking,all,pooled,auc_gt_2h,0.6971882171782717,5634,5634,75,ok
baseline_plus_conditional_all,random,ranking,all,macro,auc_gt_2h,0.8474413035108286,5552,5634,71,ok
baseline_plus_conditional_all,random,ranking,all,size_weighted,auc_gt_2h,0.845201708643429,5552,5634,71,ok
baseline_plus_conditional_all,random,ranking,nonzero,pooled,spearman,0.34530731344632365,4508,4508,74,ok
baseline_plus_conditional_all,random,ranking,nonzero,macro,spearman,0.5632967525948148,4507,4508,73,ok
baseline_plus_conditional_all,random,ranking,nonzero,size_weighted,spearman,0.6155408534918212,4507,4508,73,ok
baseline_plus_conditional_all,random,ranking,nonzero,pooled,pearson_log,0.34352374088491255,4508,4508,74,ok
baseline_plus_conditional_all,random,ranking,nonzero,macro,pearson_log,0.5721249950229268,4507,4508,73,ok
baseline_plus_conditional_all,random,ranking,nonzero,size_weighted,pearson_log,0.6174752677067017,4507,4508,73,ok
baseline_plus_conditional_all,random,ranking,nonzero,pooled,auc_gt_2h,0.6692701264553547,4508,4508,74,ok
baseline_plus_conditional_all,random,ranking,nonzero,macro,auc_gt_2h,0.8067797263116433,4498,4508,71,ok
baseline_plus_conditional_all,random,ranking,nonzero,size_weighted,auc_gt_2h,0.8179644205030554,4498,4508,71,ok
baseline_plus_conditional_anchor_softmax,leave_one_allele_out,mse,all,pooled,spearman,0.5585769887203611,28166,28166,75,ok
baseline_plus_conditional_anchor_softmax,leave_one_allele_out,mse,all,macro,spearman,0.4585141147210027,28166,28166,75,ok
baseline_plus_conditional_anchor_softmax,leave_one_allele_out,mse,all,size_weighted,spearman,0.48028738297727047,28166,28166,75,ok
baseline_plus_conditional_anchor_softmax,leave_one_allele_out,mse,all,pooled,pearson_log,0.5671903027969151,28166,28166,75,ok
baseline_plus_conditional_anchor_softmax,leave_one_allele_out,mse,all,macro,pearson_log,0.4565468026168105,28166,28166,75,ok
baseline_plus_conditional_anchor_softmax,leave_one_allele_out,mse,all,size_weighted,pearson_log,0.4803002079205707,28166,28166,75,ok
baseline_plus_conditional_anchor_softmax,leave_one_allele_out,mse,all,pooled,auc_gt_2h,0.771423507810841,28166,28166,75,ok
baseline_plus_conditional_anchor_softmax,leave_one_allele_out,mse,all,macro,auc_gt_2h,0.7527736907601146,28166,28166,75,ok
baseline_plus_conditional_anchor_softmax,leave_one_allele_out,mse,all,size_weighted,auc_gt_2h,0.7658246707987172,28166,28166,75,ok
baseline_plus_conditional_anchor_softmax,leave_one_allele_out,mse,nonzero,pooled,spearman,0.47040640937659783,22487,22487,75,ok
baseline_plus_conditional_anchor_softmax,leave_one_allele_out,mse,nonzero,macro,spearman,0.4324527310865766,22487,22487,75,ok
baseline_plus_conditional_anchor_softmax,leave_one_allele_out,mse,nonzero,size_weighted,spearman,0.46825979222278485,22487,22487,75,ok
baseline_plus_conditional_anchor_softmax,leave_one_allele_out,mse,nonzero,pooled,pearson_log,0.4718761087263471,22487,22487,75,ok
baseline_plus_conditional_anchor_softmax,leave_one_allele_out,mse,nonzero,macro,pearson_log,0.43022681117506567,22487,22487,75,ok
baseline_plus_conditional_anchor_softmax,leave_one_allele_out,mse,nonzero,size_weighted,pearson_log,0.4686597418331459,22487,22487,75,ok
baseline_plus_conditional_anchor_softmax,leave_one_allele_out,mse,nonzero,pooled,auc_gt_2h,0.7252072483557133,22487,22487,75,ok
baseline_plus_conditional_anchor_softmax,leave_one_allele_out,mse,nonzero,macro,auc_gt_2h,0.7239274748294262,22487,22487,75,ok
baseline_plus_conditional_anchor_softmax,leave_one_allele_out,mse,nonzero,size_weighted,auc_gt_2h,0.7416693146157824,22487,22487,75,ok
baseline_plus_conditional_anchor_softmax,peptide_disjoint,mse,all,pooled,spearman,0.7427783067107195,5670,5670,75,ok
baseline_plus_conditional_anchor_softmax,peptide_disjoint,mse,all,macro,spearman,0.5453510607662458,5665,5670,71,ok
baseline_plus_conditional_anchor_softmax,peptide_disjoint,mse,all,size_weighted,spearman,0.5698746175317886,5665,5670,71,ok
baseline_plus_conditional_anchor_softmax,peptide_disjoint,mse,all,pooled,pearson_log,0.7430103823504011,5670,5670,75,ok
baseline_plus_conditional_anchor_softmax,peptide_disjoint,mse,all,macro,pearson_log,0.5524092605650189,5665,5670,71,ok
baseline_plus_conditional_anchor_softmax,peptide_disjoint,mse,all,size_weighted,pearson_log,0.5750713023761854,5665,5670,71,ok
baseline_plus_conditional_anchor_softmax,peptide_disjoint,mse,all,pooled,auc_gt_2h,0.8728960890665145,5670,5670,75,ok
baseline_plus_conditional_anchor_softmax,peptide_disjoint,mse,all,macro,auc_gt_2h,0.8026302499037596,5593,5670,69,ok
baseline_plus_conditional_anchor_softmax,peptide_disjoint,mse,all,size_weighted,auc_gt_2h,0.8047155976023187,5593,5670,69,ok
baseline_plus_conditional_anchor_softmax,peptide_disjoint,mse,nonzero,pooled,spearman,0.6720777288803038,4536,4536,73,ok
baseline_plus_conditional_anchor_softmax,peptide_disjoint,mse,nonzero,macro,spearman,0.49473661096652577,4534,4536,71,ok
baseline_plus_conditional_anchor_softmax,peptide_disjoint,mse,nonzero,size_weighted,spearman,0.5352408723105455,4534,4536,71,ok
baseline_plus_conditional_anchor_softmax,peptide_disjoint,mse,nonzero,pooled,pearson_log,0.6701856806974922,4536,4536,73,ok
baseline_plus_conditional_anchor_softmax,peptide_disjoint,mse,nonzero,macro,pearson_log,0.5129023932395573,4534,4536,71,ok
baseline_plus_conditional_anchor_softmax,peptide_disjoint,mse,nonzero,size_weighted,pearson_log,0.5455260083698902,4534,4536,71,ok
baseline_plus_conditional_anchor_softmax,peptide_disjoint,mse,nonzero,pooled,auc_gt_2h,0.8360244257119305,4536,4536,73,ok
baseline_plus_conditional_anchor_softmax,peptide_disjoint,mse,nonzero,macro,auc_gt_2h,0.7712104485266666,4525,4536,69,ok
baseline_plus_conditional_anchor_softmax,peptide_disjoint,mse,nonzero,size_weighted,auc_gt_2h,0.7801461139457699,4525,4536,69,ok
baseline_plus_conditional_anchor_softmax,random,mse,all,pooled,spearman,0.6651085243435901,5634,5634,75,ok
baseline_plus_conditional_anchor_softmax,random,mse,all,macro,spearman,0.4350401781609295,5633,5634,74,ok
baseline_plus_conditional_anchor_softmax,random,mse,all,size_weighted,spearman,0.4396779983105467,5633,5634,74,ok
baseline_plus_conditional_anchor_softmax,random,mse,all,pooled,pearson_log,0.6706527774121417,5634,5634,75,ok
baseline_plus_conditional_anchor_softmax,random,mse,all,macro,pearson_log,0.4211144101040279,5633,5634,74,ok
baseline_plus_conditional_anchor_softmax,random,mse,all,size_weighted,pearson_log,0.44185325684991233,5633,5634,74,ok
baseline_plus_conditional_anchor_softmax,random,mse,all,pooled,auc_gt_2h,0.8331749196365672,5634,5634,75,ok
baseline_plus_conditional_anchor_softmax,random,mse,all,macro,auc_gt_2h,0.751792535591051,5552,5634,71,ok
baseline_plus_conditional_anchor_softmax,random,mse,all,size_weighted,auc_gt_2h,0.7517561578199004,5552,5634,71,ok
baseline_plus_conditional_anchor_softmax,random,mse,nonzero,pooled,spearman,0.5821960968760629,4508,4508,74,ok
baseline_plus_conditional_anchor_softmax,random,mse,nonzero,macro,spearman,0.41859085589783873,4507,4508,73,ok
baseline_plus_conditional_anchor_softmax,random,mse,nonzero,size_weighted,spearman,0.42795391130760463,4507,4508,73,ok
baseline_plus_conditional_anchor_softmax,random,mse,nonzero,pooled,pearson_log,0.5823174355562224,4508,4508,74,ok
baseline_plus_conditional_anchor_softmax,random,mse,nonzero,macro,pearson_log,0.4189483061185795,4507,4508,73,ok
baseline_plus_conditional_anchor_softmax,random,mse,nonzero,size_weighted,pearson_log,0.4317900186173626,4507,4508,73,ok
baseline_plus_conditional_anchor_softmax,random,mse,nonzero,pooled,auc_gt_2h,0.7908511539988555,4508,4508,74,ok
baseline_plus_conditional_anchor_softmax,random,mse,nonzero,macro,auc_gt_2h,0.7303541754890225,4498,4508,71,ok
baseline_plus_conditional_anchor_softmax,random,mse,nonzero,size_weighted,auc_gt_2h,0.726754214081867,4498,4508,71,ok
baseline_plus_conditional_logp_per_position,leave_one_allele_out,mse,all,pooled,spearman,0.5197931651118589,28166,28166,75,ok
baseline_plus_conditional_logp_per_position,leave_one_allele_out,mse,all,macro,spearman,0.4779072108760078,28166,28166,75,ok
baseline_plus_conditional_logp_per_position,leave_one_allele_out,mse,all,size_weighted,spearman,0.49766847651235374,28166,28166,75,ok
baseline_plus_conditional_logp_per_position,leave_one_allele_out,mse,all,pooled,pearson_log,0.530497289622557,28166,28166,75,ok
baseline_plus_conditional_logp_per_position,leave_one_allele_out,mse,all,macro,pearson_log,0.47967951286480076,28166,28166,75,ok
baseline_plus_conditional_logp_per_position,leave_one_allele_out,mse,all,size_weighted,pearson_log,0.497020326654667,28166,28166,75,ok
baseline_plus_conditional_logp_per_position,leave_one_allele_out,mse,all,pooled,auc_gt_2h,0.7512948935727621,28166,28166,75,ok
baseline_plus_conditional_logp_per_position,leave_one_allele_out,mse,all,macro,auc_gt_2h,0.7605010016044935,28166,28166,75,ok
baseline_plus_conditional_logp_per_position,leave_one_allele_out,mse,all,size_weighted,auc_gt_2h,0.7707541359010722,28166,28166,75,ok
baseline_plus_conditional_logp_per_position,leave_one_allele_out,mse,nonzero,pooled,spearman,0.4352365268329317,22487,22487,75,ok
baseline_plus_conditional_logp_per_position,leave_one_allele_out,mse,nonzero,macro,spearman,0.43969488523859535,22487,22487,75,ok
baseline_plus_conditional_logp_per_position,leave_one_allele_out,mse,nonzero,size_weighted,spearman,0.4810283034507813,22487,22487,75,ok
baseline_plus_conditional_logp_per_position,leave_one_allele_out,mse,nonzero,pooled,pearson_log,0.4446851000673708,22487,22487,75,ok
baseline_plus_conditional_logp_per_position,leave_one_allele_out,mse,nonzero,macro,pearson_log,0.4388401049016881,22487,22487,75,ok
baseline_plus_conditional_logp_per_position,leave_one_allele_out,mse,nonzero,size_weighted,pearson_log,0.47951608618955843,22487,22487,75,ok
baseline_plus_conditional_logp_per_position,leave_one_allele_out,mse,nonzero,pooled,auc_gt_2h,0.7062837522994085,22487,22487,75,ok
baseline_plus_conditional_logp_per_position,leave_one_allele_out,mse,nonzero,macro,auc_gt_2h,0.7248714608919574,22487,22487,75,ok
baseline_plus_conditional_logp_per_position,leave_one_allele_out,mse,nonzero,size_weighted,auc_gt_2h,0.7462007285115232,22487,22487,75,ok
baseline_plus_conditional_logp_per_position,peptide_disjoint,mse,all,pooled,spearman,0.7350495769540536,5670,5670,75,ok
baseline_plus_conditional_logp_per_position,peptide_disjoint,mse,all,macro,spearman,0.5426177270392536,5665,5670,71,ok
baseline_plus_conditional_logp_per_position,peptide_disjoint,mse,all,size_weighted,spearman,0.5503038359932586,5665,5670,71,ok
baseline_plus_conditional_logp_per_position,peptide_disjoint,mse,all,pooled,pearson_log,0.7337784479341793,5670,5670,75,ok
baseline_plus_conditional_logp_per_position,peptide_disjoint,mse,all,macro,pearson_log,0.5507708262274503,5665,5670,71,ok
baseline_plus_conditional_logp_per_position,peptide_disjoint,mse,all,size_weighted,pearson_log,0.5550136398459206,5665,5670,71,ok
baseline_plus_conditional_logp_per_position,peptide_disjoint,mse,all,pooled,auc_gt_2h,0.8694875820725092,5670,5670,75,ok
baseline_plus_conditional_logp_per_position,peptide_disjoint,mse,all,macro,auc_gt_2h,0.7976461672925711,5593,5670,69,ok
baseline_plus_conditional_logp_per_position,peptide_disjoint,mse,all,size_weighted,auc_gt_2h,0.7976077635292428,5593,5670,69,ok
baseline_plus_conditional_logp_per_position,peptide_disjoint,mse,nonzero,pooled,spearman,0.6608420690238349,4536,4536,73,ok
baseline_plus_conditional_logp_per_position,peptide_disjoint,mse,nonzero,macro,spearman,0.5064738554906062,4534,4536,71,ok
baseline_plus_conditional_logp_per_position,peptide_disjoint,mse,nonzero,size_weighted,spearman,0.5205951301104278,4534,4536,71,ok
baseline_plus_conditional_logp_per_position,peptide_disjoint,mse,nonzero,pooled,pearson_log,0.6592463102699944,4536,4536,73,ok
baseline_plus_conditional_logp_per_position,peptide_disjoint,mse,nonzero,macro,pearson_log,0.5195929249510319,4534,4536,71,ok
baseline_plus_conditional_logp_per_position,peptide_disjoint,mse,nonzero,size_weighted,pearson_log,0.5278358878883144,4534,4536,71,ok
baseline_plus_conditional_logp_per_position,peptide_disjoint,mse,nonzero,pooled,auc_gt_2h,0.8307912888626219,4536,4536,73,ok
baseline_plus_conditional_logp_per_position,peptide_disjoint,mse,nonzero,macro,auc_gt_2h,0.7664999377720387,4525,4536,69,ok
baseline_plus_conditional_logp_per_position,peptide_disjoint,mse,nonzero,size_weighted,auc_gt_2h,0.772571435354898,4525,4536,69,ok
baseline_plus_conditional_logp_per_position,random,mse,all,pooled,spearman,0.7057269227293285,5634,5634,75,ok
baseline_plus_conditional_logp_per_position,random,mse,all,macro,spearman,0.47724424681068506,5633,5634,74,ok
baseline_plus_conditional_logp_per_position,random,mse,all,size_weighted,spearman,0.4976498526624064,5633,5634,74,ok
baseline_plus_conditional_logp_per_position,random,mse,all,pooled,pearson_log,0.7083828502625855,5634,5634,75,ok
baseline_plus_conditional_logp_per_position,random,mse,all,macro,pearson_log,0.4848253543827581,5633,5634,74,ok
baseline_plus_conditional_logp_per_position,random,mse,all,size_weighted,pearson_log,0.5048332473262339,5633,5634,74,ok
baseline_plus_conditional_logp_per_position,random,mse,all,pooled,auc_gt_2h,0.8548523595309026,5634,5634,75,ok
baseline_plus_conditional_logp_per_position,random,mse,all,macro,auc_gt_2h,0.778836058986885,5552,5634,71,ok
baseline_plus_conditional_logp_per_position,random,mse,all,size_weighted,auc_gt_2h,0.7763536927535436,5552,5634,71,ok
baseline_plus_conditional_logp_per_position,random,mse,nonzero,pooled,spearman,0.6205325969292699,4508,4508,74,ok
baseline_plus_conditional_logp_per_position,random,mse,nonzero,macro,spearman,0.43620506547569765,4507,4508,73,ok
baseline_plus_conditional_logp_per_position,random,mse,nonzero,size_weighted,spearman,0.46884775454002786,4507,4508,73,ok
baseline_plus_conditional_logp_per_position,random,mse,nonzero,pooled,pearson_log,0.619290928834155,4508,4508,74,ok
baseline_plus_conditional_logp_per_position,random,mse,nonzero,macro,pearson_log,0.4476117870686822,4507,4508,73,ok
baseline_plus_conditional_logp_per_position,random,mse,nonzero,size_weighted,pearson_log,0.47048025200148635,4507,4508,73,ok
baseline_plus_conditional_logp_per_position,random,mse,nonzero,pooled,auc_gt_2h,0.813285892481356,4508,4508,74,ok
baseline_plus_conditional_logp_per_position,random,mse,nonzero,macro,auc_gt_2h,0.74544245221602,4498,4508,71,ok
baseline_plus_conditional_logp_per_position,random,mse,nonzero,size_weighted,auc_gt_2h,0.7479895933777242,4498,4508,71,ok
baseline_plus_conditional_mean_logp,leave_one_allele_out,mse,all,pooled,spearman,0.5376925605188166,28166,28166,75,ok
baseline_plus_conditional_mean_logp,leave_one_allele_out,mse,all,macro,spearman,0.46304646259886967,28166,28166,75,ok
baseline_plus_conditional_mean_logp,leave_one_allele_out,mse,all,size_weighted,spearman,0.48469000903337595,28166,28166,75,ok
baseline_plus_conditional_mean_logp,leave_one_allele_out,mse,all,pooled,pearson_log,0.5477823136654936,28166,28166,75,ok
baseline_plus_conditional_mean_logp,leave_one_allele_out,mse,all,macro,pearson_log,0.4650328329573899,28166,28166,75,ok
baseline_plus_conditional_mean_logp,leave_one_allele_out,mse,all,size_weighted,pearson_log,0.48489065776083173,28166,28166,75,ok
baseline_plus_conditional_mean_logp,leave_one_allele_out,mse,all,pooled,auc_gt_2h,0.7635442412656628,28166,28166,75,ok
baseline_plus_conditional_mean_logp,leave_one_allele_out,mse,all,macro,auc_gt_2h,0.7513106262295417,28166,28166,75,ok
baseline_plus_conditional_mean_logp,leave_one_allele_out,mse,all,size_weighted,auc_gt_2h,0.7661989759544724,28166,28166,75,ok
baseline_plus_conditional_mean_logp,leave_one_allele_out,mse,nonzero,pooled,spearman,0.45880007837091497,22487,22487,75,ok
baseline_plus_conditional_mean_logp,leave_one_allele_out,mse,nonzero,macro,spearman,0.43013940099674824,22487,22487,75,ok
baseline_plus_conditional_mean_logp,leave_one_allele_out,mse,nonzero,size_weighted,spearman,0.4673828664708851,22487,22487,75,ok
baseline_plus_conditional_mean_logp,leave_one_allele_out,mse,nonzero,pooled,pearson_log,0.46793461279197046,22487,22487,75,ok
baseline_plus_conditional_mean_logp,leave_one_allele_out,mse,nonzero,macro,pearson_log,0.4262015128494559,22487,22487,75,ok
baseline_plus_conditional_mean_logp,leave_one_allele_out,mse,nonzero,size_weighted,pearson_log,0.46876693566750566,22487,22487,75,ok
baseline_plus_conditional_mean_logp,leave_one_allele_out,mse,nonzero,pooled,auc_gt_2h,0.7204853615203533,22487,22487,75,ok
baseline_plus_conditional_mean_logp,leave_one_allele_out,mse,nonzero,macro,auc_gt_2h,0.7187685027272995,22487,22487,75,ok
baseline_plus_conditional_mean_logp,leave_one_allele_out,mse,nonzero,size_weighted,auc_gt_2h,0.74184118125855,22487,22487,75,ok
baseline_plus_conditional_mean_logp,peptide_disjoint,mse,all,pooled,spearman,0.7393585336549912,5670,5670,75,ok
baseline_plus_conditional_mean_logp,peptide_disjoint,mse,all,macro,spearman,0.559221489786858,5665,5670,71,ok
baseline_plus_conditional_mean_logp,peptide_disjoint,mse,all,size_weighted,spearman,0.5730785142005248,5665,5670,71,ok
baseline_plus_conditional_mean_logp,peptide_disjoint,mse,all,pooled,pearson_log,0.7379282342980955,5670,5670,75,ok
baseline_plus_conditional_mean_logp,peptide_disjoint,mse,all,macro,pearson_log,0.5659462568979228,5665,5670,71,ok
baseline_plus_conditional_mean_logp,peptide_disjoint,mse,all,size_weighted,pearson_log,0.5725018780443927,5665,5670,71,ok
baseline_plus_conditional_mean_logp,peptide_disjoint,mse,all,pooled,auc_gt_2h,0.8718794280227339,5670,5670,75,ok
baseline_plus_conditional_mean_logp,peptide_disjoint,mse,all,macro,auc_gt_2h,0.812367124224193,5593,5670,69,ok
baseline_plus_conditional_mean_logp,peptide_disjoint,mse,all,size_weighted,auc_gt_2h,0.811301197385286,5593,5670,69,ok
baseline_plus_conditional_mean_logp,peptide_disjoint,mse,nonzero,pooled,spearman,0.6647185684807704,4536,4536,73,ok
baseline_plus_conditional_mean_logp,peptide_disjoint,mse,nonzero,macro,spearman,0.5241193572279482,4534,4536,71,ok
baseline_plus_conditional_mean_logp,peptide_disjoint,mse,nonzero,size_weighted,spearman,0.5446633666196997,4534,4536,71,ok
baseline_plus_conditional_mean_logp,peptide_disjoint,mse,nonzero,pooled,pearson_log,0.6635559697670332,4536,4536,73,ok
baseline_plus_conditional_mean_logp,peptide_disjoint,mse,nonzero,macro,pearson_log,0.5436142403067782,4534,4536,71,ok
baseline_plus_conditional_mean_logp,peptide_disjoint,mse,nonzero,size_weighted,pearson_log,0.5505982419714593,4534,4536,71,ok
baseline_plus_conditional_mean_logp,peptide_disjoint,mse,nonzero,pooled,auc_gt_2h,0.8340340529107112,4536,4536,73,ok
baseline_plus_conditional_mean_logp,peptide_disjoint,mse,nonzero,macro,auc_gt_2h,0.783335766336225,4525,4536,69,ok
baseline_plus_conditional_mean_logp,peptide_disjoint,mse,nonzero,size_weighted,auc_gt_2h,0.788507979765287,4525,4536,69,ok
baseline_plus_conditional_mean_logp,random,mse,all,pooled,spearman,0.692427457586361,5634,5634,75,ok
baseline_plus_conditional_mean_logp,random,mse,all,macro,spearman,0.4734757236271829,5633,5634,74,ok
baseline_plus_conditional_mean_logp,random,mse,all,size_weighted,spearman,0.4813025556110863,5633,5634,74,ok
baseline_plus_conditional_mean_logp,random,mse,all,pooled,pearson_log,0.695934219960392,5634,5634,75,ok
baseline_plus_conditional_mean_logp,random,mse,all,macro,pearson_log,0.4650188345596774,5633,5634,74,ok
baseline_plus_conditional_mean_logp,random,mse,all,size_weighted,pearson_log,0.48279247069974623,5633,5634,74,ok
baseline_plus_conditional_mean_logp,random,mse,all,pooled,auc_gt_2h,0.8466680830714848,5634,5634,75,ok
baseline_plus_conditional_mean_logp,random,mse,all,macro,auc_gt_2h,0.7760511164163536,5552,5634,71,ok
baseline_plus_conditional_mean_logp,random,mse,all,size_weighted,auc_gt_2h,0.7700205061708708,5552,5634,71,ok
baseline_plus_conditional_mean_logp,random,mse,nonzero,pooled,spearman,0.5991502570413024,4508,4508,74,ok
baseline_plus_conditional_mean_logp,random,mse,nonzero,macro,spearman,0.4231034045820002,4507,4508,73,ok
baseline_plus_conditional_mean_logp,random,mse,nonzero,size_weighted,spearman,0.44793357296625436,4507,4508,73,ok
baseline_plus_conditional_mean_logp,random,mse,nonzero,pooled,pearson_log,0.5969319426530539,4508,4508,74,ok
baseline_plus_conditional_mean_logp,random,mse,nonzero,macro,pearson_log,0.4301384486713219,4507,4508,73,ok
baseline_plus_conditional_mean_logp,random,mse,nonzero,size_weighted,pearson_log,0.4501078251084104,4507,4508,73,ok
baseline_plus_conditional_mean_logp,random,mse,nonzero,pooled,auc_gt_2h,0.8024949751894134,4508,4508,74,ok
baseline_plus_conditional_mean_logp,random,mse,nonzero,macro,auc_gt_2h,0.7389276944870922,4498,4508,71,ok
baseline_plus_conditional_mean_logp,random,mse,nonzero,size_weighted,auc_gt_2h,0.7403863930732177,4498,4508,71,ok
baseline_plus_unconditional_all,leave_one_allele_out,mse,all,pooled,spearman,0.5610354816516704,28166,28166,75,ok
baseline_plus_unconditional_all,leave_one_allele_out,mse,all,macro,spearman,0.4756180070581519,28166,28166,75,ok
baseline_plus_unconditional_all,leave_one_allele_out,mse,all,size_weighted,spearman,0.5034578870783069,28166,28166,75,ok
baseline_plus_unconditional_all,leave_one_allele_out,mse,all,pooled,pearson_log,0.5697567192555899,28166,28166,75,ok
baseline_plus_unconditional_all,leave_one_allele_out,mse,all,macro,pearson_log,0.4789209055238257,28166,28166,75,ok
baseline_plus_unconditional_all,leave_one_allele_out,mse,all,size_weighted,pearson_log,0.5051121168893706,28166,28166,75,ok
baseline_plus_unconditional_all,leave_one_allele_out,mse,all,pooled,auc_gt_2h,0.7769010463620339,28166,28166,75,ok
baseline_plus_unconditional_all,leave_one_allele_out,mse,all,macro,auc_gt_2h,0.7612590478834445,28166,28166,75,ok
baseline_plus_unconditional_all,leave_one_allele_out,mse,all,size_weighted,auc_gt_2h,0.7750277088508698,28166,28166,75,ok
baseline_plus_unconditional_all,leave_one_allele_out,mse,nonzero,pooled,spearman,0.4793340179674756,22487,22487,75,ok
baseline_plus_unconditional_all,leave_one_allele_out,mse,nonzero,macro,spearman,0.4507112082234308,22487,22487,75,ok
baseline_plus_unconditional_all,leave_one_allele_out,mse,nonzero,size_weighted,spearman,0.484248840042899,22487,22487,75,ok
baseline_plus_unconditional_all,leave_one_allele_out,mse,nonzero,pooled,pearson_log,0.4843417058506564,22487,22487,75,ok
baseline_plus_unconditional_all,leave_one_allele_out,mse,nonzero,macro,pearson_log,0.4527420059042347,22487,22487,75,ok
baseline_plus_unconditional_all,leave_one_allele_out,mse,nonzero,size_weighted,pearson_log,0.4854309685225386,22487,22487,75,ok
baseline_plus_unconditional_all,leave_one_allele_out,mse,nonzero,pooled,auc_gt_2h,0.733511611114531,22487,22487,75,ok
baseline_plus_unconditional_all,leave_one_allele_out,mse,nonzero,macro,auc_gt_2h,0.73256416399316,22487,22487,75,ok
baseline_plus_unconditional_all,leave_one_allele_out,mse,nonzero,size_weighted,auc_gt_2h,0.7488876642664095,22487,22487,75,ok
baseline_plus_unconditional_all,leave_one_allele_out,ranking,all,pooled,spearman,0.144317026494551,28166,28166,75,ok
baseline_plus_unconditional_all,leave_one_allele_out,ranking,all,macro,spearman,0.5088774138417385,28166,28166,75,ok
baseline_plus_unconditional_all,leave_one_allele_out,ranking,all,size_weighted,spearman,0.5378976437226602,28166,28166,75,ok
baseline_plus_unconditional_all,leave_one_allele_out,ranking,all,pooled,pearson_log,0.16194190944801085,28166,28166,75,ok
baseline_plus_unconditional_all,leave_one_allele_out,ranking,all,macro,pearson_log,0.4965172398017477,28166,28166,75,ok
baseline_plus_unconditional_all,leave_one_allele_out,ranking,all,size_weighted,pearson_log,0.5265539333744017,28166,28166,75,ok
baseline_plus_unconditional_all,leave_one_allele_out,ranking,all,pooled,auc_gt_2h,0.5823077915238329,28166,28166,75,ok
baseline_plus_unconditional_all,leave_one_allele_out,ranking,all,macro,auc_gt_2h,0.7730225166408716,28166,28166,75,ok
baseline_plus_unconditional_all,leave_one_allele_out,ranking,all,size_weighted,auc_gt_2h,0.7875753062191563,28166,28166,75,ok
baseline_plus_unconditional_all,leave_one_allele_out,ranking,nonzero,pooled,spearman,0.15974741665449974,22487,22487,75,ok
baseline_plus_unconditional_all,leave_one_allele_out,ranking,nonzero,macro,spearman,0.4752433981955851,22487,22487,75,ok
baseline_plus_unconditional_all,leave_one_allele_out,ranking,nonzero,size_weighted,spearman,0.5212826474520931,22487,22487,75,ok
baseline_plus_unconditional_all,leave_one_allele_out,ranking,nonzero,pooled,pearson_log,0.17942805368637652,22487,22487,75,ok
baseline_plus_unconditional_all,leave_one_allele_out,ranking,nonzero,macro,pearson_log,0.476552011971047,22487,22487,75,ok
baseline_plus_unconditional_all,leave_one_allele_out,ranking,nonzero,size_weighted,pearson_log,0.5170557981155207,22487,22487,75,ok
baseline_plus_unconditional_all,leave_one_allele_out,ranking,nonzero,pooled,auc_gt_2h,0.5811262388661226,22487,22487,75,ok
baseline_plus_unconditional_all,leave_one_allele_out,ranking,nonzero,macro,auc_gt_2h,0.7421514092744574,22487,22487,75,ok
baseline_plus_unconditional_all,leave_one_allele_out,ranking,nonzero,size_weighted,auc_gt_2h,0.7628922658640345,22487,22487,75,ok
baseline_plus_unconditional_all,peptide_disjoint,mse,all,pooled,spearman,0.7533655196469277,5670,5670,75,ok
baseline_plus_unconditional_all,peptide_disjoint,mse,all,macro,spearman,0.5712209159295953,5665,5670,71,ok
baseline_plus_unconditional_all,peptide_disjoint,mse,all,size_weighted,spearman,0.5776984574296296,5665,5670,71,ok
baseline_plus_unconditional_all,peptide_disjoint,mse,all,pooled,pearson_log,0.7502456012930362,5670,5670,75,ok
baseline_plus_unconditional_all,peptide_disjoint,mse,all,macro,pearson_log,0.5756733018530186,5665,5670,71,ok
baseline_plus_unconditional_all,peptide_disjoint,mse,all,size_weighted,pearson_log,0.5847235527041273,5665,5670,71,ok
baseline_plus_unconditional_all,peptide_disjoint,mse,all,pooled,auc_gt_2h,0.8748808813225027,5670,5670,75,ok
baseline_plus_unconditional_all,peptide_disjoint,mse,all,macro,auc_gt_2h,0.7964229505007513,5593,5670,69,ok
baseline_plus_unconditional_all,peptide_disjoint,mse,all,size_weighted,auc_gt_2h,0.8017272632360551,5593,5670,69,ok
baseline_plus_unconditional_all,peptide_disjoint,mse,nonzero,pooled,spearman,0.6732667402501707,4536,4536,73,ok
baseline_plus_unconditional_all,peptide_disjoint,mse,nonzero,macro,spearman,0.5281344301372799,4534,4536,71,ok
baseline_plus_unconditional_all,peptide_disjoint,mse,nonzero,size_weighted,spearman,0.5392270014105358,4534,4536,71,ok
baseline_plus_unconditional_all,peptide_disjoint,mse,nonzero,pooled,pearson_log,0.6666068890456346,4536,4536,73,ok
baseline_plus_unconditional_all,peptide_disjoint,mse,nonzero,macro,pearson_log,0.5294865742104753,4534,4536,71,ok
baseline_plus_unconditional_all,peptide_disjoint,mse,nonzero,size_weighted,pearson_log,0.5423431584620553,4534,4536,71,ok
baseline_plus_unconditional_all,peptide_disjoint,mse,nonzero,pooled,auc_gt_2h,0.8343900181968055,4536,4536,73,ok
baseline_plus_unconditional_all,peptide_disjoint,mse,nonzero,macro,auc_gt_2h,0.76237670213364,4525,4536,69,ok
baseline_plus_unconditional_all,peptide_disjoint,mse,nonzero,size_weighted,auc_gt_2h,0.7737609149672914,4525,4536,69,ok
baseline_plus_unconditional_all,peptide_disjoint,ranking,all,pooled,spearman,0.31839327502172826,5670,5670,75,ok
baseline_plus_unconditional_all,peptide_disjoint,ranking,all,macro,spearman,0.6324431719544645,5665,5670,71,ok
baseline_plus_unconditional_all,peptide_disjoint,ranking,all,size_weighted,spearman,0.6468936304725555,5665,5670,71,ok
baseline_plus_unconditional_all,peptide_disjoint,ranking,all,pooled,pearson_log,0.3313826387439911,5670,5670,75,ok
baseline_plus_unconditional_all,peptide_disjoint,ranking,all,macro,pearson_log,0.6225718141609697,5665,5670,71,ok
baseline_plus_unconditional_all,peptide_disjoint,ranking,all,size_weighted,pearson_log,0.638379313069879,5665,5670,71,ok
baseline_plus_unconditional_all,peptide_disjoint,ranking,all,pooled,auc_gt_2h,0.6735271066358706,5670,5670,75,ok
baseline_plus_unconditional_all,peptide_disjoint,ranking,all,macro,auc_gt_2h,0.8318649528966319,5593,5670,69,ok
baseline_plus_unconditional_all,peptide_disjoint,ranking,all,size_weighted,auc_gt_2h,0.8415894241750405,5593,5670,69,ok
baseline_plus_unconditional_all,peptide_disjoint,ranking,nonzero,pooled,spearman,0.2708667664456694,4536,4536,73,ok
baseline_plus_unconditional_all,peptide_disjoint,ranking,nonzero,macro,spearman,0.5973446715680648,4534,4536,71,ok
baseline_plus_unconditional_all,peptide_disjoint,ranking,nonzero,size_weighted,spearman,0.6205905452608483,4534,4536,71,ok
baseline_plus_unconditional_all,peptide_disjoint,ranking,nonzero,pooled,pearson_log,0.28006996412197627,4536,4536,73,ok
baseline_plus_unconditional_all,peptide_disjoint,ranking,nonzero,macro,pearson_log,0.5935885906165566,4534,4536,71,ok
baseline_plus_unconditional_all,peptide_disjoint,ranking,nonzero,size_weighted,pearson_log,0.6185517499993045,4534,4536,71,ok
baseline_plus_unconditional_all,peptide_disjoint,ranking,nonzero,pooled,auc_gt_2h,0.6491350685101949,4536,4536,73,ok
baseline_plus_unconditional_all,peptide_disjoint,ranking,nonzero,macro,auc_gt_2h,0.7994216412565571,4525,4536,69,ok
baseline_plus_unconditional_all,peptide_disjoint,ranking,nonzero,size_weighted,auc_gt_2h,0.815294373064948,4525,4536,69,ok
baseline_plus_unconditional_all,random,mse,all,pooled,spearman,0.704986675144596,5634,5634,75,ok
baseline_plus_unconditional_all,random,mse,all,macro,spearman,0.48286877779298604,5633,5634,74,ok
baseline_plus_unconditional_all,random,mse,all,size_weighted,spearman,0.501040523710678,5633,5634,74,ok
baseline_plus_unconditional_all,random,mse,all,pooled,pearson_log,0.7082379582104728,5634,5634,75,ok
baseline_plus_unconditional_all,random,mse,all,macro,pearson_log,0.48053079187685593,5633,5634,74,ok
baseline_plus_unconditional_all,random,mse,all,size_weighted,pearson_log,0.5043311483062635,5633,5634,74,ok
baseline_plus_unconditional_all,random,mse,all,pooled,auc_gt_2h,0.8537157275529983,5634,5634,75,ok
baseline_plus_unconditional_all,random,mse,all,macro,auc_gt_2h,0.7817420749167094,5552,5634,71,ok
baseline_plus_unconditional_all,random,mse,all,size_weighted,auc_gt_2h,0.7786313827826657,5552,5634,71,ok
baseline_plus_unconditional_all,random,mse,nonzero,pooled,spearman,0.6180916626063909,4508,4508,74,ok
baseline_plus_unconditional_all,random,mse,nonzero,macro,spearman,0.42828703954018266,4507,4508,73,ok
baseline_plus_unconditional_all,random,mse,nonzero,size_weighted,spearman,0.47429062863313654,4507,4508,73,ok
baseline_plus_unconditional_all,random,mse,nonzero,pooled,pearson_log,0.6157602392341733,4508,4508,74,ok
baseline_plus_unconditional_all,random,mse,nonzero,macro,pearson_log,0.449575836700161,4507,4508,73,ok
baseline_plus_unconditional_all,random,mse,nonzero,size_weighted,pearson_log,0.4836757568992841,4507,4508,73,ok
baseline_plus_unconditional_all,random,mse,nonzero,pooled,auc_gt_2h,0.8114076536166923,4508,4508,74,ok
baseline_plus_unconditional_all,random,mse,nonzero,macro,auc_gt_2h,0.7472714740599492,4498,4508,71,ok
baseline_plus_unconditional_all,random,mse,nonzero,size_weighted,auc_gt_2h,0.7547505341287,4498,4508,71,ok
baseline_plus_unconditional_all,random,ranking,all,pooled,spearman,0.17699415847959613,5634,5634,75,ok
baseline_plus_unconditional_all,random,ranking,all,macro,spearman,0.6259595107430659,5633,5634,74,ok
baseline_plus_unconditional_all,random,ranking,all,size_weighted,spearman,0.6603010819142748,5633,5634,74,ok
baseline_plus_unconditional_all,random,ranking,all,pooled,pearson_log,0.1771680032640487,5634,5634,75,ok
baseline_plus_unconditional_all,random,ranking,all,macro,pearson_log,0.6231905063345061,5633,5634,74,ok
baseline_plus_unconditional_all,random,ranking,all,size_weighted,pearson_log,0.6535150659192147,5633,5634,74,ok
baseline_plus_unconditional_all,random,ranking,all,pooled,auc_gt_2h,0.5915142003353326,5634,5634,75,ok
baseline_plus_unconditional_all,random,ranking,all,macro,auc_gt_2h,0.8481318135494307,5552,5634,71,ok
baseline_plus_unconditional_all,random,ranking,all,size_weighted,auc_gt_2h,0.8495799986150581,5552,5634,71,ok
baseline_plus_unconditional_all,random,ranking,nonzero,pooled,spearman,0.15372495223720603,4508,4508,74,ok
baseline_plus_unconditional_all,random,ranking,nonzero,macro,spearman,0.5800286268474678,4507,4508,73,ok
baseline_plus_unconditional_all,random,ranking,nonzero,size_weighted,spearman,0.6285790956338403,4507,4508,73,ok
baseline_plus_unconditional_all,random,ranking,nonzero,pooled,pearson_log,0.1576627656508697,4508,4508,74,ok
baseline_plus_unconditional_all,random,ranking,nonzero,macro,pearson_log,0.577074700372564,4507,4508,73,ok
baseline_plus_unconditional_all,random,ranking,nonzero,size_weighted,pearson_log,0.6208599923107937,4507,4508,73,ok
baseline_plus_unconditional_all,random,ranking,nonzero,pooled,auc_gt_2h,0.5763878486488274,4508,4508,74,ok
baseline_plus_unconditional_all,random,ranking,nonzero,macro,auc_gt_2h,0.8099567465407443,4498,4508,71,ok
baseline_plus_unconditional_all,random,ranking,nonzero,size_weighted,auc_gt_2h,0.8229007148373388,4498,4508,71,ok
baseline_plus_unconditional_anchor_softmax,leave_one_allele_out,mse,all,pooled,spearman,0.5339977471125212,28166,28166,75,ok
baseline_plus_unconditional_anchor_softmax,leave_one_allele_out,mse,all,macro,spearman,0.4459124232334505,28166,28166,75,ok
baseline_plus_unconditional_anchor_softmax,leave_one_allele_out,mse,all,size_weighted,spearman,0.46706658739975887,28166,28166,75,ok
baseline_plus_unconditional_anchor_softmax,leave_one_allele_out,mse,all,pooled,pearson_log,0.5414805442076032,28166,28166,75,ok
baseline_plus_unconditional_anchor_softmax,leave_one_allele_out,mse,all,macro,pearson_log,0.4434560872991108,28166,28166,75,ok
baseline_plus_unconditional_anchor_softmax,leave_one_allele_out,mse,all,size_weighted,pearson_log,0.4647307564565447,28166,28166,75,ok
baseline_plus_unconditional_anchor_softmax,leave_one_allele_out,mse,all,pooled,auc_gt_2h,0.7634201389962241,28166,28166,75,ok
baseline_plus_unconditional_anchor_softmax,leave_one_allele_out,mse,all,macro,auc_gt_2h,0.7471330448837585,28166,28166,75,ok
baseline_plus_unconditional_anchor_softmax,leave_one_allele_out,mse,all,size_weighted,auc_gt_2h,0.7593726399752172,28166,28166,75,ok
baseline_plus_unconditional_anchor_softmax,leave_one_allele_out,mse,nonzero,pooled,spearman,0.45478279316542314,22487,22487,75,ok
baseline_plus_unconditional_anchor_softmax,leave_one_allele_out,mse,nonzero,macro,spearman,0.4230117497973162,22487,22487,75,ok
baseline_plus_unconditional_anchor_softmax,leave_one_allele_out,mse,nonzero,size_weighted,spearman,0.45677515992578965,22487,22487,75,ok
baseline_plus_unconditional_anchor_softmax,leave_one_allele_out,mse,nonzero,pooled,pearson_log,0.4576050328460354,22487,22487,75,ok
baseline_plus_unconditional_anchor_softmax,leave_one_allele_out,mse,nonzero,macro,pearson_log,0.4222385037148388,22487,22487,75,ok
baseline_plus_unconditional_anchor_softmax,leave_one_allele_out,mse,nonzero,size_weighted,pearson_log,0.45689823296085386,22487,22487,75,ok
baseline_plus_unconditional_anchor_softmax,leave_one_allele_out,mse,nonzero,pooled,auc_gt_2h,0.7205933342310031,22487,22487,75,ok
baseline_plus_unconditional_anchor_softmax,leave_one_allele_out,mse,nonzero,macro,auc_gt_2h,0.7191971549285999,22487,22487,75,ok
baseline_plus_unconditional_anchor_softmax,leave_one_allele_out,mse,nonzero,size_weighted,auc_gt_2h,0.7366921497804997,22487,22487,75,ok
baseline_plus_unconditional_anchor_softmax,peptide_disjoint,mse,all,pooled,spearman,0.7478918093824991,5670,5670,75,ok
baseline_plus_unconditional_anchor_softmax,peptide_disjoint,mse,all,macro,spearman,0.5396681081762184,5665,5670,71,ok
baseline_plus_unconditional_anchor_softmax,peptide_disjoint,mse,all,size_weighted,spearman,0.569873405519898,5665,5670,71,ok
baseline_plus_unconditional_anchor_softmax,peptide_disjoint,mse,all,pooled,pearson_log,0.7465936459331645,5670,5670,75,ok
baseline_plus_unconditional_anchor_softmax,peptide_disjoint,mse,all,macro,pearson_log,0.5442839089960981,5665,5670,71,ok
baseline_plus_unconditional_anchor_softmax,peptide_disjoint,mse,all,size_weighted,pearson_log,0.5768779347594082,5665,5670,71,ok
baseline_plus_unconditional_anchor_softmax,peptide_disjoint,mse,all,pooled,auc_gt_2h,0.8763584460073183,5670,5670,75,ok
baseline_plus_unconditional_anchor_softmax,peptide_disjoint,mse,all,macro,auc_gt_2h,0.7970805926159829,5593,5670,69,ok
baseline_plus_unconditional_anchor_softmax,peptide_disjoint,mse,all,size_weighted,auc_gt_2h,0.8113864205851253,5593,5670,69,ok
baseline_plus_unconditional_anchor_softmax,peptide_disjoint,mse,nonzero,pooled,spearman,0.673927002692553,4536,4536,73,ok
baseline_plus_unconditional_anchor_softmax,peptide_disjoint,mse,nonzero,macro,spearman,0.5055230071499237,4534,4536,71,ok
baseline_plus_unconditional_anchor_softmax,peptide_disjoint,mse,nonzero,size_weighted,spearman,0.5366842455018703,4534,4536,71,ok
baseline_plus_unconditional_anchor_softmax,peptide_disjoint,mse,nonzero,pooled,pearson_log,0.673545740703708,4536,4536,73,ok
baseline_plus_unconditional_anchor_softmax,peptide_disjoint,mse,nonzero,macro,pearson_log,0.512640317491163,4534,4536,71,ok
baseline_plus_unconditional_anchor_softmax,peptide_disjoint,mse,nonzero,size_weighted,pearson_log,0.5427376987985879,4534,4536,71,ok
baseline_plus_unconditional_anchor_softmax,peptide_disjoint,mse,nonzero,pooled,auc_gt_2h,0.8380348227755572,4536,4536,73,ok
baseline_plus_unconditional_anchor_softmax,peptide_disjoint,mse,nonzero,macro,auc_gt_2h,0.7666959439871744,4525,4536,69,ok
baseline_plus_unconditional_anchor_softmax,peptide_disjoint,mse,nonzero,size_weighted,auc_gt_2h,0.7826916077485753,4525,4536,69,ok
baseline_plus_unconditional_anchor_softmax,random,mse,all,pooled,spearman,0.6953364295478571,5634,5634,75,ok
baseline_plus_unconditional_anchor_softmax,random,mse,all,macro,spearman,0.4636015580840821,5633,5634,74,ok
baseline_plus_unconditional_anchor_softmax,random,mse,all,size_weighted,spearman,0.48392318988971017,5633,5634,74,ok
baseline_plus_unconditional_anchor_softmax,random,mse,all,pooled,pearson_log,0.6999598527502796,5634,5634,75,ok
baseline_plus_unconditional_anchor_softmax,random,mse,all,macro,pearson_log,0.46531345489578674,5633,5634,74,ok
baseline_plus_unconditional_anchor_softmax,random,mse,all,size_weighted,pearson_log,0.49107385877622256,5633,5634,74,ok
baseline_plus_unconditional_anchor_softmax,random,mse,all,pooled,auc_gt_2h,0.8455982808441334,5634,5634,75,ok
baseline_plus_unconditional_anchor_softmax,random,mse,all,macro,auc_gt_2h,0.770145394126304,5552,5634,71,ok
baseline_plus_unconditional_anchor_softmax,random,mse,all,size_weighted,auc_gt_2h,0.770658796782531,5552,5634,71,ok
baseline_plus_unconditional_anchor_softmax,random,mse,nonzero,pooled,spearman,0.6043712743673555,4508,4508,74,ok
baseline_plus_unconditional_anchor_softmax,random,mse,nonzero,macro,spearman,0.4336530616227264,4507,4508,73,ok
baseline_plus_unconditional_anchor_softmax,random,mse,nonzero,size_weighted,spearman,0.4621342876516446,4507,4508,73,ok
baseline_plus_unconditional_anchor_softmax,random,mse,nonzero,pooled,pearson_log,0.6035861157598034,4508,4508,74,ok
baseline_plus_unconditional_anchor_softmax,random,mse,nonzero,macro,pearson_log,0.4485566582016471,4507,4508,73,ok
baseline_plus_unconditional_anchor_softmax,random,mse,nonzero,size_weighted,pearson_log,0.4693111797340062,4507,4508,73,ok
baseline_plus_unconditional_anchor_softmax,random,mse,nonzero,pooled,auc_gt_2h,0.8011808772371504,4508,4508,74,ok
baseline_plus_unconditional_anchor_softmax,random,mse,nonzero,macro,auc_gt_2h,0.743993045615923,4498,4508,71,ok
baseline_plus_unconditional_anchor_softmax,random,mse,nonzero,size_weighted,auc_gt_2h,0.7470202447988611,4498,4508,71,ok
baseline_plus_unconditional_logp_per_position,leave_one_allele_out,mse,all,pooled,spearman,0.545919195657044,28166,28166,75,ok
baseline_plus_unconditional_logp_per_position,leave_one_allele_out,mse,all,macro,spearman,0.46680857566895384,28166,28166,75,ok
baseline_plus_unconditional_logp_per_position,leave_one_allele_out,mse,all,size_weighted,spearman,0.49161801238318065,28166,28166,75,ok
baseline_plus_unconditional_logp_per_position,leave_one_allele_out,mse,all,pooled,pearson_log,0.5570728782243247,28166,28166,75,ok
baseline_plus_unconditional_logp_per_position,leave_one_allele_out,mse,all,macro,pearson_log,0.4773531135496547,28166,28166,75,ok
baseline_plus_unconditional_logp_per_position,leave_one_allele_out,mse,all,size_weighted,pearson_log,0.49298784987528727,28166,28166,75,ok
baseline_plus_unconditional_logp_per_position,leave_one_allele_out,mse,all,pooled,auc_gt_2h,0.7682546652380449,28166,28166,75,ok
baseline_plus_unconditional_logp_per_position,leave_one_allele_out,mse,all,macro,auc_gt_2h,0.7550886671107224,28166,28166,75,ok
baseline_plus_unconditional_logp_per_position,leave_one_allele_out,mse,all,size_weighted,auc_gt_2h,0.7682999757771389,28166,28166,75,ok
baseline_plus_unconditional_logp_per_position,leave_one_allele_out,mse,nonzero,pooled,spearman,0.47430059099062033,22487,22487,75,ok
baseline_plus_unconditional_logp_per_position,leave_one_allele_out,mse,nonzero,macro,spearman,0.4326224834244269,22487,22487,75,ok
baseline_plus_unconditional_logp_per_position,leave_one_allele_out,mse,nonzero,size_weighted,spearman,0.4792680640355046,22487,22487,75,ok
baseline_plus_unconditional_logp_per_position,leave_one_allele_out,mse,nonzero,pooled,pearson_log,0.4857644559917797,22487,22487,75,ok
baseline_plus_unconditional_logp_per_position,leave_one_allele_out,mse,nonzero,macro,pearson_log,0.439466673656763,22487,22487,75,ok
baseline_plus_unconditional_logp_per_position,leave_one_allele_out,mse,nonzero,size_weighted,pearson_log,0.4816924796974062,22487,22487,75,ok
baseline_plus_unconditional_logp_per_position,leave_one_allele_out,mse,nonzero,pooled,auc_gt_2h,0.726931560560568,22487,22487,75,ok
baseline_plus_unconditional_logp_per_position,leave_one_allele_out,mse,nonzero,macro,auc_gt_2h,0.7225989219552763,22487,22487,75,ok
baseline_plus_unconditional_logp_per_position,leave_one_allele_out,mse,nonzero,size_weighted,auc_gt_2h,0.744692945783345,22487,22487,75,ok
baseline_plus_unconditional_logp_per_position,peptide_disjoint,mse,all,pooled,spearman,0.7432262376035311,5670,5670,75,ok
baseline_plus_unconditional_logp_per_position,peptide_disjoint,mse,all,macro,spearman,0.5551148837009412,5665,5670,71,ok
baseline_plus_unconditional_logp_per_position,peptide_disjoint,mse,all,size_weighted,spearman,0.5655756584500897,5665,5670,71,ok
baseline_plus_unconditional_logp_per_position,peptide_disjoint,mse,all,pooled,pearson_log,0.7419464705318866,5670,5670,75,ok
baseline_plus_unconditional_logp_per_position,peptide_disjoint,mse,all,macro,pearson_log,0.5548340880002417,5665,5670,71,ok
baseline_plus_unconditional_logp_per_position,peptide_disjoint,mse,all,size_weighted,pearson_log,0.5683668526903672,5665,5670,71,ok
baseline_plus_unconditional_logp_per_position,peptide_disjoint,mse,all,pooled,auc_gt_2h,0.8711810655801521,5670,5670,75,ok
baseline_plus_unconditional_logp_per_position,peptide_disjoint,mse,all,macro,auc_gt_2h,0.7971918405288212,5593,5670,69,ok
baseline_plus_unconditional_logp_per_position,peptide_disjoint,mse,all,size_weighted,auc_gt_2h,0.8025539504470082,5593,5670,69,ok
baseline_plus_unconditional_logp_per_position,peptide_disjoint,mse,nonzero,pooled,spearman,0.6678819984839458,4536,4536,73,ok
baseline_plus_unconditional_logp_per_position,peptide_disjoint,mse,nonzero,macro,spearman,0.5156958748785039,4534,4536,71,ok
baseline_plus_unconditional_logp_per_position,peptide_disjoint,mse,nonzero,size_weighted,spearman,0.5359146692826009,4534,4536,71,ok
baseline_plus_unconditional_logp_per_position,peptide_disjoint,mse,nonzero,pooled,pearson_log,0.6655185408883721,4536,4536,73,ok
baseline_plus_unconditional_logp_per_position,peptide_disjoint,mse,nonzero,macro,pearson_log,0.5199385956280858,4534,4536,71,ok
baseline_plus_unconditional_logp_per_position,peptide_disjoint,mse,nonzero,size_weighted,pearson_log,0.5414700072895801,4534,4536,71,ok
baseline_plus_unconditional_logp_per_position,peptide_disjoint,mse,nonzero,pooled,auc_gt_2h,0.8316352240384466,4536,4536,73,ok
baseline_plus_unconditional_logp_per_position,peptide_disjoint,mse,nonzero,macro,auc_gt_2h,0.7641769675636556,4525,4536,69,ok
baseline_plus_unconditional_logp_per_position,peptide_disjoint,mse,nonzero,size_weighted,auc_gt_2h,0.776457172365057,4525,4536,69,ok
baseline_plus_unconditional_logp_per_position,random,mse,all,pooled,spearman,0.6919121101432764,5634,5634,75,ok
baseline_plus_unconditional_logp_per_position,random,mse,all,macro,spearman,0.45596210585064684,5633,5634,74,ok
baseline_plus_unconditional_logp_per_position,random,mse,all,size_weighted,spearman,0.4799008317164601,5633,5634,74,ok
baseline_plus_unconditional_logp_per_position,random,mse,all,pooled,pearson_log,0.6962600390651292,5634,5634,75,ok
baseline_plus_unconditional_logp_per_position,random,mse,all,macro,pearson_log,0.4564008941189115,5633,5634,74,ok
baseline_plus_unconditional_logp_per_position,random,mse,all,size_weighted,pearson_log,0.48199263361964645,5633,5634,74,ok
baseline_plus_unconditional_logp_per_position,random,mse,all,pooled,auc_gt_2h,0.8470482759437236,5634,5634,75,ok
baseline_plus_unconditional_logp_per_position,random,mse,all,macro,auc_gt_2h,0.7664605834414464,5552,5634,71,ok
baseline_plus_unconditional_logp_per_position,random,mse,all,size_weighted,auc_gt_2h,0.7677553024486876,5552,5634,71,ok
baseline_plus_unconditional_logp_per_position,random,mse,nonzero,pooled,spearman,0.6014266908557123,4508,4508,74,ok
baseline_plus_unconditional_logp_per_position,random,mse,nonzero,macro,spearman,0.422191721504767,4507,4508,73,ok
baseline_plus_unconditional_logp_per_position,random,mse,nonzero,size_weighted,spearman,0.4594376633515134,4507,4508,73,ok
baseline_plus_unconditional_logp_per_position,random,mse,nonzero,pooled,pearson_log,0.5989043230608144,4508,4508,74,ok
baseline_plus_unconditional_logp_per_position,random,mse,nonzero,macro,pearson_log,0.42688629497058467,4507,4508,73,ok
baseline_plus_unconditional_logp_per_position,random,mse,nonzero,size_weighted,pearson_log,0.459464564055356,4507,4508,73,ok
baseline_plus_unconditional_logp_per_position,random,mse,nonzero,pooled,auc_gt_2h,0.8040421306574761,4508,4508,74,ok
baseline_plus_unconditional_logp_per_position,random,mse,nonzero,macro,auc_gt_2h,0.7349310865573229,4498,4508,71,ok
baseline_plus_unconditional_logp_per_position,random,mse,nonzero,size_weighted,auc_gt_2h,0.7433827343508792,4498,4508,71,ok
baseline_plus_unconditional_mean_logp,leave_one_allele_out,mse,all,pooled,spearman,0.5169910541784297,28166,28166,75,ok
baseline_plus_unconditional_mean_logp,leave_one_allele_out,mse,all,macro,spearman,0.46643406626068695,28166,28166,75,ok
baseline_plus_unconditional_mean_logp,leave_one_allele_out,mse,all,size_weighted,spearman,0.47456500828589027,28166,28166,75,ok
baseline_plus_unconditional_mean_logp,leave_one_allele_out,mse,all,pooled,pearson_log,0.5270516495363832,28166,28166,75,ok
baseline_plus_unconditional_mean_logp,leave_one_allele_out,mse,all,macro,pearson_log,0.46971210563665444,28166,28166,75,ok
baseline_plus_unconditional_mean_logp,leave_one_allele_out,mse,all,size_weighted,pearson_log,0.47485431247138454,28166,28166,75,ok
baseline_plus_unconditional_mean_logp,leave_one_allele_out,mse,all,pooled,auc_gt_2h,0.754057612178547,28166,28166,75,ok
baseline_plus_unconditional_mean_logp,leave_one_allele_out,mse,all,macro,auc_gt_2h,0.7581268857321868,28166,28166,75,ok
baseline_plus_unconditional_mean_logp,leave_one_allele_out,mse,all,size_weighted,auc_gt_2h,0.7636384780311276,28166,28166,75,ok
baseline_plus_unconditional_mean_logp,leave_one_allele_out,mse,nonzero,pooled,spearman,0.4403052581439541,22487,22487,75,ok
baseline_plus_unconditional_mean_logp,leave_one_allele_out,mse,nonzero,macro,spearman,0.42904894307529107,22487,22487,75,ok
baseline_plus_unconditional_mean_logp,leave_one_allele_out,mse,nonzero,size_weighted,spearman,0.457520321061927,22487,22487,75,ok
baseline_plus_unconditional_mean_logp,leave_one_allele_out,mse,nonzero,pooled,pearson_log,0.4501201352307276,22487,22487,75,ok
baseline_plus_unconditional_mean_logp,leave_one_allele_out,mse,nonzero,macro,pearson_log,0.42829077996581577,22487,22487,75,ok
baseline_plus_unconditional_mean_logp,leave_one_allele_out,mse,nonzero,size_weighted,pearson_log,0.45771673089977755,22487,22487,75,ok
baseline_plus_unconditional_mean_logp,leave_one_allele_out,mse,nonzero,pooled,auc_gt_2h,0.7121273980371599,22487,22487,75,ok
baseline_plus_unconditional_mean_logp,leave_one_allele_out,mse,nonzero,macro,auc_gt_2h,0.7232125292318415,22487,22487,75,ok
baseline_plus_unconditional_mean_logp,leave_one_allele_out,mse,nonzero,size_weighted,auc_gt_2h,0.7389724268296548,22487,22487,75,ok
baseline_plus_unconditional_mean_logp,peptide_disjoint,mse,all,pooled,spearman,0.7347892036519166,5670,5670,75,ok
baseline_plus_unconditional_mean_logp,peptide_disjoint,mse,all,macro,spearman,0.536764339844685,5665,5670,71,ok
baseline_plus_unconditional_mean_logp,peptide_disjoint,mse,all,size_weighted,spearman,0.5643982961592847,5665,5670,71,ok
baseline_plus_unconditional_mean_logp,peptide_disjoint,mse,all,pooled,pearson_log,0.7339321993562143,5670,5670,75,ok
baseline_plus_unconditional_mean_logp,peptide_disjoint,mse,all,macro,pearson_log,0.5356184954927703,5665,5670,71,ok
baseline_plus_unconditional_mean_logp,peptide_disjoint,mse,all,size_weighted,pearson_log,0.5621198968949466,5665,5670,71,ok
baseline_plus_unconditional_mean_logp,peptide_disjoint,mse,all,pooled,auc_gt_2h,0.8676945734824696,5670,5670,75,ok
baseline_plus_unconditional_mean_logp,peptide_disjoint,mse,all,macro,auc_gt_2h,0.7936696809510336,5593,5670,69,ok
baseline_plus_unconditional_mean_logp,peptide_disjoint,mse,all,size_weighted,auc_gt_2h,0.8086986994122152,5593,5670,69,ok
baseline_plus_unconditional_mean_logp,peptide_disjoint,mse,nonzero,pooled,spearman,0.6598817156159962,4536,4536,73,ok
baseline_plus_unconditional_mean_logp,peptide_disjoint,mse,nonzero,macro,spearman,0.5015652305859778,4534,4536,71,ok
baseline_plus_unconditional_mean_logp,peptide_disjoint,mse,nonzero,size_weighted,spearman,0.535473281111528,4534,4536,71,ok
baseline_plus_unconditional_mean_logp,peptide_disjoint,mse,nonzero,pooled,pearson_log,0.6594359530268055,4536,4536,73,ok
baseline_plus_unconditional_mean_logp,peptide_disjoint,mse,nonzero,macro,pearson_log,0.5107828237785751,4534,4536,71,ok
baseline_plus_unconditional_mean_logp,peptide_disjoint,mse,nonzero,size_weighted,pearson_log,0.5425928262965192,4534,4536,71,ok
baseline_plus_unconditional_mean_logp,peptide_disjoint,mse,nonzero,pooled,auc_gt_2h,0.8281152308816897,4536,4536,73,ok
baseline_plus_unconditional_mean_logp,peptide_disjoint,mse,nonzero,macro,auc_gt_2h,0.7633497580178029,4525,4536,69,ok
baseline_plus_unconditional_mean_logp,peptide_disjoint,mse,nonzero,size_weighted,auc_gt_2h,0.784013166984334,4525,4536,69,ok
baseline_plus_unconditional_mean_logp,random,mse,all,pooled,spearman,0.6747830834748358,5634,5634,75,ok
baseline_plus_unconditional_mean_logp,random,mse,all,macro,spearman,0.43637983941767333,5633,5634,74,ok
baseline_plus_unconditional_mean_logp,random,mse,all,size_weighted,spearman,0.45411250465632397,5633,5634,74,ok
baseline_plus_unconditional_mean_logp,random,mse,all,pooled,pearson_log,0.6766348273509315,5634,5634,75,ok
baseline_plus_unconditional_mean_logp,random,mse,all,macro,pearson_log,0.4309936001535573,5633,5634,74,ok
baseline_plus_unconditional_mean_logp,random,mse,all,size_weighted,pearson_log,0.4534179957231226,5633,5634,74,ok
baseline_plus_unconditional_mean_logp,random,mse,all,pooled,auc_gt_2h,0.8395805117606547,5634,5634,75,ok
baseline_plus_unconditional_mean_logp,random,mse,all,macro,auc_gt_2h,0.761408768378284,5552,5634,71,ok
baseline_plus_unconditional_mean_logp,random,mse,all,size_weighted,auc_gt_2h,0.7623904694738982,5552,5634,71,ok
baseline_plus_unconditional_mean_logp,random,mse,nonzero,pooled,spearman,0.5798135260833085,4508,4508,74,ok
baseline_plus_unconditional_mean_logp,random,mse,nonzero,macro,spearman,0.40630246260864966,4507,4508,73,ok
baseline_plus_unconditional_mean_logp,random,mse,nonzero,size_weighted,spearman,0.43239464303589437,4507,4508,73,ok
baseline_plus_unconditional_mean_logp,random,mse,nonzero,pooled,pearson_log,0.5756207747176576,4508,4508,74,ok
baseline_plus_unconditional_mean_logp,random,mse,nonzero,macro,pearson_log,0.41407461983335403,4507,4508,73,ok
baseline_plus_unconditional_mean_logp,random,mse,nonzero,size_weighted,pearson_log,0.4361791816833162,4507,4508,73,ok
baseline_plus_unconditional_mean_logp,random,mse,nonzero,pooled,auc_gt_2h,0.7947256367794678,4508,4508,74,ok
baseline_plus_unconditional_mean_logp,random,mse,nonzero,macro,auc_gt_2h,0.735960075544321,4498,4508,71,ok
baseline_plus_unconditional_mean_logp,random,mse,nonzero,size_weighted,auc_gt_2h,0.7356000710505071,4498,4508,71,ok
blosum_pseudoseq,leave_one_allele_out,censored_hinge,all,pooled,spearman,0.49944963736430636,28166,28166,75,ok
blosum_pseudoseq,leave_one_allele_out,censored_hinge,all,macro,spearman,0.42776716088678607,28166,28166,75,ok
blosum_pseudoseq,leave_one_allele_out,censored_hinge,all,size_weighted,spearman,0.45703846122740777,28166,28166,75,ok
blosum_pseudoseq,leave_one_allele_out,censored_hinge,all,pooled,pearson_log,0.5099307431944249,28166,28166,75,ok
blosum_pseudoseq,leave_one_allele_out,censored_hinge,all,macro,pearson_log,0.42786867939529266,28166,28166,75,ok
blosum_pseudoseq,leave_one_allele_out,censored_hinge,all,size_weighted,pearson_log,0.4526937494442994,28166,28166,75,ok
blosum_pseudoseq,leave_one_allele_out,censored_hinge,all,pooled,auc_gt_2h,0.7441625511986262,28166,28166,75,ok
blosum_pseudoseq,leave_one_allele_out,censored_hinge,all,macro,auc_gt_2h,0.7455166267038127,28166,28166,75,ok
blosum_pseudoseq,leave_one_allele_out,censored_hinge,all,size_weighted,auc_gt_2h,0.7545297164075102,28166,28166,75,ok
blosum_pseudoseq,leave_one_allele_out,censored_hinge,nonzero,pooled,spearman,0.4327523681335284,22487,22487,75,ok
blosum_pseudoseq,leave_one_allele_out,censored_hinge,nonzero,macro,spearman,0.41438125486630834,22487,22487,75,ok
blosum_pseudoseq,leave_one_allele_out,censored_hinge,nonzero,size_weighted,spearman,0.4549893195512862,22487,22487,75,ok
blosum_pseudoseq,leave_one_allele_out,censored_hinge,nonzero,pooled,pearson_log,0.4518908198891417,22487,22487,75,ok
blosum_pseudoseq,leave_one_allele_out,censored_hinge,nonzero,macro,pearson_log,0.4111628482325853,22487,22487,75,ok
blosum_pseudoseq,leave_one_allele_out,censored_hinge,nonzero,size_weighted,pearson_log,0.4544239845668836,22487,22487,75,ok
blosum_pseudoseq,leave_one_allele_out,censored_hinge,nonzero,pooled,auc_gt_2h,0.7048725763806764,22487,22487,75,ok
blosum_pseudoseq,leave_one_allele_out,censored_hinge,nonzero,macro,auc_gt_2h,0.7187061401449093,22487,22487,75,ok
blosum_pseudoseq,leave_one_allele_out,censored_hinge,nonzero,size_weighted,auc_gt_2h,0.7339016317352993,22487,22487,75,ok
blosum_pseudoseq,leave_one_allele_out,mse,all,pooled,spearman,0.4838724356457335,28166,28166,75,ok
blosum_pseudoseq,leave_one_allele_out,mse,all,macro,spearman,0.422853752592429,28166,28166,75,ok
blosum_pseudoseq,leave_one_allele_out,mse,all,size_weighted,spearman,0.4465528898656735,28166,28166,75,ok
blosum_pseudoseq,leave_one_allele_out,mse,all,pooled,pearson_log,0.49482059823126584,28166,28166,75,ok
blosum_pseudoseq,leave_one_allele_out,mse,all,macro,pearson_log,0.4178786134310151,28166,28166,75,ok
blosum_pseudoseq,leave_one_allele_out,mse,all,size_weighted,pearson_log,0.44316780988138144,28166,28166,75,ok
blosum_pseudoseq,leave_one_allele_out,mse,all,pooled,auc_gt_2h,0.7335787583725135,28166,28166,75,ok
blosum_pseudoseq,leave_one_allele_out,mse,all,macro,auc_gt_2h,0.7372623199239828,28166,28166,75,ok
blosum_pseudoseq,leave_one_allele_out,mse,all,size_weighted,auc_gt_2h,0.7458062355587995,28166,28166,75,ok
blosum_pseudoseq,leave_one_allele_out,mse,nonzero,pooled,spearman,0.41194427776242026,22487,22487,75,ok
blosum_pseudoseq,leave_one_allele_out,mse,nonzero,macro,spearman,0.40926773454334947,22487,22487,75,ok
blosum_pseudoseq,leave_one_allele_out,mse,nonzero,size_weighted,spearman,0.4405452578332801,22487,22487,75,ok
blosum_pseudoseq,leave_one_allele_out,mse,nonzero,pooled,pearson_log,0.424446654722459,22487,22487,75,ok
blosum_pseudoseq,leave_one_allele_out,mse,nonzero,macro,pearson_log,0.401758872347791,22487,22487,75,ok
blosum_pseudoseq,leave_one_allele_out,mse,nonzero,size_weighted,pearson_log,0.43835987553616984,22487,22487,75,ok
blosum_pseudoseq,leave_one_allele_out,mse,nonzero,pooled,auc_gt_2h,0.6925996202607003,22487,22487,75,ok
blosum_pseudoseq,leave_one_allele_out,mse,nonzero,macro,auc_gt_2h,0.7109035970748668,22487,22487,75,ok
blosum_pseudoseq,leave_one_allele_out,mse,nonzero,size_weighted,auc_gt_2h,0.7243585089486565,22487,22487,75,ok
blosum_pseudoseq,leave_one_allele_out,ranking,all,pooled,spearman,0.2688908971170602,28166,28166,75,ok
blosum_pseudoseq,leave_one_allele_out,ranking,all,macro,spearman,0.47470907013134306,28166,28166,75,ok
blosum_pseudoseq,leave_one_allele_out,ranking,all,size_weighted,spearman,0.5003466476229005,28166,28166,75,ok
blosum_pseudoseq,leave_one_allele_out,ranking,all,pooled,pearson_log,0.2626962311227593,28166,28166,75,ok
blosum_pseudoseq,leave_one_allele_out,ranking,all,macro,pearson_log,0.4667469802065459,28166,28166,75,ok
blosum_pseudoseq,leave_one_allele_out,ranking,all,size_weighted,pearson_log,0.49034189765509295,28166,28166,75,ok
blosum_pseudoseq,leave_one_allele_out,ranking,all,pooled,auc_gt_2h,0.6416015936737556,28166,28166,75,ok
blosum_pseudoseq,leave_one_allele_out,ranking,all,macro,auc_gt_2h,0.7624246886961,28166,28166,75,ok
blosum_pseudoseq,leave_one_allele_out,ranking,all,size_weighted,auc_gt_2h,0.7707455294478265,28166,28166,75,ok
blosum_pseudoseq,leave_one_allele_out,ranking,nonzero,pooled,spearman,0.25351071788703733,22487,22487,75,ok
blosum_pseudoseq,leave_one_allele_out,ranking,nonzero,macro,spearman,0.4464500953874646,22487,22487,75,ok
blosum_pseudoseq,leave_one_allele_out,ranking,nonzero,size_weighted,spearman,0.49121320746073127,22487,22487,75,ok
blosum_pseudoseq,leave_one_allele_out,ranking,nonzero,pooled,pearson_log,0.2573810174904059,22487,22487,75,ok
blosum_pseudoseq,leave_one_allele_out,ranking,nonzero,macro,pearson_log,0.4375578510517569,22487,22487,75,ok
blosum_pseudoseq,leave_one_allele_out,ranking,nonzero,size_weighted,pearson_log,0.48573858833967376,22487,22487,75,ok
blosum_pseudoseq,leave_one_allele_out,ranking,nonzero,pooled,auc_gt_2h,0.6260283472208727,22487,22487,75,ok
blosum_pseudoseq,leave_one_allele_out,ranking,nonzero,macro,auc_gt_2h,0.7299758451712254,22487,22487,75,ok
blosum_pseudoseq,leave_one_allele_out,ranking,nonzero,size_weighted,auc_gt_2h,0.7493444575038072,22487,22487,75,ok
blosum_pseudoseq,peptide_disjoint,censored_hinge,all,pooled,spearman,0.7325067233426862,5670,5670,75,ok
blosum_pseudoseq,peptide_disjoint,censored_hinge,all,macro,spearman,0.5259189709449209,5665,5670,71,ok
blosum_pseudoseq,peptide_disjoint,censored_hinge,all,size_weighted,spearman,0.5520856697148491,5665,5670,71,ok
blosum_pseudoseq,peptide_disjoint,censored_hinge,all,pooled,pearson_log,0.729185879001619,5670,5670,75,ok
blosum_pseudoseq,peptide_disjoint,censored_hinge,all,macro,pearson_log,0.5336829819692404,5665,5670,71,ok
blosum_pseudoseq,peptide_disjoint,censored_hinge,all,size_weighted,pearson_log,0.5478533955474899,5665,5670,71,ok
blosum_pseudoseq,peptide_disjoint,censored_hinge,all,pooled,auc_gt_2h,0.8700539148262528,5670,5670,75,ok
blosum_pseudoseq,peptide_disjoint,censored_hinge,all,macro,auc_gt_2h,0.7959148019850992,5593,5670,69,ok
blosum_pseudoseq,peptide_disjoint,censored_hinge,all,size_weighted,auc_gt_2h,0.7995973252504834,5593,5670,69,ok
blosum_pseudoseq,peptide_disjoint,censored_hinge,nonzero,pooled,spearman,0.6713372303382754,4536,4536,73,ok
blosum_pseudoseq,peptide_disjoint,censored_hinge,nonzero,macro,spearman,0.49515556364002095,4534,4536,71,ok
blosum_pseudoseq,peptide_disjoint,censored_hinge,nonzero,size_weighted,spearman,0.5369128357966958,4534,4536,71,ok
blosum_pseudoseq,peptide_disjoint,censored_hinge,nonzero,pooled,pearson_log,0.6804846568166418,4536,4536,73,ok
blosum_pseudoseq,peptide_disjoint,censored_hinge,nonzero,macro,pearson_log,0.5144721794824346,4534,4536,71,ok
blosum_pseudoseq,peptide_disjoint,censored_hinge,nonzero,size_weighted,pearson_log,0.5451701101981413,4534,4536,71,ok
blosum_pseudoseq,peptide_disjoint,censored_hinge,nonzero,pooled,auc_gt_2h,0.834236142432773,4536,4536,73,ok
blosum_pseudoseq,peptide_disjoint,censored_hinge,nonzero,macro,auc_gt_2h,0.7674719022625496,4525,4536,69,ok
blosum_pseudoseq,peptide_disjoint,censored_hinge,nonzero,size_weighted,auc_gt_2h,0.7773591896253274,4525,4536,69,ok
blosum_pseudoseq,peptide_disjoint,mse,all,pooled,spearman,0.7417417630958368,5670,5670,75,ok
blosum_pseudoseq,peptide_disjoint,mse,all,macro,spearman,0.5442635820743561,5665,5670,71,ok
blosum_pseudoseq,peptide_disjoint,mse,all,size_weighted,spearman,0.5712990978708711,5665,5670,71,ok
blosum_pseudoseq,peptide_disjoint,mse,all,pooled,pearson_log,0.7401102674035634,5670,5670,75,ok
blosum_pseudoseq,peptide_disjoint,mse,all,macro,pearson_log,0.5478402618087925,5665,5670,71,ok
blosum_pseudoseq,peptide_disjoint,mse,all,size_weighted,pearson_log,0.5690599334726456,5665,5670,71,ok
blosum_pseudoseq,peptide_disjoint,mse,all,pooled,auc_gt_2h,0.869292489554408,5670,5670,75,ok
blosum_pseudoseq,peptide_disjoint,mse,all,macro,auc_gt_2h,0.7957120246429731,5593,5670,69,ok
blosum_pseudoseq,peptide_disjoint,mse,all,size_weighted,auc_gt_2h,0.8053594849324833,5593,5670,69,ok
blosum_pseudoseq,peptide_disjoint,mse,nonzero,pooled,spearman,0.6722450796880663,4536,4536,73,ok
blosum_pseudoseq,peptide_disjoint,mse,nonzero,macro,spearman,0.5077592974168671,4534,4536,71,ok
blosum_pseudoseq,peptide_disjoint,mse,nonzero,size_weighted,spearman,0.5468159733384952,4534,4536,71,ok
blosum_pseudoseq,peptide_disjoint,mse,nonzero,pooled,pearson_log,0.673438096358715,4536,4536,73,ok
blosum_pseudoseq,peptide_disjoint,mse,nonzero,macro,pearson_log,0.5159877574994416,4534,4536,71,ok
blosum_pseudoseq,peptide_disjoint,mse,nonzero,size_weighted,pearson_log,0.5524582303793202,4534,4536,71,ok
blosum_pseudoseq,peptide_disjoint,mse,nonzero,pooled,auc_gt_2h,0.8309259180055057,4536,4536,73,ok
blosum_pseudoseq,peptide_disjoint,mse,nonzero,macro,auc_gt_2h,0.764480844040537,4525,4536,69,ok
blosum_pseudoseq,peptide_disjoint,mse,nonzero,size_weighted,auc_gt_2h,0.7827569071387294,4525,4536,69,ok
blosum_pseudoseq,peptide_disjoint,ranking,all,pooled,spearman,0.31351039079641746,5670,5670,75,ok
blosum_pseudoseq,peptide_disjoint,ranking,all,macro,spearman,0.6098156272103941,5665,5670,71,ok
blosum_pseudoseq,peptide_disjoint,ranking,all,size_weighted,spearman,0.620550306548392,5665,5670,71,ok
blosum_pseudoseq,peptide_disjoint,ranking,all,pooled,pearson_log,0.324383042109766,5670,5670,75,ok
blosum_pseudoseq,peptide_disjoint,ranking,all,macro,pearson_log,0.5984075408336385,5665,5670,71,ok
blosum_pseudoseq,peptide_disjoint,ranking,all,size_weighted,pearson_log,0.6116926713237717,5665,5670,71,ok
blosum_pseudoseq,peptide_disjoint,ranking,all,pooled,auc_gt_2h,0.6655883917680949,5670,5670,75,ok
blosum_pseudoseq,peptide_disjoint,ranking,all,macro,auc_gt_2h,0.8195138099327702,5593,5670,69,ok
blosum_pseudoseq,peptide_disjoint,ranking,all,size_weighted,auc_gt_2h,0.8285564467180229,5593,5670,69,ok
blosum_pseudoseq,peptide_disjoint,ranking,nonzero,pooled,spearman,0.28664507857980404,4536,4536,73,ok
blosum_pseudoseq,peptide_disjoint,ranking,nonzero,macro,spearman,0.5492635194340107,4534,4536,71,ok
blosum_pseudoseq,peptide_disjoint,ranking,nonzero,size_weighted,spearman,0.5815299456852313,4534,4536,71,ok
blosum_pseudoseq,peptide_disjoint,ranking,nonzero,pooled,pearson_log,0.3089519213459275,4536,4536,73,ok
blosum_pseudoseq,peptide_disjoint,ranking,nonzero,macro,pearson_log,0.548496032338002,4534,4536,71,ok
blosum_pseudoseq,peptide_disjoint,ranking,nonzero,size_weighted,pearson_log,0.5785745211046777,4534,4536,71,ok
blosum_pseudoseq,peptide_disjoint,ranking,nonzero,pooled,auc_gt_2h,0.64546936482262,4536,4536,73,ok
blosum_pseudoseq,peptide_disjoint,ranking,nonzero,macro,auc_gt_2h,0.7840886402001764,4525,4536,69,ok
blosum_pseudoseq,peptide_disjoint,ranking,nonzero,size_weighted,auc_gt_2h,0.8003702850651949,4525,4536,69,ok
blosum_pseudoseq,random,censored_hinge,all,pooled,spearman,0.6976311343751761,5634,5634,75,ok
blosum_pseudoseq,random,censored_hinge,all,macro,spearman,0.48240582412500593,5633,5634,74,ok
blosum_pseudoseq,random,censored_hinge,all,size_weighted,spearman,0.4909091924282484,5633,5634,74,ok
blosum_pseudoseq,random,censored_hinge,all,pooled,pearson_log,0.698301128431416,5634,5634,75,ok
blosum_pseudoseq,random,censored_hinge,all,macro,pearson_log,0.47859783533776845,5633,5634,74,ok
blosum_pseudoseq,random,censored_hinge,all,size_weighted,pearson_log,0.4957445553998189,5633,5634,74,ok
blosum_pseudoseq,random,censored_hinge,all,pooled,auc_gt_2h,0.852288886067773,5634,5634,75,ok
blosum_pseudoseq,random,censored_hinge,all,macro,auc_gt_2h,0.7729769934886258,5552,5634,71,ok
blosum_pseudoseq,random,censored_hinge,all,size_weighted,auc_gt_2h,0.7728041496166187,5552,5634,71,ok
blosum_pseudoseq,random,censored_hinge,nonzero,pooled,spearman,0.6264478389805589,4508,4508,74,ok
blosum_pseudoseq,random,censored_hinge,nonzero,macro,spearman,0.45582991310546067,4507,4508,73,ok
blosum_pseudoseq,random,censored_hinge,nonzero,size_weighted,spearman,0.47343851778770896,4507,4508,73,ok
blosum_pseudoseq,random,censored_hinge,nonzero,pooled,pearson_log,0.6302645568256556,4508,4508,74,ok
blosum_pseudoseq,random,censored_hinge,nonzero,macro,pearson_log,0.4643307114454511,4507,4508,73,ok
blosum_pseudoseq,random,censored_hinge,nonzero,size_weighted,pearson_log,0.47689380657497543,4507,4508,73,ok
blosum_pseudoseq,random,censored_hinge,nonzero,pooled,auc_gt_2h,0.813764014699158,4508,4508,74,ok
blosum_pseudoseq,random,censored_hinge,nonzero,macro,auc_gt_2h,0.7460294765232501,4498,4508,71,ok
blosum_pseudoseq,random,censored_hinge,nonzero,size_weighted,auc_gt_2h,0.7477281890890377,4498,4508,71,ok
blosum_pseudoseq,random,mse,all,pooled,spearman,0.6795430202098671,5634,5634,75,ok
blosum_pseudoseq,random,mse,all,macro,spearman,0.4485901562022412,5633,5634,74,ok
blosum_pseudoseq,random,mse,all,size_weighted,spearman,0.45092133752227925,5633,5634,74,ok
blosum_pseudoseq,random,mse,all,pooled,pearson_log,0.6818933389621097,5634,5634,75,ok
blosum_pseudoseq,random,mse,all,macro,pearson_log,0.4394283479627711,5633,5634,74,ok
blosum_pseudoseq,random,mse,all,size_weighted,pearson_log,0.4497729714832365,5633,5634,74,ok
blosum_pseudoseq,random,mse,all,pooled,auc_gt_2h,0.8394312630362413,5634,5634,75,ok
blosum_pseudoseq,random,mse,all,macro,auc_gt_2h,0.7594156264972237,5552,5634,71,ok
blosum_pseudoseq,random,mse,all,size_weighted,auc_gt_2h,0.7533537885587507,5552,5634,71,ok
blosum_pseudoseq,random,mse,nonzero,pooled,spearman,0.5912916650986537,4508,4508,74,ok
blosum_pseudoseq,random,mse,nonzero,macro,spearman,0.4398670471925202,4507,4508,73,ok
blosum_pseudoseq,random,mse,nonzero,size_weighted,spearman,0.4453793701977812,4507,4508,73,ok
blosum_pseudoseq,random,mse,nonzero,pooled,pearson_log,0.5890145698541713,4508,4508,74,ok
blosum_pseudoseq,random,mse,nonzero,macro,pearson_log,0.44260807307823224,4507,4508,73,ok
blosum_pseudoseq,random,mse,nonzero,size_weighted,pearson_log,0.44476844002126587,4507,4508,73,ok
blosum_pseudoseq,random,mse,nonzero,pooled,auc_gt_2h,0.7956374939939465,4508,4508,74,ok
blosum_pseudoseq,random,mse,nonzero,macro,auc_gt_2h,0.7313110113469803,4498,4508,71,ok
blosum_pseudoseq,random,mse,nonzero,size_weighted,auc_gt_2h,0.7288460210343993,4498,4508,71,ok
blosum_pseudoseq,random,ranking,all,pooled,spearman,0.32270501674511864,5634,5634,75,ok
blosum_pseudoseq,random,ranking,all,macro,spearman,0.5880067423049472,5633,5634,74,ok
blosum_pseudoseq,random,ranking,all,size_weighted,spearman,0.6253944141453129,5633,5634,74,ok
blosum_pseudoseq,random,ranking,all,pooled,pearson_log,0.3277223463183828,5634,5634,75,ok
blosum_pseudoseq,random,ranking,all,macro,pearson_log,0.5955691991904568,5633,5634,74,ok
blosum_pseudoseq,random,ranking,all,size_weighted,pearson_log,0.6201332460481626,5633,5634,74,ok
blosum_pseudoseq,random,ranking,all,pooled,auc_gt_2h,0.6706539777843701,5634,5634,75,ok
blosum_pseudoseq,random,ranking,all,macro,auc_gt_2h,0.8322149159879696,5552,5634,71,ok
blosum_pseudoseq,random,ranking,all,size_weighted,auc_gt_2h,0.8347634407804748,5552,5634,71,ok
blosum_pseudoseq,random,ranking,nonzero,pooled,spearman,0.29216913855686194,4508,4508,74,ok
blosum_pseudoseq,random,ranking,nonzero,macro,spearman,0.520773880258522,4507,4508,73,ok
blosum_pseudoseq,random,ranking,nonzero,size_weighted,spearman,0.5934449780586588,4507,4508,73,ok
blosum_pseudoseq,random,ranking,nonzero,pooled,pearson_log,0.3052149291948701,4508,4508,74,ok
blosum_pseudoseq,random,ranking,nonzero,macro,pearson_log,0.5466015331976078,4507,4508,73,ok
blosum_pseudoseq,random,ranking,nonzero,size_weighted,pearson_log,0.5945237448130662,4507,4508,73,ok
blosum_pseudoseq,random,ranking,nonzero,pooled,auc_gt_2h,0.64922137334259,4508,4508,74,ok
blosum_pseudoseq,random,ranking,nonzero,macro,auc_gt_2h,0.7982380725436611,4498,4508,71,ok
blosum_pseudoseq,random,ranking,nonzero,size_weighted,auc_gt_2h,0.8081504631587333,4498,4508,71,ok
ligandmpnn_conditional,leave_one_allele_out,zero_shot,all,pooled,spearman,0.07253828109849215,28166,28166,75,ok
ligandmpnn_conditional,leave_one_allele_out,zero_shot,all,macro,spearman,0.13368483640559892,28166,28166,75,ok
ligandmpnn_conditional,leave_one_allele_out,zero_shot,all,size_weighted,spearman,0.12042895632566188,28166,28166,75,ok
ligandmpnn_conditional,leave_one_allele_out,zero_shot,all,pooled,pearson_log,0.06787163375434666,28166,28166,75,ok
ligandmpnn_conditional,leave_one_allele_out,zero_shot,all,macro,pearson_log,0.1339023726727735,28166,28166,75,ok
ligandmpnn_conditional,leave_one_allele_out,zero_shot,all,size_weighted,pearson_log,0.11872765188997893,28166,28166,75,ok
ligandmpnn_conditional,leave_one_allele_out,zero_shot,all,pooled,auc_gt_2h,0.5402082993978868,28166,28166,75,ok
ligandmpnn_conditional,leave_one_allele_out,zero_shot,all,macro,auc_gt_2h,0.5763900313678324,28166,28166,75,ok
ligandmpnn_conditional,leave_one_allele_out,zero_shot,all,size_weighted,auc_gt_2h,0.5632909986333873,28166,28166,75,ok
ligandmpnn_conditional,leave_one_allele_out,zero_shot,nonzero,pooled,spearman,0.059894503981429405,22487,22487,75,ok
ligandmpnn_conditional,leave_one_allele_out,zero_shot,nonzero,macro,spearman,0.11702777918770556,22487,22487,75,ok
ligandmpnn_conditional,leave_one_allele_out,zero_shot,nonzero,size_weighted,spearman,0.10199601837594546,22487,22487,75,ok
ligandmpnn_conditional,leave_one_allele_out,zero_shot,nonzero,pooled,pearson_log,0.055861928260272836,22487,22487,75,ok
ligandmpnn_conditional,leave_one_allele_out,zero_shot,nonzero,macro,pearson_log,0.12449415025900852,22487,22487,75,ok
ligandmpnn_conditional,leave_one_allele_out,zero_shot,nonzero,size_weighted,pearson_log,0.10118380042093986,22487,22487,75,ok
ligandmpnn_conditional,leave_one_allele_out,zero_shot,nonzero,pooled,auc_gt_2h,0.5340620619182974,22487,22487,75,ok
ligandmpnn_conditional,leave_one_allele_out,zero_shot,nonzero,macro,auc_gt_2h,0.5646748361637435,22487,22487,75,ok
ligandmpnn_conditional,leave_one_allele_out,zero_shot,nonzero,size_weighted,auc_gt_2h,0.5497305872831546,22487,22487,75,ok
ligandmpnn_conditional,peptide_disjoint,zero_shot,all,pooled,spearman,0.06981571195116347,5670,5670,75,ok
ligandmpnn_conditional,peptide_disjoint,zero_shot,all,macro,spearman,0.15598677019691454,5665,5670,71,ok
ligandmpnn_conditional,peptide_disjoint,zero_shot,all,size_weighted,spearman,0.15634888017399035,5665,5670,71,ok
ligandmpnn_conditional,peptide_disjoint,zero_shot,all,pooled,pearson_log,0.06199824902250087,5670,5670,75,ok
ligandmpnn_conditional,peptide_disjoint,zero_shot,all,macro,pearson_log,0.15382474211473862,5665,5670,71,ok
ligandmpnn_conditional,peptide_disjoint,zero_shot,all,size_weighted,pearson_log,0.15555752426595726,5665,5670,71,ok
ligandmpnn_conditional,peptide_disjoint,zero_shot,all,pooled,auc_gt_2h,0.5404577894272442,5670,5670,75,ok
ligandmpnn_conditional,peptide_disjoint,zero_shot,all,macro,auc_gt_2h,0.5856035200805144,5593,5670,69,ok
ligandmpnn_conditional,peptide_disjoint,zero_shot,all,size_weighted,auc_gt_2h,0.5864761762721903,5593,5670,69,ok
ligandmpnn_conditional,peptide_disjoint,zero_shot,nonzero,pooled,spearman,0.050559281676174496,4536,4536,73,ok
ligandmpnn_conditional,peptide_disjoint,zero_shot,nonzero,macro,spearman,0.12443568110266957,4534,4536,71,ok
ligandmpnn_conditional,peptide_disjoint,zero_shot,nonzero,size_weighted,spearman,0.1284878807230574,4534,4536,71,ok
ligandmpnn_conditional,peptide_disjoint,zero_shot,nonzero,pooled,pearson_log,0.04221082918918099,4536,4536,73,ok
ligandmpnn_conditional,peptide_disjoint,zero_shot,nonzero,macro,pearson_log,0.12165616130332171,4534,4536,71,ok
ligandmpnn_conditional,peptide_disjoint,zero_shot,nonzero,size_weighted,pearson_log,0.12590800819547285,4534,4536,71,ok
ligandmpnn_conditional,peptide_disjoint,zero_shot,nonzero,pooled,auc_gt_2h,0.5329546868438653,4536,4536,73,ok
ligandmpnn_conditional,peptide_disjoint,zero_shot,nonzero,macro,auc_gt_2h,0.5677620952726532,4525,4536,69,ok
ligandmpnn_conditional,peptide_disjoint,zero_shot,nonzero,size_weighted,auc_gt_2h,0.5690884698234011,4525,4536,69,ok
ligandmpnn_conditional,random,zero_shot,all,pooled,spearman,0.08904778294018033,5634,5634,75,ok
ligandmpnn_conditional,random,zero_shot,all,macro,spearman,0.15503724894651566,5633,5634,74,ok
ligandmpnn_conditional,random,zero_shot,all,size_weighted,spearman,0.13021323721471711,5633,5634,74,ok
ligandmpnn_conditional,random,zero_shot,all,pooled,pearson_log,0.08439837878722742,5634,5634,75,ok
ligandmpnn_conditional,random,zero_shot,all,macro,pearson_log,0.15915798075858503,5633,5634,74,ok
ligandmpnn_conditional,random,zero_shot,all,size_weighted,pearson_log,0.13479474917655077,5633,5634,74,ok
ligandmpnn_conditional,random,zero_shot,all,pooled,auc_gt_2h,0.5452036827402303,5634,5634,75,ok
ligandmpnn_conditional,random,zero_shot,all,macro,auc_gt_2h,0.5764646878054036,5552,5634,71,ok
ligandmpnn_conditional,random,zero_shot,all,size_weighted,auc_gt_2h,0.5652531160504342,5552,5634,71,ok
ligandmpnn_conditional,random,zero_shot,nonzero,pooled,spearman,0.06879511858898826,4508,4508,74,ok
ligandmpnn_conditional,random,zero_shot,nonzero,macro,spearman,0.11151465121083784,4507,4508,73,ok
ligandmpnn_conditional,random,zero_shot,nonzero,size_weighted,spearman,0.10186358564720407,4507,4508,73,ok
ligandmpnn_conditional,random,zero_shot,nonzero,pooled,pearson_log,0.06579159107713015,4508,4508,74,ok
ligandmpnn_conditional,random,zero_shot,nonzero,macro,pearson_log,0.11536857937981043,4507,4508,73,ok
ligandmpnn_conditional,random,zero_shot,nonzero,size_weighted,pearson_log,0.10503152294957309,4507,4508,73,ok
ligandmpnn_conditional,random,zero_shot,nonzero,pooled,auc_gt_2h,0.5356451037942511,4508,4508,74,ok
ligandmpnn_conditional,random,zero_shot,nonzero,macro,auc_gt_2h,0.5558374102964219,4498,4508,71,ok
ligandmpnn_conditional,random,zero_shot,nonzero,size_weighted,auc_gt_2h,0.5482919477026554,4498,4508,71,ok
ligandmpnn_scrambled,leave_one_allele_out,zero_shot,all,pooled,spearman,-0.013976657920990598,28166,28166,75,ok
ligandmpnn_scrambled,leave_one_allele_out,zero_shot,all,macro,spearman,0.03505351901603599,28166,28166,75,ok
ligandmpnn_scrambled,leave_one_allele_out,zero_shot,all,size_weighted,spearman,0.01824463389149281,28166,28166,75,ok
ligandmpnn_scrambled,leave_one_allele_out,zero_shot,all,pooled,pearson_log,-0.02070477450546475,28166,28166,75,ok
ligandmpnn_scrambled,leave_one_allele_out,zero_shot,all,macro,pearson_log,0.028115997283227383,28166,28166,75,ok
ligandmpnn_scrambled,leave_one_allele_out,zero_shot,all,size_weighted,pearson_log,0.011869515268363212,28166,28166,75,ok
ligandmpnn_scrambled,leave_one_allele_out,zero_shot,all,pooled,auc_gt_2h,0.5061786906130739,28166,28166,75,ok
ligandmpnn_scrambled,leave_one_allele_out,zero_shot,all,macro,auc_gt_2h,0.5238080523016593,28166,28166,75,ok
ligandmpnn_scrambled,leave_one_allele_out,zero_shot,all,size_weighted,auc_gt_2h,0.508933861207894,28166,28166,75,ok
ligandmpnn_scrambled,leave_one_allele_out,zero_shot,nonzero,pooled,spearman,0.004414369532501689,22487,22487,75,ok
ligandmpnn_scrambled,leave_one_allele_out,zero_shot,nonzero,macro,spearman,0.0387598477344512,22487,22487,75,ok
ligandmpnn_scrambled,leave_one_allele_out,zero_shot,nonzero,size_weighted,spearman,0.02647469307468404,22487,22487,75,ok
ligandmpnn_scrambled,leave_one_allele_out,zero_shot,nonzero,pooled,pearson_log,-4.5079051499955294e-05,22487,22487,75,ok
ligandmpnn_scrambled,leave_one_allele_out,zero_shot,nonzero,macro,pearson_log,0.042291648467805365,22487,22487,75,ok
ligandmpnn_scrambled,leave_one_allele_out,zero_shot,nonzero,size_weighted,pearson_log,0.023732313563952796,22487,22487,75,ok
ligandmpnn_scrambled,leave_one_allele_out,zero_shot,nonzero,pooled,auc_gt_2h,0.5144717486450037,22487,22487,75,ok
ligandmpnn_scrambled,leave_one_allele_out,zero_shot,nonzero,macro,auc_gt_2h,0.5201516122584362,22487,22487,75,ok
ligandmpnn_scrambled,leave_one_allele_out,zero_shot,nonzero,size_weighted,auc_gt_2h,0.508425314649745,22487,22487,75,ok
ligandmpnn_scrambled,peptide_disjoint,zero_shot,all,pooled,spearman,-0.020794792672904672,5670,5670,75,ok
ligandmpnn_scrambled,peptide_disjoint,zero_shot,all,macro,spearman,0.04565608504718511,5665,5670,71,ok
ligandmpnn_scrambled,peptide_disjoint,zero_shot,all,size_weighted,spearman,0.05423412110914713,5665,5670,71,ok
ligandmpnn_scrambled,peptide_disjoint,zero_shot,all,pooled,pearson_log,-0.02524269520874526,5670,5670,75,ok
ligandmpnn_scrambled,peptide_disjoint,zero_shot,all,macro,pearson_log,0.03438720734412138,5665,5670,71,ok
ligandmpnn_scrambled,peptide_disjoint,zero_shot,all,size_weighted,pearson_log,0.03968091419627384,5665,5670,71,ok
ligandmpnn_scrambled,peptide_disjoint,zero_shot,all,pooled,auc_gt_2h,0.500656969350946,5670,5670,75,ok
ligandmpnn_scrambled,peptide_disjoint,zero_shot,all,macro,auc_gt_2h,0.5154891216875616,5593,5670,69,ok
ligandmpnn_scrambled,peptide_disjoint,zero_shot,all,size_weighted,auc_gt_2h,0.5188186196963823,5593,5670,69,ok
ligandmpnn_scrambled,peptide_disjoint,zero_shot,nonzero,pooled,spearman,-0.007448826031066873,4536,4536,73,ok
ligandmpnn_scrambled,peptide_disjoint,zero_shot,nonzero,macro,spearman,0.034001301348281596,4534,4536,71,ok
ligandmpnn_scrambled,peptide_disjoint,zero_shot,nonzero,size_weighted,spearman,0.058482091113697364,4534,4536,71,ok
ligandmpnn_scrambled,peptide_disjoint,zero_shot,nonzero,pooled,pearson_log,-0.014819967771940449,4536,4536,73,ok
ligandmpnn_scrambled,peptide_disjoint,zero_shot,nonzero,macro,pearson_log,0.02614126746272221,4534,4536,71,ok
ligandmpnn_scrambled,peptide_disjoint,zero_shot,nonzero,size_weighted,pearson_log,0.04500345416038458,4534,4536,71,ok
ligandmpnn_scrambled,peptide_disjoint,zero_shot,nonzero,pooled,auc_gt_2h,0.5074424156648055,4536,4536,73,ok
ligandmpnn_scrambled,peptide_disjoint,zero_shot,nonzero,macro,auc_gt_2h,0.5129469193808793,4525,4536,69,ok
ligandmpnn_scrambled,peptide_disjoint,zero_shot,nonzero,size_weighted,auc_gt_2h,0.5180167293183272,4525,4536,69,ok
ligandmpnn_scrambled,random,zero_shot,all,pooled,spearman,0.0017661697074734238,5634,5634,75,ok
ligandmpnn_scrambled,random,zero_shot,all,macro,spearman,0.04721389052916361,5633,5634,74,ok
ligandmpnn_scrambled,random,zero_shot,all,size_weighted,spearman,0.04158888167020531,5633,5634,74,ok
ligandmpnn_scrambled,random,zero_shot,all,pooled,pearson_log,-0.005549153751914627,5634,5634,75,ok
ligandmpnn_scrambled,random,zero_shot,all,macro,pearson_log,0.034782080079084024,5633,5634,74,ok
ligandmpnn_scrambled,random,zero_shot,all,size_weighted,pearson_log,0.0350238993645745,5633,5634,74,ok
ligandmpnn_scrambled,random,zero_shot,all,pooled,auc_gt_2h,0.512115983821412,5634,5634,75,ok
ligandmpnn_scrambled,random,zero_shot,all,macro,auc_gt_2h,0.5174938307684366,5552,5634,71,ok
ligandmpnn_scrambled,random,zero_shot,all,size_weighted,auc_gt_2h,0.5204591439881181,5552,5634,71,ok
ligandmpnn_scrambled,random,zero_shot,nonzero,pooled,spearman,0.029452357316026224,4508,4508,74,ok
ligandmpnn_scrambled,random,zero_shot,nonzero,macro,spearman,0.0705697812370927,4507,4508,73,ok
ligandmpnn_scrambled,random,zero_shot,nonzero,size_weighted,spearman,0.05840533854267926,4507,4508,73,ok
ligandmpnn_scrambled,random,zero_shot,nonzero,pooled,pearson_log,0.02078044223676582,4508,4508,74,ok
ligandmpnn_scrambled,random,zero_shot,nonzero,macro,pearson_log,0.054544409729105056,4507,4508,73,ok
ligandmpnn_scrambled,random,zero_shot,nonzero,size_weighted,pearson_log,0.05127124337061919,4507,4508,73,ok
ligandmpnn_scrambled,random,zero_shot,nonzero,pooled,auc_gt_2h,0.5216593891964062,4508,4508,74,ok
ligandmpnn_scrambled,random,zero_shot,nonzero,macro,auc_gt_2h,0.5195710990341217,4498,4508,71,ok
ligandmpnn_scrambled,random,zero_shot,nonzero,size_weighted,auc_gt_2h,0.5158681376312566,4498,4508,71,ok
ligandmpnn_unconditional,leave_one_allele_out,zero_shot,all,pooled,spearman,0.0699161306536529,28166,28166,75,ok
ligandmpnn_unconditional,leave_one_allele_out,zero_shot,all,macro,spearman,0.13031932500703428,28166,28166,75,ok
ligandmpnn_unconditional,leave_one_allele_out,zero_shot,all,size_weighted,spearman,0.115043574582541,28166,28166,75,ok
ligandmpnn_unconditional,leave_one_allele_out,zero_shot,all,pooled,pearson_log,0.063712067859072,28166,28166,75,ok
ligandmpnn_unconditional,leave_one_allele_out,zero_shot,all,macro,pearson_log,0.12732594190026575,28166,28166,75,ok
ligandmpnn_unconditional,leave_one_allele_out,zero_shot,all,size_weighted,pearson_log,0.11079538983764434,28166,28166,75,ok
ligandmpnn_unconditional,leave_one_allele_out,zero_shot,all,pooled,auc_gt_2h,0.540218819123429,28166,28166,75,ok
ligandmpnn_unconditional,leave_one_allele_out,zero_shot,all,macro,auc_gt_2h,0.5762503516167854,28166,28166,75,ok
ligandmpnn_unconditional,leave_one_allele_out,zero_shot,all,size_weighted,auc_gt_2h,0.5612456867826758,28166,28166,75,ok
ligandmpnn_unconditional,leave_one_allele_out,zero_shot,nonzero,pooled,spearman,0.06447883329002316,22487,22487,75,ok
ligandmpnn_unconditional,leave_one_allele_out,zero_shot,nonzero,macro,spearman,0.12175913422455006,22487,22487,75,ok
ligandmpnn_unconditional,leave_one_allele_out,zero_shot,nonzero,size_weighted,spearman,0.10321469281096585,22487,22487,75,ok
ligandmpnn_unconditional,leave_one_allele_out,zero_shot,nonzero,pooled,pearson_log,0.05919792643520054,22487,22487,75,ok
ligandmpnn_unconditional,leave_one_allele_out,zero_shot,nonzero,macro,pearson_log,0.12572898519929263,22487,22487,75,ok
ligandmpnn_unconditional,leave_one_allele_out,zero_shot,nonzero,size_weighted,pearson_log,0.10098188652481856,22487,22487,75,ok
ligandmpnn_unconditional,leave_one_allele_out,zero_shot,nonzero,pooled,auc_gt_2h,0.5363610987142297,22487,22487,75,ok
ligandmpnn_unconditional,leave_one_allele_out,zero_shot,nonzero,macro,auc_gt_2h,0.5673230968747498,22487,22487,75,ok
ligandmpnn_unconditional,leave_one_allele_out,zero_shot,nonzero,size_weighted,auc_gt_2h,0.5496965813311323,22487,22487,75,ok
ligandmpnn_unconditional,peptide_disjoint,zero_shot,all,pooled,spearman,0.06858597894040137,5670,5670,75,ok
ligandmpnn_unconditional,peptide_disjoint,zero_shot,all,macro,spearman,0.1535476212706074,5665,5670,71,ok
ligandmpnn_unconditional,peptide_disjoint,zero_shot,all,size_weighted,spearman,0.15266159972608692,5665,5670,71,ok
ligandmpnn_unconditional,peptide_disjoint,zero_shot,all,pooled,pearson_log,0.059568255994111696,5670,5670,75,ok
ligandmpnn_unconditional,peptide_disjoint,zero_shot,all,macro,pearson_log,0.15167680639096842,5665,5670,71,ok
ligandmpnn_unconditional,peptide_disjoint,zero_shot,all,size_weighted,pearson_log,0.15082472455609072,5665,5670,71,ok
ligandmpnn_unconditional,peptide_disjoint,zero_shot,all,pooled,auc_gt_2h,0.5408002231853217,5670,5670,75,ok
ligandmpnn_unconditional,peptide_disjoint,zero_shot,all,macro,auc_gt_2h,0.5856911495605751,5593,5670,69,ok
ligandmpnn_unconditional,peptide_disjoint,zero_shot,all,size_weighted,auc_gt_2h,0.5860667811971724,5593,5670,69,ok
ligandmpnn_unconditional,peptide_disjoint,zero_shot,nonzero,pooled,spearman,0.05506573709691493,4536,4536,73,ok
ligandmpnn_unconditional,peptide_disjoint,zero_shot,nonzero,macro,spearman,0.12208992283264299,4534,4536,71,ok
ligandmpnn_unconditional,peptide_disjoint,zero_shot,nonzero,size_weighted,spearman,0.13085894237263399,4534,4536,71,ok
ligandmpnn_unconditional,peptide_disjoint,zero_shot,nonzero,pooled,pearson_log,0.04660987876469623,4536,4536,73,ok
ligandmpnn_unconditional,peptide_disjoint,zero_shot,nonzero,macro,pearson_log,0.12293833423563916,4534,4536,71,ok
ligandmpnn_unconditional,peptide_disjoint,zero_shot,nonzero,size_weighted,pearson_log,0.12743668199791397,4534,4536,71,ok
ligandmpnn_unconditional,peptide_disjoint,zero_shot,nonzero,pooled,auc_gt_2h,0.5350547070625379,4536,4536,73,ok
ligandmpnn_unconditional,peptide_disjoint,zero_shot,nonzero,macro,auc_gt_2h,0.5703496975162017,4525,4536,69,ok
ligandmpnn_unconditional,peptide_disjoint,zero_shot,nonzero,size_weighted,auc_gt_2h,0.5709647883493174,4525,4536,69,ok
ligandmpnn_unconditional,random,zero_shot,all,pooled,spearman,0.08809468554218351,5634,5634,75,ok
ligandmpnn_unconditional,random,zero_shot,all,macro,spearman,0.15392613259600652,5633,5634,74,ok
ligandmpnn_unconditional,random,zero_shot,all,size_weighted,spearman,0.12941329492332893,5633,5634,74,ok
ligandmpnn_unconditional,random,zero_shot,all,pooled,pearson_log,0.08237772354281739,5634,5634,75,ok
ligandmpnn_unconditional,random,zero_shot,all,macro,pearson_log,0.14930315107320588,5633,5634,74,ok
ligandmpnn_unconditional,random,zero_shot,all,size_weighted,pearson_log,0.12939031727277797,5633,5634,74,ok
ligandmpnn_unconditional,random,zero_shot,all,pooled,auc_gt_2h,0.5467970066060156,5634,5634,75,ok
ligandmpnn_unconditional,random,zero_shot,all,macro,auc_gt_2h,0.5768521886864026,5552,5634,71,ok
ligandmpnn_unconditional,random,zero_shot,all,size_weighted,auc_gt_2h,0.5654933803076224,5552,5634,71,ok
ligandmpnn_unconditional,random,zero_shot,nonzero,pooled,spearman,0.07835462131307291,4508,4508,74,ok
ligandmpnn_unconditional,random,zero_shot,nonzero,macro,spearman,0.11963459147419742,4507,4508,73,ok
ligandmpnn_unconditional,random,zero_shot,nonzero,size_weighted,spearman,0.11014860073563086,4507,4508,73,ok
ligandmpnn_unconditional,random,zero_shot,nonzero,pooled,pearson_log,0.07485056745305632,4508,4508,74,ok
ligandmpnn_unconditional,random,zero_shot,nonzero,macro,pearson_log,0.11882606944568443,4507,4508,73,ok
ligandmpnn_unconditional,random,zero_shot,nonzero,size_weighted,pearson_log,0.10993589140363971,4507,4508,73,ok
ligandmpnn_unconditional,random,zero_shot,nonzero,pooled,auc_gt_2h,0.5404090041298815,4508,4508,74,ok
ligandmpnn_unconditional,random,zero_shot,nonzero,macro,auc_gt_2h,0.557967255261235,4498,4508,71,ok
ligandmpnn_unconditional,random,zero_shot,nonzero,size_weighted,auc_gt_2h,0.5517703414499043,4498,4508,71,ok
pwm,leave_one_allele_out,reference,all,pooled,spearman,,0,28166,75,unavailable
pwm,leave_one_allele_out,reference,all,macro,spearman,,0,28166,0,unavailable
pwm,leave_one_allele_out,reference,all,size_weighted,spearman,,0,28166,0,unavailable
pwm,leave_one_allele_out,reference,all,pooled,pearson_log,,0,28166,75,unavailable
pwm,leave_one_allele_out,reference,all,macro,pearson_log,,0,28166,0,unavailable
pwm,leave_one_allele_out,reference,all,size_weighted,pearson_log,,0,28166,0,unavailable
pwm,leave_one_allele_out,reference,all,pooled,auc_gt_2h,,0,28166,75,unavailable
pwm,leave_one_allele_out,reference,all,macro,auc_gt_2h,,0,28166,0,unavailable
pwm,leave_one_allele_out,reference,all,size_weighted,auc_gt_2h,,0,28166,0,unavailable
pwm,leave_one_allele_out,reference,nonzero,pooled,spearman,,0,22487,75,unavailable
pwm,leave_one_allele_out,reference,nonzero,macro,spearman,,0,22487,0,unavailable
pwm,leave_one_allele_out,reference,nonzero,size_weighted,spearman,,0,22487,0,unavailable
pwm,leave_one_allele_out,reference,nonzero,pooled,pearson_log,,0,22487,75,unavailable
pwm,leave_one_allele_out,reference,nonzero,macro,pearson_log,,0,22487,0,unavailable
pwm,leave_one_allele_out,reference,nonzero,size_weighted,pearson_log,,0,22487,0,unavailable
pwm,leave_one_allele_out,reference,nonzero,pooled,auc_gt_2h,,0,22487,75,unavailable
pwm,leave_one_allele_out,reference,nonzero,macro,auc_gt_2h,,0,22487,0,unavailable
pwm,leave_one_allele_out,reference,nonzero,size_weighted,auc_gt_2h,,0,22487,0,unavailable
pwm,peptide_disjoint,reference,all,pooled,spearman,0.5093171212781751,5670,5670,75,ok
pwm,peptide_disjoint,reference,all,macro,spearman,0.43643732995797246,5665,5670,71,ok
pwm,peptide_disjoint,reference,all,size_weighted,spearman,0.47503980623021597,5665,5670,71,ok
pwm,peptide_disjoint,reference,all,pooled,pearson_log,0.4966630543257974,5670,5670,75,ok
pwm,peptide_disjoint,reference,all,macro,pearson_log,0.447099462514887,5665,5670,71,ok
pwm,peptide_disjoint,reference,all,size_weighted,pearson_log,0.4790215778469246,5665,5670,71,ok
pwm,peptide_disjoint,reference,all,pooled,auc_gt_2h,0.759371058573171,5670,5670,75,ok
pwm,peptide_disjoint,reference,all,macro,auc_gt_2h,0.7452862825452712,5593,5670,69,ok
pwm,peptide_disjoint,reference,all,size_weighted,auc_gt_2h,0.7612588425543154,5593,5670,69,ok
pwm,peptide_disjoint,reference,nonzero,pooled,spearman,0.4477162604703498,4536,4536,73,ok
pwm,peptide_disjoint,reference,nonzero,macro,spearman,0.40852309851441543,4534,4536,71,ok
pwm,peptide_disjoint,reference,nonzero,size_weighted,spearman,0.44858713892962876,4534,4536,71,ok
pwm,peptide_disjoint,reference,nonzero,pooled,pearson_log,0.44872838056852343,4536,4536,73,ok
pwm,peptide_disjoint,reference,nonzero,macro,pearson_log,0.42464499329818234,4534,4536,71,ok
pwm,peptide_disjoint,reference,nonzero,size_weighted,pearson_log,0.4548168329897271,4534,4536,71,ok
pwm,peptide_disjoint,reference,nonzero,pooled,auc_gt_2h,0.7222113784468949,4536,4536,73,ok
pwm,peptide_disjoint,reference,nonzero,macro,auc_gt_2h,0.7116849414883957,4525,4536,69,ok
pwm,peptide_disjoint,reference,nonzero,size_weighted,auc_gt_2h,0.7301890845215095,4525,4536,69,ok
pwm,random,reference,all,pooled,spearman,0.5064224464195203,5634,5634,75,ok
pwm,random,reference,all,macro,spearman,0.41981014166793745,5633,5634,74,ok
pwm,random,reference,all,size_weighted,spearman,0.4509835364753434,5633,5634,74,ok
pwm,random,reference,all,pooled,pearson_log,0.49395637677302984,5634,5634,75,ok
pwm,random,reference,all,macro,pearson_log,0.42576940485140946,5633,5634,74,ok
pwm,random,reference,all,size_weighted,pearson_log,0.452833822369988,5633,5634,74,ok
pwm,random,reference,all,pooled,auc_gt_2h,0.7571817973124705,5634,5634,75,ok
pwm,random,reference,all,macro,auc_gt_2h,0.7264314700788617,5552,5634,71,ok
pwm,random,reference,all,size_weighted,auc_gt_2h,0.7385476220667883,5552,5634,71,ok
pwm,random,reference,nonzero,pooled,spearman,0.4455341071007949,4508,4508,74,ok
pwm,random,reference,nonzero,macro,spearman,0.3616176379251877,4507,4508,73,ok
pwm,random,reference,nonzero,size_weighted,spearman,0.42587639241550085,4507,4508,73,ok
pwm,random,reference,nonzero,pooled,pearson_log,0.4444257744582587,4508,4508,74,ok
pwm,random,reference,nonzero,macro,pearson_log,0.3687133057248136,4507,4508,73,ok
pwm,random,reference,nonzero,size_weighted,pearson_log,0.430492949604437,4507,4508,73,ok
pwm,random,reference,nonzero,pooled,auc_gt_2h,0.7205754552249073,4508,4508,74,ok
pwm,random,reference,nonzero,macro,auc_gt_2h,0.698596154024264,4498,4508,71,ok
pwm,random,reference,nonzero,size_weighted,auc_gt_2h,0.723743456478885,4498,4508,71,ok
